time,receiver,formation,birthTime,birthLocation,weightedInputLogOdds,spatialLogNormalizer,preEtaExistence,fusedExistence,retained,selectedForOutput,mixtureUsed,fallbackReason
70,1,1,1,1,0.1346456979,-0.156478660464,0.533610661206,0.494541976167,1,0,1,
70,1,1,1,2,2.13808974993,-0.305849098966,0.894550552616,0.86202843581,1,1,0,
70,1,1,1,3,2.20050189916,-0.265390264965,0.900294572537,0.873814121814,1,1,0,
70,1,1,1,4,3.10845609322,-0.258099777916,0.957240206117,0.945337098253,1,1,1,
70,1,1,1,5,1.72519120161,-0.395500731545,0.848796288162,0.790789430297,1,1,0,
70,1,1,1,6,1.82440680255,-0.395684048803,0.861094068666,0.806702227994,1,1,0,
70,1,1,1,7,2.48258356584,-0.462361868935,0.922911808162,0.882903931111,1,1,0,
70,1,1,1,8,1.19852569091,-0.267833575791,0.768262408284,0.717215679548,1,1,0,
70,1,1,1,9,3.14154300382,-2.27373675443e-13,0.958574196301,0.958574196301,1,1,0,
70,1,1,1,10,-1.11799313082,-1.03911557982,0.246383726895,0.103668806952,1,0,1,
70,1,1,1,11,-4.02247716674,-0.998332808548,0.017593473926,0.00655591570808,0,0,1,
70,1,1,1,12,4.73747106746,2.48689957516e-14,0.991315310994,0.991315310994,1,1,0,
70,1,1,1,13,-3.60046935029,-2.90716735518,0.0265848449882,0.00148977884661,0,0,0,
70,1,1,1,14,-3.62659368883,-2.83195352649,0.0259170934771,0.00156461880549,0,0,0,
70,1,1,1,15,-3.55835595077,-2.78191551856,0.0276966614781,0.00176071775281,0,0,0,
70,1,1,1,16,-3.76864119589,-3.0147598605,0.0225625864323,0.00113113601006,0,0,0,
70,2,1,1,1,-1.88247325106,-0.0273644128971,0.132105049027,0.128999090854,1,0,1,
70,2,1,1,2,3.33793300056,-0.00766061253774,0.96570745624,0.965452855997,1,1,0,
70,2,1,1,3,3.36797905388,-0.00885180765534,0.966688674641,0.966402451023,1,1,0,
70,2,1,1,4,3.24021789067,-0.0197653393292,0.962320011048,0.961596730014,1,1,0,
70,2,1,1,5,1.69727255726,-0.0139378041112,0.845178179413,0.843345602621,1,1,0,
70,2,1,1,6,1.76825581282,-0.0156469891525,0.854240630236,0.85228154884,1,1,0,
70,2,1,1,7,2.4455466187,-0.0152442475768,0.920235173101,0.91910901621,1,1,0,
70,2,1,1,8,1.47502941247,-0.00208916474472,0.813820628618,0.813503877898,1,1,0,
70,2,1,1,10,-1.31406353308,-0.000121469874921,0.211807662435,0.211787384335,1,0,0,
70,2,1,1,11,-4.48115095608,-0.000938902932736,0.0111936599537,0.0111832726042,1,0,0,
70,2,1,1,13,-3.57962664072,-1.16987628473e-08,0.0271295697414,0.0271295694327,1,0,0,
70,2,1,1,14,-3.60208113354,-6.73019684427e-09,0.0265431669258,0.0265431667519,1,0,0,
70,2,1,1,15,-3.7985690277,-2.13704431928e-08,0.0219119182564,0.0219119177984,1,0,0,
70,2,1,1,16,-3.74992035434,-5.05543269469e-08,0.0229791579762,0.0229791568412,1,0,0,
70,3,1,1,1,-2.06331710116,-0.0599618648937,0.11271366271,0.106854732817,1,0,1,
70,3,1,1,2,3.02128779056,-0.0447938618254,0.953526625462,0.951500832496,1,1,0,powered-gm-normalizer-exceeds-one
70,3,1,1,3,3.09467691022,-0.0349506995933,0.956672638026,0.955200582298,1,1,0,powered-gm-normalizer-exceeds-one
70,3,1,1,4,2.57828760805,-0.0319387877023,0.929451067057,0.927327841883,1,1,0,
70,3,1,1,5,3.00254731461,-0.313325894449,0.95268907341,0.936387620653,1,1,0,powered-gm-normalizer-exceeds-one
70,3,1,1,6,3.01538957095,-0.295675204521,0.953264553836,0.938179969544,1,1,0,powered-gm-normalizer-exceeds-one
70,3,1,1,7,3.7258554147,-0.212910079169,0.976474309736,0.971053867364,1,1,0,powered-gm-normalizer-exceeds-one
70,3,1,1,8,1.40064026805,-0.00352545239178,0.802285469771,0.80172565418,1,1,0,
70,3,1,1,10,-1.297062963,-2.18329478194e-05,0.214659730435,0.214656049839,1,0,0,
70,3,1,1,11,-4.45839529069,-1.50234263252e-06,0.0114483498486,0.0114483328462,1,0,0,
70,3,1,1,13,-3.57924105426,-9.98313964828e-09,0.0271397485949,0.0271397483313,1,0,0,
70,3,1,1,14,-3.60177807793,-7.2033436993e-09,0.0265509985904,0.0265509984042,1,0,0,
70,3,1,1,15,-3.7987783574,-2.97092729085e-07,0.0219074323959,0.0219074260299,1,0,0,
70,3,1,1,16,-3.74916936064,-4.45877361699e-08,0.0229960246644,0.0229960236627,1,0,0,
70,4,1,1,1,-0.321368846388,-0.590753893311,0.420342185768,0.286565655523,1,0,1,
70,4,1,1,2,2.86289392593,-0.0873805682245,0.94598137192,0.941338179358,1,1,0,powered-gm-normalizer-exceeds-one
70,4,1,1,3,2.94983834274,-0.122507816565,0.950255847512,0.944134969819,1,1,0,powered-gm-normalizer-exceeds-one
70,4,1,1,4,2.76311483351,-0.184869191627,0.940649767137,0.929448315211,1,1,0,powered-gm-normalizer-exceeds-one
70,4,1,1,5,5.08200129961,-0.146455609313,0.993830821451,0.992864739571,1,1,0,powered-gm-normalizer-exceeds-one
70,4,1,1,6,5.0048869103,-0.0882892136895,0.993339559335,0.992729244069,1,1,0,powered-gm-normalizer-exceeds-one
70,4,1,1,7,5.88443494789,-0.0808924059909,0.997225302376,0.996992225519,1,1,0,powered-gm-normalizer-exceeds-one
70,4,1,1,8,1.25591266727,-0.0316548401282,0.778321693828,0.772811979803,1,1,0,
70,4,1,1,9,-3.6915829317,-7.9936057773e-14,0.0243259963291,0.024325996329,1,0,0,
70,4,1,1,10,-1.42685360405,-0.0251006893784,0.193589402614,0.189700980558,1,0,0,
70,4,1,1,11,-4.46183200861,-3.19744231092e-14,0.0114095207648,0.0114095207648,1,0,0,
70,4,1,1,12,-3.62854909668,2.13162820728e-14,0.0258677741641,0.0258677741641,1,0,0,
70,4,1,1,13,-3.58003877711,-1.06949449119e-06,0.0271186941161,0.0271186658993,1,0,0,
70,4,1,1,14,-3.60294261122,-1.85176190115e-06,0.0265209166017,0.0265208687938,1,0,0,
70,4,1,1,15,-3.80585016842,-3.70637852853e-05,0.021756412413,0.0217556235958,1,0,0,
70,4,1,1,16,-3.75191686338,-1.20850493879e-05,0.0229343767828,0.0229341059778,1,0,0,
70,5,1,1,1,0.841905747846,-0.835323148546,0.698866436653,0.501645643883,1,0,1,
70,5,1,1,2,3.59719165826,-0.0863810266517,0.973330202854,0.970993804189,1,1,0,powered-gm-normalizer-exceeds-one
70,5,1,1,3,3.72334561265,-0.0141312173973,0.976416584981,0.976088981996,1,1,0,powered-gm-normalizer-exceeds-one
70,5,1,1,4,3.61580087158,-0.00844483712095,0.973809038922,0.973592789415,1,1,0,powered-gm-normalizer-exceeds-one
70,5,1,1,5,3.50444137149,-0.0834904532056,0.970813875865,0.968352926004,1,1,0,powered-gm-normalizer-exceeds-one
70,5,1,1,6,3.35779292059,-0.0628163967797,0.96635910016,0.964256073316,1,1,0,powered-gm-normalizer-exceeds-one
70,5,1,1,7,4.00743331927,-0.0508224492119,0.982144613235,0.981231175637,1,1,0,powered-gm-normalizer-exceeds-one
70,5,1,1,8,1.15635672762,-0.00684169614296,0.7606700831,0.759422324321,1,1,0,
70,5,1,1,9,-3.6915829317,-7.9936057773e-14,0.0243259963291,0.024325996329,1,0,0,
70,5,1,1,10,-1.6484284548,-0.0184776487067,0.161321461535,0.158837111618,1,0,0,
70,5,1,1,11,-4.52428196233,-1.7763568394e-15,0.010726198192,0.010726198192,1,0,0,
70,5,1,1,12,-3.62854909668,2.13162820728e-14,0.0258677741641,0.0258677741641,1,0,0,
70,5,1,1,13,-3.58191820362,-9.06447645832e-07,0.0270691527421,0.0270691288696,1,0,0,
70,5,1,1,14,-3.605335131,-1.75770192001e-06,0.0264592175072,0.0264591722304,1,0,0,
70,5,1,1,15,-3.8163345105,-2.94003728207e-05,0.0215343886928,0.0215337692162,1,0,0,
70,5,1,1,16,-3.75758120792,-1.12056705106e-05,0.0228077903433,0.0228075405972,1,0,0,
70,6,1,1,1,1.24350555327,-0.544093364988,0.776173617052,0.668057433861,1,1,1,
70,6,1,1,2,2.38823811985,-0.150167498005,0.915925992906,0.903616552454,1,1,0,powered-gm-normalizer-exceeds-one
70,6,1,1,3,2.42283976579,-0.0632907785153,0.918552451016,0.913690245104,1,1,0,powered-gm-normalizer-exceeds-one
70,6,1,1,4,3.27597260317,-0.0774305038984,0.963595268329,0.960779376945,1,1,0,powered-gm-normalizer-exceeds-one
70,6,1,1,5,3.35124309433,-0.00767695642265,0.966145518981,0.965893517795,1,1,0,
70,6,1,1,6,3.40614078602,-0.00721418411749,0.967895899804,0.967670972116,1,1,0,
70,6,1,1,7,3.90503815659,-0.0139261466119,0.980257432976,0.979986112832,1,1,0,
70,6,1,1,8,1.44572772589,-0.00271544649555,0.809340055898,0.808920686788,1,1,0,
70,6,1,1,10,-1.379619649,-2.24576631993e-05,0.201070092735,0.20106648514,1,0,0,
70,6,1,1,11,-4.52233806599,-3.44655198603e-07,0.0107468447919,0.0107468411278,1,0,0,
70,6,1,1,13,-3.57958155781,-1.39339064731e-08,0.027130759665,0.0271307592972,1,0,0,
70,6,1,1,14,-3.60200177538,-1.08738511528e-08,0.0265452175087,0.0265452172277,1,0,0,
70,6,1,1,15,-3.80273120083,-2.04722081065e-07,0.0218228927313,0.0218228883612,1,0,0,
70,6,1,1,16,-3.7498394613,-6.82712908429e-08,0.0229809741851,0.0229809726522,1,0,0,
70,7,2,1,1,-0.246539652845,-0.252452319978,0.438675390924,0.377777588153,1,0,1,
70,7,2,1,2,0.149099404786,-0.565326522057,0.537205950736,0.397419919388,1,0,0,powered-gm-normalizer-exceeds-one
70,7,2,1,3,0.121179220719,-0.435763766654,0.530257787775,0.421996099471,1,1,0,powered-gm-normalizer-exceeds-one
70,7,2,1,4,0.624067880676,-0.469094720083,0.651143158247,0.538665935488,1,1,0,powered-gm-normalizer-exceeds-one
70,7,2,1,5,3.81224701055,-0.0165592304676,0.978379316341,0.978026246326,1,1,1,
70,7,2,1,6,2.16838493952,-0.00821931713812,0.897374325176,0.896614902185,1,1,0,
70,7,2,1,7,2.15499914104,-0.0314744834025,0.896135004539,0.893168712937,1,1,0,
70,7,2,1,8,1.85117824396,-0.016130500113,0.864265382984,0.862361959396,1,1,0,
70,7,2,1,9,-3.79679509315,-0.0259638549616,0.021949969103,0.0213994368489,1,0,0,
70,7,2,1,10,-2.67598989058,-0.00584596046891,0.0644050921997,0.0640537274543,1,0,0,
70,7,2,1,11,-3.94956788392,-0.00864989897588,0.018898972482,0.0187392534365,1,0,0,
70,7,2,1,12,-3.69634229491,-0.00343489847837,0.0242132918147,0.0241322679351,1,0,0,
70,7,2,1,13,-3.64459029584,0,0.0254666175415,0.0254666175415,1,0,0,
70,7,2,1,14,-3.6880792133,3.5527136788e-15,0.0244092931698,0.0244092931698,1,0,0,
70,7,2,1,15,-4.09841217213,0,0.0163279825014,0.0163279825014,1,0,0,
70,7,2,1,16,-3.94175223164,0,0.0190444349696,0.0190444349696,1,0,0,
70,8,2,1,1,-0.567550392569,-0.422898688973,0.361802250896,0.270823384764,1,0,1,
70,8,2,1,2,-0.529021532578,-0.0675216529934,0.370745128923,0.355134956056,1,0,0,powered-gm-normalizer-exceeds-one
70,8,2,1,3,-0.417495936336,-0.0370501603195,0.397116105574,0.38828043608,1,0,0,powered-gm-normalizer-exceeds-one
70,8,2,1,4,0.0302528967604,-0.0599314506803,0.507562647397,0.492580906084,1,1,0,powered-gm-normalizer-exceeds-one
70,8,2,1,5,3.50833261624,-0.110109596743,0.970923929775,0.967648954097,1,1,0,
70,8,2,1,6,1.07680615261,-0.0226781560109,0.745889101683,0.741566799626,1,1,0,powered-gm-normalizer-exceeds-one
70,8,2,1,7,1.62139324169,-0.049303201387,0.83498718525,0.828081355946,1,1,0,
70,8,2,1,8,0.511370236799,-0.0117187705012,0.625127634987,0.622377420993,1,1,0,
70,8,2,1,9,-3.77861295142,-0.0048824649508,0.022343717983,0.0222373114596,1,0,0,
70,8,2,1,10,-2.83431798667,-0.00210303627228,0.0554976243598,0.0553874911593,1,0,0,
70,8,2,1,11,-4.19739794096,-0.00253481314065,0.0148119544988,0.0147750105404,1,0,0,
70,8,2,1,12,-3.71221522632,-0.00536507043309,0.0238410807336,0.0237165396016,1,0,0,
70,8,2,1,13,-3.64895687877,-1.523630241e-05,0.0253584716451,0.0253580950762,1,0,0,
70,8,2,1,14,-3.69380516869,-2.57961932881e-05,0.0242733089333,0.0242726979808,1,0,0,
70,8,2,1,15,-4.11616752975,-0.000275562723459,0.0160452424985,0.0160408925514,1,0,0,
70,8,2,1,16,-3.95381613682,-0.000133903921313,0.0188203630042,0.0188178904727,1,0,0,
70,9,2,1,1,-0.686467340833,-0.0273615188581,0.334819391074,0.328753354827,1,0,0,
70,9,2,1,2,-0.625095229756,-0.014543876034,0.348623509758,0.345328124579,1,0,0,
70,9,2,1,3,-0.588971171138,-0.0136076241083,0.356870950223,0.353753927916,1,0,0,
70,9,2,1,4,-0.13822508372,-0.01509324156,0.465498643994,0.461745325492,1,1,0,
70,9,2,1,5,3.92799063731,-0.0790234244805,0.980696765606,0.979142573929,1,1,0,
70,9,2,1,6,2.02929199717,-0.0268163460396,0.883838408394,0.881056760526,1,1,0,powered-gm-normalizer-exceeds-one
70,9,2,1,7,2.8920084298,-0.0113088886751,0.947449968235,0.946884057771,1,1,0,
70,9,2,1,8,1.06265270893,-0.0476047682214,0.74319715498,0.734006876609,1,1,0,
70,9,2,1,9,-3.71561695252,-0.00507880551121,0.0237620415369,0.0236445109451,1,0,0,
70,9,2,1,10,-2.79729994895,-0.00448955731602,0.0574702560808,0.0572275509235,1,0,0,
70,9,2,1,11,-4.30790641653,-0.00515052865578,0.0132828929484,0.0132155567132,1,0,0,
70,9,2,1,12,-3.5817564376,-0.00398694921223,0.0270734134049,0.0269685931746,1,0,0,
70,9,2,1,13,-3.66204697874,-6.69408513687e-06,0.0250369465925,0.0250367831897,1,0,0,
70,9,2,1,14,-3.71095421744,-1.12242341928e-05,0.0238704454223,0.0238701838917,1,0,0,
70,9,2,1,15,-4.16922112301,-0.000116270907668,0.0152287975251,0.0152270539224,1,0,0,
70,9,2,1,16,-3.98981443697,-5.61525292291e-05,0.018167000613,0.0181659990497,1,0,0,
70,10,2,1,1,-0.787743758584,-0.0482127921214,0.312653333392,0.302387063933,1,0,0,
70,10,2,1,2,-0.436943164794,-0.0580925500486,0.392469592448,0.37870800149,1,0,0,
70,10,2,1,3,-0.382714587741,-0.0565970388912,0.405472338712,0.391905007065,1,0,0,
70,10,2,1,4,0.0504536187669,-0.051009552444,0.512610729683,0.499861016584,1,1,0,
70,10,2,1,5,3.7672188986,-0.0502535674544,0.977406025602,0.976269217273,1,1,0,
70,10,2,1,6,2.65768636863,-0.0210480692285,0.934483158229,0.933182658027,1,1,0,
70,10,2,1,7,2.75229531345,-0.0408383026035,0.940042849692,0.937699320483,1,1,0,
70,10,2,1,8,1.21111092522,-0.00701678648666,0.770495455436,0.769252307179,1,1,0,
70,10,2,1,9,-3.64004184058,-0.00281866421322,0.0255797453971,0.025509582872,1,0,0,
70,10,2,1,10,-2.68485737795,-0.0116367314251,0.0638728227855,0.0631805478836,1,0,0,
70,10,2,1,11,-4.23114726732,-0.0027442796136,0.0143274451291,0.0142887415566,1,0,0,
70,10,2,1,12,-3.43099236302,-0.00152146152922,0.031340791534,0.0312946350943,1,0,0,
70,10,2,1,13,-3.67332254651,-1.60925611432e-05,0.0247631779419,0.0247627893101,1,0,0,
70,10,2,1,14,-3.72557713075,-2.60472055231e-05,0.023532083915,0.0235314854013,1,0,0,
70,10,2,1,15,-4.21399682885,-0.000265344898281,0.0145716748516,0.0145678651645,1,0,0,
70,10,2,1,16,-4.01993461028,-0.000126319243023,0.017637473272,0.0176352847486,1,0,0,
70,11,2,1,1,-0.554631912833,-0.204755222169,0.364790438992,0.318779340622,1,0,0,
70,11,2,1,2,0.16967721495,-0.081314135888,0.54231782365,0.52207640719,1,0,0,
70,11,2,1,3,0.169128032159,-0.0696217231984,0.542181508263,0.524856071247,1,1,0,
70,11,2,1,4,0.594600966293,-0.0616503586198,0.644420123264,0.630171031041,1,1,0,
70,11,2,1,5,3.56497777733,-0.0410288436014,0.972481104759,0.971361561327,1,1,0,
70,11,2,1,6,2.48912325913,-0.0165611683704,0.923375793677,0.922195795668,1,1,0,
70,11,2,1,7,2.37544160412,-0.022576082891,0.914935330754,0.913161725096,1,1,0,
70,11,2,1,8,1.82575526681,-0.00660936883617,0.861255281401,0.860463610004,1,1,0,
70,11,2,1,9,-3.44091758146,-0.00721822806489,0.0310408738728,0.0308245021568,1,0,0,
70,11,2,1,10,-2.46854905454,-0.00414867854075,0.0780926308207,0.0777944724565,1,0,0,
70,11,2,1,11,-3.92096763302,-0.00299357300066,0.0194366340162,0.0193796619563,1,0,0,
70,11,2,1,12,-3.28771362293,-0.00239780969711,0.0359950977991,0.0359119876275,1,0,0,
70,11,2,1,13,-3.68549259595,-2.16708260226e-06,0.0244709653622,0.0244709136294,1,0,0,
70,11,2,1,14,-3.74082825749,-2.39455058448e-06,0.0231841734639,0.0231841192354,1,0,0,
70,11,2,1,15,-4.26195969449,-3.85073506521e-05,0.0138987559541,0.0138982281984,1,0,0,
70,11,2,1,16,-4.05104082895,-1.14009546017e-05,0.0171065241326,0.0171063324392,1,0,0,
70,12,2,1,1,0.0116870486985,-0.00086513547798,0.502921728919,0.502705451901,1,0,0,
70,12,2,1,2,0.541690226179,-0.000411155972113,0.63220551975,0.632109911868,1,1,0,
70,12,2,1,3,0.461302048709,-0.000548728827004,0.613323012796,0.613192869333,1,1,0,
70,12,2,1,4,0.874589979414,-0.00115691165483,0.705699878845,0.705459545519,1,1,0,
70,12,2,1,5,3.44560719615,-0.0436037097061,0.969099867472,0.967767090559,1,1,0,powered-gm-normalizer-exceeds-one
70,12,2,1,6,2.59915887378,-0.00627726169616,0.930807426581,0.930402044846,1,1,0,
70,12,2,1,7,2.4430144398,-0.0168415081555,0.920049107199,0.918801470333,1,1,0,
70,12,2,1,8,2.48531851554,-0.00543061211524,0.923106162887,0.922719804863,1,1,0,
70,12,2,1,9,-3.46049271618,-0.110864050353,0.030457480077,0.0273486967952,1,0,0,
70,12,2,1,10,-2.37863788966,-0.0856443331645,0.0848162362862,0.0784003713661,1,0,0,
70,12,2,1,11,-3.73414286761,-0.0746077135322,0.0233360588654,0.0216947682732,1,0,0,
70,12,2,1,12,-3.41243450027,-0.0609985640152,0.0319091077842,0.0300776669621,1,0,0,
70,12,2,1,13,-3.68935878359,-3.5527136788e-15,0.0243788406849,0.0243788406849,1,0,0,
70,12,2,1,14,-3.74492838636,7.1054273576e-15,0.0230915005145,0.0230915005145,1,0,0,
70,12,2,1,15,-4.27776746158,-3.5527136788e-15,0.013683757889,0.013683757889,1,0,0,
70,12,2,1,16,-4.05934815506,-3.5527136788e-15,0.0169674045429,0.0169674045429,1,0,0,
70,13,3,1,1,-3.49511605336,-0.000229604909672,0.0294515137106,0.0294449513648,1,0,0,
70,13,3,1,2,-3.77996649077,-0.135438262082,0.022314169733,0.0195429400374,1,0,0,
70,13,3,1,3,-3.95235412001,-0.0160643271671,0.0188473798374,0.0185526005955,1,0,0,
70,13,3,1,4,-0.643709291691,-0.0024203204696,0.344408530938,0.343862249631,1,0,0,
70,13,3,1,5,-4.55376212459,-0.00853328295381,0.0104178497698,0.0103302439669,1,0,0,
70,13,3,1,6,-4.18754843349,-0.00893117071318,0.0149563730213,0.0148253613562,1,0,0,
70,13,3,1,7,-3.50857076671,-3.07254216203e-05,0.0290693478356,0.029068480644,1,0,0,
70,13,3,1,8,-4.37282382026,-0.0085040184026,0.0124583964077,0.0123542025203,1,0,0,
70,13,3,1,9,3.70202962613,-0.320482855256,0.975920719816,0.967122822295,1,1,0,powered-gm-normalizer-exceeds-one
70,13,3,1,10,3.02647362517,-0.287859891187,0.953755888741,0.939267066047,1,1,0,powered-gm-normalizer-exceeds-one
70,13,3,1,11,4.78045344266,-0.224657792193,0.991677650038,0.989603093637,1,1,0,powered-gm-normalizer-exceeds-one
70,13,3,1,12,4.06512133167,-0.270283303643,0.983128621177,0.978007976963,1,1,0,powered-gm-normalizer-exceeds-one
70,13,3,1,13,-2.71821001185,-0.48595657021,0.0619073380207,0.0390092276568,1,0,0,powered-gm-normalizer-exceeds-one
70,13,3,1,14,-2.84266299161,-0.488821842126,0.0550618180094,0.0345067273398,1,0,0,powered-gm-normalizer-exceeds-one
70,13,3,1,15,0.870632254471,-0.478259718415,0.704877239969,0.596853708346,1,1,0,
70,13,3,1,16,-2.83649439488,-0.636738253438,0.0553836524855,0.0300835142481,1,0,0,powered-gm-normalizer-exceeds-one
70,14,3,1,1,-3.50393306166,-0.000717195348869,0.0292005301831,0.0291802060937,1,0,0,
70,14,3,1,2,-3.80067659497,-0.000303222197315,0.0218667948086,0.0218603102389,1,0,0,
70,14,3,1,3,-4.03308687404,-0.000336710123886,0.0174110318284,0.0174052723653,1,0,0,
70,14,3,1,4,-0.801295060004,-0.000552918661105,0.309748561158,0.309630357158,1,0,0,
70,14,3,1,5,-4.57901259789,-2.21990174865e-05,0.0101607268677,0.0101605036038,1,0,0,
70,14,3,1,6,-4.27570295719,-0.000629941913694,0.0137116494921,0.0137031329935,1,0,0,
70,14,3,1,7,-3.50941912374,-1.16590388899e-07,0.0290454130983,0.0290454098103,1,0,0,
70,14,3,1,8,-4.39607882184,-2.17183181661e-05,0.0121755059253,0.0121752447162,1,0,0,
70,14,3,1,9,7.14809936041,-0.429776472416,0.999214260628,0.998792895451,1,1,1,
70,14,3,1,10,6.00675721142,-0.528163232614,0.997543987661,0.995842163794,1,1,1,
70,14,3,1,11,7.97355667766,-0.140552869389,0.999655666905,0.999603724215,1,1,1,
70,14,3,1,12,7.14582208358,-0.398387452721,0.999212470654,0.99882748918,1,1,0,powered-gm-normalizer-exceeds-one
70,14,3,1,13,-3.3144019319,-0.00373097535424,0.0350804094764,0.0349543356369,1,0,0,
70,14,3,1,14,-3.48774234619,-0.0048388697133,0.0296630175499,0.029524056301,1,0,0,
70,14,3,1,15,0.677188692255,-0.00532608140188,0.663110954094,0.661920103389,1,1,0,
70,14,3,1,16,-3.57549135405,-0.00247708328605,0.0272389283523,0.0271733699598,1,0,0,
70,15,3,1,1,-3.55554232782,-0.000344257925754,0.027772531869,0.0277632379966,1,0,0,
70,15,3,1,2,-3.95761672098,-0.000398199400561,0.0187503090172,0.0187429840558,1,0,0,
70,15,3,1,3,-4.16916470107,-0.000127473288494,0.0152296437013,0.0152277320131,1,0,0,
70,15,3,1,4,-0.938730113623,-0.000115722375694,0.281156925069,0.281133537277,1,0,0,
70,15,3,1,5,-4.56639039643,-6.24139207872e-07,0.0102884625632,0.0102884562078,1,0,0,
70,15,3,1,6,-4.35232967033,-0.000464932452164,0.0127130754969,0.0127072412409,1,0,0,
70,15,3,1,7,-3.5088183599,-1.68864389138e-09,0.0290623605008,0.0290623604532,1,0,0,
70,15,3,1,8,-4.38520726625,-4.47101772494e-07,0.012306956827,0.0123069513922,1,0,0,
70,15,3,1,9,6.80040833236,-0.31940427326,0.998887917654,0.998470072848,1,1,0,powered-gm-normalizer-exceeds-one
70,15,3,1,10,6.45008913803,-0.297859892784,0.998422112374,0.997875790857,1,1,0,powered-gm-normalizer-exceeds-one
70,15,3,1,11,8.82615286383,-0.141890157666,0.999853179484,0.999830800475,1,1,0,powered-gm-normalizer-exceeds-one
70,15,3,1,12,8.00901128832,-0.234169434599,0.999667657231,0.999580002559,1,1,0,powered-gm-normalizer-exceeds-one
70,15,3,1,13,-3.75145632951,-0.00920630535643,0.0229446988736,0.0227392136391,1,0,0,
70,15,3,1,14,-3.93179033672,-0.0120598994495,0.0192314349581,0.0190052801085,1,0,0,
70,15,3,1,15,0.932566276316,-0.024684649977,0.717595637161,0.712566482458,1,1,0,
70,15,3,1,16,-4.04443137248,-0.0218060642089,0.0172180102333,0.0168528762634,1,0,0,
70,16,3,1,1,-3.48757107353,-1.48779016181,0.029667947709,0.00685865773543,0,0,1,
70,16,3,1,2,-3.64989958281,-1.97713338778,0.0253351827415,0.00358633048813,0,0,0,
70,16,3,1,3,-3.8287496942,-1.85368323293,0.0212743406806,0.00339370713153,0,0,0,
70,16,3,1,4,-0.702816809054,-2.19366202937,0.331188001145,0.0523279014027,1,0,0,
70,16,3,1,5,-4.25454997757,-3.54804346545,0.0140006770667,0.000408506785405,0,0,0,
70,16,3,1,6,-4.09445424046,-3.56782925178,0.0163916741883,0.000470011397233,0,0,0,
70,16,3,1,7,-3.21204516555,-4.94615536306,0.0387149495234,0.000286295270647,0,0,0,
70,16,3,1,8,-4.08982270534,-2.58177222335,0.0164665158701,0.00126477567459,0,0,0,
70,16,3,1,9,2.62842608552,-0.0394129967194,0.93266877844,0.930151124707,1,1,0,powered-gm-normalizer-exceeds-one
70,16,3,1,10,3.55533302659,-0.261448428117,0.972221816184,0.964218419607,1,1,0,powered-gm-normalizer-exceeds-one
70,16,3,1,11,4.76716104493,-0.265714197335,0.99156722665,0.989028768029,1,1,0,powered-gm-normalizer-exceeds-one
70,16,3,1,12,4.82174849257,-0.0593255567244,0.992011633134,0.991527515768,1,1,0,powered-gm-normalizer-exceeds-one
70,16,3,1,13,-4.02806766088,-0.261829163842,0.0174971082792,0.0135210157491,1,0,0,
70,16,3,1,14,-4.12284224866,-0.256533492913,0.0159402031147,0.0123780438694,1,0,0,
70,16,3,1,15,0.823737222469,-0.255523317399,0.695029072338,0.638350941005,1,1,0,
70,16,3,1,16,-4.15700993799,-0.267302434665,0.0154130154297,0.0118405689269,1,0,0,
70,17,3,1,1,-3.53346944665,-0.000716435542023,0.0283747795825,0.0283550343768,1,0,0,
70,17,3,1,2,-3.91650436431,-0.000329233840819,0.019521881495,0.0195155807,1,0,0,
70,17,3,1,3,-4.09606290892,-0.000255025594592,0.0163657578149,0.0163616529397,1,0,0,
70,17,3,1,4,-0.826327646997,-0.000428275335596,0.30442212936,0.304331449956,1,0,0,
70,17,3,1,5,-4.5729092378,-6.32517191725e-05,0.010222295207,0.0102216552586,1,0,0,
70,17,3,1,6,-4.40057559794,0,0.0121215404882,0.0121215404882,1,0,0,
70,17,3,1,7,-3.50915152652,-3.17323472387e-07,0.0290529607666,0.0290529518153,1,0,0,
70,17,3,1,8,-4.39103585669,-6.0440819329e-05,0.0122363084437,0.0122355779424,1,0,0,
70,17,3,1,9,2.93926156316,-0.0537453685297,0.949753498983,0.94712578883,1,1,0,powered-gm-normalizer-exceeds-one
70,17,3,1,10,3.47690333054,-0.0445252073141,0.970023406191,0.96870125082,1,1,0,powered-gm-normalizer-exceeds-one
70,17,3,1,11,4.57065866277,-0.278897327441,0.989754908807,0.986503830918,1,1,0,powered-gm-normalizer-exceeds-one
70,17,3,1,12,4.33580127627,-0.106849018089,0.987077789512,0.985641523511,1,1,0,powered-gm-normalizer-exceeds-one
70,17,3,1,13,-3.8760625942,-0.00456618316591,0.0203111983678,0.0202205362099,1,0,0,
70,17,3,1,14,-3.97051839791,-0.00778377424488,0.0185144024821,0.0183734875282,1,0,0,
70,17,3,1,15,1.01379591203,-0.00243591335423,0.733762357942,0.733286218809,1,1,0,
70,17,3,1,16,-4.01501263155,-0.0036259486597,0.0177229561879,0.0176599428418,1,0,0,
70,18,3,1,1,-3.47065079502,-8.4927789775e-05,0.0301589403143,0.0301564563283,1,0,0,
70,18,3,1,2,-3.77197530062,-7.52177899059e-05,0.0224891746268,0.0224875211425,1,0,0,
70,18,3,1,3,-3.95401677795,-3.97021825194e-05,0.0188166582913,0.0188159253001,1,0,0,
70,18,3,1,4,-0.687523806225,-6.12995521223e-05,0.334584141072,0.334570493625,1,0,0,
70,18,3,1,5,-4.59274657024,-7.81597009336e-12,0.0100235228147,0.0100235228146,1,0,0,
70,18,3,1,7,-3.5100942498,-6.39488462184e-14,0.0290263793963,0.0290263793963,1,0,0,
70,18,3,1,8,-4.4080826193,-9.42534938986e-12,0.012031975299,0.0120319752989,1,0,0,
70,18,3,1,9,2.56607582214,-0.12843803635,0.928646107005,0.919652712979,1,1,0,powered-gm-normalizer-exceeds-one
70,18,3,1,10,3.26496365858,-0.0401993086876,0.963207103706,0.961755641559,1,1,0,powered-gm-normalizer-exceeds-one
70,18,3,1,11,3.27932195146,-0.0367182213932,0.963712579285,0.96240642672,1,1,0,powered-gm-normalizer-exceeds-one
70,18,3,1,12,3.54640561101,-0.0598675837235,0.97197969834,0.970302298749,1,1,0,powered-gm-normalizer-exceeds-one
70,18,3,1,13,-3.50457149549,-0.00113537710384,0.0291824373896,0.029150288411,1,0,0,
70,18,3,1,14,-3.60332302482,-0.00078087816455,0.0265110970205,0.0264909513644,1,0,0,
70,18,3,1,15,0.87856826936,-0.00517092839996,0.7065254435,0.705452121923,1,1,0,
70,18,3,1,16,-3.70523983899,-0.00125921817347,0.0240039570318,0.0239744740372,1,0,0,
70,19,4,1,1,-3.66569378423,-9.44639480238e-06,0.0249480817346,0.0249478519457,1,0,0,
70,19,4,1,2,-4.44045550757,-1.06581410364e-14,0.0116531691372,0.0116531691372,1,0,0,
70,19,4,1,3,-3.86359759634,-7.98031333105e-05,0.0205607238037,0.0205591167913,1,0,0,
70,19,4,1,4,0.0646669111253,-1.76625600545e-06,0.516161096288,0.516160655186,1,1,0,
70,19,4,1,5,-3.90289661538,-3.02207849288e-05,0.0197840544922,0.0197834684397,1,0,0,
70,19,4,1,6,-3.90177217946,-1.05048443224e-05,0.019805872058,0.0198056681222,1,0,0,
70,19,4,1,7,-3.483140066,-5.09338100585e-08,0.0297957726769,0.0297957712045,1,0,0,
70,19,4,1,8,-3.78462887057,-3.08272449772e-05,0.0222126803172,0.0222120107816,1,0,0,
70,19,4,1,9,2.13774139345,-0.0234477221306,0.894517687681,0.892284705249,1,1,0,
70,19,4,1,10,-3.74172826146,-0.0761083151785,0.0231638001177,0.0215027619056,1,0,0,
70,19,4,1,12,-3.95079241536,-0.0140484289431,0.0188762808344,0.0186178553524,1,0,0,
70,19,4,1,13,5.8217641394,-0.0349223536881,0.997046375252,0.996941726522,1,1,0,powered-gm-normalizer-exceeds-one
70,19,4,1,14,5.8614690875,-0.0216960540686,0.997161024696,0.997098937738,1,1,0,powered-gm-normalizer-exceeds-one
70,19,4,1,15,6.78834963873,-0.0259556486466,0.998874441398,0.998844878539,1,1,0,powered-gm-normalizer-exceeds-one
70,19,4,1,16,6.67818738498,-0.0327136674102,0.998743524438,0.998701795036,1,1,0,powered-gm-normalizer-exceeds-one
70,20,4,1,1,-3.67684759355,-8.91546885917e-06,0.0246781906479,0.0246779760608,1,0,0,
70,20,4,1,2,-4.44045594639,-2.09610107049e-13,0.0116531640831,0.0116531640831,1,0,0,
70,20,4,1,3,-3.84092905838,-9.57651866109e-05,0.0210222182237,0.0210202474394,1,0,0,
70,20,4,1,4,0.111204793641,-2.86242228853e-06,0.527772583489,0.527771870091,1,0,0,
70,20,4,1,5,-3.88314161427,-4.73805863628e-05,0.0201708126974,0.0201698762911,1,0,0,
70,20,4,1,6,-3.88944301999,-2.94088840214e-05,0.0200466478588,0.0200460701359,1,0,0,
70,20,4,1,7,-3.48255026962,-7.80304851844e-08,0.0298128272307,0.0298128249738,1,0,0,
70,20,4,1,8,-3.76600493595,-4.90994074163e-05,0.0226207984682,0.0226197129501,1,0,0,
70,20,4,1,9,2.13785546858,-0.0111860138374,0.894528450845,0.893468413521,1,1,0,
70,20,4,1,10,-4.38455268697,-0.0216327953252,0.0123149161031,0.0120545478486,1,0,0,
70,20,4,1,12,-4.12462677073,-0.00813126941211,0.0159122350666,0.0157854071523,1,0,0,
70,20,4,1,13,2.38179890078,-0.107719674571,0.915428807317,0.906707418676,1,1,0,powered-gm-normalizer-exceeds-one
70,20,4,1,14,2.44489231664,-0.0294499990688,0.920187132552,0.917997303138,1,1,0,powered-gm-normalizer-exceeds-one
70,20,4,1,15,2.91983798196,-0.0283849572639,0.948818431733,0.947422308561,1,1,0,powered-gm-normalizer-exceeds-one
70,20,4,1,16,3.75254855053,-0.0670385403493,0.977079774045,0.975529450349,1,1,0,powered-gm-normalizer-exceeds-one
70,21,4,1,1,-3.67980339214,-1.49896749235e-06,0.0246071468719,0.0246071108943,1,0,0,
70,21,4,1,2,-4.44045730633,-1.16173737297e-12,0.0116531484202,0.0116531484201,1,0,0,
70,21,4,1,3,-3.8136930885,-3.32164684451e-05,0.0215901155915,0.0215894139385,1,0,0,
70,21,4,1,4,0.156192497629,-2.24902241541e-06,0.538968932449,0.538968373608,1,0,0,
70,21,4,1,5,-3.86278596668,-1.83090350987e-05,0.0205770747476,0.0205767057568,1,0,0,
70,21,4,1,6,-3.87352423235,-1.6977633944e-05,0.0203617699009,0.0203614312479,1,0,0,
70,21,4,1,7,-3.48194920266,-2.85595866956e-08,0.0298302174192,0.0298302165927,1,0,0,
70,21,4,1,8,-3.74671981867,-1.87895900901e-05,0.0230511233843,0.0230507002509,1,0,0,
70,21,4,1,9,2.2935832685,-0.00144005806643,0.908344211935,0.908224249372,1,1,0,
70,21,4,1,10,-4.44783869149,-3.90798504668e-14,0.0115684401356,0.0115684401356,1,0,0,
70,21,4,1,12,-4.08241065326,-0.00801829316032,0.0165869880117,0.0164567004493,1,0,0,
70,21,4,1,13,2.71743606238,-0.0457845331386,0.938047699761,0.935332996289,1,1,0,powered-gm-normalizer-exceeds-one
70,21,4,1,14,2.71651237471,-0.0464264735566,0.937993998655,0.935238234421,1,1,0,powered-gm-normalizer-exceeds-one
70,21,4,1,15,3.26699608519,-0.0325700521825,0.963279063466,0.962109433816,1,1,0,powered-gm-normalizer-exceeds-one
70,21,4,1,16,3.56288031575,-0.0955833455606,0.972424917657,0.969742807663,1,1,0,powered-gm-normalizer-exceeds-one
70,22,4,1,1,-3.66959138833,-0.00025153115441,0.0248534452294,0.0248473499114,1,0,0,
70,22,4,1,2,-4.40582239544,-0.881811233221,0.0120588727017,0.00502829355142,0,0,0,
70,22,4,1,3,-3.81077583959,-0.0284943859471,0.0216518255876,0.0210563846146,1,0,0,
70,22,4,1,4,0.120374059618,-0.00291158767727,0.530057229776,0.529331900329,1,1,0,
70,22,4,1,5,-3.89026841425,-0.0125189448027,0.0200304395921,0.0197861733725,1,0,0,
70,22,4,1,6,-3.88433791316,-0.00376017213302,0.0201471826715,0.0200730858666,1,0,0,
70,22,4,1,7,-3.48308811234,-3.05170775476e-05,0.0297972745892,0.0297963923715,1,0,0,
70,22,4,1,8,-3.77135513674,-0.0124885608314,0.0225028119827,0.0222297401064,1,0,0,
70,22,4,1,9,2.5683845906,-0.415763956933,0.928798940491,0.895913411386,1,1,0,powered-gm-normalizer-exceeds-one
70,22,4,1,10,-1.10395676474,-0.612111901293,0.24899925024,0.152378237625,1,0,0,powered-gm-normalizer-exceeds-one
70,22,4,1,11,6.95194292712,-4.08562073062e-13,0.999044140139,0.999044140139,1,1,0,
70,22,4,1,12,-3.60475174499,-0.119904311348,0.026474249174,0.0235532579533,1,0,1,
70,22,4,1,13,3.97057604383,-0.241488816923,0.981486645009,0.976548437464,1,1,0,powered-gm-normalizer-exceeds-one
70,22,4,1,14,4.01903184458,-0.154864232528,0.982346878242,0.979450752025,1,1,0,powered-gm-normalizer-exceeds-one
70,22,4,1,15,4.04197337212,-0.174613204639,0.982740347194,0.979514910253,1,1,1,
70,22,4,1,16,4.55921474795,-0.152056218119,0.98963821326,0.987957034904,1,1,0,powered-gm-normalizer-exceeds-one
70,23,4,1,1,-3.67403885539,-1.22519284034e-05,0.0247458849964,0.0247455893159,1,0,0,
70,23,4,1,2,-4.44046113918,-1.98951966013e-13,0.011653104276,0.011653104276,1,0,0,
70,23,4,1,3,-3.81625220919,-0.000147891504014,0.0215361229039,0.0215330067076,1,0,0,
70,23,4,1,4,0.130403445642,-4.92363166238e-06,0.532554741539,0.532553515849,1,1,0,
70,23,4,1,5,-3.86464324816,-6.82425844403e-05,0.020539677041,0.0205383041953,1,0,0,
70,23,4,1,6,-3.87269711182,-4.05480014116e-05,0.0203782751601,0.0203774657161,1,0,0,
70,23,4,1,7,-3.48201397839,-1.09276431459e-07,0.0298283428424,0.0298283396801,1,0,0,
70,23,4,1,8,-3.74868431796,-7.02797102612e-05,0.0230069247407,0.023005345074,1,0,0,
70,23,4,1,9,2.38828401407,-0.000150479318895,0.915929526949,0.915917938921,1,1,0,
70,23,4,1,10,-2.45269256411,-0.000334733897567,0.0792418700141,0.0792174503994,1,0,0,
70,23,4,1,12,-4.11388730325,-0.0379393557656,0.0160812819967,0.0154918719346,1,0,0,
70,23,4,1,13,6.10859843289,-0.0593008630164,0.99778126847,0.997646035402,1,1,0,powered-gm-normalizer-exceeds-one
70,23,4,1,14,6.0974616564,-0.0563923103664,0.997756476595,0.997626632709,1,1,0,powered-gm-normalizer-exceeds-one
70,23,4,1,15,3.93309012758,-0.180007898133,0.980793065846,0.977091722683,1,1,0,powered-gm-normalizer-exceeds-one
70,23,4,1,16,8.04240202682,-0.0175123184766,0.999678567668,0.999672890922,1,1,0,powered-gm-normalizer-exceeds-one
70,24,4,1,1,-3.66526869715,-1.09975830025e-05,0.0249584243531,0.0249581567228,1,0,0,
70,24,4,1,2,-4.44045897393,-5.76250158701e-12,0.0116531292138,0.0116531292138,1,0,0,
70,24,4,1,3,-3.84908798105,-0.000103645458008,0.0208549598375,0.0208528434992,1,0,0,
70,24,4,1,4,0.077385512361,-5.31535097359e-06,0.519336729191,0.519335402341,1,1,0,
70,24,4,1,5,-3.89123494647,-5.41896401955e-05,0.0200114761162,0.0200104134299,1,0,0,
70,24,4,1,6,-3.89218981457,-3.281498795e-05,0.0199927587619,0.0199921158264,1,0,0,
70,24,4,1,7,-3.48279678787,-8.83432917931e-08,0.0298056977577,0.029805695203,1,0,0,
70,24,4,1,8,-3.7737514855,-5.47660954986e-05,0.0224501611229,0.0224489592493,1,0,0,
70,24,4,1,9,2.29788263142,-0.00503281053764,0.908701527554,0.908283130459,1,1,0,
70,24,4,1,10,-2.85276362997,-0.0122346808868,0.0545386373571,0.0539111935821,1,0,0,
70,24,4,1,12,-3.97012534744,-0.00947794026617,0.0185215461975,0.0183500354347,1,0,0,
70,24,4,1,13,4.42821131153,-0.167628573734,0.98820496338,0.986082359418,1,1,0,powered-gm-normalizer-exceeds-one
70,24,4,1,14,4.41120447968,-0.171451021224,0.988005078425,0.985793586327,1,1,0,powered-gm-normalizer-exceeds-one
70,24,4,1,15,5.41919760157,-0.0259097247801,0.995588844101,0.995473582853,1,1,0,powered-gm-normalizer-exceeds-one
70,24,4,1,16,5.28196409271,-0.0751930175807,0.994943261958,0.994550522005,1,1,0,powered-gm-normalizer-exceeds-one
84,1,1,1,1,-2.27294584625,-0.0265813107438,0.093388497089,0.0911621292399,1,0,0,
84,1,1,1,2,1.01499883684,-0.00596476731975,0.733997289421,0.732831072546,1,1,0,
84,1,1,1,3,0.933607217422,-0.0112362523826,0.717806538313,0.715524959757,1,1,0,
84,1,1,1,4,0.820514000191,-0.0632951133103,0.694345437188,0.680749619725,1,0,0,
84,1,1,1,5,4.06847122144,-0.525388319181,0.98318409508,0.971889061763,1,1,1,
84,1,1,1,6,1.1796401967,-0.20898480337,0.764883104007,0.725250112308,1,1,0,powered-gm-normalizer-exceeds-one
84,1,1,1,7,5.02162851642,-0.471155287958,0.993449413245,0.989548189301,1,1,0,powered-gm-normalizer-exceeds-one
84,1,1,1,8,2.46940503018,-0.331179574565,0.921968972185,0.894563353028,1,1,0,powered-gm-normalizer-exceeds-one
84,1,1,1,9,-2.93475633043,-0.191603426907,0.0504619349454,0.0420329415828,1,0,1,
84,1,1,1,10,-2.11431583058,-0.234974328057,0.107713164983,0.0871222109518,1,0,1,
84,1,1,1,11,-3.76317838598,-1.66666947309,0.0226833753338,0.00436462920293,0,0,1,
84,1,1,1,12,-2.84572604932,-0.192271152698,0.0549026641039,0.0457385064109,1,0,1,
84,1,1,1,13,-3.74026384359,-3.14203812021,0.0231969589985,0.0010247288704,0,0,0,
84,1,1,1,14,-3.76927024537,-3.12440865667,0.022548717845,0.00101314840492,0,0,0,
84,1,1,1,15,-3.79015733143,-3.0642901362,0.0220929227797,0.00105364292613,0,0,0,
84,1,1,1,16,-3.93056159787,-3.08905644148,0.0192546246189,0.00089336814395,0,0,0,
84,2,1,1,1,-2.03134500473,-0.0115405105079,0.11595097931,0.114773236674,1,0,0,
84,2,1,1,2,1.39269240888,-0.00779722940447,0.801021723046,0.799776036963,1,1,0,
84,2,1,1,3,1.24803930231,-0.00750689241493,0.776960270491,0.77565667432,1,1,0,
84,2,1,1,4,0.966493144449,-0.0107182777718,0.724419955547,0.722275066064,1,1,0,
84,2,1,1,5,6.61952496352,-3.78247524976,0.998667712833,0.944645392574,1,1,1,
84,2,1,1,6,2.05361314542,-3.05753018539,0.886312198163,0.268171981946,1,0,1,
84,2,1,1,7,9.62279742596,-0.114796492646,0.99993380222,0.999925750179,1,1,1,
84,2,1,1,8,3.58745389373,-0.196886941965,0.97307625643,0.96740842506,1,1,1,
84,2,1,1,9,-3.33043061376,-0.035608840136,0.0345418669872,0.0333738403072,1,0,0,
84,2,1,1,10,-2.34220477513,-0.0360127632596,0.0876873761545,0.0848488706736,1,0,0,
84,2,1,1,12,-3.44646713138,-0.0320697383701,0.0308743918828,0.0299291302125,1,0,0,
84,2,1,1,13,-3.7268097077,-8.28066134773e-07,0.0235037779885,0.0235037589833,1,0,0,
84,2,1,1,14,-3.75011542527,-1.43206816006e-06,0.0229747788234,0.0229747466778,1,0,0,
84,2,1,1,15,-3.95652134373,-2.30877367571e-05,0.0187704732003,0.0187700479718,1,0,0,
84,2,1,1,16,-3.90244033823,-9.08513011311e-06,0.0197929048524,0.0197927285912,1,0,0,
84,3,1,1,1,-1.57312433259,-0.00344095311822,0.171771449452,0.171282471495,1,0,0,
84,3,1,1,2,1.33951501223,-0.0112808325823,0.792410174065,0.790548397387,1,1,0,
84,3,1,1,3,1.2906806214,-0.0123661758718,0.78426236913,0.782162721166,1,1,0,
84,3,1,1,4,1.07307703858,-0.00571041276869,0.745181642934,0.744095798385,1,1,0,
84,3,1,1,5,8.60078487081,-0.105334822884,0.999816072484,0.99979564552,1,1,0,powered-gm-normalizer-exceeds-one
84,3,1,1,6,8.31836231074,-0.214628619653,0.999756064394,0.999697683493,1,1,0,powered-gm-normalizer-exceeds-one
84,3,1,1,7,8.31407008058,-0.183697425269,0.999755015373,0.999705628231,1,1,1,
84,3,1,1,8,6.86149888878,-0.748298172734,0.998953752875,0.997791433739,1,1,1,
84,3,1,1,9,-2.76545738632,-0.0313948766841,0.0592195882501,0.0574945108806,1,0,0,
84,3,1,1,10,-2.40449380581,-0.0226286070336,0.0828306625894,0.0811277214712,1,0,0,
84,3,1,1,12,-2.85685584287,-0.0184009641014,0.0543280100288,0.053390349333,1,0,0,
84,3,1,1,13,-3.72438938725,-2.83938916823e-09,0.0235593917221,0.0235593916568,1,0,0,
84,3,1,1,14,-3.74691355467,-5.2530495509e-09,0.0230467608975,0.0230467607792,1,0,0,
84,3,1,1,15,-3.94451038505,-1.02481184427e-07,0.0189929761477,0.0189929742383,1,0,0,
84,3,1,1,16,-3.89500273759,-3.37233352354e-08,0.0199377193769,0.0199377187179,1,0,0,
84,4,1,1,1,-0.903420102146,-1.19566314537,0.288348172723,0.109185956619,1,0,0,powered-gm-normalizer-exceeds-one
84,4,1,1,2,1.24004788785,-0.980306419837,0.775572349732,0.564572737852,1,1,0,powered-gm-normalizer-exceeds-one
84,4,1,1,3,1.13824894243,-0.173360370298,0.75735799768,0.724099510334,1,1,1,
84,4,1,1,4,1.57359132573,-1.49898823075,0.82829497762,0.518642128294,1,0,0,powered-gm-normalizer-exceeds-one
84,4,1,1,5,3.57976544739,-0.345514924116,0.97287409362,0.962103035112,1,1,1,
84,4,1,1,6,4.19498058088,-0.387582937899,0.985152728623,0.978276498235,1,1,0,powered-gm-normalizer-exceeds-one
84,4,1,1,7,3.72479846584,-0.488256633417,0.97645001703,0.962186489643,1,1,0,powered-gm-normalizer-exceeds-one
84,4,1,1,8,0.476258543494,-0.970416168736,0.616863995938,0.37891462765,1,0,1,
84,4,1,1,9,-2.52052396356,-0.0383669393595,0.0744318403539,0.0718314525398,1,0,0,
84,4,1,1,10,-2.77390052226,-0.0315009962703,0.058750945822,0.0570329850013,1,0,0,
84,4,1,1,11,-4.23539710428,-4.75545667769e-05,0.0142675519229,0.0142668831314,1,0,0,
84,4,1,1,12,-2.12900070383,-0.0353612560623,0.106309895563,0.102996758409,1,0,0,
84,4,1,1,13,-3.72997975151,-9.10977621409e-05,0.0234311309974,0.0234290465786,1,0,0,
84,4,1,1,14,-3.75430127413,-0.000156110315643,0.0228810067089,0.0228775167378,1,0,0,
84,4,1,1,15,-3.9706243173,-0.00215103353287,0.0185124778534,0.0184734345294,1,0,0,
84,4,1,1,16,-3.91154906599,-0.000912778042704,0.0196169559278,0.0195994089562,1,0,0,
84,5,1,1,1,-1.74557051321,-0.0227807801985,0.14860675719,0.145747481537,1,0,0,powered-gm-normalizer-exceeds-one
84,5,1,1,2,0.582600695535,-0.0407834851652,0.641665606542,0.632235045834,1,1,0,powered-gm-normalizer-exceeds-one
84,5,1,1,3,0.294016827749,-0.00715064262747,0.57297923324,0.571228750652,1,0,0,
84,5,1,1,4,0.760309529614,-0.0307792212874,0.681420932246,0.674702193516,1,1,0,powered-gm-normalizer-exceeds-one
84,5,1,1,5,3.45182843653,-0.157169136142,0.969285621769,0.964245138189,1,1,1,
84,5,1,1,6,5.04436608098,-0.352920677209,0.993595733962,0.990909969367,1,1,0,powered-gm-normalizer-exceeds-one
84,5,1,1,7,6.00362703118,-0.0376484266384,0.997536306825,0.997442026295,1,1,0,powered-gm-normalizer-exceeds-one
84,5,1,1,8,-0.860039085418,-0.869508201719,0.297331179656,0.150645495843,1,0,1,
84,5,1,1,9,-2.45838842912,-0.00366502697743,0.0788272796368,0.0785615595206,1,0,0,
84,5,1,1,10,-2.82844017328,-0.00631385228293,0.0558065316477,0.0554747726602,1,0,0,
84,5,1,1,11,-4.24360696653,-0.000313710148703,0.0141525477706,0.0141481714742,1,0,0,
84,5,1,1,12,-2.05959866105,-0.00582155114601,0.113086077162,0.112503503316,1,0,0,
84,5,1,1,13,-3.73051498226,-2.52997978123e-09,0.0234188869104,0.0234188868525,1,0,0,
84,5,1,1,14,-3.75505046039,-4.72450523148e-09,0.0228642627883,0.0228642626827,1,0,0,
84,5,1,1,15,-3.97517757201,-7.03677862646e-08,0.0184299274017,0.0184299261287,1,0,0,
84,5,1,1,16,-3.91383981486,-2.8328095425e-08,0.0195729483922,0.0195729478486,1,0,0,
84,6,1,1,1,-2.48876849393,-0.0331537945145,0.0766493107732,0.0743355646255,1,0,0,
84,6,1,1,2,0.410727906818,-0.006715610672,0.601262404399,0.599651274527,1,0,0,
84,6,1,1,3,0.624673613719,-0.0759929730206,0.651280741388,0.633829435432,1,1,0,
84,6,1,1,4,0.589629220246,-0.0538991444384,0.64328006708,0.630818566685,1,1,0,
84,6,1,1,5,2.79181601125,-2.1135336559,0.942231971241,0.663355229161,1,1,1,
84,6,1,1,6,2.03354473051,-0.0651665111329,0.884274316129,0.877436811264,1,1,0,powered-gm-normalizer-exceeds-one
84,6,1,1,7,5.87947620086,-0.200268409518,0.997211547644,0.996595367358,1,1,0,powered-gm-normalizer-exceeds-one
84,6,1,1,8,1.17138631604,-0.0760443273423,0.763395507447,0.74938631757,1,1,0,powered-gm-normalizer-exceeds-one
84,6,1,1,9,-2.89385711282,-0.00966818421677,0.0524580646629,0.0519795699434,1,0,0,
84,6,1,1,10,-2.62373784613,-0.0111389910406,0.067626230214,0.0669272578903,1,0,0,
84,6,1,1,11,-4.34948699708,-0.00266061340626,0.0127488046451,0.0127153608153,1,0,0,
84,6,1,1,12,-2.5796881066,-0.00940427804985,0.0704571549737,0.0698437236171,1,0,0,
84,6,1,1,13,-3.73004595819,-8.00511799071e-08,0.0234296160965,0.0234296142649,1,0,0,
84,6,1,1,14,-3.75441866553,-1.40622478995e-07,0.0228783822817,0.022878379138,1,0,0,
84,6,1,1,15,-3.97281313894,-2.28817209091e-06,0.0184727493618,0.0184727078738,1,0,0,
84,6,1,1,16,-3.91239274593,-8.74356032909e-07,0.019600736739,0.0196007199369,1,0,0,
84,7,2,1,1,4.76257761084,-0.611457782716,0.991528815048,0.984497343877,1,1,1,
84,7,2,1,2,1.44818464754,-0.329023243027,0.809718892241,0.753833132468,1,1,1,
84,7,2,1,3,1.63526120164,-0.912106245563,0.836889096519,0.673301381201,1,1,1,
84,7,2,1,4,5.18434731348,-2.81933332205,0.994427632467,0.914120244194,1,1,1,
84,7,2,1,5,1.55186949363,-0.153441251109,0.825183580804,0.801934355917,1,1,0,
84,7,2,1,6,0.912961467699,-0.190393531812,0.713605788177,0.673172243214,1,1,0,
84,7,2,1,7,1.0249535134,-0.49571595174,0.735936360098,0.62930526778,1,0,0,
84,7,2,1,8,0.472998954663,-0.212026171169,0.616093322677,0.564875408479,1,0,0,
84,7,2,1,9,-3.93558663439,-0.0055397017589,0.0191599612952,0.0190561313097,1,0,0,
84,7,2,1,10,-2.88152326773,-0.00221942586303,0.0530745284441,0.0529630959537,1,0,0,
84,7,2,1,11,-4.31970127438,-0.000161031735153,0.0131291883061,0.0131271020117,1,0,0,
84,7,2,1,12,-3.78019623919,-0.00369316211051,0.0223091580347,0.0222287467311,1,0,0,
84,7,2,1,13,-3.80415364739,-9.20719962494e-08,0.021792548901,0.0217925469382,1,0,0,
84,7,2,1,14,-3.85202684363,-1.63892313054e-07,0.0207950326031,0.0207950292659,1,0,0,
84,7,2,1,15,-4.30442941438,-1.80043710074e-06,0.0133285413355,0.0133285176582,1,0,0,
84,7,2,1,16,-4.12697751057,-8.70052858204e-07,0.0158754666052,0.015875453012,1,0,0,
84,8,2,1,1,7.46442391422,-0.283399999273,0.99942721313,0.999239690153,1,1,1,
84,8,2,1,2,3.17579716923,-0.527110641241,0.959913254202,0.933929989206,1,1,1,
84,8,2,1,3,4.0858286672,-1.31173423918,0.983468674127,0.941259776108,1,1,1,
84,8,2,1,4,8.43505945218,-0.0907250414193,0.999782926933,0.999762316861,1,1,0,powered-gm-normalizer-exceeds-one
84,8,2,1,5,1.08146466728,-0.0335142274281,0.746771057941,0.740381133199,1,1,0,
84,8,2,1,6,0.563593986033,-0.0198257469064,0.637283710793,0.632688569974,1,1,0,
84,8,2,1,7,0.514953580452,-0.0903164941327,0.625966989514,0.604592329702,1,1,0,
84,8,2,1,8,0.0453410906279,-0.00498257573254,0.511333331121,0.51008825944,1,0,0,
84,8,2,1,9,-3.96979655464,-0.0020891469267,0.0185275241033,0.0184895727107,1,0,0,
84,8,2,1,10,-2.90901880388,-0.00117954697483,0.0517095279005,0.0516517186198,1,0,0,
84,8,2,1,11,-4.29163997182,-3.80070785422e-05,0.0134977850139,0.0134972789364,1,0,0,
84,8,2,1,12,-3.77807529869,-0.00212759397117,0.0223554657419,0.0223090129131,1,0,0,
84,8,2,1,13,-3.80426830681,-7.56240901012e-07,0.0217901047674,0.0217900886479,1,0,0,
84,8,2,1,14,-3.85210222452,-1.19371073737e-06,0.0207934977077,0.0207934734024,1,0,0,
84,8,2,1,15,-4.30472014506,-1.3147419331e-05,0.0133247185089,0.0133245456586,1,0,0,
84,8,2,1,16,-4.12706193658,-5.95327040642e-06,0.0158741476347,0.015874054632,1,0,0,
84,9,2,1,1,3.66961703012,-0.388466539345,0.975147176211,0.96377647029,1,1,0,powered-gm-normalizer-exceeds-one
84,9,2,1,2,1.4177332519,-0.939353607844,0.804982815851,0.617365178376,1,1,1,
84,9,2,1,3,3.48996835445,-0.627576871132,0.970400986882,0.94595569104,1,1,1,
84,9,2,1,4,4.59750144582,-0.0223442395901,0.990023550303,0.989800424264,1,1,0,powered-gm-normalizer-exceeds-one
84,9,2,1,5,1.54425519868,-0.0046691519576,0.824082454705,0.823404540538,1,1,0,
84,9,2,1,6,1.03058361747,-0.00736939862287,0.737029026608,0.735598217295,1,1,0,
84,9,2,1,7,1.1009084932,-0.0418495689322,0.750430291152,0.742510663438,1,1,0,
84,9,2,1,8,0.453646978368,-0.0976937439186,0.611505985039,0.588060474466,1,0,0,
84,9,2,1,9,-3.93051193296,-0.00105429934867,0.0192555625076,0.0192356623784,1,0,0,
84,9,2,1,10,-2.83694823046,-0.000170785967587,0.0553599142757,0.0553509836685,1,0,0,
84,9,2,1,11,-4.25014003425,-0.000109855644411,0.0140616854826,0.0140601625303,1,0,0,
84,9,2,1,12,-3.75765047958,-0.000924685083474,0.0228062464956,0.0227856479421,1,0,0,
84,9,2,1,13,-3.80674290585,-3.36515881827e-09,0.0217374203286,0.0217374202571,1,0,0,
84,9,2,1,14,-3.85522952393,-3.35033334409e-09,0.0207299176979,0.0207299176299,1,0,0,
84,9,2,1,15,-4.31494307035,-9.72461364768e-08,0.0131909825023,0.0131909812365,1,0,0,
84,9,2,1,16,-4.13360250928,-1.94805345188e-08,0.0157722926505,0.0157722923481,1,0,0,
84,10,2,1,1,3.92961954607,-1.11005234545,0.980727577725,0.943724085326,1,1,1,
84,10,2,1,2,3.01511719711,-1.00820045255,0.953252417745,0.881521381177,1,1,1,
84,10,2,1,3,3.23260857915,-1.08035809219,0.962043123096,0.895878889196,1,1,1,
84,10,2,1,4,5.13125314355,-1.73940573064,0.994125562122,0.967448773032,1,1,1,
84,10,2,1,5,1.66987627423,-0.00662319994483,0.841559324601,0.840674206388,1,1,0,
84,10,2,1,6,0.909957614145,-0.0635370154293,0.712991489217,0.699815742732,1,1,0,
84,10,2,1,7,0.855740409029,-0.0224488741492,0.701769936147,0.697050457412,1,1,0,
84,10,2,1,8,0.547881546541,-0.012047897693,0.633643954097,0.630842687122,1,0,0,
84,10,2,1,9,-3.90885714826,-4.47177420586e-05,0.0196687942456,0.0196679320196,1,0,0,
84,10,2,1,10,-2.81696882434,-0.000107646254325,0.0564140708851,0.0564083409846,1,0,0,
84,10,2,1,11,-4.23787258999,-0.000187418966268,0.0142327785495,0.0142301492621,1,0,0,
84,10,2,1,12,-3.75735156226,-4.31890290997e-05,0.0228129091536,0.0228119463829,1,0,0,
84,10,2,1,13,-3.80611572043,-4.39604825431e-07,0.0217507613684,0.0217507520147,1,0,0,
84,10,2,1,14,-3.85437682017,-7.10307109131e-07,0.0207472348207,0.0207472203896,1,0,0,
84,10,2,1,15,-4.31262628758,-7.20772298379e-06,0.013221174056,0.0132210800217,1,0,0,
84,10,2,1,16,-4.13186009826,-3.48439559517e-06,0.0157993638496,0.0157993096682,1,0,0,
84,11,2,1,1,4.01067654538,-1.48301173476,0.982201399457,0.926058612506,1,1,1,
84,11,2,1,2,3.57490756688,-2.54500798951,0.972745598787,0.736896426349,1,1,1,
84,11,2,1,3,3.86391692775,-2.06528740865,0.979445705901,0.857982025463,1,1,1,
84,11,2,1,4,7.63074248045,-0.949203152919,0.999514935004,0.998747723756,1,1,1,
84,11,2,1,5,1.82259772618,-0.00105961067519,0.860877541712,0.860750586362,1,1,0,
84,11,2,1,6,1.11113587811,-0.000581324291414,0.752340813579,0.752232482957,1,1,0,
84,11,2,1,7,1.08199008349,-0.000464135556301,0.746870403388,0.746782646185,1,1,0,
84,11,2,1,8,0.683794132663,-0.000674197539528,0.664584981737,0.664434678489,1,0,0,
84,11,2,1,9,-3.92386236288,-0.000146618681873,0.0193815404693,0.0193787540462,1,0,0,
84,11,2,1,10,-2.83726016819,-2.6619516186e-05,0.0553436036937,0.0553422120236,1,0,0,
84,11,2,1,11,-4.26594193849,-2.52434853003e-05,0.0138442825085,0.0138439378731,1,0,0,
84,11,2,1,12,-3.78005315241,-0.000255206982716,0.0223122791794,0.0223067126603,1,0,0,
84,11,2,1,13,-3.80369129984,-2.45683153821e-07,0.0218024072363,0.0218024019966,1,0,0,
84,11,2,1,14,-3.85128135763,-3.71973072788e-07,0.02081021806,0.0208102104803,1,0,0,
84,11,2,1,15,-4.30285741972,-4.30215831315e-06,0.0133492302902,0.0133491736265,1,0,0,
84,11,2,1,16,-4.12543232257,-1.84600412823e-06,0.0158996258191,0.015899596935,1,0,0,
84,12,2,1,1,1.69596628786,-1.68815278632,0.845007174338,0.501953365447,1,0,1,
84,12,2,1,2,2.81353278927,-0.733364186519,0.943402744708,0.888960677088,1,1,1,
84,12,2,1,3,2.94685683586,-0.859838798021,0.950114723314,0.889634982934,1,1,1,
84,12,2,1,4,7.21976715806,-0.698064490855,0.999268562559,0.998530999069,1,1,1,
84,12,2,1,5,1.80617220442,-0.00571160538997,0.858898613875,0.858204994267,1,1,0,
84,12,2,1,6,1.11358606316,-0.00305631268206,0.75279705982,0.752227860112,1,1,0,
84,12,2,1,7,1.19941136261,-0.00224861168089,0.768420051629,0.768019668169,1,1,0,
84,12,2,1,8,0.662774944245,-0.00213397918094,0.659883465422,0.659404357661,1,1,0,
84,12,2,1,9,-3.93064882199,-0.000149236409825,0.0192529775578,0.0192501598332,1,0,0,
84,12,2,1,10,-2.85671442171,-0.000190265651701,0.0543352762078,0.0543255006256,1,0,0,
84,12,2,1,11,-4.30543007002,-8.88886082411e-05,0.0133153882285,0.0133142204526,1,0,0,
84,12,2,1,12,-3.78955112326,-5.40658145489e-05,0.0221060235964,0.0221048548671,1,0,0,
84,12,2,1,13,-3.80296770199,-2.9944787272e-07,0.0218178447937,0.021817838403,1,0,0,
84,12,2,1,14,-3.85044141419,-5.24411063907e-07,0.0208273406064,0.0208273299118,1,0,0,
84,12,2,1,15,-4.29979062826,-4.94644714166e-06,0.0133896834303,0.0133896180859,1,0,0,
84,12,2,1,16,-4.12368711553,-2.62318632593e-06,0.0159269558559,0.015926914742,1,0,0,
84,13,3,1,1,-3.67751493898,-1.83297988343e-07,0.0246621332864,0.0246621288773,1,0,0,
84,13,3,1,2,-4.03758082816,-4.35716884795e-08,0.0173343162702,0.017334315528,1,0,0,
84,13,3,1,3,-4.20960813222,-6.99909435724e-05,0.0146348280839,0.0146338188033,1,0,0,
84,13,3,1,4,-2.37023203926,-0.00317302032339,0.0854710001771,0.0852233047998,1,0,0,
84,13,3,1,5,-4.46837570847,3.5527136788e-15,0.0113359476156,0.0113359476156,1,0,0,
84,13,3,1,6,-4.48188555582,-4.80829148017e-05,0.0111855320569,0.0111850002524,1,0,0,
84,13,3,1,7,-3.65207625412,-3.13558096821e-07,0.0252814890164,0.0252814812896,1,0,0,
84,13,3,1,8,-4.5018835317,-5.91388238078e-05,0.0109664945826,0.0109658531679,1,0,0,
84,13,3,1,9,6.43541697666,-0.231158161965,0.998398828022,0.997983269376,1,1,0,powered-gm-normalizer-exceeds-one
84,13,3,1,10,5.23841750675,-0.0469833850809,0.994719381863,0.99446676543,1,1,0,powered-gm-normalizer-exceeds-one
84,13,3,1,11,6.65485152243,-0.0960477918036,0.998713896859,0.998584426185,1,1,0,powered-gm-normalizer-exceeds-one
84,13,3,1,12,5.76343227536,-0.177697352574,0.996869516049,0.996263025295,1,1,0,powered-gm-normalizer-exceeds-one
84,13,3,1,13,-4.18893526145,-0.120263411773,0.0149359550667,0.0132659666891,1,0,0,
84,13,3,1,14,-4.22137313002,-3.37507799486e-14,0.0144661344104,0.0144661344104,1,0,0,
84,13,3,1,15,-0.329613078187,-0.113492693039,0.418334770173,0.391001175475,1,0,0,powered-gm-normalizer-exceeds-one
84,13,3,1,16,-4.07274857691,-0.152939445547,0.0167453328075,0.0144047462747,1,0,0,powered-gm-normalizer-exceeds-one
84,14,3,1,1,-3.6821252643,-1.987979239e-06,0.0245514796138,0.0245514320044,1,0,0,
84,14,3,1,2,-4.03569910866,-7.44815995546e-07,0.0173663983037,0.0173663855936,1,0,0,
84,14,3,1,3,-4.20398793359,-2.34886627837e-06,0.0147160964745,0.0147160624171,1,0,0,
84,14,3,1,4,-2.40786097572,-0.00285445699441,0.0825752186118,0.0823592322913,1,0,0,
84,14,3,1,5,-2.94011296396,-2.77644220172,0.0502058862011,0.0032802331049,0,0,0,
84,14,3,1,6,-4.46023760784,-8.15154253075e-06,0.0114275185756,0.0114274264885,1,0,0,
84,14,3,1,7,-3.6510615277,-2.72290634484e-09,0.0253065062941,0.025306506227,1,0,0,
84,14,3,1,8,-4.48242852574,-5.52672076992e-07,0.0111795281774,0.0111795220679,1,0,0,
84,14,3,1,9,4.3430532696,-0.17946375024,0.987169964341,0.984686515007,1,1,0,powered-gm-normalizer-exceeds-one
84,14,3,1,10,3.2069289726,-0.0308295078202,0.961094195711,0.959924884857,1,1,0,powered-gm-normalizer-exceeds-one
84,14,3,1,11,3.90787858441,-0.214329929755,0.980312328281,0.975720615017,1,1,1,
84,14,3,1,12,3.84725442099,-0.0275019096004,0.979107565898,0.97853751318,1,1,0,powered-gm-normalizer-exceeds-one
84,14,3,1,13,-4.38175692971,-0.000878655684454,0.0123489680286,0.0123382561205,1,0,0,
84,14,3,1,14,-4.23494809832,5.68434188608e-14,0.0142738681152,0.0142738681152,1,0,0,
84,14,3,1,15,-0.482160438303,-0.00479628970923,0.381742099128,0.380610746353,1,0,0,powered-gm-normalizer-exceeds-one
84,14,3,1,16,-4.13443413531,-0.00780313975623,0.0157593880784,0.0156388095748,1,0,0,powered-gm-normalizer-exceeds-one
84,15,3,1,1,-3.67830845266,-5.78697243014e-06,0.0246430533754,0.0246429142814,1,0,0,
84,15,3,1,2,-4.03331790571,-1.5624283769e-06,0.0174070798052,0.0174070530813,1,0,0,
84,15,3,1,3,-4.19648721066,-8.83166275756e-06,0.0148252502599,0.0148251212699,1,0,0,
84,15,3,1,4,-2.33640510818,-0.00064840516832,0.0881524504695,0.0881003445436,1,0,0,
84,15,3,1,5,0.607752184482,-2.54462820948e-06,0.647427874618,0.647427293768,1,1,0,
84,15,3,1,6,-4.44836093476,-2.14491761525e-05,0.0115624700097,0.0115622248743,1,0,0,
84,15,3,1,7,-3.65123821522,-1.38885631884e-08,0.0253021484699,0.0253021481274,1,0,0,
84,15,3,1,8,-4.48588069787,-2.67048116953e-06,0.0111414303083,0.0111414008868,1,0,0,
84,15,3,1,9,4.95098400218,-0.0645728814317,0.992973281898,0.992508087983,1,1,0,powered-gm-normalizer-exceeds-one
84,15,3,1,10,4.15531956148,-0.0739878260246,0.984561311315,0.98339540365,1,1,0,powered-gm-normalizer-exceeds-one
84,15,3,1,11,5.02282622582,-0.0907386770885,0.993457202946,0.992840199088,1,1,0,powered-gm-normalizer-exceeds-one
84,15,3,1,12,4.64615393004,-0.186896374725,0.990492806962,0.988561404536,1,1,0,powered-gm-normalizer-exceeds-one
84,15,3,1,13,-4.12586608941,-0.0286689512377,0.0158928401691,0.0154506181993,1,0,0,
84,15,3,1,14,-4.25526263782,-0.029412667139,0.0139908424422,0.0135908386156,1,0,0,
84,15,3,1,15,-0.470197760222,-0.00523902776269,0.384569437485,0.383330238707,1,0,0,
84,15,3,1,16,-4.22968402294,-0.0098167931353,0.0143481240061,0.0142099522604,1,0,0,
84,16,3,1,1,-3.57641484782,-1.63521638896,0.0272144692469,0.00542320019494,0,0,0,
84,16,3,1,2,-3.67181072692,-1.69423706147,0.0247997145725,0.00465083052559,0,0,0,
84,16,3,1,3,-3.82862524239,-1.6196000839,0.0212769321387,0.00428549151807,0,0,0,
84,16,3,1,4,-2.06560281417,-0.196689308358,0.112485272445,0.0942944327063,1,0,0,
84,16,3,1,5,0.502215044837,-0.872551532868,0.622979733588,0.408459716699,1,1,1,
84,16,3,1,6,-4.23983011433,-5.13829833714,0.0142053401786,8.45461514916e-05,0,0,1,
84,16,3,1,7,-2.79106141914,-5.73217810291,0.057809115583,0.000198754870975,0,0,1,
84,16,3,1,8,-4.11428790871,-4.66472959135,0.0160749445757,0.000153905555838,0,0,1,
84,16,3,1,9,3.72957458635,-0.291834525794,0.976559596177,0.968863412211,1,1,0,powered-gm-normalizer-exceeds-one
84,16,3,1,10,3.03432975637,-0.0401828447831,0.954101155499,0.952309002292,1,1,1,
84,16,3,1,11,4.76230059271,-0.170170364022,0.991526487938,0.989970359349,1,1,0,powered-gm-normalizer-exceeds-one
84,16,3,1,12,3.5510717957,-0.165337360912,0.972106503148,0.967255714232,1,1,0,powered-gm-normalizer-exceeds-one
84,16,3,1,13,-4.09986722419,-0.280245051632,0.0163046287977,0.012369043098,1,0,0,
84,16,3,1,14,-4.21953182117,-0.279276354967,0.0144924091854,0.0109999008132,1,0,0,
84,16,3,1,15,-0.480059901891,-0.283447221285,0.382237980371,0.317885316578,1,0,0,
84,16,3,1,16,-4.1609691898,-0.288123380631,0.0153530471181,0.0115541112946,1,0,0,
84,17,3,1,1,-3.67564163593,0,0.0247072337005,0.0247072337005,1,0,0,
84,17,3,1,2,-4.03803523701,0,0.017326577641,0.017326577641,1,0,0,
84,17,3,1,3,-4.21115943671,-3.5527136788e-15,0.0146124741008,0.0146124741008,1,0,0,
84,17,3,1,4,-2.18963677522,-0.000481948147856,0.100684977895,0.100641347086,1,0,0,
84,17,3,1,5,-0.712525859367,-0.0109070487545,0.329040958019,0.326637481569,1,0,0,
84,17,3,1,6,-4.48886373443,0,0.0111086131841,0.0111086131841,1,0,0,
84,17,3,1,7,-3.65244826801,0,0.0252723233443,0.0252723233443,1,0,0,
84,17,3,1,8,-4.5090257324,-3.5527136788e-15,0.0108892985834,0.0108892985834,1,0,0,
84,17,3,1,9,4.57571579973,-0.416442798669,0.989806062027,0.984621289945,1,1,0,powered-gm-normalizer-exceeds-one
84,17,3,1,10,3.51815396877,-0.272891721686,0.971199914287,0.9625024945,1,1,0,powered-gm-normalizer-exceeds-one
84,17,3,1,11,5.12446164125,-0.19437121773,0.994085766837,0.992825988465,1,1,0,powered-gm-normalizer-exceeds-one
84,17,3,1,12,4.00141664595,-0.0764980201143,0.982038794761,0.980638524567,1,1,0,powered-gm-normalizer-exceeds-one
84,17,3,1,13,-3.99369804274,-0.00690716657756,0.0180978583588,0.0179755234455,1,0,0,
84,17,3,1,14,-4.12000614891,-0.00667824592174,0.0159847516242,0.0158800467301,1,0,0,
84,17,3,1,15,-0.479471972024,-0.00379506817771,0.382376819098,0.381480958606,1,1,0,
84,17,3,1,16,-4.3468361151,-0.003572766037,0.0127822124999,0.0127372067715,1,0,0,
84,18,3,1,1,-3.67560905513,-2.00196481615e-09,0.0247080188051,0.0247080187569,1,0,0,
84,18,3,1,2,-4.03798851971,-7.86830156585e-10,0.0173273730849,0.0173273730715,1,0,0,
84,18,3,1,3,-4.21108988789,-1.93402627247e-09,0.0146134755646,0.0146134755367,1,0,0,
84,18,3,1,4,-2.24602702532,-0.000188067890832,0.0956927169115,0.0956764435772,1,0,0,
84,18,3,1,5,-1.100677165,2.84217094304e-14,0.249613035584,0.249613035584,1,0,0,
84,18,3,1,6,-4.48876782599,-8.27307999884e-09,0.011109666808,0.0111096667171,1,0,0,
84,18,3,1,7,-3.65244950935,-2.84217094304e-12,0.0252722927655,0.0252722927654,1,0,0,
84,18,3,1,8,-4.50904905587,-5.12329734192e-10,0.0108890473757,0.0108890473702,1,0,0,
84,18,3,1,9,4.22967888435,-0.47386255657,0.985651803322,0.977152841578,1,1,0,powered-gm-normalizer-exceeds-one
84,18,3,1,10,3.93048781123,-0.092847896381,0.980743981953,0.978909983516,1,1,0,powered-gm-normalizer-exceeds-one
84,18,3,1,11,4.18511110622,-0.103484528842,0.985007676132,0.983400217404,1,1,0,powered-gm-normalizer-exceeds-one
84,18,3,1,12,4.51747507158,-0.089444930781,0.989201331814,0.988202851483,1,1,0,powered-gm-normalizer-exceeds-one
84,18,3,1,13,-4.08027013662,-0.0132220743764,0.0166219399723,0.0164071921955,1,0,0,
84,18,3,1,14,-4.21516279919,-0.0132547158697,0.0145549417585,0.0143660463052,1,0,0,
84,18,3,1,15,-0.50384022366,-0.012901361872,0.376638627295,0.373614475091,1,1,0,
84,18,3,1,16,-4.27187782548,-0.00624080533996,0.0137634755362,0.0136790191383,1,0,0,
84,19,4,1,1,-3.80181375067,-8.8717360569e-08,0.0218424858167,0.0218424839212,1,0,0,
84,19,4,1,2,-4.58271110428,3.5527136788e-15,0.0101235965001,0.0101235965001,1,0,0,
84,19,4,1,3,-4.02721537639,-2.49145376507e-05,0.017511765894,0.017511337242,1,0,0,
84,19,4,1,4,-0.56558266443,-2.78030949374e-05,0.362256725484,0.362250302249,1,0,0,
84,19,4,1,5,-4.04616541317,-3.67340291518e-09,0.0171886921278,0.0171886920658,1,0,0,
84,19,4,1,6,-4.07412166485,-8.99953134947e-06,0.0167227400105,0.016722592031,1,0,0,
84,19,4,1,7,-3.62979454552,-3.62320697889e-08,0.025836409082,0.02583640817,1,0,0,
84,19,4,1,8,-3.98548858835,-1.78899068786e-05,0.0182443216472,0.0182440012155,1,0,0,
84,19,4,1,9,0.510252142448,-0.00215390510296,0.624865580684,0.624360551201,1,1,0,
84,19,4,1,10,-3.80405328846,-0.00747858785079,0.0217946884185,0.021635816234,1,0,0,
84,19,4,1,11,1.7040185317,-0.00648278350775,0.84605884979,0.845212615352,1,1,0,
84,19,4,1,12,-4.25787886354,-0.0252595888443,0.0139547972024,0.0136114572667,1,0,0,
84,19,4,1,13,3.36024798548,-0.245943007623,0.966438821015,0.957478969901,1,1,0,powered-gm-normalizer-exceeds-one
84,19,4,1,14,3.34200523865,-0.244370663418,0.965842059321,0.956795068088,1,1,0,powered-gm-normalizer-exceeds-one
84,19,4,1,15,4.79481066823,-0.0528959510956,0.991795308901,0.991353484149,1,1,0,powered-gm-normalizer-exceeds-one
84,19,4,1,16,3.82142081753,-0.124041565192,0.978572522735,0.975811196303,1,1,0,powered-gm-normalizer-exceeds-one
84,20,4,1,1,-3.8042527309,-3.04580044741e-07,0.0217904367751,0.0217904302828,1,0,0,
84,20,4,1,2,-4.58271113161,-3.5527136788e-15,0.0101235962262,0.0101235962262,1,0,0,
84,20,4,1,3,-4.01825180501,-2.58079495836e-05,0.0176666538967,0.0176662060171,1,0,0,
84,20,4,1,4,-0.531580555625,-0.000177281654146,0.370148324032,0.370106993797,1,0,0,
84,20,4,1,5,-4.04669026556,-1.2282655959e-07,0.0171798279162,0.0171798258423,1,0,0,
84,20,4,1,6,-4.06514021888,-3.56862889461e-06,0.0168710655487,0.016871006358,1,0,0,
84,20,4,1,7,-3.62932849481,-3.10364711709e-08,0.025848141653,0.0258481408715,1,0,0,
84,20,4,1,8,-3.97184925585,-1.56406354925e-05,0.0184902341285,0.018489950279,1,0,0,
84,20,4,1,9,0.627736226693,-0.00548554446939,0.651975981433,0.650730257885,1,1,0,
84,20,4,1,10,-3.42846341963,-0.00749548529697,0.0314176576408,0.0311903649859,1,0,0,
84,20,4,1,11,1.76284130282,-0.000607208543585,0.8535651563,0.853489243988,1,1,0,
84,20,4,1,12,-4.23580335585,-0.00461302285995,0.0142618395326,0.0141971327346,1,0,0,
84,20,4,1,13,4.28990552029,-0.141020062472,0.986479100234,0.984463205252,1,1,0,powered-gm-normalizer-exceeds-one
84,20,4,1,14,4.2874186243,-0.12044893412,0.986445889642,0.984737401127,1,1,0,powered-gm-normalizer-exceeds-one
84,20,4,1,15,5.94992316168,-0.119971236106,0.997400733041,0.997070389605,1,1,0,powered-gm-normalizer-exceeds-one
84,20,4,1,16,4.81855294997,-0.177330896436,0.991986270033,0.990446251911,1,1,0,powered-gm-normalizer-exceeds-one
84,21,4,1,1,-3.80602763341,-7.56851818551e-07,0.0217526357335,0.0217526196281,1,0,0,
84,21,4,1,2,-4.58271123729,-7.1054273576e-15,0.0101235951672,0.0101235951672,1,0,0,
84,21,4,1,3,-4.01312923209,-1.1523607057e-05,0.0177557738115,0.017755572835,1,0,0,
84,21,4,1,4,-0.483496222954,-0.000645758068941,0.381426883662,0.381274534905,1,0,0,
84,21,4,1,5,-4.04868785932,-1.11119190649e-06,0.0171461316925,0.0171461129666,1,0,0,
84,21,4,1,6,-4.06003560649,-4.15804198184e-07,0.0169559419955,0.0169559350646,1,0,0,
84,21,4,1,7,-3.62893806944,-1.16875789047e-08,0.02585797439,0.0258579740956,1,0,0,
84,21,4,1,8,-3.96035927712,-5.8632047768e-06,0.0186999159967,0.0186998084059,1,0,0,
84,21,4,1,9,0.779440302251,-0.0063207763542,0.685559473725,0.684195323176,1,1,0,
84,21,4,1,10,-3.27784187659,-0.00844641477543,0.0363392154245,0.0360445887446,1,0,0,
84,21,4,1,11,1.82114509996,-0.00134729603802,0.860703473228,0.860541863344,1,1,0,
84,21,4,1,12,-4.28959417185,-0.00800166680363,0.0135250531876,0.0134187084658,1,0,0,
84,21,4,1,13,4.00098819597,-0.0804922953667,0.982031235942,0.980554373267,1,1,0,powered-gm-normalizer-exceeds-one
84,21,4,1,14,3.9444330957,-0.0764660014557,0.981005583725,0.979527084969,1,1,0,powered-gm-normalizer-exceeds-one
84,21,4,1,15,4.32403964011,-0.23570995318,0.986926904518,0.98350928668,1,1,0,powered-gm-normalizer-exceeds-one
84,21,4,1,16,4.81519168878,-0.0343861926119,0.991959505418,0.991680555064,1,1,0,powered-gm-normalizer-exceeds-one
84,22,4,1,1,-3.79867131092,-2.24336494519e-05,0.0219097262516,0.0219092455106,1,0,0,
84,22,4,1,2,-4.54631358662,-0.627970180683,0.0104949198105,0.0056284112081,0,0,0,
84,22,4,1,3,-4.02821018002,-0.00857306850405,0.017494658407,0.0173479073438,1,0,0,
84,22,4,1,4,-0.599404287964,-0.1553448056,0.354479995123,0.319787378857,1,0,0,
84,22,4,1,5,-4.0732260083,-0.00323815159724,0.0167374737481,0.0166842657269,1,0,0,
84,22,4,1,6,-4.08648729422,-0.00344844894217,0.0165206212966,0.0164646852809,1,0,0,
84,22,4,1,7,-3.63022762755,-1.79922950885e-05,0.0258255111264,0.0258250584702,1,0,0,
84,22,4,1,8,-3.99175697663,-0.00635704503582,0.0181323840208,0.0180195517434,1,0,0,
84,22,4,1,9,1.01128849983,-0.69135893888,0.733272235008,0.579307085517,1,1,0,powered-gm-normalizer-exceeds-one
84,22,4,1,10,-3.06776014598,-0.638652261853,0.0444568806055,0.023976501689,1,0,0,powered-gm-normalizer-exceeds-one
84,22,4,1,11,1.86649184399,-0.380362627758,0.866051832484,0.815496578167,1,1,0,powered-gm-normalizer-exceeds-one
84,22,4,1,12,-3.91575976266,-0.758456737361,0.0195361388497,0.00924653813893,0,0,0,powered-gm-normalizer-exceeds-one
84,22,4,1,13,5.71390892478,-0.163862580522,0.996711103699,0.996127775324,1,1,0,powered-gm-normalizer-exceeds-one
84,22,4,1,14,6.25855722109,-0.060105310646,0.998089651126,0.99797154817,1,1,0,powered-gm-normalizer-exceeds-one
84,22,4,1,15,6.86220759938,-0.156515946332,0.998954493323,0.998777570284,1,1,0,powered-gm-normalizer-exceeds-one
84,22,4,1,16,6.59657775953,-0.189133387596,0.998636829252,0.998353481545,1,1,0,powered-gm-normalizer-exceeds-one
84,23,4,1,1,-3.79899498541,-1.75415515002e-07,0.0219027910806,0.0219027873227,1,0,0,
84,23,4,1,2,-4.58271110013,0,0.0101235965417,0.0101235965417,1,0,0,
84,23,4,1,3,-4.03788293816,-1.70145398215e-07,0.0173291709279,0.0173291680305,1,0,0,
84,23,4,1,4,-0.67192028909,-0.000402097320922,0.338066989387,0.337977014833,1,0,0,
84,23,4,1,5,-4.0527125295,-7.06901894532e-06,0.0170784390201,0.0170783203545,1,0,0,
84,23,4,1,6,-4.08842855246,-1.04149262015e-06,0.0164891099189,0.0164890930288,1,0,0,
84,23,4,1,7,-3.63020717686,-2.46132003667e-11,0.0258260256412,0.0258260256406,1,0,0,
84,23,4,1,8,-3.99724922967,-1.63845115253e-09,0.0180348604858,0.0180348604568,1,0,0,
84,23,4,1,9,0.685294401747,-0.00914706216436,0.664919326775,0.662878281805,1,1,0,powered-gm-normalizer-exceeds-one
84,23,4,1,10,-3.69709988803,-0.00292671906548,0.0241953986063,0.0241263949639,1,0,0,powered-gm-normalizer-exceeds-one
84,23,4,1,11,1.58195021165,-0.00285974762008,0.829480538206,0.829075666932,1,1,0,
84,23,4,1,12,-4.29075188031,-0.0036744152933,0.0135096155913,0.0134607337043,1,0,0,powered-gm-normalizer-exceeds-one
84,23,4,1,13,4.84931546762,-0.218386377804,0.992227152292,0.99034836171,1,1,0,powered-gm-normalizer-exceeds-one
84,23,4,1,14,4.89612744893,-0.240622178097,0.992579991842,0.990580464025,1,1,0,powered-gm-normalizer-exceeds-one
84,23,4,1,15,5.50996352349,-0.120105351324,0.995970051226,0.995458102558,1,1,0,powered-gm-normalizer-exceeds-one
84,23,4,1,16,5.62916235169,-0.404451533084,0.996421270751,0.994646893883,1,1,0,powered-gm-normalizer-exceeds-one
84,24,4,1,1,-3.79978979276,-5.04568930637e-07,0.0218857703448,0.0218857595436,1,0,0,
84,24,4,1,2,-4.58271110037,0,0.0101235965393,0.0101235965393,1,0,0,
84,24,4,1,3,-4.03522305462,-5.17157725355e-06,0.0173745239406,0.0173744356483,1,0,0,
84,24,4,1,4,-0.60760195458,-6.23904187584e-05,0.352606418373,0.352592176323,1,0,0,
84,24,4,1,5,-4.04608996469,-1.87547755104e-11,0.0171899667436,0.0171899667433,1,0,0,
84,24,4,1,6,-4.08335225893,-6.89251308117e-06,0.0165716356612,0.0165715233342,1,0,0,
84,24,4,1,7,-3.63012034145,-1.09150093408e-08,0.0258282104268,0.0258282101522,1,0,0,
84,24,4,1,8,-3.99489986443,-5.16479757096e-06,0.01807651396,0.0180764222864,1,0,0,
84,24,4,1,9,0.457921765273,-0.00137667587684,0.612521045451,0.612194255986,1,1,0,
84,24,4,1,10,-4.09295127554,-0.00256889338327,0.0164159240939,0.0163744970937,1,0,0,
84,24,4,1,11,1.64202355715,-0.007995606891,0.837810095144,0.836720680681,1,1,0,
84,24,4,1,12,-4.26653608077,-0.00227664195859,0.0138361732533,0.0138051434382,1,0,0,
84,24,4,1,13,2.85646351619,-0.0335509837732,0.945651830084,0.943901488835,1,1,0,powered-gm-normalizer-exceeds-one
84,24,4,1,14,2.81531281814,-0.0361860966281,0.9434977126,0.94153739361,1,1,0,powered-gm-normalizer-exceeds-one
84,24,4,1,15,3.16720571727,-0.113969230897,0.959581347432,0.954922049384,1,1,0,powered-gm-normalizer-exceeds-one
84,24,4,1,16,3.11641254344,-0.149098874791,0.957564692519,0.951075430792,1,1,0,powered-gm-normalizer-exceeds-one
151,1,1,1,1,-3.84767323584,-0.303180822975,0.0208838685693,0.0155067129025,1,0,0,
151,1,1,1,2,-4.492526796,-0.0428313490163,0.0110684456551,0.0106093018804,1,0,0,
151,1,1,1,3,-4.14726248864,-0.0042071253425,0.0155616382438,0.0154973184825,1,0,0,
151,1,1,1,4,-4.15399291771,-0.228260119123,0.0154588670841,0.012342918736,1,0,0,
151,1,1,1,5,-3.67018024956,-1.36097961624,0.0248391777273,0.006488850643,0,0,1,
151,1,1,1,6,-3.48634395498,-1.56037025272,0.0297032941001,0.00638934162152,0,0,1,
151,1,1,1,7,-1.2943856106,-0.171322193007,0.215111425801,0.187595883471,1,0,0,
151,1,1,1,8,-4.12365069025,-0.208683840291,0.01592752677,0.0129665043661,1,0,0,
151,1,1,1,9,-3.96746577393,-2.87874938415,0.0185699552112,0.0010623433895,0,0,1,
151,1,1,1,10,-0.149171663612,-0.414182017291,0.462776084632,0.362771838335,1,1,1,
151,1,1,1,11,-0.520233531105,-0.175153767217,0.372797627926,0.332835715382,1,0,0,
151,1,1,1,12,-3.11440472027,-0.0977391110403,0.0425169694723,0.0387112777355,1,0,0,
151,1,1,1,13,-4.05691842201,-5.29068721104,0.0170079789035,8.71662970791e-05,0,0,0,
151,1,1,1,14,-4.10950178135,-5.61360757058,0.0161508201465,5.98799260338e-05,0,0,0,
151,1,1,1,15,1.94272843377,-0.0771975225041,0.874651584475,0.865940319252,1,1,0,
151,1,1,1,16,2.69156524289,-0.202363774289,0.936527089719,0.923381327044,1,1,0,
151,2,1,1,1,-3.46883146093,-0.00785551310686,0.0302122002177,0.0299828856622,1,0,0,
151,2,1,1,2,-4.41428896123,-0.00580889068856,0.0119584222198,0.0118899819654,1,0,0,
151,2,1,1,3,-4.04683028817,-0.00573462384604,0.0171774638389,0.0170809172169,1,0,0,
151,2,1,1,4,-4.2781313075,-0.00448064390533,0.0136788481068,0.013618527977,1,0,0,
151,2,1,1,5,-4.35296778811,3.65929508916e-13,0.0127050686814,0.0127050686814,1,0,0,
151,2,1,1,6,-4.43001473265,-1.74082970261e-13,0.0117740345952,0.0117740345952,1,0,0,
151,2,1,1,7,-1.1217649994,-2.23003141286e-07,0.24568404107,0.245683999743,1,0,0,
151,2,1,1,8,-4.37626594654,-5.50670620214e-14,0.012416118284,0.012416118284,1,0,0,
151,2,1,1,10,-0.36842445306,-0.00743523410676,0.408921784043,0.407125877018,1,1,0,
151,2,1,1,11,-0.619980335858,-0.00577569227633,0.349785923741,0.348473467268,1,0,0,
151,2,1,1,12,-3.39659316959,-0.00625989437316,0.0324021063742,0.0322064182923,1,0,0,
151,2,1,1,13,-4.42921509267,0,0.0117833423648,0.0117833423648,1,0,0,
151,2,1,1,14,-4.45540097492,0,0.0114822869946,0.0114822869946,1,0,0,
151,2,1,1,15,1.48361445057,-0.0141396544269,0.815117901483,0.812977544508,1,1,0,
151,2,1,1,16,2.723957209,-0.0171773220394,0.938425590252,0.937425526151,1,1,0,
151,3,1,1,1,-2.8926366493,-0.0045605312168,0.0525187624327,0.0522922904931,1,0,0,
151,3,1,1,2,-4.41402493361,-0.010871675692,0.0119615422187,0.0118337350912,1,0,0,
151,3,1,1,3,-3.99775173355,-0.0105112660173,0.0180259634959,0.0178408428352,1,0,0,
151,3,1,1,4,-4.37256329205,-0.00527942895543,0.0124616021414,0.0123967987983,1,0,0,
151,3,1,1,5,-4.35264096569,-5.52264254416e-06,0.0127091688803,0.0127090995843,1,0,0,
151,3,1,1,6,-4.4180316823,-0.000135056508432,0.0119142810845,0.0119126912594,1,0,0,
151,3,1,1,7,-1.13052108834,-3.53481357962e-07,0.244064948719,0.244064883503,1,0,0,
151,3,1,1,8,-4.37654367412,-1.39471389105e-07,0.0124127132612,0.0124127115514,1,0,0,
151,3,1,1,10,0.0083651433833,-0.000820573499606,0.502091273651,0.501886133524,1,1,0,
151,3,1,1,11,-0.173013872057,-0.00431734100095,0.456854105045,0.455783008003,1,0,0,
151,3,1,1,12,-3.13449841895,-0.00198838665651,0.0417064475464,0.0416270500359,1,0,0,
151,3,1,1,13,-4.42921497764,0,0.0117833437043,0.0117833437043,1,0,0,
151,3,1,1,14,-4.45540082429,-1.06581410364e-14,0.0114822887043,0.0114822887043,1,0,0,
151,3,1,1,15,1.31087887625,-0.0363700671737,0.787660186514,0.781513604605,1,1,0,
151,3,1,1,16,2.57603527279,-0.0071932854376,0.929303234491,0.928829182878,1,1,0,
151,4,1,1,1,-2.18255588437,-0.215520680419,0.101327950273,0.0833194856855,1,0,1,
151,4,1,1,2,-3.76879428011,-0.269349774863,0.0225592106337,0.0173247249637,1,0,1,
151,4,1,1,3,-3.65302412364,-0.00735009792679,0.0252581418053,0.0250778112162,1,0,1,
151,4,1,1,4,-3.84916258693,-0.155406764459,0.0208534364376,0.0179056803567,1,0,1,
151,4,1,1,5,-4.38812844067,-0.00126816866571,0.0122714990436,0.0122561371899,1,0,0,
151,4,1,1,6,-4.39825354399,-0.00186506972897,0.0121493776995,0.0121270139157,1,0,0,
151,4,1,1,7,-1.1487259469,-0.00079412256455,0.240721870989,0.240576755241,1,0,0,
151,4,1,1,8,-4.40634042028,-0.000455907567316,0.0120527027951,0.0120472753128,1,0,0,
151,4,1,1,9,-4.57008154749,-1.86679105951e-07,0.0102509448707,0.0102509429767,1,0,0,
151,4,1,1,10,0.155596400109,-0.0525678517765,0.538820809853,0.525734377162,1,1,0,
151,4,1,1,11,-0.195214294812,-0.0940557077961,0.451350824341,0.428182591902,1,0,0,
151,4,1,1,12,-3.08833511096,-0.0690977323998,0.0435909928224,0.0407994004091,1,0,0,
151,4,1,1,13,-4.43136493787,-1.00478140155e-05,0.0117583347601,0.0117582180043,1,0,0,
151,4,1,1,14,-4.45832230761,-1.79623429872e-05,0.0114491758484,0.0114489725508,1,0,0,
151,4,1,1,15,1.83432935755,-0.0130402651899,0.86227666919,0.860720736012,1,1,0,
151,4,1,1,16,2.49815158445,7.01660951563e-13,0.924012137546,0.924012137547,1,1,0,
151,5,1,1,1,-3.25324924924,-0.0481451651935,0.0372103055161,0.0355233836257,1,0,0,
151,5,1,1,2,-4.30268171,7.1054273576e-15,0.0133515447658,0.0133515447658,1,0,0,
151,5,1,1,3,-4.53499607687,-0.013696880684,0.0106131030908,0.0104702393326,1,0,0,
151,5,1,1,4,-4.25616171174,-1.42108547152e-14,0.0139784450467,0.0139784450467,1,0,0,
151,5,1,1,5,-4.48405814335,-0.00466149742818,0.0111615278369,0.0111101961949,1,0,0,
151,5,1,1,6,-4.41613959801,-0.00154959820664,0.0119365759097,0.0119183136181,1,0,0,
151,5,1,1,7,-1.16228732432,-3.01716154638e-06,0.238251914876,0.238251367298,1,0,0,
151,5,1,1,8,-4.48697432292,-5.87648514028e-05,0.0111293879537,0.0111287412342,1,0,0,
151,5,1,1,9,-4.57025936996,-1.70344804928e-08,0.0102491408653,0.0102491406925,1,0,0,
151,5,1,1,10,-0.00550216212871,-0.00276132995594,0.498624462938,0.497934138734,1,1,0,
151,5,1,1,11,-0.373027612286,-0.0279527277143,0.407809646778,0.401076825472,1,0,0,
151,5,1,1,12,-3.31959614076,-0.00429928894427,0.034905010642,0.0347604712368,1,0,0,
151,5,1,1,13,-4.43115777022,-1.33285311676e-08,0.0117607423075,0.0117607421526,1,0,0,
151,5,1,1,14,-4.45804523103,-2.38359127991e-08,0.0114523122513,0.0114523119814,1,0,0,
151,5,1,1,15,2.13923336859,-0.00291163035113,0.894658381339,0.894383659942,1,1,0,
151,6,1,1,1,-3.35535836263,-0.0293199748512,0.0337201352692,0.0327777510957,1,0,0,
151,6,1,1,2,-4.36812622441,-0.0204793600568,0.0125163243616,0.0122657169727,1,0,0,
151,6,1,1,3,-4.37768442378,-0.0103878871148,0.0123987369995,0.0122721794062,1,0,0,
151,6,1,1,4,-4.24437186346,-0.0163270697921,0.0141418797001,0.0139160460129,1,0,0,
151,6,1,1,5,-4.45878447345,-0.0214226881333,0.0114439461937,0.0112041110334,1,0,0,
151,6,1,1,6,-4.40128413849,-0.00433925508974,0.0121130589247,0.012061243732,1,0,0,
151,6,1,1,7,-1.1549736203,-3.94591443253e-06,0.239581803894,0.239581085019,1,0,0,
151,6,1,1,8,-4.50389709601,-0.00358169744287,0.0109446764915,0.0109059728453,1,0,0,
151,6,1,1,9,-4.57115685334,-6.34085347784e-07,0.0102400407083,0.0102400342818,1,0,0,
151,6,1,1,10,-0.0247336231375,-0.00781088096853,0.493816909422,0.491864592009,1,1,0,
151,6,1,1,11,-0.343743651731,-0.0073108362034,0.414900386889,0.413126733883,1,0,0,
151,6,1,1,12,-3.2158958113,-0.00650031563548,0.0385718977694,0.0383315610912,1,0,0,
151,6,1,1,13,-4.43068170397,-3.53879414661e-09,0.0117662766392,0.011766276598,1,0,0,
151,6,1,1,14,-4.45739966049,-6.22002360728e-09,0.0114596231621,0.0114596230916,1,0,0,
151,6,1,1,15,2.19587684668,-0.000337174030784,0.899878638834,0.899848256344,1,1,0,
151,7,2,1,1,7.96624161651,-0.252771916313,0.999653139729,0.999553430882,1,1,0,powered-gm-normalizer-exceeds-one
151,7,2,1,2,6.94312208903,-0.126665492012,0.999035679524,0.998905602826,1,1,0,powered-gm-normalizer-exceeds-one
151,7,2,1,3,6.35634201397,-0.169981976749,0.998267303154,0.997946922158,1,1,0,powered-gm-normalizer-exceeds-one
151,7,2,1,4,6.65836824789,-0.06606871054,0.998718406001,0.998630992812,1,1,0,powered-gm-normalizer-exceeds-one
151,7,2,1,5,-4.16007909331,-0.661945522075,0.0153665088076,0.00798617901304,0,0,0,
151,7,2,1,6,-4.27123051827,-0.533157979067,0.0137722648776,0.00812711870472,0,0,0,
151,7,2,1,7,-1.11679357166,-0.000832463425041,0.24660652734,0.246451895132,1,0,0,
151,7,2,1,8,-4.21518477906,-0.444084762966,0.0145546265026,0.00938447706553,0,0,0,
151,7,2,1,9,-4.56852794482,-9.66683835912e-06,0.0102667195099,0.0102666212826,1,0,0,
151,7,2,1,10,0.650335878764,-0.197458144706,0.657086148193,0.611323222758,1,1,0,
151,7,2,1,11,0.571358467469,-0.27958213224,0.639076575302,0.572430953483,1,0,0,
151,7,2,1,12,-3.0951958632,-0.274747717147,0.043305856417,0.0332481222708,1,0,0,
151,7,2,1,13,-4.46097433109,-9.39104941367e-06,0.0114191988593,0.0114190928461,1,0,0,
151,7,2,1,14,-4.49853595909,-1.67119790859e-05,0.0110028626303,0.0110026807754,1,0,0,
151,7,2,1,15,2.19899135502,-0.00328815229159,0.900158897656,0.899862992936,1,1,0,
151,8,2,1,1,9.16970696353,-0.149535667844,0.999895863821,0.999879069219,1,1,0,powered-gm-normalizer-exceeds-one
151,8,2,1,2,5.12804657521,-0.0683936721441,0.994106806289,0.993692277504,1,1,0,powered-gm-normalizer-exceeds-one
151,8,2,1,3,5.80068734194,-0.102000461835,0.996983651391,0.996660825446,1,1,0,powered-gm-normalizer-exceeds-one
151,8,2,1,4,4.97150530133,-0.0638482353379,0.993115027114,0.992664426452,1,1,0,powered-gm-normalizer-exceeds-one
151,8,2,1,5,-4.3320672466,4.26325641456e-14,0.0129699256114,0.0129699256114,1,0,0,
151,8,2,1,6,-4.54559769647,7.1054273576e-15,0.0105023567754,0.0105023567754,1,0,0,
151,8,2,1,7,-1.11595950682,-1.10080704729e-06,0.246761522453,0.246761317846,1,0,0,
151,8,2,1,8,-4.53415969672,6.03961325396e-14,0.0106218890671,0.0106218890671,1,0,0,
151,8,2,1,9,-4.56928710303,-1.66291185266e-07,0.0102590083323,0.0102590066438,1,0,0,
151,8,2,1,10,0.518661414937,-0.00185394262224,0.626834707121,0.626400944047,1,1,0,
151,8,2,1,11,0.448281528345,-0.00181677687366,0.610230574318,0.609798368918,1,1,0,
151,8,2,1,12,-3.22838451468,-0.00173118803411,0.0381114248875,0.0380480120837,1,0,0,
151,8,2,1,13,-4.46183874593,-1.3658571163e-08,0.0114094447726,0.0114094446185,1,0,0,
151,8,2,1,14,-4.49970907959,-2.41267912315e-08,0.0109901042884,0.0109901040261,1,0,0,
151,8,2,1,15,2.217810631,-2.65421187855e-05,0.901837548786,0.901835199077,1,1,0,
151,9,2,1,1,7.57027644386,-0.0575390308046,0.999484715746,0.999454213862,1,1,0,powered-gm-normalizer-exceeds-one
151,9,2,1,2,5.01195131555,-0.0499311602819,0.993386135481,0.993049867483,1,1,0,powered-gm-normalizer-exceeds-one
151,9,2,1,3,5.51352870398,-0.0972816961842,0.995984335548,0.995575867019,1,1,0,powered-gm-normalizer-exceeds-one
151,9,2,1,4,4.82183709803,-0.0468327207289,0.992012335262,0.991632557721,1,1,0,powered-gm-normalizer-exceeds-one
151,9,2,1,5,-4.27690092469,-0.00403190655356,0.0136954580449,0.0136411021359,1,0,0,
151,9,2,1,6,-4.50337532776,-0.00309889379701,0.0109503260171,0.0109168145209,1,0,0,
151,9,2,1,7,-1.11363342605,-8.42063805351e-08,0.247194126353,0.247194110683,1,0,0,
151,9,2,1,8,-4.49634810774,-0.00241227602405,0.0110266958789,0.0110004207539,1,0,0,
151,9,2,1,9,-4.56578094578,-1.10077180402e-05,0.010294670214,0.0102945580604,1,0,0,
151,9,2,1,10,0.618838316294,-0.000863359875739,0.649954295667,0.649757844038,1,1,0,
151,9,2,1,11,0.547306334808,-0.000787040363845,0.63351041459,0.633327664324,1,1,0,
151,9,2,1,12,-3.10292200426,-0.0018416470974,0.0429868859139,0.0429111861036,1,0,0,
151,9,2,1,13,-4.46221901305,-1.40151001915e-10,0.0114051564341,0.0114051564325,1,0,0,
151,9,2,1,14,-4.50022435115,-2.3444002295e-10,0.0109845050469,0.0109845050443,1,0,0,
151,9,2,1,15,2.22500309734,-9.62944790572e-07,0.902472435575,0.90247235082,1,1,0,
151,10,2,1,1,5.29999001203,-0.0752793550926,0.995033148988,0.994646893022,1,1,0,powered-gm-normalizer-exceeds-one
151,10,2,1,2,3.70991398848,-0.186979734916,0.976105304561,0.971333321167,1,1,0,powered-gm-normalizer-exceeds-one
151,10,2,1,3,3.59573020699,-0.0643845182123,0.973292239489,0.97156661047,1,1,0,powered-gm-normalizer-exceeds-one
151,10,2,1,4,3.24810097968,-0.0836081262947,0.962604814048,0.959475997763,1,1,0,powered-gm-normalizer-exceeds-one
151,10,2,1,5,-4.16326791694,-0.000257917674064,0.0153183351857,0.0153144453234,1,0,0,
151,10,2,1,6,-4.39157906853,-0.000575569789813,0.0122297446091,0.0122227935753,1,0,0,
151,10,2,1,7,-1.11252577149,-1.53384476675e-07,0.247400306606,0.247400278047,1,0,0,
151,10,2,1,8,-4.37915650992,-0.00120555053036,0.0123807242251,0.0123659920882,1,0,0,
151,10,2,1,9,-4.56115587581,-8.79967482348e-06,0.0103419005068,0.010341810443,1,0,0,
151,10,2,1,10,0.686996242368,-0.000187520938351,0.665298393133,0.665256635343,1,1,0,
151,10,2,1,11,0.611405518222,-0.000157271927129,0.648261353082,0.648225491326,1,1,0,
151,10,2,1,12,-3.0445519792,-0.000474408248849,0.0454532637135,0.0454326848753,1,0,0,
151,10,2,1,13,-4.46212950497,-1.13469411644e-09,0.0114061656888,0.0114061656761,1,0,0,
151,10,2,1,14,-4.50010537539,-1.95822025262e-09,0.0109857976563,0.0109857976351,1,0,0,
151,10,2,1,15,2.22884923113,1.55253587764e-12,0.902810433026,0.902810433026,1,1,0,
151,11,2,1,1,5.71985947379,-0.0554186343657,0.996730552529,0.996544893263,1,1,0,powered-gm-normalizer-exceeds-one
151,11,2,1,2,5.46611229334,-0.0462511887552,0.995790161605,0.995591757048,1,1,0,powered-gm-normalizer-exceeds-one
151,11,2,1,3,4.95902292915,-0.125548713769,0.993029150544,0.992104020187,1,1,0,powered-gm-normalizer-exceeds-one
151,11,2,1,4,4.97903091809,-0.166251257691,0.993166293555,0.991940244607,1,1,0,powered-gm-normalizer-exceeds-one
151,11,2,1,5,-4.20765786896,-7.03603285785e-05,0.0146629787858,0.0146619622562,1,0,0,
151,11,2,1,6,-4.35995473026,-6.7663078795e-05,0.0126177246608,0.0126168817069,1,0,0,
151,11,2,1,7,-1.11283821736,-1.11502792777e-07,0.247342135841,0.247342115084,1,0,0,
151,11,2,1,8,-4.29757306972,-0.000287756476816,0.013419009899,0.0134152008416,1,0,0,
151,11,2,1,9,-4.56003064225,-2.62186764743e-07,0.0103534235588,0.0103534208724,1,0,0,
151,11,2,1,10,0.713928683919,-4.9257816638e-05,0.671268673466,0.671257803798,1,1,0,
151,11,2,1,11,0.642125555839,-3.42063144334e-05,0.65523378723,0.655226059898,1,1,0,
151,11,2,1,12,-3.05148712094,-5.84354337985e-05,0.045153313633,0.0451507942859,1,0,0,
151,11,2,1,13,-4.46204800061,-5.1847948157e-10,0.011407084774,0.0114070847681,1,0,0,
151,11,2,1,14,-4.49999723002,-9.33550126092e-10,0.0109869727298,0.0109869727197,1,0,0,
151,12,2,1,1,8.31069818977,-0.276167308918,0.99975418812,0.999676028466,1,1,0,powered-gm-normalizer-exceeds-one
151,12,2,1,2,7.43337335979,-0.0113975355697,0.999409159451,0.999402390849,1,1,0,powered-gm-normalizer-exceeds-one
151,12,2,1,3,7.70275683968,-0.185361712319,0.999548623303,0.999456748689,1,1,0,powered-gm-normalizer-exceeds-one
151,12,2,1,4,7.18107690686,-0.0975700041666,0.999239730411,0.999161876738,1,1,0,powered-gm-normalizer-exceeds-one
151,12,2,1,5,-4.20132244212,-0.00131680097932,0.0147547948903,0.0147356646612,1,0,0,
151,12,2,1,6,-4.32907316261,-0.00145122527112,0.0130083109415,0.0129896916848,1,0,0,
151,12,2,1,7,-1.11352593723,-2.75318089749e-06,0.247214129404,0.247213617039,1,0,0,
151,12,2,1,8,-4.24414565949,-0.000901191498954,0.0141450337569,0.0141324721858,1,0,0,
151,12,2,1,9,-4.56396962054,-1.00810563595e-05,0.0103131416247,0.0103130387301,1,0,0,
151,12,2,1,10,0.731720474733,-0.000337438017739,0.675182705315,0.675108697065,1,1,0,
151,12,2,1,11,0.666624489913,-0.000282311347327,0.660746914471,0.660683628566,1,1,0,
151,12,2,1,12,-3.05258020861,-0.000274869204659,0.0451062091378,0.0450943715508,1,0,0,
151,12,2,1,13,-4.4623410763,-2.18728501977e-08,0.0114037802434,0.0114037799968,1,0,0,
151,12,2,1,14,-4.50039469303,-3.85835434713e-08,0.0109826546331,0.010982654214,1,0,0,
151,13,3,1,1,-4.44102216464,-3.90798504668e-14,0.0116466445422,0.0116466445422,1,0,0,
151,13,3,1,2,-4.561915588,-0.000127976674154,0.0103341277857,0.0103328190076,1,0,0,
151,13,3,1,3,-4.53527958345,-1.70529428889e-05,0.0106101265528,0.0106099475401,1,0,0,
151,13,3,1,4,-3.60733191097,-7.44055483892e-10,0.0264078308038,0.0264078307847,1,0,0,
151,13,3,1,5,0.503747955126,-0.0269464943122,0.62333970947,0.616992302397,1,1,0,
151,13,3,1,6,0.804984258325,-0.0437172055955,0.691039651518,0.681628761416,1,1,0,
151,13,3,1,7,-4.32415831334,-6.75015598972e-14,0.0130715644263,0.0130715644263,1,0,0,
151,13,3,1,8,2.72747104435,-0.0201477209654,0.938628317685,0.937457395962,1,1,0,
151,13,3,1,9,-0.271797209372,-0.0566346274998,0.432465936068,0.418622230252,1,0,0,
151,13,3,1,10,-0.0325043362216,-0.0366940321246,0.491874631325,0.482707307744,1,0,0,
151,13,3,1,11,2.52332418403,-0.00762466920664,0.925760841969,0.925235111826,1,1,0,
151,13,3,1,12,2.71121160851,-0.0409591596002,0.937684982709,0.935248321101,1,1,0,
151,13,3,1,13,9.31018153981,-0.288261071359,0.999909510074,0.999879280537,1,1,0,powered-gm-normalizer-exceeds-one
151,13,3,1,14,5.64247641248,-0.431206655856,0.996468435228,0.994574849709,1,1,1,
151,13,3,1,15,4.87436879331,-0.186111935281,0.992418010692,0.990881203852,1,1,0,powered-gm-normalizer-exceeds-one
151,13,3,1,16,6.41251101737,-0.0797741072562,0.99836178914,0.998225989535,1,1,0,powered-gm-normalizer-exceeds-one
151,14,3,1,1,-4.44097400338,-5.320188734e-11,0.0116471989394,0.0116471989388,1,0,0,
151,14,3,1,2,-4.53970748711,-9.62563815428e-05,0.0105637449882,0.0105627389492,1,0,0,
151,14,3,1,3,-4.52336154939,-0.000947610681589,0.0107359692284,0.0107259095966,1,0,0,
151,14,3,1,4,-3.60886470562,-1.01109184314e-06,0.0263684505471,0.0263684245892,1,0,0,
151,14,3,1,5,0.467330193427,-0.00247514565123,0.614751654636,0.614165294555,1,1,0,
151,14,3,1,6,0.90597971518,-0.0404517438528,0.71217678416,0.703814310601,1,1,0,
151,14,3,1,7,-4.32416695322,-9.21183129776e-11,0.0130714529664,0.0130714529652,1,0,0,
151,14,3,1,8,2.51621139871,-0.0111057297995,0.925270513738,0.924498972146,1,1,0,
151,14,3,1,9,0.336841863713,-0.0161623750526,0.583423170483,0.579489839811,1,0,0,
151,14,3,1,10,0.0763182026098,-0.0114572694795,0.519070295357,0.516209550963,1,0,0,
151,14,3,1,11,2.63590698725,-0.0380404452994,0.933137044229,0.930724147646,1,1,0,
151,14,3,1,12,2.40217669049,-0.0158106784077,0.916993136511,0.915781717885,1,1,0,
151,14,3,1,13,6.7449445178,-0.207332846757,0.998824569294,0.998554150971,1,1,0,powered-gm-normalizer-exceeds-one
151,14,3,1,14,2.71200439693,-0.352250111416,0.937731290736,0.913706433626,1,1,1,
151,14,3,1,15,2.81330684402,-0.265759569073,0.943390679377,0.927408565485,1,1,1,
151,14,3,1,16,2.8972409665,-0.116108333188,0.947709879402,0.94164771074,1,1,0,powered-gm-normalizer-exceeds-one
151,15,3,1,1,-4.44072671956,-5.19861487192e-10,0.0116500459012,0.0116500458952,1,0,0,
151,15,3,1,2,-4.51884489598,-6.24553097115e-05,0.010784045445,0.0107833792078,1,0,0,
151,15,3,1,3,-4.50521484574,-0.00342608855228,0.0109304211838,0.0108934439169,1,0,0,
151,15,3,1,4,-3.61672306548,-9.79766300091e-06,0.0261674508024,0.0261672011325,1,0,0,
151,15,3,1,5,0.796410573105,-0.0533839417513,0.689206144807,0.677657342319,1,1,0,
151,15,3,1,6,1.20943732259,-0.0276283675445,0.770199374621,0.765272902794,1,1,0,
151,15,3,1,7,-4.32421131276,-9.00175933793e-10,0.0130708807145,0.0130708807029,1,0,0,
151,15,3,1,8,2.33657234033,-0.131515546142,0.911860990992,0.900702694463,1,1,0,powered-gm-normalizer-exceeds-one
151,15,3,1,9,1.24353945853,-0.0208226639792,0.776179507294,0.772541301383,1,1,0,
151,15,3,1,10,0.736284091877,-0.00562772561332,0.676182755602,0.674949291112,1,0,0,
151,15,3,1,11,2.53124117314,-0.106358112894,0.926303127725,0.918705187055,1,1,0,powered-gm-normalizer-exceeds-one
151,15,3,1,12,2.24151310932,-0.157494386036,0.903915955052,0.889340152164,1,1,0,powered-gm-normalizer-exceeds-one
151,15,3,1,13,6.6679608996,-0.414304031929,0.998730625577,0.998080284782,1,1,0,powered-gm-normalizer-exceeds-one
151,15,3,1,14,3.9311598943,-1.23340473363,0.980756670293,0.936894051084,1,1,1,
151,15,3,1,15,2.90119750448,-1.56360362364,0.947905602104,0.792093977549,1,1,1,
151,15,3,1,16,4.49288668885,-0.0850525622206,0.988935493016,0.987965070459,1,1,0,powered-gm-normalizer-exceeds-one
151,16,3,1,1,-4.44028824658,-3.02605940306e-10,0.0116550957017,0.0116550956982,1,0,0,
151,16,3,1,2,-4.50880689405,-2.31428087254e-05,0.0108916558828,0.0108914065675,1,0,0,
151,16,3,1,3,-4.4912068993,-7.05300697135e-05,0.0110829024862,0.0110821294983,1,0,0,
151,16,3,1,4,-3.6306335892,-5.56823798448e-06,0.0258152996842,0.0258151596496,1,0,0,
151,16,3,1,5,1.18670858599,-0.00488595496717,0.766151880706,0.765275359404,1,1,0,
151,16,3,1,6,1.55410087061,-0.0358204984056,0.825505235987,0.820285117067,1,1,0,
151,16,3,1,7,-4.32428996382,-5.2434145914e-10,0.0130698661521,0.0130698661454,1,0,0,
151,16,3,1,8,2.70651950246,-0.0255511874262,0.93741025054,0.935894243352,1,1,0,powered-gm-normalizer-exceeds-one
151,16,3,1,9,1.17893699092,-0.150886400976,0.764756618074,0.736537787524,1,1,0,
151,16,3,1,10,0.608759947325,-0.0752328193004,0.647657877434,0.630305382195,1,0,0,
151,16,3,1,11,3.20670816401,-0.0703689765178,0.961085938364,0.958367060453,1,1,0,powered-gm-normalizer-exceeds-one
151,16,3,1,12,2.59028133046,-0.0453066202624,0.930233477443,0.927235184949,1,1,0,powered-gm-normalizer-exceeds-one
151,16,3,1,13,9.29144454952,-0.214480527097,0.999907798739,0.999885745059,1,1,0,powered-gm-normalizer-exceeds-one
151,16,3,1,14,8.32826480888,-0.0414338316285,0.999758467464,0.999748252198,1,1,0,powered-gm-normalizer-exceeds-one
151,16,3,1,15,7.12377530821,-0.313977415319,0.999194929497,0.998898299299,1,1,0,powered-gm-normalizer-exceeds-one
151,16,3,1,16,7.01815766237,-0.131727384072,0.999105327417,0.998979488504,1,1,0,powered-gm-normalizer-exceeds-one
151,17,3,1,1,-4.44149846782,-3.33692852905e-07,0.0116411630913,0.0116411592519,1,0,0,
151,17,3,1,2,-4.5096586293,-6.80659452019e-05,0.0108824839368,0.0108817512956,1,0,0,
151,17,3,1,3,-4.48560099709,1.7763568394e-15,0.0111445122768,0.0111445122768,1,0,0,
151,17,3,1,4,-3.58128161694,-0.00983136259004,0.0270859232006,0.0268280454717,1,0,0,
151,17,3,1,5,1.26565177213,-0.414020639646,0.779997494424,0.700909197758,1,1,0,powered-gm-normalizer-exceeds-one
151,17,3,1,6,1.58370395289,-0.830320922398,0.829728448572,0.679915397319,1,1,0,powered-gm-normalizer-exceeds-one
151,17,3,1,7,-4.32407220077,-5.77131526569e-07,0.0130726753853,0.0130726679393,1,0,0,
151,17,3,1,8,3.79547274451,-0.12062490551,0.978021624541,0.975273631126,1,1,0,powered-gm-normalizer-exceeds-one
151,17,3,1,9,1.88272403676,-0.168682927375,0.867923701729,0.847359700345,1,1,0,powered-gm-normalizer-exceeds-one
151,17,3,1,10,-0.061620325263,-0.396408346109,0.484599791341,0.387453581866,1,0,0,powered-gm-normalizer-exceeds-one
151,17,3,1,11,4.02979665577,-0.170893508362,0.982532590019,0.979344526396,1,1,0,powered-gm-normalizer-exceeds-one
151,17,3,1,12,3.4341954961,-0.231039308939,0.968756305087,0.960952877509,1,1,0,powered-gm-normalizer-exceeds-one
151,17,3,1,13,8.68188939306,-0.472826397347,0.999830398503,0.999727898428,1,1,1,
151,17,3,1,14,7.12747077114,-0.580168817413,0.999197896733,0.998568074026,1,1,0,powered-gm-normalizer-exceeds-one
151,17,3,1,15,5.46419192515,-0.272825658156,0.99578210353,0.994466392039,1,1,0,powered-gm-normalizer-exceeds-one
151,17,3,1,16,4.92649549836,-0.105561707248,0.992800338032,0.992005174401,1,1,1,
151,18,3,1,1,-4.44102339342,0,0.0116466303977,0.0116466303977,1,0,0,
151,18,3,1,2,-4.56841513676,1.7763568394e-15,0.0102678658514,0.0102678658514,1,0,0,
151,18,3,1,3,-4.53796779026,5.3290705182e-15,0.010581944056,0.010581944056,1,0,0,
151,18,3,1,4,-3.60729281584,0,0.0264088359762,0.0264088359762,1,0,0,
151,18,3,1,5,0.905142340703,-0.0118346755125,0.7120051078,0.709572286628,1,1,0,
151,18,3,1,6,1.1364519985,-0.0414317712818,0.757027626241,0.749325883836,1,1,0,
151,18,3,1,7,-4.3241580929,0,0.0130715672702,0.0130715672702,1,0,0,
151,18,3,1,8,4.03539719557,-0.152426819848,0.982628448857,0.979825802674,1,1,0,powered-gm-normalizer-exceeds-one
151,18,3,1,9,0.710507784158,-0.0532809007471,0.670513351836,0.658637171434,1,1,0,
151,18,3,1,10,0.106433404891,-0.0100063993139,0.526583261207,0.524088089695,1,0,0,
151,18,3,1,11,3.92312956838,-0.126355539577,0.980604527208,0.978049578679,1,1,0,
151,18,3,1,12,4.02363536506,-0.054464772524,0.982426533128,0.981461089811,1,1,1,
151,18,3,1,13,10.6861348618,-0.188013611123,0.999977140819,0.999972412529,1,1,0,powered-gm-normalizer-exceeds-one
151,18,3,1,14,9.70234930502,-0.0632892988687,0.999938864047,0.99993486999,1,1,1,
151,18,3,1,15,9.24455692069,-0.410828274541,0.999903373116,0.9998542874,1,1,0,powered-gm-normalizer-exceeds-one
151,18,3,1,16,10.6128113928,-0.147288760524,0.999975401768,0.999971498423,1,1,0,powered-gm-normalizer-exceeds-one
151,19,4,1,1,-4.46189271155,-1.64966706961e-10,0.0114088360958,0.0114088360939,1,0,0,
151,19,4,1,2,-4.51324723744,-4.98931209769e-06,0.0108439236839,0.010843870167,1,0,0,
151,19,4,1,4,-2.78286687588,-1.35845751004e-05,0.0582570702684,0.0582563249798,1,0,0,
151,19,4,1,5,3.43143825376,-0.0650326857168,0.968672742232,0.966637968528,1,1,0,powered-gm-normalizer-exceeds-one
151,19,4,1,6,5.17441278368,-0.0474769144018,0.994372310816,0.994100295686,1,1,0,powered-gm-normalizer-exceeds-one
151,19,4,1,7,-4.32040461594,-2.84561707531e-10,0.0131200783612,0.0131200783576,1,0,0,
151,19,4,1,8,1.91405413795,-0.00861067049325,0.871473924457,0.870506379173,1,1,0,
151,19,4,1,9,5.11204343811,-0.47232895982,0.994012307275,0.990431975967,1,1,1,
151,19,4,1,10,4.45449371459,-0.757931139163,0.988507410632,0.975791912209,1,1,1,
151,19,4,1,11,-3.53465718782,-0.120204602018,0.0283420523091,0.0252129376042,1,0,0,
151,19,4,1,12,-3.43005581944,-0.0524230317034,0.0313692361185,0.0298148930097,1,0,0,
151,19,4,1,13,0.966663460955,-0.253699306929,0.7244539555,0.671055798359,1,1,0,powered-gm-normalizer-exceeds-one
151,19,4,1,14,1.19353982534,-0.249317616803,0.767373561301,0.719951734357,1,1,0,powered-gm-normalizer-exceeds-one
151,19,4,1,15,-0.49788361504,-0.208934827008,0.378038155869,0.330302228939,1,0,0,
151,19,4,1,16,2.1189349828,-0.130783688101,0.89272998275,0.879547416131,1,1,0,
151,20,4,1,1,-4.46171359513,-1.16529008665e-12,0.0114108564685,0.0114108564685,1,0,0,
151,20,4,1,2,-4.5160915692,-6.01471162653e-07,0.0108134568441,0.0108134504104,1,0,0,
151,20,4,1,3,-4.60366511559,-1.7763568394e-15,0.00991575513305,0.00991575513305,0,0,0,
151,20,4,1,4,-2.79302437791,-8.9346379184e-09,0.0577022914303,0.0577022909445,1,0,0,
151,20,4,1,5,4.03211340165,-0.197932198366,0.982572306289,0.978838459226,1,1,0,powered-gm-normalizer-exceeds-one
151,20,4,1,6,6.4358889783,-0.0583757017692,0.998399582391,0.998303539365,1,1,0,powered-gm-normalizer-exceeds-one
151,20,4,1,7,-4.32043690511,-1.76925141204e-12,0.0131196602894,0.0131196602894,1,0,0,
151,20,4,1,8,1.80806042514,-0.0145677012943,0.859127295674,0.857354961053,1,1,0,
151,20,4,1,9,4.32902182118,-1.31243119544,0.986991029865,0.953318033201,1,1,1,
151,20,4,1,10,3.44106062669,-0.144576980363,0.968963428258,0.96430798192,1,1,0,powered-gm-normalizer-exceeds-one
151,20,4,1,11,-3.39544988088,-0.00396882235213,0.0324379701707,0.0323136365969,1,0,0,
151,20,4,1,12,-2.87643936704,-0.00667265687796,0.0533306145158,0.0529947380074,1,0,0,
151,20,4,1,13,0.886973107358,-0.0296204247393,0.708265133454,0.702107257296,1,1,0,powered-gm-normalizer-exceeds-one
151,20,4,1,14,0.889781705009,-0.0372094768329,0.708845122089,0.701106447508,1,1,0,powered-gm-normalizer-exceeds-one
151,20,4,1,15,-0.913797030392,-0.000834907519412,0.286223476214,0.286052935392,1,0,0,
151,20,4,1,16,2.34784506056,-0.0165743460069,0.912762789013,0.911433965125,1,1,0,
151,21,4,1,1,-4.42197348976,-3.50515164055,0.0118679659898,0.000360692094474,0,0,0,
151,21,4,1,2,-4.50922433628,-0.114710628244,0.0108871596841,0.00971872131765,0,0,0,
151,21,4,1,3,-4.51210037948,-0.612350916656,0.010856232168,0.00591429398473,0,0,0,
151,21,4,1,4,-2.86201956223,-2.18043907403,0.0540633260301,0.00641641502253,0,0,0,
151,21,4,1,5,5.96704695897,-0.0303442460562,0.997444750679,0.997366232517,1,1,1,
151,21,4,1,6,9.18913195695,-0.0629238823907,0.999897866941,0.999891234552,1,1,0,powered-gm-normalizer-exceeds-one
151,21,4,1,7,-4.16044056328,-1.31997628879,0.0153610405878,0.00415029532847,0,0,0,
151,21,4,1,8,1.82772917455,-0.00485099885154,0.861490984607,0.860911127023,1,1,0,
151,21,4,1,9,5.94696354006,-2.17959518244,0.997393048884,0.977409325943,1,1,1,
151,21,4,1,10,3.59540780535,-0.392731705646,0.973283857555,0.960934859467,1,1,0,powered-gm-normalizer-exceeds-one
151,21,4,1,11,-2.8821661362,-0.00690727284964,0.0530422286841,0.0526963541778,1,0,0,
151,21,4,1,12,-2.28867838945,-0.0071217322795,0.0920649624995,0.0914713909384,1,0,0,
151,21,4,1,13,0.903000081483,-0.00693796872531,0.711565629904,0.710139593846,1,1,0,
151,21,4,1,14,0.568977210213,-0.0204107456875,0.638527138264,0.633802935915,1,1,0,
151,21,4,1,15,-0.210577715391,-0.0798036932788,0.447549246596,0.427910494476,1,0,0,
151,21,4,1,16,2.64538987689,-0.150751491187,0.9337262789,0.923765095088,1,1,0,
151,22,4,1,1,-4.46214316681,-1.86805237945e-10,0.0114060116381,0.011406011636,1,0,0,
151,22,4,1,2,-4.51290568333,-6.88323185116e-07,0.0108475879192,0.0108475805336,1,0,0,
151,22,4,1,3,-4.59783012439,0,0.00997320388744,0.00997320388744,0,0,0,
151,22,4,1,4,-2.77189179293,-1.56723025952e-05,0.0588621255987,0.0588612574003,1,0,0,
151,22,4,1,5,6.1456185122,-0.351798775421,0.997861731885,0.996962928135,1,1,0,powered-gm-normalizer-exceeds-one
151,22,4,1,6,8.03650148053,-0.272118160608,0.99967666605,0.999575588825,1,1,0,powered-gm-normalizer-exceeds-one
151,22,4,1,7,-4.32035939742,-3.22245341522e-10,0.0131206638609,0.0131206638567,1,0,0,
151,22,4,1,8,1.83210576947,-0.001568321843,0.86201239284,0.861825739684,1,1,0,
151,22,4,1,9,4.00590835484,-0.117184265894,0.982117850915,0.979939224025,1,1,1,
151,22,4,1,10,-0.785383240731,-1.01093006768,0.313160835774,0.14230043627,1,0,1,
151,22,4,1,11,-3.22839319923,-0.0261551633648,0.0381111065223,0.037163791844,1,0,0,
151,22,4,1,12,-2.22497259593,-0.00532865460484,0.0975302490684,0.0970622358357,1,0,0,
151,22,4,1,13,1.13026222181,-0.011356057237,0.755887287954,0.753785764844,1,1,0,
151,22,4,1,14,0.824182021619,-0.0076097399875,0.695123345415,0.693508246595,1,1,0,
151,22,4,1,15,-0.0655766543122,-0.0100399548933,0.483611708878,0.481104850177,1,0,0,
151,22,4,1,16,2.1433594048,-0.0491993634222,0.895046605914,0.890334268625,1,1,0,
151,23,4,1,1,-4.46232225559,-9.00257646208e-12,0.011403992425,0.0114039924249,1,0,0,
151,23,4,1,2,-4.51201427849,-2.62705214027e-07,0.0108571567916,0.0108571539703,1,0,0,
151,23,4,1,3,-4.6047435887,-1.7763568394e-15,0.00990517288981,0.00990517288981,0,0,0,
151,23,4,1,4,-2.76162568697,-2.32510053877e-07,0.0594334231852,0.0594334101876,1,0,0,
151,23,4,1,5,5.60815633857,-0.0892230643238,0.996345578424,0.996005893497,1,1,0,powered-gm-normalizer-exceeds-one
151,23,4,1,6,6.72124726735,-0.17874277213,0.998796416084,0.998561197824,1,1,0,powered-gm-normalizer-exceeds-one
151,23,4,1,7,-4.3203271106,-1.48858703142e-11,0.0131210819337,0.0131210819335,1,0,0,
151,23,4,1,8,1.84795483241,-0.00778046277466,0.863886798021,0.862969328508,1,1,0,
151,23,4,1,9,4.73649895193,-0.116286665995,0.991306937796,0.990245385157,1,1,0,powered-gm-normalizer-exceeds-one
151,23,4,1,10,2.91030072691,-0.797594584324,0.94835329592,0.892132028511,1,1,1,
151,23,4,1,11,-3.50539840705,-0.0216231233593,0.0291590194234,0.0285530880042,1,0,0,
151,23,4,1,12,-2.8413682871,-0.00765960400669,0.0551292203219,0.0547315885185,1,0,0,
151,23,4,1,13,1.0379041637,-0.00971226067542,0.738445410668,0.736565208394,1,1,0,
151,23,4,1,14,1.0326854566,-0.00503028736344,0.737436196268,0.73646104901,1,1,0,
151,23,4,1,15,0.190591699387,-0.00415346466643,0.547504211848,0.54647501701,1,0,0,
151,23,4,1,16,1.83017470299,-0.0130818241927,0.861782537609,0.860216929767,1,1,0,
151,24,4,1,1,-4.46219897504,-2.07908357197e-10,0.0114053823664,0.0114053823641,1,0,0,
151,24,4,1,2,-4.51172733898,-2.46551710603e-06,0.0108602387476,0.0108602122623,1,0,0,
151,24,4,1,4,-2.76705713196,-1.46566856962e-05,0.0591305250358,0.0591297096295,1,0,0,
151,24,4,1,5,7.105670121,-0.310582909604,0.999180232852,0.998881990991,1,1,0,powered-gm-normalizer-exceeds-one
151,24,4,1,6,8.41770344121,-0.138692851214,0.999779127366,0.999746276216,1,1,0,powered-gm-normalizer-exceeds-one
151,24,4,1,7,-4.32034936868,-3.55694140808e-10,0.0131207937188,0.0131207937142,1,0,0,
151,24,4,1,8,2.02117694755,-0.328768557146,0.883002653181,0.844540624133,1,1,0,powered-gm-normalizer-exceeds-one
151,24,4,1,9,7.9083197073,-0.23623433143,0.999632463275,0.999534570961,1,1,0,powered-gm-normalizer-exceeds-one
151,24,4,1,10,7.11930256755,-0.492736787868,0.999191323479,0.99867704791,1,1,1,
151,24,4,1,11,-3.16357480275,-0.730877740722,0.0405597127659,0.0199484731237,1,0,0,
151,24,4,1,12,-3.02895606747,-0.651195463342,0.0461347449168,0.0245987923573,1,0,0,powered-gm-normalizer-exceeds-one
151,24,4,1,13,1.53047984422,-0.681812129686,0.822076510302,0.700287590534,1,1,1,
151,24,4,1,14,1.67096126399,-0.335387287422,0.841703940521,0.791761141216,1,1,1,
151,24,4,1,15,0.616907627629,-0.450706826217,0.649514910456,0.541454819729,1,0,1,
151,24,4,1,16,2.42003451193,-0.0177040976758,0.918342332615,0.91700483671,1,1,1,
