sensor,step,reference_count,candidate_count,common_count,added_count,lost_count,common_reference_squared_error,common_candidate_squared_error,added_squared_error,lost_squared_error
1,1,1,3,0,3,1,0,0,817.228462138967,4.03896783473158e-27
1,2,1,4,1,3,0,30.3525086822182,160.586998636691,850.965365261041,0
1,3,2,4,2,2,0,116.241012937669,145.692332302248,646.756683059775,0
1,4,2,4,1,3,1,256.160360510335,202.878055518489,457.888875976521,0.327991901240301
1,5,2,4,1,3,1,252.438057236271,252.671944101529,473.859286995639,1.00114256644618
1,6,2,4,2,2,0,342.498971999849,483.363253507001,428.058810987858,0
1,7,3,7,3,4,0,147.890636584757,317.489461108526,1886.32197958017,0
1,8,3,7,3,4,0,220.494508565797,201.618650227713,2219.09510400432,0
1,9,3,7,3,4,0,258.43327378062,211.671397499613,2586.66551204205,0
1,10,2,8,2,6,0,147.184295866422,168.56709205814,2570.8058960827,0
1,11,4,9,4,5,0,250.413386855574,368.585439842492,2515.40214943112,0
1,12,4,10,4,6,0,239.234147697211,196.876089583352,2452.19150097311,0
1,13,5,10,4,6,1,378.76901293988,320.100883713493,2445.79210728893,49.7246058324609
1,14,6,13,5,8,1,340.953682639868,205.813864628433,3213.98080500232,54.2369460589955
1,15,7,12,6,6,1,285.434047375972,292.564038732875,3478.52387246322,243.994996334645
1,16,6,12,4,8,2,341.739998351073,550.046782174893,3869.35175421295,190.024875092352
1,17,7,12,6,6,1,244.456353565978,300.551617430535,3502.98311290501,604.123434456279
1,18,7,12,6,6,1,342.200087988482,522.395816372207,3874.83864623568,267.287477374041
1,19,7,15,7,8,0,1282.88418011734,946.41595322581,3501.95655122509,0
1,20,6,14,6,8,0,949.641997612468,395.345442274428,2923.69394982983,0
1,21,6,14,5,9,1,88.3048859529074,184.903304895463,2323.30889094308,23.5935690256407
1,22,7,14,6,8,1,298.427218956634,408.380990472802,1941.34897430764,32.7336965193663
1,23,7,14,7,7,0,538.004909908555,960.893392001193,1531.73005035833,0
1,24,8,14,7,7,1,204.703665773979,572.169634057304,852.341284090417,276.372359378238
1,25,8,14,7,7,1,779.093742753471,1462.14809932126,884.031501711859,123.17762313896
1,26,7,13,7,6,0,785.725796623671,1137.75509378254,689.547491908409,0
1,27,8,14,7,7,1,821.250259019218,1090.03204904439,997.844266665175,787.484227482939
1,28,8,15,8,7,0,748.152423792862,648.110866886783,1072.86330026447,0
1,29,8,15,8,7,0,171.477033069834,171.94903018229,1187.90761967931,0
1,30,8,15,8,7,0,242.154756813879,336.86699998309,1312.85620558911,0
1,31,8,14,8,6,0,758.057672202363,507.042538342384,955.613723083886,0
1,32,8,13,7,6,1,532.63952557838,158.954366963597,959.71254121995,176.828624702835
1,33,8,14,7,7,1,430.494188344494,241.879439168442,1451.26397051553,45.0048922643509
1,34,8,14,7,7,1,446.905183744709,371.443025021655,1692.54129841026,351.436851461649
1,35,8,14,8,6,0,870.169152259243,965.48958133659,975.239951602338,0
1,36,8,14,8,6,0,499.672906734396,366.021864141092,977.374130185321,0
1,37,8,14,8,6,0,278.31714544807,682.233202495213,982.310338216003,0
1,38,8,13,8,5,0,528.417329762628,1193.36229224605,762.591053012224,0
1,39,8,13,8,5,0,586.260297901428,1077.84723462692,763.526562459539,0
1,40,8,14,8,6,0,999.734392198365,1125.17338047617,999.550183238062,0
2,1,1,1,1,0,0,8.07793566946316e-28,8.07793566946316e-28,0,0
2,2,1,3,0,3,1,0,0,817.228462138971,2.98883619770137e-26
2,3,1,3,0,3,1,0,0,199.072864949807,34.940926295282
2,4,2,4,2,2,0,57.0777315543216,152.11484899088,649.027209404779,0
2,5,2,4,1,3,1,288.647732048101,197.63202451182,501.728048231579,1.0011425664462
2,6,2,4,1,3,1,314.05148581617,336.44728149949,489.944812067451,1.17250914754604
2,7,2,4,1,3,1,150.285479720066,156.860011437679,1182.04630770178,31.9209583752948
2,8,3,7,3,4,0,262.786509366977,409.355694254971,2556.29299678962,0
2,9,3,7,3,4,0,399.756666984276,553.240240995754,3063.16671098386,0
2,10,3,7,2,5,1,287.130808012693,179.026479231231,3901.38172465045,121.281568934212
2,11,3,9,2,7,1,170.286469575349,143.07754331814,4523.32422869243,102.250664951072
2,12,4,9,4,5,0,82.8120436333753,404.224784785093,2996.78938805377,0
2,13,5,10,4,6,1,393.205626384273,267.368195973171,2595.2395156028,66.604256471172
2,14,5,10,4,6,1,283.374124267416,159.871414733331,2804.41235658504,80.4355528382038
2,15,6,13,6,7,0,626.6873135469,375.605503257752,3125.19908752115,0
2,16,6,12,4,8,2,200.506268456742,137.946919878455,4078.75407854329,200.57785115623
2,17,7,13,6,7,1,463.258112873382,529.856482034318,4353.82951814104,135.364390394343
2,18,7,13,7,6,0,299.847116776875,606.622775988307,4047.8904745593,0
2,19,8,14,8,6,0,435.111146345153,567.969803206041,4378.7008392079,0
2,20,7,15,7,8,0,976.872131936826,1071.94066132169,4155.06768751987,0
2,21,6,14,6,8,0,367.149960218966,391.229212436447,3535.29022342158,0
2,22,6,14,5,9,1,151.350976998077,231.465189928615,2864.50095887382,57.9836586024709
2,23,7,14,7,7,0,395.208428463004,585.117076174912,2089.06136760395,0
2,24,7,14,7,7,0,555.557550129174,1025.24742410346,1814.26303590177,0
2,25,7,14,6,8,1,361.732899027245,729.633386874717,948.852145384108,43.4893611226589
2,26,8,14,7,7,1,878.247093111455,1439.02465423309,958.676551628112,3.76872384064976
2,27,8,14,7,7,1,522.583032946843,541.767022969631,1017.31650866952,315.604991700744
2,28,8,13,7,6,1,1088.86901578145,1377.37825265176,863.491121353497,185.392341839739
2,29,8,14,8,6,0,542.755322966651,715.548891292747,956.361717765379,0
2,30,8,15,8,7,0,289.142247778817,247.479092750981,1315.04593847588,0
2,31,8,15,8,7,0,414.422498054881,461.841109533151,1384.4881047523,0
2,32,8,14,8,6,0,914.320168624841,742.898816634836,958.746398869874,0
2,33,7,13,7,6,0,440.223222654492,267.649924977399,962.894523967421,0
2,34,8,13,7,6,1,518.974550907359,259.056373342653,967.888673228322,132.563301635559
2,35,8,13,7,6,1,647.901102249552,463.058611220504,972.713629605239,373.898556713038
2,36,8,13,8,5,0,1226.94858093244,1115.54244201559,553.196678470272,0
2,37,8,14,8,6,0,798.395449747895,639.137904392825,982.330446598247,0
2,38,8,14,8,6,0,235.227343303296,500.983597222079,987.132830448625,0
2,39,8,13,8,5,0,341.873387652823,704.467432300498,766.589647267486,0
2,40,7,13,7,6,0,504.178148585444,1277.86873957594,804.057482049738,0
3,1,1,1,1,0,0,8.07793566946316e-28,8.07793566946316e-28,0,0
3,2,1,1,1,0,0,1.37324906380874e-26,1.37324906380874e-26,0,0
3,3,1,3,0,3,1,0,0,809.571707921546,0.0103683985195039
3,4,1,3,0,3,1,0,0,223.24123093381,37.3750569497155
3,5,1,4,1,3,0,40.3275779724912,76.288857749083,478.335450655007,0
3,6,2,4,1,3,1,293.213654880272,367.402353934523,325.527980966101,2.32452371272568
3,7,2,4,1,3,1,370.337593963969,428.291550651809,489.822724884618,2.49734966951239
3,8,2,4,1,3,1,204.982369369043,235.896915263671,1612.36098897994,41.2603332921313
3,9,3,7,3,4,0,431.784724324596,66.4821710446053,4277.80463561789,0
3,10,3,7,3,4,0,479.248968354489,84.7499377350196,6372.23452837212,0
3,11,3,7,3,4,0,409.115896442471,427.3453291139,4881.91496531687,0
3,12,3,9,2,7,1,134.362314847983,122.691226310045,5628.10387037276,69.5014730600758
3,13,4,9,4,5,0,162.736401068364,650.062738078099,3246.58449014078,0
3,14,4,9,2,7,2,115.258840180658,114.19360211958,3135.1118146093,246.183962284849
3,15,5,10,5,5,0,291.140969660003,307.94915024198,3201.04263303034,0
3,16,5,12,5,7,0,463.314217534072,643.906375030369,3420.17195853495,0
3,17,6,12,4,8,2,156.956742623363,108.180463624343,4398.97321586919,170.447012063758
3,18,7,13,6,7,1,291.932727527335,392.835338407001,4625.18073276308,50.7219101109493
3,19,8,13,7,6,1,510.890424888281,518.500201187194,4682.21199754065,79.9597499768063
3,20,8,13,7,6,1,444.598742644123,324.451598601655,4956.26454058039,75.6983419642751
3,21,7,15,7,8,0,798.243702523839,820.175544886658,4846.65602368095,0
3,22,6,14,6,8,0,473.417337898267,427.383502264744,4226.65347946079,0
3,23,6,14,6,8,0,429.245709432376,839.410953568959,3454.87306470759,0
3,24,7,14,6,8,1,148.193378351703,376.886783787645,2990.26442452683,86.619214847386
3,25,7,14,7,7,0,707.540581741829,1235.46966159655,2177.24132995875,0
3,26,7,14,7,7,0,713.402868874247,1177.13009811865,951.080621034101,0
3,27,7,14,7,7,0,1111.81312944525,3246.10450969415,1040.26630131266,0
3,28,8,13,6,7,2,709.153433061686,406.116650998957,1121.32714311971,547.709526379549
3,29,8,14,7,7,1,804.006083803918,438.858046578015,1217.94136247479,549.24277208966
3,30,8,14,8,6,0,759.202216909534,751.589172723509,1092.01630769796,0
3,31,8,15,8,7,0,275.234027620202,352.944049022957,1464.96575233553,0
3,32,8,15,8,7,0,504.490661083301,540.892439242685,1467.6306950049,0
3,33,8,14,8,6,0,1068.92019998663,875.478184378934,962.220211181753,0
3,34,7,13,7,6,0,704.51681517414,512.632690428307,966.381258345331,0
3,35,8,13,7,6,1,739.800089701702,214.423446834778,971.399871328807,214.499147742314
3,36,8,13,7,6,1,756.18823654426,389.347482221886,976.545745052893,426.614988823927
3,37,8,13,7,6,1,1059.53190234332,816.077611406374,982.647404502068,557.487729916212
3,38,8,14,8,6,0,1177.86759925615,967.026515379604,987.231378897774,0
3,39,8,14,8,6,0,396.826941103127,317.014069642931,992.257975857238,0
3,40,8,13,8,5,0,384.207871855662,541.812526177383,770.969078572848,0
4,1,1,1,1,0,0,8.07793566946316e-28,8.07793566946316e-28,0,0
4,2,1,2,1,1,0,16.9607643444775,20.93201485057,1.37324906380874e-26,0
4,3,1,2,1,1,0,94.8021620542986,85.2079377532664,0.0107475111315627,0
4,4,1,3,1,2,0,57.7859450206152,70.7551013421368,174.365928820887,0
4,5,1,4,1,3,0,84.5228806957097,11.0167561042277,275.734256855203,0
4,6,1,3,1,2,0,56.7456472447751,76.4214402652297,131.559723465347,0
4,7,2,4,1,3,1,48.6539980331852,17.4196012329198,350.055182678281,4.60440480403317
4,8,2,3,2,1,0,169.420236548473,196.590055029485,238.015902912071,0
4,9,2,3,1,2,1,177.367274665586,194.381883789998,250.941516318795,17.7802266085024
4,10,2,6,2,4,0,166.369294189606,69.327067150613,5443.3771658717,0
4,11,3,6,3,3,0,402.858992185329,248.740778851213,4070.27290460141,0
4,12,3,6,3,3,0,152.154337266201,281.771253144863,3387.84548462269,0
4,13,4,8,2,6,2,203.748526213542,557.60043191668,4065.78095436598,115.953976020204
4,14,4,9,3,6,1,145.171024472912,513.222437181747,3906.68584952386,177.425838324536
4,15,5,9,3,6,2,161.106129378018,323.781574697737,3412.34403572049,415.006982636961
4,16,5,9,4,5,1,344.794489254549,261.876974555406,3749.56774953479,62.9585939279013
4,17,5,12,5,7,0,437.14315744752,313.782836855093,4081.15047088377,0
4,18,5,12,3,9,2,241.168679922057,252.84766285798,4835.44678011316,159.566227499776
4,19,7,13,6,7,1,894.521189632944,575.003833169616,5107.57503380589,12.9373555769413
4,20,7,13,7,6,0,669.24796914096,435.750927785398,5323.35899107387,0
4,21,8,13,7,6,1,898.335128684017,647.720013040795,5550.29816010594,76.4042588548198
4,22,7,12,6,6,1,855.833411904916,322.22768679089,6106.08442967364,65.6569672896513
4,23,7,14,5,9,2,300.214626005688,474.738193298358,5164.09091009444,2108.19764981333
4,24,6,14,6,8,0,273.589404607701,691.862469581053,4209.32144317866,0
4,25,7,15,7,8,0,296.232507865742,599.634519874165,4150.10174701221,0
4,26,7,15,7,8,0,386.163121159393,589.42137394766,3648.79492478112,0
4,27,7,14,7,7,0,325.899616769374,669.000078551851,1741.18930082419,0
4,28,7,13,7,6,0,1292.9363565999,2679.78630120133,895.336550679882,0
4,29,8,13,6,7,2,871.169918826954,469.299541919099,1237.97629084714,670.27948188586
4,30,8,14,7,7,1,1002.03104127507,467.783971142729,1354.59905037031,704.567285502155
4,31,8,14,7,7,1,582.174006761747,456.874307563118,1482.93331865803,287.945371990284
4,32,8,14,8,6,0,529.324792792713,546.619066946477,1406.74118441751,0
4,33,8,14,8,6,0,576.101773846107,599.39323881208,1143.49513728517,0
4,34,8,14,8,6,0,579.460378967439,715.33545421814,1253.8327551294,0
4,35,8,14,7,7,1,956.249659405649,634.754395172961,1825.71819448329,414.899279166407
4,36,8,13,7,6,1,1028.55985639345,399.42568352259,975.26775136907,324.063335815335
4,37,8,13,7,6,1,789.528177495069,546.208464623029,980.637219697607,509.229185002466
4,38,8,13,7,6,1,1214.56091770809,826.128781166354,986.832650872663,681.646865034986
4,39,8,13,8,5,0,1426.96487074311,1128.86649686031,563.370026002796,0
4,40,8,13,8,5,0,869.571189509245,530.518231296159,568.138582682063,0
5,1,1,1,1,0,0,22.6867648819306,22.6867648819306,0,0
5,2,2,2,2,0,0,31.5517401950044,31.5517401950032,0,0
5,3,2,2,2,0,0,165.451385604122,131.782056901025,0,0
5,4,2,2,2,0,0,310.027325199947,298.65395949893,0,0
5,5,3,4,2,2,1,283.683804685472,527.777032460983,170.816949173354,1.00114256644624
5,6,2,4,2,2,0,122.279378690143,220.498299201629,148.425461099545,0
5,7,2,4,2,2,0,126.795519936724,76.4591234832018,135.877109844244,0
5,8,2,4,2,2,0,145.400478723638,503.396040985725,304.701169756587,0
5,9,3,4,3,1,0,475.948597343905,270.86017997951,852.536513783257,0
5,10,3,4,3,1,0,420.766298496291,145.633338009205,564.151153234374,0
5,11,2,6,2,4,0,227.772991647162,57.2366101552337,7064.81376984397,0
5,12,4,7,4,3,0,458.31086892459,922.406354816208,7858.62263112846,0
5,13,5,7,5,2,0,846.288326947029,871.516084084527,5759.86431360594,0
5,14,5,9,4,5,1,817.959578731022,733.315404097067,4305.73573357028,77.2355904712162
5,15,5,10,4,6,1,390.656341353116,652.406387604618,4716.70435914612,169.522406988511
5,16,5,10,5,5,0,461.478364310732,383.674777310254,5065.77722851138,0
5,17,5,10,5,5,0,437.888071667936,311.074824704711,4212.76302093269,0
5,18,5,11,4,7,1,300.055519956508,303.624256296109,4670.77464489981,53.0115333161712
5,19,5,12,4,8,1,813.61743226925,849.429424044551,5095.99414294561,69.6007966999981
5,20,7,13,6,7,1,348.018470226171,223.497541461075,5929.18546954623,3.30360775639722
5,21,7,13,7,6,0,848.298519172854,537.119433171295,5974.17515476113,0
5,22,7,12,5,7,2,460.809461396993,294.694111488571,6327.37424989281,480.707527398889
5,23,7,13,6,7,1,861.915555466755,416.112076778713,6979.12302049917,61.2668047598069
5,24,7,15,6,9,1,385.148228106149,331.885061449659,6358.23205270686,1175.72310107477
5,25,7,14,6,8,1,162.752168962851,358.420696902642,5079.20318869525,459.80502328185
5,26,7,15,7,8,0,132.414012617212,505.032300482811,4139.63330652743,0
5,27,7,15,7,8,0,208.787322025341,438.885070975399,3234.84935328628,0
5,28,8,14,7,7,1,594.623371458715,698.689175309935,1833.68168824688,34.4828033215376
5,29,7,13,6,7,1,518.725762130413,352.391361562234,1234.67583092692,115.524198448979
5,30,7,13,6,7,1,759.424141374487,429.623593118618,1368.46869261783,130.278065439749
5,31,8,13,7,6,1,1630.23066342131,275.842418985024,1274.04514904507,258.243790680105
5,32,8,14,8,6,0,512.533579858415,658.862061380422,1427.72892736683,0
5,33,8,14,8,6,0,781.525244594466,589.925327931774,1606.96607352214,0
5,34,8,14,8,6,0,593.001210834971,554.20657774979,1820.61507244591,0
5,35,8,14,8,6,0,851.035228252653,872.116597625438,1377.80895749382,0
5,36,8,14,8,6,0,1173.63704349864,1079.25289881202,974.517984465737,0
5,37,8,13,7,6,1,937.34060676057,822.739325007623,979.487096929439,89.1605752737214
5,38,8,12,7,5,1,329.587102332574,424.356146383749,763.025706119116,287.425567114167
5,39,7,12,7,5,0,248.047041275126,314.545284891423,771.861064276131,0
5,40,8,12,8,4,0,878.099171643708,904.762392791669,349.512706607248,0
6,1,2,2,2,0,0,26.9796779405789,27.9527209237415,0,0
6,2,2,2,2,0,0,65.828432251047,55.4847958117692,0,0
6,3,2,2,2,0,0,253.693022729002,252.059490240242,0,0
6,4,2,4,2,2,0,224.222593201228,195.536656015168,189.351895048305,0
6,5,3,5,3,2,0,212.29051861642,281.272059435548,351.617293260479,0
6,6,3,6,2,4,1,108.351072698589,237.839027136131,1218.14914607106,2.32452371272506
6,7,3,6,2,4,1,176.788719138789,123.995940264324,2496.12685797867,0.402450850357771
6,8,2,6,2,4,0,112.418017928559,118.23693248065,1656.78438189918,0
6,9,3,9,2,7,1,145.812179090163,242.244216901882,2439.92388522952,56.0829632350058
6,10,3,8,3,5,0,139.549207092066,832.742229355182,1525.3956293955,0
6,11,4,8,3,5,1,294.030623681375,236.817587163274,2043.25092238786,196.03555633168
6,12,4,8,3,5,1,132.251535327948,448.812468759423,2963.94827157477,104.758494587889
6,13,5,12,5,7,0,288.824071330378,275.871026542905,3138.62960066985,0
6,14,5,11,5,6,0,175.58624004849,290.551357651884,3122.36009279795,0
6,15,5,11,3,8,2,150.908564694495,586.741979189846,3369.8145167201,609.039316775764
6,16,5,12,5,7,0,263.742112911589,302.119916111791,3287.77672841343,0
6,17,5,12,5,7,0,373.259758198209,353.186514858834,3540.44576927922,0
6,18,5,14,5,9,0,473.649373582064,445.09346202891,3228.32639417363,0
6,19,5,13,4,9,1,388.096747832253,422.150124670928,2807.7089111001,41.1263230483393
6,20,6,14,5,9,1,228.360330709179,343.484660250085,2051.49980344303,3.91456533299637
6,21,7,14,7,7,0,236.7021138775,320.579897279213,1411.42826613326,0
6,22,7,14,6,8,1,420.530167487842,460.988758895826,1349.34210454551,68.5364727333014
6,23,8,14,7,7,1,300.52546385191,454.201585780467,820.402144354599,114.373264853512
6,24,8,15,7,8,1,500.725255041884,763.64370185345,1234.06486519792,280.584081297288
6,25,7,14,7,7,0,556.43840294295,604.658559513222,846.338345715461,0
6,26,7,14,7,7,0,540.063964742954,743.988987657255,913.755172596927,0
6,27,8,15,8,7,0,410.989169358487,400.621763159325,1134.53959274807,0
6,28,8,15,8,7,0,215.766096367377,296.468636470631,1081.67387353333,0
6,29,8,15,8,7,0,258.303901742316,463.605177078662,1251.983871049,0
6,30,7,14,6,8,1,241.877146516197,285.482762429073,1375.94553400532,117.890224074123
6,31,7,13,6,7,1,295.57404544078,330.793824466578,979.418929717464,102.743686875997
6,32,8,14,8,6,0,397.769683311143,682.564724443319,961.751276349143,0
6,33,8,14,8,6,0,550.878887210037,572.529486894926,1145.68134818804,0
6,34,8,13,8,5,0,498.2628142894,578.838690465659,743.076278425812,0
6,35,8,14,8,6,0,809.616031758448,858.710745244028,972.206375613706,0
6,36,8,14,8,6,0,344.492588047105,788.634580515007,977.930217157633,0
6,37,8,14,8,6,0,776.939992869092,1315.54722010214,984.359712730263,0
6,38,8,13,7,6,1,759.118873470298,703.835446185295,985.676985401583,155.429946673945
6,39,8,13,7,6,1,605.13855270125,490.230049992656,995.138812393003,53.3580304701208
6,40,8,13,8,5,0,869.055383831476,837.349681318504,775.798365837799,0
7,1,4,4,4,0,0,1159.28491984571,1159.28491984571,0,0
7,2,5,5,5,0,0,709.678647141249,709.678647141249,0,0
7,3,5,5,5,0,0,504.069372067554,505.203384650478,0,0
7,4,5,5,5,0,0,218.676656718929,220.59853754422,0,0
7,5,4,4,4,0,0,407.768243795712,412.565842716648,0,0
7,6,4,4,4,0,0,563.227644300858,566.933748242305,0,0
7,7,4,6,3,3,1,209.304796692167,233.033548352995,2434.6356434381,98.9653009508734
7,8,4,6,4,2,0,497.913704728556,259.31382386693,1882.47267704202,0
7,9,4,6,3,3,1,367.865855507005,81.6118305957636,2692.69981812063,2.01362467587394
7,10,4,6,2,4,2,85.5967835860353,69.1016780205388,3515.41836657395,38.4042545267748
7,11,4,9,3,6,1,20.8715311464267,59.1970857440444,2055.7500821407,72.1493659167159
7,12,5,10,4,6,1,146.656774913127,124.383830213237,2143.16974881168,45.2828597634764
7,13,4,10,4,6,0,104.840028186355,223.081122569299,2292.41846142213,0
7,14,4,12,4,8,0,204.72407887514,246.418391688294,1475.49720255465,0
7,15,3,11,3,8,0,90.6836066124677,83.9798870752686,970.124207219354,0
7,16,4,12,4,8,0,343.144112465573,255.000508632021,1044.30717549862,0
7,17,4,11,4,7,0,142.121869439478,40.2311273840517,700.70057198243,0
7,18,4,11,4,7,0,142.249444163721,80.3711677506468,770.732069071693,0
7,19,4,12,4,8,0,200.114299430397,180.973812898069,744.125362480329,0
7,20,4,13,3,10,1,57.3773930885094,197.324872305469,990.244898626566,4.08952161295246
7,21,4,13,3,10,1,109.176862258698,192.476710212861,1008.60634875778,18.0114015108344
7,22,4,13,4,9,0,353.812687347528,128.446285212418,1130.40961076077,0
7,23,4,13,4,9,0,157.017895698682,195.717407080796,1172.16081739122,0
7,24,4,13,4,9,0,46.9396738960259,51.2651929277974,1608.42186484763,0
7,25,4,13,4,9,0,107.42772864581,230.847855412172,1731.07581604318,0
7,26,4,13,4,9,0,265.172323316879,282.351174055744,1591.36642931511,0
7,27,5,13,5,8,0,115.323821414301,333.054676692752,1502.80815032727,0
7,28,4,12,4,8,0,134.177524230379,304.237070130948,1202.45162467984,0
7,29,4,12,4,8,0,63.3651042164371,141.412613582297,1401.88546466357,0
7,30,4,12,4,8,0,188.147767375926,55.8679399803497,1541.07907179903,0
7,31,5,12,5,7,0,114.487016965257,74.4170620440718,1390.46580603666,0
7,32,6,12,6,6,0,371.677684943181,212.219541420905,913.073501398358,0
7,33,6,12,6,6,0,422.887731590466,336.772587837904,1237.53158721544,0
7,34,7,12,5,7,2,319.925398999455,137.469150746936,1376.29320005896,132.764263315825
7,35,7,12,6,6,1,356.163603588355,374.390502142625,797.518367514956,31.2009394019686
7,36,8,13,8,5,0,468.827429869966,519.550381141279,802.078425618116,0
7,37,8,12,8,4,0,451.954688263409,241.617545393923,669.522906938996,0
7,38,7,12,7,5,0,214.705243030847,164.083061073894,681.630732544685,0
7,39,7,12,6,6,1,158.975340468448,154.636096156082,1290.27836342987,266.730388913906
7,40,8,12,7,5,1,181.648435105745,345.509407112886,1149.40113708753,56.0806357011286
8,1,3,3,3,0,0,474.351137520299,474.351137520299,0,0
8,2,5,7,4,3,1,486.215678820721,893.380334302435,251.460629730772,4.03896783473158e-27
8,3,5,7,4,3,1,261.210131844364,272.433593393171,347.376125391815,11.9368379133329
8,4,5,7,4,3,1,505.396410744493,539.17009575716,339.968077239488,0.327991901240293
8,5,4,10,4,6,0,255.443034995893,253.33882834524,859.537573625924,0
8,6,4,10,3,7,1,160.609208661818,176.003517853689,1161.71839715346,141.166212560843
8,7,4,9,3,6,1,200.849589086347,197.709637330558,1134.33251302383,2.03720598746219
8,8,4,9,3,6,1,82.3163590653374,133.978072557698,1317.02659955554,53.561636306416
8,9,4,11,3,8,1,293.435489630832,50.2414932229675,1506.13059020455,0.178816108077303
8,10,4,11,2,9,2,89.5056594030431,59.3830946701556,1681.79043297788,35.1424626163733
8,11,4,11,4,7,0,466.970638629544,208.411352399138,1111.82830872765,0
8,12,4,10,3,7,1,74.1395784779993,233.939486559686,593.850928853262,3.27903157975256
8,13,5,12,4,8,1,71.8797098350393,124.922122738991,811.895662847848,42.1810319566826
8,14,4,12,4,8,0,74.2499848842105,248.388224502104,1007.20198709121,0
8,15,4,13,4,9,0,283.085149447258,154.847235220147,1032.98439899238,0
8,16,3,12,3,9,0,99.5117697064058,97.4564364616046,1434.2130506542,0
8,17,4,13,4,9,0,122.174373449032,167.229618695499,921.269478901011,0
8,18,4,12,4,8,0,93.800919962056,44.2980403005008,1383.49017719987,0
8,19,4,12,4,8,0,170.308474121414,125.142632315806,1397.53035955609,0
8,20,4,13,4,9,0,329.412120756934,275.783340233714,1416.01735998227,0
8,21,4,12,3,9,1,67.7173590630726,266.099155333244,1466.27299299476,0.0417705849960189
8,22,4,12,3,9,1,63.9803696086032,90.1760777566056,1577.95696866655,10.9464690692225
8,23,4,12,3,9,1,196.33834351756,71.2333364024184,1761.23266541434,29.2621443131428
8,24,4,13,4,9,0,76.7347689725128,65.4696542267515,1565.77167703455,0
8,25,4,12,4,8,0,61.3753799780153,68.0597556260378,1504.86232044017,0
8,26,4,12,4,8,0,120.740289622683,193.065663645519,1696.88316568703,0
8,27,4,12,4,8,0,130.670300684825,173.328243942784,1577.2811042794,0
8,28,4,11,4,7,0,83.4395171296815,93.192480814632,1118.90109511062,0
8,29,4,11,4,7,0,82.7958961103916,247.890553703183,1624.03771315169,0
8,30,4,11,4,7,0,101.466055435462,114.55026576826,1316.71317712683,0
8,31,5,10,4,6,1,131.727849976488,84.4716749437443,1377.90129170468,20.7588851167644
8,32,6,10,5,5,1,131.698132462797,123.669737078397,1098.50907014338,41.2886158773617
8,33,6,11,5,6,1,300.476918036518,240.074475902386,807.734849494941,44.2607511095896
8,34,7,11,6,5,1,227.272362062927,407.168930771234,1102.79915244591,47.6583559924704
8,35,7,11,7,4,0,303.183370228184,424.148081730873,1094.39562096597,0
8,36,6,11,5,6,1,229.970781462463,176.395563354497,1247.96642423732,32.4171284536946
8,37,8,11,6,5,2,132.618520703328,170.029202391987,1152.95189195389,37.4715073813488
8,38,7,12,7,5,0,71.2095019404429,84.4028122358189,1132.38984073231,0
8,39,7,11,7,4,0,171.275065245688,144.589492669508,640.160733253073,0
8,40,7,12,7,5,0,218.047738870602,171.849031228432,1214.39183414845,0
9,1,3,3,3,0,0,463.752890405871,463.752890405871,0,0
9,2,4,4,4,0,0,159.718686463828,159.718686463828,0,0
9,3,5,7,4,3,1,1824.41271473721,1239.3576375099,365.452435299003,0.0103683985195039
9,4,5,7,4,3,1,277.303369712508,266.090184930687,593.573888705632,0.0365582200698458
9,5,5,7,4,3,1,611.052121094709,569.609427643915,224.289923189091,0.457678403341365
9,6,5,10,4,6,1,306.265565653658,303.733773494702,943.842423631138,2.32452371272553
9,7,4,9,3,6,1,159.275648432931,182.810207386779,1290.33068789363,178.193954298571
9,8,4,9,3,6,1,93.3896179877183,106.362991979443,1381.528282166,85.0097108910591
9,9,4,8,3,5,1,149.34157999129,106.379083400469,619.734650523786,7.37793732095635
9,10,4,11,4,7,0,199.931435070768,213.109944877428,759.06718112891,0
9,11,4,11,3,8,1,325.529731014855,140.904322159078,1484.53781735015,7.00683756425904
9,12,4,11,4,7,0,199.372074791932,99.8006443528411,740.114732141189,0
9,13,4,11,3,8,1,444.439168066623,151.114145828238,781.602522152661,11.4582964802565
9,14,4,10,3,7,1,86.7083579730993,181.620615531596,556.21769117289,98.8862981623043
9,15,4,11,4,7,0,109.470118942292,273.9018181195,705.40550870057,0
9,16,4,13,3,10,1,27.8112295870081,139.241402553117,1162.23421103979,153.583971057436
9,17,3,12,3,9,0,81.9320018499813,90.3945867320511,1009.52618126966,0
9,18,4,13,4,9,0,292.683552887756,316.540754261499,994.562323274934,0
9,19,4,13,4,9,0,195.611921239602,217.040312645549,1411.52909874046,0
9,20,4,12,4,8,0,143.092232924083,129.118621578871,1398.6980420985,0
9,21,4,13,4,9,0,471.930955947929,209.097858593302,1419.45693129427,0
9,22,4,12,3,9,1,142.845469379584,71.0882704596003,1481.13709422923,19.6909048344309
9,23,4,12,4,8,0,44.0494818243636,123.860975784507,1141.19296162823,0
9,24,4,12,3,9,1,111.508024272065,87.2268918052376,1815.62630885145,50.8887142178565
9,25,4,13,4,9,0,189.809412718798,44.5635279432304,1653.52013532304,0
9,26,4,12,4,8,0,101.653633786126,95.6107550295079,1582.61635482595,0
9,27,4,12,4,8,0,36.6476792726589,53.3521205067059,1606.45870769334,0
9,28,4,12,4,8,0,51.0592142404628,70.6238827804993,1500.32881769292,0
9,29,4,11,4,7,0,176.535614642459,65.761147516271,1376.63104913384,0
9,30,4,11,4,7,0,66.0246671807103,83.8453124980607,1245.206014887,0
9,31,4,11,4,7,0,132.367187343621,135.502277416197,1353.20865295925,0
9,32,6,11,5,6,1,155.817919339023,144.107759040135,1140.41240487271,17.2173721655543
9,33,6,10,5,5,1,169.504847046135,179.914528729192,1109.25037052871,35.0081706495436
9,34,6,11,5,6,1,251.58623052077,287.667594074321,1278.95112753905,44.801578549626
9,35,8,12,7,5,1,348.407186592621,421.305484448969,1116.43797861708,47.7964270754129
9,36,7,12,7,5,0,522.967288903759,341.704424331018,1109.59559704081,0
9,37,7,12,7,5,0,368.144061098862,251.018623362926,1137.52336074176,0
9,38,8,12,8,4,0,407.653989039376,330.970440025626,1109.66492322122,0
9,39,7,12,7,5,0,151.072289443176,222.043195243931,1141.28573520177,0
9,40,7,11,7,4,0,351.538129707948,294.237796741816,664.564317690336,0
10,1,2,2,2,0,0,165.826710376954,165.826710376954,0,0
10,2,4,4,4,0,0,725.06970039541,725.06970039541,0,0
10,3,4,4,4,0,0,1003.86500328977,1003.86500328977,0,0
10,4,4,7,3,4,1,197.727063273732,1136.18170555277,1017.68312060489,0.327991901240362
10,5,5,6,3,3,2,43.2049684050953,163.608656080095,986.251210229963,130.22449586174
10,6,5,7,4,3,1,499.908732364234,759.916555844011,516.210036203554,0.26468949028224
10,7,5,9,4,5,1,451.199969364164,472.458361930101,963.540780923941,0.62982679360509
10,8,5,10,4,6,1,362.929849363792,360.863727980005,1508.20139748153,8.20662171939502
10,9,4,9,4,5,0,170.70084676574,163.20470187084,1185.5082763172,0
10,10,4,9,3,6,1,231.849170044594,104.208723711256,1622.05443213577,5.62681656451051
10,11,5,11,4,7,1,198.37777467013,301.499512521261,738.494252735796,0.0167532187930896
10,12,4,10,3,7,1,56.7736635027458,225.517270549036,884.115614066389,366.599523432948
10,13,4,11,4,7,0,254.302917334446,57.9110357704638,774.905493083783,0
10,14,4,12,4,8,0,130.160487786897,204.756804330094,646.94905176747,0
10,15,4,11,3,8,1,309.324767104753,175.655455181871,604.173077990286,55.8023564245616
10,16,4,11,3,8,1,97.8043721298118,221.041696032691,596.954914826685,71.1591200201064
10,17,4,14,4,10,0,227.739157055137,311.939314858265,1136.93581483093,0
10,18,4,14,4,10,0,345.523960763419,320.584953470339,1054.95772837672,0
10,19,4,14,4,10,0,324.934762342371,403.345408092218,1122.22350418053,0
10,20,4,14,4,10,0,198.679520007534,236.317994479051,1602.809056739,0
10,21,4,13,4,9,0,220.089112412435,224.046856605449,1464.81453519167,0
10,22,4,13,4,9,0,543.702072615079,280.508716009933,1415.14482223535,0
10,23,6,13,5,8,1,393.371042237478,173.992194916006,1420.21970193175,132.387707912166
10,24,4,13,4,9,0,164.576235267563,193.469736592229,1440.55216257565,0
10,25,4,12,4,8,0,179.820566296855,157.507891076783,1409.70801711639,0
10,26,4,12,4,8,0,288.414590185845,73.4998459712762,1437.62453127248,0
10,27,4,12,4,8,0,86.9449230263644,83.4146783589694,1383.06959965688,0
10,28,5,12,5,7,0,85.5471492343587,136.820747415913,1381.03479360771,0
10,29,4,12,4,8,0,94.61855707087,82.4686422284436,1479.22093861405,0
10,30,6,12,6,6,0,258.513508193189,120.04715419193,1214.95463276476,0
10,31,5,11,5,6,0,256.653380430972,199.340681018054,846.017075740753,0
10,32,7,13,7,6,0,281.812833087697,473.732061864216,795.424847473598,0
10,33,6,11,5,6,1,215.684672981478,124.62917427155,1136.23428819166,65.6516637543232
10,34,7,11,7,4,0,347.055249027222,293.714292934182,1105.56261145818,0
10,35,8,12,7,5,1,331.338587648611,265.105620973713,831.43535931475,43.0981020951155
10,36,8,12,6,6,2,350.137084949221,262.542006217739,1215.54223193354,133.490668397489
10,37,7,12,7,5,0,382.436981949002,420.219333009288,1119.48629269615,0
10,38,8,12,8,4,0,829.228158778474,466.693990605763,1112.54315449779,0
10,39,8,12,8,4,0,693.263439089656,379.40044998854,1116.49592087131,0
10,40,7,12,7,5,0,271.999320949786,316.498951771826,1143.6980980397,0
11,1,3,3,3,0,0,708.496502539874,711.92573324722,0,0
11,2,4,4,4,0,0,961.018856796322,875.668746235554,0,0
11,3,4,4,4,0,0,1817.61776415568,1838.89667892866,0,0
11,4,4,4,4,0,0,724.439118561578,792.981904980559,0,0
11,5,4,6,2,4,2,45.4150585852962,32.5849752819483,1420.08754789761,29.0006013228312
11,6,5,6,3,3,2,111.435016679567,351.231117884895,1523.83349398889,24.2508581756799
11,7,5,7,4,3,1,370.69710334511,1268.0781134067,1007.0122301644,2.49734966951239
11,8,5,9,4,5,1,235.067112682694,446.647033670164,1077.84617488934,0.00363630811839347
11,9,5,10,4,6,1,242.615909199964,230.765067979416,1348.80136995064,13.5573773519283
11,10,4,10,4,6,0,193.59533606194,197.481605809316,1599.43238041268,0
11,11,4,10,4,6,0,225.511219407373,358.948619273398,1284.89438937479,0
11,12,4,12,4,8,0,279.517196213106,244.483882834206,1286.38725880527,0
11,13,4,12,4,8,0,325.446806047714,226.658630554071,895.465047602183,0
11,14,4,12,4,8,0,167.817362968769,146.425375996006,943.519641737329,0
11,15,4,11,4,7,0,159.085505722918,210.091632393528,535.785264329066,0
11,16,4,11,3,8,1,372.597922882553,173.713833349277,570.098515317071,8.475881445419
11,17,4,11,3,8,1,137.308213013212,191.94125606252,612.44087431433,65.3388376327015
11,18,4,14,4,10,0,151.462233072748,401.468865067658,1205.82449913222,0
11,19,4,14,4,10,0,475.146592083206,563.88712294944,1188.34232042686,0
11,20,4,14,4,10,0,199.004827108304,212.951298743917,1201.71791758601,0
11,21,4,13,4,9,0,282.005770656737,343.74377804577,1116.971181089,0
11,22,4,13,4,9,0,179.429717619837,202.511665436477,1501.99363186359,0
11,23,4,13,4,9,0,153.416320290082,178.812757563611,1421.82284476441,0
11,24,6,13,4,9,2,261.220807276821,249.749357467391,1488.342672821,168.443229727158
11,25,5,13,5,8,0,191.279254729286,269.645970575295,1400.31772035368,0
11,26,4,12,4,8,0,190.079564181573,162.680989658873,1425.16382985359,0
11,27,5,12,5,7,0,250.519039901078,57.2912653185942,1379.64674385506,0
11,28,5,12,5,7,0,102.819009920783,113.975969491317,1374.98025594068,0
11,29,5,12,5,7,0,112.828572644761,145.539454428443,927.289992944142,0
11,30,6,12,6,6,0,211.877650305065,336.199639954792,909.664802138541,0
11,31,7,12,5,7,2,329.617599913315,212.562134236264,1264.33736384275,67.4826907737845
11,32,8,13,8,5,0,523.565142003859,348.197352386272,751.863051317184,0
11,33,7,13,7,6,0,315.741661538802,492.558038313975,1246.68652393954,0
11,34,7,12,7,5,0,170.312597046367,283.499204274422,1144.31583748097,0
11,35,7,12,7,5,0,469.507208433247,328.50543451749,1186.69774351671,0
11,36,7,12,7,5,0,312.04049304776,200.788184416453,1139.70041500355,0
11,37,8,12,7,5,1,278.050604858046,358.569260628716,1135.76697048287,48.134271749278
11,38,7,12,7,5,0,218.937713918321,239.229161331639,1129.5588565703,0
11,39,8,12,8,4,0,598.262992479884,489.203575068377,1121.34025798444,0
11,40,8,12,8,4,0,872.970657115743,591.64518216179,1124.22710732431,0
12,1,3,3,3,0,0,635.376056273616,635.376056273616,0,0
12,2,5,5,5,0,0,644.674908164147,645.449673155651,0,0
12,3,5,5,5,0,0,405.412361326807,402.097432718643,0,0
12,4,5,5,5,0,0,679.928243907579,677.96747526259,0,0
12,5,4,4,4,0,0,829.061021713374,792.594121213058,0,0
12,6,4,6,2,4,2,67.4764428492296,18.266829135736,1759.70836843082,120.553677757247
12,7,4,6,3,3,1,217.426321528675,138.531539701659,1347.84603721291,4.6044048040331
12,8,4,6,3,3,1,238.49955526014,153.974491291473,1735.49672108879,15.8584739471803
12,9,5,9,4,5,1,152.078666012917,288.707547817708,1254.34082360035,0.00647175598126797
12,10,5,10,4,6,1,75.0760705697742,80.5043572639768,1824.32052187402,21.1439668835215
12,11,5,10,4,6,1,60.8580712061458,59.8464888294001,1907.55025110439,0.0167532187929866
12,12,4,10,4,6,0,111.657102981586,348.985249133051,1743.98017742545,0
12,13,4,12,4,8,0,266.448803001731,165.675100774561,1346.66058611027,0
12,14,4,11,4,7,0,302.726345553875,217.925040935517,667.940686335104,0
12,15,4,12,4,8,0,128.583993095599,74.0719144391356,987.604425249487,0
12,16,4,11,4,7,0,190.070790486752,121.516690987704,608.330560464529,0
12,17,3,11,3,8,0,88.2414369259515,229.985200946396,624.198083925587,0
12,18,4,11,3,8,1,123.034683255092,154.925085305246,659.15157048764,7.5037955168842
12,19,4,13,3,10,1,43.7775147768849,291.831164993452,897.19953307279,54.206410543925
12,20,4,14,4,10,0,122.883100592921,326.596076366689,1247.97950087016,0
12,21,4,14,4,10,0,263.151534217051,209.272186018086,1299.7979960468,0
12,22,4,13,4,9,0,207.939580202947,258.620800055385,1135.4360351514,0
12,23,4,13,4,9,0,84.7692337643895,96.8673353109947,1547.45175563756,0
12,24,4,13,4,9,0,162.455758547747,308.383049101474,1496.19384138141,0
12,25,5,13,5,8,0,225.339974724034,296.909079436518,1411.65158345166,0
12,26,5,13,5,8,0,118.682033340222,237.873954896727,1425.69306177259,0
12,27,4,12,4,8,0,244.752668352429,386.145497773501,1489.37898748967,0
12,28,4,12,4,8,0,133.570370353426,111.510259104389,1390.7659163126,0
12,29,5,12,5,7,0,221.348618369833,152.942547450947,1381.33739871067,0
12,30,5,12,5,7,0,76.780341715914,55.8622025566572,1385.83741363658,0
12,31,6,12,6,6,0,423.629143163804,260.837542273863,911.008317530038,0
12,32,6,12,6,6,0,306.826844294693,326.853651085663,1229.71050751328,0
12,33,7,13,7,6,0,253.140621492929,267.217343397503,819.087139427929,0
12,34,7,13,7,6,0,378.056714213654,436.887496652718,812.762170353566,0
12,35,7,12,7,5,0,242.619016055156,385.386623851738,1154.99483210558,0
12,36,8,13,8,5,0,704.274232740519,392.660384380315,1142.03001364672,0
12,37,7,12,6,6,1,247.93277127007,193.322916910534,1200.54888172895,108.822809907516
12,38,8,12,7,5,1,296.588382092224,411.416243869079,1144.43590113878,48.6436491975057
12,39,7,12,7,5,0,296.939006889111,349.465512554668,1139.68085896546,0
12,40,8,12,8,4,0,911.424303832972,691.695953262807,1130.49074170794,0
13,1,4,7,4,3,0,1162.23636420077,1167.36631086757,317.379201277943,0
13,2,4,7,3,4,1,545.396581013153,270.92908092737,978.135995799275,292.004525884827
13,3,4,7,3,4,1,337.759112618183,469.526986137958,1210.2446269468,661.076682464578
13,4,4,10,4,6,0,179.136459759386,337.08930219644,1049.36790061657,0
13,5,4,13,3,10,1,109.268954261904,144.007836014518,1558.02176709652,64.6273200507005
13,6,4,13,4,9,0,386.220644994714,393.265091266813,1272.66211692704,0
13,7,4,12,3,9,1,123.384445675213,121.595334659581,1157.42725465438,99.6841591778189
13,8,5,13,4,9,1,267.857669692046,529.466999429404,1949.669485392,8.20662171939589
13,9,4,15,4,11,0,213.007464566782,319.478540663341,2228.52237821714,0
13,10,4,14,4,10,0,414.662089399745,268.581069494672,2697.36630177358,0
13,11,4,14,4,10,0,159.801216684637,104.422605731457,1550.06308569088,0
13,12,4,14,4,10,0,523.959484182279,368.016863394869,1429.4697487599,0
13,13,4,13,4,9,0,225.784703326174,252.209715384816,1241.70130646396,0
13,14,4,12,4,8,0,240.405266409763,291.349002551427,1569.88425896857,0
13,15,4,12,4,8,0,193.608814162648,176.461323492814,1240.09258279311,0
13,16,4,13,3,10,1,286.227676095923,179.744075391857,1506.83555200956,55.6699913508448
13,17,4,12,4,8,0,338.018339260432,504.377503835824,1493.44273140378,0
13,18,4,12,4,8,0,233.913909561206,416.963408975063,1683.37758977036,0
13,19,4,11,4,7,0,159.731696104672,344.553659342533,1405.13327501828,0
13,20,4,11,4,7,0,523.818603579671,505.950456588514,1390.20194366338,0
13,21,4,11,4,7,0,117.932855053615,133.37216629405,1676.4234480998,0
13,22,4,10,4,6,0,230.802206162282,257.872853128217,1345.65844104808,0
13,23,4,10,4,6,0,205.258110385038,194.357031879143,1346.04174062298,0
13,24,4,10,4,6,0,201.46129425547,246.687933890733,1600.43048216084,0
13,25,4,9,4,5,0,205.348060766934,258.212401895685,1620.5374466238,0
13,26,5,11,4,7,1,481.28372081557,513.161411470195,2478.31216776816,31.3879735029769
13,27,5,10,4,6,1,208.072911683476,262.683463480018,2471.42044987523,25.7453733590738
13,28,6,10,4,6,2,231.155440586075,193.9361565448,2861.05229563224,219.539425056153
13,29,5,9,4,5,1,305.862474402949,460.963563516532,2566.37265112423,35.6134359646419
13,30,5,9,3,6,2,170.252749520601,115.971357807028,3324.46783217185,27.0365973996995
13,31,5,9,3,6,2,328.712023271588,82.5037884555247,3976.99932779087,201.41323738955
13,32,4,9,3,6,1,86.2664059010777,65.593637369715,3641.63329558061,84.1193952107047
13,33,4,8,3,5,1,98.4924475008704,47.6333087177923,2256.02801105649,157.66052860438
13,34,4,8,4,4,0,384.338187860357,235.684836408929,2449.66125634465,0
13,35,4,8,4,4,0,257.997953928525,134.413508773512,2312.00087108883,0
13,36,5,8,4,4,1,127.084289902484,108.135527508879,1508.36971907955,5.9130865896982
13,37,5,8,4,4,1,175.412302792016,146.335261974184,4049.95988378063,5.21451001635411
13,38,4,7,4,3,0,223.854882035678,221.375224809969,1542.1024525351,0
13,39,5,7,4,3,1,116.905175690584,247.521537553383,185.148291843098,1.32424581456017
13,40,5,7,4,3,1,165.480384928919,219.888492116579,1112.33065022875,13.0107445894379
14,1,2,2,2,0,0,543.438160381285,543.438160381285,0,0
14,2,4,7,4,3,0,653.750944605581,683.983241240029,317.379201277943,0
14,3,5,8,4,4,1,393.418901213835,283.244660980637,950.058898848225,0.0107475111315627
14,4,4,7,3,4,1,271.864154678797,152.169873129882,1226.8335235444,35.716299835888
14,5,5,10,4,6,1,206.139692171772,238.86082704578,1122.14792719197,0.457678403341365
14,6,5,13,4,9,1,331.877725192488,196.874625914172,1328.93921148351,1.17250914754612
14,7,4,13,4,9,0,443.204320286472,457.09647951103,1375.5509532905,0
14,8,5,12,4,8,1,482.519815582979,528.79786805773,669.239060357967,8.20662171939493
14,9,4,12,4,8,0,260.855648835268,395.450996381788,2033.15936078624,0
14,10,4,14,4,10,0,912.565031828094,903.033780927893,2805.12634376804,0
14,11,4,14,4,10,0,325.011888467844,180.268459501205,3397.67964618715,0
14,12,4,14,4,10,0,249.095145795613,239.807883321875,1596.07490227365,0
14,13,4,13,3,10,1,236.746705127854,140.258413413003,1993.04929138317,149.96999716488
14,14,4,13,4,9,0,379.178544278892,264.985801067115,1967.38818830933,0
14,15,4,12,4,8,0,171.260672611568,277.064271558043,1445.36329885351,0
14,16,4,12,4,8,0,114.826100048867,191.55276963805,1456.65927267854,0
14,17,4,12,3,9,1,238.395688577113,199.509165523638,1644.89971495595,21.7241324494658
14,18,4,12,4,8,0,249.183101049692,386.717173769024,1645.28802938827,0
14,19,4,12,4,8,0,166.015575524585,278.439031701333,1646.78252965298,0
14,20,4,11,4,7,0,92.5200187406083,348.191924510135,1540.03545726808,0
14,21,4,11,4,7,0,268.701004644814,292.207948840732,1731.14417821926,0
14,22,4,11,4,7,0,245.65424547685,130.877954289397,1889.71278709159,0
14,23,4,10,4,6,0,207.007973771386,199.903160720576,1435.96435920829,0
14,24,4,10,4,6,0,270.52095122618,200.200601849566,1450.93768732774,0
14,25,4,10,4,6,0,148.188433621499,114.879767859168,1712.64642896121,0
14,26,4,9,4,5,0,160.100218816303,211.23856056872,1773.47292336984,0
14,27,4,11,3,8,1,173.569680836572,203.798249955462,2886.89770786851,53.1065714197935
14,28,4,10,3,7,1,102.723291483991,53.9192896912537,3099.65344776989,35.9418918057654
14,29,5,10,4,6,1,153.15815640813,124.097031714169,3396.9774877855,21.9607669310435
14,30,5,9,4,5,1,164.94079477411,273.152956022431,3253.21974337884,55.1401577171086
14,31,4,9,3,6,1,270.275734404404,78.3323325353116,4044.61628000666,120.243784912959
14,32,5,9,3,6,2,310.491755812216,107.327678340773,4768.924434746,275.512385802121
14,33,4,8,2,6,2,87.0012227636898,147.065275733268,4641.46038743156,112.957229439728
14,34,4,9,3,6,1,114.523277701741,204.729871988823,3146.91184964588,204.160680505014
14,35,4,8,4,4,0,539.301571697654,253.64813705013,3149.25728376432,0
14,36,4,8,4,4,0,79.4469555090759,79.5209539027881,3094.49769778347,0
14,37,5,8,4,4,1,82.2508849657747,66.7065916379141,2138.37600307933,3.76472751578743
14,38,5,8,4,4,1,205.005534603064,143.387836195771,2360.59469643462,10.3605691930069
14,39,4,7,4,3,0,139.560291121512,102.006080208805,2114.76920855456,0
14,40,5,7,4,3,1,87.4230595232104,254.809634263214,181.339629835208,0.395460054178204
15,1,2,3,2,1,0,209.040920256557,209.040920256557,235.450073719635,0
15,2,5,5,5,0,0,191.275713713922,211.29690209442,0,0
15,3,5,8,4,4,1,821.145556036689,822.122344533777,814.321619357548,0.0107475111315627
15,4,5,8,4,4,1,796.236968863177,780.620220107594,921.077647701281,0.543026975379848
15,5,3,7,2,5,1,139.212619377085,139.291324457491,1241.65532129618,129.188209888129
15,6,5,10,4,6,1,120.035002439974,213.520050837225,1175.15313526851,1.17250914754604
15,7,4,13,4,9,0,545.63993275952,390.76416469654,1384.09327143439,0
15,8,4,12,3,9,1,151.563507740246,204.130798052613,1473.67746790388,17.7920157418899
15,9,4,12,4,8,0,840.408871664037,828.292609004031,701.376508968314,0
15,10,4,12,4,8,0,298.182526837328,282.495650456283,858.840663646295,0
15,11,4,14,4,10,0,951.990772873568,1081.09734752295,3949.82131717944,0
15,12,4,14,4,10,0,466.102443466301,248.697185326259,4592.6250624085,0
15,13,4,13,4,9,0,356.498216015378,310.724733239936,2036.71133772516,0
15,14,4,13,4,9,0,269.085289296403,264.24610851225,1562.61899781402,0
15,15,4,13,4,9,0,398.428621263895,275.952284811131,1950.96422711734,0
15,16,4,12,4,8,0,65.1471535951474,97.5424382983587,1456.25992340595,0
15,17,4,12,4,8,0,179.045058378229,212.224692437535,1789.65366067434,0
15,18,4,12,3,9,1,192.783746934882,241.002184382819,1699.71561087211,2.05745160289607
15,19,4,12,3,9,1,148.486106083872,170.5390308688,1732.75297686279,90.6542594391089
15,20,4,12,4,8,0,146.355451560549,284.988787015264,1764.31128500738,0
15,21,4,11,4,7,0,283.324721443853,453.770959497095,1579.74506560263,0
15,22,4,11,4,7,0,641.337609309254,626.110438938716,1528.25716239815,0
15,23,4,10,3,7,1,214.020238469814,160.55185927555,2201.71509502033,0.707140563367988
15,24,4,10,4,6,0,479.633976586482,342.263291721453,1570.71968919453,0
15,25,4,10,4,6,0,181.215140763023,283.037170759534,1630.07091797392,0
15,26,4,9,4,5,0,137.82589453349,78.4248377458287,1748.7250120049,0
15,27,4,10,4,6,0,107.292862706367,87.0764129357575,2104.35316562535,0
15,28,4,10,4,6,0,271.214702190757,134.860579512201,2965.44466778807,0
15,29,4,10,3,7,1,263.31913001536,203.21263631484,3558.09897676644,45.2897779695816
15,30,5,10,4,6,1,254.165331288401,224.381961068025,4034.02294840522,29.9543789210859
15,31,5,9,4,5,1,201.677660058946,302.390507110834,4057.08059859365,73.8856851152561
15,32,4,9,4,5,0,351.223687639065,487.633799896392,4605.71689047353,0
15,33,4,9,3,6,1,297.218561515066,87.7824959740271,5717.57642318643,310.029870765892
15,34,4,8,3,5,1,427.341527900601,130.873759435911,5763.15709047153,8.83747066748574
15,35,4,8,2,6,2,14.3423493691218,20.149470763435,3743.8458930108,252.038164254454
15,36,4,9,4,5,0,250.146916933331,129.337114716846,4147.18532549611,0
15,37,4,8,4,4,0,98.7325080838013,79.7596778572593,4027.09722666451,0
15,38,4,8,4,4,0,143.678148645477,105.527606482636,2981.13274563653,0
15,39,5,8,4,4,1,131.270657735047,83.2854365454654,3071.16005140017,16.7090147652764
15,40,4,7,4,3,0,160.698147909318,97.4105132515718,2845.10887990181,0
16,1,2,5,1,4,1,269.427669284081,60.4303026820562,840.848636364276,394.039964598723
16,2,4,7,4,3,0,415.917543175789,386.696913282158,227.934686049712,0
16,3,3,7,2,5,1,78.4984550731197,121.916792619642,855.221065963276,164.002036215734
16,4,4,10,4,6,0,405.702650109337,402.013540054007,481.102303758116,0
16,5,4,10,4,6,0,641.136677048585,629.519034556251,720.618564300637,0
16,6,4,10,2,8,2,46.6420367877994,127.013229262051,1609.05117631472,229.393465177083
16,7,4,10,3,7,1,162.310358487745,197.568358251102,1339.51799319967,34.8918690893409
16,8,4,12,4,8,0,423.229580707949,320.054824627071,1344.20887382479,0
16,9,4,12,3,9,1,162.899927006475,225.501925809431,1507.57752094161,77.6447826653181
16,10,4,11,3,8,1,321.917051950616,305.429961912074,1543.48192138208,76.2540066253924
16,11,4,12,4,8,0,280.928017136872,226.909215152408,1590.83706212682,0
16,12,5,12,4,8,1,231.59697707932,209.48960495633,569.440353141595,8.90096009847251
16,13,4,14,4,10,0,320.543754792823,277.068351388285,1481.43525675458,0
16,14,4,14,4,10,0,522.03839979349,410.150166282889,1423.51153946537,0
16,15,4,13,4,9,0,316.375220005438,407.617299677477,1403.67560258339,0
16,16,4,13,4,9,0,326.392473490118,269.479340554298,1333.76875441358,0
16,17,4,13,4,9,0,83.1818666435623,77.6323719007075,1401.76380882007,0
16,18,4,12,4,8,0,210.095873621713,135.243865262629,1520.14504087203,0
16,19,4,12,4,8,0,305.852855340446,366.995917163369,1416.77045827693,0
16,20,4,11,3,8,1,122.309368977296,205.983933986027,1589.06692351929,1.52568727654674
16,21,4,11,4,7,0,243.326199822397,381.361235081544,1667.27559110595,0
16,22,4,11,4,7,0,402.530092081009,659.114905212866,1593.07089746615,0
16,23,4,11,4,7,0,244.436397855561,337.161626318466,1623.59735645603,0
16,24,4,11,3,8,1,181.755893649126,259.301118043283,1754.99722982547,47.5308448150326
16,25,5,12,3,9,2,139.682004504434,282.324085604582,1580.15448578467,138.66838262715
16,26,5,11,4,7,1,312.57457319176,350.515361234755,1966.86360496385,21.34788044585
16,27,5,10,4,6,1,115.659928059577,110.652928939852,2307.2790970844,67.1763971071049
16,28,5,10,4,6,1,98.2663182673386,77.4735063910376,1991.3634659961,4.26221726632962
16,29,3,10,3,7,0,160.904095281776,85.0451350457302,1838.38265795096,0
16,30,3,9,3,6,0,205.31215486429,167.869927512586,1619.22675184007,0
16,31,4,9,3,6,1,207.582309336071,182.429910265555,1573.51960176969,41.906781246287
16,32,4,9,4,5,0,163.676966133659,261.210531653966,1592.75774570433,0
16,33,4,9,4,5,0,345.698800081756,480.373281741066,930.12637339161,0
16,34,4,8,3,5,1,270.116911413788,117.742388457024,1461.10332265742,52.444445828228
16,35,4,8,3,5,1,280.199961273822,33.7482306561109,1025.80169082886,34.2766901301162
16,36,3,7,3,4,0,78.0860469625857,93.8694254951259,453.161535490322,0
16,37,4,8,4,4,0,288.12467035274,193.843401501238,771.255532458308,0
16,38,4,8,4,4,0,90.6127744676196,56.2866436058301,2034.55037082073,0
16,39,4,7,4,3,0,146.417925149937,111.99693736488,356.72980991069,0
16,40,5,7,4,3,1,338.088906993884,254.750530064397,281.149341686674,24.4622353670224
17,1,4,4,4,0,0,1373.18837094403,1373.18837094403,0,0
17,2,3,6,2,4,1,149.275932230103,180.171870633698,840.848636364253,132.834202043443
17,3,4,7,4,3,0,832.769034724403,453.355369338028,233.17590773999,0
17,4,4,7,3,4,1,151.289497944143,93.8834314456083,796.643767664672,420.533235868967
17,5,4,10,3,7,1,192.766178163749,193.686762821129,766.792625519289,4.5839809227999
17,6,4,11,4,7,0,298.344443352465,528.75150581554,1748.37086779082,0
17,7,4,11,4,7,0,366.432545798443,404.308699163235,1066.01784782207,0
17,8,5,10,4,6,1,219.431220480154,370.257785988157,1426.57703683584,8.20662171939463
17,9,4,12,4,8,0,279.412570506858,294.694596547629,2313.88677962106,0
17,10,4,11,3,8,1,222.118587399373,244.023675435614,2379.3291513467,474.518433981588
17,11,4,11,3,8,1,140.531964418745,162.320845787858,1652.165599837,64.3341519021399
17,12,4,11,4,7,0,141.767704707625,193.605578464465,1142.12437640561,0
17,13,4,11,4,7,0,217.650804789119,123.444520445839,590.147261263665,0
17,14,4,14,4,10,0,474.309934510845,724.327577979755,1429.7081380652,0
17,15,4,13,4,9,0,433.46350115867,408.120681674778,1541.44848028575,0
17,16,4,13,3,10,1,204.885156316893,129.113256081033,1621.8049162848,44.2509938777708
17,17,4,13,4,9,0,297.916558133995,520.436934125877,1648.33443188768,0
17,18,4,13,4,9,0,131.841104082571,161.217876915116,1870.66719700386,0
17,19,4,12,4,8,0,218.199847979274,180.908620777759,1545.61086278237,0
17,20,4,12,4,8,0,296.324033091239,242.783524407116,1527.846157177,0
17,21,4,11,4,7,0,122.002550255578,194.207823082378,1574.35164335518,0
17,22,4,10,3,7,1,109.769837023632,200.67441169473,1679.83283572515,124.251901443954
17,23,4,12,4,8,0,272.856992576985,698.594120762027,1845.96158465054,0
17,24,4,12,4,8,0,398.375484267288,192.341549979098,1831.42483331092,0
17,25,4,11,4,7,0,221.631342228058,183.232745284839,1963.95648685841,0
17,26,5,12,3,9,2,190.617418726245,183.833473907704,1914.68856746334,52.9424812798074
17,27,5,11,4,7,1,270.771923797732,262.64164233029,2225.10045893157,13.4784348098179
17,28,5,10,3,7,2,90.6502815918462,97.7830893803119,2812.69256788077,14.3455164208965
17,29,5,9,3,6,2,49.2048054043584,53.4735296094158,2787.41751765321,45.05722081492
17,30,4,10,3,7,1,75.2309160601266,17.6753844492994,2760.41268161022,58.438189307273
17,31,3,9,3,6,0,144.465761396085,70.538619996567,1915.12781534995,0
17,32,4,9,3,6,1,162.806110164502,114.078104338503,1961.13061872407,58.3973306063551
17,33,4,9,4,5,0,184.74223274035,156.162675103845,1682.3051452271,0
17,34,4,8,4,4,0,82.4791699238596,213.346137817764,746.240267165313,0
17,35,4,9,4,5,0,252.21273933219,155.800327966837,1553.49565350575,0
17,36,4,7,3,4,1,248.809745632964,48.9294597502337,603.805184741922,78.8834615859259
17,37,4,7,3,4,1,196.858680508741,86.9142754947438,614.362484521128,120.163536819463
17,38,4,8,4,4,0,119.423413909178,144.828010249994,810.134210197991,0
17,39,4,8,4,4,0,131.348305593841,176.14482723143,1508.331502658,0
17,40,4,7,4,3,0,176.258006383475,155.338092567764,361.368473420473,0
18,1,4,4,4,0,0,1156.79017527311,1156.79017527311,0,0
18,2,4,4,4,0,0,2314.90050181427,2314.90050181427,0,0
18,3,4,7,4,3,0,464.514855244767,840.254572081869,242.189187746321,0
18,4,4,7,3,4,1,107.239070507619,116.780129585054,831.393248845809,86.947229722892
18,5,5,8,4,4,1,247.001221487225,222.663999830602,824.359431096848,1.00114256644624
18,6,5,10,4,6,1,297.704479353014,255.172397352319,700.892971628931,2.32452371272568
18,7,5,10,4,6,1,183.571359004815,378.126363918358,1964.1323935942,4.60440480403317
18,8,4,11,4,7,0,383.730607268298,291.520435133907,1408.4780869262,0
18,9,5,10,4,6,1,266.048423109766,329.450268159155,955.790979989243,13.5573773519293
18,10,4,12,4,8,0,136.952529740806,139.44949987052,1478.30511984034,0
18,11,4,12,4,8,0,407.520863966992,411.318373580205,2400.5689595926,0
18,12,4,11,4,7,0,195.559134921557,333.532807237233,1593.66354390098,0
18,13,4,11,4,7,0,142.156552740663,134.67020343348,1543.25598904446,0
18,14,4,11,4,7,0,189.1075213251,218.968016930166,1154.56385110992,0
18,15,4,13,4,9,0,559.914078530874,607.407333813066,1062.97388485473,0
18,16,4,13,4,9,0,355.375251111158,369.079986979336,1570.86775160767,0
18,17,4,13,4,9,0,261.838773334385,228.74318940302,1438.34403615551,0
18,18,4,13,4,9,0,209.431237089557,232.900594528306,1633.99350280726,0
18,19,4,12,4,8,0,374.198157697541,443.739602883571,1404.59481626643,0
18,20,4,12,4,8,0,156.584573324162,180.347255498959,1596.61623688976,0
18,21,4,12,4,8,0,160.118097940241,127.845884352396,1567.50783772401,0
18,22,4,11,4,7,0,146.134707238586,290.357495784551,1604.5251833991,0
18,23,4,11,3,8,1,224.300595658658,223.452255953297,1719.26755441735,39.9273937519388
18,24,4,11,4,7,0,295.958889035718,276.614318013635,1999.60485799394,0
18,25,4,12,4,8,0,258.345399385565,326.952423701489,2082.65506320136,0
18,26,4,11,4,7,0,294.422089545837,184.342165144345,2279.32742250222,0
18,27,4,11,4,7,0,233.92181011349,190.296585633301,2635.40793451386,0
18,28,5,11,4,7,1,329.279026600558,322.581144673917,2682.32589352503,13.7584232061072
18,29,5,10,3,7,2,180.505709379065,198.255732650134,3139.55524856096,22.7515434029525
18,30,5,10,4,6,1,28.7005299742862,13.8163535458485,3356.47152210002,21.3382403871158
18,31,4,10,3,7,1,169.304414194235,76.3345323100216,3430.44100897003,62.5415896792428
18,32,4,9,3,6,1,118.973852796672,68.0533216321328,2284.04771178627,118.028880116768
18,33,5,9,4,5,1,281.403860940818,218.289381048142,2388.57559558068,81.2868443416926
18,34,4,9,4,5,0,257.593602543039,165.097969380885,2175.06987930638,0
18,35,4,9,4,5,0,178.454093723391,205.827419161796,1514.65368158864,0
18,36,4,9,4,5,0,257.951522388364,224.990651544734,1837.70579035642,0
18,37,4,8,3,5,1,193.997825999092,63.8682281970673,1531.02284927684,25.9371151547275
18,38,4,8,4,4,0,106.872466850485,186.707139784225,604.620369243645,0
18,39,4,8,4,4,0,117.113569967125,256.376243110048,574.487132294733,0
18,40,4,8,4,4,0,121.249246162335,102.082143762068,510.47441703293,0
19,1,4,6,3,3,1,384.460454102106,391.602710220671,352.506304624015,641.181883555678
19,2,4,7,4,3,0,734.434785518469,628.812749736877,359.861861001634,0
19,3,4,7,3,4,1,313.971952527177,779.182051466155,323.216916775908,503.586046330075
19,4,3,8,3,5,0,527.71920144425,435.119733688064,257.073600845273,0
19,5,4,11,4,7,0,1024.36597767011,228.794439310953,648.259564453229,0
19,6,4,11,4,7,0,3369.69768825606,907.959147980217,707.131771962258,0
19,7,4,10,4,6,0,1108.59909997731,602.827896964934,1092.43906716435,0
19,8,4,13,4,9,0,915.449350168132,468.932985961569,1717.55398070161,0
19,9,4,13,4,9,0,984.962793024512,604.312361045784,2176.80941614349,0
19,10,4,12,4,8,0,308.022512305833,262.016277496877,2078.95616993165,0
19,11,4,11,4,7,0,190.144670058732,276.735521370345,1902.87185296728,0
19,12,4,11,4,7,0,213.745534949701,826.794124062174,2047.2161127805,0
19,13,4,11,4,7,0,321.412337792228,677.2663889384,973.539270297837,0
19,14,3,11,3,8,0,77.6282481009932,219.896318231528,713.320190716151,0
19,15,3,10,3,7,0,67.9599994987543,115.879253202439,2785.44826216145,0
19,16,4,10,4,6,0,777.662938104236,470.673435854435,2907.69490752546,0
19,17,4,11,4,7,0,350.544539529312,192.700153753299,5889.212285711,0
19,18,4,10,4,6,0,170.710161582112,241.940282598969,5578.78975551428,0
19,19,4,9,4,5,0,312.858973572592,362.957567506053,5564.87868836664,0
19,20,4,9,4,5,0,254.182191233638,407.559973864621,2847.78654307166,0
19,21,4,8,4,4,0,297.462449842974,426.500743013367,675.299975534958,0
19,22,4,9,4,5,0,77.3544564465604,129.180327405594,2098.05332274163,0
19,23,4,8,4,4,0,80.5170547866387,174.729480159865,6179.13135270442,0
19,24,4,9,4,5,0,118.995431433773,184.32228158905,10917.0914447114,0
19,25,4,8,4,4,0,349.427920113579,244.228367848226,8154.52007338545,0
19,26,4,7,4,3,0,505.246149514893,349.625385639945,5079.71098767997,0
19,27,5,7,4,3,1,472.985044652243,551.441009281284,3709.68656264927,3.45474314575569
19,28,5,6,4,2,1,324.17725042575,339.546411557223,1740.72792074245,4.67326144908847
19,29,5,7,4,3,1,340.82347281249,425.071565510701,2226.90577522135,2.96330863153406
19,30,5,8,4,4,1,386.719357044389,362.89896288572,5214.22858162986,43.5388541181886
19,31,4,8,4,4,0,233.799358691465,305.471322616882,6145.06943571638,0
19,32,4,8,4,4,0,177.127060995834,477.896765292527,7206.29677293527,0
19,33,4,7,4,3,0,82.1578848608492,128.408078838791,8434.40524255595,0
19,34,4,7,4,3,0,186.409667433777,482.965815939564,11446.1393138358,0
19,35,4,7,4,3,0,160.519123522123,445.251153321764,13227.9424531447,0
19,36,5,7,4,3,1,282.228750606759,373.08416282614,15037.6444161812,40.6218381747679
19,37,5,7,4,3,1,207.154752560632,295.034311391665,16927.8119128185,6.91954680546424
19,38,4,6,4,2,0,120.223654330976,238.57589647444,14159.571378666,0
19,39,4,6,4,2,0,525.764543218385,260.183102475871,16114.5421478601,0
19,40,5,6,4,2,1,215.457597280657,271.557780309608,18173.3475520505,151.441210954575
20,1,4,4,4,0,0,776.896404450702,776.896404450702,0,0
20,2,4,7,4,3,0,818.382341999161,816.427027342075,352.506304624016,0
20,3,4,7,4,3,0,2457.98736588955,2431.13285065015,352.482948438056,0
20,4,3,6,2,4,1,116.370140685173,181.150618431399,307.185885504146,329.203810609121
20,5,4,8,4,4,0,431.49678868756,340.99010530341,219.537644158954,0
20,6,3,10,3,7,0,146.284788703614,114.022965174629,666.080885218309,0
20,7,3,11,2,9,1,83.3017639639848,22.8897710688601,1866.56576857803,4.60440480403282
20,8,4,11,4,7,0,405.361165983208,141.21086439061,1070.44700760019,0
20,9,4,13,4,9,0,374.927406272091,153.784202701677,1892.99984622531,0
20,10,4,13,4,9,0,301.888734412331,111.005861104352,2354.20641147549,0
20,11,3,12,3,9,0,295.761175666761,147.256629897456,2448.96224039122,0
20,12,4,11,4,7,0,283.430162795719,598.026101220029,2111.86320104688,0
20,13,4,12,4,8,0,380.017303385974,727.843735594479,2709.74387082401,0
20,14,4,11,4,7,0,282.822323126725,341.281283070549,2821.88426129228,0
20,15,4,11,4,7,0,167.51583236589,258.75419631058,5669.00205869099,0
20,16,3,10,3,7,0,174.427195485265,49.0037733432559,6136.46594645633,0
20,17,4,10,4,6,0,208.134328477209,87.4559830552322,6239.36672610915,0
20,18,4,10,4,6,0,357.12264300123,293.567497916939,6751.33536273205,0
20,19,4,10,4,6,0,363.254711858196,235.04571565335,7050.15579831026,0
20,20,4,9,4,5,0,585.629277379527,421.654056362624,6742.20602248514,0
20,21,4,9,4,5,0,365.23275583764,375.809918426993,6934.81733120203,0
20,22,4,9,4,5,0,236.375375398678,329.811812881415,2380.9695590659,0
20,23,4,9,4,5,0,171.686945340924,206.666931263828,2716.91489786535,0
20,24,4,9,4,5,0,117.152488766698,144.993712780336,14612.9067244976,0
20,25,4,8,4,4,0,58.7110871491868,98.3172545758165,8370.9171954127,0
20,26,4,8,4,4,0,147.489537466884,196.677944389571,9634.97707071418,0
20,27,4,8,4,4,0,261.286451643896,211.672124250268,7363.57982348245,0
20,28,4,7,3,4,1,298.674172478323,261.36834352798,6419.74300166648,1.47289867594019
20,29,5,7,4,3,1,600.940799310787,465.048163945992,5470.26943643275,1.13389693029864
20,30,5,7,4,3,1,615.026529559197,517.012727331416,2671.74921236036,1.42146680219739
20,31,5,8,4,4,1,499.199006104178,594.894287492536,6155.20017169091,26.2251779580632
20,32,4,8,4,4,0,120.129869848906,298.692981091688,7254.70013205361,0
20,33,4,7,4,3,0,144.729772781159,374.126023490532,8456.98243714654,0
20,34,4,7,4,3,0,57.4888958880512,263.423484937659,11436.7059443076,0
20,35,4,7,4,3,0,88.5002478248036,462.909096724114,13134.3785106932,0
20,36,4,7,4,3,0,44.7941438868239,577.469867251726,15158.3156680135,0
20,37,5,7,4,3,1,268.313152653963,154.212564616427,17306.5913125188,24.4853851834718
20,38,5,7,4,3,1,353.327733772166,124.735352571673,19554.778498222,10.7223527118369
20,39,4,6,4,2,0,137.1818852575,316.911937606623,16513.2147156804,0
20,40,4,7,4,3,0,140.065280487479,227.785908858684,24915.2170235299,0
21,1,3,3,3,0,0,369.548299394296,369.548299394296,0,0
21,2,4,4,4,0,0,361.934399741346,361.934399741346,0,0
21,3,4,7,4,3,0,767.700430612851,758.076844009512,352.482948438056,0
21,4,4,7,4,3,0,402.180790108363,403.243491625062,352.436344704287,0
21,5,5,7,4,3,1,736.876328663648,591.065284393044,182.079483613358,0.837607258962197
21,6,4,8,4,4,0,446.518574288986,414.108004611042,225.336635078366,0
21,7,4,11,4,7,0,672.940019976573,97.1988547171808,687.442897328052,0
21,8,4,11,4,7,0,194.951432546333,139.563995808147,722.533306440615,0
21,9,4,11,3,8,1,323.284289242401,185.637791128532,1076.90400396525,38.336258467855
21,10,4,13,4,9,0,206.8230710084,132.698232595649,2075.543938136,0
21,11,4,13,4,9,0,271.011113245679,151.546565727878,2593.13846347296,0
21,12,4,12,4,8,0,336.051861124466,100.077620418781,2687.22429653965,0
21,13,4,11,4,7,0,173.27884323192,563.70639000771,2412.72351696558,0
21,14,4,11,4,7,0,137.804364751149,156.29221496693,2689.85052665843,0
21,15,4,11,4,7,0,86.7648508059684,91.0712412185054,5240.69086152754,0
21,16,4,11,4,7,0,205.071123925234,174.248767921008,6289.24727046823,0
21,17,4,10,4,6,0,366.611475268821,150.689486314516,6975.99308590317,0
21,18,4,10,4,6,0,197.511006402327,51.5019342595546,7376.28876569384,0
21,19,4,10,4,6,0,167.7994380787,114.836781206351,7948.40869197737,0
21,20,4,10,4,6,0,353.585804155525,209.05928142552,8345.06190471122,0
21,21,4,9,4,5,0,419.894006648342,443.70906381304,8923.63206437957,0
21,22,4,9,4,5,0,472.029656351369,329.310634974629,8542.30806041215,0
21,23,4,9,4,5,0,389.284265552947,298.976425131505,5304.52282627872,0
21,24,4,9,4,5,0,156.216682640272,210.198280737831,3470.84634390128,0
21,25,4,9,4,5,0,32.0517028474829,148.998869573722,16308.4151124747,0
21,26,4,9,4,5,0,519.468635568836,630.421863314142,18575.2859307387,0
21,27,4,8,4,4,0,130.659186592623,367.3232833417,11383.2986781899,0
21,28,4,8,4,4,0,307.019607966736,447.913376576305,11149.3452052954,0
21,29,4,7,4,3,0,268.366828875712,701.21966553301,8154.07099659964,0
21,30,5,7,4,3,1,450.962103549181,550.16883176718,6708.37124008207,0.0764234928381305
21,31,5,7,4,3,1,164.386037891863,380.227413464019,3114.84534312293,0.723344209857954
21,32,5,8,4,4,1,250.321992862481,550.163433175433,7271.20523357715,14.07961446111
21,33,4,8,4,4,0,280.523247051904,560.308496801872,8554.09056168849,0
21,34,4,7,4,3,0,61.8134963362033,122.706592117243,11467.5607916093,0
21,35,4,7,4,3,0,110.741733457915,150.526280660811,13136.338484891,0
21,36,4,7,4,3,0,95.15402860924,325.97559416787,15084.7942008386,0
21,37,4,7,4,3,0,59.5596502545629,631.13560753915,17375.7126434117,0
21,38,4,7,4,3,0,174.179274012085,221.209388702987,19870.2211405878,0
21,39,5,7,4,3,1,299.08127958304,215.929149157305,22503.9393570701,10.6782245007447
21,40,4,7,4,3,0,421.154133051053,165.36070175,25406.3782527852,0
22,1,3,5,3,2,0,443.701972210585,451.146952842028,918.349384025651,0
22,2,4,5,4,1,0,1070.85653509818,1062.56711408285,76.7210123701966,0
22,3,4,6,4,2,0,588.530833723182,581.569953317445,64.8066070445118,0
22,4,5,9,4,5,1,580.069064435002,580.476190981409,1353.12736300717,0.603871715927607
22,5,4,12,4,8,0,822.621750512791,717.23996086166,1248.05479607524,0
22,6,3,11,3,8,0,263.570439323835,196.584076146788,1152.60342067396,0
22,7,3,10,2,8,1,139.534761973105,161.928257257952,1230.56210584834,47.0606557184358
22,8,4,13,4,9,0,293.567692910792,155.398517539485,960.55826951146,0
22,9,4,13,4,9,0,244.191981276807,424.372360343428,1263.56153365408,0
22,10,3,12,3,9,0,307.852372476218,226.384271468877,893.658853906678,0
22,11,4,12,4,8,0,158.425420730373,208.263116590072,1238.46669448336,0
22,12,4,12,4,8,0,221.833922978584,180.458569849146,1613.87808170135,0
22,13,4,11,4,7,0,503.149287785191,189.23495054266,1538.21526027969,0
22,14,3,11,3,8,0,116.441476049256,322.565036989177,1233.83791370144,0
22,15,4,11,4,7,0,115.102765167739,74.9337389225944,999.230055332349,0
22,16,4,10,4,6,0,82.5048514953895,49.7989652318284,766.69140535966,0
22,17,4,10,4,6,0,122.597042306329,85.1117776000177,968.355908428298,0
22,18,4,9,4,5,0,231.895962405346,147.410981235644,976.44507981687,0
22,19,4,10,4,6,0,229.66519930255,99.9742530957777,883.176721600793,0
22,20,4,10,4,6,0,61.5272920151844,63.2578023980992,722.345811725705,0
22,21,4,9,4,5,0,303.743933082849,208.382825538492,666.417385271632,0
22,22,4,9,4,5,0,216.554324944323,85.5234180586837,772.234805126681,0
22,23,4,8,4,4,0,282.188656501567,317.405510387188,917.843751150975,0
22,24,4,8,4,4,0,241.984202820875,218.353398997963,1034.10154304463,0
22,25,4,8,4,4,0,88.0030689476666,77.2372801790543,1125.99056298603,0
22,26,4,8,4,4,0,101.288059759022,194.766516287482,1259.5584060669,0
22,27,4,9,4,5,0,453.272826926238,527.4718030249,2059.13768398365,0
22,28,4,8,4,4,0,194.008621161624,342.859605111963,2880.44983673267,0
22,29,5,8,4,4,1,193.684356186793,391.031799209736,3547.40838898268,13.8557447007489
22,30,5,8,4,4,1,57.519859275033,461.989536306005,5180.05312517428,10.8697360277816
22,31,4,7,4,3,0,261.958022550796,534.774678524726,6129.20951157655,0
22,32,5,7,4,3,1,109.027797734331,333.003258917633,7357.17359907803,2.11992686685319
22,33,5,7,4,3,1,189.440721652466,411.326736569794,8218.66384443294,7.31285448954007
22,34,4,7,4,3,0,178.35854920753,426.10233166943,10809.7298270756,0
22,35,4,7,4,3,0,177.992173540038,345.515586295485,12278.0566232507,0
22,36,5,7,4,3,1,215.202325550756,354.78772863178,14025.680018181,82.3903621149526
22,37,5,7,4,3,1,86.337904508919,505.279316898171,15482.411162885,56.595556149755
22,38,5,6,4,2,1,56.3290604352624,389.940040798335,12902.8592485659,33.6175159824609
22,39,5,6,4,2,1,214.837303229842,402.956230245913,11761.9967143213,23.3998283028083
22,40,4,6,4,2,0,205.283866752474,287.099483214815,9335.52935388856,0
23,1,3,3,3,0,0,720.908811780496,192.352846978601,0,0
23,2,5,5,4,1,1,1021.07927238314,1558.29704163647,219.401616402241,1.37324906380874e-26
23,3,5,6,4,2,1,874.62563421666,905.349245174613,433.371318235391,0.0633901963024499
23,4,4,6,4,2,0,775.157947615183,602.482785915572,61.8695683004539,0
23,5,4,9,4,5,0,1002.79646734532,1003.93215437902,1362.58649018544,0
23,6,4,11,4,7,0,1184.41274282714,1139.47745310193,1292.23262193094,0
23,7,3,11,3,8,0,493.617479962403,384.131277113041,737.345048456608,0
23,8,3,10,3,7,0,27.5259508316776,45.1369239012091,1261.68589876011,0
23,9,4,13,4,9,0,151.835969519054,417.004327386605,1040.99703266444,0
23,10,4,13,4,9,0,329.378558782457,522.464371169321,1285.60688106267,0
23,11,3,12,3,9,0,268.055350016973,393.666609729272,821.674786852675,0
23,12,3,12,3,9,0,180.465122357769,193.510739808468,1299.47393524436,0
23,13,4,12,4,8,0,281.178242109349,119.850495516721,1197.30998967139,0
23,14,3,11,3,8,0,125.642492882973,76.7024057955264,1866.85980963472,0
23,15,3,11,3,8,0,33.4360365719274,131.528910647754,1526.05213325932,0
23,16,4,11,4,7,0,146.692183416911,74.2867809803322,1136.21729601652,0
23,17,4,11,4,7,0,167.172830284763,341.75560706074,1286.73931313374,0
23,18,4,10,4,6,0,130.324008173658,158.395329562657,946.065775248081,0
23,19,4,9,4,5,0,337.155712367009,137.178215006372,958.221459563325,0
23,20,4,10,4,6,0,82.6043298191005,112.812555614104,961.029527494587,0
23,21,4,10,4,6,0,86.7519718836618,92.5397446285085,823.896763516638,0
23,22,4,10,4,6,0,175.673161760406,85.2243293704902,1519.99957747234,0
23,23,4,9,4,5,0,168.344206774903,62.674462527591,835.509441096376,0
23,24,4,8,4,4,0,412.014515438707,390.343206146333,967.519382048194,0
23,25,4,8,4,4,0,149.054427169445,272.739234174532,1180.52380147069,0
23,26,4,8,4,4,0,145.455185493521,232.32561343657,1362.47797178672,0
23,27,4,8,4,4,0,107.58748357134,167.628324823402,1553.2412870601,0
23,28,4,8,4,4,0,236.455099419564,284.547478794818,2530.83758891096,0
23,29,4,8,4,4,0,202.619884593503,225.402819701358,3570.88788512721,0
23,30,5,8,4,4,1,199.357382082443,314.696021938134,5146.47555641741,9.14071553815751
23,31,5,8,4,4,1,52.907877398241,417.598892142999,6122.99100209012,6.70227244578979
23,32,4,7,4,3,0,163.476896463146,517.655234673342,7203.09534625556,0
23,33,5,7,4,3,1,227.865863244047,483.003592565654,8611.97285820011,6.43945333420697
23,34,5,7,4,3,1,160.928817235139,531.193615776109,11259.1404829363,3.64411089143432
23,35,5,7,4,3,1,79.804084971596,252.744921005367,12581.6388373212,9.12819207712558
23,36,4,7,4,3,0,221.974372738494,272.482383265347,14238.2840705912,0
23,37,5,7,4,3,1,202.088125527234,155.942953071285,16218.1770136484,106.085486615586
23,38,5,7,4,3,1,209.479472517895,202.903962925819,18053.8486747343,88.153513448406
23,39,5,6,4,2,1,37.073009913473,342.679575435883,15067.3112200257,57.3007758943777
23,40,5,6,4,2,1,180.068988169593,517.258380015065,14649.2695013692,35.4299390619256
24,1,2,3,2,1,0,348.401376869492,348.401376869492,112.855188681202,0
24,2,3,3,3,0,0,690.949555096871,675.919528375286,0,0
24,3,4,5,4,1,0,1297.85968543856,510.456483165636,217.56860999531,0
24,4,4,5,4,1,0,1186.67873001249,536.570129351315,107.105223201962,0
24,5,4,5,4,1,0,403.658357333554,691.298261457195,62.5160090776093,0
24,6,4,8,4,4,0,999.504913045752,407.452177504576,1305.64831092899,0
24,7,4,11,4,7,0,1732.83868055524,1506.93399484127,1359.30686619986,0
24,8,4,11,4,7,0,1102.35449846607,945.398146018317,1447.13453948337,0
24,9,4,10,4,6,0,366.667374847191,891.223790389908,1369.72318191066,0
24,10,4,12,4,8,0,339.909647488544,562.604609048865,727.803192670954,0
24,11,4,13,4,9,0,307.666078786802,618.197574018555,934.142142915161,0
24,12,4,12,4,8,0,350.40911120952,556.536893917262,801.139701773539,0
24,13,3,12,3,9,0,142.770094190057,242.218344038456,1305.00789252793,0
24,14,4,12,4,8,0,214.283528669896,71.5923867814138,1203.49405388852,0
24,15,3,11,3,8,0,227.069552478002,57.4654440013793,1232.22130893301,0
24,16,4,11,4,7,0,955.42326522828,670.098251995978,1292.41379084044,0
24,17,4,11,4,7,0,118.232655084571,255.089651307764,1422.12065407808,0
24,18,4,10,4,6,0,146.87554768277,293.999523281546,1119.07880282309,0
24,19,4,10,4,6,0,207.142679983434,233.332863618344,960.974667454074,0
24,20,4,9,4,5,0,328.745354567254,172.343846681558,972.270090413598,0
24,21,4,10,4,6,0,101.636774883937,126.312825985457,1074.70167517861,0
24,22,4,10,4,6,0,56.7099246119044,77.6834179661462,961.95887533992,0
24,23,4,10,4,6,0,116.04156453636,84.4625059669234,1823.22676233119,0
24,24,4,9,4,5,0,368.78939934971,163.244494596809,952.019324794846,0
24,25,4,8,4,4,0,477.614824991492,415.892597555908,1108.61912950367,0
24,26,4,8,4,4,0,389.778239841952,472.078090060014,1378.25192538732,0
24,27,4,8,4,4,0,300.038474535514,474.646512111155,1635.75424172932,0
24,28,4,8,4,4,0,155.628398406004,224.377060258596,1894.36841004965,0
24,29,4,8,4,4,0,235.697902601598,291.64876966653,3135.27765984077,0
24,30,4,8,4,4,0,159.944880680125,266.7561825636,3803.567183843,0
24,31,4,8,4,4,0,167.942745172792,356.762582538533,6078.10190679226,0
24,32,5,8,4,4,1,95.9441381076235,435.127919893538,7169.23223686224,3.47324555052042
24,33,4,7,4,3,0,132.729903802767,517.066188396778,8469.51025839004,0
24,34,4,7,4,3,0,208.746350088111,379.275585260266,11550.5228700871,0
24,35,5,7,4,3,1,167.978054980242,505.87595942695,13028.2390615759,5.08100299383327
24,36,5,7,4,3,1,201.947010478358,301.014584558652,14621.6637080122,5.11604947936151
24,37,4,6,4,2,0,166.651508031787,274.434489468171,12033.7623859036,0
24,38,4,6,4,2,0,234.989431801264,289.575638731265,13817.777982882,0
24,39,5,6,4,2,1,212.221121279974,180.239985650852,15485.6402118774,121.467616461657
24,40,5,6,4,2,1,69.8946400383486,297.748141138225,17576.9446395084,82.6902850348593
25,1,2,5,1,4,1,79.8689092647685,80.903082353464,1032.03531741702,174.691142321009
25,2,4,7,4,3,0,626.989946269974,643.915840709503,589.139043416739,0
25,3,3,6,2,4,1,102.156102141302,49.0728125766246,948.014015401577,44.4163477526379
25,4,5,10,5,5,0,1096.72170660954,1570.31247667913,766.236899775491,0
25,5,4,10,4,6,0,118.089486727326,811.052895117797,1282.27151019396,0
25,6,3,9,3,6,0,288.829332466189,259.619890871777,182.380550800831,0
25,7,5,9,4,5,1,203.300705557717,271.388729297557,677.00755101266,60.0597472535972
25,8,5,10,5,5,0,417.728217816546,442.020510028823,530.801892050868,0
25,9,4,9,4,5,0,292.658397981385,260.775595282504,561.17357415173,0
25,10,4,9,4,5,0,871.348903992433,1126.19378566357,253.319070027719,0
25,11,3,8,2,6,1,80.4849584976208,82.3417626720823,247.67869388332,166.284169647957
25,12,3,10,3,7,0,98.2213921227702,93.7650455608402,1834.80299950503,0
25,13,4,11,4,7,0,367.842791383161,211.934818169507,2161.93574113618,0
25,14,4,11,4,7,0,459.375662347652,313.350481934341,2642.62302147537,0
25,15,3,9,3,6,0,196.446902437587,264.44956963231,2936.28888648207,0
25,16,3,9,2,7,1,189.908619390668,214.663774113619,3661.30266134546,71.5837539739139
25,17,3,10,3,7,0,93.9358324644833,159.999863479637,4456.04952128368,0
25,18,3,8,3,5,0,143.970002312253,103.266272558953,4734.38533307257,0
25,19,3,9,3,6,0,122.814592246477,237.036509479187,5695.19832318255,0
25,20,4,9,4,5,0,176.573831505465,625.04075048942,6879.78711554591,0
25,21,4,9,4,5,0,74.2241150903425,282.7514592973,7714.34102697419,0
25,22,4,7,3,4,1,105.32552713136,272.799966930396,8933.37006219867,5.11561338710594
25,23,4,9,4,5,0,357.26736531824,171.712778724095,10452.487667745,0
25,24,3,8,3,5,0,123.00217917407,266.863269132139,8497.66555294622,0
25,25,4,9,4,5,0,180.805001341373,132.820413511678,16119.5409294175,0
25,26,3,8,3,5,0,132.138478051801,67.0989836302464,18473.767419284,0
25,27,3,7,2,5,1,165.010314418628,20.0868670128759,14428.6167095161,18.5208875068521
25,28,4,7,2,5,2,105.555743813937,122.05128695964,23911.488911262,47.7303111773906
25,29,4,7,2,5,2,39.9235514396877,31.2518277477349,26922.1185614207,69.3232216611337
25,30,4,7,4,3,0,196.523460856607,204.798586459662,14511.3404913254,0
25,31,4,7,4,3,0,366.975244902868,68.7291785254149,16296.3486679123,0
25,32,4,7,3,4,1,359.919847242947,136.921319596036,25454.4769066449,42.834308116666
25,33,4,7,4,3,0,284.978618628598,331.911802687238,20364.5679833202,0
25,34,4,8,4,4,0,387.206751622272,362.917078037831,25815.9251492423,0
25,35,5,8,4,4,1,339.812627195997,261.0244125265,29096.9637267053,17.0591095257696
25,36,6,8,4,4,2,237.99815297798,147.635067861241,32635.2733691525,69.7338623567358
25,37,6,8,4,4,2,519.815422068596,385.833346250068,36926.6373435519,85.5524863971567
25,38,4,8,4,4,0,344.845033680833,300.640239109729,40825.8748162856,0
25,39,4,8,4,4,0,393.012316088997,413.135568921571,43356.4787927977,0
25,40,5,7,4,3,1,64.9968829458905,58.3640940743723,33636.9259582105,28.0243102096631
26,1,4,4,4,0,0,951.542455279363,951.542455279363,0,0
26,2,5,7,5,2,0,1314.68093262009,1400.79187210144,494.104953007686,0
26,3,5,7,5,2,0,1216.15985338443,1290.30184394311,494.166167536648,0
26,4,4,7,4,3,0,972.66646364147,1171.86948294735,453.118016809388,0
26,5,4,10,4,6,0,603.710781729026,1090.38112851889,900.0837978011,0
26,6,4,10,4,6,0,901.849350445501,169.939475185837,1265.38546712494,0
26,7,3,9,2,7,1,64.1510061049674,25.4713149705048,406.215903298198,47.2974861449464
26,8,3,8,2,6,1,151.805377276882,163.194308812932,732.841699772523,114.0245294524
26,9,4,9,4,5,0,97.630971226016,240.747458038714,456.611404668864,0
26,10,4,9,4,5,0,169.142833215693,230.803951444874,538.149040672898,0
26,11,4,9,4,5,0,593.020629561893,423.76614615131,786.0687706822,0
26,12,3,7,2,5,1,21.7531121594707,45.9514871381603,455.410432802139,42.7262733762345
26,13,3,10,3,7,0,280.51815065986,148.088323118077,2234.16894768371,0
26,14,4,11,4,7,0,153.015274974631,130.835604670086,2501.07293006888,0
26,15,4,11,4,7,0,206.103245101111,216.223036887056,3072.93334736635,0
26,16,3,9,3,6,0,232.2295495094,82.6308227074369,3492.75559763876,0
26,17,3,10,3,7,0,122.309815988573,146.822384437275,4382.91752389616,0
26,18,3,10,3,7,0,125.924005381005,43.0228745297215,5372.39924784193,0
26,19,3,8,2,6,1,39.172731229931,19.573995310402,5700.15145511089,81.8822415749307
26,20,3,8,3,5,0,109.382807344424,140.213403929885,7013.57177037936,0
26,21,4,9,4,5,0,323.754252048642,517.86557447731,8197.14688865048,0
26,22,4,8,3,5,1,235.289797083525,254.176816911129,9112.71951813401,13.49531899239
26,23,4,7,3,4,1,122.9695863103,282.390575079155,10480.0603686921,74.149154820891
26,24,4,9,4,5,0,244.974122056483,204.542454068939,12188.6307050007,0
26,25,4,8,3,5,1,104.420719375924,136.56500131789,15015.7570618847,54.5113554100116
26,26,4,8,3,5,1,98.7566127129442,154.869597528456,18518.8009871383,139.997708876498
26,27,3,8,3,5,0,72.8317538792186,112.069406436304,21209.9432473422,0
26,28,4,8,4,4,0,102.761643031603,67.445714656216,16603.8907050822,0
26,29,4,7,2,5,2,110.613500619545,166.31869227062,27355.9349307967,317.518638278478
26,30,4,7,2,5,2,38.8085035499719,50.5714962192406,30750.79251192,93.7539073676649
26,31,4,7,4,3,0,94.0876193542392,144.839541171424,16879.9626840351,0
26,32,4,8,4,4,0,131.969869927851,376.142096041668,27605.013396462,0
26,33,4,7,4,3,0,1218.70262029812,718.617060027948,21275.6590882874,0
26,34,4,7,4,3,0,247.561061227873,138.335533557586,23507.8832581369,0
26,35,4,8,4,4,0,144.654543837392,167.101594648082,29777.9914244688,0
26,36,5,8,4,4,1,398.648983165759,212.162136167006,33394.5491304556,14.4893152870383
26,37,6,8,4,4,2,403.424904081852,133.376150317048,37310.1772164078,82.0331728547115
26,38,6,8,4,4,2,491.25426967171,151.510785670451,42149.8511157153,105.842356503594
26,39,4,8,4,4,0,241.065924766268,177.12475903157,46648.7565053343,0
26,40,4,8,4,4,0,329.644814378891,361.325035213515,48456.4892304447,0
27,1,3,3,3,0,0,1607.3836530851,1607.3836530851,0,0
27,2,5,5,5,0,0,288.872339291668,288.872339291668,0,0
27,3,5,7,5,2,0,1388.21162608407,1462.50673192326,494.166167536648,0
27,4,5,8,5,3,0,548.640343181278,625.623378139724,954.850317646192,0
27,5,5,7,4,3,1,414.006670751549,634.037988549253,468.376213065374,0.837607258962197
27,6,5,10,4,6,1,258.966653557827,1154.77159174289,896.782763928358,2.60772861654152
27,7,4,10,4,6,0,728.319955347812,272.85903267152,1068.63178088873,0
27,8,4,9,3,6,1,690.147263196076,87.5664154353918,588.704755201755,322.82455957367
27,9,3,8,2,6,1,74.9038936028074,165.656848874253,787.564440320755,169.673709943343
27,10,4,9,4,5,0,277.915698229449,303.792736938144,719.536927327874,0
27,11,4,9,4,5,0,120.612525280824,131.665091353506,525.709298869535,0
27,12,4,9,4,5,0,801.571423977351,770.718683834528,909.431949829968,0
27,13,3,7,2,5,1,63.7499531924126,144.255549862748,625.802249910432,42.043518813773
27,14,3,11,3,8,0,162.031750610764,397.257470800354,2835.98941322212,0
27,15,4,11,4,7,0,160.419146016432,316.034878135494,3040.43796609695,0
27,16,4,11,4,7,0,79.2352986817991,139.350586311538,3658.91063472856,0
27,17,4,10,4,6,0,326.744688797427,615.147565891377,4040.30307087296,0
27,18,3,9,3,6,0,182.96086410008,136.37848334299,4984.31447209012,0
27,19,3,9,3,6,0,183.716025460008,249.305553396592,5677.61761353133,0
27,20,3,8,3,5,0,35.6143834295086,76.1747255987854,6619.26730207609,0
27,21,3,8,2,6,1,76.111939236121,23.2534136958757,8455.76368452341,75.0346975218637
27,22,4,8,3,5,1,499.889232731731,147.961987539107,9728.44510614337,35.2108268567054
27,23,4,8,3,5,1,204.065073533598,258.552400740472,10963.5114116772,55.552787259153
27,24,4,7,3,4,1,187.118473098419,215.008010986135,12249.0988198312,43.6256428275876
27,25,4,8,4,4,0,308.546282000597,360.260579484653,14127.910723663,0
27,26,4,8,3,5,1,150.336870021941,104.908584119073,17448.6455361858,151.742428626899
27,27,4,8,3,5,1,97.9792753016405,197.287531047308,21225.1918345679,346.822660937064
27,28,4,8,4,4,0,266.511310327689,70.7678191555193,16619.5708454043,0
27,29,4,8,4,4,0,203.67606896388,116.277534298982,19172.6869383235,0
27,30,4,8,4,4,0,130.757682428993,396.183218994779,21927.4566699264,0
27,31,4,8,4,4,0,96.6294904786487,163.67405720448,24844.6215965669,0
27,32,4,7,4,3,0,91.5815097883742,250.444417921063,19492.7581528425,0
27,33,4,7,4,3,0,161.267242127035,522.467453184564,22176.2150278614,0
27,34,4,7,3,4,1,201.914184689472,49.7701022199551,34935.4613930515,657.377923289173
27,35,4,8,4,4,0,162.614172084209,144.570144275207,37943.32794086,0
27,36,4,8,4,4,0,228.021788519991,207.736069748134,34177.1817096324,0
27,37,5,8,4,4,1,270.871293171125,238.226370019778,38132.4373887703,12.1684536681798
27,38,5,8,4,4,1,276.438462311879,128.15480783682,42673.3262823493,6.2570158024527
27,39,6,8,4,4,2,101.823651886392,92.9984301540264,46127.3151179836,124.457750755092
27,40,5,8,4,4,1,397.180986057592,206.175033627172,49485.9680026907,109.176478560281
28,1,2,5,1,4,1,63.8366213130505,76.7232951185177,755.094693556921,91.6520796418875
28,2,4,7,4,3,0,723.434546711261,715.922001067538,552.865168162326,0
28,3,5,8,4,4,1,145.569131950157,160.232697558884,873.2469537428,0.0633901963024514
28,4,5,10,5,5,0,106.697495305995,178.778647514182,1057.65603146871,0
28,5,5,10,5,5,0,203.091210234611,277.891275830359,1099.19114912946,0
28,6,4,10,4,6,0,178.470030892034,303.996822768752,1057.89896984147,0
28,7,4,9,3,6,1,300.194752080197,151.726820961557,1124.09327244133,59.402363176285
28,8,4,10,4,6,0,229.502674840034,355.799125777037,1199.7794269771,0
28,9,4,12,4,8,0,417.518858304336,291.115199819574,1258.05714647432,0
28,10,3,10,2,8,1,117.23136607465,111.050635123834,1563.41769983844,9.19518969273311
28,11,3,11,2,9,1,56.0811584464421,53.5507186404208,1765.57125506921,8.93734512621946
28,12,3,10,3,7,0,96.1572557035698,70.2841134348399,1894.55476378949,0
28,13,4,11,4,7,0,528.994544594244,484.352308890804,2255.61790113416,0
28,14,4,9,3,6,1,254.085685974991,258.079990745664,2528.63261069276,270.218024953319
28,15,3,10,3,7,0,165.043166197352,132.861970694328,2924.80292939033,0
28,16,4,9,4,5,0,158.490905005275,541.049425627454,3304.94430414321,0
28,17,4,10,4,6,0,177.963497377073,620.524197429832,4025.27654323993,0
28,18,4,9,4,5,0,260.829224744598,356.903552975148,4624.94544868392,0
28,19,3,7,1,6,2,5.83781709588962,12.1296901326433,5659.28658499452,94.6860321901386
28,20,3,8,2,6,1,120.426562366698,19.0790520324208,6633.85728507519,4.60185740507505
28,21,3,9,3,6,0,145.38919988911,39.6565682043067,8019.0885784929,0
28,22,3,8,3,5,0,116.039400500337,92.7750528296603,9187.53727887194,0
28,23,3,8,3,5,0,77.4320892959987,29.3835045298424,10581.0655910922,0
28,24,3,7,2,5,1,111.176746849937,88.0118349786367,13757.1245008262,19.9778291483613
28,25,4,8,4,4,0,192.736657253359,246.665104929324,9611.66738947732,0
28,26,4,8,4,4,0,144.207556815337,187.84682271287,11035.7286579608,0
28,27,4,8,4,4,0,379.039411749072,250.648090652,12225.3490637778,0
28,28,4,7,3,4,1,370.587221228535,162.717795687901,14288.4534568909,20.2208886765841
28,29,4,8,4,4,0,379.071427923076,155.831762350014,15813.5200920419,0
28,30,4,8,4,4,0,218.61256726543,136.732008064975,17834.788413266,0
28,31,4,9,4,5,0,226.507363362085,239.491796324375,21754.9525950511,0
28,32,4,8,3,5,1,62.4444828106145,193.621441263458,24463.1288318396,72.241756925852
28,33,4,7,3,4,1,122.890846002453,214.079625157774,20977.9501584693,17.9650249042816
28,34,4,8,4,4,0,178.491614754181,428.544555244037,22998.6358405326,0
28,35,4,7,3,4,1,302.508010685977,154.062294084151,24580.8797830979,5.45723612410372
28,36,4,8,4,4,0,130.383626508463,53.8184406994895,26825.1454607968,0
28,37,5,8,4,4,1,132.046011686978,242.593472810825,29340.9749917746,20.2366186173583
28,38,5,7,4,3,1,312.239059055143,315.606804451847,24621.6931074594,271.765277512335
28,39,6,7,4,3,2,336.83162971162,324.101930562484,27661.8658723768,240.329943213362
28,40,6,7,4,3,2,419.468233043058,116.149456431689,30881.9862095566,142.479825313072
29,1,3,4,3,1,0,397.624348646799,340.034128502218,860.885315518644,0
29,2,3,5,1,4,2,6.53390930748035,2.99674696266969,755.094693556922,389.394768630289
29,3,5,8,4,4,1,549.307340915457,567.639442341237,810.336150128193,0.0633901963024499
29,4,4,7,3,4,1,69.6269987874792,97.7865233555054,871.378376548894,42.0174551647177
29,5,4,10,4,6,0,154.266192735301,106.582926228904,982.282437250753,0
29,6,5,10,5,5,0,317.739132824261,399.951858936684,1060.32820918726,0
29,7,5,10,4,6,1,330.761143755999,375.659319586891,1039.9446874862,6.27650150814924
29,8,4,9,3,6,1,308.578818869051,306.358184698739,1062.74713097954,22.5714432438527
29,9,4,10,4,6,0,257.014440842948,191.437392201874,1138.42898360836,0
29,10,4,12,4,8,0,213.363691268749,192.518638347912,1415.04991116507,0
29,11,3,11,3,8,0,98.4628765242282,40.1837951716878,1757.66873758232,0
29,12,3,10,2,8,1,20.5749567183103,20.1032433602412,1909.85421518793,113.313194971262
29,13,3,9,3,6,0,53.7053001075848,35.7542472907133,2125.27699449089,0
29,14,4,11,4,7,0,527.171116188254,586.385310508628,2650.31287218475,0
29,15,4,9,3,6,1,274.388720980206,155.085871288498,3026.90751895852,202.485511755789
29,16,3,10,3,7,0,187.571138608489,176.44946651742,3307.44528130883,0
29,17,4,10,4,6,0,182.41862499769,445.15732769297,4022.27834824112,0
29,18,4,10,4,6,0,113.076854432001,420.745955910315,4697.79885744608,0
29,19,4,9,3,6,1,137.307358252891,301.65078319062,5576.47098804828,67.9208495402891
29,20,3,7,2,5,1,34.4847416871376,119.479914178775,6498.80854484793,2.11583853886844
29,21,3,8,2,6,1,128.147578176962,86.7925087971521,7677.30341201662,41.8944161984672
29,22,3,9,3,6,0,113.434596905187,49.1458354352659,9503.88912766481,0
29,23,3,8,3,5,0,164.688365347734,120.585341657124,10849.5041649865,0
29,24,3,8,3,5,0,141.338562160101,97.1370529363447,13886.6634515699,0
29,25,3,7,3,4,0,239.807303387583,243.430085828215,10465.2398787334,0
29,26,4,8,4,4,0,300.988619133255,205.937658957606,12059.4406984926,0
29,27,4,8,4,4,0,91.2716649509787,117.772933125627,13763.9340116113,0
29,28,4,8,4,4,0,297.419477003111,178.520381231457,15355.9658787957,0
29,29,4,8,4,4,0,246.773325535367,60.064596744433,16972.1401575872,0
29,30,4,7,3,4,1,224.981777172553,134.282166239287,18634.5458529884,106.248645650933
29,31,4,8,4,4,0,270.59168636373,186.822220797358,20800.2608949941,0
29,32,4,9,4,5,0,315.868217187911,331.703997363535,26438.222436235,0
29,33,4,8,3,5,1,150.914534408315,338.816091665241,29584.9123146619,21.194488277691
29,34,4,8,4,4,0,126.301172859967,182.304933370763,24445.8361545705,0
29,35,4,8,4,4,0,181.965618496668,257.622134766154,26941.1365811525,0
29,36,4,8,4,4,0,165.987618996646,166.834788499192,30843.6836403169,0
29,37,4,8,4,4,0,127.873490941066,187.736165646086,31863.6190456318,0
29,38,5,8,4,4,1,194.79184306064,211.125943271527,34304.9862657492,48.2624483933063
29,39,5,7,4,3,1,660.294737571471,661.046973939541,28441.2014774919,326.933245933376
29,40,6,7,4,3,2,427.840326429677,378.693703267384,31837.6771072397,299.39535294274
30,1,2,3,2,1,0,150.249174775134,110.648767092023,457.578340023759,0
30,2,4,4,4,0,0,543.752378515024,1209.8845773841,0,0
30,3,4,7,3,4,1,508.474426794526,510.137719129984,754.174477379962,322.248501361226
30,4,5,7,4,3,1,628.222417753109,809.613569656644,526.768681519797,0.543026975379848
30,5,4,7,3,4,1,163.001177988885,132.707584112951,862.143006329184,119.013496704793
30,6,5,10,4,6,1,362.152842562314,378.02390685086,976.3826757802,2.60772861654064
30,7,5,10,4,6,1,442.10329437096,425.801385150729,981.363420367575,4.6044048040331
30,8,5,10,4,6,1,458.746518718733,505.285107485204,1060.17234731997,22.5714432438451
30,9,4,9,3,6,1,132.487237776086,212.513821054355,1032.2617867604,38.3362584678525
30,10,4,9,4,5,0,451.099997767601,206.073453269211,1121.57210615137,0
30,11,3,11,2,9,1,43.9198750413401,53.2029397840432,1701.88172547014,76.3819557572478
30,12,3,11,3,8,0,207.347316289307,110.574928868292,2016.12050477384,0
30,13,4,12,4,8,0,595.618841287535,376.388135229903,2455.20822381462,0
30,14,3,9,2,7,1,57.0911327280415,34.4239484108635,2629.88935100001,44.8193760625425
30,15,3,10,2,8,1,2.63610178159635,9.57009566352386,3291.72068767808,195.568234928062
30,16,3,10,3,7,0,175.18966954957,184.231219218581,3608.48996378811,0
30,17,3,9,3,6,0,169.009457876242,107.693055890086,4124.65727910383,0
30,18,3,10,3,7,0,193.517220848766,131.362227078089,5052.55971256576,0
30,19,4,9,4,5,0,101.381108483637,403.272234686494,5555.98895094807,0
30,20,4,9,4,5,0,192.979066390009,395.246988004035,6546.23788176586,0
30,21,4,7,2,5,2,146.514308545537,66.976966468071,7863.33349745105,2.84300954282005
30,22,3,8,3,5,0,155.227474584974,42.5944368466836,9114.34010447189,0
30,23,3,9,3,6,0,37.5064808159573,266.296612991305,11007.7390822214,0
30,24,3,8,2,6,1,79.8363156735066,51.5225146706831,14044.7074359864,75.9077971643678
30,25,3,8,3,5,0,86.2954538231795,57.155960155003,16050.3484617188,0
30,26,3,7,3,4,0,300.370109793465,242.804423157793,12275.864108998,0
30,27,4,8,3,5,1,161.364996644885,110.619363967956,20827.0029633695,18.8328311199966
30,28,4,8,4,4,0,87.6818595981245,96.3336070772046,16110.4240789829,0
30,29,4,8,4,4,0,211.549204382359,186.40268950089,18014.3877402376,0
30,30,4,8,4,4,0,268.144597262209,88.6647928703772,19975.2946832259,0
30,31,4,7,3,4,1,286.060306724169,154.081566904577,21831.1492507134,63.9162995033684
30,32,4,7,4,3,0,110.790800270914,162.281293090926,17547.0962407232,0
30,33,4,8,4,4,0,470.108792813217,403.095781264909,22219.3794266809,0
30,34,4,8,4,4,0,246.869931682129,266.907647785597,25144.2076105153,0
30,35,4,8,4,4,0,157.569779175543,232.143560555708,28296.4053472012,0
30,36,4,8,4,4,0,286.961668446075,287.369324091293,32317.230022106,0
30,37,4,8,4,4,0,85.5268640692766,51.8126256753725,35591.3919453096,0
30,38,4,8,4,4,0,173.292376688936,211.512051177025,37345.645057975,0
30,39,4,8,4,4,0,215.053410803784,194.338735728717,39877.7955236542,0
30,40,5,7,4,3,1,212.268356941869,126.381876469075,32696.3260849923,335.820970553702
31,1,4,4,4,0,0,1174.89831674216,1174.89831674216,0,0
31,2,4,4,4,0,0,883.040877866008,883.040877866008,0,0
31,3,5,5,5,0,0,221.304333597315,221.304333597315,0,0
31,4,3,6,2,4,1,112.780926396932,87.5086747834105,981.98077271142,38.8437174969686
31,5,3,6,3,3,0,114.380664578356,56.4007595560454,489.820193888603,0
31,6,4,7,4,3,0,2033.03225255757,636.442437075124,469.248102102368,0
31,7,5,8,4,4,1,1328.69451542409,830.017410547786,656.647718418989,6.5779081091109
31,8,5,10,3,7,2,88.333054594833,397.361150066753,1038.88198490314,90.6267610244441
31,9,3,8,2,6,1,113.491921362852,38.5251867712783,488.67685530963,45.2739981270192
31,10,4,9,4,5,0,286.829700355685,525.005655465201,793.791717630049,0
31,11,4,8,3,5,1,141.301764850657,199.924067087647,810.253009088606,95.1636996014466
31,12,4,9,4,5,0,126.203800585012,136.273041275532,721.016962770048,0
31,13,4,9,4,5,0,177.163746634288,160.060651040623,732.279550794046,0
31,14,4,9,4,5,0,214.41350046299,123.183955956007,901.260123052432,0
31,15,4,9,4,5,0,233.398601290523,248.908272211518,798.318020036054,0
31,16,4,11,4,7,0,259.201755892308,337.223073535719,3886.76724737913,0
31,17,4,11,4,7,0,301.046388049761,268.856720421257,4533.35026979619,0
31,18,4,11,4,7,0,151.590762207093,94.012088448397,5286.39575112753,0
31,19,4,11,4,7,0,131.436058008052,157.517238048382,6142.23676711527,0
31,20,4,10,4,6,0,145.399233965876,177.587668058119,6801.7144663352,0
31,21,4,10,4,6,0,200.738507286996,186.181419271186,7893.30948139787,0
31,22,4,10,4,6,0,387.34875280737,173.080053741759,9230.78957466599,0
31,23,4,10,4,6,0,60.7978909495359,179.185506472641,10774.3301155259,0
31,24,4,10,4,6,0,270.420093701082,332.887932779126,12498.4364219604,0
31,25,4,10,4,6,0,246.683473844177,167.493819031594,14443.386840476,0
31,26,4,10,4,6,0,249.666766401956,131.84652751975,16660.038873583,0
31,27,4,9,4,5,0,219.623857045462,119.629819959653,18910.1330883765,0
31,28,4,10,4,6,0,50.0853839299918,38.1338230549571,23388.9614888452,0
31,29,4,9,4,5,0,79.234686686291,96.4137002224811,26527.0668373148,0
31,30,5,9,4,5,1,91.306256725924,237.410027972553,30243.533350213,260.710627439542
31,31,5,9,4,5,1,115.014441265896,227.599686004495,34329.8803821298,382.4570254155
31,32,5,9,4,5,1,301.035749355796,302.377347737712,38785.4096046826,486.666514526783
31,33,5,9,4,5,1,290.445332210594,311.76395149725,43633.3826438207,552.917260889535
31,34,5,9,4,5,1,173.705456800508,143.249713955699,47909.3658978401,611.46010307143
31,35,5,9,4,5,1,99.4683101661107,137.44528406354,51164.6242695023,627.249804828309
31,36,6,8,4,4,2,152.286159119401,184.978235763582,42481.873152841,801.502211688862
31,37,6,8,4,4,2,138.658324387008,136.592684226971,45297.3165033741,893.968530633441
31,38,6,9,4,5,2,220.312140408038,196.688937822445,56646.862443608,1120.08688453007
31,39,6,9,4,5,2,271.553988547375,231.719549839168,61313.2235819519,1223.80692682798
31,40,6,9,4,5,2,105.557820750104,111.780695033409,66845.5670493592,1021.24235302187
32,1,4,4,4,0,0,1439.77460995039,1439.77460995039,0,0
32,2,4,4,4,0,0,1284.24081550217,1284.24081550217,0,0
32,3,4,4,4,0,0,967.916838915283,967.916838915283,0,0
32,4,4,4,4,0,0,238.054866504358,238.054866504358,0,0
32,5,3,6,1,5,2,50.8671718313945,10.313901484226,1107.9981333835,315.948084864634
32,6,4,7,3,4,1,84.0139323141471,81.4739078006954,649.900417570333,2.32452371272568
32,7,4,8,4,4,0,361.245484888627,327.940079823213,948.643937659402,0
32,8,4,7,4,3,0,296.846016672055,307.34657233576,309.502329924848,0
32,9,4,9,3,6,1,145.86357448663,231.20193002979,605.102104541527,75.795796901078
32,10,4,9,3,6,1,191.007529582134,158.119324286415,469.8383071479,19.3284859901254
32,11,4,9,3,6,1,153.615273647036,307.415970366807,857.576450646259,38.2782401076277
32,12,4,8,2,6,2,137.066285372536,109.918700254426,781.571516027735,165.907940458451
32,13,4,8,3,5,1,139.711275539383,121.35241797906,724.067143328676,17.9527149183589
32,14,4,9,4,5,0,232.657105077626,154.686842572099,1069.96078379075,0
32,15,4,9,4,5,0,245.31601304245,133.212056941501,919.800459369469,0
32,16,4,9,4,5,0,162.042201436141,98.2484930445978,772.235144340178,0
32,17,4,11,4,7,0,123.370279732124,391.585695544681,4499.48614454068,0
32,18,4,11,4,7,0,94.5950448789862,126.372830900114,5229.67297987616,0
32,19,4,11,4,7,0,101.141198901145,86.8308979065112,6109.63403705533,0
32,20,4,11,4,7,0,68.6418720145024,102.822419566547,7120.64732752778,0
32,21,4,10,4,6,0,116.893126290501,151.684304783401,7967.89990808386,0
32,22,4,10,4,6,0,97.8570426446329,167.786333234904,9236.5711433908,0
32,23,4,10,4,6,0,472.830829851858,60.0510406035948,10766.1739638176,0
32,24,4,10,4,6,0,55.3113887081363,194.029891771681,12536.0497212932,0
32,25,4,10,4,6,0,208.521259133262,130.692643318937,14504.5866485237,0
32,26,4,10,4,6,0,239.673391054403,183.326013817344,16695.7901167886,0
32,27,4,10,4,6,0,215.723940486787,139.79816354069,19163.522307611,0
32,28,4,9,4,5,0,51.8302287318331,78.2494301624989,21640.4717295371,0
32,29,4,10,4,6,0,15.3633843718502,9.85246928091511,26787.9694793136,0
32,30,4,9,4,5,0,200.563620967392,138.463459210758,30225.8047424049,0
32,31,5,9,4,5,1,135.981982095943,124.420949048606,34325.5216697629,382.457025415499
32,32,5,9,4,5,1,91.3138841618307,240.598775928773,38813.0146976634,527.481212419934
32,33,5,9,4,5,1,63.749169431373,204.191518320696,43690.3643213615,657.909023428591
32,34,5,9,4,5,1,477.633257663827,388.283814867044,47932.2727655876,744.633977802192
32,35,5,9,4,5,1,269.205459568426,240.61576645486,51215.9891649382,811.303208848816
32,36,5,9,4,5,1,90.2479250367204,104.320807084786,54913.1010512832,831.213096172848
32,37,5,8,4,4,1,85.5491664017601,86.6434627419325,45330.0045627931,916.626999927069
32,38,6,8,4,4,2,115.551281794432,92.0039286728609,48495.0886894344,1066.65687449842
32,39,6,8,4,4,2,196.611200956705,149.076684297953,52045.5208454449,1236.57561544513
32,40,6,9,4,5,2,217.075150676072,101.967278539151,66921.7903399248,1452.86893009857
33,1,3,4,3,1,0,557.330296092504,557.330296092504,674.885941157695,0
33,2,4,4,4,0,0,1191.999027417,1199.54938432495,0,0
33,3,5,5,5,0,0,1287.05197765022,1290.20510678257,0,0
33,4,5,5,5,0,0,328.743588754699,329.063475602738,0,0
33,5,4,4,4,0,0,167.198162126214,167.232814230458,0,0
33,6,4,6,3,3,1,298.108599640805,241.015241733606,497.211129482213,250.966103115274
33,7,4,7,4,3,0,329.956248770423,345.221612508612,489.682225368768,0
33,8,4,7,4,3,0,216.268742233828,312.83868782009,500.909719580507,0
33,9,4,7,4,3,0,224.201637082099,265.602658024293,326.576204886707,0
33,10,5,10,4,6,1,84.2879756160728,220.467427822485,609.591064177756,21.1439668835244
33,11,5,10,4,6,1,283.580911673737,301.722589964071,457.102208440058,31.5153968027665
33,12,4,9,4,5,0,302.620070664037,576.720967263478,590.04020682865,0
33,13,4,8,2,6,2,116.190649662786,42.9084407284149,957.625134399882,234.387839444737
33,14,4,8,3,5,1,217.910691336877,200.815328989387,735.577367516124,4.23745649498481
33,15,4,8,3,5,1,227.750335165382,163.17713797739,753.469967324288,0.952221883971405
33,16,4,9,4,5,0,108.037684732888,100.781914476275,933.023235846989,0
33,17,4,9,4,5,0,252.866959181694,118.433644600147,814.033370903567,0
33,18,4,11,4,7,0,93.1077495284434,250.287746177667,5238.07385124703,0
33,19,4,11,4,7,0,87.7950593916172,112.702719832293,6077.75876982651,0
33,20,4,11,4,7,0,182.679993140706,200.75435889818,7087.46316866148,0
33,21,4,11,4,7,0,96.1842368710537,160.292444411427,8262.3425901149,0
33,22,4,10,4,6,0,93.4106816934077,179.37262717661,9305.59401682097,0
33,23,4,10,4,6,0,98.3652470554835,123.637346302413,10774.0968798517,0
33,24,4,10,4,6,0,251.864193155617,36.0440988692719,12511.0928892298,0
33,25,4,10,4,6,0,55.232622723203,189.026428504803,14520.8857524985,0
33,26,4,10,4,6,0,149.838079247305,226.178147575543,16757.2349891682,0
33,27,4,10,4,6,0,273.595183532613,228.884506277663,19221.9587695137,0
33,28,4,10,4,6,0,253.061712949015,155.166370525737,21964.1519146017,0
33,29,4,9,4,5,0,143.735838044182,157.207981467837,24667.8859503702,0
33,30,4,10,4,6,0,21.9078835164213,17.9449472323796,30556.1972336906,0
33,31,4,9,4,5,0,89.882997484752,89.4877451372573,34301.0928013553,0
33,32,5,9,4,5,1,167.852858394253,190.04309446945,38800.4337596591,527.481212419925
33,33,5,9,4,5,1,310.892095243602,296.23518026838,43706.9663913666,695.792043928923
33,34,5,9,4,5,1,156.269685014877,327.507301261673,47939.4788571298,853.616908700396
33,35,5,9,4,5,1,377.337665222176,489.249910359328,51237.4414840095,964.767770558893
33,36,5,9,4,5,1,318.608500114694,297.46467626889,54959.8547032696,1043.42063201675
33,37,5,9,4,5,1,100.047295822541,89.4479837152556,59104.1878150067,1069.87232480309
33,38,5,8,4,4,1,73.1459617751604,79.1134706398849,48536.7518638033,1137.2540808477
33,39,6,8,4,4,2,155.107732024349,106.939188722018,52058.8180732738,1273.75659556113
33,40,6,8,4,4,2,217.760125625107,153.278439705697,56006.5238215403,1463.18764625978
34,1,3,6,2,4,1,85.5915903635825,420.411939734153,982.094339575143,393.104534817413
34,2,3,6,2,4,1,161.432730938487,174.234490064244,906.526418555803,276.501855462598
34,3,4,7,4,3,0,649.264743231329,1303.12981912109,339.172374315138,0
34,4,4,7,4,3,0,1166.92026812162,1270.29343539658,307.825584120209,0
34,5,5,10,4,6,1,241.801153032407,203.208194550404,1112.52761966105,1.50869577560162
34,6,4,10,3,7,1,295.124360166781,295.431250758068,788.84265534971,143.960668076497
34,7,3,8,3,5,0,293.267207535157,190.742161806406,767.089595941245,0
34,8,4,9,4,5,0,708.479290713862,496.28511932778,765.777521962065,0
34,9,4,9,4,5,0,268.387255774364,373.63051615789,722.652662073891,0
34,10,4,10,4,6,0,128.759271584966,167.04325671031,881.050530880996,0
34,11,4,9,4,5,0,68.1006859533764,89.1756895203432,791.546817937262,0
34,12,4,10,4,6,0,247.197141845474,191.070826715416,894.549361048596,0
34,13,4,10,3,7,1,229.112037841985,183.589499354105,2677.06776968741,65.4682535542724
34,14,3,10,3,7,0,128.894854453651,374.433907820314,3094.35215382245,0
34,15,3,10,3,7,0,271.211934492133,232.863760259173,3512.48177538214,0
34,16,4,10,3,7,1,192.90064814087,223.557945478769,3946.13725191965,3.60556627205104
34,17,4,11,4,7,0,74.3289664200083,48.7675098033279,4391.54671242448,0
34,18,4,10,4,6,0,235.700109593673,92.9363894465016,4857.57182344658,0
34,19,4,10,4,6,0,126.488527740988,139.043774613157,5693.06321739682,0
34,20,4,10,4,6,0,132.858134619165,164.333153688483,6669.19285596535,0
34,21,4,10,4,6,0,240.650076685737,198.31308861199,7891.38010160632,0
34,22,4,10,4,6,0,133.07819454728,175.732066998489,9168.9217828174,0
34,23,4,10,4,6,0,79.0106917674274,141.294091826443,10772.6728426025,0
34,24,4,10,4,6,0,22.2680411669878,111.34969563557,12389.7293507288,0
34,25,4,9,4,5,0,225.062182660679,154.839898359626,15096.1681811817,0
34,26,4,9,4,5,0,141.792174206034,152.489246383231,17489.8999104526,0
34,27,5,9,4,5,1,85.2666689324985,268.574337583933,20166.8054669336,35.0507039250472
34,28,5,10,4,6,1,184.074347389089,150.833015372048,23385.5607395091,87.016140624453
34,29,5,9,4,5,1,261.300974538815,173.829933595716,26470.4313561585,129.351912700434
34,30,5,9,4,5,1,158.169312918608,253.516551352586,30127.5673489294,153.357301149191
34,31,5,9,4,5,1,79.5256885076099,100.905628830656,34155.2650135061,200.502358946383
34,32,6,8,4,4,2,69.3843120678229,92.5247339178168,27549.5102070772,213.74121729312
34,33,6,9,4,5,2,196.633844533588,169.645611945232,43344.9182949809,477.629903940486
34,34,6,8,4,4,2,235.180707407118,170.070852910343,35522.6350993155,706.392397316784
34,35,6,9,4,5,2,104.440331873849,395.173934250438,43503.4629024674,623.329317657228
34,36,6,9,4,5,2,654.023683257768,996.114995104686,48898.0372889784,665.656593448579
34,37,6,8,4,4,2,545.865794269322,554.226429548795,39609.3239006474,399.169256740011
34,38,5,9,4,5,1,269.03323176431,215.665201073372,56446.5613469144,395.869676269375
34,39,5,9,4,5,1,122.389437233525,105.098661915271,61038.3165374162,506.376799477538
34,40,5,8,4,4,1,171.500109977596,119.356014814729,51103.8465524239,267.801185039852
35,1,4,4,4,0,0,713.281830764796,713.281830764796,0,0
35,2,3,7,3,4,0,496.373341574968,831.332694542973,613.477947399753,0
35,3,4,7,3,4,1,272.414720415725,108.888255041344,913.708778720178,200.232853985346
35,4,3,7,3,4,0,167.111841439384,155.561852004508,903.153576440937,0
35,5,5,8,4,4,1,2432.83062794007,1821.23544757641,674.846170728128,0.837607258962197
35,6,3,9,1,8,2,61.7035087995463,62.7031042296204,1606.74474771954,189.025242580284
35,7,4,10,4,6,0,153.650440315072,215.855370561952,1002.23943254352,0
35,8,4,9,4,5,0,148.006660415109,220.917503532684,760.713353305475,0
35,9,4,8,3,5,1,134.272763283254,123.354593984754,754.669775222528,357.751737871379
35,10,4,9,4,5,0,273.289908661723,323.60897850566,712.042143191635,0
35,11,4,10,4,6,0,174.208772433401,219.981550314916,977.817235973546,0
35,12,4,9,4,5,0,122.960179052236,185.246070107717,770.469719460236,0
35,13,4,9,4,5,0,117.616206203763,105.027807499827,743.967982900387,0
35,14,4,11,4,7,0,244.080191869291,192.349965780755,2992.10053151675,0
35,15,4,10,3,7,1,418.767416464103,271.089455273265,3469.74067610117,81.2886174400495
35,16,4,10,3,7,1,231.489136410364,139.141491171908,4017.53977725011,2.35282699231376
35,17,4,10,3,7,1,250.936615585175,265.553199144761,4570.16982273811,8.22258593467665
35,18,4,10,4,6,0,155.246019099063,178.268367103605,4910.01527605532,0
35,19,4,10,4,6,0,195.973115312441,91.490172889154,5721.40576846891,0
35,20,4,10,4,6,0,167.633009109052,115.454912765962,6711.62150791032,0
35,21,4,10,4,6,0,100.85372352371,235.548023768583,7854.5669742424,0
35,22,4,10,4,6,0,324.479288587674,276.517698421033,9190.15517270034,0
35,23,4,10,4,6,0,184.936126247333,142.094555160194,10701.1943820457,0
35,24,4,10,4,6,0,120.787783990742,82.9778034583052,12480.0367376757,0
35,25,4,9,4,5,0,34.2931160433011,133.973984160682,14264.1240410442,0
35,26,4,10,4,6,0,191.985285309804,128.081078977769,17612.674751327,0
35,27,4,9,4,5,0,64.0267690125651,179.068808327597,20179.3126550754,0
35,28,5,9,4,5,1,64.5744551091721,86.6689278238478,23183.2113949884,87.016140624453
35,29,5,9,4,5,1,431.45094164707,449.091856672089,26529.7544054238,162.233235864741
35,30,5,9,4,5,1,388.217612636656,555.082892671516,30193.2213625213,221.420355560079
35,31,5,9,4,5,1,334.788078363518,313.443851828226,34226.0151720566,257.415371757606
35,32,5,9,4,5,1,110.337700073887,133.041693901026,38647.2927281525,307.188742666201
35,33,6,9,4,5,2,61.7660508795739,52.2350585005896,43456.1422837252,319.379692337219
35,34,6,8,4,4,2,246.32872613687,237.409150743327,35286.5905340182,528.174011805245
35,35,6,8,4,4,2,120.265979946023,183.471944009488,39960.0936765662,766.71376014515
35,36,6,9,4,5,2,118.857579391182,334.969052911854,49041.690589299,819.393263873376
35,37,6,8,4,4,2,416.078784710761,923.936732662198,39704.193648765,830.882024195501
35,38,6,9,4,5,2,302.308240791087,412.436506818211,56511.9831770103,572.066004680157
35,39,6,9,4,5,2,249.688059830212,267.297730351319,61162.0969779757,520.159180292429
35,40,5,9,4,5,1,181.195328359789,161.277633249243,66670.9349590084,582.535936436026
36,1,4,4,4,0,0,182.704321664239,182.704321664239,0,0
36,2,4,4,4,0,0,2580.52052470646,2580.52052470646,0,0
36,3,3,6,3,3,0,613.239855001726,619.819877124878,497.613170731679,0
36,4,3,7,3,4,0,434.561209847166,439.527172828733,925.167596905334,0
36,5,3,5,1,4,2,2.10914396797942,3.17361233775863,915.239090531042,166.650970084154
36,6,5,8,4,4,1,1424.48360417699,556.081478466645,655.714576572642,2.60772861654064
36,7,4,9,3,6,1,183.168091036204,354.038430695074,723.235981868956,151.631730064624
36,8,4,9,2,7,2,230.566696483389,26.1056877805126,1449.92881356264,90.4744186332734
36,9,4,10,4,6,0,121.20953485129,254.626547800496,785.861442781522,0
36,10,4,8,3,5,1,132.694772375532,177.823291307705,775.931476021123,34.9105299301916
36,11,4,9,4,5,0,200.091812714435,333.944997041417,718.564870762769,0
36,12,4,10,4,6,0,242.973983251557,225.112302627186,960.563669559276,0
36,13,4,9,4,5,0,141.433148202609,150.190119613753,777.004759246322,0
36,14,4,9,4,5,0,182.07837480731,214.266988536184,725.610037903323,0
36,15,4,11,4,7,0,224.225401641167,659.369134743047,3388.50539806645,0
36,16,4,11,4,7,0,318.528902310627,189.758371963399,3947.61186822184,0
36,17,4,11,4,7,0,304.646608998116,190.73895083066,4603.56078592633,0
36,18,4,10,3,7,1,358.65971167069,294.0534516628,5301.06886589673,13.4155849829338
36,19,4,10,4,6,0,131.449207695932,189.548885406441,5791.16414465326,0
36,20,4,10,4,6,0,299.450262482464,141.083326554318,6727.36708962952,0
36,21,4,10,4,6,0,226.764923157012,77.0433972712272,7885.45736847855,0
36,22,4,10,4,6,0,119.876143346564,248.364177735883,9218.7649966332,0
36,23,4,10,4,6,0,234.217356215932,258.150910671902,10728.5294961938,0
36,24,4,10,4,6,0,215.701688424443,182.393323693348,12451.1418698245,0
36,25,4,9,4,5,0,198.199124242488,74.9867466131774,14292.4860770139,0
36,26,4,9,4,5,0,94.3900310527278,72.1460669362643,16457.9329054573,0
36,27,4,10,4,6,0,64.6066751290242,43.800116088165,20337.6774968589,0
36,28,4,9,4,5,0,29.5361992280024,173.187288369853,23184.9694958696,0
36,29,5,9,4,5,1,88.4136950888958,251.860720616975,26535.7656075619,162.23323586474
36,30,5,9,4,5,1,413.682777047212,415.048885742461,30241.063665728,260.710627439534
36,31,5,9,4,5,1,416.192995684615,408.26174178081,34292.0331548301,340.820978536657
36,32,5,9,4,5,1,370.32805598553,401.296906557006,38722.505853981,390.44104239688
36,33,5,9,4,5,1,195.35177595325,216.932632800042,43555.9112158432,443.697691200587
36,34,5,9,4,5,1,166.409308675141,155.800191330203,47852.5048682585,456.972628235593
36,35,6,8,4,4,2,104.194745204186,127.226514796047,40055.7497394126,644.925570413838
36,36,6,8,4,4,2,180.975317324177,227.793753002189,42462.6831764767,753.101129712031
36,37,6,9,4,5,2,229.371740174646,236.55914664683,52397.4883290022,989.601540737098
36,38,6,9,4,5,2,213.973440279766,262.292763830614,56582.7133318094,1015.8847360087
36,39,6,9,4,5,2,197.345619375182,342.253947741406,61236.80797715,780.755968324571
36,40,6,9,4,5,2,98.3436300891757,194.549375116918,66775.6859564296,678.790307076437
