condition,arm,frame,robot,detected,output_count,active_components,near_active_components,near_total_r,near_max_r,association_has_column,association_effective_labels,association_largest_share,association_nearest_distance_m,association_joint_mass
reliable,marked_gaussian_evidence,1,1,False,0,0,0,0.0,0.0,False,,,,
reliable,marked_gaussian_evidence,1,2,False,0,0,0,0.0,0.0,False,,,,
reliable,marked_gaussian_evidence,2,1,False,2,9,1,0.010208584972325912,0.010208584972325912,True,2.21867272339712,0.5833123232191996,0.06757423227289326,0.10166537826254675
reliable,marked_gaussian_evidence,2,2,False,2,9,1,0.010208584972325912,0.010208584972325912,False,,,,
reliable,marked_gaussian_evidence,3,1,False,3,19,1,0.00898572387081437,0.00898572387081437,True,3.6412339107483946,0.37003042845264034,0.07036703932767976,0.14541089494402792
reliable,marked_gaussian_evidence,3,2,False,3,19,1,0.00898572387081437,0.00898572387081437,False,,,,
reliable,marked_gaussian_evidence,4,1,False,3,25,2,0.024720204818748828,0.014597358996544053,True,5.52682460283359,0.3392845228533405,0.0560528450527953,0.3622434424121846
reliable,marked_gaussian_evidence,4,2,False,3,25,2,0.024720204818748828,0.014597358996544053,False,,,,
reliable,marked_gaussian_evidence,5,1,False,3,29,3,0.018355534784338462,0.007752239019189754,True,7.6386161441059945,0.25795751387081123,0.09935741134367751,0.46378836985230193
reliable,marked_gaussian_evidence,5,2,False,3,29,3,0.018355534784338462,0.007752239019189754,False,,,,
reliable,marked_gaussian_evidence,6,1,False,4,36,4,0.03619602126247084,0.010949933142733972,True,10.636602423519623,0.1634631853793837,0.10656854480590164,0.4545264699289852
reliable,marked_gaussian_evidence,6,2,False,4,36,4,0.03619602126247084,0.010949933142733972,False,,,,
reliable,marked_gaussian_evidence,7,1,False,4,40,7,0.05869712723354742,0.012612204144119796,True,12.888734422895684,0.13102753296358147,0.05378356768864491,0.6126277340883529
reliable,marked_gaussian_evidence,7,2,False,4,40,7,0.05869712723354742,0.012612204144119796,False,,,,
reliable,marked_gaussian_evidence,8,1,False,5,49,13,0.098766009406989,0.011090888350095082,True,15.189139801496507,0.14743725156248394,0.051262000733259636,0.7916766373796313
reliable,marked_gaussian_evidence,8,2,False,5,49,13,0.098766009406989,0.011090888350095082,True,3.0494686530501176,0.5935264550533704,35.07648949985105,9.15085635885861e-14
reliable,marked_gaussian_evidence,9,1,False,5,49,15,0.104910494427327,0.00958882231896636,True,18.55939781780686,0.10343704949705923,0.05706067093004055,0.7098384284233891
reliable,marked_gaussian_evidence,9,2,False,5,49,15,0.104910494427327,0.00958882231896636,True,1.9535575071246631,0.608004096101543,35.64463907174475,0.0020443893740253265
reliable,marked_gaussian_evidence,10,1,False,6,55,22,0.17728751389606506,0.011428761570736348,True,22.05248119758563,0.08418651824940232,0.04529137185970938,0.8684827999434765
reliable,marked_gaussian_evidence,10,2,False,6,55,22,0.17728751389606506,0.011428761570736348,True,1.7372999671201383,0.758910811305996,35.80341075488868,0.054982862285855985
reliable,marked_gaussian_evidence,11,1,False,7,49,25,0.15790030495730462,0.008772446877578397,True,24.36420292505205,0.07138524414782096,0.11247041930649476,0.8074603863778114
reliable,marked_gaussian_evidence,11,2,False,7,49,25,0.15790030495730462,0.008772446877578397,True,2.2784832450680135,0.6665643815707406,35.99589844149703,0.32759596267665336
reliable,marked_gaussian_evidence,12,1,False,7,47,25,0.1931189775319309,0.010275526029052016,True,24.891847083861773,0.06672778913531266,0.051580401947551806,0.8172935146747625
reliable,marked_gaussian_evidence,12,2,False,7,47,25,0.1931189775319309,0.010275526029052016,False,,,,
reliable,marked_gaussian_evidence,13,1,False,7,47,23,0.16140329512275983,0.00926607462553568,True,27.051350707661918,0.06070302232676762,0.03365421759250316,0.8593247494864629
reliable,marked_gaussian_evidence,13,2,False,7,47,23,0.16140329512275983,0.00926607462553568,False,,,,
reliable,marked_gaussian_evidence,14,1,False,7,46,26,0.20511452436055388,0.020472751625394362,True,28.52836448325827,0.06028416922696141,0.03193951217151648,0.8974508984146593
reliable,marked_gaussian_evidence,14,2,False,7,46,26,0.20511452436055388,0.020472751625394362,False,,,,
reliable,marked_gaussian_evidence,15,1,False,7,46,24,0.19939483569166344,0.04366502182099214,True,29.0599161400681,0.11162381458179661,0.09931305650821314,0.8621256226075689
reliable,marked_gaussian_evidence,15,2,False,7,46,24,0.19939483569166344,0.04366502182099214,False,,,,
reliable,marked_gaussian_evidence,16,1,False,7,51,21,0.21519195664913102,0.08928556789934146,True,25.80307142079682,0.213698875883309,0.11344635573578923,0.881654832531169
reliable,marked_gaussian_evidence,16,2,False,7,51,21,0.21519195664913102,0.08928556789934146,False,,,,
reliable,marked_gaussian_evidence,17,1,False,6,58,15,0.25369140405338364,0.17509097792041328,True,18.043345880591495,0.3714129724440674,0.03564853079705343,0.902070514568854
reliable,marked_gaussian_evidence,17,2,False,6,58,15,0.25369140405338364,0.17509097792041328,False,,,,
reliable,marked_gaussian_evidence,18,1,False,7,63,10,0.37008494017812305,0.3244741417232502,True,9.132030058764451,0.578849872940629,0.045649281019597344,0.9350139039832711
reliable,marked_gaussian_evidence,18,2,False,7,63,10,0.37008494017812305,0.3244741417232502,False,,,,
reliable,marked_gaussian_evidence,19,1,True,7,71,4,0.5435558989925134,0.5315362874280165,True,3.807574630315686,0.7817380377121513,0.041851459391518776,0.9278863459498401
reliable,marked_gaussian_evidence,19,2,True,7,71,4,0.5435558989925134,0.5315362874280165,False,,,,
reliable,marked_gaussian_evidence,20,1,True,7,69,1,0.7784091729364798,0.7784091729364798,True,1.9070915608585346,0.9100493723256685,0.09105700630675714,0.9878367275179051
reliable,marked_gaussian_evidence,20,2,True,7,69,1,0.7784091729364798,0.7784091729364798,False,,,,
reliable,marked_gaussian_evidence,21,1,True,7,77,1,0.9190862115974582,0.9190862115974582,True,1.2470846911826106,0.9741377643935614,0.09168980582450387,0.9819658113599845
reliable,marked_gaussian_evidence,21,2,True,7,77,1,0.9190862115974582,0.9190862115974582,False,,,,
reliable,marked_gaussian_evidence,22,1,True,7,77,1,0.9797937037892,0.9797937037892,True,1.079534595472112,0.9921613234723232,0.06143679940974246,0.9944190116040919
reliable,marked_gaussian_evidence,22,2,True,7,77,1,0.9797937037892,0.9797937037892,False,,,,
reliable,marked_gaussian_evidence,23,1,True,7,80,1,0.9936098682738692,0.9936098682738692,True,1.0416040524161845,0.9960704403015209,0.1200661223864506,0.9931067822681182
reliable,marked_gaussian_evidence,23,2,True,7,80,1,0.9936098682738692,0.9936098682738692,False,,,,
reliable,marked_gaussian_evidence,24,1,True,7,72,1,0.9968985719366519,0.9968985719366519,True,1.0325722925968692,0.9969772551964806,0.04687810512051207,0.99499682381955
reliable,marked_gaussian_evidence,24,2,True,7,72,1,0.9968985719366519,0.9968985719366519,False,,,,
reliable,marked_gaussian_evidence,25,1,True,7,73,1,0.9973238301860681,0.9973238301860681,True,1.0292638444088313,0.9973085776321565,0.11109578156562097,0.9936896659827537
reliable,marked_gaussian_evidence,25,2,True,7,73,1,0.9973238301860681,0.9973238301860681,False,,,,
reliable,marked_gaussian_evidence,26,1,True,7,71,1,0.9977261123327027,0.9977261123327027,True,1.0316849590412651,0.9970748646765489,0.1446768418821758,0.9952378595152108
reliable,marked_gaussian_evidence,26,2,True,7,71,1,0.9977261123327027,0.9977261123327027,False,,,,
reliable,marked_gaussian_evidence,27,1,True,7,77,1,0.997805720905605,0.997805720905605,True,1.033989010070488,0.9968646460805233,0.09425574860562583,0.9954595767371628
reliable,marked_gaussian_evidence,27,2,True,7,77,1,0.997805720905605,0.997805720905605,False,,,,
reliable,marked_gaussian_evidence,28,1,True,7,76,1,0.9972417236172133,0.9972417236172133,True,1.0360343416837403,0.9966830987390093,0.14609414399609785,0.9910933414249762
reliable,marked_gaussian_evidence,28,2,True,7,76,1,0.9972417236172133,0.9972417236172133,False,,,,
reliable,marked_gaussian_evidence,29,1,True,6,80,1,0.9974934563366791,0.9974934563366791,True,1.039315823093773,0.9963613276207716,0.06595437955072765,0.9932441185032621
reliable,marked_gaussian_evidence,29,2,True,6,80,1,0.9974934563366791,0.9974934563366791,False,,,,
reliable,marked_gaussian_evidence,30,1,True,6,81,1,0.997590960241634,0.997590960241634,True,1.041193712491614,0.9961977705268198,0.10946912424036814,0.9942573633028982
reliable,marked_gaussian_evidence,30,2,True,6,81,1,0.997590960241634,0.997590960241634,False,,,,
reliable,marked_gaussian_evidence,31,1,True,7,87,1,0.9975354741907847,0.9975354741907847,True,1.0428116172377782,0.9960543470773685,0.08829915880796961,0.9938459846508584
reliable,marked_gaussian_evidence,31,2,True,7,87,1,0.9975354741907847,0.9975354741907847,False,,,,
reliable,marked_gaussian_evidence,32,1,True,7,89,1,0.9972525379412945,0.9972525379412945,True,1.0454444535280627,0.9958125710233645,0.1276275268101563,0.9917308152624814
reliable,marked_gaussian_evidence,32,2,True,7,89,1,0.9972525379412945,0.9972525379412945,False,,,,
reliable,marked_gaussian_evidence,33,1,True,7,95,1,0.9974494598474307,0.9974494598474307,True,1.0480164233960008,0.995569391735299,0.13037048703411427,0.9938061339821971
reliable,marked_gaussian_evidence,33,2,True,7,95,1,0.9974494598474307,0.9974494598474307,False,,,,
reliable,marked_gaussian_evidence,34,1,True,7,97,1,0.9977434288994498,0.9977434288994498,True,1.0465896530656396,0.9957194643683461,0.06686490791099757,0.9959473613955926
reliable,marked_gaussian_evidence,34,2,True,7,97,1,0.9977434288994498,0.9977434288994498,False,,,,
reliable,marked_gaussian_evidence,35,1,True,7,103,1,0.9971853426199342,0.9971853426199342,True,1.0456857847970942,0.9958186573336039,0.07119023561182705,0.9908191483827881
reliable,marked_gaussian_evidence,35,2,True,7,103,1,0.9971853426199342,0.9971853426199342,False,,,,
reliable,marked_gaussian_evidence,36,1,True,8,99,1,0.9973918785905362,0.9973918785905362,True,1.047060630178579,0.9956939385490564,0.06371735568738825,0.9936890597554847
reliable,marked_gaussian_evidence,36,2,True,8,99,1,0.9973918785905362,0.9973918785905362,False,,,,
reliable,marked_gaussian_evidence,37,1,True,8,102,1,0.9978393981446194,0.9978393981446194,True,1.0482549485966421,0.995581611120419,0.09117330618167116,0.9967543095934803
reliable,marked_gaussian_evidence,37,2,True,8,102,1,0.9978393981446194,0.9978393981446194,False,,,,
reliable,marked_gaussian_evidence,38,1,True,8,101,1,0.9975103993123313,0.9975103993123313,True,1.046172546752338,0.9958039325206922,0.11920467821727368,0.9940708799818108
reliable,marked_gaussian_evidence,38,2,True,8,101,1,0.9975103993123313,0.9975103993123313,False,,,,
reliable,marked_gaussian_evidence,39,1,True,8,106,1,0.9974737889450377,0.9974737889450377,True,1.0454032562802569,0.9958878398231752,0.13080897192112637,0.9944294834285448
reliable,marked_gaussian_evidence,39,2,True,8,106,1,0.9974737889450377,0.9974737889450377,False,,,,
reliable,marked_gaussian_evidence,40,1,True,8,105,1,0.9976942914130486,0.9976942914130486,True,1.0447692505805453,0.9959545565708545,0.08858551246905268,0.9959930287058906
reliable,marked_gaussian_evidence,40,2,True,8,105,1,0.9976942914130486,0.9976942914130486,False,,,,
reliable,marked_gaussian_evidence,41,1,True,8,110,1,0.9972718322276465,0.9972718322276465,True,1.0433509241575911,0.9960970813803587,0.07037480290136493,0.9923999653030028
reliable,marked_gaussian_evidence,41,2,True,8,110,1,0.9972718322276465,0.9972718322276465,False,,,,
reliable,marked_gaussian_evidence,42,1,True,8,109,1,0.9972996221416118,0.9972996221416118,True,1.0442607577232779,0.9960180732718246,0.1352366596943447,0.9934330595111458
reliable,marked_gaussian_evidence,42,2,True,8,109,1,0.9972996221416118,0.9972996221416118,False,,,,
reliable,marked_gaussian_evidence,43,1,True,8,116,1,0.997541712660661,0.997541712660661,True,1.0447380265479245,0.9959729976115755,0.0833394835762643,0.9948342565967938
reliable,marked_gaussian_evidence,43,2,True,8,116,1,0.997541712660661,0.997541712660661,True,1.0000017912306485,0.999999895065218,54.83688755796934,4.6138727788911945e-42
reliable,marked_gaussian_evidence,44,1,True,8,114,1,0.9977357808490572,0.9977357808490572,True,1.0460127206247,0.99586693416617,0.07579585839954701,0.9963706053942801
reliable,marked_gaussian_evidence,44,2,True,8,114,1,0.9977357808490572,0.9977357808490572,False,,,,
reliable,marked_gaussian_evidence,45,1,True,8,122,1,0.9827572357561368,0.9827572357561368,True,1.046653672058102,0.9958180354685496,0.07599994338219847,0.9970717493516902
reliable,marked_gaussian_evidence,45,2,True,8,122,1,0.9827572357561368,0.9827572357561368,False,,,,
reliable,marked_gaussian_evidence,46,1,True,8,121,1,0.9577436130725089,0.9577436130725089,True,1.0486197246108298,0.9956329546729759,0.05281856519235835,0.9948255653881246
reliable,marked_gaussian_evidence,46,2,True,8,121,1,0.9577436130725089,0.9577436130725089,False,,,,
reliable,marked_gaussian_evidence,47,1,True,8,128,1,0.9169979419645273,0.9169979419645273,True,1.0545014433654267,0.9950710208412619,0.03337188178640938,0.9932322616866766
reliable,marked_gaussian_evidence,47,2,True,8,128,1,0.9169979419645273,0.9169979419645273,False,,,,
reliable,marked_gaussian_evidence,48,1,True,8,127,2,0.8514909241008599,0.8495927401752679,True,1.0645669228525503,0.994118634825348,0.054656727329486246,0.9919254990588081
reliable,marked_gaussian_evidence,48,2,True,8,127,2,0.8514909241008599,0.8495927401752679,False,,,,
reliable,marked_gaussian_evidence,49,1,True,8,134,2,0.79130718225975,0.7893177199098065,True,1.0822019733770136,0.9923991600469743,0.0581685833824595,0.9956565323446811
reliable,marked_gaussian_evidence,49,2,True,8,134,2,0.79130718225975,0.7893177199098065,False,,,,
reliable,marked_gaussian_evidence,50,1,True,8,133,2,0.6607077045271551,0.6587348997038929,True,1.1003436309122485,0.9906379252912496,0.13003677900754507,0.9854308128283911
reliable,marked_gaussian_evidence,50,2,True,8,133,2,0.6607077045271551,0.6587348997038929,True,1.0,1.0,66.29367577706189,2.6127825799823456e-66
reliable,marked_gaussian_evidence,51,1,True,8,141,2,0.5405095217423036,0.5384382352847037,True,1.1489816755099214,0.9858545802219338,0.08924475283613055,0.9876361543956668
reliable,marked_gaussian_evidence,51,2,True,8,141,2,0.5405095217423036,0.5384382352847037,False,,,,
reliable,marked_gaussian_evidence,52,1,True,8,139,2,0.39754157772651877,0.3953932697434879,True,1.233243905100728,0.9776892255942021,0.04546557902497019,0.9784577023801346
reliable,marked_gaussian_evidence,52,2,True,8,139,2,0.39754157772651877,0.3953932697434879,False,,,,
reliable,marked_gaussian_evidence,53,1,False,8,131,3,0.26517299291289514,0.261401544575907,True,1.4061596074955929,0.9615489809535724,0.06837284706978408,0.9639751828311104
reliable,marked_gaussian_evidence,53,2,False,8,131,3,0.26517299291289514,0.261401544575907,False,,,,
reliable,marked_gaussian_evidence,54,1,False,8,132,8,0.1815287013380228,0.16962237842944403,True,1.8046698301981763,0.9281848094534569,0.04155659970176547,0.9614499369809542
reliable,marked_gaussian_evidence,54,2,False,8,132,8,0.1815287013380228,0.16962237842944403,False,,,,
reliable,marked_gaussian_evidence,55,1,False,8,137,18,0.13351563347673126,0.095391517392623,True,3.164267102160967,0.8448486397252893,0.07864627236752818,0.9432911221870529
reliable,marked_gaussian_evidence,55,2,False,8,137,18,0.13351563347673126,0.095391517392623,False,,,,
reliable,marked_gaussian_evidence,56,1,False,8,140,22,0.10525745842010557,0.04385664506162759,True,10.830140384441455,0.6315197267833814,0.08208080467486802,0.940410826304068
reliable,marked_gaussian_evidence,56,2,False,8,140,22,0.10525745842010557,0.04385664506162759,False,,,,
reliable,marked_gaussian_evidence,57,1,False,8,144,28,0.10594776069983992,0.01443409714159892,True,55.19007802981022,0.27916666228868375,0.09887432377805208,0.9020089518685396
reliable,marked_gaussian_evidence,57,2,False,8,144,28,0.10594776069983992,0.01443409714159892,False,,,,
reliable,marked_gaussian_evidence,58,1,False,7,148,33,0.11534293675136269,0.004393937535414277,True,113.64552789809662,0.0637853489419068,0.039719495252907425,0.9518176389805657
reliable,marked_gaussian_evidence,58,2,False,7,148,33,0.11534293675136269,0.004393937535414277,True,1.0000000000000024,1.0,32.641485575489284,3.869511672669404e-24
reliable,marked_gaussian_evidence,59,1,False,7,153,129,0.4814749075694557,0.004020903795809621,True,126.60092104208393,0.014905530429016092,0.0830707168783325,0.9204341202535464
reliable,marked_gaussian_evidence,59,2,False,7,153,129,0.4814749075694557,0.004020903795809621,True,1.0,1.0,32.593402563315735,0.08845372259400568
reliable,marked_gaussian_evidence,60,1,False,7,158,132,0.48919193634387403,0.0038828197614391895,True,129.27677023472097,0.013356466931224286,0.07681619984072663,0.9713197177988175
reliable,marked_gaussian_evidence,60,2,False,7,158,132,0.48919193634387403,0.0038828197614391895,True,1.6695752554411574,0.7910446787232472,32.43225471951759,0.22120713105452805
reliable,marked_gaussian_evidence,61,1,False,7,153,130,0.4790540656001143,0.0038398601057324216,True,131.7804803784864,0.012854436023676688,0.04629540010971166,0.921595443606825
reliable,marked_gaussian_evidence,61,2,False,7,153,130,0.4790540656001143,0.0038398601057324216,True,2.4025011856611735,0.6309640605377137,32.3352049730279,0.47356378777104224
reliable,marked_gaussian_evidence,62,1,False,7,160,130,0.4696993385520109,0.003759782004566873,True,134.66402832416375,0.012492482406626393,0.0820008669988391,0.944759431260081
reliable,marked_gaussian_evidence,62,2,False,7,160,130,0.4696993385520109,0.003759782004566873,True,3.5229403953356493,0.4260449030556738,32.270453544530376,0.6238570778918142
reliable,marked_gaussian_evidence,63,1,False,7,163,128,0.46930011969121066,0.0038032551186820323,True,137.2517765646672,0.012724501608310488,0.060304704569526225,0.9550166203726271
reliable,marked_gaussian_evidence,63,2,False,7,163,128,0.46930011969121066,0.0038032551186820323,True,4.014072186863692,0.43147333535087923,32.26200262235368,0.6758555262329822
reliable,marked_gaussian_evidence,64,1,False,7,172,132,0.46858467340252374,0.0037048898180567385,True,140.27303812253422,0.012720216110397932,0.0795192752049788,0.9196497888442532
reliable,marked_gaussian_evidence,64,2,False,7,172,132,0.46858467340252374,0.0037048898180567385,True,5.1622484781486,0.2934536243683113,32.24008665436323,0.4423241344053311
reliable,marked_gaussian_evidence,65,1,False,7,174,132,0.46811491108742675,0.0037045225724031505,True,143.3497495067442,0.01255444518634691,0.08209555183358459,0.9108037152764843
reliable,marked_gaussian_evidence,65,2,False,7,174,132,0.46811491108742675,0.0037045225724031505,True,5.646336758406625,0.27807688086076543,32.10116601583492,0.6395125482081125
reliable,marked_gaussian_evidence,66,1,False,7,182,131,0.47202682484577063,0.003755152488186084,True,146.32005425817408,0.012121144716310723,0.06599980548507882,0.9398978120858996
reliable,marked_gaussian_evidence,66,2,False,7,182,131,0.47202682484577063,0.003755152488186084,True,6.833082885682909,0.22624351403738155,31.943306649089752,0.6981664160643675
reliable,marked_gaussian_evidence,67,1,False,7,183,129,0.4546183810774437,0.003661942695894366,True,149.399578001601,0.011722213558996632,0.04927572298403228,0.890765618497472
reliable,marked_gaussian_evidence,67,2,False,7,183,129,0.4546183810774437,0.003661942695894366,True,7.208594847032605,0.24173854647346715,32.058025496969925,0.5913775896965883
reliable,marked_gaussian_evidence,68,1,False,7,191,137,0.4787797720486917,0.0036682097958959897,True,152.53314957518697,0.011036489097528367,0.0349348153204243,0.9224486893778914
reliable,marked_gaussian_evidence,68,2,False,7,191,137,0.4787797720486917,0.0036682097958959897,True,8.705066271489294,0.20639791569043414,31.767677130348332,0.8027066905563649
reliable,marked_gaussian_evidence,69,1,False,7,196,137,0.47310516786899626,0.0036192635649670984,True,155.85167071216173,0.01011291895333985,0.048842939611930904,0.9047199786819331
reliable,marked_gaussian_evidence,69,2,False,7,196,137,0.47310516786899626,0.0036192635649670984,True,9.186838498662125,0.1694247591119362,31.773103596231277,0.8741612329080506
reliable,marked_gaussian_evidence,70,1,False,7,200,146,0.501343375158576,0.0036111059932418927,True,159.01403017819237,0.009098235985628365,0.040988381890688735,0.9224012589574109
reliable,marked_gaussian_evidence,70,2,False,7,200,146,0.501343375158576,0.0036111059932418927,True,9.758430126088959,0.1926154084406712,31.716923557479213,0.8021384832212604
reliable,marked_gaussian_evidence,71,1,False,7,207,148,0.5036490649911638,0.0035786797915094443,True,162.08640507490188,0.008092550290846042,0.07970625736675815,0.9294132071287434
reliable,marked_gaussian_evidence,71,2,False,7,207,148,0.5036490649911638,0.0035786797915094443,True,11.28159799679631,0.13985905651737016,31.722093907388395,0.9448645914944354
reliable,marked_gaussian_evidence,72,1,False,8,211,151,0.5127864404992604,0.0035889795990665047,True,165.53277924547734,0.007242253115705636,0.09955328073333283,0.9548928384027922
reliable,marked_gaussian_evidence,72,2,False,8,211,151,0.5127864404992604,0.0035889795990665047,True,11.874949427540239,0.12012314069745668,31.690189526503122,0.9795697504089916
reliable,marked_gaussian_evidence,73,1,False,8,216,154,0.4987986289764389,0.0034323995468910403,True,168.87836885614792,0.006542220356855347,0.042233186738611615,0.8427667203884059
reliable,marked_gaussian_evidence,73,2,False,8,216,154,0.4987986289764389,0.0034323995468910403,True,12.739600803864686,0.10821192691539012,31.607370832779715,0.952372880097303
reliable,marked_gaussian_evidence,74,1,False,8,225,171,0.5585460563284255,0.003453509115584996,True,172.57289120039385,0.006420852705108809,0.047087991380743204,0.8998000837195236
reliable,marked_gaussian_evidence,74,2,False,8,225,171,0.5585460563284255,0.003453509115584996,True,13.391002675181404,0.10195089063390395,31.508568426791683,0.9554245441315135
reliable,marked_gaussian_evidence,75,1,False,8,230,170,0.5439186511089558,0.0033801512613802986,True,176.28592583574775,0.006327759757042255,0.05412117733474206,0.8726219524847214
reliable,marked_gaussian_evidence,75,2,False,8,230,170,0.5439186511089558,0.0033801512613802986,True,14.267125689977343,0.10625774087447332,31.472848442884164,0.9455239526705659
reliable,marked_gaussian_evidence,76,1,False,9,234,178,0.5605880508422889,0.003321811680571953,True,180.1375414355834,0.006209241413517755,0.06050622674186132,0.8906257952400187
reliable,marked_gaussian_evidence,76,2,False,9,234,178,0.5605880508422889,0.003321811680571953,True,15.251743937832659,0.09732944720700076,31.400538804888537,0.969669289570047
reliable,marked_gaussian_evidence,77,1,False,8,219,182,0.5632885961757801,0.0032656610581919174,True,184.04097246798815,0.006106065974770435,0.05918060669807441,0.8660339867538214
reliable,marked_gaussian_evidence,77,2,False,8,219,182,0.5632885961757801,0.0032656610581919174,True,2.896361815023447,0.6161596624640218,40.117099119661724,0.7387605711853281
reliable,marked_gaussian_evidence,78,1,False,8,221,187,0.5698607664666906,0.0032139901321435165,True,187.34778404667213,0.005982864068268847,0.06272869970874015,0.8849185986367993
reliable,marked_gaussian_evidence,78,2,False,8,221,187,0.5698607664666906,0.0032139901321435165,True,1.000000077528961,0.9999999961982293,31.115789584391614,7.143144552479615e-22
reliable,marked_gaussian_evidence,79,1,False,8,218,194,0.5863641517383723,0.003179258898150218,True,191.07158684203893,0.005849347002181623,0.07063913026894945,0.9075886146060443
reliable,marked_gaussian_evidence,79,2,False,8,218,194,0.5863641517383723,0.003179258898150218,False,,,,
reliable,marked_gaussian_evidence,80,1,False,7,223,195,0.5692730589213655,0.0030669583996152092,True,194.17766930973485,0.005748565818712454,0.089886470798468,0.8114101598233162
reliable,marked_gaussian_evidence,80,2,False,7,223,195,0.5692730589213655,0.0030669583996152092,False,,,,
reliable,marked_gaussian_evidence,81,1,False,8,225,196,0.5865663854305108,0.0031276134497601215,True,197.5351834499096,0.005618225720227527,0.09683389666624291,0.8729968760782185
reliable,marked_gaussian_evidence,81,2,False,8,225,196,0.5865663854305108,0.0031276134497601215,True,1.000000000001177,0.999999999999964,30.75079573750311,2.6148736287487497e-20
reliable,marked_gaussian_evidence,82,1,False,8,225,202,0.5989026465395424,0.003088615272836834,True,200.73494989813213,0.005520821836392108,0.05456438340554461,0.8688243316733537
reliable,marked_gaussian_evidence,82,2,False,8,225,202,0.5989026465395424,0.003088615272836834,False,,,,
reliable,marked_gaussian_evidence,83,1,False,8,230,206,0.6082313077773165,0.0030752209004210594,True,203.75480754985574,0.0054274804597215795,0.10988162286020166,0.9365470192262471
reliable,marked_gaussian_evidence,83,2,False,8,230,206,0.6082313077773165,0.0030752209004210594,True,1.0018875604652597,0.999805609947379,39.147150548792176,2.2985426692820165e-07
reliable,marked_gaussian_evidence,84,1,False,8,229,208,0.6116802727574931,0.0030538461864370926,True,206.6530150203436,0.005347899114539774,0.09778786706145108,0.8989589373172975
reliable,marked_gaussian_evidence,84,2,False,8,229,208,0.6116802727574931,0.0030538461864370926,False,,,,
reliable,marked_gaussian_evidence,85,1,False,8,233,211,0.6354414171401576,0.0031248924840777477,True,209.6143536960192,0.005271040119990365,0.06426381982018775,0.975843681955942
reliable,marked_gaussian_evidence,85,2,False,8,233,211,0.6354414171401576,0.0031248924840777477,False,,,,
reliable,marked_gaussian_evidence,86,1,False,8,235,214,0.6281229003214531,0.0030432874014205673,True,212.5052600458869,0.005175309204861747,0.08472257983545375,0.929987571655988
reliable,marked_gaussian_evidence,86,2,False,8,235,214,0.6281229003214531,0.0030432874014205673,False,,,,
reliable,marked_gaussian_evidence,87,1,False,8,238,217,0.6098378269717767,0.0029115699053393358,True,215.52950497614577,0.005108500106251823,0.08195296594854169,0.8872093664470662
reliable,marked_gaussian_evidence,87,2,False,8,238,217,0.6098378269717767,0.0029115699053393358,False,,,,
reliable,marked_gaussian_evidence,88,1,False,8,241,220,0.6130176306224868,0.0028856722062730695,True,218.50316983264221,0.005030686951458697,0.08739144764921328,0.8787293337258366
reliable,marked_gaussian_evidence,88,2,False,8,241,220,0.6130176306224868,0.0028856722062730695,True,1.0000000012860755,0.9999999999495282,30.441956274636272,2.0003480104036414e-22
reliable,marked_gaussian_evidence,89,1,False,8,242,224,0.4353095747655153,0.0020536468933245104,True,221.54075489763147,0.004962168263042993,0.07896311212900294,0.79233322650082
reliable,marked_gaussian_evidence,89,2,False,8,242,224,0.4353095747655153,0.0020536468933245104,False,,,,
reliable,marked_gaussian_evidence,90,1,False,8,242,223,0.43665313622734164,0.002059253033157026,True,220.76486517563882,0.004907583995334559,0.07416026837806886,0.8217594495757219
reliable,marked_gaussian_evidence,90,2,False,8,242,223,0.43665313622734164,0.002059253033157026,True,1.8349422105324222,0.7044886283085714,32.05388853703006,0.0015644346245116381
reliable,marked_gaussian_evidence,91,1,False,8,240,223,0.46277963839761255,0.002157130300201211,True,220.59218881839348,0.0047994872203794715,0.0642205263939614,0.9258748331827198
reliable,marked_gaussian_evidence,91,2,False,8,240,223,0.46277963839761255,0.002157130300201211,True,1.3769572123134033,0.922361227401933,31.88531971379977,0.032775398216061416
reliable,marked_gaussian_evidence,92,1,False,8,242,221,0.5014841247656123,0.0023253220521376856,True,221.28095664139417,0.004724674215471495,0.054113951884488136,0.9590406887019349
reliable,marked_gaussian_evidence,92,2,False,8,242,221,0.5014841247656123,0.0023253220521376856,True,1.1909640241599284,0.9578354952961569,31.636080327321533,0.036846389497573837
reliable,marked_gaussian_evidence,93,1,False,8,247,219,0.529857435257062,0.0024546345003535297,True,223.93328513108096,0.004654849531259143,0.05445279724919179,0.9454961745473723
reliable,marked_gaussian_evidence,93,2,False,8,247,219,0.529857435257062,0.0024546345003535297,True,1.152569422789565,0.9678924040955166,31.347511980690964,0.11270659201363381
reliable,marked_gaussian_evidence,94,1,False,8,246,227,0.4578882641147044,0.0020773572244292427,True,226.2141490644747,0.004656229179101971,0.07796268354325396,0.8747788487000112
reliable,marked_gaussian_evidence,94,2,False,8,246,227,0.4578882641147044,0.0020773572244292427,True,1.000020687015853,0.9999985712502684,30.7831349125223,0.00011079380364654579
reliable,marked_gaussian_evidence,95,1,False,8,245,222,0.5214209873904614,0.002372886970113133,True,224.42730203732938,0.0046562910982367745,0.08441973851349295,0.9617572742128833
reliable,marked_gaussian_evidence,95,2,False,8,245,222,0.5214209873904614,0.002372886970113133,True,2.1850219230398937,0.497082889217907,30.602051906893415,0.05909528238781454
reliable,marked_gaussian_evidence,96,1,False,8,252,219,0.5512596961058948,0.0027970863572799936,True,226.9146060913687,0.004656116131110005,0.040618386094781356,0.9414073083762676
reliable,marked_gaussian_evidence,96,2,False,8,252,219,0.5512596961058948,0.0027970863572799936,True,1.1375352824911873,0.9716768987722859,30.258975680107575,0.022841713183214114
reliable,marked_gaussian_evidence,97,1,False,8,248,231,0.4633175311640436,0.002100280535422743,True,229.7583803660791,0.004726758665524148,0.041476966417009195,0.8804015169667012
reliable,marked_gaussian_evidence,97,2,False,8,248,231,0.4633175311640436,0.002100280535422743,True,1.7922814536958422,0.8108341847183943,29.982045133464638,0.012733948014911992
reliable,marked_gaussian_evidence,98,1,False,8,252,229,0.5425422413618107,0.0024132930668631447,True,227.9891230379899,0.004705117007263183,0.0951229083917213,0.9081382669266072
reliable,marked_gaussian_evidence,98,2,False,8,252,229,0.5425422413618107,0.0024132930668631447,True,1.1483717852312252,0.9729117715864116,29.802164772458756,0.015079216306969987
reliable,marked_gaussian_evidence,99,1,False,8,255,223,0.5818309494148304,0.0027592487129629033,True,230.9971269925754,0.004658423999504545,0.044937956344475075,0.9445490887668517
reliable,marked_gaussian_evidence,99,2,False,8,255,223,0.5818309494148304,0.0027592487129629033,True,1.5020825711575214,0.8869889991152955,37.43796145220059,0.0011801813340575045
reliable,marked_gaussian_evidence,100,1,False,8,261,222,0.6028766545916839,0.002764262413895715,True,234.14996629871345,0.004656277358771442,0.04982663915443186,0.9558937703266874
reliable,marked_gaussian_evidence,100,2,False,8,261,222,0.6028766545916839,0.002764262413895715,True,1.140037840942089,0.9746949815595382,37.03838277142777,0.03487622169401185
reliable,marked_gaussian_evidence,101,1,False,8,262,226,0.6242303368568747,0.00279942508001328,True,237.47578888235944,0.004623056795761818,0.01459123017618354,0.9254729202621371
reliable,marked_gaussian_evidence,101,2,False,8,262,226,0.6242303368568747,0.00279942508001328,True,1.0217069790655455,0.9971712137557176,36.55566614307732,0.03565998510975368
reliable,marked_gaussian_evidence,102,1,False,8,266,243,0.4663500468274223,0.0020530056751518876,True,240.9900806129103,0.004544456870940075,0.0612702434879851,0.836441571968275
reliable,marked_gaussian_evidence,102,2,False,8,266,243,0.4663500468274223,0.0020530056751518876,True,1.0036991994599882,0.9995870466231821,37.0280922826782,0.026304093435256467
reliable,marked_gaussian_evidence,103,1,False,8,264,242,0.6081788642604173,0.0025897563839661487,True,240.2132100374579,0.004494083460281662,0.03749735343735392,0.981164284035555
reliable,marked_gaussian_evidence,103,2,False,8,264,242,0.6081788642604173,0.0025897563839661487,False,,,,
reliable,marked_gaussian_evidence,104,1,False,8,272,239,0.6076505412944594,0.0026006001621782866,True,242.7258778197446,0.004735749616164857,0.05698818335245788,0.8507726945079968
reliable,marked_gaussian_evidence,104,2,False,8,272,239,0.6076505412944594,0.0026006001621782866,False,,,,
reliable,marked_gaussian_evidence,105,1,False,7,274,248,0.49602170473043594,0.0022443214776299357,True,245.96634276523585,0.005113367446353919,0.05239452243633204,0.9375439183144595
reliable,marked_gaussian_evidence,105,2,False,7,274,248,0.49602170473043594,0.0022443214776299357,False,,,,
reliable,marked_gaussian_evidence,106,1,False,7,271,244,0.472279664130939,0.0021236249108378077,True,245.26564731443926,0.004903221199415401,0.0719553852227941,0.8733824495896435
reliable,marked_gaussian_evidence,106,2,False,7,271,244,0.472279664130939,0.0021236249108378077,False,,,,
reliable,marked_gaussian_evidence,107,1,False,6,262,243,0.543988488479709,0.0022834175641966957,True,243.34308502823222,0.004551520136261967,0.0510837335245769,0.9440411223615041
reliable,marked_gaussian_evidence,107,2,False,6,262,243,0.543988488479709,0.0022834175641966957,False,,,,
reliable,marked_gaussian_evidence,108,1,False,6,264,242,0.5609204360918004,0.0023506422972693008,True,245.80866721287134,0.0044670781094129875,0.021879969483652523,0.87322584126419
reliable,marked_gaussian_evidence,108,2,False,6,264,242,0.5609204360918004,0.0023506422972693008,False,,,,
reliable,marked_gaussian_evidence,109,1,False,6,265,240,0.621964680559054,0.0027016211860883686,True,248.3037973935161,0.00472562619914501,0.045280644753644225,0.896684332235258
reliable,marked_gaussian_evidence,109,2,False,6,265,240,0.621964680559054,0.0027016211860883686,False,,,,
reliable,marked_gaussian_evidence,110,1,False,6,270,240,0.6455513792457036,0.0027124513943108473,True,250.93983729477185,0.005223987427744609,0.038825024169705465,0.9049798239516234
reliable,marked_gaussian_evidence,110,2,False,6,270,240,0.6455513792457036,0.0027124513943108473,True,1.0000005714058129,0.9999999687434519,28.086867842343377,0.00025300936231105546
reliable,marked_gaussian_evidence,111,1,False,6,270,250,0.6641136995468712,0.0027049945566837946,True,253.74519300485656,0.005721884330286652,0.05057140941230824,0.9286664960381236
reliable,marked_gaussian_evidence,111,2,False,6,270,250,0.6641136995468712,0.0027049945566837946,True,1.0641979479463173,0.9886265641281409,26.48790250405761,0.003387170770808862
reliable,marked_gaussian_evidence,112,1,False,6,277,254,0.6438938172441709,0.00263310813538362,True,256.16187050192525,0.0060806672366762815,0.04904137301125394,0.8481806865902899
reliable,marked_gaussian_evidence,112,2,False,6,277,254,0.6438938172441709,0.00263310813538362,True,1.321320238276776,0.940938526034652,27.422584183486848,0.00503731882822285
reliable,marked_gaussian_evidence,113,1,False,6,279,259,0.6657320718058897,0.0027362513696669965,True,259.2449166290782,0.006071624786822408,0.06875918499295304,0.9155865167641581
reliable,marked_gaussian_evidence,113,2,False,6,279,259,0.6657320718058897,0.0027362513696669965,True,2.688879754247624,0.6302667499172908,27.209184340531873,0.13106940182495974
reliable,marked_gaussian_evidence,114,1,False,6,286,263,0.6736081948601884,0.002743680613833123,True,262.27419003556196,0.005869062322151212,0.07189153767717339,0.9292512704805654
reliable,marked_gaussian_evidence,114,2,False,6,286,263,0.6736081948601884,0.002743680613833123,True,2.6473851481596755,0.6861701403544744,27.009404979788208,0.7732827899343038
reliable,marked_gaussian_evidence,115,1,False,6,288,265,0.6724306611211079,0.002672938458388742,True,265.23682535257774,0.005595821213195726,0.08584352655279938,0.8402654746280417
reliable,marked_gaussian_evidence,115,2,False,6,288,265,0.6724306611211079,0.002672938458388742,True,4.1491346353924285,0.5501989873063242,27.036502130402436,0.7238687027658914
reliable,marked_gaussian_evidence,116,1,False,6,294,268,0.6567880311538481,0.0025527078618732594,True,267.73194341430366,0.005220518029300935,0.06237627225631114,0.7453393233943467
reliable,marked_gaussian_evidence,116,2,False,6,294,268,0.6567880311538481,0.0025527078618732594,True,6.791907372879174,0.23854842329885134,26.885216517387924,0.8132709635178301
reliable,marked_gaussian_evidence,117,1,False,6,290,271,0.6807168739025872,0.0026341612639662437,True,270.20965571719483,0.0048392545205776655,0.046204382595739536,0.8713010092141411
reliable,marked_gaussian_evidence,117,2,False,6,290,271,0.6807168739025872,0.0026341612639662437,True,7.634199961703967,0.26570814739557513,26.819649921034678,0.8674329834700899
reliable,marked_gaussian_evidence,118,1,False,6,297,275,0.4901052401060022,0.0020608669560497755,True,272.4218304772275,0.004940844204720569,0.08009353867312048,0.8090083441497853
reliable,marked_gaussian_evidence,118,2,False,6,297,275,0.4901052401060022,0.0020608669560497755,True,7.771320748608305,0.27053653288409807,26.636313159231786,0.7799519249056132
reliable,marked_gaussian_evidence,119,1,False,6,289,271,0.4827308256345366,0.002008524811978818,True,272.5859438071801,0.004653889785948068,0.0614665593688981,0.8221992357955232
reliable,marked_gaussian_evidence,119,2,False,6,289,271,0.4827308256345366,0.002008524811978818,True,1.0259533681258364,0.9965534111937504,9.807268694382405,0.7215879659910541
reliable,marked_gaussian_evidence,120,1,False,6,292,270,0.5899129420309854,0.0023017565367346882,True,270.03323462332213,0.004160588740231853,0.07214371370798427,0.9316783911126905
reliable,marked_gaussian_evidence,120,2,False,6,292,270,0.5899129420309854,0.0023017565367346882,True,1.100402716964271,0.9806224328378724,9.762092159306667,0.7104627274105069
reliable,marked_gaussian_evidence,121,1,False,6,293,269,0.6151797768526615,0.0023763340978115713,True,272.0865865179127,0.004023567792383386,0.07254837022456813,0.8790867156059319
reliable,marked_gaussian_evidence,121,2,False,6,293,269,0.6151797768526615,0.0023763340978115713,True,1.102263696633815,0.9831121317486825,9.721748538037938,0.7354150108623532
reliable,marked_gaussian_evidence,122,1,False,6,295,0,0.0,0.0,True,274.23668919656035,0.005909129177412222,3.483331537044233,0.6884678588330958
reliable,marked_gaussian_evidence,122,2,False,6,295,0,0.0,0.0,True,1.0901149149089242,0.9858839559217002,9.69554672988585,0.9449275422244923
reliable,marked_gaussian_evidence,123,1,False,7,292,0,0.0,0.0,True,272.18523904485573,0.011562857994428808,0.08303720827616741,0.485460336932349
reliable,marked_gaussian_evidence,123,2,False,7,292,0,0.0,0.0,True,273.68446416987746,0.005010948633251327,4.009254279345464,0.9565567752324697
reliable,marked_gaussian_evidence,124,1,False,7,291,2,0.005525892554885459,0.0037013092709390423,True,268.74139580360463,0.02057617610532603,0.05159638179157058,0.5657065426917302
reliable,marked_gaussian_evidence,124,2,False,7,291,2,0.005525892554885459,0.0037013092709390423,True,257.7842601891901,0.04180611333612006,3.932953547494068,0.9986866315050654
reliable,marked_gaussian_evidence,125,1,False,7,284,1,0.0013304031961011405,0.0013304031961011405,True,274.23694639652274,0.004079943518242379,3.5228792165230707,0.9203412229981275
reliable,marked_gaussian_evidence,125,2,False,7,284,1,0.0013304031961011405,0.0013304031961011405,True,259.0484196740401,0.03776026801016957,3.9762470423818486,0.999356783545824
reliable,marked_gaussian_evidence,126,1,False,7,291,3,0.006241108541748235,0.0034367008870892115,True,219.81088780548524,0.07365266464977685,0.03177097888515216,0.1281405401779438
reliable,marked_gaussian_evidence,126,2,False,7,291,3,0.006241108541748235,0.0034367008870892115,True,260.7068059822474,0.0327872761985408,4.056538795459674,0.9511394482164812
reliable,marked_gaussian_evidence,127,1,False,8,27,8,0.018971529087244317,0.0033821328557139124,True,154.86466730601632,0.0753475196497241,0.04967207406246074,0.13717387648110435
reliable,marked_gaussian_evidence,127,2,False,8,27,8,0.018971529087244317,0.0033821328557139124,True,1.5451725414556594,0.8427180393610006,26.66770256673142,0.8991049875681986
reliable,marked_gaussian_evidence,128,1,False,8,31,8,0.03022503313391974,0.004706482309236929,True,8.975424464637948,0.1923446921376424,0.05031572624499657,0.08391117100488737
reliable,marked_gaussian_evidence,128,2,False,8,31,8,0.03022503313391974,0.004706482309236929,True,1.3034965344981437,0.9272683160781696,25.69109267370397,0.999334919963744
reliable,marked_gaussian_evidence,129,1,False,8,37,13,0.04931581221742898,0.006774654374669876,True,11.072440609727343,0.22900101503870499,0.06537621963130108,0.19215982400066817
reliable,marked_gaussian_evidence,129,2,False,8,37,13,0.04931581221742898,0.006774654374669876,True,1.1547413968120706,0.9731348244885948,23.872732121927005,0.00023154136287168166
reliable,marked_gaussian_evidence,130,1,False,8,37,14,0.07407942346650966,0.008752981180939083,True,12.084249960496239,0.21233236975001646,0.05407432501368672,0.3316803072542544
reliable,marked_gaussian_evidence,130,2,False,8,37,14,0.07407942346650966,0.008752981180939083,True,1.0038610600978295,0.9996012020101933,25.212750941242707,0.9934500289335799
reliable,marked_gaussian_evidence,131,1,False,8,47,17,0.1099419255797792,0.011001427702515004,True,13.856737117734031,0.18703524776542965,0.051589845790832915,0.5802087014893322
reliable,marked_gaussian_evidence,131,2,False,8,47,17,0.1099419255797792,0.011001427702515004,True,1.0024230133804635,0.9997464784624727,23.736515805006352,0.9791516407974129
reliable,marked_gaussian_evidence,132,1,False,8,50,18,0.11645648284691394,0.009121315281280294,True,15.570344311356246,0.16779275684561254,0.05623382425027728,0.6245287229098471
reliable,marked_gaussian_evidence,132,2,False,8,50,18,0.11645648284691394,0.009121315281280294,False,,,,
reliable,marked_gaussian_evidence,133,1,False,9,57,22,0.1377958187226091,0.009494129151759147,True,18.93718763789073,0.1236418341611514,0.07599963724473588,0.6206966494608611
reliable,marked_gaussian_evidence,133,2,False,9,57,22,0.1377958187226091,0.009494129151759147,False,,,,
reliable,marked_gaussian_evidence,134,1,False,9,50,20,0.12147474722756735,0.00810920169041132,True,21.137622653647096,0.11544827984881961,0.058855474737248406,0.452320339883714
reliable,marked_gaussian_evidence,134,2,False,9,50,20,0.12147474722756735,0.00810920169041132,True,2.15233423545219,0.6781225478707246,28.01943144308654,0.0012083462235849317
reliable,marked_gaussian_evidence,135,1,False,9,57,29,0.1186443948876752,0.007359059630054182,True,24.044416798005877,0.09974822638808314,0.0722990595570594,0.5141069361066034
reliable,marked_gaussian_evidence,135,2,False,9,57,29,0.1186443948876752,0.007359059630054182,True,1.1953692104310814,0.9764224500424691,9.838591457570624,0.21248115072165932
reliable,marked_gaussian_evidence,136,1,False,9,58,29,0.1317003708572524,0.006751511923200106,True,25.136253077116166,0.08326738105606687,0.08269244635451287,0.4805832472415562
reliable,marked_gaussian_evidence,136,2,False,9,58,29,0.1317003708572524,0.006751511923200106,False,,,,
reliable,marked_gaussian_evidence,137,1,False,9,54,32,0.1279711634205798,0.006485206938304912,True,27.0651024084318,0.07414833969309562,0.09417792242607549,0.5421015881465044
reliable,marked_gaussian_evidence,137,2,False,9,54,32,0.1279711634205798,0.006485206938304912,True,1.0001392484548215,0.9999887686506409,25.631999262119564,0.9965702753676963
reliable,marked_gaussian_evidence,138,1,False,9,54,33,0.16794896856600375,0.007298496849618652,True,28.637197415259806,0.06156951428524929,0.07358348226386179,0.785453463632697
reliable,marked_gaussian_evidence,138,2,False,9,54,33,0.16794896856600375,0.007298496849618652,True,1.001369575114274,0.9998665617197005,25.48475292057483,0.9986068923991561
reliable,marked_gaussian_evidence,139,1,False,9,59,32,0.15920958983328837,0.007475897713630168,True,30.70083803470513,0.05318300435887665,0.06489808707935799,0.6395095579874892
reliable,marked_gaussian_evidence,139,2,False,9,59,32,0.15920958983328837,0.007475897713630168,True,5.038884047965623,0.6989972890139472,3.970182585090696,0.7505968227750803
reliable,marked_gaussian_evidence,140,1,False,9,62,22,0.21471757109532716,0.013036309280482912,True,30.53570813159184,0.05227023345517295,0.05081532155112087,0.6254606039031749
reliable,marked_gaussian_evidence,140,2,False,9,62,22,0.21471757109532733,0.013036309280482912,True,5.496214161489018,0.6930701936238283,4.046835950538874,0.7754896227982065
reliable,marked_gaussian_evidence,141,1,False,9,67,2,0.012779936545573993,0.009258078671106205,True,33.465230803847774,0.04563702920020081,0.0568251415284723,0.8189062902900232
reliable,marked_gaussian_evidence,141,2,False,9,67,2,0.012779936545573993,0.009258078671106205,True,22.651519426844793,0.2956608650131514,4.029938961571288,0.8612454749845286
reliable,marked_gaussian_evidence,142,1,False,9,72,5,0.014410747982621307,0.005494805966609434,True,37.747938887141856,0.040483932363326675,0.05077160343976151,0.5696338797619889
reliable,marked_gaussian_evidence,142,2,False,9,72,5,0.014410747982621307,0.005494805966609434,True,32.754633275447446,0.12398481345042112,4.003674924464814,0.9746212017409458
reliable,marked_gaussian_evidence,143,1,False,9,78,28,0.09070183485416179,0.004668157295511441,True,41.205183049755796,0.03838018648264605,0.03770167553269916,0.5462704426648453
reliable,marked_gaussian_evidence,143,2,False,9,78,28,0.09070183485416179,0.004668157295511441,True,1.169987956903437,0.9724278702741725,9.784586370198094,0.8240300887836178
reliable,marked_gaussian_evidence,144,1,False,9,81,30,0.13957455518864903,0.006513197104291948,True,39.80571532678193,0.05698970437131064,0.03577541140049287,0.6234150380793915
reliable,marked_gaussian_evidence,144,2,False,9,81,30,0.13957455518864903,0.006513197104291948,True,3.019198196559874,0.3708779544291787,26.324719650510765,0.009524582779020978
reliable,marked_gaussian_evidence,145,1,False,9,87,39,0.2051624110267832,0.007062304245453111,True,43.31767777646202,0.05069221360752213,0.03951553556406854,0.8353733136960754
reliable,marked_gaussian_evidence,145,2,False,9,87,39,0.2051624110267832,0.007062304245453111,True,3.341214715303394,0.5054936609568306,26.39252378351145,0.03457191306441565
reliable,marked_gaussian_evidence,146,1,False,9,93,44,0.22346156080164484,0.006803108812422036,True,46.918792595954,0.04433237025623838,0.03964059325722988,0.8827153409450685
reliable,marked_gaussian_evidence,146,2,False,9,93,44,0.22346156080164484,0.006803108812422036,True,2.205585889358514,0.6095662283814793,29.29554745383821,7.086578313799696e-06
reliable,marked_gaussian_evidence,147,1,False,9,98,42,0.1893395462726766,0.006388330032584798,True,50.02589621730319,0.038875094279985985,0.06434110555570793,0.8118487780700612
reliable,marked_gaussian_evidence,147,2,False,9,98,42,0.1893395462726766,0.006388330032584798,True,27.226608772600947,0.28450219959613054,3.9526799907387944,0.8005607567840132
reliable,marked_gaussian_evidence,148,1,False,9,104,15,0.09302329912787237,0.011626537948600184,True,49.53548787527193,0.03916357243766922,0.08025739217535569,0.804081844844729
reliable,marked_gaussian_evidence,148,2,False,9,104,15,0.09302329912787237,0.011626537948600184,True,22.259266406896664,0.3657188381576904,4.095406510006405,0.9059664550612704
reliable,marked_gaussian_evidence,149,1,False,9,110,9,0.036769740620283056,0.005665034826476128,True,51.722987578980224,0.03600921802786426,0.07216541575981192,0.7224645348425411
reliable,marked_gaussian_evidence,149,2,False,9,110,9,0.036769740620283056,0.005665034826476128,True,44.83537638776139,0.05972047063535254,3.8508272648788604,0.92309180997653
reliable,marked_gaussian_evidence,150,1,False,9,116,20,0.07249694435529191,0.006406420732201695,True,53.42023352373965,0.04260280866471635,0.05942246472333614,0.9225881713168219
reliable,marked_gaussian_evidence,150,2,False,9,116,20,0.07249694435529191,0.006406420732201695,True,1.4414021910368982,0.9246084268560794,26.56647715208948,0.6336034730132574
reliable,marked_gaussian_evidence,151,1,False,10,124,30,0.13411308591241008,0.008290284687546268,True,42.57183897306196,0.08330550679489343,0.034724695433174885,0.771403548627258
reliable,marked_gaussian_evidence,151,2,False,10,124,30,0.13411308591241008,0.008290284687546268,True,1.362674919619897,0.9124302004016008,23.71772616440841,0.021252324915197063
reliable,marked_gaussian_evidence,152,1,False,12,129,39,0.16296330779579224,0.007002139717477163,True,50.885177836069154,0.0651511693180964,0.06096482851798742,0.7050352416490695
reliable,marked_gaussian_evidence,152,2,False,12,129,39,0.16296330779579224,0.007002139717477163,True,1.576815203220728,0.8991212655813187,23.47299854847429,0.6314510080931425
reliable,marked_gaussian_evidence,153,1,False,12,129,49,0.21580258271321023,0.006888248693450675,True,58.060144222088574,0.05156851661567456,0.07459492102439318,0.8616160522534495
reliable,marked_gaussian_evidence,153,2,False,12,129,49,0.21580258271321023,0.006888248693450675,True,1.0717962226203954,0.9894433297866221,23.404566828600867,0.9920377861276731
reliable,marked_gaussian_evidence,154,1,False,11,129,55,0.18644640925763867,0.005840057975132028,True,63.27241753968947,0.04283883926827559,0.037441576463484554,0.9465762011336836
reliable,marked_gaussian_evidence,154,2,False,11,129,55,0.1864464092576387,0.005840057975132028,True,47.64727945068596,0.1776700823921505,4.02877154193303,0.6046529754204967
reliable,marked_gaussian_evidence,155,1,False,11,133,77,0.23383053083018512,0.0055905957939712154,True,63.08999143845871,0.03974695647785068,0.06401478719287002,0.7559136717865829
reliable,marked_gaussian_evidence,155,2,False,11,133,77,0.23383053083018512,0.0055905957939712154,True,2.864034261379191,0.5094716987738633,24.479758524351364,0.032453010688418216
reliable,marked_gaussian_evidence,156,1,False,11,138,78,0.2856461592046158,0.0051314378687217065,True,70.4811801674091,0.02679605815088387,0.04328619549196966,0.8671251128942592
reliable,marked_gaussian_evidence,156,2,False,11,138,78,0.2856461592046158,0.0051314378687217065,True,1.0000724003753207,0.9999947725890634,23.023512265963845,0.9896396887660885
reliable,marked_gaussian_evidence,157,1,False,11,144,82,0.26499077547904554,0.004325082582138558,True,74.56067866052295,0.020712160744908566,0.04926901172401335,0.8690847672278121
reliable,marked_gaussian_evidence,157,2,False,11,144,82,0.26499077547904554,0.004325082582138558,True,2.71985628883582,0.6462201923009692,9.79823712375142,9.976919757966816e-06
reliable,marked_gaussian_evidence,158,1,False,11,119,81,0.2909950533407716,0.004380700501050113,True,76.90273344815701,0.01770106986204573,0.06516997259959327,0.897280629535145
reliable,marked_gaussian_evidence,158,2,False,11,119,81,0.2909950533407716,0.004380700501050113,True,1.0012462493132115,0.9998774127525929,21.51952535563326,0.9940052564918606
reliable,marked_gaussian_evidence,159,1,False,11,124,86,0.2843826545649422,0.00397642262615728,True,79.47176776354351,0.016082262359746403,0.04785693532367379,0.9493975434912477
reliable,marked_gaussian_evidence,159,2,False,11,124,86,0.2843826545649422,0.00397642262615728,True,3.572183546769858,0.42294181289044097,29.810333673020114,0.08910075813851517
reliable,marked_gaussian_evidence,160,1,False,11,123,87,0.27908736703076087,0.0037675890887575907,True,81.1286705013614,0.01514766212620179,0.04565215250640443,0.904235369857294
reliable,marked_gaussian_evidence,160,2,False,11,123,87,0.27908736703076087,0.0037675890887575907,True,1.001139876946568,0.9998872802850999,33.56702856921174,0.9998288324629153
reliable,marked_gaussian_evidence,161,1,False,11,130,88,0.3015732206819711,0.0038986021317086155,True,83.04769516539903,0.014349875114798454,0.04544016340744353,0.9540354126923273
reliable,marked_gaussian_evidence,161,2,False,11,130,88,0.3015732206819711,0.0038986021317086155,True,1.0010792426056987,0.9998938801912675,34.17489993217299,0.9998918194276648
reliable,marked_gaussian_evidence,162,1,False,11,122,84,0.30167734665843854,0.003961322334081861,True,85.49398935365889,0.013499205147892148,0.05522851524925686,0.9356898762974147
reliable,marked_gaussian_evidence,162,2,False,11,122,84,0.30167734665843854,0.003961322334081861,True,1.0010906906346437,0.9998926341022779,35.085981654292134,0.9999218541262079
reliable,marked_gaussian_evidence,163,1,False,11,129,95,0.2868080113764972,0.0034077666753211107,True,87.65491756834736,0.012860012461204273,0.056311228586091465,0.8692898671361322
reliable,marked_gaussian_evidence,163,2,False,11,129,95,0.2868080113764972,0.0034077666753211107,True,1.0011302666001047,0.9998882924341581,35.694994974646036,0.9999911705291534
reliable,marked_gaussian_evidence,164,1,False,11,129,92,0.3042089241791564,0.0035787131707826947,True,88.66774598412783,0.01259027567222993,0.05133739829068235,0.8783541238754372
reliable,marked_gaussian_evidence,164,2,False,11,129,92,0.3042089241791564,0.0035787131707826947,True,1.0011366285805645,0.9998876106222891,36.73306940255367,0.9999648952994744
reliable,marked_gaussian_evidence,165,1,False,11,136,84,0.312417769993345,0.0038601233050687437,True,91.51783173457935,0.012367931285590057,0.04913231474759352,0.9475984336669963
reliable,marked_gaussian_evidence,165,2,False,11,136,84,0.312417769993345,0.0038601233050687437,True,1.000000555333978,0.9999999696724668,29.585069737567935,2.4221939228019023e-08
reliable,marked_gaussian_evidence,166,1,False,10,138,103,0.2999449322324671,0.0034220285079978505,True,94.08115269885205,0.012843147631445818,0.06539483692032157,0.8788614386126263
reliable,marked_gaussian_evidence,166,2,False,10,138,103,0.2999449322324671,0.0034220285079978505,True,1.000000005738545,0.9999999997549747,18.10289779245892,0.9948213250830419
reliable,marked_gaussian_evidence,167,1,False,10,143,104,0.30501562691638623,0.0034278555225380654,True,95.6655637580467,0.012473346583478657,0.050299753448544544,0.9095624128157777
reliable,marked_gaussian_evidence,167,2,False,10,143,104,0.30501562691638623,0.0034278555225380654,True,1.063667735199187,0.9905323630943267,9.7665329308141,0.1638930083785121
reliable,marked_gaussian_evidence,168,1,False,10,141,105,0.3039354331648193,0.0032877633181430366,True,97.9066178228408,0.011775543859942552,0.06198837420036239,0.8845609793626565
reliable,marked_gaussian_evidence,168,2,False,10,141,105,0.3039354331648193,0.0032877633181430366,True,1.0013375005102847,0.9998717479138595,25.008701296066874,0.02624870573033453
reliable,marked_gaussian_evidence,169,1,False,10,148,106,0.3158230652704904,0.0033052990130682377,True,100.05534467666102,0.011205992018725847,0.06898381488217338,0.9409409350392768
reliable,marked_gaussian_evidence,169,2,False,10,148,106,0.3158230652704904,0.0033052990130682377,True,3.479548271007478,0.3815094835869565,29.726491358582685,0.3886606657701065
reliable,marked_gaussian_evidence,170,1,False,10,147,107,0.31223827232337303,0.003181939490163267,True,102.2444998971885,0.010792511880916547,0.06001146417858079,0.9035631282214316
reliable,marked_gaussian_evidence,170,2,False,10,147,107,0.31223827232337303,0.003181939490163267,True,3.7074288446297303,0.5130975661751132,29.870318008185638,0.19234263968388648
reliable,marked_gaussian_evidence,171,1,False,10,154,108,0.3164074604737828,0.0031559825033821054,True,104.06877874220649,0.010487187499635876,0.06770664708556767,0.9155182520124855
reliable,marked_gaussian_evidence,171,2,False,10,154,108,0.3164074604737828,0.0031559825033821054,True,5.459483487498848,0.27529277518255074,29.80722669540908,0.24015098329942736
reliable,marked_gaussian_evidence,172,1,False,10,146,105,0.2838128562895066,0.003179652052185698,True,105.72105385537434,0.010219369034718944,0.07822402410291412,0.9060084293151072
reliable,marked_gaussian_evidence,172,2,False,10,146,105,0.2838128562895066,0.003179652052185698,True,2.781132008373759,0.8634313933291492,4.0301250744733705,0.6138720204661111
reliable,marked_gaussian_evidence,173,1,False,10,154,103,0.38620248313560424,0.004053579207837196,True,107.73808099896567,0.01261014582833099,0.041239786655181895,0.8912687913834509
reliable,marked_gaussian_evidence,173,2,False,10,154,103,0.38620248313560424,0.004053579207837196,True,11.728830603623804,0.5960592505483467,4.03203528425681,0.6494203568142352
reliable,marked_gaussian_evidence,174,1,False,10,122,105,0.3021287231454248,0.003904238703983306,True,104.97799931575747,0.016691530798094118,0.08194093495650183,0.884979757702467
reliable,marked_gaussian_evidence,174,2,False,10,122,105,0.3021287231454248,0.003904238703983306,True,1.7067300161105867,0.8982537174887982,9.747675905257452,0.8339862725380239
reliable,marked_gaussian_evidence,175,1,False,9,119,101,0.2302185145590886,0.0037539984159805683,True,101.28841691578167,0.015615993624578633,0.08341765312680782,0.8712333242279774
reliable,marked_gaussian_evidence,175,2,False,9,119,101,0.23021851455908854,0.0037539984159805683,True,17.416824019479698,0.526236794520337,4.0905350090806945,0.35126982976020066
reliable,marked_gaussian_evidence,176,1,False,9,119,100,0.23575628826545172,0.004176909155502994,True,85.12844290975919,0.022148606679671185,0.05480676160192004,0.7632745704776516
reliable,marked_gaussian_evidence,176,2,False,9,119,100,0.23575628826545172,0.004176909155502994,True,11.866531380835896,0.5971842672700414,4.032503617485689,0.7691420954466005
reliable,marked_gaussian_evidence,177,1,False,8,122,100,0.244136767716046,0.004702296701196805,True,70.93877354652967,0.027124620043449937,0.08225705586607583,0.7891769824730894
reliable,marked_gaussian_evidence,177,2,False,8,122,100,0.244136767716046,0.004702296701196805,True,11.905698018437459,0.596296014893545,4.021024962495358,0.8655625457715271
reliable,marked_gaussian_evidence,178,1,False,8,121,25,0.12253332373229868,0.0051669345069737475,True,57.868927401136666,0.03196887981216606,0.038092195107582875,0.8065869022089787
reliable,marked_gaussian_evidence,178,2,False,8,121,25,0.12253332373229868,0.0051669345069737475,True,9.411337083728906,0.6440607766159288,3.954291449963879,0.9871924479329572
reliable,marked_gaussian_evidence,179,1,False,7,120,23,0.11124890529456401,0.005006318243409637,True,45.6201727287434,0.03596969087588509,0.07681927028024434,0.6718284724989385
reliable,marked_gaussian_evidence,179,2,False,7,120,23,0.11124890529456401,0.005006318243409637,True,15.48343197564076,0.5401760998900722,3.939889602523123,0.9989461534380357
reliable,marked_gaussian_evidence,180,1,False,8,118,22,0.12598880687605526,0.00573217586934301,True,37.231987151491246,0.03990089367761326,0.07084714023405572,0.793349357014972
reliable,marked_gaussian_evidence,180,2,False,8,118,22,0.12598880687605526,0.00573217586934301,True,37.39355229339375,0.3209375466499837,4.262406411482945,0.9927221897522566
reliable,marked_gaussian_evidence,181,1,False,8,73,0,0.0,0.0,True,30.999994588607578,0.04220233129170758,0.056466655651523125,0.8628853115457014
reliable,marked_gaussian_evidence,181,2,False,8,73,0,0.0,0.0,True,75.09128880746178,0.08822463700080967,3.9039017901192747,0.865829940226133
reliable,marked_gaussian_evidence,182,1,False,8,74,2,0.007889647948030145,0.005705169551647625,True,22.823307273541417,0.33674857365186456,0.061528513038350205,0.09153899875956065
reliable,marked_gaussian_evidence,182,2,False,8,74,2,0.007889647948030145,0.005705169551647625,True,2.5305340275801975,0.573563802641838,23.090669344392712,0.051704370208087824
reliable,marked_gaussian_evidence,183,1,False,8,81,57,0.19924122872961175,0.008023952107067583,True,47.219132074853334,0.12677594391755492,0.06636579778567875,0.44866247289049777
reliable,marked_gaussian_evidence,183,2,False,8,81,57,0.19924122872961175,0.008023952107067583,True,2.999064518359973,0.5111647074539839,23.06422286477258,0.048713019466965685
reliable,marked_gaussian_evidence,184,1,False,10,84,60,0.20794891458533696,0.005008365821325365,True,58.819493651306765,0.034140453757356845,0.052135025534342114,0.6999770402881159
reliable,marked_gaussian_evidence,184,2,False,10,84,60,0.20794891458533696,0.005008365821325365,True,2.5574383263821856,0.6870236910229508,23.244441060778218,0.4313277825228405
reliable,marked_gaussian_evidence,185,1,False,10,80,61,0.22299710420523824,0.003852796034307663,True,59.02547348272285,0.01779961041934307,0.06226259564888908,0.8079258798443546
reliable,marked_gaussian_evidence,185,2,False,10,80,61,0.22299710420523824,0.003852796034307663,True,1.7069057332083595,0.8608919140483517,23.355681681882615,0.9741476457850438
reliable,marked_gaussian_evidence,186,1,False,10,78,61,0.22911485904742435,0.004046345202804307,True,59.1247468981756,0.017902349885595716,0.06343665935715466,0.8851097776298701
reliable,marked_gaussian_evidence,186,2,False,10,78,61,0.22911485904742435,0.004046345202804307,True,1.6094967437116026,0.9363081127060059,3.9894329184269917,0.5430311883439041
reliable,marked_gaussian_evidence,187,1,False,10,79,55,0.2305146452438982,0.012272687855668553,True,58.50929283623984,0.01811922246833462,0.05985284916602841,0.876759064487079
reliable,marked_gaussian_evidence,187,2,False,10,79,55,0.2305146452438982,0.012272687855668553,True,13.494036587113937,0.30437110926928185,3.942345587450753,0.7165042115658488
reliable,marked_gaussian_evidence,188,1,False,10,80,56,0.7016472889837229,0.0181972889352554,True,60.79076215843676,0.01758829301547337,0.049191523816096656,0.9090865027970856
reliable,marked_gaussian_evidence,188,2,False,10,80,56,0.7016472889837231,0.0181972889352554,True,62.31708984629354,0.02455800048071756,1.2026905857810624,0.6254747348647949
reliable,marked_gaussian_evidence,189,1,False,9,79,53,0.26622454064952783,0.005031450429340039,True,59.450548965309004,0.01797763110534351,0.05874710297263044,0.9456345357562621
reliable,marked_gaussian_evidence,189,2,False,9,79,53,0.26622454064952783,0.005031450429340039,True,5.173153788246267,0.6505825539297192,4.100243332100155,0.8298521184551928
reliable,marked_gaussian_evidence,190,1,False,9,86,53,0.17110537122784258,0.0032350844234065672,True,58.92938428275065,0.01803956225191765,0.05962269804324278,0.840864886895314
reliable,marked_gaussian_evidence,190,2,False,9,86,53,0.17110537122784258,0.0032350844234065672,True,3.6760341715327995,0.7519780646490452,4.0590347415783326,0.8710673626808656
reliable,marked_gaussian_evidence,191,1,False,10,84,53,0.14599827734112197,0.0027610465908191524,True,59.39344736698415,0.017914485587183615,0.04517577955746385,0.817641090637925
reliable,marked_gaussian_evidence,191,2,False,10,84,53,0.14599827734112197,0.0027610465908191524,True,4.61621262792092,0.7004757424713851,4.300701473728037,0.9862261694500855
reliable,marked_gaussian_evidence,192,1,False,9,83,53,0.15477319166618983,0.0029277742171660375,True,58.195815653088005,0.018237129117542585,0.03408115496125422,0.7886725317003852
reliable,marked_gaussian_evidence,192,2,False,9,83,53,0.15477319166618994,0.0029277742171660375,True,11.754598016774956,0.42172230031170616,3.9262044383489125,0.8929700997381655
reliable,marked_gaussian_evidence,193,1,False,8,85,54,0.20406469221959042,0.0047814325196751705,True,59.059652036035885,0.018073593091024263,0.07196183858624701,0.8482530774405825
reliable,marked_gaussian_evidence,193,2,False,8,85,54,0.20406469221959042,0.0047814325196751705,True,31.567294184395585,0.16325155631932423,3.86811585857935,0.6569619009996082
reliable,marked_gaussian_evidence,194,1,False,8,90,56,0.24998331639406896,0.004530200620296694,True,62.20934765940414,0.017459536767011796,0.06130070533412322,0.824502539284091
reliable,marked_gaussian_evidence,194,2,False,8,90,56,0.24998331639406896,0.004530200620296694,True,3.4013194144577352,0.4159506211118256,29.730090281345422,0.3515427913050044
reliable,marked_gaussian_evidence,195,1,False,8,83,65,0.21698589339820779,0.0036349294643307118,True,62.339182638952586,0.017434169074119148,0.03945285854593812,0.7271065125588072
reliable,marked_gaussian_evidence,195,2,False,8,83,65,0.21698589339820779,0.0036349294643307118,True,1.0000008840848849,0.9999999504233709,26.203380218912535,0.9979117194799428
reliable,marked_gaussian_evidence,196,1,False,8,91,67,0.22899073003566353,0.003741005675066383,True,63.07138566842821,0.017199795928320605,0.06408518772225984,0.7868961993962789
reliable,marked_gaussian_evidence,196,2,False,8,91,67,0.22899073003566353,0.003741005675066383,True,1.0012823524621233,0.9998721171098851,26.59296014079977,0.9887693988288853
reliable,marked_gaussian_evidence,197,1,False,8,82,68,0.24672571968041707,0.003934734559999215,True,65.05188427865198,0.016763644553488027,0.08781263801348846,0.893823981556583
reliable,marked_gaussian_evidence,197,2,False,8,82,68,0.24672571968041707,0.003934734559999215,True,1.0012179588431254,0.9998784971647056,26.930185502865193,0.9947062132353202
reliable,marked_gaussian_evidence,198,1,False,8,88,69,0.2462591474489855,0.003833692193001349,True,66.12057297305915,0.016420075227387542,0.040650883246340086,0.8644681288085384
reliable,marked_gaussian_evidence,198,2,False,8,88,69,0.2462591474489855,0.003833692193001349,True,1.0014579375184507,0.9998590118514751,27.207477905852752,0.997468307130026
reliable,marked_gaussian_evidence,199,1,False,8,90,70,0.25855775224778377,0.004940404831959423,True,67.18967539372976,0.016123788341213415,0.09285532593309735,0.8696852149104538
reliable,marked_gaussian_evidence,199,2,False,8,90,70,0.25855775224778377,0.004940404831959423,True,1.001459790804889,0.9998604673462046,27.53198816761992,0.9954613119743276
reliable,marked_gaussian_evidence,200,1,False,8,96,72,0.2433839741328631,0.006129742444094715,True,68.98007869764227,0.015781261041194934,0.11501013588422487,0.8009401895519878
reliable,marked_gaussian_evidence,200,2,False,8,96,72,0.2433839741328631,0.006129742444094715,True,1.2009596859445286,0.9595548201481584,35.95704023874231,0.35509295782482697
reliable,marked_gaussian_evidence,201,1,False,9,100,73,0.277035421529489,0.008907400944089693,True,69.4961248128964,0.016163055927937132,0.06811917491574063,0.9345755026188444
reliable,marked_gaussian_evidence,201,2,False,9,100,73,0.277035421529489,0.008907400944089693,True,1.0920215113526905,0.9825337072921615,36.40232513374528,0.5485300279721556
reliable,marked_gaussian_evidence,202,1,False,9,104,77,0.25241840384279113,0.004508902534927585,True,71.20361896126573,0.023021634264500712,0.048224977011482505,0.8344661021471842
reliable,marked_gaussian_evidence,202,2,False,9,104,77,0.25241840384279113,0.004508902534927585,True,1.0002453967665315,0.9999792868957084,28.43722145848474,0.9874950775295382
reliable,marked_gaussian_evidence,203,1,False,10,97,78,0.2656055386193148,0.003925635341599117,True,72.3899055314117,0.016109973349706545,0.05860063194985308,0.9210533275523975
reliable,marked_gaussian_evidence,203,2,False,10,97,78,0.2656055386193148,0.003925635341599117,True,1.000031294074729,0.9999977782091417,29.58718130535832,0.06750727384923864
reliable,marked_gaussian_evidence,204,1,False,10,102,79,0.25360074861739534,0.003529049380853845,True,73.69875610675537,0.0146289786173857,0.06207674993916809,0.820639809925524
reliable,marked_gaussian_evidence,204,2,False,10,102,79,0.25360074861739534,0.003529049380853845,True,1.7264611077370065,0.7642990599255517,29.574749677419533,0.5807186322942093
reliable,marked_gaussian_evidence,205,1,False,10,104,80,0.2657065045739839,0.003623519400121633,True,75.47510636678513,0.014297846349178219,0.0628590764247227,0.887826710656747
reliable,marked_gaussian_evidence,205,2,False,10,104,80,0.2657065045739839,0.003623519400121633,True,2.192084594628306,0.6695969098039589,29.683789072424418,0.524690695356696
reliable,marked_gaussian_evidence,206,1,False,10,108,81,0.2675504706126269,0.0035754628413025686,True,77.05255738406042,0.013982255805983874,0.06583152851386327,0.8828442902762446
reliable,marked_gaussian_evidence,206,2,False,10,108,81,0.2675504706126269,0.0035754628413025686,True,3.2895687323475236,0.5289557594620904,29.702429292642826,0.26440672740443355
reliable,marked_gaussian_evidence,207,1,False,10,106,82,0.2660015546128449,0.0034866188845121245,True,78.55590517654977,0.013681052947493489,0.06561758132762427,0.857447469083962
reliable,marked_gaussian_evidence,207,2,False,10,106,82,0.2660015546128449,0.0034866188845121245,True,4.639909897874453,0.29051214963004235,29.995786236153048,0.40857820602039197
reliable,marked_gaussian_evidence,208,1,False,10,110,83,0.2778501917136262,0.0035760585022292135,True,79.77659544462028,0.013398793608782288,0.073969130096442,0.9226073117792877
reliable,marked_gaussian_evidence,208,2,False,10,110,83,0.2778501917136262,0.0035760585022292135,True,4.335997272507577,0.3158221568896293,29.946632165775068,0.6032467379690122
reliable,marked_gaussian_evidence,209,1,False,10,106,83,0.2752504205225043,0.0035092079041378656,True,81.21713134795,0.0131236086267969,0.04775826755425418,0.905731268133605
reliable,marked_gaussian_evidence,209,2,False,10,106,83,0.2752504205225043,0.0035092079041378656,True,1.0152181828260984,0.9979306285548021,9.779924119095908,0.7278196559309261
reliable,marked_gaussian_evidence,210,1,False,9,109,83,0.26863350310703876,0.003387362020261198,True,81.74480946939745,0.012911478781479859,0.042165136083119684,0.8569636924396249
reliable,marked_gaussian_evidence,210,2,False,9,109,83,0.26863350310703876,0.003387362020261198,True,1.1231714443348695,0.9752083809892733,9.875147421598884,0.79868793141813
reliable,marked_gaussian_evidence,211,1,False,9,107,83,0.27384950262677377,0.0034176116058827716,True,82.41836472828334,0.012707662021158092,0.02084135724080894,0.8876178566683093
reliable,marked_gaussian_evidence,211,2,False,9,107,83,0.27384950262677377,0.0034176116058827716,True,4.179223542264622,0.3224948676306857,29.81270160880803,0.21746649173908572
reliable,marked_gaussian_evidence,212,1,False,9,107,84,0.2842396563030493,0.0034876606179040986,True,82.9722246963169,0.012528252861333737,0.033692282088099726,0.9381623339118077
reliable,marked_gaussian_evidence,212,2,False,9,107,84,0.2842396563030493,0.0034876606179040986,True,1.001195324599945,0.9998838664149995,33.24317221541638,0.9999767469786524
reliable,marked_gaussian_evidence,213,1,False,9,105,83,0.2864061464609819,0.0035681437919327747,True,83.82766876789647,0.01236001475415989,0.008656144748537497,0.9274565604668504
reliable,marked_gaussian_evidence,213,2,False,9,105,83,0.2864061464609819,0.0035681437919327747,True,2.5526306186191707,0.8729530762799312,4.068718585950331,0.9448310712020324
reliable,marked_gaussian_evidence,214,1,False,9,111,82,0.23763575357865244,0.0030105729932595423,True,85.6776500401649,0.012290833374993452,0.03971441525767842,0.9343604801763505
reliable,marked_gaussian_evidence,214,2,False,9,111,82,0.23763575357865227,0.0030105729932595423,True,6.738307546191203,0.6914795745303108,4.0235378061813964,0.9901748427734125
reliable,marked_gaussian_evidence,215,1,False,9,111,80,0.2727110676916766,0.003551024831557885,True,86.67870031502899,0.012251668928791962,0.053468525999527255,0.868829729741764
reliable,marked_gaussian_evidence,215,2,False,9,111,80,0.2727110676916766,0.003551024831557885,True,45.84313580517373,0.23902143541456156,3.8792368406658597,0.7625882596138849
reliable,marked_gaussian_evidence,216,1,False,9,113,87,0.259040708739028,0.0031067342059512503,True,88.01107596033337,0.012066345709218771,0.06809956098325791,0.7683430226286067
reliable,marked_gaussian_evidence,216,2,False,9,113,87,0.259040708739028,0.0031067342059512503,True,1.0154976009549548,0.9984327745997278,6.532080689368406,0.9718767035004413
reliable,marked_gaussian_evidence,217,1,False,9,109,89,0.28099458167889685,0.003336418544849709,True,87.3797916328864,0.012218614897272249,0.05899454786044703,0.8811191921518221
reliable,marked_gaussian_evidence,217,2,False,9,109,89,0.28099458167889685,0.003336418544849709,True,5.2957885312821364,0.27432795580508423,23.33259066643812,0.21186385652090317
reliable,marked_gaussian_evidence,218,1,False,9,109,90,0.28210480368885404,0.0032908642010908993,True,87.80512842781832,0.012085360001271313,0.0643968139473203,0.8642959690928855
reliable,marked_gaussian_evidence,218,2,False,9,109,90,0.28210480368885404,0.0032908642010908993,True,1.0260655476094378,0.9969381648766898,29.758725144650366,0.004533946668489066
reliable,marked_gaussian_evidence,219,1,False,8,105,90,0.2838026124273447,0.003289855647686483,True,88.76203253031701,0.011891461624397638,0.060550218160909434,0.8782167046676033
reliable,marked_gaussian_evidence,219,2,False,8,105,90,0.2838026124273447,0.003289855647686483,True,1.0000001979949922,0.9999999897942395,25.159482159529425,0.03880452057601135
reliable,marked_gaussian_evidence,220,1,False,9,109,91,0.2939219727938032,0.003358484812253895,True,89.14108186863416,0.011748992856621161,0.05456849460861239,0.9272164103347794
reliable,marked_gaussian_evidence,220,2,False,9,109,91,0.2939219727938032,0.003358484812253895,True,1.7678970841607258,0.7430987178877274,25.915394683306207,0.5489329521504489
reliable,marked_gaussian_evidence,221,1,False,9,111,92,0.29509873555970106,0.0033328338074216225,True,90.0287949864659,0.01160566280533225,0.03516851984425861,0.9234879882838624
reliable,marked_gaussian_evidence,221,2,False,9,111,92,0.29509873555970106,0.0033328338074216225,True,2.286168320902536,0.6393343142839567,26.479064267167423,0.6742615539009889
reliable,marked_gaussian_evidence,222,1,False,9,108,93,0.29291745117652446,0.003278886631735039,True,90.91387974963476,0.0114776007740075,0.05491960265650315,0.9033348038620005
reliable,marked_gaussian_evidence,222,2,False,9,108,93,0.29291745117652446,0.003278886631735039,True,1.0013050422555636,0.9998708361475132,38.52267211238246,0.9991603195596841
reliable,marked_gaussian_evidence,223,1,False,9,111,94,0.29252790611509605,0.0032418702369887927,True,91.77874306641736,0.01135897921459372,0.05362690795592121,0.8922318037371416
reliable,marked_gaussian_evidence,223,2,False,9,111,94,0.29252790611509605,0.0032418702369887927,True,1.0013673689028901,0.9998635928803983,39.33213102387669,0.99997619938616
reliable,marked_gaussian_evidence,224,1,False,9,110,95,0.2848559285736376,0.0031240429807380737,True,92.6537481526088,0.011235410596365392,0.048677824319571225,0.8363658548830383
reliable,marked_gaussian_evidence,224,2,False,9,110,95,0.2848559285736376,0.0031240429807380737,True,1.0012652040027803,0.9998753216286652,39.95358441337893,0.999543743350115
reliable,marked_gaussian_evidence,225,1,False,9,115,96,0.2939755515353183,0.003190769768732744,True,93.5116577981372,0.011108676423146722,0.07708579953184173,0.8844643675402317
reliable,marked_gaussian_evidence,225,2,False,9,115,96,0.2939755515353183,0.003190769768732744,True,1.0012860395737182,0.9998722437279518,40.60573753463662,0.9999698935463043
reliable,marked_gaussian_evidence,226,1,False,9,115,97,0.2961454118799654,0.00318162271269652,True,94.40792786756951,0.01099330370222557,0.03913696606826184,0.887906023183586
reliable,marked_gaussian_evidence,226,2,False,9,115,97,0.2961454118799654,0.00318162271269652,True,1.0012300492612634,0.9998786877478231,41.18557136591738,0.999878628481903
reliable,marked_gaussian_evidence,227,1,False,9,119,98,0.3058103504963453,0.003252455423567568,True,95.33646010864969,0.010880382840821223,0.057757624060808366,0.9386023921128164
reliable,marked_gaussian_evidence,227,2,False,9,119,98,0.3058103504963453,0.003252455423567568,True,1.0012168949569422,0.9998797660680838,41.79027698352538,0.9999133575633675
reliable,marked_gaussian_evidence,228,1,False,9,119,99,0.3009440964597206,0.0031682429827248953,True,96.29214577266228,0.010772006031392516,0.06676181936255454,0.8977836437672011
reliable,marked_gaussian_evidence,228,2,False,9,119,99,0.3009440964597206,0.0031682429827248953,True,1.0012218764114758,0.999879660889613,42.63896450013883,0.9998348471367496
reliable,marked_gaussian_evidence,229,1,False,9,122,100,0.3039871799411312,0.003168269489366771,True,97.27547596483353,0.010663859726079382,0.04700705094565211,0.9076830063285202
reliable,marked_gaussian_evidence,229,2,False,9,122,100,0.3039871799411312,0.003168269489366771,True,1.0012278651590074,0.9998785430455202,43.19792226310027,0.9992607397979058
reliable,marked_gaussian_evidence,230,1,False,9,123,101,0.307646169849155,0.00317420861896945,True,98.26223196608534,0.010557016357198674,0.041392668138748714,0.9203970451677072
reliable,marked_gaussian_evidence,230,2,False,9,123,101,0.307646169849155,0.00317420861896945,True,1.0013481724350453,0.9998658902709593,44.16876805321179,0.9999723647284371
reliable,marked_gaussian_evidence,231,1,False,9,127,102,0.30047032039138527,0.0030686945376361898,True,99.26721553250944,0.01045031758559022,0.049857391588657415,0.8673827989475911
reliable,marked_gaussian_evidence,231,2,False,9,127,102,0.30047032039138527,0.0030686945376361898,True,1.0012346205992664,0.9998777139049214,44.66479200985909,0.9993734754228694
reliable,marked_gaussian_evidence,232,1,False,9,126,103,0.3081721692676581,0.0031159997510459467,True,100.46265192589085,0.010338974273786225,0.05172505163700242,0.9057319570572069
reliable,marked_gaussian_evidence,232,2,False,9,126,103,0.3081721692676581,0.0031159997510459467,True,1.0013119230755332,0.999869739326612,45.50154305387202,0.999995469732715
reliable,marked_gaussian_evidence,233,1,False,9,132,104,0.3158453017691375,0.0031618992310322655,True,101.28006019289167,0.010239171088537584,0.016432032305835377,0.9419394531448849
reliable,marked_gaussian_evidence,233,2,False,9,132,104,0.3158453017691375,0.0031618992310322655,True,1.00121593954035,0.999879801236429,46.21655221139383,0.9999836342675685
reliable,marked_gaussian_evidence,234,1,False,9,130,105,0.30647443081927467,0.003037341161416596,True,102.46845840796205,0.010131688124523863,0.0373912975571454,0.8760761993349602
reliable,marked_gaussian_evidence,234,2,False,9,130,105,0.30647443081927467,0.003037341161416596,True,1.0013533132871983,0.9998692331291141,46.801397439572305,0.9999942032105886
reliable,marked_gaussian_evidence,235,1,False,8,136,106,0.3149003212480381,0.003090426379651373,True,103.47152919811741,0.010029372043027306,0.05137014095214747,0.9183420293014757
reliable,marked_gaussian_evidence,235,2,False,8,136,106,0.3149003212480381,0.003090426379651373,True,1.0011759778819747,0.9998841752000625,47.764766683824426,0.9999881802355585
reliable,marked_gaussian_evidence,236,1,False,8,138,107,0.3212195160817403,0.0031218973800960117,True,104.47036258133747,0.009930463008255157,0.058169332449503126,0.9464401158994498
reliable,marked_gaussian_evidence,236,2,False,8,138,107,0.3212195160817403,0.0031218973800960117,True,1.0012968505089022,0.9998742517646598,48.38334312141698,0.9999895101332656
reliable,marked_gaussian_evidence,237,1,False,8,140,108,0.3092408138672853,0.002976107724841275,True,105.47102013227926,0.009832973612380601,0.07113477214083058,0.8660072441953107
reliable,marked_gaussian_evidence,237,2,False,8,140,108,0.3092408138672853,0.002976107724841275,True,9.424436405193086,0.177143520861963,21.523914869425763,0.49068891614735843
reliable,marked_gaussian_evidence,238,1,False,8,139,109,0.3241792936904141,0.003090536562986133,True,106.48487199371252,0.009736098847241723,0.0722115424540299,0.9466942318269151
reliable,marked_gaussian_evidence,238,2,False,8,139,109,0.3241792936904141,0.003090536562986133,True,1.0013537762877265,0.999868876577817,49.720547627188765,0.9999797666756699
reliable,marked_gaussian_evidence,239,1,False,8,138,110,0.32320366187114,0.0030520282892797066,True,107.47986970885188,0.009643142242443352,0.07412462852478958,0.9303723107619384
reliable,marked_gaussian_evidence,239,2,False,8,138,110,0.32320366187114,0.0030520282892797066,True,9.026806821136358,0.1944740732448894,22.92486580541537,0.5278737504181947
reliable,marked_gaussian_evidence,240,1,False,8,127,111,0.3289065006063971,0.0030768842973963283,True,108.47162111511759,0.009551026870827978,0.08680447856255674,0.9555307113208387
reliable,marked_gaussian_evidence,240,2,False,8,127,111,0.3289065006063971,0.0030768842973963283,True,1.001315502818099,0.9998730478513507,51.49090653768347,0.9999878917349458
reliable,marked_gaussian_evidence_guarded_scalar,1,1,False,0,0,0,0.0,0.0,False,,,,
reliable,marked_gaussian_evidence_guarded_scalar,1,2,False,0,0,0,0.0,0.0,False,,,,
reliable,marked_gaussian_evidence_guarded_scalar,2,1,False,2,9,1,0.010208584972325912,0.010208584972325912,True,2.21867272339712,0.5833123232191996,0.06757423227289326,0.10166537826254675
reliable,marked_gaussian_evidence_guarded_scalar,2,2,False,2,9,1,0.010208584972325912,0.010208584972325912,False,,,,
reliable,marked_gaussian_evidence_guarded_scalar,3,1,False,3,19,1,0.00898572387081437,0.00898572387081437,True,3.6412339107483946,0.37003042845264034,0.07036703932767976,0.14541089494402792
reliable,marked_gaussian_evidence_guarded_scalar,3,2,False,3,19,1,0.00898572387081437,0.00898572387081437,False,,,,
reliable,marked_gaussian_evidence_guarded_scalar,4,1,False,3,25,2,0.024766740041717708,0.014622670052657853,True,5.525637142148106,0.34020534554725357,0.0560528450527953,0.3614918670434975
reliable,marked_gaussian_evidence_guarded_scalar,4,2,False,3,25,2,0.024766740041717708,0.014622670052657853,False,,,,
reliable,marked_gaussian_evidence_guarded_scalar,5,1,False,3,29,3,0.018528384130090413,0.007819780189703175,True,7.6098893248037,0.26001591375117755,0.09935741134367751,0.45842590820386053
reliable,marked_gaussian_evidence_guarded_scalar,5,2,False,3,29,3,0.01852838413009038,0.007819780189703175,False,,,,
reliable,marked_gaussian_evidence_guarded_scalar,6,1,False,4,37,4,0.03653109707199625,0.011020247122158131,True,10.475671808071928,0.16190350493198855,0.10656854480590164,0.4435241960463682
reliable,marked_gaussian_evidence_guarded_scalar,6,2,False,4,37,4,0.03653109707199625,0.011020247122158131,False,,,,
reliable,marked_gaussian_evidence_guarded_scalar,7,1,False,4,41,5,0.04648802053311989,0.012959743037440949,True,12.477357229796354,0.14536244212953148,0.05378356768864491,0.570181869260942
reliable,marked_gaussian_evidence_guarded_scalar,7,2,False,4,41,5,0.04648802053311992,0.012959743037440949,False,,,,
reliable,marked_gaussian_evidence_guarded_scalar,8,1,False,4,50,6,0.03793809598962164,0.009165588632658284,True,14.284078746809108,0.16055026281405346,0.051262000733259636,0.7723897663295707
reliable,marked_gaussian_evidence_guarded_scalar,8,2,False,4,50,6,0.03793809598962164,0.009165588632658284,True,1.736942112959666,0.8610896704668812,35.07648949985105,7.525641668240892e-12
reliable,marked_gaussian_evidence_guarded_scalar,9,1,False,5,53,7,0.05605962193261039,0.009745068972134265,True,18.625817378877613,0.09018818326821734,0.05706067093004055,0.6202137320213448
reliable,marked_gaussian_evidence_guarded_scalar,9,2,False,5,53,7,0.05605962193261039,0.009745068972134265,True,1.956666492647714,0.6042813237523099,35.64463907174475,0.002025189525026499
reliable,marked_gaussian_evidence_guarded_scalar,10,1,False,5,61,10,0.09111280030829161,0.011901395579276858,True,20.75985409336442,0.10165366543328247,0.04529137185970938,0.8406966932499799
reliable,marked_gaussian_evidence_guarded_scalar,10,2,False,5,61,10,0.09111280030829161,0.011901395579276858,True,1.7235500872745615,0.7657289207442617,35.80341075488868,0.05451998207206324
reliable,marked_gaussian_evidence_guarded_scalar,11,1,False,6,57,18,0.10743288833772598,0.008155441317432847,True,22.48910331397632,0.10641892362670345,0.11247041930649476,0.751903138717246
reliable,marked_gaussian_evidence_guarded_scalar,11,2,False,6,57,18,0.10743288833772605,0.008155441317432847,True,2.2679652507248727,0.6722255708732623,35.99589844149703,0.32485118212500125
reliable,marked_gaussian_evidence_guarded_scalar,12,1,False,6,55,22,0.17118872727100676,0.010322465724378223,True,25.23217898189788,0.07281055980117077,0.051580401947551806,0.7581281702125865
reliable,marked_gaussian_evidence_guarded_scalar,12,2,False,6,55,22,0.17118872727100676,0.010322465724378223,False,,,,
reliable,marked_gaussian_evidence_guarded_scalar,13,1,False,6,56,27,0.2004026458469521,0.009372986513191956,True,27.359614481370375,0.060521055023139016,0.03365421759250316,0.8490430488359284
reliable,marked_gaussian_evidence_guarded_scalar,13,2,False,6,56,27,0.2004026458469521,0.009372986513191956,False,,,,
reliable,marked_gaussian_evidence_guarded_scalar,14,1,False,6,55,30,0.2236743479858968,0.009245964190245516,True,29.077559108878127,0.05650471389783999,0.03193951217151648,0.8996038033169754
reliable,marked_gaussian_evidence_guarded_scalar,14,2,False,6,55,30,0.2236743479858968,0.009245964190245516,False,,,,
reliable,marked_gaussian_evidence_guarded_scalar,15,1,False,6,56,29,0.20440938759587884,0.008558121461631681,True,31.067513612831654,0.05116520108124899,0.09931305650821314,0.8553994849623165
reliable,marked_gaussian_evidence_guarded_scalar,15,2,False,6,56,29,0.20440938759587884,0.008558121461631681,False,,,,
reliable,marked_gaussian_evidence_guarded_scalar,16,1,False,6,62,29,0.1959440090772204,0.00827477574510948,True,33.29616865972661,0.04707229845396551,0.11344635573578923,0.8641110775891028
reliable,marked_gaussian_evidence_guarded_scalar,16,2,False,6,62,29,0.1959440090772204,0.00827477574510948,False,,,,
reliable,marked_gaussian_evidence_guarded_scalar,17,1,False,6,68,31,0.19952146761135656,0.008025569771075564,True,35.72772645702774,0.044025786885150735,0.03564853079705343,0.8697450568337587
reliable,marked_gaussian_evidence_guarded_scalar,17,2,False,6,68,31,0.19952146761135656,0.008025569771075564,False,,,,
reliable,marked_gaussian_evidence_guarded_scalar,18,1,False,7,73,42,0.2531058089734217,0.007410954113471701,True,38.29339397010394,0.042827152866714846,0.045649281019597344,0.8872849478692956
reliable,marked_gaussian_evidence_guarded_scalar,18,2,False,7,73,42,0.2531058089734217,0.007410954113471701,False,,,,
reliable,marked_gaussian_evidence_guarded_scalar,19,1,False,6,81,43,0.26950937098677513,0.015921068251000793,True,40.81826311952364,0.04236574247549635,0.041851459391518776,0.8204528309619952
reliable,marked_gaussian_evidence_guarded_scalar,19,2,False,6,81,43,0.26950937098677513,0.015921068251000793,False,,,,
reliable,marked_gaussian_evidence_guarded_scalar,20,1,False,6,77,40,0.29481053735128926,0.03632125111151111,True,40.4766959909383,0.08226324861013094,0.09105700630675714,0.9475486598653003
reliable,marked_gaussian_evidence_guarded_scalar,20,2,False,6,77,40,0.29481053735128976,0.03632125111151161,False,,,,
reliable,marked_gaussian_evidence_guarded_scalar,21,1,False,6,87,30,0.3049922146322502,0.06992065805294553,True,33.45601335034446,0.14301952095185502,0.09168980582450387,0.8819517416741586
reliable,marked_gaussian_evidence_guarded_scalar,21,2,False,6,87,30,0.30499221463225157,0.06992065805294645,False,,,,
reliable,marked_gaussian_evidence_guarded_scalar,22,1,False,6,78,16,0.35582414415802033,0.1278339352308767,True,22.996037192934644,0.22041731960161187,0.06143679940974246,0.9468550326141296
reliable,marked_gaussian_evidence_guarded_scalar,22,2,False,6,78,16,0.3558241441580197,0.12783393523087827,False,,,,
reliable,marked_gaussian_evidence_guarded_scalar,23,1,False,6,82,8,0.5051830263300019,0.2090052095276152,True,14.05446793605472,0.297543064998841,0.1200661223864506,0.9368717254026102
reliable,marked_gaussian_evidence_guarded_scalar,23,2,False,6,82,8,0.5051830263300043,0.20900520952761756,False,,,,
reliable,marked_gaussian_evidence_guarded_scalar,24,1,False,6,72,5,0.12073130154154824,0.05227423085164948,True,8.755676038070819,0.36169572640509745,0.04687810512051207,0.9595292315917997
reliable,marked_gaussian_evidence_guarded_scalar,24,2,False,6,72,5,0.12073130154154851,0.05227423085164948,False,,,,
reliable,marked_gaussian_evidence_guarded_scalar,25,1,False,6,74,14,0.07344707229497158,0.01570279761743494,True,24.116567908717784,0.24570846343537428,0.11109578156562097,0.8553181553953045
reliable,marked_gaussian_evidence_guarded_scalar,25,2,False,6,74,14,0.07344707229497158,0.01570279761743494,False,,,,
reliable,marked_gaussian_evidence_guarded_scalar,26,1,False,6,73,34,0.15254369843811832,0.005751002304657708,True,54.780052577035434,0.0862074921802396,0.1446768418821758,0.8818136188395319
reliable,marked_gaussian_evidence_guarded_scalar,26,2,False,6,73,34,0.15254369843811835,0.005751002304657708,False,,,,
reliable,marked_gaussian_evidence_guarded_scalar,27,1,False,6,80,58,0.28861332151100494,0.0057750687784010775,True,63.95069878436322,0.025600627371500206,0.09425574860562583,0.9092303611654003
reliable,marked_gaussian_evidence_guarded_scalar,27,2,False,6,80,58,0.28861332151100494,0.0057750687784010775,False,,,,
reliable,marked_gaussian_evidence_guarded_scalar,28,1,False,6,80,59,0.2877405456218616,0.005531320296779353,True,66.24690080176981,0.022622245891308405,0.14609414399609785,0.8541139858073018
reliable,marked_gaussian_evidence_guarded_scalar,28,2,False,6,80,59,0.2877405456218616,0.005531320296779353,False,,,,
reliable,marked_gaussian_evidence_guarded_scalar,29,1,False,5,86,70,0.34812839500276666,0.005535330948474353,True,68.87096679438996,0.020233457109331072,0.06595437955072765,0.8957954398568546
reliable,marked_gaussian_evidence_guarded_scalar,29,2,False,5,86,70,0.34812839500276666,0.005535330948474353,False,,,,
reliable,marked_gaussian_evidence_guarded_scalar,30,1,False,5,87,74,0.3530379707153479,0.0053277849599642855,True,71.66023260350309,0.018249227731764395,0.10946912424036814,0.9110048502407745
reliable,marked_gaussian_evidence_guarded_scalar,30,2,False,5,87,74,0.3530379707153479,0.0053277849599642855,False,,,,
reliable,marked_gaussian_evidence_guarded_scalar,31,1,False,6,95,76,0.3562394947043437,0.00518528637546842,True,74.48737182823582,0.016697916409052556,0.08829915880796961,0.9074860226786068
reliable,marked_gaussian_evidence_guarded_scalar,31,2,False,6,95,76,0.3562394947043437,0.00518528637546842,False,,,,
reliable,marked_gaussian_evidence_guarded_scalar,32,1,False,6,97,79,0.363231353725833,0.005062027446599978,True,77.37971917218432,0.015965142535458745,0.1276275268101563,0.8818479015092321
reliable,marked_gaussian_evidence_guarded_scalar,32,2,False,6,97,79,0.363231353725833,0.005062027446599978,False,,,,
reliable,marked_gaussian_evidence_guarded_scalar,33,1,False,6,105,82,0.37805870022725446,0.005057003599021712,True,80.40122814922917,0.01548808295396251,0.13037048703411427,0.9119397711550329
reliable,marked_gaussian_evidence_guarded_scalar,33,2,False,6,105,82,0.37805870022725446,0.005057003599021712,False,,,,
reliable,marked_gaussian_evidence_guarded_scalar,34,1,False,6,107,86,0.38651569341015873,0.004928609583736214,True,83.47433546244005,0.014923663772451206,0.06686490791099757,0.9404830968827712
reliable,marked_gaussian_evidence_guarded_scalar,34,2,False,6,107,86,0.38651569341015873,0.004928609583736214,False,,,,
reliable,marked_gaussian_evidence_guarded_scalar,35,1,False,6,115,88,0.3819007308758033,0.004723392845300592,True,86.45031898458934,0.014273365383516291,0.07119023561182705,0.8752341060000192
reliable,marked_gaussian_evidence_guarded_scalar,35,2,False,6,115,88,0.3819007308758033,0.004723392845300592,False,,,,
reliable,marked_gaussian_evidence_guarded_scalar,36,1,False,7,111,91,0.39270245294030603,0.0046845603716313125,True,89.48460428188194,0.01357959169133438,0.06371735568738825,0.9113585268950493
reliable,marked_gaussian_evidence_guarded_scalar,36,2,False,7,111,91,0.39270245294030603,0.0046845603716313125,False,,,,
reliable,marked_gaussian_evidence_guarded_scalar,37,1,False,7,115,94,0.4126288890580353,0.004752410109124083,True,92.28605910970626,0.012925915794623832,0.09117330618167116,0.9549359875995012
reliable,marked_gaussian_evidence_guarded_scalar,37,2,False,7,115,94,0.4126288890580353,0.004752410109124083,False,,,,
reliable,marked_gaussian_evidence_guarded_scalar,38,1,False,7,114,97,0.40792401978936277,0.004541609458890901,True,95.15415953825601,0.012302518489272642,0.11920467821727368,0.9170960485458285
reliable,marked_gaussian_evidence_guarded_scalar,38,2,False,7,114,97,0.40792401978936277,0.004541609458890901,False,,,,
reliable,marked_gaussian_evidence_guarded_scalar,39,1,False,7,121,99,0.41520116844527616,0.004494356587065368,True,97.95682034895488,0.01173492308292887,0.13080897192112637,0.9201377926388872
reliable,marked_gaussian_evidence_guarded_scalar,39,2,False,7,121,99,0.41520116844527616,0.004494356587065368,False,,,,
reliable,marked_gaussian_evidence_guarded_scalar,40,1,False,7,120,102,0.4297658026285651,0.004509886903586017,True,100.83384107728682,0.011325201155839036,0.08858551246905268,0.9420772832681534
reliable,marked_gaussian_evidence_guarded_scalar,40,2,False,7,120,102,0.4297658026285651,0.004509886903586017,False,,,,
reliable,marked_gaussian_evidence_guarded_scalar,41,1,False,7,127,105,0.4196609225435523,0.004275132353674929,True,103.77224887323324,0.011024616210011896,0.07037480290136493,0.8950746545679922
reliable,marked_gaussian_evidence_guarded_scalar,41,2,False,7,127,105,0.4196609225435523,0.004275132353674929,False,,,,
reliable,marked_gaussian_evidence_guarded_scalar,42,1,False,7,126,108,0.4327973325089252,0.0042804833809659245,True,106.67800783548947,0.010731079404188602,0.1352366596943447,0.9086107970006453
reliable,marked_gaussian_evidence_guarded_scalar,42,2,False,7,126,108,0.4327973325089252,0.0042804833809659245,False,,,,
reliable,marked_gaussian_evidence_guarded_scalar,43,1,False,7,135,111,0.4491462632540384,0.004317276308430287,True,109.6839145150312,0.010428945699459203,0.0833394835762643,0.9303544206816275
reliable,marked_gaussian_evidence_guarded_scalar,43,2,False,7,135,111,0.4491462632540384,0.004317276308430287,True,1.0049955401662716,0.9994091392325198,54.83688755796934,8.194074835264723e-46
reliable,marked_gaussian_evidence_guarded_scalar,44,1,False,7,133,115,0.4566936197776061,0.004244965794587489,True,112.69793584516032,0.01016001121490798,0.07579585839954701,0.9497832851852575
reliable,marked_gaussian_evidence_guarded_scalar,44,2,False,7,133,115,0.4566936197776061,0.004244965794587489,False,,,,
reliable,marked_gaussian_evidence_guarded_scalar,45,1,False,7,143,117,0.4587264984278499,0.004172370650794617,True,115.66198772633282,0.009900906032960245,0.07599994338219847,0.9592490725557623
reliable,marked_gaussian_evidence_guarded_scalar,45,2,False,7,143,117,0.4587264984278499,0.004172370650794617,False,,,,
reliable,marked_gaussian_evidence_guarded_scalar,46,1,False,7,142,120,0.46515963280665623,0.004119835138096473,True,118.63186544523053,0.0096284756515552,0.05281856519235835,0.9348724516772171
reliable,marked_gaussian_evidence_guarded_scalar,46,2,False,7,142,120,0.46515963280665623,0.004119835138096473,False,,,,
reliable,marked_gaussian_evidence_guarded_scalar,47,1,False,7,151,123,0.4779159909013691,0.004125140159427289,True,121.65716126864567,0.009361148455434332,0.03337188178640938,0.9247725638824151
reliable,marked_gaussian_evidence_guarded_scalar,47,2,False,7,151,123,0.4779159909013691,0.004125140159427289,False,,,,
reliable,marked_gaussian_evidence_guarded_scalar,48,1,False,7,150,126,0.4715381630393879,0.003967431469721413,True,124.7005237697122,0.009119094676890782,0.054656727329486246,0.9187872163840458
reliable,marked_gaussian_evidence_guarded_scalar,48,2,False,7,150,126,0.4715381630393879,0.003967431469721413,False,,,,
reliable,marked_gaussian_evidence_guarded_scalar,49,1,False,7,159,130,0.4944759845275895,0.004039368980803368,True,127.69379188243364,0.008908397103367697,0.0581685833824595,0.9650404404847812
reliable,marked_gaussian_evidence_guarded_scalar,49,2,False,7,159,130,0.4944759845275895,0.004039368980803368,False,,,,
reliable,marked_gaussian_evidence_guarded_scalar,50,1,False,7,157,132,0.486170591131473,0.0038945559758007285,True,130.6940470390369,0.00869288983485093,0.13003677900754507,0.9079533421663473
reliable,marked_gaussian_evidence_guarded_scalar,50,2,False,7,157,132,0.486170591131473,0.0038945559758007285,True,1.0000000000000007,1.0,66.29367577706189,7.024988909586539e-73
reliable,marked_gaussian_evidence_guarded_scalar,51,1,False,7,168,135,0.5003943301847232,0.003914453505883432,True,133.702896119606,0.008498862005350766,0.08924475283613055,0.9440338448646607
reliable,marked_gaussian_evidence_guarded_scalar,51,2,False,7,168,135,0.5003943301847232,0.003914453505883432,False,,,,
reliable,marked_gaussian_evidence_guarded_scalar,52,1,False,7,165,138,0.5025878083183596,0.0038417195401865014,True,136.687136691491,0.008299051635177697,0.04546557902497019,0.9333135951833818
reliable,marked_gaussian_evidence_guarded_scalar,52,2,False,7,165,138,0.5025878083183596,0.0038417195401865014,False,,,,
reliable,marked_gaussian_evidence_guarded_scalar,53,1,False,8,160,141,0.507263776547988,0.0037903092697768015,True,139.68806020331758,0.008106123254125993,0.06837284706978408,0.9285307819288116
reliable,marked_gaussian_evidence_guarded_scalar,53,2,False,8,160,141,0.507263776547988,0.0037903092697768015,False,,,,
reliable,marked_gaussian_evidence_guarded_scalar,54,1,False,8,160,144,0.5148643690528204,0.0037628032789787723,True,142.76219869423232,0.007923753879673355,0.04155659970176547,0.9524901805231455
reliable,marked_gaussian_evidence_guarded_scalar,54,2,False,8,160,144,0.5148643690528204,0.0037628032789787723,False,,,,
reliable,marked_gaussian_evidence_guarded_scalar,55,1,False,8,169,147,0.5282245807312898,0.003778582253464239,True,145.7134189818901,0.007743904749853567,0.07864627236752818,0.955022473049902
reliable,marked_gaussian_evidence_guarded_scalar,55,2,False,8,169,147,0.5282245807312898,0.003778582253464239,False,,,,
reliable,marked_gaussian_evidence_guarded_scalar,56,1,False,8,168,150,0.5314838601106151,0.0037219835472220844,True,148.71251486694536,0.007565251906158739,0.08208080467486802,0.9669152158033107
reliable,marked_gaussian_evidence_guarded_scalar,56,2,False,8,168,150,0.5314838601106151,0.0037219835472220844,False,,,,
reliable,marked_gaussian_evidence_guarded_scalar,57,1,False,8,175,153,0.5277308834382427,0.003619559897782755,True,151.69927929428616,0.007398773235980487,0.09887432377805208,0.9453008724883951
reliable,marked_gaussian_evidence_guarded_scalar,57,2,False,8,175,153,0.5277308834382427,0.003619559897782755,False,,,,
reliable,marked_gaussian_evidence_guarded_scalar,58,1,False,7,177,156,0.5427379468658524,0.0036475901292143866,True,154.69125594068953,0.007257566776904298,0.039719495252907425,0.9640852886228368
reliable,marked_gaussian_evidence_guarded_scalar,58,2,False,7,177,156,0.5427379468658524,0.0036475901292143866,True,1.00000000000023,0.9999999999999934,32.641485575489284,8.475411676549203e-24
reliable,marked_gaussian_evidence_guarded_scalar,59,1,False,7,184,159,0.5384843332710793,0.0035475319933061245,True,157.69608316132587,0.007117291664781305,0.0830707168783325,0.9266849601131162
reliable,marked_gaussian_evidence_guarded_scalar,59,2,False,7,184,159,0.5384843332710793,0.0035475319933061245,True,1.0,1.0,32.593402563315735,0.08845372259400568
reliable,marked_gaussian_evidence_guarded_scalar,60,1,False,7,187,162,0.547315767275533,0.0035362462309173792,True,160.72723603065947,0.0069701115149705,0.07681619984072663,0.9719753832416171
reliable,marked_gaussian_evidence_guarded_scalar,60,2,False,7,187,162,0.547315767275533,0.0035362462309173792,True,1.6695752554411574,0.7910446787232472,32.43225471951759,0.22120713105452805
reliable,marked_gaussian_evidence_guarded_scalar,61,1,False,7,185,165,0.5495665690511753,0.003482915818373048,True,163.75312234314217,0.006833177823794251,0.04629540010971166,0.92283377902975
reliable,marked_gaussian_evidence_guarded_scalar,61,2,False,7,185,165,0.5495665690511753,0.003482915818373048,True,2.4025011856611735,0.6309640605377137,32.3352049730279,0.47356378777104224
reliable,marked_gaussian_evidence_guarded_scalar,62,1,False,7,189,168,0.5500773269558477,0.0034210230776600104,True,166.77409200360094,0.00669409819293412,0.0820008669988391,0.9460972648518368
reliable,marked_gaussian_evidence_guarded_scalar,62,2,False,7,189,168,0.5500773269558477,0.0034210230776600104,True,3.5229403953357243,0.4260449030555433,32.270453544530376,0.623857077891886
reliable,marked_gaussian_evidence_guarded_scalar,63,1,False,7,194,171,0.5658480034116338,0.003454591726575861,True,169.53218931964446,0.006590205683881698,0.060304704569526225,0.9564330144592674
reliable,marked_gaussian_evidence_guarded_scalar,63,2,False,7,194,171,0.5658480034116338,0.003454591726575861,True,4.014072186861052,0.43147333535148347,32.26200262235368,0.6758555262332006
reliable,marked_gaussian_evidence_guarded_scalar,64,1,False,7,201,174,0.5628299455825809,0.003374985650871485,True,172.4704215391918,0.006472965927965988,0.0795192752049788,0.9227676520324503
reliable,marked_gaussian_evidence_guarded_scalar,64,2,False,7,201,174,0.5628299455825809,0.003374985650871485,True,5.1622484781484825,0.2934536243681117,32.24008665436323,0.442324134405412
reliable,marked_gaussian_evidence_guarded_scalar,65,1,False,7,205,176,0.5704897029699922,0.0033692576468273305,True,175.34677432399388,0.006355310493767743,0.08209555183358459,0.9149832062589358
reliable,marked_gaussian_evidence_guarded_scalar,65,2,False,7,205,176,0.5704897029699922,0.0033692576468273305,True,5.646336758405618,0.27807688086088406,32.10116601583492,0.6395125482082638
reliable,marked_gaussian_evidence_guarded_scalar,66,1,False,7,211,179,0.5868747327245517,0.0034076129238830694,True,178.0005656970119,0.0062290397668510475,0.06599980548507882,0.9432283253284255
reliable,marked_gaussian_evidence_guarded_scalar,66,2,False,7,211,179,0.5868747327245517,0.0034076129238830694,True,6.8330828856830745,0.22624351403725013,31.943306649089752,0.6981664160645182
reliable,marked_gaussian_evidence_guarded_scalar,67,1,False,7,215,182,0.5856507785954369,0.003344182623418595,True,180.85975625027126,0.006121572980295737,0.04927572298403228,0.8969479639451595
reliable,marked_gaussian_evidence_guarded_scalar,67,2,False,7,215,182,0.5856507785954369,0.003344182623418595,True,7.20859484703257,0.24173854647315782,32.058025496969925,0.5913775896965179
reliable,marked_gaussian_evidence_guarded_scalar,68,1,False,7,220,184,0.592963029225007,0.003338241705978553,True,183.74032555482768,0.006023673653453841,0.0349348153204243,0.9274264240413013
reliable,marked_gaussian_evidence_guarded_scalar,68,2,False,7,220,184,0.592963029225007,0.003338241705978553,True,8.705066271489981,0.20639791569044202,31.767677130348332,0.8027066905563223
reliable,marked_gaussian_evidence_guarded_scalar,69,1,False,7,226,187,0.596524556878582,0.0033061202093591525,True,186.76957003665262,0.005927411378570539,0.048842939611930904,0.9110219450790263
reliable,marked_gaussian_evidence_guarded_scalar,69,2,False,7,226,187,0.596524556878582,0.0033061202093591525,True,9.186838498658558,0.1694247591121249,31.773103596231277,0.8741612329081301
reliable,marked_gaussian_evidence_guarded_scalar,70,1,False,7,229,190,0.6039473002737981,0.0032951321415602714,True,189.68411122917666,0.0058432342427775265,0.040988381890688735,0.9278220017357064
reliable,marked_gaussian_evidence_guarded_scalar,70,2,False,7,229,190,0.6039473002737981,0.0032951321415602714,True,9.758430126088095,0.19261540844105074,31.716923557479213,0.8021384832212151
reliable,marked_gaussian_evidence_guarded_scalar,71,1,False,7,237,193,0.6091132367028473,0.0032726213088112724,True,192.56598195006654,0.005753631543357284,0.07970625736675815,0.9344676696158052
reliable,marked_gaussian_evidence_guarded_scalar,71,2,False,7,237,193,0.6091132367028473,0.0032726213088112724,True,11.281597996797732,0.1398590565171871,31.722093907388395,0.9448645914944148
reliable,marked_gaussian_evidence_guarded_scalar,72,1,False,8,240,196,0.6205712547950393,0.0032828942132279056,True,195.57538292025944,0.00567400867976127,0.09955328073333283,0.9581886568611175
reliable,marked_gaussian_evidence_guarded_scalar,72,2,False,8,240,196,0.6205712547950393,0.0032828942132279056,True,11.86233951985534,0.1206148341822157,31.690189526503122,0.9794878397356718
reliable,marked_gaussian_evidence_guarded_scalar,73,1,False,8,246,199,0.6059979392754999,0.003157753278267729,True,198.37896020566623,0.005600523888844631,0.042233186738611615,0.8528168231149085
reliable,marked_gaussian_evidence_guarded_scalar,73,2,False,8,246,199,0.6059979392754999,0.003157753278267729,True,12.784612214848435,0.1122381955179308,31.607370832779715,0.9507917761284248
reliable,marked_gaussian_evidence_guarded_scalar,74,1,False,8,252,203,0.6204823749205116,0.003178942477622953,True,201.72639798322336,0.005514115014941619,0.047087991380743204,0.906934729905736
reliable,marked_gaussian_evidence_guarded_scalar,74,2,False,8,252,203,0.6204823749205116,0.003178942477622953,True,13.46122794486347,0.10542037403746189,31.508568426791683,0.9548155222296401
reliable,marked_gaussian_evidence_guarded_scalar,75,1,False,8,258,206,0.618376746852983,0.0031209374266408982,True,205.11268658880218,0.005437140079085494,0.05412117733474206,0.8811608921325003
reliable,marked_gaussian_evidence_guarded_scalar,75,2,False,8,258,206,0.618376746852983,0.0031209374266408982,True,14.3147928375784,0.09826930762325126,31.472848442884164,0.9479871958249734
reliable,marked_gaussian_evidence_guarded_scalar,76,1,False,9,261,210,0.6206328788108115,0.0030785478468165857,True,208.665049823426,0.005347964483854065,0.06050622674186132,0.8980508286144302
reliable,marked_gaussian_evidence_guarded_scalar,76,2,False,9,261,210,0.6206328788108115,0.0030785478468165857,True,15.246274467259342,0.08822413619516205,31.400538804888537,0.9713470521787873
reliable,marked_gaussian_evidence_guarded_scalar,77,1,False,8,248,214,0.6223850822808015,0.0030345411237813597,True,212.352577622685,0.005272813447579808,0.05918060669807441,0.8746525775425649
reliable,marked_gaussian_evidence_guarded_scalar,77,2,False,8,248,214,0.6223850822808015,0.0030345411237813597,True,2.883004995165671,0.6170384519042301,40.117099119661724,0.7384854194745439
reliable,marked_gaussian_evidence_guarded_scalar,78,1,False,8,246,218,0.6252068145642258,0.0029953130194747867,True,215.1545516074284,0.005183754933405989,0.06272869970874015,0.8923667107227564
reliable,marked_gaussian_evidence_guarded_scalar,78,2,False,8,246,218,0.6252068145642258,0.0029953130194747867,True,1.000000908695639,0.9999999489208282,31.115789584391614,1.7456796779671108e-21
reliable,marked_gaussian_evidence_guarded_scalar,79,1,False,8,245,221,0.6305284066993262,0.002971199034417314,True,218.26804040845468,0.0050878808828637954,0.07063913026894945,0.9134873829065178
reliable,marked_gaussian_evidence_guarded_scalar,79,2,False,8,245,221,0.6305284066993262,0.002971199034417314,False,,,,
reliable,marked_gaussian_evidence_guarded_scalar,80,1,False,7,248,223,0.6177866510451115,0.0028759371502307908,True,221.01132044919382,0.005019145504972972,0.089886470798468,0.8218179103280732
reliable,marked_gaussian_evidence_guarded_scalar,80,2,False,7,248,223,0.6177866510451115,0.0028759371502307908,False,,,,
reliable,marked_gaussian_evidence_guarded_scalar,81,1,False,7,253,225,0.6379424243087537,0.002932458107021326,True,224.08150765503805,0.004925158414507633,0.09683389666624291,0.8806703187796948
reliable,marked_gaussian_evidence_guarded_scalar,81,2,False,7,253,225,0.6379424243087537,0.002932458107021326,True,1.0000000000028584,0.9999999999999098,30.75079573750311,5.108674835375988e-20
reliable,marked_gaussian_evidence_guarded_scalar,82,1,False,8,255,228,0.6403355274083781,0.0029021740950085128,True,227.04570233194946,0.004856482011693084,0.05456438340554461,0.8763694699273263
reliable,marked_gaussian_evidence_guarded_scalar,82,2,False,8,255,228,0.6403355274083781,0.0029021740950085128,False,,,,
reliable,marked_gaussian_evidence_guarded_scalar,83,1,False,8,263,231,0.6472503926213159,0.002893421536871194,True,229.9237141871955,0.004788944084149113,0.10988162286020166,0.9403868014344894
reliable,marked_gaussian_evidence_guarded_scalar,83,2,False,8,263,231,0.6472503926213159,0.002893421536871194,True,1.2237223989720925,0.9513944324619044,39.147150548792176,2.368780610673102e-10
reliable,marked_gaussian_evidence_guarded_scalar,84,1,False,8,258,234,0.652338198476565,0.0028781477266230826,True,232.72937583323835,0.0047309317988667365,0.09778786706145108,0.904525155894199
reliable,marked_gaussian_evidence_guarded_scalar,84,2,False,8,258,234,0.652338198476565,0.0028781477266230826,False,,,,
reliable,marked_gaussian_evidence_guarded_scalar,85,1,False,8,259,237,0.6757744105305075,0.002943540332384418,True,235.63860368284534,0.004674592302032613,0.06426381982018775,0.9772731635130606
reliable,marked_gaussian_evidence_guarded_scalar,85,2,False,8,259,237,0.6757744105305075,0.002943540332384418,False,,,,
reliable,marked_gaussian_evidence_guarded_scalar,86,1,False,8,261,240,0.6681332191310128,0.0028732031063285323,True,238.5151058723948,0.004599076306661372,0.08472257983545375,0.9337570548362364
reliable,marked_gaussian_evidence_guarded_scalar,86,2,False,8,261,240,0.6681332191310128,0.0028732031063285323,False,,,,
reliable,marked_gaussian_evidence_guarded_scalar,87,1,False,8,264,243,0.6494419966980463,0.0027573977133824186,True,241.52527720168464,0.004548910489308632,0.08195296594854169,0.8930466374524688
reliable,marked_gaussian_evidence_guarded_scalar,87,2,False,8,264,243,0.6494419966980463,0.0027573977133824186,False,,,,
reliable,marked_gaussian_evidence_guarded_scalar,88,1,False,8,267,246,0.6524492747214543,0.0027361338886639076,True,244.48815096200792,0.00448729821939468,0.08739144764921328,0.8849967137916943
reliable,marked_gaussian_evidence_guarded_scalar,88,2,False,8,267,246,0.6524492747214543,0.0027361338886639076,True,1.0000000031247558,0.9999999998721817,30.441956274636272,3.7873132473836215e-22
reliable,marked_gaussian_evidence_guarded_scalar,89,1,False,8,266,249,0.4627594823697384,0.0019987261127784664,True,247.5191332434161,0.0044320700761041444,0.07896311212900294,0.8018955313820244
reliable,marked_gaussian_evidence_guarded_scalar,89,2,False,8,266,249,0.4627594823697384,0.0019987261127784664,False,,,,
reliable,marked_gaussian_evidence_guarded_scalar,90,1,False,8,266,247,0.4628913665678058,0.0019596202314812313,True,246.09100368373194,0.004388952668372773,0.07416026837806886,0.8301037752041471
reliable,marked_gaussian_evidence_guarded_scalar,90,2,False,8,266,247,0.4628913665678058,0.0019596202314812313,True,1.892598549856586,0.6645799562739186,32.05388853703006,0.0013953945414498107
reliable,marked_gaussian_evidence_guarded_scalar,91,1,False,8,262,246,0.48830811749001823,0.00204735516187821,True,245.26835978171383,0.004295110181675073,0.0642205263939614,0.9298199573698931
reliable,marked_gaussian_evidence_guarded_scalar,91,2,False,8,262,246,0.48830811749001823,0.00204735516187821,True,1.3490626710643843,0.9295273977750655,31.88531971379977,0.03253093698332887
reliable,marked_gaussian_evidence_guarded_scalar,92,1,False,8,266,244,0.5301998964487046,0.0022140234035923044,True,245.1882529221063,0.004234618174674791,0.054113951884488136,0.9611733181259654
reliable,marked_gaussian_evidence_guarded_scalar,92,2,False,8,266,244,0.5301998964487046,0.0022140234035923044,True,1.1660960488797865,0.964411453157713,31.636080327321533,0.036604344403521505
reliable,marked_gaussian_evidence_guarded_scalar,93,1,False,8,270,243,0.5646381040669086,0.002353192037983518,True,247.70302152016097,0.004178384956002721,0.05445279724919179,0.9481841343039458
reliable,marked_gaussian_evidence_guarded_scalar,93,2,False,8,270,243,0.5646381040669086,0.002353192037983518,True,1.1335202219340945,0.9726718971163504,31.347511980690964,0.11221492324538494
reliable,marked_gaussian_evidence_guarded_scalar,94,1,False,8,269,250,0.48319816237424656,0.0019744820050015895,True,249.97045668286418,0.004165121121892429,0.07796268354325396,0.8798384326796131
reliable,marked_gaussian_evidence_guarded_scalar,94,2,False,8,269,250,0.48319816237424656,0.0019744820050015895,True,1.0000246956600836,0.9999982709973797,30.7831349125223,0.00011079542951774353
reliable,marked_gaussian_evidence_guarded_scalar,95,1,False,8,270,245,0.5527244053534941,0.0022716658513687944,True,247.99994061989042,0.004175278237085311,0.08441973851349295,0.9635708055772108
reliable,marked_gaussian_evidence_guarded_scalar,95,2,False,8,270,245,0.5527244053534941,0.0022716658513687944,True,2.6775029241902346,0.47060944597383103,30.602051906893415,0.06435755022926558
reliable,marked_gaussian_evidence_guarded_scalar,96,1,False,8,272,244,0.5917024901796468,0.0027523711787807844,True,250.43759687150884,0.004197233208637117,0.040618386094781356,0.9437967891227979
reliable,marked_gaussian_evidence_guarded_scalar,96,2,False,8,272,244,0.5917024901796468,0.0027523711787807844,True,1.8521405010968066,0.7342716345529481,30.258975680107575,0.08111598400901053
reliable,marked_gaussian_evidence_guarded_scalar,97,1,False,8,271,253,0.487243951134802,0.0020022993220251374,True,253.32571640489297,0.00426280970122626,0.041476966417009195,0.8843812517283978
reliable,marked_gaussian_evidence_guarded_scalar,97,2,False,8,271,253,0.487243951134802,0.0020022993220251374,True,1.1858111453220366,0.9654627263520608,29.982045133464638,0.010716334123840234
reliable,marked_gaussian_evidence_guarded_scalar,98,1,False,8,274,251,0.5746510212058478,0.0023190231304407263,True,250.92818303174974,0.0042519599313511555,0.0951229083917213,0.9117953037328389
reliable,marked_gaussian_evidence_guarded_scalar,98,2,False,8,274,251,0.5746510212058478,0.0023190231304407263,True,1.1641280096502284,0.9649222362080824,29.802164772458756,0.01520217381758421
reliable,marked_gaussian_evidence_guarded_scalar,99,1,False,8,277,247,0.6207343597876387,0.00266164960748514,True,253.7492488831425,0.004217231557078258,0.044937956344475075,0.9467356438055181
reliable,marked_gaussian_evidence_guarded_scalar,99,2,False,8,277,247,0.6207343597876387,0.00266164960748514,True,1.3666214072276088,0.9057148457786176,37.43796145220059,0.0011558090368147707
reliable,marked_gaussian_evidence_guarded_scalar,100,1,False,8,283,247,0.6447963015390938,0.0026557738578569918,True,256.7396333693655,0.004218183406293504,0.04982663915443186,0.957493402173423
reliable,marked_gaussian_evidence_guarded_scalar,100,2,False,8,283,247,0.6447963015390938,0.0026557738578569918,True,1.1382525904612508,0.9748850754152758,37.03838277142777,0.034869658276118244
reliable,marked_gaussian_evidence_guarded_scalar,101,1,False,8,284,250,0.6635160857935625,0.002684939872383433,True,259.89731409227807,0.004192851073134696,0.01459123017618354,0.9281996737912251
reliable,marked_gaussian_evidence_guarded_scalar,101,2,False,8,284,250,0.6635160857935625,0.002684939872383433,True,1.0215669947284332,0.9971907722761697,36.55566614307732,0.03565931062925596
reliable,marked_gaussian_evidence_guarded_scalar,102,1,False,8,288,265,0.489737000281001,0.002027800830362202,True,263.2344581477252,0.004129372131675363,0.0612702434879851,0.842280504534277
reliable,marked_gaussian_evidence_guarded_scalar,102,2,False,8,288,265,0.489737000281001,0.002027800830362202,True,1.0036563527038447,0.9995917503255168,37.0280922826782,0.02630397291392978
reliable,marked_gaussian_evidence_guarded_scalar,103,1,False,8,287,264,0.6394324160473965,0.00248777154437267,True,262.3075297965724,0.004090649268419828,0.03749735343735392,0.9819705011264288
reliable,marked_gaussian_evidence_guarded_scalar,103,2,False,8,287,264,0.6394324160473965,0.00248777154437267,False,,,,
reliable,marked_gaussian_evidence_guarded_scalar,104,1,False,8,294,261,0.6401026004055815,0.0024925325385092086,True,264.7844704954491,0.004343811563877339,0.05698818335245788,0.8559125369565573
reliable,marked_gaussian_evidence_guarded_scalar,104,2,False,8,294,261,0.6401026004055815,0.0024925325385092086,False,,,,
reliable,marked_gaussian_evidence_guarded_scalar,105,1,False,7,295,270,0.5192154491850585,0.002157490954265596,True,267.99804361752797,0.004704782599655798,0.05239452243633204,0.9400024925864999
reliable,marked_gaussian_evidence_guarded_scalar,105,2,False,7,295,270,0.5192154491850585,0.002157490954265596,False,,,,
reliable,marked_gaussian_evidence_guarded_scalar,106,1,False,7,293,265,0.4941312695407155,0.002044471457805358,True,267.22709059714094,0.004513401616371509,0.0719553852227941,0.8778568661919408
reliable,marked_gaussian_evidence_guarded_scalar,106,2,False,7,293,265,0.4941312695407155,0.002044471457805358,False,,,,
reliable,marked_gaussian_evidence_guarded_scalar,107,1,False,6,284,264,0.5706525482665127,0.0021978856507524906,True,264.73620518378556,0.004182789515947139,0.0510837335245769,0.9463269910485627
reliable,marked_gaussian_evidence_guarded_scalar,107,2,False,6,284,264,0.5706525482665127,0.0021978856507524906,False,,,,
reliable,marked_gaussian_evidence_guarded_scalar,108,1,False,6,286,263,0.5906395314851007,0.002272297081174697,True,267.1581335936071,0.004108034751359892,0.021879969483652523,0.8777749414786079
reliable,marked_gaussian_evidence_guarded_scalar,108,2,False,6,286,263,0.5906395314851007,0.002272297081174697,False,,,,
reliable,marked_gaussian_evidence_guarded_scalar,109,1,False,6,287,262,0.6560356377147456,0.002654525090753492,True,269.59615574344326,0.0043618692178898156,0.045280644753644225,0.9002086423749384
reliable,marked_gaussian_evidence_guarded_scalar,109,2,False,6,287,262,0.6560356377147456,0.002654525090753492,False,,,,
reliable,marked_gaussian_evidence_guarded_scalar,110,1,False,6,292,262,0.6792618178020055,0.002611095455479513,True,272.20040680598015,0.004733769495906953,0.038825024169705465,0.9080826792352141
reliable,marked_gaussian_evidence_guarded_scalar,110,2,False,6,292,262,0.6792618178020055,0.002611095455479513,True,1.0000005469522788,0.9999999701567193,28.086867842343377,0.0002530094176656982
reliable,marked_gaussian_evidence_guarded_scalar,111,1,False,6,292,272,0.6968837084200508,0.0026048252159421503,True,274.97231058221445,0.005228751326244089,0.05057140941230824,0.9311918546455371
reliable,marked_gaussian_evidence_guarded_scalar,111,2,False,6,292,272,0.6968837084200508,0.0026048252159421503,True,1.064197951487252,0.9886265639783622,26.48790250405761,0.003387170771320287
reliable,marked_gaussian_evidence_guarded_scalar,112,1,False,6,299,276,0.6761185225891853,0.00253595313388571,True,277.35079190146246,0.005539793022806689,0.04904137301125394,0.8532337092384075
reliable,marked_gaussian_evidence_guarded_scalar,112,2,False,6,299,276,0.6761185225891853,0.00253595313388571,True,1.321320153514301,0.9409385421942766,27.422584183486848,0.005037318747693545
reliable,marked_gaussian_evidence_guarded_scalar,113,1,False,6,300,280,0.6953747752219075,0.002632369133042958,True,280.3885017633379,0.005522005428496794,0.06875918499295304,0.9187559288537793
reliable,marked_gaussian_evidence_guarded_scalar,113,2,False,6,300,280,0.6953747752219075,0.002632369133042958,True,2.6888797500677386,0.6302667495824806,27.209184340531873,0.13106940174288842
reliable,marked_gaussian_evidence_guarded_scalar,114,1,False,6,308,284,0.7029914391474881,0.002639181488488947,True,283.37456280858913,0.005333836095766936,0.07189153767717339,0.9318477122269597
reliable,marked_gaussian_evidence_guarded_scalar,114,2,False,6,308,284,0.7029914391474881,0.002639181488488947,True,2.602706521074821,0.6912141209821611,27.009404979788208,0.7719961965278717
reliable,marked_gaussian_evidence_guarded_scalar,115,1,False,6,310,286,0.7017636251220623,0.0025764166067989034,True,286.3010495824615,0.0050853857729077565,0.08584352655279938,0.8454649736662554
reliable,marked_gaussian_evidence_guarded_scalar,115,2,False,6,310,286,0.7017636251220623,0.0025764166067989034,True,4.10863279555214,0.5571349519685186,27.036502130402436,0.7225702834448736
reliable,marked_gaussian_evidence_guarded_scalar,116,1,False,6,316,289,0.6858155935517888,0.002466265015239613,True,288.7490683199222,0.004752063774633902,0.06237627225631114,0.7530414548222408
reliable,marked_gaussian_evidence_guarded_scalar,116,2,False,6,316,289,0.6858155935517888,0.002466265015239613,True,6.807767306528377,0.23962051068695134,26.885216517387924,0.8119111691227514
reliable,marked_gaussian_evidence_guarded_scalar,117,1,False,6,313,292,0.7097572568761042,0.0025410570497717065,True,291.1916304026945,0.00442770769473018,0.046204382595739536,0.8760842914307017
reliable,marked_gaussian_evidence_guarded_scalar,117,2,False,6,313,292,0.7097572568761042,0.0025410570497717065,True,7.611511572792598,0.27074628252804817,26.819649921034678,0.8660612709657906
reliable,marked_gaussian_evidence_guarded_scalar,118,1,False,6,318,296,0.5111901160036301,0.001992323333554707,True,293.40319339468857,0.004574411769581633,0.08009353867312048,0.8151740056000016
reliable,marked_gaussian_evidence_guarded_scalar,118,2,False,6,318,296,0.5111901160036301,0.001992323333554707,True,7.80382596852034,0.28505666684481895,26.636313159231786,0.7633025220291673
reliable,marked_gaussian_evidence_guarded_scalar,119,1,False,6,312,292,0.5042786833075396,0.0019429521003061165,True,293.50720843176873,0.00431870141487741,0.0614665593688981,0.8277466385331734
reliable,marked_gaussian_evidence_guarded_scalar,119,2,False,6,312,292,0.5042786833075396,0.0019429521003061165,True,1.0108511220876673,0.9987243473066214,9.807268694382405,0.8793329956906464
reliable,marked_gaussian_evidence_guarded_scalar,120,1,False,6,313,290,0.6146275636364874,0.0022237214960653304,True,290.9685283328168,0.0038596163779997267,0.07214371370798427,0.9341878532687559
reliable,marked_gaussian_evidence_guarded_scalar,120,2,False,6,313,290,0.6146275636364874,0.0022237214960653304,True,1.026963618325086,0.9959168840364441,9.762092159306667,0.9210564207865868
reliable,marked_gaussian_evidence_guarded_scalar,121,1,False,6,315,290,0.644081433236113,0.0023023925981948577,True,293.0789924796816,0.0037348076658638035,0.07254837022456813,0.8830425799330011
reliable,marked_gaussian_evidence_guarded_scalar,121,2,False,6,315,290,0.644081433236113,0.0023023925981948577,True,1.0141210439826662,0.9982398059751516,9.721748538037938,0.9600782934706068
reliable,marked_gaussian_evidence_guarded_scalar,122,1,False,6,318,0,0.0,0.0,True,296.44373201299015,0.00554344639090226,3.483331537044233,0.7019661537166626
reliable,marked_gaussian_evidence_guarded_scalar,122,2,False,6,318,0,0.0,0.0,True,1.007659619105622,0.9991370495401467,9.69554672988585,0.995850952551265
reliable,marked_gaussian_evidence_guarded_scalar,123,1,False,7,316,1,0.003058738448918177,0.003058738448918177,True,295.09103040179616,0.011004183048367517,0.08303720827616741,0.49776944613073704
reliable,marked_gaussian_evidence_guarded_scalar,123,2,False,7,316,1,0.003058738448918177,0.003058738448918177,True,295.7727971738644,0.004620043049409544,4.009254279345464,0.9585150091997863
reliable,marked_gaussian_evidence_guarded_scalar,124,1,False,7,317,3,0.007312461613243925,0.0027913514979137862,True,291.33073035249146,0.018737791540950267,0.05159638179157058,0.5885132240945061
reliable,marked_gaussian_evidence_guarded_scalar,124,2,False,7,317,3,0.007312461613243925,0.0027913514979137862,True,281.7901758092189,0.036656479106669616,3.932953547494068,0.9986676783967215
reliable,marked_gaussian_evidence_guarded_scalar,125,1,False,7,306,1,0.001384987376201923,0.001384987376201923,True,297.24976068935945,0.003695463047975951,3.5228792165230707,0.910045854620775
reliable,marked_gaussian_evidence_guarded_scalar,125,2,False,7,306,1,0.001384987376201923,0.001384987376201923,True,245.25970755270814,0.08270376808769768,3.9762470423818486,0.999267825345742
reliable,marked_gaussian_evidence_guarded_scalar,126,1,False,7,313,3,0.006226714544300235,0.0033929514061263643,True,258.3556012366241,0.05287687523778905,0.03177097888515216,0.16990987679389696
reliable,marked_gaussian_evidence_guarded_scalar,126,2,False,7,313,3,0.006226714544300235,0.0033929514061263643,True,210.09564978971446,0.12412121007845604,4.056538795459674,0.9504193150290592
reliable,marked_gaussian_evidence_guarded_scalar,127,1,False,8,28,8,0.01828277522286163,0.0033334190221075,True,197.10013787959085,0.060458835102915144,0.04967207406246074,0.1653662188082169
reliable,marked_gaussian_evidence_guarded_scalar,127,2,False,8,28,8,0.01828277522286163,0.0033334190221075,True,1.545172543145175,0.8427180387116223,26.66770256673142,0.8991049871937259
reliable,marked_gaussian_evidence_guarded_scalar,128,1,False,8,32,9,0.03332783305235145,0.004712468926759356,True,9.920774897831842,0.1667577209898145,0.05031572624499657,0.09059199583392108
reliable,marked_gaussian_evidence_guarded_scalar,128,2,False,8,32,9,0.03332783305235145,0.004712468926759356,True,1.2187981261485241,0.9520737645662746,25.69109267370397,0.9990506028659206
reliable,marked_gaussian_evidence_guarded_scalar,129,1,False,8,37,14,0.05383291155722516,0.006541074109017571,True,11.71477165734259,0.19118939921994854,0.06537621963130108,0.21504211995987732
reliable,marked_gaussian_evidence_guarded_scalar,129,2,False,8,37,14,0.05383291155722516,0.006541074109017571,True,1.231156245711012,0.9570074207514622,23.872732121927005,0.0002354371788100716
reliable,marked_gaussian_evidence_guarded_scalar,130,1,False,8,39,15,0.07948791512336104,0.008362672948856236,True,12.529274965912139,0.17728427994029075,0.05407432501368672,0.3641402757546186
reliable,marked_gaussian_evidence_guarded_scalar,130,2,False,8,39,15,0.07948791512336104,0.008362672948856236,True,1.0032594326733755,0.9996717830710605,25.212750941242707,0.9923373393972371
reliable,marked_gaussian_evidence_guarded_scalar,131,1,False,8,47,16,0.10596422362680397,0.010333970212963351,True,14.192384224392283,0.15838570364991308,0.051589845790832915,0.6090823330395413
reliable,marked_gaussian_evidence_guarded_scalar,131,2,False,8,47,16,0.10596422362680397,0.010333970212963351,True,1.0025175687362993,0.9997329913884783,23.736515805006352,0.9774165983718032
reliable,marked_gaussian_evidence_guarded_scalar,132,1,False,8,52,19,0.11505130271760068,0.008583736471553242,True,15.878717359605833,0.14763903416089103,0.05623382425027728,0.6437649382042839
reliable,marked_gaussian_evidence_guarded_scalar,132,2,False,8,52,19,0.11505130271760074,0.008583736471553242,False,,,,
reliable,marked_gaussian_evidence_guarded_scalar,133,1,False,8,57,23,0.14066638856047417,0.009119246552531457,True,20.254097549721735,0.11326349635504557,0.07599963724473588,0.6136075155223685
reliable,marked_gaussian_evidence_guarded_scalar,133,2,False,8,57,23,0.14066638856047417,0.009119246552531457,False,,,,
reliable,marked_gaussian_evidence_guarded_scalar,134,1,False,9,52,21,0.12568419178241727,0.007921337423260491,True,22.266185030787423,0.10168347057715371,0.058855474737248406,0.4594767573643202
reliable,marked_gaussian_evidence_guarded_scalar,134,2,False,9,52,21,0.12568419178241727,0.007921337423260491,True,1.5869521759272271,0.8758604431792711,28.01943144308654,0.0009200305775104923
reliable,marked_gaussian_evidence_guarded_scalar,135,1,False,9,57,30,0.122062615165558,0.006990168933774841,True,24.789214912602,0.0884885504861761,0.0722990595570594,0.5264541731121489
reliable,marked_gaussian_evidence_guarded_scalar,135,2,False,9,57,30,0.122062615165558,0.006990168933774841,True,1.1071487942036506,0.9876201442526311,9.838591457570624,0.349105108637131
reliable,marked_gaussian_evidence_guarded_scalar,136,1,False,9,61,30,0.1350918659486476,0.006462780688704342,True,25.86671654277791,0.07787657822829966,0.08269244635451287,0.4903993393785819
reliable,marked_gaussian_evidence_guarded_scalar,136,2,False,9,61,30,0.1350918659486476,0.006462780688704342,False,,,,
reliable,marked_gaussian_evidence_guarded_scalar,137,1,False,9,57,33,0.1309423212100442,0.00633760364982258,True,27.823485660414814,0.06974221948507381,0.09417792242607549,0.5510678578150525
reliable,marked_gaussian_evidence_guarded_scalar,137,2,False,9,57,33,0.1309423212100442,0.00633760364982258,True,1.00015451618991,0.9999874223587445,25.631999262119564,0.9961385351649645
reliable,marked_gaussian_evidence_guarded_scalar,138,1,False,9,59,34,0.17099651346657863,0.007131025311493642,True,29.46318548190047,0.058431846422348464,0.07358348226386179,0.7902058534446085
reliable,marked_gaussian_evidence_guarded_scalar,138,2,False,9,59,34,0.17099651346657863,0.007131025311493642,True,1.0014126014333966,0.9998618782187614,25.48475292057483,0.9985583934161724
reliable,marked_gaussian_evidence_guarded_scalar,139,1,False,9,62,33,0.14679363729295042,0.006507687466353672,True,31.576206736249333,0.050752141468372175,0.06489808707935799,0.6444258874645519
reliable,marked_gaussian_evidence_guarded_scalar,139,2,False,9,62,33,0.14679363729295045,0.006507687466353672,True,2.5281259219616183,0.8499549434866279,3.970182585090696,0.8588069546709
reliable,marked_gaussian_evidence_guarded_scalar,140,1,False,9,67,26,0.15606624241510764,0.008066831992799105,True,31.56064724273735,0.04836424700010265,0.05081532155112087,0.6151297226898076
reliable,marked_gaussian_evidence_guarded_scalar,140,2,False,9,67,26,0.15606624241510705,0.008066831992799105,True,1.7629698291144489,0.9193785995080626,4.046835950538874,0.9093801609430944
reliable,marked_gaussian_evidence_guarded_scalar,141,1,False,8,70,13,0.08482398445616632,0.010019734506296644,True,33.81789558749341,0.045069201852960455,0.0568251415284723,0.8036161191574696
reliable,marked_gaussian_evidence_guarded_scalar,141,2,False,8,70,13,0.08482398445616618,0.010019734506296504,True,2.5271135333576664,0.8564422421759048,4.029938961571288,0.9338790286689976
reliable,marked_gaussian_evidence_guarded_scalar,142,1,False,8,75,22,0.07678583182270468,0.005418860038800412,True,36.69080997981488,0.041103027942777634,0.05077160343976151,0.5678125442562818
reliable,marked_gaussian_evidence_guarded_scalar,142,2,False,8,75,22,0.07678583182270454,0.005418860038800412,True,3.2611699172086976,0.8071652664234653,4.003674924464814,0.9847168817040817
reliable,marked_gaussian_evidence_guarded_scalar,143,1,False,8,79,45,0.15256630595133852,0.004880621298375693,True,38.3367638716597,0.04117649335108619,0.03770167553269916,0.5623370554097652
reliable,marked_gaussian_evidence_guarded_scalar,143,2,False,8,79,45,0.15256630595133852,0.004880621298375693,True,1.1708421143556105,0.9703347720393977,9.784586370198094,0.8032224729691579
reliable,marked_gaussian_evidence_guarded_scalar,144,1,False,8,85,46,0.20463407357340416,0.005841918228163996,True,40.68937803052328,0.040360591788515955,0.03577541140049287,0.7441249366498334
reliable,marked_gaussian_evidence_guarded_scalar,144,2,False,8,85,46,0.20463407357340416,0.005841918228163996,True,3.0194330622223586,0.3708106041531892,26.324719650510765,0.009521353565614345
reliable,marked_gaussian_evidence_guarded_scalar,145,1,False,9,88,47,0.23046707509862036,0.0060690169942044505,True,43.879781184065784,0.03691057288925043,0.03951553556406854,0.8727275456882323
reliable,marked_gaussian_evidence_guarded_scalar,145,2,False,9,88,47,0.23046707509862036,0.0060690169942044505,True,3.3131364271056913,0.5137002240518836,26.39252378351145,0.03403841256967545
reliable,marked_gaussian_evidence_guarded_scalar,146,1,False,8,97,47,0.2390276109387701,0.006031820779134644,True,46.971541201015505,0.03484637798218194,0.03964059325722988,0.8966714414907333
reliable,marked_gaussian_evidence_guarded_scalar,146,2,False,8,97,47,0.2390276109387701,0.006031820779134644,True,2.365659186003763,0.6727303262706075,29.29554745383821,2.0147782504003656e-05
reliable,marked_gaussian_evidence_guarded_scalar,147,1,False,9,101,48,0.19877572226900653,0.005554093399106163,True,49.96374676931314,0.03330662502295062,0.06434110555570793,0.8207784429533326
reliable,marked_gaussian_evidence_guarded_scalar,147,2,False,9,101,48,0.198775722269007,0.005554093399106163,True,8.779541599356005,0.6119436946075244,3.9526799907387944,0.8594957157987992
reliable,marked_gaussian_evidence_guarded_scalar,148,1,False,8,108,20,0.1163455109188,0.00835123973046378,True,49.75002706355327,0.03501116174891644,0.08025739217535569,0.8054268650890418
reliable,marked_gaussian_evidence_guarded_scalar,148,2,False,8,108,20,0.11634551091879997,0.008351239730463896,True,4.724951060074899,0.7492188789773431,4.095406510006405,0.9481919315285668
reliable,marked_gaussian_evidence_guarded_scalar,149,1,False,8,112,5,0.01828052061974314,0.0052869399253946256,True,51.76707971506477,0.03874033398558688,0.07216541575981192,0.6904319849432218
reliable,marked_gaussian_evidence_guarded_scalar,149,2,False,8,112,5,0.01828052061974314,0.0052869399253946256,True,20.794034595640813,0.39484456356988196,3.8508272648788604,0.9156432942748943
reliable,marked_gaussian_evidence_guarded_scalar,150,1,False,8,119,22,0.08742822411250026,0.007018752001221771,True,54.246621221595476,0.051573639534683344,0.05942246472333614,0.909482517139167
reliable,marked_gaussian_evidence_guarded_scalar,150,2,False,8,119,22,0.08742822411250026,0.007018752001221771,True,1.9542075133246886,0.8319684838677166,26.56647715208948,0.5082836255044242
reliable,marked_gaussian_evidence_guarded_scalar,151,1,False,10,127,35,0.15956375533219214,0.00904671268674179,True,44.82590589310617,0.10019481943509849,0.034724695433174885,0.755350078672668
reliable,marked_gaussian_evidence_guarded_scalar,151,2,False,10,127,35,0.15956375533219214,0.00904671268674179,True,1.1798702647281807,0.962109426555766,23.71772616440841,0.04784326586024809
reliable,marked_gaussian_evidence_guarded_scalar,152,1,False,12,133,41,0.17349247209841107,0.007502428945189571,True,54.47845532020789,0.07577919744182077,0.06096482851798742,0.6919498589056836
reliable,marked_gaussian_evidence_guarded_scalar,152,2,False,12,133,41,0.17349247209841107,0.007502428945189571,True,1.26951918159926,0.9559443309024386,23.47299854847429,0.7966964107043139
reliable,marked_gaussian_evidence_guarded_scalar,153,1,False,11,132,53,0.23476260372408828,0.007297655935698184,True,61.755054019571276,0.05808226145000114,0.07459492102439318,0.855511539611721
reliable,marked_gaussian_evidence_guarded_scalar,153,2,False,11,132,53,0.23476260372408828,0.007297655935698184,True,1.0187863003353157,0.9977295745559748,23.404566828600867,0.994930248537376
reliable,marked_gaussian_evidence_guarded_scalar,154,1,False,11,133,67,0.2218798254863374,0.006199363964114195,True,66.67325135886834,0.04699879372019747,0.037441576463484554,0.9447713852289938
reliable,marked_gaussian_evidence_guarded_scalar,154,2,False,11,133,67,0.22187982548633767,0.006199363964114195,True,30.84432731095004,0.33265913358387583,4.02877154193303,0.6611570711207929
reliable,marked_gaussian_evidence_guarded_scalar,155,1,False,11,135,79,0.23713581639518533,0.005826800466350409,True,66.2759899179518,0.04338740456544994,0.06401478719287002,0.7509256233140873
reliable,marked_gaussian_evidence_guarded_scalar,155,2,False,11,135,79,0.23713581639518533,0.005826800466350409,True,2.0800704143175084,0.5886285675163473,24.479758524351364,0.01618675074788511
reliable,marked_gaussian_evidence_guarded_scalar,156,1,False,11,142,79,0.2873346816765231,0.0052233097308826675,True,72.48025544385824,0.027872578101941596,0.04328619549196966,0.8674088350118769
reliable,marked_gaussian_evidence_guarded_scalar,156,2,False,11,142,79,0.2873346816765231,0.0052233097308826675,True,1.0000539553283414,0.9999961530404823,23.023512265963845,0.9895796529636424
reliable,marked_gaussian_evidence_guarded_scalar,157,1,False,11,147,84,0.2681033896202527,0.004372999889896926,True,76.24886965320833,0.021162606738520648,0.04926901172401335,0.8693509335379889
reliable,marked_gaussian_evidence_guarded_scalar,157,2,False,11,147,84,0.2681033896202527,0.004372999889896926,True,2.930937884495181,0.6255732493685917,9.79823712375142,1.0848700279603365e-05
reliable,marked_gaussian_evidence_guarded_scalar,158,1,False,11,121,83,0.29552183333431853,0.004381040785517501,True,78.51780754589024,0.01781005535422332,0.06516997259959327,0.8979734398048141
reliable,marked_gaussian_evidence_guarded_scalar,158,2,False,11,121,83,0.29552183333431853,0.004381040785517501,True,1.0012477114263592,0.9998772526241616,21.51952535563326,0.993997444433351
reliable,marked_gaussian_evidence_guarded_scalar,159,1,False,11,126,88,0.28755600902881995,0.003934242782724982,True,81.09170701710477,0.01573587679896037,0.04785693532367379,0.9497708087523193
reliable,marked_gaussian_evidence_guarded_scalar,159,2,False,11,126,88,0.28755600902881995,0.003934242782724982,True,3.5721835466922482,0.4229418128598382,29.810333673020114,0.08910075815142413
reliable,marked_gaussian_evidence_guarded_scalar,160,1,False,11,126,89,0.2822842141244555,0.003724972239483972,True,82.81118999375752,0.014790891346079587,0.04565215250640443,0.9051110902035481
reliable,marked_gaussian_evidence_guarded_scalar,160,2,False,11,126,89,0.2822842141244555,0.003724972239483972,True,1.001282887542719,0.9998714889697277,33.56702856921174,0.9998048723209766
reliable,marked_gaussian_evidence_guarded_scalar,161,1,False,11,131,89,0.3018589062144173,0.003870849787157702,True,84.84422605446854,0.013970659908914886,0.04544016340744353,0.9545858756824256
reliable,marked_gaussian_evidence_guarded_scalar,161,2,False,11,131,89,0.3018589062144173,0.003870849787157702,True,1.0011882161237722,0.9998819353356586,34.17489993217299,0.9998796470191608
reliable,marked_gaussian_evidence_guarded_scalar,162,1,False,11,126,86,0.30616878034120754,0.00392515206120226,True,87.35637020746489,0.01319668130887778,0.05522851524925686,0.9363619927091617
reliable,marked_gaussian_evidence_guarded_scalar,162,2,False,11,126,86,0.30616878034120754,0.00392515206120226,True,1.0012093761879934,0.9998795998171376,35.085981654292134,0.9999123683984594
reliable,marked_gaussian_evidence_guarded_scalar,163,1,False,11,130,97,0.29009967347386306,0.0033771711728915414,True,89.55932247506067,0.012613851773580832,0.056311228586091465,0.870223036265136
reliable,marked_gaussian_evidence_guarded_scalar,163,2,False,11,130,97,0.29009967347386306,0.0033771711728915414,True,1.0012786000142235,0.9998719077983288,35.694994974646036,0.9999898754846731
reliable,marked_gaussian_evidence_guarded_scalar,164,1,False,10,131,94,0.30830244153617864,0.0035511720076942615,True,90.58265740494735,0.012345884449983817,0.05133739829068235,0.8793813067626559
reliable,marked_gaussian_evidence_guarded_scalar,164,2,False,10,131,94,0.30830244153617864,0.0035511720076942615,True,1.0013491960474592,0.9998640456973559,36.73306940255367,0.9999575351314275
reliable,marked_gaussian_evidence_guarded_scalar,165,1,False,10,137,86,0.31734133032206485,0.003826371344782346,True,93.46521275092594,0.012126126493339235,0.04913231474759352,0.9480418669011343
reliable,marked_gaussian_evidence_guarded_scalar,165,2,False,10,137,86,0.31734133032206485,0.003826371344782346,True,1.0000005553352767,0.9999999696723918,29.585069737567935,2.4221312992433123e-08
reliable,marked_gaussian_evidence_guarded_scalar,166,1,False,10,141,105,0.30317500935120895,0.00340670968687142,True,96.09212163066458,0.012724162029291884,0.06539483692032157,0.8794065931676839
reliable,marked_gaussian_evidence_guarded_scalar,166,2,False,10,141,105,0.30317500935120895,0.00340670968687142,True,1.0000000069974426,0.9999999996987428,18.10289779245892,0.9946138107356796
reliable,marked_gaussian_evidence_guarded_scalar,167,1,False,10,145,106,0.3082079860676648,0.003412160392366869,True,97.6345173438588,0.012348942516965045,0.050299753448544544,0.9102728458316649
reliable,marked_gaussian_evidence_guarded_scalar,167,2,False,10,145,106,0.3082079860676648,0.003412160392366869,True,1.027143406711178,0.9964429362738424,9.7665329308141,0.3452951435980452
reliable,marked_gaussian_evidence_guarded_scalar,168,1,False,10,143,107,0.30709063846904233,0.0032672035206197884,True,99.8544077742133,0.011613418850052135,0.06198837420036239,0.8855798905718926
reliable,marked_gaussian_evidence_guarded_scalar,168,2,False,10,143,107,0.30709063846904233,0.0032672035206197884,True,1.0034079141158458,0.9996362158952689,25.008701296066874,0.00924343996799214
reliable,marked_gaussian_evidence_guarded_scalar,169,1,False,10,149,108,0.318963949522032,0.0032791761520146634,True,101.99207521201939,0.01102089601176192,0.06898381488217338,0.9415137974372578
reliable,marked_gaussian_evidence_guarded_scalar,169,2,False,10,149,108,0.318963949522032,0.0032791761520146634,True,3.47954827099182,0.38150948358440695,29.726491358582685,0.38866066577381053
reliable,marked_gaussian_evidence_guarded_scalar,170,1,False,10,149,109,0.3153618916367786,0.0031552981787300173,True,104.18950139888587,0.010600491811521135,0.06001146417858079,0.9044245421396779
reliable,marked_gaussian_evidence_guarded_scalar,170,2,False,10,149,109,0.3153618916367786,0.0031552981787300173,True,3.7074288446395687,0.513097566172462,29.870318008185638,0.19234263968473467
reliable,marked_gaussian_evidence_guarded_scalar,171,1,False,10,155,110,0.3195221478081377,0.0031287955448371257,True,106.01989047691272,0.010296912728470088,0.06770664708556767,0.9162787484103933
reliable,marked_gaussian_evidence_guarded_scalar,171,2,False,10,155,110,0.3195221478081377,0.0031287955448371257,True,5.459483487499005,0.2752927751820172,29.80722669540908,0.2401509833004452
reliable,marked_gaussian_evidence_guarded_scalar,172,1,False,10,149,108,0.32811629468151,0.00320002969774493,True,107.6857932768451,0.010033298959201187,0.07822402410291412,0.9068298972364681
reliable,marked_gaussian_evidence_guarded_scalar,172,2,False,10,149,108,0.32811629468151,0.00320002969774493,True,1.6006566318471027,0.9443117853178092,4.0301250744733705,0.7967355368863566
reliable,marked_gaussian_evidence_guarded_scalar,173,1,False,10,156,106,0.3367234312298332,0.0032754501394263134,True,109.67901298209817,0.00975368097207405,0.041239786655181895,0.9137170728379217
reliable,marked_gaussian_evidence_guarded_scalar,173,2,False,10,156,106,0.3367234312298332,0.0032754501394263134,True,2.188849656719183,0.8944315672295262,4.03203528425681,0.786632780176268
reliable,marked_gaussian_evidence_guarded_scalar,174,1,False,10,122,108,0.3172304853421461,0.00304736972261407,True,111.13310537162614,0.009708398831477793,0.08194093495650183,0.9204306587731842
reliable,marked_gaussian_evidence_guarded_scalar,174,2,False,10,122,108,0.3172304853421461,0.00304736972261407,True,1.2810169641567533,0.9601944232600128,9.747675905257452,0.9282630363791611
reliable,marked_gaussian_evidence_guarded_scalar,175,1,False,9,121,106,0.31021639561037107,0.003017727589084442,True,107.64556949851146,0.009829783659475877,0.08341765312680782,0.8922526163220219
reliable,marked_gaussian_evidence_guarded_scalar,175,2,False,9,121,106,0.31021639561037107,0.003017727589084442,True,1.8193342610282734,0.926906027150658,4.0905350090806945,0.526000293412416
reliable,marked_gaussian_evidence_guarded_scalar,176,1,False,9,119,105,0.3039299637726249,0.002949375860924215,True,105.88309395061637,0.009807593975534495,0.05480676160192004,0.8533315917116686
reliable,marked_gaussian_evidence_guarded_scalar,176,2,False,9,119,105,0.3039299637726249,0.002949375860924215,True,1.2479459796171322,0.9751691162843732,4.032503617485689,0.9120783500430645
reliable,marked_gaussian_evidence_guarded_scalar,177,1,False,8,124,107,0.31190696053524486,0.0029725722319961915,True,106.33243236356452,0.009667411887380838,0.08225705586607583,0.8804444016592293
reliable,marked_gaussian_evidence_guarded_scalar,177,2,False,8,124,107,0.31190696053524486,0.0029725722319961915,True,1.0798947362770561,0.9922101441481039,4.021024962495358,0.9735395136724856
reliable,marked_gaussian_evidence_guarded_scalar,178,1,False,7,122,108,0.31580303641247653,0.002984408103540079,True,107.06413890087907,0.009560755528944925,0.038092195107582875,0.8973303620498192
reliable,marked_gaussian_evidence_guarded_scalar,178,2,False,7,122,108,0.31580303641247653,0.002984408103540079,True,1.0338031993141545,0.9969720306865139,3.954291449963879,0.9987220521297561
reliable,marked_gaussian_evidence_guarded_scalar,179,1,False,7,123,108,0.30068926989678946,0.0028414345446236416,True,107.36309031857708,0.009501328912321728,0.07681927028024434,0.8159323130291474
reliable,marked_gaussian_evidence_guarded_scalar,179,2,False,7,123,108,0.30068926989678946,0.0028414345446236416,True,1.0237659917955353,0.9979370276315567,3.939889602523123,0.9999114836671895
reliable,marked_gaussian_evidence_guarded_scalar,180,1,False,7,123,109,0.31734830996978175,0.0029739452121248892,True,107.51063172514837,0.009469029161348301,0.07084714023405572,0.9008641408593345
reliable,marked_gaussian_evidence_guarded_scalar,180,2,False,7,123,109,0.31734830996978175,0.0029739452121248892,True,1.014862724582535,0.9987018234108392,4.262406411482945,0.9994012401142507
reliable,marked_gaussian_evidence_guarded_scalar,181,1,False,8,133,110,0.3247579170346854,0.003025316671327128,True,108.20105598411635,0.009433198150614608,0.056466655651523125,0.9352516949655395
reliable,marked_gaussian_evidence_guarded_scalar,181,2,False,8,133,110,0.3247579170346854,0.003025316671327128,True,1.0346615055783788,0.99690661026825,3.9039017901192747,0.9810247445598769
reliable,marked_gaussian_evidence_guarded_scalar,182,1,False,8,128,111,0.3219520573730665,0.0029813384347808294,True,109.13537210167677,0.00939195200339274,0.061528513038350205,0.9109643513617649
reliable,marked_gaussian_evidence_guarded_scalar,182,2,False,8,128,111,0.3219520573730665,0.0029813384347808294,True,2.145014140794022,0.7203142356291926,23.090669344392712,0.041608879610790205
reliable,marked_gaussian_evidence_guarded_scalar,183,1,False,8,135,109,0.33691191297188444,0.0031422401828160073,True,109.71802306949233,0.009356171633564173,0.06636579778567875,0.9379474556117112
reliable,marked_gaussian_evidence_guarded_scalar,183,2,False,8,135,109,0.33691191297188444,0.0031422401828160073,True,1.3902988568665653,0.897987903734491,23.06422286477258,0.01862623101962589
reliable,marked_gaussian_evidence_guarded_scalar,184,1,False,9,139,113,0.3210986318051016,0.0029305563940576432,True,111.23355697531144,0.009276569901709004,0.052135025534342114,0.8890759434310269
reliable,marked_gaussian_evidence_guarded_scalar,184,2,False,9,139,113,0.3210986318051016,0.0029305563940576432,True,2.4237213454363093,0.6526945285645527,23.244441060778218,0.16662861914971225
reliable,marked_gaussian_evidence_guarded_scalar,185,1,False,9,128,112,0.3179661886446512,0.0029130270342046403,True,111.10650423817611,0.009261130766290813,0.06226259564888908,0.8817737191079309
reliable,marked_gaussian_evidence_guarded_scalar,185,2,False,9,128,112,0.3179661886446512,0.0029130270342046403,True,2.08115476959929,0.7489878123356236,23.355681681882615,0.9119228260231721
reliable,marked_gaussian_evidence_guarded_scalar,186,1,False,9,127,112,0.3255841888352329,0.002976311238395217,True,110.79056048262646,0.009243070850544098,0.06343665935715466,0.9236573297009066
reliable,marked_gaussian_evidence_guarded_scalar,186,2,False,9,127,112,0.3255841888352329,0.002976311238395217,True,1.5134550894951786,0.952385341029988,3.9894329184269917,0.7717690587284357
reliable,marked_gaussian_evidence_guarded_scalar,187,1,False,9,132,112,0.3933504649412581,0.0036150191674606275,True,111.3753411082694,0.00919265263846386,0.05985284916602841,0.9201713119946955
reliable,marked_gaussian_evidence_guarded_scalar,187,2,False,9,132,112,0.3933504649412586,0.0036150191674606275,True,39.35968597853737,0.29348183380959625,3.942345587450753,0.7769564748450857
reliable,marked_gaussian_evidence_guarded_scalar,188,1,False,9,132,113,0.8597763970455334,0.007902384771825522,True,112.9085181332755,0.013189062557957256,0.049191523816096656,0.9391342673815815
reliable,marked_gaussian_evidence_guarded_scalar,188,2,False,9,132,113,0.8597763970455324,0.007902384771825411,True,112.7210037362312,0.020130171748007426,1.2026905857810624,0.757966477536536
reliable,marked_gaussian_evidence_guarded_scalar,189,1,False,9,130,111,0.3495763407220644,0.003231226370068538,True,112.49894195636315,0.00914682949640078,0.05874710297263044,0.9478398996747028
reliable,marked_gaussian_evidence_guarded_scalar,189,2,False,9,130,111,0.34957634072206417,0.003231226370068538,True,3.73354984185259,0.8178077041556862,4.100243332100155,0.8988819280388404
reliable,marked_gaussian_evidence_guarded_scalar,190,1,False,9,129,110,0.21443171001938183,0.0026633303803431387,True,111.99467403825395,0.00919038110828259,0.05962269804324278,0.8458474701587151
reliable,marked_gaussian_evidence_guarded_scalar,190,2,False,9,129,110,0.2144317100193816,0.0026633303803431387,True,2.2361497404466553,0.8989948665456817,4.0590347415783326,0.9426321084547309
reliable,marked_gaussian_evidence_guarded_scalar,191,1,False,9,131,110,0.3029093586970694,0.0037529596027032863,True,110.5524454653978,0.016798804895895872,0.04517577955746385,0.8166024645740093
reliable,marked_gaussian_evidence_guarded_scalar,191,2,False,9,131,110,0.3029093586970694,0.0037529596027032863,True,1.652401563379532,0.9404699890028297,4.300701473728037,0.9961572764097439
reliable,marked_gaussian_evidence_guarded_scalar,192,1,False,9,129,110,0.3180309597301227,0.0035552718658585832,True,110.52116925087607,0.013590206192974788,0.03408115496125422,0.8969399216744836
reliable,marked_gaussian_evidence_guarded_scalar,192,2,False,9,129,110,0.3180309597301227,0.0035552718658585832,True,1.3734895735592458,0.9644280648553727,3.9262044383489125,0.9724347588153056
reliable,marked_gaussian_evidence_guarded_scalar,193,1,False,8,131,109,0.2625656475094226,0.002796151005510676,True,110.72311254638817,0.011456134495162675,0.07196183858624701,0.9433166057631581
reliable,marked_gaussian_evidence_guarded_scalar,193,2,False,8,131,109,0.26256564750942263,0.002796151005510636,True,13.50912279948888,0.5702394030245723,3.86811585857935,0.3620549353622097
reliable,marked_gaussian_evidence_guarded_scalar,194,1,False,8,136,109,0.3498271398114115,0.0034462934190423893,True,111.16063075772541,0.01093624493334004,0.06130070533412322,0.9090510361565556
reliable,marked_gaussian_evidence_guarded_scalar,194,2,False,8,136,109,0.3498271398114115,0.0034462934190423893,True,3.401319409794016,0.41595062395194626,29.730090281345422,0.3515427919696448
reliable,marked_gaussian_evidence_guarded_scalar,195,1,False,8,130,112,0.3103836020875371,0.0029733207754583366,True,112.1849335027017,0.010196928960736502,0.03945285854593812,0.8305269037887757
reliable,marked_gaussian_evidence_guarded_scalar,195,2,False,8,130,112,0.3103836020875371,0.0029733207754583366,True,1.0000009196616582,0.9999999483066576,26.203380218912535,0.9978549536053892
reliable,marked_gaussian_evidence_guarded_scalar,196,1,False,8,136,113,0.31433737600168693,0.002933159970472931,True,111.53889921142842,0.00974319770070556,0.06408518772225984,0.8496826411713743
reliable,marked_gaussian_evidence_guarded_scalar,196,2,False,8,136,113,0.31433737600168693,0.002933159970472931,True,1.001324976895863,0.9998673911720449,26.59296014079977,0.9883596266731013
reliable,marked_gaussian_evidence_guarded_scalar,197,1,False,8,127,113,0.3268588090566233,0.0030016689249725576,True,112.20049904772301,0.00942229922704854,0.08781263801348846,0.9217907376936885
reliable,marked_gaussian_evidence_guarded_scalar,197,2,False,8,127,113,0.3268588090566233,0.0030016689249725576,True,1.0012327093459044,0.999876862320409,26.930185502865193,0.9946353687639818
reliable,marked_gaussian_evidence_guarded_scalar,198,1,False,8,132,114,0.32393350945931615,0.0029373720431448364,True,112.09296010702961,0.009263225431057528,0.040650883246340086,0.8960546587832776
reliable,marked_gaussian_evidence_guarded_scalar,198,2,False,8,132,114,0.32393350945931615,0.0029373720431448364,True,1.0014638184450009,0.999858382515463,27.207477905852752,0.9974570350207922
reliable,marked_gaussian_evidence_guarded_scalar,199,1,False,8,136,114,0.33770099737268316,0.0030482474324973713,True,112.71659556578464,0.009159424398027534,0.09285532593309735,0.9002374956719956
reliable,marked_gaussian_evidence_guarded_scalar,199,2,False,8,136,114,0.33770099737268316,0.0030482474324973713,True,1.0015022191385388,0.9998559789862367,27.53198816761992,0.9953160286765952
reliable,marked_gaussian_evidence_guarded_scalar,200,1,False,8,140,117,0.31755524795442425,0.0028166551056413632,True,114.4336977220672,0.009028143958445903,0.11501013588422487,0.8426102959099284
reliable,marked_gaussian_evidence_guarded_scalar,200,2,False,8,140,117,0.31755524795442425,0.0028166551056413632,True,1.2009662436509037,0.9595539942214809,35.95704023874231,0.3550897680336147
reliable,marked_gaussian_evidence_guarded_scalar,201,1,False,9,145,116,0.3528698115907979,0.0031266014851373037,True,114.58089039285443,0.008987342707570444,0.06811917491574063,0.95002960815189
reliable,marked_gaussian_evidence_guarded_scalar,201,2,False,9,145,116,0.3528698115907979,0.0031266014851373037,True,1.0920248603867364,0.9825332673875234,36.40232513374528,0.5485258201981891
reliable,marked_gaussian_evidence_guarded_scalar,202,1,False,9,148,121,0.32678391153745195,0.0028342539515429743,True,116.60818032914982,0.008902574653270127,0.048224977011482505,0.8648420511803185
reliable,marked_gaussian_evidence_guarded_scalar,202,2,False,9,148,121,0.32678391153745195,0.0028342539515429743,True,1.0002566268654582,0.9999782493853429,28.43722145848474,0.9868769390168682
reliable,marked_gaussian_evidence_guarded_scalar,203,1,False,10,139,120,0.33786028360899617,0.0029386138202531567,True,117.015020337568,0.008873533038628267,0.05860063194985308,0.938081943561246
reliable,marked_gaussian_evidence_guarded_scalar,203,2,False,10,139,120,0.33786028360899617,0.0029386138202531567,True,1.0000312940746185,0.9999977782091499,29.58718130535832,0.06750727384923803
reliable,marked_gaussian_evidence_guarded_scalar,204,1,False,10,146,121,0.32515404467740516,0.0028012741601275365,True,117.48494452473169,0.008814091828182258,0.06207674993916809,0.8545665150942636
reliable,marked_gaussian_evidence_guarded_scalar,204,2,False,10,146,121,0.32515404467740516,0.0028012741601275365,True,1.7264611077370027,0.7642990599255528,29.574749677419533,0.5807186322942104
reliable,marked_gaussian_evidence_guarded_scalar,205,1,False,10,143,122,0.3367746162416886,0.002873075606245611,True,118.76658531510958,0.008725855901059433,0.0628590764247227,0.9110685373448704
reliable,marked_gaussian_evidence_guarded_scalar,205,2,False,10,143,122,0.3367746162416886,0.002873075606245611,True,2.192084594616017,0.6695969098058538,29.683789072424418,0.5246906953559908
reliable,marked_gaussian_evidence_guarded_scalar,206,1,False,10,149,123,0.3376190054554995,0.002852436229326972,True,119.9473323409259,0.00863858540153572,0.06583152851386327,0.9058885036717848
reliable,marked_gaussian_evidence_guarded_scalar,206,2,False,10,149,123,0.3376190054554995,0.002852436229326972,True,3.289568732472095,0.5289557593724034,29.702429292642826,0.26440672743748694
reliable,marked_gaussian_evidence_guarded_scalar,207,1,False,10,145,124,0.3351794698713699,0.002805437425736574,True,121.07065154899534,0.008553839760954788,0.06561758132762427,0.8842696987549875
reliable,marked_gaussian_evidence_guarded_scalar,207,2,False,10,145,124,0.3351794698713699,0.002805437425736574,True,3.6705513619160195,0.349327791555299,29.995786236153048,0.36488787833248354
reliable,marked_gaussian_evidence_guarded_scalar,208,1,False,10,152,125,0.3462825958152024,0.002872203169186147,True,122.15743424026891,0.008470481172210463,0.073969130096442,0.9379011043784085
reliable,marked_gaussian_evidence_guarded_scalar,208,2,False,10,152,125,0.3462825958152024,0.002872203169186147,True,3.4134635966964413,0.37056064704416725,29.946632165775068,0.5744490499612216
reliable,marked_gaussian_evidence_guarded_scalar,209,1,False,10,146,126,0.3452119461185609,0.002837818582412843,True,123.4005653321936,0.008387485050419731,0.04775826755425418,0.923184430135781
reliable,marked_gaussian_evidence_guarded_scalar,209,2,False,10,146,126,0.3452119461185609,0.002837818582412843,True,1.0071749707576683,0.9991278298841674,9.779924119095908,0.8739709172919615
reliable,marked_gaussian_evidence_guarded_scalar,210,1,False,9,153,126,0.3371802517647557,0.002763525877173748,True,124.23864219587266,0.008313169978814351,0.042165136083119684,0.8821870041535189
reliable,marked_gaussian_evidence_guarded_scalar,210,2,False,9,153,126,0.3371802517647557,0.002763525877173748,True,1.0327454471065443,0.994869698436685,9.875147421598884,0.9504865761220852
reliable,marked_gaussian_evidence_guarded_scalar,211,1,False,9,146,126,0.34223242950557636,0.0027904960106609616,True,124.81366468860618,0.00824756243238194,0.02084135724080894,0.9081143695978722
reliable,marked_gaussian_evidence_guarded_scalar,211,2,False,9,146,126,0.34223242950557636,0.0027904960106609616,True,3.281353585887403,0.4238566372816813,29.81270160880803,0.17275702087065148
reliable,marked_gaussian_evidence_guarded_scalar,212,1,False,9,150,127,0.352402052377754,0.002841574126341102,True,125.40519978686152,0.008183927766101448,0.033692282088099726,0.9497167530167241
reliable,marked_gaussian_evidence_guarded_scalar,212,2,False,9,150,127,0.352402052377754,0.002841574126341102,True,1.0012767691933102,0.9998750719528815,33.24317221541638,0.9999749860799021
reliable,marked_gaussian_evidence_guarded_scalar,213,1,False,9,149,126,0.3649844011191496,0.0029456857482210953,True,126.40886827249388,0.008114639579923838,0.008656144748537497,0.9404841344875068
reliable,marked_gaussian_evidence_guarded_scalar,213,2,False,9,149,126,0.3649844011191496,0.0029456857482210953,True,1.891959266403024,0.923435645740253,4.068718585950331,0.9721497073654759
reliable,marked_gaussian_evidence_guarded_scalar,214,1,False,9,153,126,0.35074714775043486,0.002828627901294944,True,128.1199036272828,0.008041166366342138,0.03971441525767842,0.9556622059332829
reliable,marked_gaussian_evidence_guarded_scalar,214,2,False,9,153,126,0.35074714775043486,0.002828627901294944,True,1.8544272582511812,0.9224741923272962,4.0235378061813964,0.9939902198757717
reliable,marked_gaussian_evidence_guarded_scalar,215,1,False,9,144,120,0.33710704339601005,0.002810921346741184,True,127.51171401540114,0.008062532796399721,0.053468525999527255,0.9422319366734182
reliable,marked_gaussian_evidence_guarded_scalar,215,2,False,9,144,120,0.33710704339601005,0.002810921346741184,True,1.7810309666052129,0.9281921022875097,3.8792368406658597,0.8600722132674421
reliable,marked_gaussian_evidence_guarded_scalar,216,1,False,9,144,120,0.33674174707719184,0.0028072561582704945,True,121.80687670581733,0.008291094362791747,0.06809956098325791,0.9140104257428114
reliable,marked_gaussian_evidence_guarded_scalar,216,2,False,9,144,120,0.33674174707719184,0.0028072561582704945,True,1.0048289828231138,0.9995260989980234,6.532080689368406,0.9835436617554326
reliable,marked_gaussian_evidence_guarded_scalar,217,1,False,9,141,120,0.3400842632410681,0.002834687113871677,True,121.1626141534522,0.008301619872844558,0.05899454786044703,0.931382312157264
reliable,marked_gaussian_evidence_guarded_scalar,217,2,False,9,141,120,0.3400842632410681,0.002834687113871677,True,5.508349764478061,0.23536780451699402,23.33259066643812,0.24145153693976742
reliable,marked_gaussian_evidence_guarded_scalar,218,1,False,9,140,121,0.33573078479916574,0.002781695675471832,True,121.15139895080536,0.008300357290377562,0.0643968139473203,0.8956302039455832
reliable,marked_gaussian_evidence_guarded_scalar,218,2,False,9,140,121,0.33573078479916574,0.002781695675471832,True,1.0263693800267792,0.996898392696376,29.758725144650366,0.004534126734309035
reliable,marked_gaussian_evidence_guarded_scalar,219,1,False,8,137,121,0.3350774266294894,0.0027829162894537733,True,121.6047110226837,0.008288389953555145,0.060550218160909434,0.8983684001867542
reliable,marked_gaussian_evidence_guarded_scalar,219,2,False,8,137,121,0.3350774266294894,0.0027829162894537733,True,1.0000001979911628,0.9999999897944474,25.159482159529425,0.03880452057542512
reliable,marked_gaussian_evidence_guarded_scalar,220,1,False,9,140,122,0.344166504467704,0.002842691327221162,True,121.55477837455918,0.008289645619489775,0.05456849460861239,0.9384555834508099
reliable,marked_gaussian_evidence_guarded_scalar,220,2,False,9,140,122,0.344166504467704,0.002842691327221162,True,1.7678970841582866,0.743098717888867,25.915394683306207,0.5489329521500653
reliable,marked_gaussian_evidence_guarded_scalar,221,1,False,9,141,123,0.34466501176757347,0.0028365048146220214,True,122.03090867495519,0.008278072505682424,0.03516851984425861,0.9348453214373105
reliable,marked_gaussian_evidence_guarded_scalar,221,2,False,9,141,123,0.34466501176757347,0.0028365048146220214,True,2.2861683209068517,0.639334314280787,26.479064267167423,0.6742615539022562
reliable,marked_gaussian_evidence_guarded_scalar,222,1,False,9,139,124,0.3424833642139686,0.0028082935715868914,True,122.52602068447418,0.008265013125230626,0.05491960265650315,0.9172857279951998
reliable,marked_gaussian_evidence_guarded_scalar,222,2,False,9,139,124,0.3424833642139686,0.0028082935715868914,True,1.001476272488161,0.9998518906845459,38.52267211238246,0.99903723715142
reliable,marked_gaussian_evidence_guarded_scalar,223,1,False,9,141,125,0.3417104286472801,0.002790675200308369,True,123.10272472163349,0.008247883716746781,0.05362690795592121,0.9076637708575924
reliable,marked_gaussian_evidence_guarded_scalar,223,2,False,9,141,125,0.3417104286472801,0.002790675200308369,True,1.0014657027024427,0.9998526558374867,39.33213102387669,0.9999742911016771
reliable,marked_gaussian_evidence_guarded_scalar,224,1,False,9,142,126,0.33363667885546244,0.0027120536351544797,True,123.76812056594287,0.008225196960040693,0.048677824319571225,0.8581795543242036
reliable,marked_gaussian_evidence_guarded_scalar,224,2,False,9,142,126,0.33363667885546244,0.0027120536351544797,True,1.0014709216094742,0.9998526321941115,39.95358441337893,0.9994607402316379
reliable,marked_gaussian_evidence_guarded_scalar,225,1,False,9,145,127,0.3424172542908481,0.0027691603952676508,True,124.52812760580171,0.008195504914747161,0.07708579953184173,0.900143314901577
reliable,marked_gaussian_evidence_guarded_scalar,225,2,False,9,145,127,0.3424172542908481,0.0027691603952676508,True,1.0014497553228854,0.9998540613713512,40.60573753463662,0.9999656089141714
reliable,marked_gaussian_evidence_guarded_scalar,226,1,False,9,145,127,0.3433073112868267,0.0027680533240937726,True,125.37091454907517,0.008159221492434263,0.03913696606826184,0.9027093930571082
reliable,marked_gaussian_evidence_guarded_scalar,226,2,False,9,145,127,0.3433073112868267,0.0027680533240937726,True,1.0014538687645411,0.9998539549039499,41.18557136591738,0.9998538861226896
reliable,marked_gaussian_evidence_guarded_scalar,227,1,False,9,148,128,0.35279772250860897,0.002826878742522576,True,125.86980649063918,0.008124621731287456,0.057757624060808366,0.9467542646458003
reliable,marked_gaussian_evidence_guarded_scalar,227,2,False,9,148,128,0.35279772250860897,0.002826878742522576,True,1.0014431962374708,0.9998547027057547,41.79027698352538,0.9998952983777073
reliable,marked_gaussian_evidence_guarded_scalar,228,1,False,9,149,129,0.34759072891783316,0.002767212461690478,True,126.71705722946932,0.00807896882013125,0.06676181936255454,0.9103988713533774
reliable,marked_gaussian_evidence_guarded_scalar,228,2,False,9,149,129,0.34759072891783316,0.002767212461690478,True,1.001456798852704,0.9998537273320386,42.63896450013883,0.9997992626733143
reliable,marked_gaussian_evidence_guarded_scalar,229,1,False,9,152,130,0.3503236387039552,0.002770961309396963,True,127.57068855259446,0.008030509961773331,0.04700705094565211,0.9191920878241222
reliable,marked_gaussian_evidence_guarded_scalar,229,2,False,9,152,130,0.3503236387039552,0.002770961309396963,True,1.0014496640171135,0.9998539540269734,43.19792226310027,0.9991112091796893
reliable,marked_gaussian_evidence_guarded_scalar,230,1,False,9,153,131,0.35366435868557394,0.0027788320551433384,True,128.4341320652561,0.007981127843618072,0.041392668138748714,0.9302634156420663
reliable,marked_gaussian_evidence_guarded_scalar,230,2,False,9,153,131,0.35366435868557394,0.0027788320551433384,True,1.0014836235556015,0.9998508502448066,44.16876805321179,0.9999692664517082
reliable,marked_gaussian_evidence_guarded_scalar,231,1,False,9,156,132,0.3461369163937457,0.0027009062283694743,True,129.3459166644154,0.007930238751354471,0.049857391588657415,0.8826922704358315
reliable,marked_gaussian_evidence_guarded_scalar,231,2,False,9,156,132,0.3461369163937457,0.0027009062283694743,True,1.0014454226541891,0.9998543222648896,44.66479200985909,0.9992537192889593
reliable,marked_gaussian_evidence_guarded_scalar,232,1,False,9,156,133,0.3536914374021206,0.0027406496133307438,True,130.48435916015546,0.007874569362201963,0.05172505163700242,0.9171723541660854
reliable,marked_gaussian_evidence_guarded_scalar,232,2,False,9,156,133,0.3536914374021206,0.0027406496133307438,True,1.0014603359706018,0.9998532807575654,45.50154305387202,0.9999948974034455
reliable,marked_gaussian_evidence_guarded_scalar,233,1,False,9,161,134,0.361130149358931,0.00277837281040718,True,131.26817406998356,0.00782370591241514,0.016432032305835377,0.9490403579315272
reliable,marked_gaussian_evidence_guarded_scalar,233,2,False,9,161,134,0.361130149358931,0.00277837281040718,True,1.0014400531460388,0.9998549686468431,46.21655221139383,0.9999802532307748
reliable,marked_gaussian_evidence_guarded_scalar,234,1,False,9,161,135,0.35148526032192895,0.0026842196950722214,True,132.44751440735953,0.0077657267830066505,0.0373912975571454,0.8899084628789715
reliable,marked_gaussian_evidence_guarded_scalar,234,2,False,9,161,135,0.35148526032192895,0.0026842196950722214,True,1.0016411337540267,0.9998382211269109,46.801397439572305,0.9999928533760946
reliable,marked_gaussian_evidence_guarded_scalar,235,1,False,8,165,136,0.3598127425184303,0.002727768946003039,True,133.45329810319018,0.007708864065994011,0.05137014095214747,0.9280323250806168
reliable,marked_gaussian_evidence_guarded_scalar,235,2,False,8,165,136,0.3598127425184303,0.002727768946003039,True,1.0014380585489309,0.9998551936886655,47.764766683824426,0.9999852227551567
reliable,marked_gaussian_evidence_guarded_scalar,236,1,False,8,168,137,0.3659381571857753,0.0027537944562453756,True,134.4442155615826,0.007652538690915448,0.058169332449503126,0.9528028005119191
reliable,marked_gaussian_evidence_guarded_scalar,236,2,False,8,168,137,0.3659381571857753,0.0027537944562453756,True,1.0015970597683022,0.9998417693691577,48.38334312141698,0.9999868549535141
reliable,marked_gaussian_evidence_guarded_scalar,237,1,False,8,168,137,0.35267933742260527,0.002641490536454378,True,135.448046334387,0.00759575669736986,0.07113477214083058,0.880388963475554
reliable,marked_gaussian_evidence_guarded_scalar,237,2,False,8,168,137,0.35267933742260527,0.002641490536454378,True,9.975952870596085,0.13529962014414149,21.523914869425763,0.4736606288283338
reliable,marked_gaussian_evidence_guarded_scalar,238,1,False,8,168,138,0.36766270492371483,0.002734021242580592,True,136.0227429263755,0.0075467999069107426,0.0722115424540299,0.9530117612490706
reliable,marked_gaussian_evidence_guarded_scalar,238,2,False,8,168,138,0.36766270492371483,0.002734021242580592,True,1.0016509599006025,0.9998367810852423,49.720547627188765,0.999974917276034
reliable,marked_gaussian_evidence_guarded_scalar,239,1,False,8,166,138,0.3654041875622839,0.0027058830634643723,True,136.91714489306264,0.007494580878373294,0.07412462852478958,0.9381582124924643
reliable,marked_gaussian_evidence_guarded_scalar,239,2,False,8,166,138,0.3654041875622839,0.0027058830634643723,True,9.564597914532785,0.13855351636174199,22.92486580541537,0.5238981929373464
reliable,marked_gaussian_evidence_guarded_scalar,240,1,False,8,155,139,0.37092447410266305,0.0027289707050006853,True,137.34557687063034,0.007452385106403903,0.08680447856255674,0.9605571638322683
reliable,marked_gaussian_evidence_guarded_scalar,240,2,False,8,155,139,0.37092447410266305,0.0027289707050006853,True,1.0016158391598509,0.9998407210139356,51.49090653768347,0.9999848685268276
reliable,marked_lineage,1,1,False,0,0,0,0.0,0.0,False,,,,
reliable,marked_lineage,1,2,False,0,0,0,0.0,0.0,False,,,,
reliable,marked_lineage,2,1,False,2,9,1,0.010208584972325912,0.010208584972325912,True,2.21867272339712,0.5833123232191996,0.06757423227289326,0.10166537826254675
reliable,marked_lineage,2,2,False,2,9,1,0.010208584972325912,0.010208584972325912,False,,,,
reliable,marked_lineage,3,1,False,3,19,1,0.008929449267710481,0.008929449267710481,True,3.9243381214726054,0.35231126275823554,0.07036703932767976,0.1517644337480144
reliable,marked_lineage,3,2,False,3,19,1,0.008929449267710481,0.008929449267710481,False,,,,
reliable,marked_lineage,4,1,False,3,26,2,0.024166420891000438,0.014265473729460632,True,5.86625494785254,0.3004573750947508,0.0560528450527953,0.3925915574284991
reliable,marked_lineage,4,2,False,3,26,2,0.024166420891000438,0.014265473729460632,False,,,,
reliable,marked_lineage,5,1,False,3,31,3,0.03533647441204868,0.015426921213259812,True,7.743501123370831,0.24599797759646197,0.09935741134367751,0.46984279152951347
reliable,marked_lineage,5,2,False,3,31,3,0.0353364744120489,0.015426921213260029,False,,,,
reliable,marked_lineage,6,1,False,4,37,5,0.045805295412451014,0.014757660023223767,True,10.15230333358702,0.1860963951199185,0.10656854480590164,0.569597376059841
reliable,marked_lineage,6,2,False,4,37,5,0.0458052954124509,0.014757660023223661,False,,,,
reliable,marked_lineage,7,1,False,4,44,6,0.05784016240178613,0.014388657662010652,True,13.206915939149093,0.15039435468604243,0.05378356768864491,0.6030847533016407
reliable,marked_lineage,7,2,False,4,44,6,0.05784016240178602,0.01438865766201055,False,,,,
reliable,marked_lineage,8,1,False,4,50,9,0.0852704249986433,0.01355581273438733,True,16.76598438933055,0.11904876048382386,0.051262000733259636,0.7874437797850335
reliable,marked_lineage,8,2,False,4,50,9,0.0852704249986433,0.01355581273438733,True,2.4041994557336634,0.6190702553632883,35.07648949985105,1.3945825137658203e-12
reliable,marked_lineage,9,1,False,5,56,14,0.1176460982253646,0.011728577088652005,True,20.082128638125806,0.09260913660201658,0.05706067093004055,0.7203469515007823
reliable,marked_lineage,9,2,False,5,56,14,0.11764609822536472,0.011728577088651923,True,1.9576612062238843,0.603063533326129,35.64463907174475,0.0020189874949006806
reliable,marked_lineage,10,1,False,6,62,22,0.17975472206805795,0.010572390042432657,True,22.954251283106437,0.07192163012312362,0.04529137185970938,0.875518745511706
reliable,marked_lineage,10,2,False,6,62,22,0.17975472206805795,0.010572390042432657,True,1.7182210580564932,0.7683273936777438,35.80341075488868,0.05434561678704018
reliable,marked_lineage,11,1,False,6,59,26,0.17890381450883824,0.008795610926091761,True,25.078884562679104,0.06008288706712345,0.11247041930649476,0.8039075028744277
reliable,marked_lineage,11,2,False,6,59,26,0.17890381450883824,0.008795610926091761,True,2.2625779774832386,0.6748437607259125,35.99589844149703,0.3241244334125452
reliable,marked_lineage,12,1,False,7,56,28,0.2093673624237774,0.009393653469919142,True,26.821382344353186,0.05799559935947644,0.051580401947551806,0.8348539359912196
reliable,marked_lineage,12,2,False,7,56,28,0.2093673624237774,0.009393653469919142,False,,,,
reliable,marked_lineage,13,1,False,7,57,27,0.1992229574259328,0.009223542189106105,True,28.80341180110152,0.055365006993042504,0.03365421759250316,0.8636164663297982
reliable,marked_lineage,13,2,False,7,57,27,0.1992229574259328,0.009223542189106105,False,,,,
reliable,marked_lineage,14,1,False,7,50,30,0.22850958189959675,0.019626318072761294,True,30.68711893697546,0.052274941139233255,0.03193951217151648,0.9043780698098481
reliable,marked_lineage,14,2,False,7,50,30,0.22850958189959675,0.019626318072761294,False,,,,
reliable,marked_lineage,15,1,False,7,49,24,0.19054165822715896,0.041946492670685454,True,30.851677433322063,0.10542356558431526,0.09931305650821314,0.8649878229628374
reliable,marked_lineage,15,2,False,7,49,24,0.19054165822715896,0.041946492670685454,False,,,,
reliable,marked_lineage,16,1,False,7,49,24,0.2296665382979785,0.08627855525241555,True,27.22996048109149,0.20342172239432196,0.11344635573578923,0.8830369080295201
reliable,marked_lineage,16,2,False,7,49,24,0.22966653829797962,0.08627855525241668,False,,,,
reliable,marked_lineage,17,1,False,7,58,16,0.25694037101096456,0.17025682144493673,True,19.183253361628697,0.3561983186968159,0.03564853079705343,0.9022803100171227
reliable,marked_lineage,17,2,False,7,58,16,0.2569403710109625,0.1702568214449347,False,,,,
reliable,marked_lineage,18,1,False,7,65,10,0.36144886721056213,0.31701611643165317,True,9.860786978491547,0.5605245977577621,0.045649281019597344,0.9341404775436928
reliable,marked_lineage,18,2,False,7,65,10,0.36144886721056213,0.31701611643165317,False,,,,
reliable,marked_lineage,19,1,False,7,69,6,0.5433889848876007,0.5220908564019009,True,4.152403613221491,0.7642854769220666,0.041851459391518776,0.9250158210544818
reliable,marked_lineage,19,2,False,7,69,6,0.5433889848876007,0.5220908564019009,False,,,,
reliable,marked_lineage,20,1,True,7,74,1,0.7641256191933384,0.7641256191933384,True,2.0530522104527154,0.8977844376367626,0.09105700630675714,0.9868491102513204
reliable,marked_lineage,20,2,True,7,74,1,0.7641256191933384,0.7641256191933384,False,,,,
reliable,marked_lineage,21,1,True,7,74,1,0.9109122026816677,0.9109122026816677,True,1.3058846846233594,0.9679276128870248,0.09168980582450387,0.9794430646766096
reliable,marked_lineage,21,2,True,7,74,1,0.9109122026816672,0.9109122026816672,False,,,,
reliable,marked_lineage,22,1,True,7,83,1,0.9771607411048086,0.9771607411048086,True,1.097597544886201,0.9902533262033084,0.06143679940974246,0.9936527615822042
reliable,marked_lineage,22,2,True,7,83,1,0.9771607411048086,0.9771607411048086,False,,,,
reliable,marked_lineage,23,1,True,7,83,1,0.9929489852647643,0.9929489852647643,True,1.0477725278271575,0.9954518695657412,0.1200661223864506,0.9925089582584251
reliable,marked_lineage,23,2,True,7,83,1,0.9929489852647643,0.9929489852647643,False,,,,
reliable,marked_lineage,24,1,True,7,78,1,0.9967468677919806,0.9967468677919806,True,1.0351811615559234,0.996722656589443,0.04687810512051207,0.9947690808010828
reliable,marked_lineage,24,2,True,7,78,1,0.9967468677919806,0.9967468677919806,False,,,,
reliable,marked_lineage,25,1,True,7,78,1,0.997276692382006,0.997276692382006,True,1.030862227725956,0.9971606496973999,0.11109578156562097,0.9935682304155524
reliable,marked_lineage,25,2,True,7,78,1,0.997276692382006,0.997276692382006,False,,,,
reliable,marked_lineage,26,1,True,7,74,1,0.9977014967518651,0.9977014967518651,True,1.0329034434796642,0.9969646065549355,0.1446768418821758,0.9952161264726604
reliable,marked_lineage,26,2,True,7,74,1,0.9977014967518651,0.9977014967518651,False,,,,
reliable,marked_lineage,27,1,True,7,80,1,0.9977879039384208,0.9977879039384208,True,1.0347183908131432,0.9967982662155671,0.09425574860562583,0.9954799975287257
reliable,marked_lineage,27,2,True,7,80,1,0.9977879039384208,0.9977879039384208,False,,,,
reliable,marked_lineage,28,1,True,7,82,1,0.9972240270596996,0.9972240270596996,True,1.036780416982327,0.9966196017408768,0.14609414399609785,0.9911905884184009
reliable,marked_lineage,28,2,True,7,82,1,0.9972240270596996,0.9972240270596996,False,,,,
reliable,marked_lineage,29,1,True,7,84,1,0.997477934466898,0.997477934466898,True,1.0397399558624616,0.996330805040089,0.06595437955072765,0.9933493444150386
reliable,marked_lineage,29,2,True,7,84,1,0.997477934466898,0.997477934466898,False,,,,
reliable,marked_lineage,30,1,True,7,84,1,0.9975780464858102,0.9975780464858102,True,1.0413804373620223,0.9961907239291128,0.10946912424036814,0.9943531483202928
reliable,marked_lineage,30,2,True,7,84,1,0.9975780464858102,0.9975780464858102,False,,,,
reliable,marked_lineage,31,1,True,7,89,1,0.9975249856760053,0.9975249856760053,True,1.0428319767705878,0.9960639530496468,0.08829915880796961,0.9939523429514149
reliable,marked_lineage,31,2,True,7,89,1,0.9975249856760053,0.9975249856760053,False,,,,
reliable,marked_lineage,32,1,True,7,94,1,0.997243797608878,0.997243797608878,True,1.045358026945735,0.9958327299673005,0.1276275268101563,0.9918716030223805
reliable,marked_lineage,32,2,True,7,94,1,0.997243797608878,0.997243797608878,False,,,,
reliable,marked_lineage,33,1,True,7,98,1,0.997441842489129,0.997441842489129,True,1.0478587404790565,0.995596961020547,0.13037048703411427,0.9939103238982122
reliable,marked_lineage,33,2,True,7,98,1,0.997441842489129,0.997441842489129,False,,,,
reliable,marked_lineage,34,1,True,7,100,1,0.997736808186336,0.997736808186336,True,1.0464630260859429,0.9957429732857533,0.06686490791099757,0.9960077373072285
reliable,marked_lineage,34,2,True,7,100,1,0.997736808186336,0.997736808186336,False,,,,
reliable,marked_lineage,35,1,True,7,105,1,0.9971797921342311,0.9971797921342311,True,1.0456328058082494,0.9958345345248364,0.07119023561182705,0.9909384681488026
reliable,marked_lineage,35,2,True,7,105,1,0.9971797921342311,0.9971797921342311,False,,,,
reliable,marked_lineage,36,1,True,8,102,1,0.9973860584125079,0.9973860584125079,True,1.0470508205071305,0.9957054935988939,0.06371735568738825,0.9937644271523383
reliable,marked_lineage,36,2,True,8,102,1,0.9973860584125079,0.9973860584125079,False,,,,
reliable,marked_lineage,37,1,True,8,106,1,0.9978327432232141,0.9978327432232141,True,1.04828542554753,0.9955895386886546,0.09117330618167116,0.9967907521532356
reliable,marked_lineage,37,2,True,8,106,1,0.9978327432232141,0.9978327432232141,False,,,,
reliable,marked_lineage,38,1,True,8,103,1,0.9975045495988473,0.9975045495988473,True,1.0462777246178858,0.9958033309738367,0.11920467821727368,0.9941231056188473
reliable,marked_lineage,38,2,True,8,103,1,0.9975045495988473,0.9975045495988473,False,,,,
reliable,marked_lineage,39,1,True,8,107,1,0.9974701323531814,0.9974701323531814,True,1.0453289116729818,0.9959006618728309,0.13080897192112637,0.9944733022125142
reliable,marked_lineage,39,2,True,8,107,1,0.9974701323531814,0.9974701323531814,False,,,,
reliable,marked_lineage,40,1,True,8,112,1,0.9976882675125034,0.9976882675125034,True,1.0449265997259949,0.995948381317478,0.08858551246905268,0.9960247653296513
reliable,marked_lineage,40,2,True,8,112,1,0.9976882675125034,0.9976882675125034,False,,,,
reliable,marked_lineage,41,1,True,8,111,1,0.9972663913849519,0.9972663913849519,True,1.043543082633667,0.9960871993162531,0.07037480290136493,0.9924491360464136
reliable,marked_lineage,41,2,True,8,111,1,0.9972663913849519,0.9972663913849519,False,,,,
reliable,marked_lineage,42,1,True,8,112,1,0.9972961528718993,0.9972961528718993,True,1.044236016614581,0.9960253777306268,0.1352366596943447,0.9934752631887989
reliable,marked_lineage,42,2,True,8,112,1,0.9972961528718993,0.9972961528718993,False,,,,
reliable,marked_lineage,43,1,True,8,119,1,0.9975363301481188,0.9975363301481188,True,1.0449031922385272,0.9959656138677901,0.0833394835762643,0.994870703902454
reliable,marked_lineage,43,2,True,8,119,1,0.9975363301481188,0.9975363301481188,True,1.0000019532566238,0.9999998849532896,54.83688755796934,4.208340531295042e-42
reliable,marked_lineage,44,1,True,8,121,1,0.9977297780204325,0.9977297780204325,True,1.0461955591909409,0.995857766826124,0.07579585839954701,0.9963933615505469
reliable,marked_lineage,44,2,True,8,121,1,0.9977297780204325,0.9977297780204325,False,,,,
reliable,marked_lineage,45,1,True,8,124,1,0.9931860676638484,0.9931860676638484,True,1.0468595161388237,0.9958068226888612,0.07599994338219847,0.9970890648477246
reliable,marked_lineage,45,2,True,8,124,1,0.9931860676638484,0.9931860676638484,False,,,,
reliable,marked_lineage,46,1,True,8,126,1,0.9895610212297214,0.9895610212297214,True,1.0471385714252823,0.9957843479243257,0.05281856519235835,0.9950459016929483
reliable,marked_lineage,46,2,True,8,126,1,0.9895610212297214,0.9895610212297214,False,,,,
reliable,marked_lineage,47,1,True,8,130,1,0.9867613828170859,0.9867613828170859,True,1.0493138430704396,0.9955820374285225,0.03337188178640938,0.9939671542300671
reliable,marked_lineage,47,2,True,8,130,1,0.9867613828170859,0.9867613828170859,False,,,,
reliable,marked_lineage,48,1,True,8,134,1,0.984172077025518,0.984172077025518,True,1.0510399119354836,0.99543744534381,0.054656727329486246,0.9937314842316927
reliable,marked_lineage,48,2,True,8,134,1,0.984172077025518,0.984172077025518,False,,,,
reliable,marked_lineage,49,1,True,8,136,1,0.9857437803365199,0.9857437803365199,True,1.053979141302566,0.9951595749011183,0.0581685833824595,0.9971996508387325
reliable,marked_lineage,49,2,True,8,136,1,0.9857437803365197,0.9857437803365197,False,,,,
reliable,marked_lineage,50,1,True,8,138,1,0.9825745843616744,0.9825745843616744,True,1.0530539663520049,0.9952607738625722,0.13003677900754507,0.992331132874203
reliable,marked_lineage,50,2,True,8,138,1,0.9825745843616744,0.9825745843616744,True,1.0,1.0,66.29367577706189,2.0135849069807967e-66
reliable,marked_lineage,51,1,True,8,144,1,0.9830227320754552,0.9830227320754552,True,1.0541215625952076,0.995165051900402,0.08924475283613055,0.9954654699904935
reliable,marked_lineage,51,2,True,8,144,1,0.9830227320754554,0.9830227320754554,False,,,,
reliable,marked_lineage,52,1,True,8,146,1,0.9821298710851247,0.9821298710851247,True,1.0548455934654013,0.995111340239786,0.04546557902497019,0.9945703434532696
reliable,marked_lineage,52,2,True,8,146,1,0.9821298710851247,0.9821298710851247,False,,,,
reliable,marked_lineage,53,1,True,9,133,1,0.981249028424232,0.981249028424232,True,1.0537672445241368,0.9952193141962653,0.06837284706978408,0.9941828443402045
reliable,marked_lineage,53,2,True,9,133,1,0.981249028424232,0.981249028424232,False,,,,
reliable,marked_lineage,54,1,True,9,135,1,0.9830490419779248,0.9830490419779248,True,1.0505706541978046,0.9955124909641818,0.04155659970176547,0.9961340862352126
reliable,marked_lineage,54,2,True,9,135,1,0.983049041977925,0.983049041977925,False,,,,
reliable,marked_lineage,55,1,True,9,136,1,0.9840524143846792,0.9840524143846792,True,1.0536821041934166,0.9952241940292437,0.07864627236752818,0.9960906635625153
reliable,marked_lineage,55,2,True,9,136,1,0.9840524143846792,0.9840524143846792,False,,,,
reliable,marked_lineage,56,1,True,9,140,1,0.9851686320558634,0.9851686320558634,True,1.0550996621528685,0.9951047182165103,0.08208080467486802,0.9972397162439324
reliable,marked_lineage,56,2,True,9,140,1,0.9851686320558634,0.9851686320558634,False,,,,
reliable,marked_lineage,57,1,True,9,138,1,0.9842502930586331,0.9842502930586331,True,1.0529372070503242,0.9953120886291036,0.09887432377805208,0.9954214377300369
reliable,marked_lineage,57,2,True,9,138,1,0.9842502930586331,0.9842502930586331,False,,,,
reliable,marked_lineage,58,1,True,9,143,1,0.9852471553701918,0.9852471553701918,True,1.0530933116473271,0.9952949289522658,0.039719495252907425,0.9969616683134231
reliable,marked_lineage,58,2,True,9,143,1,0.9852471553701918,0.9852471553701918,True,1.008643775995973,0.9988980106935432,32.641485575489284,6.364464894450407e-29
reliable,marked_lineage,59,1,True,8,145,1,0.9828201794013695,0.9828201794013695,True,1.0528432311443454,0.9953306198740604,0.0830707168783325,0.9937081400207326
reliable,marked_lineage,59,2,True,8,145,1,0.9828201794013695,0.9828201794013695,True,1.0,1.0,32.593402563315735,0.08845372259400568
reliable,marked_lineage,60,1,True,8,149,2,0.9867381853812931,0.9848986600297652,True,1.0540270525324065,0.9952211362935095,0.07681619984072663,0.9976600097241571
reliable,marked_lineage,60,2,True,8,149,2,0.9867381853812931,0.9848986600297652,True,1.6695752554411574,0.7910446787232472,32.43225471951759,0.22120713105452805
reliable,marked_lineage,61,1,True,8,145,1,0.982405265514312,0.982405265514312,True,1.0519637411923122,0.9954144281978499,0.04629540010971166,0.9930597980399923
reliable,marked_lineage,61,2,True,8,145,1,0.982405265514312,0.982405265514312,True,2.4025011856611735,0.6309640605377138,32.3352049730279,0.4735637877710422
reliable,marked_lineage,62,1,True,8,146,2,0.9839817315122387,0.9821715081958743,True,1.0531969114538375,0.9953121947855466,0.0820008669988391,0.9954957817095706
reliable,marked_lineage,62,2,True,8,146,2,0.9839817315122387,0.9821715081958743,True,3.23666336391019,0.4796205178735154,32.270453544530376,0.700946579176774
reliable,marked_lineage,63,1,True,8,150,1,0.98345590398892,0.98345590398892,True,1.0502049574391246,0.9955798065902017,0.060304704569526225,0.9962154748222859
reliable,marked_lineage,63,2,True,8,150,1,0.98345590398892,0.98345590398892,True,3.8666162531899424,0.4601720526568209,32.26200262235368,0.721425862544171
reliable,marked_lineage,64,1,True,8,148,2,0.9831501564061627,0.9813160028028493,True,1.0518637019977528,0.9954325214980742,0.0795192752049788,0.9928642791769695
reliable,marked_lineage,64,2,True,8,148,2,0.9831501564061627,0.9813160028028493,True,4.218415210237787,0.4886775448300782,32.24008665436323,0.5580591350591091
reliable,marked_lineage,65,1,True,8,154,2,0.9809440779990298,0.979084332504446,True,1.054988812375841,0.9951389012252924,0.08209555183358459,0.9917848523388665
reliable,marked_lineage,65,2,True,8,154,2,0.9809440779990298,0.979084332504446,True,4.591076866236211,0.49545232972678804,32.10116601583492,0.6548336760404946
reliable,marked_lineage,66,1,True,8,159,1,0.9794707551850668,0.9794707551850668,True,1.0589869571881727,0.9947782279022731,0.06599980548507882,0.9946886546441998
reliable,marked_lineage,66,2,True,8,159,1,0.9794707551850668,0.9794707551850668,True,5.213708275864424,0.4609876628446112,31.943306649089752,0.7772362208334292
reliable,marked_lineage,67,1,True,8,157,1,0.9757940338086583,0.9757940338086583,True,1.0587546908358203,0.9948043418568426,0.04927572298403228,0.9897459915351456
reliable,marked_lineage,67,2,True,8,157,1,0.9757940338086583,0.9757940338086583,True,5.786338565528886,0.4226449290503362,32.058025496969925,0.6630923372406478
reliable,marked_lineage,68,1,True,8,164,2,0.9777604333812476,0.9759021921344812,True,1.0602046648193018,0.9946688763460423,0.0349348153204243,0.9929181977086702
reliable,marked_lineage,68,2,True,8,164,2,0.9777604333812476,0.9759021921344812,True,6.270900449142063,0.4193108920134471,31.767677130348332,0.8788529739961436
reliable,marked_lineage,69,1,True,8,169,2,0.9757668264504779,0.9739059270989072,True,1.0637304579346873,0.9943503728592825,0.048842939611930904,0.9908453135012192
reliable,marked_lineage,69,2,True,8,169,2,0.9757668264504781,0.9739059270989074,True,7.022998912915113,0.3801333312317898,31.773103596231277,0.890645205831952
reliable,marked_lineage,70,1,True,8,172,2,0.9758712831080275,0.974010860025856,True,1.0648247546126113,0.9942523796017505,0.040988381890688735,0.9926741849155694
reliable,marked_lineage,70,2,True,8,172,2,0.9758712831080275,0.974010860025856,True,7.647436241621835,0.36627345514717785,31.716923557479213,0.8710856419460982
reliable,marked_lineage,71,1,True,8,175,2,0.97605728291813,0.9742065214369628,True,1.067442595314891,0.9940195957825367,0.07970625736675815,0.9933816750491894
reliable,marked_lineage,71,2,True,8,175,2,0.9760572829181302,0.9742065214369631,True,8.37346469769551,0.3525909755412057,31.722093907388395,0.9606222275488838
reliable,marked_lineage,72,1,True,8,178,1,0.9773562204844526,0.9773562204844526,True,1.0640107969623598,0.9943383537096586,0.09955328073333283,0.9958838919581793
reliable,marked_lineage,72,2,True,8,178,1,0.9773562204844526,0.9773562204844526,True,9.34726419806939,0.31680534287822165,31.690189526503122,0.9824161528275582
reliable,marked_lineage,73,1,True,9,180,2,0.9715497644524635,0.969709304563845,True,1.060090394699251,0.9947013959887608,0.042233186738611615,0.9840924169976271
reliable,marked_lineage,73,2,True,9,180,2,0.9715497644524635,0.969709304563845,True,10.34415446042584,0.287216199412572,31.607370832779715,0.9592960946597402
reliable,marked_lineage,74,1,True,9,183,2,0.9704631385022015,0.9686114032413771,True,1.064736960351165,0.9942723355069099,0.047087991380743204,0.9903284913737915
reliable,marked_lineage,74,2,True,9,183,2,0.9704631385022015,0.9686114032413771,True,11.494426673378202,0.25156192555068946,31.508568426791683,0.96030018807536
reliable,marked_lineage,75,1,True,9,181,2,0.9663825239515391,0.9645418814385457,True,1.0638128748228717,0.9943626746862336,0.05412117733474206,0.987132187040649
reliable,marked_lineage,75,2,True,9,181,2,0.9663825239515393,0.9645418814385459,True,12.789562381118698,0.2130071390910645,31.472848442884164,0.955462891838697
reliable,marked_lineage,76,1,True,9,186,2,0.9651540977622713,0.9633284111732624,True,1.0618036968564375,0.9945471864118652,0.06050622674186132,0.9892850879868632
reliable,marked_lineage,76,2,True,9,186,2,0.9651540977622716,0.9633284111732626,True,14.150608159949275,0.1747014336709345,31.400538804888537,0.9723984230323364
reliable,marked_lineage,77,1,True,9,170,2,0.9615162462125509,0.9596847176642058,True,1.0594752379492602,0.994759820548352,0.05918060669807441,0.986079905133909
reliable,marked_lineage,77,2,True,9,170,2,0.9615162462125513,0.9596847176642062,True,2.883355734233324,0.6170154793261499,40.117099119661724,0.7384926096513994
reliable,marked_lineage,78,1,True,8,168,2,0.9600702972690669,0.9582720775316674,True,1.0594046070605183,0.9947760962526625,0.06272869970874015,0.9887516447651964
reliable,marked_lineage,78,2,True,8,168,2,0.9600702972690669,0.9582720775316674,True,1.000000000000063,0.9999999999999982,31.115789584391614,0.023912141742785765
reliable,marked_lineage,79,1,True,8,165,2,0.962759029864032,0.9609504136617179,True,1.055676687394963,0.9951043957555537,0.07063913026894945,0.9908077473929737
reliable,marked_lineage,79,2,True,8,165,2,0.962759029864032,0.9609504136617179,False,,,,
reliable,marked_lineage,80,1,True,8,169,2,0.9523169706550488,0.9505082626429274,True,1.0531993524954248,0.9953289925789994,0.089886470798468,0.9789845395315732
reliable,marked_lineage,80,2,True,8,169,2,0.9523169706550488,0.9505082626429274,False,,,,
reliable,marked_lineage,81,1,True,8,168,2,0.9511110857953525,0.9492796543746009,True,1.0593778776899543,0.994760933553554,0.09683389666624291,0.9863744656820819
reliable,marked_lineage,81,2,True,8,168,2,0.9511110857953525,0.9492796543746009,True,1.0000006675149362,0.9999999632529458,30.75079573750311,5.508175382003608e-18
reliable,marked_lineage,82,1,True,8,168,2,0.9487507807902474,0.946929884448999,True,1.0608977163955022,0.9946248725483591,0.05456438340554461,0.9853408352910106
reliable,marked_lineage,82,2,True,8,168,2,0.9487507807902472,0.9469298844489987,False,,,,
reliable,marked_lineage,83,1,True,8,169,2,0.95784180369807,0.9560454117596193,True,1.0611567717289792,0.9946085501167996,0.10988162286020166,0.9935331957592786
reliable,marked_lineage,83,2,True,8,169,2,0.95784180369807,0.9560454117596193,True,1.4042855778723144,0.9179461242985254,39.147150548792176,8.10058972640827e-12
reliable,marked_lineage,84,1,True,8,171,2,0.9584505217188997,0.9566223289830914,True,1.0577966397069904,0.9949100327891253,0.09778786706145108,0.988956588739713
reliable,marked_lineage,84,2,True,8,171,2,0.9584505217188997,0.9566223289830914,False,,,,
reliable,marked_lineage,85,1,True,8,167,2,0.9723549694405332,0.9705107114837003,True,1.057584434036671,0.9949232703125169,0.06426381982018775,0.9975177914863049
reliable,marked_lineage,85,2,True,8,167,2,0.9723549694405332,0.9705107114837003,False,,,,
reliable,marked_lineage,86,1,True,8,174,2,0.9731542894565257,0.9713539444745503,True,1.0552099009362501,0.9951636017616833,0.08472257983545375,0.9930227838642478
reliable,marked_lineage,86,2,True,8,174,2,0.9731542894565257,0.9713539444745503,False,,,,
reliable,marked_lineage,87,1,True,8,174,2,0.9693594071426465,0.9675995035408416,True,1.050451488227718,0.9956063707963091,0.08195296594854169,0.9891098461390092
reliable,marked_lineage,87,2,True,8,174,2,0.9693594071426461,0.9675995035408412,False,,,,
reliable,marked_lineage,88,1,True,8,175,2,0.9656846566283842,0.9638933391195955,True,1.050677077930862,0.9955702134431766,0.08739144764921328,0.9874788745071647
reliable,marked_lineage,88,2,True,8,175,2,0.9656846566283842,0.9638933391195955,True,1.000150538934379,0.9999878228800205,30.441956274636272,1.5574562081176842e-19
reliable,marked_lineage,89,1,True,8,33,2,0.9505240233013479,0.9494036418575617,True,1.028691588354363,0.9975950072728552,0.07896311212900294,0.986816260917673
reliable,marked_lineage,89,2,True,8,33,2,0.9505240233013479,0.9494036418575617,False,,,,
reliable,marked_lineage,90,1,True,8,35,2,0.938099430427758,0.9369700813421986,True,1.003255601860631,0.9996733541966089,0.07416026837806886,0.9848609848992909
reliable,marked_lineage,90,2,True,8,35,2,0.938099430427758,0.9369700813421986,True,2.61578423812069,0.6798958398351022,32.05388853703006,0.000313433224278678
reliable,marked_lineage,91,1,True,8,37,2,0.9495719897544427,0.9484342881307118,True,1.0035106491520087,0.9996448596913777,0.0642205263939614,0.9929798298485399
reliable,marked_lineage,91,2,True,8,37,2,0.9495719897544427,0.9484342881307118,True,1.1020103803670256,0.9838039476719419,31.88531971379977,0.030791464851409434
reliable,marked_lineage,92,1,True,8,39,1,0.9669074209493881,0.9669074209493881,True,1.016639524873144,0.9979711813276737,0.054113951884488136,0.976939178220481
reliable,marked_lineage,92,2,True,8,39,1,0.9669074209493883,0.9669074209493883,True,1.0255325829412252,0.9966762725654336,31.636080327321533,0.03546139404740277
reliable,marked_lineage,93,1,True,8,39,1,0.9726599402511013,0.9726599402511013,True,1.0378264446740815,0.9954411560349457,0.05445279724919179,0.9672637741112983
reliable,marked_lineage,93,2,True,8,39,1,0.972659940251101,0.972659940251101,True,1.0067143178719453,0.9992612414646668,31.347511980690964,0.10955612272844796
reliable,marked_lineage,94,1,True,8,38,2,0.9653587311251,0.9642407397920892,True,1.009011357821982,0.9991273178077034,0.07796268354325396,0.9900520984770314
reliable,marked_lineage,94,2,True,8,38,2,0.9653587311251,0.9642407397920892,True,1.0000000117941021,0.9999999994726089,30.7831349125223,0.00011077835506849608
reliable,marked_lineage,95,1,True,8,36,1,0.9765811018966752,0.9765811018966752,True,1.013643022519014,0.9984172374102585,0.08441973851349295,0.9852262105388305
reliable,marked_lineage,95,2,True,8,36,1,0.9765811018966755,0.9765811018966755,True,1.3791118691527429,0.9115642870836981,30.602051906893415,0.03228378539182953
reliable,marked_lineage,96,1,True,8,43,1,0.9786871984763176,0.9786871984763176,True,1.0253450594761144,0.9970768088610943,0.040618386094781356,0.9775067016332254
reliable,marked_lineage,96,2,True,8,43,1,0.9786871984763176,0.9786871984763176,True,1.0005278396651573,0.999962060200159,30.258975680107575,0.022209957113237793
reliable,marked_lineage,97,1,True,8,38,2,0.9735699565156509,0.9724568607946596,True,1.0076609044689686,0.9992636662606558,0.041476966417009195,0.9920347399699097
reliable,marked_lineage,97,2,True,8,38,2,0.9735699565156511,0.9724568607946599,True,1.0655448654335242,0.9891974528771055,29.982045133464638,0.010461897273825292
reliable,marked_lineage,98,1,True,8,42,1,0.9718164084369567,0.9718164084369567,True,1.0150593823124208,0.9982219181176466,0.0951229083917213,0.959523703905241
reliable,marked_lineage,98,2,True,8,42,1,0.9718164084369567,0.9718164084369567,True,1.0102029786317408,0.9987951890113426,29.802164772458756,0.014694185933047143
reliable,marked_lineage,99,1,True,8,44,1,0.9764727579579183,0.9764727579579183,True,1.0324848318701683,0.9961974451198283,0.044937956344475075,0.9757662860660912
reliable,marked_lineage,99,2,True,8,44,1,0.9764727579579183,0.9764727579579183,True,1.6991691365738761,0.8584429931311303,37.43796145220059,0.0012193783261607951
reliable,marked_lineage,100,1,True,8,50,1,0.9816870840589843,0.9816870840589843,True,1.0415828997356715,0.995207953607596,0.04982663915443186,0.9839712607823772
reliable,marked_lineage,100,2,True,8,50,1,0.9816870840589843,0.9816870840589843,True,1.0451304988111965,0.9940508841364256,37.03838277142777,0.03422035996910475
reliable,marked_lineage,101,1,True,8,52,1,0.9814354139759058,0.9814354139759058,True,1.0639327991004517,0.992594541060658,0.01459123017618354,0.9692820604577015
reliable,marked_lineage,101,2,True,8,52,1,0.9814354139759058,0.9814354139759058,True,1.0033363967804265,0.9996752623255497,36.55566614307732,0.03557383934258059
reliable,marked_lineage,102,1,True,8,44,2,0.9731499837383611,0.9720366106196654,True,1.012960701723177,0.9987613474073839,0.0612702434879851,0.9907317067711744
reliable,marked_lineage,102,2,True,8,44,2,0.9731499837383611,0.9720366106196654,True,1.000009856527074,0.9999994017932858,37.0280922826782,0.026293531996200256
reliable,marked_lineage,103,1,True,8,44,1,0.9863412730796328,0.9863412730796328,True,1.0205683285540372,0.9974725577638425,0.03749735343735392,0.9895850864781094
reliable,marked_lineage,103,2,True,8,44,1,0.9863412730796328,0.9863412730796328,False,,,,
reliable,marked_lineage,104,1,True,8,52,1,0.9773835119530361,0.9773835119530361,True,1.0306040654512292,0.9964569841117072,0.05698818335245788,0.9392191758382119
reliable,marked_lineage,104,2,True,8,52,1,0.9773835119530361,0.9773835119530361,False,,,,
reliable,marked_lineage,105,1,True,8,47,2,0.9803012072905428,0.9791840312464687,True,1.0088494223740043,0.9991473380146769,0.05239452243633204,0.9963673700053466
reliable,marked_lineage,105,2,True,8,47,2,0.9803012072905428,0.9791840312464687,False,,,,
reliable,marked_lineage,106,1,True,8,48,2,0.9719900422010381,0.9708777139992048,True,1.0028950525856912,0.999717789203874,0.0719553852227941,0.9902194018509609
reliable,marked_lineage,106,2,True,8,48,2,0.9719900422010379,0.9708777139992045,False,,,,
reliable,marked_lineage,107,1,True,7,45,1,0.9756200660443833,0.9756200660443833,True,1.01550536990333,0.9981227610708436,0.0510837335245769,0.9699552875896454
reliable,marked_lineage,107,2,True,7,45,1,0.9756200660443832,0.9756200660443832,False,,,,
reliable,marked_lineage,108,1,True,7,46,1,0.9673541453334981,0.9673541453334981,True,1.0278343084833539,0.9967602695851194,0.021879969483652523,0.9415228216491665
reliable,marked_lineage,108,2,True,7,46,1,0.9673541453334981,0.9673541453334981,False,,,,
reliable,marked_lineage,109,1,True,7,22,1,0.9657423256748301,0.9657423256748301,True,1.0625514638841644,0.9924607630341448,0.045280644753644225,0.9329333171261569
reliable,marked_lineage,109,2,True,7,22,1,0.9657423256748301,0.9657423256748301,False,,,,
reliable,marked_lineage,110,1,True,7,28,1,0.9666183376329253,0.9666183376329253,True,1.1097330109667594,0.9866492680692494,0.038825024169705465,0.9341564881225053
reliable,marked_lineage,110,2,True,7,28,1,0.966618337632925,0.966618337632925,True,1.0,1.0,28.086867842343377,0.00025300977060630154
reliable,marked_lineage,111,1,True,7,28,1,0.9696337074385083,0.9696337074385083,True,1.1281035316060655,0.9847536774087021,0.05057140941230824,0.9615398194366366
reliable,marked_lineage,111,2,True,7,28,1,0.9696337074385085,0.9696337074385085,True,1.064197942994141,0.9886265643258371,26.48790250405761,0.0033871707701338227
reliable,marked_lineage,112,1,True,7,33,1,0.9619275583198504,0.9619275583198504,True,1.1021817627792985,0.9882613618001106,0.04904137301125394,0.9380296086968783
reliable,marked_lineage,112,2,True,7,33,1,0.9619275583198509,0.9619275583198509,True,1.3213196062793806,0.9409386465221795,27.422584183486848,0.005037318227898814
reliable,marked_lineage,113,1,True,7,36,1,0.9642808746510971,0.9642808746510971,True,1.1031553315958469,0.9883463295767341,0.06875918499295304,0.9670033683286832
reliable,marked_lineage,113,2,True,7,36,1,0.9642808746510971,0.9642808746510971,True,2.688879721585372,0.6302667477760381,27.209184340531873,0.13106940132315406
reliable,marked_lineage,114,1,True,7,44,1,0.9677059938982713,0.9677059938982713,True,1.0869619727654918,0.9904654232125722,0.07189153767717339,0.976803458777899
reliable,marked_lineage,114,2,True,7,44,1,0.9677059938982713,0.9677059938982713,True,2.6080236153397274,0.6906060259689999,27.009404979788208,0.772151078254944
reliable,marked_lineage,115,1,True,7,47,1,0.9595474040552934,0.9595474040552934,True,1.0857278342691445,0.9907127658271078,0.08584352655279938,0.9416778676250958
reliable,marked_lineage,115,2,True,7,47,1,0.9595474040552929,0.9595474040552929,True,2.989081719853429,0.6926176783340302,27.036502130402436,0.8424577118965849
reliable,marked_lineage,116,1,True,7,52,1,0.9398452019448866,0.9398452019448866,True,1.0853210022125899,0.9908383440465349,0.06237627225631114,0.9053601742118258
reliable,marked_lineage,116,2,True,7,52,1,0.9398452019448866,0.9398452019448866,True,3.26220125014297,0.6922431244358767,26.885216517387924,0.8931172435133359
reliable,marked_lineage,117,1,True,7,48,1,0.9383064643382508,0.9383064643382508,True,1.0950066484927266,0.9897777716554442,0.046204382595739536,0.9558031527225648
reliable,marked_lineage,117,2,True,7,48,1,0.9383064643382504,0.9383064643382504,True,3.3984279093591705,0.68519187611703,26.819649921034678,0.934946591776113
reliable,marked_lineage,118,1,True,7,22,2,0.9196569510615199,0.9185077048629754,True,1.0240876602306332,0.9977207172894939,0.08009353867312048,0.9830434183213864
reliable,marked_lineage,118,2,True,7,22,2,0.9196569510615199,0.9185077048629754,True,2.8468099943615037,0.7502283937971439,26.636313159231786,0.8529989218543581
reliable,marked_lineage,119,1,True,7,21,2,0.8992407574512007,0.8980862017459763,True,1.004198410898441,0.9995696750345355,0.0614665593688981,0.9788874205505348
reliable,marked_lineage,119,2,True,7,21,2,0.8992407574512007,0.8980862017459763,True,1.0073997790400804,0.9991423988725432,9.807268694382405,0.8764392577098234
reliable,marked_lineage,120,1,True,7,23,1,0.9224198810694909,0.9224198810694909,True,1.0236730329655592,0.9969254900037502,0.07214371370798427,0.9389753629796119
reliable,marked_lineage,120,2,True,7,23,1,0.9224198810694909,0.9224198810694909,True,1.0274811029535347,0.9958461173647387,9.762092159306667,0.92017885262179
reliable,marked_lineage,121,1,True,7,25,1,0.9169672125256173,0.9169672125256173,True,1.0357875402354342,0.9955870838444915,0.07254837022456813,0.9186873173019285
reliable,marked_lineage,121,2,True,7,25,1,0.9169672125256173,0.9169672125256173,True,1.0138121262710482,0.9982640198614963,9.721748538037938,0.9596377800315068
reliable,marked_lineage,122,1,True,7,29,1,0.6932274976562702,0.6932274976562702,True,1.1199572674923115,0.9841535816643522,3.483331537044233,0.8487746461882745
reliable,marked_lineage,122,2,True,7,29,1,0.6932274976562702,0.6932274976562702,True,1.0075383217394904,0.9991372076333559,9.69554672988585,0.9957860356493045
reliable,marked_lineage,123,1,False,7,32,0,0.0,0.0,True,1.1485306211295108,0.9795856639361835,0.08303720827616741,0.5975783300402414
reliable,marked_lineage,123,2,False,7,32,0,0.0,0.0,True,1.0647386291912548,0.9919793576602032,4.009254279345464,0.9697307734479745
reliable,marked_lineage,124,1,False,7,28,7,0.02160191606788825,0.00483271286536111,True,3.628677405203643,0.6928167397513592,0.05159638179157058,0.25480459260812427
reliable,marked_lineage,124,2,False,7,28,7,0.02160191606788824,0.00483271286536111,True,1.0635957182676585,0.9909625459676795,3.932953547494068,0.999774127968349
reliable,marked_lineage,125,1,False,7,16,1,0.0010980062216368925,0.0010980062216368925,True,1.0137538193994713,0.9986687194393802,3.5228792165230707,0.9884701986819151
reliable,marked_lineage,125,2,False,7,16,1,0.0010980062216368925,0.0010980062216368925,True,1.0612506859864341,0.9903590034142234,3.9762470423818486,0.9999097354575001
reliable,marked_lineage,126,1,False,8,21,4,0.007990915209814108,0.003466344452764828,True,3.942250121022455,0.4046629447724042,0.03177097888515216,0.026077144567094864
reliable,marked_lineage,126,2,False,8,21,4,0.007990915209814108,0.003466344452764828,True,1.0569562947411573,0.9903226938505323,4.056538795459674,0.9940250553370922
reliable,marked_lineage,127,1,False,8,27,6,0.013621679887879375,0.0031006009669024685,True,1.7635012189941819,0.8851996157361202,0.04967207406246074,0.2888556313326188
reliable,marked_lineage,127,2,False,8,27,6,0.013621679887879375,0.0031006009669024685,True,1.545172700637965,0.8427179779982195,26.66770256673142,0.8991049521764445
reliable,marked_lineage,128,1,False,9,33,9,0.023883438382889113,0.0034471325207178064,True,8.848439040152227,0.20260320195563766,0.05031572624499657,0.07626468035896848
reliable,marked_lineage,128,2,False,9,33,9,0.023883438382889113,0.0034471325207178064,True,1.3783875469420082,0.9123805422426617,25.69109267370397,0.9949274843283934
reliable,marked_lineage,129,1,False,9,37,11,0.02940478810523665,0.0034462532838699183,True,2.083505562117284,0.8614354438254075,0.06537621963130108,0.5745229101445712
reliable,marked_lineage,129,2,False,9,37,11,0.02940478810523665,0.0034462532838699183,True,1.0365716111038783,0.9947791203657695,23.872732121927005,0.0002264463120742371
reliable,marked_lineage,130,1,False,9,41,13,0.050757757188855314,0.005320081021152317,True,8.853256666750946,0.3927919999028394,0.05407432501368672,0.3234690975203227
reliable,marked_lineage,130,2,False,9,41,13,0.050757757188855314,0.005320081021152317,True,1.0140332234613187,0.9982064189139175,25.212750941242707,0.9910383211315735
reliable,marked_lineage,131,1,False,9,46,15,0.07742056827993801,0.007447863299308649,True,9.523748785715204,0.3851791838839705,0.051589845790832915,0.6278625803153899
reliable,marked_lineage,131,2,False,9,46,15,0.07742056827993801,0.007447863299308649,True,1.0044245084587395,0.999535028432795,23.736515805006352,0.9771820867276844
reliable,marked_lineage,132,1,False,9,51,18,0.09235486274480843,0.007856711210976383,True,10.867751377705464,0.351358508195981,0.05623382425027728,0.6856696069152695
reliable,marked_lineage,132,2,False,9,51,18,0.09235486274480843,0.007856711210976383,False,,,,
reliable,marked_lineage,133,1,False,9,55,21,0.09926841441577099,0.007466288014679327,True,9.978837196889186,0.4162632951975134,0.07599963724473588,0.7390681102567959
reliable,marked_lineage,133,2,False,9,55,21,0.09926841441577099,0.007466288014679327,False,,,,
reliable,marked_lineage,134,1,False,9,53,22,0.09471315355872942,0.00643942613797374,True,11.392161980400116,0.3872097576019818,0.058855474737248406,0.5545807369097364
reliable,marked_lineage,134,2,False,9,53,22,0.09471315355872942,0.00643942613797374,True,1.3908504418772352,0.9194444622002821,28.01943144308654,0.0008712982828921708
reliable,marked_lineage,135,1,False,9,56,27,0.21214791068159586,0.13802244361236937,True,4.614969857562296,0.6955854855808652,0.0722990595570594,0.7627123561150426
reliable,marked_lineage,135,2,False,9,56,27,0.21214791068159586,0.13802244361236937,True,1.1522488590245121,0.9766231592495083,9.838591457570624,0.34717572291645715
reliable,marked_lineage,136,1,False,9,63,27,0.19699563542461554,0.10785389331672747,True,7.658608637044197,0.5616879643116464,0.08269244635451287,0.5774633386636092
reliable,marked_lineage,136,2,False,9,63,27,0.19699563542461554,0.10785389331672747,False,,,,
reliable,marked_lineage,137,1,False,9,63,31,0.15440352294962695,0.06319703454724339,True,9.060836501369259,0.5270146325399188,0.09417792242607549,0.6344763857571417
reliable,marked_lineage,137,2,False,9,63,31,0.15440352294962656,0.06319703454724299,True,1.0001500838027086,0.9999878146252952,25.631999262119564,0.9961855656367901
reliable,marked_lineage,138,1,False,9,65,32,0.18410917495000534,0.05274783957246868,True,14.818523348524682,0.3774547965267761,0.07358348226386179,0.8047356298517565
reliable,marked_lineage,138,2,False,9,65,32,0.18410917495000534,0.05274783957246868,True,1.001408078993114,0.9998622414383961,25.48475292057483,0.9985588634544464
reliable,marked_lineage,139,1,False,9,68,31,0.1612231091552347,0.04740044520288249,True,20.589393219750576,0.27288504992785,0.06489808707935799,0.6463659980695113
reliable,marked_lineage,139,2,False,9,68,31,0.16122310915523397,0.04740044520288185,True,2.825329971569014,0.8249334424931601,3.970182585090696,0.8617603468656809
reliable,marked_lineage,140,1,False,9,75,21,0.17707905334323087,0.05569069407880331,True,18.919259564472167,0.30782923814948854,0.05081532155112087,0.6275628029631941
reliable,marked_lineage,140,2,False,9,75,21,0.17707905334323057,0.055690694078802574,True,1.8968722323662843,0.9056518712038425,4.046835950538874,0.90750359931204
reliable,marked_lineage,141,1,False,9,76,3,0.0826466211711547,0.07660966752422992,True,19.139888350861174,0.3276423409281626,0.0568251415284723,0.8158690726113933
reliable,marked_lineage,141,2,False,9,76,3,0.0826466211711557,0.07660966752423093,True,2.9303592091113058,0.8266599472867197,4.029938961571288,0.9321220417452591
reliable,marked_lineage,142,1,False,9,80,7,0.06760804446182896,0.05507799389730102,True,15.633200352696457,0.41961333404691914,0.05077160343976151,0.6080323532336993
reliable,marked_lineage,142,2,False,9,80,7,0.06760804446182896,0.05507799389730102,True,4.173779171499985,0.7530149796053203,4.003674924464814,0.9838460280004417
reliable,marked_lineage,143,1,False,9,83,42,0.14970502623700774,0.04448028574407824,True,11.071853176046133,0.5290685942442338,0.03770167553269916,0.6254871177836098
reliable,marked_lineage,143,2,False,9,83,42,0.14970502623700774,0.04448028574407824,True,1.1682685839516087,0.9716800582629207,9.784586370198094,0.8199527112199584
reliable,marked_lineage,144,1,False,9,88,42,0.20173462406495787,0.039359497691349096,True,22.063585390621146,0.330689345205747,0.03577541140049287,0.7229517773248576
reliable,marked_lineage,144,2,False,9,88,42,0.20173462406495735,0.039359497691348555,True,2.8586249008968982,0.4400582530392101,26.324719650510765,0.018669888660174067
reliable,marked_lineage,145,1,False,9,92,44,0.2328842482667175,0.031090340132258223,True,32.25471787123267,0.21087800816364957,0.03951553556406854,0.8620372019335883
reliable,marked_lineage,145,2,False,9,92,44,0.23288424826671705,0.031090340132257793,True,3.7672605887041652,0.39397370100460133,26.39252378351145,0.043928109566326326
reliable,marked_lineage,146,1,False,9,99,47,0.2525387781230842,0.02270562351714461,True,39.766388460127864,0.14153346194709268,0.03964059325722988,0.8898163795088375
reliable,marked_lineage,146,2,False,9,99,47,0.2525387781230842,0.02270562351714461,True,1.2983347572073893,0.9281528761206698,29.29554745383821,1.0745999735482419e-05
reliable,marked_lineage,147,1,False,9,103,49,0.2119732200054016,0.01963044167265528,True,45.37251745581797,0.0967695518738372,0.06434110555570793,0.8118997578811288
reliable,marked_lineage,147,2,False,9,103,49,0.21197322000540084,0.019630441672655007,True,10.027653548929992,0.5763477661328186,3.9526799907387944,0.8579493298082594
reliable,marked_lineage,148,1,False,9,111,11,0.07712434267355835,0.030772866419427714,True,44.7560573920619,0.10793726521227817,0.08025739217535569,0.7999900967228541
reliable,marked_lineage,148,2,False,9,111,11,0.07712434267355851,0.030772866419427714,True,5.0605207349423456,0.732063652835025,4.095406510006405,0.9466756243081909
reliable,marked_lineage,149,1,False,10,114,7,0.031179747612228054,0.006910707355997949,True,46.14385525209528,0.10399746649813492,0.07216541575981192,0.6904037360232559
reliable,marked_lineage,149,2,False,10,114,7,0.031179747612228137,0.006910707355997949,True,21.46091738800674,0.3728259812613925,3.8508272648788604,0.9172824080585755
reliable,marked_lineage,150,1,False,10,123,20,0.07587902437377067,0.006975971739175258,True,48.72191184879446,0.08701808748085084,0.05942246472333614,0.911955331955174
reliable,marked_lineage,150,2,False,10,123,20,0.07587902437377067,0.006975971739175258,True,1.0811254724611974,0.988281652885916,26.56647715208948,0.8756302903781126
reliable,marked_lineage,151,1,False,11,126,30,0.11908029768570917,0.00781597316524819,True,50.851125963517504,0.07057958222888094,0.034724695433174885,0.8130577299696629
reliable,marked_lineage,151,2,False,11,126,30,0.11908029768570917,0.00781597316524819,True,1.005145749093378,0.9994064674326237,23.71772616440841,0.7651014360333076
reliable,marked_lineage,152,1,False,11,129,37,0.14650339346300073,0.006819902939937544,True,56.36661377560107,0.062176987193585706,0.06096482851798742,0.7024748691760359
reliable,marked_lineage,152,2,False,11,129,37,0.14650339346300073,0.006819902939937544,True,1.006299255324073,0.999315622377613,23.47299854847429,0.9947862819015022
reliable,marked_lineage,153,1,False,11,131,57,0.2542450960096907,0.006872400130821207,True,61.26279658707428,0.051548705821789186,0.07459492102439318,0.8584108376230621
reliable,marked_lineage,153,2,False,11,131,57,0.2542450960096907,0.006872400130821207,True,1.0014918431688462,0.999854485239094,23.404566828600867,0.9971952631153171
reliable,marked_lineage,154,1,False,11,137,68,0.2321756495912873,0.006522834612650438,True,64.93773546882996,0.04376651599191166,0.037441576463484554,0.9453231584828585
reliable,marked_lineage,154,2,False,11,137,68,0.23217564959128745,0.006522834612650438,True,27.53361540867532,0.3518713737584089,4.02877154193303,0.6492696642266739
reliable,marked_lineage,155,1,False,11,141,76,0.23347245487640006,0.0063217036501597886,True,63.62410876122793,0.05046124134396218,0.06401478719287002,0.7577601109771013
reliable,marked_lineage,155,2,False,11,141,76,0.23347245487640006,0.0063217036501597886,True,2.080070506829448,0.5886285659143166,24.479758524351364,0.016186750791226404
reliable,marked_lineage,156,1,False,11,149,77,0.28238725933690706,0.005503140363674498,True,69.57042161822652,0.031985620888760564,0.04328619549196966,0.8670056410553773
reliable,marked_lineage,156,2,False,11,149,77,0.28238725933690706,0.005503140363674498,True,1.0000837366987216,0.9999938849321552,23.023512265963845,0.9901288769951682
reliable,marked_lineage,157,1,False,11,154,81,0.2626025740244288,0.004660510236099802,True,73.16364289853281,0.02407618193165058,0.04926901172401335,0.8679441475231748
reliable,marked_lineage,157,2,False,11,154,81,0.2626025740244288,0.004660510236099802,True,2.9742787182199693,0.6188742861850551,9.79823712375142,1.0846517203655747e-05
reliable,marked_lineage,158,1,False,11,124,80,0.28866257049816446,0.004530042449143951,True,75.41056341023044,0.01969371435083851,0.06516997259959327,0.8962186258321003
reliable,marked_lineage,158,2,False,11,124,80,0.28866257049816446,0.004530042449143951,True,1.0012477350989892,0.9998772541885441,21.51952535563326,0.9939976982650276
reliable,marked_lineage,159,1,False,11,130,85,0.2820648565862678,0.0041013985989784875,True,77.98563459560631,0.017091730876717472,0.04785693532367379,0.9488780828505466
reliable,marked_lineage,159,2,False,11,130,85,0.2820648565862678,0.0041013985989784875,True,3.192518637939148,0.5049800766298469,29.810333673020114,0.12382877247036994
reliable,marked_lineage,160,1,False,11,132,86,0.27692103659834283,0.0038126710027940516,True,79.75764563957554,0.015518036369357013,0.04565215250640443,0.9034903909676574
reliable,marked_lineage,160,2,False,11,132,86,0.27692103659834283,0.0038126710027940516,True,1.001295606938479,0.9998706346821877,33.56702856921174,0.9998048150217125
reliable,marked_lineage,161,1,False,11,137,86,0.2962462341828198,0.00397254403125365,True,81.82608145322617,0.014581199758801608,0.04544016340744353,0.9537542304438971
reliable,marked_lineage,161,2,False,11,137,86,0.2962462341828198,0.00397254403125365,True,1.0012033230547188,0.999880913133258,34.17489993217299,0.9998796003298976
reliable,marked_lineage,162,1,False,11,126,83,0.3001616588559076,0.004008516740707989,True,84.34014013383675,0.013688871320756704,0.05522851524925686,0.9352801390751928
reliable,marked_lineage,162,2,False,11,126,83,0.3001616588559076,0.004008516740707989,True,1.0012183130948333,0.9998789998997355,35.085981654292134,0.9999123196336285
reliable,marked_lineage,163,1,False,11,127,94,0.2849571742212011,0.003433442318933883,True,86.54130454030421,0.013070628151113888,0.056311228586091465,0.8682417447624478
reliable,marked_lineage,163,2,False,11,127,94,0.2849571742212011,0.003433442318933883,True,1.0012831039018024,0.9998714080522335,35.694994974646036,0.999989836069906
reliable,marked_lineage,164,1,False,11,129,91,0.3025570503253272,0.00360441604292069,True,87.59660980919753,0.01278354697326407,0.05133739829068235,0.8774579879804395
reliable,marked_lineage,164,2,False,11,129,91,0.3025570503253272,0.00360441604292069,True,1.0013534306115106,0.9998635713659552,36.73306940255367,0.9999573869818135
reliable,marked_lineage,165,1,False,11,134,83,0.3108159962642933,0.0038900480070283732,True,90.47044636798661,0.012528243484271423,0.04913231474759352,0.9471754216513681
reliable,marked_lineage,165,2,False,11,134,83,0.3108159962642933,0.0038900480070283732,True,1.000000555335254,0.9999999696723931,29.585069737567935,2.4221299644177035e-08
reliable,marked_lineage,166,1,False,11,140,102,0.29822525203985595,0.0034564825284214397,True,93.09414815730771,0.013122438077113769,0.06539483692032157,0.8777490847478947
reliable,marked_lineage,166,2,False,11,140,102,0.29822525203985595,0.0034564825284214397,True,1.0000000062624719,0.999999999731766,18.10289779245892,0.995133703295262
reliable,marked_lineage,167,1,False,11,142,103,0.3033327532344862,0.0034591149376249535,True,94.66161236904959,0.012711922023280954,0.050299753448544544,0.9089240561432466
reliable,marked_lineage,167,2,False,11,142,103,0.3033327532344862,0.0034591149376249535,True,1.027621686338929,0.9963683849985293,9.7665329308141,0.3401316717902976
reliable,marked_lineage,168,1,False,11,144,104,0.3022614407139389,0.0033126954823841084,True,96.88082994482723,0.011964469764953637,0.06198837420036239,0.8839184342064846
reliable,marked_lineage,168,2,False,11,144,104,0.3022614407139389,0.0033126954823841084,True,1.0000061038444157,0.9999996251117064,25.008701296066874,0.9037781728001522
reliable,marked_lineage,169,1,False,10,147,105,0.31416787350072944,0.0033276594392241793,True,99.02078759088282,0.011363025162017015,0.06898381488217338,0.9406085603254262
reliable,marked_lineage,169,2,False,10,147,105,0.31416787350072944,0.0033276594392241793,True,3.4785718481712355,0.394751435287995,29.726491358582685,0.3784737673937585
reliable,marked_lineage,170,1,False,10,152,106,0.3106015925320278,0.00320108570937244,True,101.212720912612,0.01092973606628192,0.06001146417858079,0.9030707906019261
reliable,marked_lineage,170,2,False,10,152,106,0.3106015925320278,0.00320108570937244,True,4.367811266236146,0.3479203945346382,29.870318008185638,0.18299537716669712
reliable,marked_lineage,171,1,False,10,154,107,0.31478829845280965,0.0031739008479360446,True,103.0427049949545,0.010612702209276945,0.06770664708556767,0.9150804561620403
reliable,marked_lineage,171,2,False,10,154,107,0.31478829845280965,0.0031739008479360446,True,5.2167214542298606,0.263917999116791,29.80722669540908,0.2796763330719753
reliable,marked_lineage,172,1,False,10,147,105,0.3230554893483034,0.0032432463780413855,True,104.69631020420108,0.010335366633396206,0.07822402410291412,0.9055428792976858
reliable,marked_lineage,172,2,False,10,147,105,0.3230554893483034,0.0032432463780413855,True,1.600916323280104,0.9440744529932492,4.0301250744733705,0.7941080129105956
reliable,marked_lineage,173,1,False,10,151,103,0.33140076205613367,0.0033163182242557155,True,106.6716592190299,0.010044638833417958,0.041239786655181895,0.912551324558456
reliable,marked_lineage,173,2,False,10,151,103,0.33140076205613367,0.0033163182242557155,True,2.17482103776882,0.8948848237942043,4.03203528425681,0.7856501853329043
reliable,marked_lineage,174,1,False,10,126,105,0.31250391718145026,0.003088744744924109,True,108.14324845771402,0.00998719409466105,0.08194093495650183,0.9194637032950485
reliable,marked_lineage,174,2,False,10,126,105,0.31250391718145026,0.003088744744924109,True,1.2852270488527315,0.9595615295046275,9.747675905257452,0.9273396205708322
reliable,marked_lineage,175,1,False,10,122,102,0.3038010144242866,0.003056988089426154,True,104.87816697797535,0.01010461789434278,0.08341765312680782,0.890947197944356
reliable,marked_lineage,175,2,False,10,122,102,0.3038010144242866,0.003056988089426154,True,1.8440403214883003,0.9246843042239571,4.0905350090806945,0.5221313722430615
reliable,marked_lineage,176,1,False,10,118,100,0.29602532132389764,0.0029950506057099323,True,102.15238079231116,0.01014954540700678,0.05480676160192004,0.8506975172994409
reliable,marked_lineage,176,2,False,10,118,100,0.29602532132389764,0.0029950506057099323,True,1.252409920450807,0.9745751199459054,4.032503617485689,0.9105081445900636
reliable,marked_lineage,177,1,False,9,122,101,0.3028693137737842,0.0030279848594500836,True,101.5926129621883,0.010066289485644921,0.08225705586607583,0.8778215427782164
reliable,marked_lineage,177,2,False,9,122,101,0.3028693137737842,0.0030279848594500836,True,1.0790706256776603,0.9922158543013911,4.021024962495358,0.9731857936677251
reliable,marked_lineage,178,1,False,9,121,102,0.30683338509867764,0.003046762175364641,True,101.81880581888612,0.009996254771950278,0.038092195107582875,0.8949424122355111
reliable,marked_lineage,178,2,False,9,121,102,0.30683338509867764,0.003046762175364641,True,1.0328464102042147,0.9970403639138555,3.954291449963879,0.9987089093220354
reliable,marked_lineage,179,1,False,8,123,103,0.2938127859754026,0.0029016015184685426,True,101.88701669308908,0.009962162784018267,0.07681927028024434,0.8119593309424522
reliable,marked_lineage,179,2,False,8,123,103,0.2938127859754026,0.0029016015184685426,True,1.0233214737427658,0.9979637673428726,3.939889602523123,0.9999111192720269
reliable,marked_lineage,180,1,False,9,124,103,0.3082926699467928,0.003040102687561206,True,102.5711723850782,0.00992528927987404,0.07084714023405572,0.8985505506278384
reliable,marked_lineage,180,2,False,9,124,103,0.3082926699467928,0.003040102687561206,True,1.0159644773023493,0.9985918673023753,4.262406411482945,0.9993991223217058
reliable,marked_lineage,181,1,False,9,127,104,0.3155099566148287,0.003097830093320723,True,102.7442327982541,0.009913804726793266,0.056466655651523125,0.9335833148489145
reliable,marked_lineage,181,2,False,9,127,104,0.3155099566148287,0.003097830093320723,True,1.0350949517043186,0.9968484901020045,3.9039017901192747,0.9809513147795992
reliable,marked_lineage,182,1,False,9,127,105,0.3125641160352282,0.0030547435591113717,True,103.32607344786788,0.009890209603317015,0.061528513038350205,0.908707271177048
reliable,marked_lineage,182,2,False,9,127,105,0.3125641160352282,0.0030547435591113717,True,1.8296566666173277,0.7553848690389593,23.090669344392712,0.03975387964907344
reliable,marked_lineage,183,1,False,8,130,103,0.32680371616370313,0.003220491557899748,True,103.68837093912784,0.009871309075084085,0.06636579778567875,0.9362509240507502
reliable,marked_lineage,183,2,False,8,130,103,0.32680371616370313,0.003220491557899748,True,1.0637827910346889,0.9887211562939624,23.06422286477258,0.01694589918206778
reliable,marked_lineage,184,1,False,9,133,107,0.31151045596221155,0.003006819456003787,True,105.06695804922549,0.009803659585577424,0.052135025534342114,0.8862412521733818
reliable,marked_lineage,184,2,False,9,133,107,0.31151045596221155,0.003006819456003787,True,1.6561360399452498,0.8022603942602784,23.244441060778218,0.13942850271166388
reliable,marked_lineage,185,1,False,9,127,107,0.309365473423783,0.0029907191774123606,True,104.89250526034212,0.009803002405529605,0.06226259564888908,0.8786217854340258
reliable,marked_lineage,185,2,False,9,127,107,0.309365473423783,0.0029907191774123606,True,1.5333738723200319,0.8660407516966568,23.355681681882615,0.7952858385166675
reliable,marked_lineage,186,1,False,9,129,106,0.31591104308384904,0.0030563267202537996,True,104.95787210011154,0.009774357179006488,0.06343665935715466,0.9215487448082748
reliable,marked_lineage,186,2,False,9,129,106,0.31591104308384904,0.0030563267202537996,True,1.5177257235954753,0.951694574138965,3.9894329184269917,0.7680355288310834
reliable,marked_lineage,187,1,False,10,127,105,0.35310477606391677,0.0034450332573274347,True,105.29660373292022,0.009733070027188397,0.05985284916602841,0.9179430966282671
reliable,marked_lineage,187,2,False,10,127,105,0.35310477606391655,0.0034450332573274347,True,37.20258124468828,0.2982098728828518,3.942345587450753,0.7741252513503232
reliable,marked_lineage,188,1,False,10,127,106,0.834250998926994,0.008123723034654874,True,105.63779397897257,0.009704448854386562,0.049191523816096656,0.932321895559078
reliable,marked_lineage,188,2,False,10,127,106,0.8342509989269945,0.008123723034654761,True,105.91508984310424,0.009680207092041563,1.2026905857810624,0.7354496216122056
reliable,marked_lineage,189,1,False,9,124,102,0.33807386292147723,0.003337849529907772,True,105.19156061892812,0.009750067849699753,0.05874710297263044,0.9462440566597747
reliable,marked_lineage,189,2,False,9,124,102,0.338073862921477,0.003337849529907819,True,3.110408502516356,0.8484871157400934,4.100243332100155,0.9046018466247976
reliable,marked_lineage,190,1,False,9,129,103,0.20543463697320616,0.002681547858777125,True,104.53163082416552,0.009760280819930958,0.05962269804324278,0.8433633884455889
reliable,marked_lineage,190,2,False,9,129,103,0.20543463697320624,0.002681547858777125,True,1.9960542130775394,0.9143423798183116,4.0590347415783326,0.9485568979429162
reliable,marked_lineage,191,1,False,9,131,104,0.2930704809777789,0.0038172573835158303,True,104.0627888801503,0.01750913188478828,0.04517577955746385,0.8106752084496365
reliable,marked_lineage,191,2,False,9,131,104,0.2930704809777789,0.0038172573835158303,True,1.514716479067543,0.9517108271330346,4.300701473728037,0.996676428449067
reliable,marked_lineage,192,1,False,9,130,105,0.30987614725232093,0.003641399345946551,True,103.85540298176964,0.014316393859949395,0.03408115496125422,0.8936214108577124
reliable,marked_lineage,192,2,False,9,130,105,0.30987614725232093,0.003641399345946551,True,1.2924669645087887,0.9717895682504426,3.9262044383489125,0.9769646335290644
reliable,marked_lineage,193,1,False,8,125,101,0.2523183621815602,0.002869541102065893,True,104.36314009017836,0.012143094010190742,0.07196183858624701,0.9414692830622571
reliable,marked_lineage,193,2,False,8,125,101,0.25231836218155995,0.002869541102065893,True,9.88618523897768,0.6303580045907107,3.86811585857935,0.39192177724627913
reliable,marked_lineage,194,1,False,8,129,101,0.3343880104154418,0.0035346746761894345,True,103.3368673730113,0.01164992984426171,0.06130070533412322,0.9062332128244255
reliable,marked_lineage,194,2,False,8,129,101,0.3343880104154418,0.0035346746761894345,True,3.28182700499586,0.4753857115431176,29.730090281345422,0.35749312916634457
reliable,marked_lineage,195,1,False,8,126,106,0.3008735546329025,0.0030698621200721393,True,104.49799663147937,0.010942658889836728,0.03945285854593812,0.8257382238972577
reliable,marked_lineage,195,2,False,8,126,106,0.3008735546329025,0.0030698621200721393,True,1.0000007766082573,0.9999999567827066,26.203380218912535,0.9982010030167802
reliable,marked_lineage,196,1,False,8,132,106,0.3025591688740791,0.0030289297751770667,True,104.40792496142755,0.010455559518717019,0.06408518772225984,0.8449730685021855
reliable,marked_lineage,196,2,False,8,132,106,0.3025591688740791,0.0030289297751770667,True,1.0013245424801236,0.9998674247113442,26.59296014079977,0.988360003712845
reliable,marked_lineage,197,1,False,8,123,107,0.31625210659504377,0.003107602064247854,True,104.46253117734626,0.010139313437247853,0.08781263801348846,0.9188535756692295
reliable,marked_lineage,197,2,False,8,123,107,0.31625210659504377,0.003107602064247854,True,1.001427006058572,0.9998607388731083,26.930185502865193,0.9946352516687275
reliable,marked_lineage,198,1,False,8,126,108,0.3133726031571609,0.0030379485329684233,True,104.9285312547819,0.009954012732569075,0.040650883246340086,0.8926190635945468
reliable,marked_lineage,198,2,False,8,126,108,0.3133726031571609,0.0030379485329684233,True,1.001464297438687,0.999858331243817,27.207477905852752,0.9974561167008794
reliable,marked_lineage,199,1,False,9,130,108,0.3270413337633923,0.003145940776292465,True,105.8127663995478,0.009829429370139475,0.09285532593309735,0.8969388746148785
reliable,marked_lineage,199,2,False,9,130,108,0.3270413337633923,0.003145940776292465,True,1.00150351334565,0.9998558418583429,27.53198816761992,0.9953115921842695
reliable,marked_lineage,200,1,False,9,136,111,0.3075641621961694,0.002906730282314462,True,107.6980022003687,0.00967690097553442,0.11501013588422487,0.8379350910611356
reliable,marked_lineage,200,2,False,9,136,111,0.3075641621961694,0.002906730282314462,True,1.2626371186564944,0.9508393795642897,35.95704023874231,0.3571815422140491
reliable,marked_lineage,201,1,False,9,138,112,0.3474203173797781,0.0033698597671536342,True,108.12400140014496,0.009610332883451419,0.06811917491574063,0.9483861997655214
reliable,marked_lineage,201,2,False,9,138,112,0.3474203173797781,0.0033698597671536342,True,1.1357699443305527,0.976012745306232,36.40232513374528,0.5495618873875833
reliable,marked_lineage,202,1,False,10,140,115,0.31731148526962843,0.0029204389149711046,True,110.2447891643561,0.009499726412892142,0.048224977011482505,0.8612227617997561
reliable,marked_lineage,202,2,False,10,140,115,0.31731148526962843,0.0029204389149711046,True,1.00026060161573,0.999977925449665,28.43722145848474,0.9867272307091209
reliable,marked_lineage,203,1,False,10,135,114,0.3285616013168567,0.003027378087956384,True,110.85281663858083,0.009441647343476215,0.05860063194985308,0.9362902894136858
reliable,marked_lineage,203,2,False,10,135,114,0.3285616013168567,0.003027378087956384,True,1.0000312940080531,0.9999977782140458,29.58718130535832,0.06750727384887549
reliable,marked_lineage,204,1,False,10,139,115,0.31603756127390414,0.002878362660850116,True,111.44099863274023,0.009350929649797616,0.06207674993916809,0.8510028325857519
reliable,marked_lineage,204,2,False,10,139,115,0.31603756127390414,0.002878362660850116,True,1.7264611077338496,0.7642990599262447,29.574749677419533,0.580718632294803
reliable,marked_lineage,205,1,False,10,140,116,0.32765244924502,0.002950367130020059,True,112.95498623352997,0.009230732382638742,0.0628590764247227,0.9087403878599472
reliable,marked_lineage,205,2,False,10,140,116,0.32765244924502,0.002950367130020059,True,2.192084594613924,0.6695969098064106,29.683789072424418,0.5246906953561579
reliable,marked_lineage,206,1,False,10,141,117,0.328612786189656,0.002926956238028776,True,113.96311964395373,0.009125505414102083,0.06583152851386327,0.9034999842598528
reliable,marked_lineage,206,2,False,10,141,117,0.328612786189656,0.002926956238028776,True,2.053350744126958,0.733561358840334,29.702429292642826,0.39883469409953143
reliable,marked_lineage,207,1,False,10,139,118,0.32622704194075053,0.0028760628800602174,True,115.0874178551551,0.00902418994429322,0.06561758132762427,0.8814608351048754
reliable,marked_lineage,207,2,False,10,139,118,0.32622704194075053,0.0028760628800602174,True,1.939484478638799,0.7756094903943107,29.995786236153048,0.5057222108986332
reliable,marked_lineage,208,1,False,10,143,119,0.33735707836403583,0.0029452962206734804,True,116.17035133576412,0.008927622694143534,0.073969130096442,0.9363015061521948
reliable,marked_lineage,208,2,False,10,143,119,0.33735707836403583,0.0029452962206734804,True,1.99677966044585,0.7316399131941678,29.946632165775068,0.6174982776200956
reliable,marked_lineage,209,1,False,10,144,120,0.33632626584178804,0.002908440722621434,True,117.41085397874163,0.008833390304009042,0.04775826755425418,0.9213126509589256
reliable,marked_lineage,209,2,False,10,144,120,0.33632626584178804,0.002908440722621434,True,1.0072237757520324,0.9991206986011635,9.779924119095908,0.8723915900388579
reliable,marked_lineage,210,1,False,9,144,120,0.3283226205430084,0.0028299000155690736,True,118.25204000665994,0.008749891664875716,0.042165136083119684,0.879451502679273
reliable,marked_lineage,210,2,False,9,144,120,0.3283226205430084,0.0028299000155690736,True,1.033037508069821,0.9948157786860091,9.875147421598884,0.949990225555388
reliable,marked_lineage,211,1,False,9,142,120,0.3333751180445022,0.0028577523050940844,True,118.82499340773923,0.008676546965853365,0.02084135724080894,0.905884730336151
reliable,marked_lineage,211,2,False,9,142,120,0.3333751180445022,0.0028577523050940844,True,1.8151216120417633,0.7906328176740176,29.81270160880803,0.31984557577161454
reliable,marked_lineage,212,1,False,9,143,121,0.34357445475633924,0.0029110990673857453,True,119.41695537483999,0.00860579182271259,0.033692282088099726,0.9484643336468648
reliable,marked_lineage,212,2,False,9,143,121,0.34357445475633924,0.0029110990673857453,True,1.001277985841363,0.9998749400612904,33.24317221541638,0.999974959670947
reliable,marked_lineage,213,1,False,9,145,120,0.35541953419774014,0.003012570526631263,True,120.41111377537133,0.008529249430310155,0.008656144748537497,0.9390604450632251
reliable,marked_lineage,213,2,False,9,145,120,0.3554195341977401,0.003012570526631263,True,1.8766910319569667,0.9240322855787839,4.068718585950331,0.9716960742534846
reliable,marked_lineage,214,1,False,9,145,120,0.34194858271080786,0.002897208980536938,True,122.03838200723854,0.008450871725295158,0.03971441525767842,0.954605305518174
reliable,marked_lineage,214,2,False,9,145,120,0.34194858271080786,0.002897208980536938,True,1.805605025889251,0.9259897471493229,4.0235378061813964,0.9940177042200563
reliable,marked_lineage,215,1,False,9,139,115,0.3307693327055996,0.0028791739667746287,True,121.24280114912871,0.008476429812000044,0.053468525999527255,0.9408593033818378
reliable,marked_lineage,215,2,False,9,139,115,0.3307693327055996,0.0028791739667746287,True,1.6811985187160847,0.9363387598434442,3.8792368406658597,0.8639243672801733
reliable,marked_lineage,216,1,False,9,140,115,0.3292748258328204,0.002865042274664879,True,116.84708811171672,0.008652797967954597,0.06809956098325791,0.9125921016579781
reliable,marked_lineage,216,2,False,9,140,115,0.3292748258328204,0.002865042274664879,True,1.0053528835107468,0.9994702340997311,6.532080689368406,0.9831421897876322
reliable,marked_lineage,217,1,False,9,142,116,0.3336285633614648,0.0028929829126024464,True,116.14914981201963,0.008664058218810696,0.05899454786044703,0.929972777093479
reliable,marked_lineage,217,2,False,9,142,116,0.3336285633614648,0.0028929829126024464,True,1.051503577900673,0.9931706996136058,23.33259066643812,0.8483659570081116
reliable,marked_lineage,218,1,False,9,137,116,0.32817622027978743,0.0028370325475359655,True,116.35165361669213,0.00865774984124176,0.0643968139473203,0.8936172235297908
reliable,marked_lineage,218,2,False,9,137,116,0.32817622027978743,0.0028370325475359655,True,1.7879514478034233,0.7352013931625783,29.758725144650366,0.006138155287730453
reliable,marked_lineage,219,1,False,9,135,116,0.32757857466651596,0.0028386730286066334,True,116.59221927076582,0.008648236145536961,0.060550218160909434,0.8963072745877276
reliable,marked_lineage,219,2,False,9,135,116,0.32757857466651596,0.0028386730286066334,True,1.0606832150373087,0.9893619650629091,25.159482159529425,0.7914497478967172
reliable,marked_lineage,220,1,False,9,139,117,0.33668258439266835,0.002900954060321711,True,116.54254919567525,0.008649239656870809,0.05456849460861239,0.9371614057005163
reliable,marked_lineage,220,2,False,9,139,117,0.33668258439266835,0.002900954060321711,True,1.0948051165435513,0.9841223718018033,25.915394683306207,0.9871211265954555
reliable,marked_lineage,221,1,False,9,138,118,0.3371410075153727,0.0028939317063871053,True,117.20989467578147,0.008633005810823243,0.03516851984425861,0.9335389146282509
reliable,marked_lineage,221,2,False,9,138,118,0.3371410075153727,0.0028939317063871053,True,1.0365914668769667,0.9948335718116246,26.479064267167423,0.9819465450361384
reliable,marked_lineage,222,1,False,9,137,119,0.3350403259290464,0.0028649539129470022,True,117.51959306999136,0.008622065188075286,0.05491960265650315,0.9156156593036961
reliable,marked_lineage,222,2,False,9,137,119,0.3350403259290464,0.0028649539129470022,True,1.001483063166642,0.9998511336476215,38.52267211238246,0.999032320277474
reliable,marked_lineage,223,1,False,9,139,120,0.3342943949582693,0.0028465320818396216,True,118.09646917164166,0.008603257303594573,0.05362690795592121,0.905823052230045
reliable,marked_lineage,223,2,False,9,139,120,0.3342943949582693,0.0028465320818396216,True,1.0014828837183956,0.9998514276704771,39.33213102387669,0.9999742621176656
reliable,marked_lineage,224,1,False,9,139,121,0.32626218891784636,0.0027646065636390683,True,118.76754562863901,0.008578345234054218,0.048677824319571225,0.8555075625493725
reliable,marked_lineage,224,2,False,9,139,121,0.32626218891784636,0.0027646065636390683,True,1.0014819454959238,0.9998516214467025,39.95358441337893,0.9994584609144727
reliable,marked_lineage,225,1,False,9,143,122,0.3350474174920945,0.0028238301966401424,True,119.527209193289,0.008545876352351428,0.07708579953184173,0.8981262135881696
reliable,marked_lineage,225,2,False,9,143,122,0.3350474174920945,0.0028238301966401424,True,1.0014557802273736,0.9998533872476648,40.60573753463662,0.9999654500587604
reliable,marked_lineage,226,1,False,9,144,123,0.33696770933507697,0.0028225620042164738,True,120.37046236441934,0.008506233457798324,0.03913696606826184,0.9007894131345632
reliable,marked_lineage,226,2,False,9,144,123,0.33696770933507697,0.0028225620042164738,True,1.0014593557034257,0.9998533422967356,41.18557136591738,0.9998532731108072
reliable,marked_lineage,227,1,False,9,147,124,0.3463880498873173,0.0028821005061667833,True,121.29451033355102,0.008458362175849221,0.057757624060808366,0.9457201020120426
reliable,marked_lineage,227,2,False,9,147,124,0.3463880498873173,0.0028821005061667833,True,1.0014607071785437,0.9998532581447074,41.79027698352538,0.9998947924599425
reliable,marked_lineage,228,1,False,9,145,125,0.3413080558747576,0.0028192220033443805,True,122.252052475065,0.008404591630854585,0.06676181936255454,0.9087744354949614
reliable,marked_lineage,228,2,False,9,145,125,0.3413080558747576,0.0028192220033443805,True,1.001467716983724,0.9998527075479521,42.63896450013883,0.9997983302695914
reliable,marked_lineage,229,1,False,9,150,126,0.3442033452400173,0.002821852630246337,True,123.24209353331804,0.008345317462793359,0.04700705094565211,0.9177372676042899
reliable,marked_lineage,229,2,False,9,150,126,0.3442033452400173,0.002821852630246337,True,1.0014563399107699,0.9998532063810942,43.19792226310027,0.999106663301561
reliable,marked_lineage,230,1,False,9,152,127,0.3476900984473927,0.0028284851776232242,True,124.23621156120856,0.00828344383071954,0.041392668138748714,0.9290480778174994
reliable,marked_lineage,230,2,False,9,152,127,0.3476900984473927,0.0028284851776232242,True,1.0014862090682055,0.9998505615258426,44.16876805321179,0.9999692069937351
reliable,marked_lineage,231,1,False,9,154,128,0.3402722762995228,0.002746236719117308,True,125.24128198759632,0.008219581733010368,0.049857391588657415,0.8808425994762547
reliable,marked_lineage,231,2,False,9,154,128,0.3402722762995228,0.002746236719117308,True,1.0014626403168763,0.999852926479198,44.66479200985909,0.9992505220072169
reliable,marked_lineage,232,1,False,9,152,129,0.3478942065102037,0.002785782987067581,True,126.4372025794815,0.008151485517552194,0.05172505163700242,0.9158293632334934
reliable,marked_lineage,232,2,False,9,152,129,0.3478942065102037,0.002785782987067581,True,1.0014696521617201,0.999852454408149,45.50154305387202,0.9999948812530928
reliable,marked_lineage,233,1,False,9,160,130,0.35538564667539996,0.0028234827113880214,True,127.2523897465091,0.008090127882419917,0.016432032305835377,0.9482219528518707
reliable,marked_lineage,233,2,False,9,160,130,0.35538564667539996,0.0028234827113880214,True,1.0014451612855568,0.9998543968140374,46.21655221139383,0.9999801753739662
reliable,marked_lineage,234,1,False,9,160,131,0.34577936018001304,0.0027253089891966166,True,128.44876900261426,0.008023034022673316,0.0373912975571454,0.8883170334709963
reliable,marked_lineage,234,2,False,9,160,131,0.34577936018001304,0.0027253089891966166,True,1.0016470094542962,0.9998375815332413,46.801397439572305,0.9999928256894888
reliable,marked_lineage,235,1,False,8,163,132,0.3541230300058485,0.0027694375585033187,True,129.4564507539781,0.007958900582137522,0.05137014095214747,0.9269299573528582
reliable,marked_lineage,235,2,False,8,163,132,0.3541230300058485,0.0027694375585033187,True,1.0016081182511434,0.9998414070595508,47.764766683824426,0.9999851648361769
reliable,marked_lineage,236,1,False,8,164,133,0.3602714166624509,0.0027957489160013926,True,130.45161959771184,0.007896651933382676,0.058169332449503126,0.9520823104660581
reliable,marked_lineage,236,2,False,8,164,133,0.3602714166624509,0.0027957489160013926,True,1.0015461376827328,0.9998459708604016,48.38334312141698,0.9999868023859407
reliable,marked_lineage,237,1,False,8,168,134,0.34803517898475433,0.0026796785778308322,True,131.45220638259687,0.007834930548738111,0.07113477214083058,0.8787417280160956
reliable,marked_lineage,237,2,False,8,168,134,0.34803517898475433,0.0026796785778308322,True,9.266378286307791,0.22578862931762916,21.523914869425763,0.501547400524196
reliable,marked_lineage,238,1,False,8,171,135,0.36292178961971194,0.0027732515035770343,True,132.46038148593925,0.007773296241787787,0.0722115424540299,0.9523404038792292
reliable,marked_lineage,238,2,False,8,171,135,0.36292178961971194,0.0027732515035770343,True,1.0016570133399014,0.9998361213670822,49.720547627188765,0.9999748182545101
reliable,marked_lineage,239,1,False,8,169,136,0.36177638361573605,0.0027434696937732534,True,133.45757804901456,0.007714027756232286,0.07412462852478958,0.9373233761291048
reliable,marked_lineage,239,2,False,8,169,136,0.36177638361573605,0.0027434696937732534,True,8.573554447012818,0.2604272376206105,22.92486580541537,0.7310812707244777
reliable,marked_lineage,240,1,False,8,159,137,0.3673287228859912,0.002764655257000172,True,134.45529997939977,0.007654926866804671,0.08680447856255674,0.9600726260403906
reliable,marked_lineage,240,2,False,8,159,137,0.3673287228859912,0.002764655257000172,True,1.0015785826177728,0.9998439803788606,51.49090653768347,0.9999848074700498
intermittent,marked_gaussian_evidence,1,1,False,0,0,0,0.0,0.0,False,,,,
intermittent,marked_gaussian_evidence,1,2,False,0,0,0,0.0,0.0,False,,,,
intermittent,marked_gaussian_evidence,2,1,False,2,9,1,0.010208584972325912,0.010208584972325912,True,2.21867272339712,0.5833123232191996,0.06757423227289326,0.10166537826254675
intermittent,marked_gaussian_evidence,2,2,False,2,9,1,0.010208584972325912,0.010208584972325912,False,,,,
intermittent,marked_gaussian_evidence,3,1,False,3,19,1,0.00898572387081437,0.00898572387081437,True,3.6412339107483946,0.37003042845264034,0.07036703932767976,0.14541089494402792
intermittent,marked_gaussian_evidence,3,2,False,3,19,1,0.00898572387081437,0.00898572387081437,False,,,,
intermittent,marked_gaussian_evidence,4,1,False,3,25,2,0.024720204818748828,0.014597358996544053,True,5.52682460283359,0.3392845228533405,0.0560528450527953,0.3622434424121846
intermittent,marked_gaussian_evidence,4,2,False,3,25,2,0.024720204818748828,0.014597358996544053,False,,,,
intermittent,marked_gaussian_evidence,5,1,False,3,29,3,0.018355534784338462,0.007752239019189754,True,7.6386161441059945,0.25795751387081123,0.09935741134367751,0.46378836985230193
intermittent,marked_gaussian_evidence,5,2,False,3,29,3,0.018355534784338462,0.007752239019189754,False,,,,
intermittent,marked_gaussian_evidence,6,1,False,4,36,4,0.03619602126247084,0.010949933142733972,True,10.636602423519623,0.1634631853793837,0.10656854480590164,0.4545264699289852
intermittent,marked_gaussian_evidence,6,2,False,4,36,4,0.03619602126247084,0.010949933142733972,False,,,,
intermittent,marked_gaussian_evidence,7,1,False,4,40,7,0.05869712723354742,0.012612204144119796,True,12.888734422895684,0.13102753296358147,0.05378356768864491,0.6126277340883529
intermittent,marked_gaussian_evidence,7,2,False,4,40,7,0.05869712723354742,0.012612204144119796,False,,,,
intermittent,marked_gaussian_evidence,8,1,False,5,49,13,0.098766009406989,0.011090888350095082,True,15.189139801496507,0.14743725156248394,0.051262000733259636,0.7916766373796313
intermittent,marked_gaussian_evidence,8,2,False,4,21,3,0.0033419265412343675,0.001262798879709966,True,3.0494686530501176,0.5935264550533704,35.07648949985105,9.15085635885861e-14
intermittent,marked_gaussian_evidence,9,1,False,4,51,15,0.125953426608234,0.011579933637647189,True,18.55939781780686,0.10343704949705923,0.05706067093004055,0.7098384284233891
intermittent,marked_gaussian_evidence,9,2,False,3,18,0,0.0,0.0,True,1.0000000000000724,0.999999999999998,35.64463907174475,0.0008023866698578158
intermittent,marked_gaussian_evidence,10,1,False,4,55,20,0.16943438687488913,0.011631463502165313,True,21.047344140731262,0.08943730051207137,0.04529137185970938,0.8892327307928144
intermittent,marked_gaussian_evidence,10,2,False,4,55,20,0.16943438687488913,0.011631463502165313,True,1.3300309779118782,0.9173467275586161,35.80341075488868,0.0459228041636456
intermittent,marked_gaussian_evidence,11,1,False,5,57,23,0.14404786187719465,0.008941816737324767,True,23.195268889997863,0.08043228212818912,0.11247041930649476,0.8079039073927506
intermittent,marked_gaussian_evidence,11,2,False,5,57,23,0.14404786187719465,0.008941816737324767,True,1.4142379810814174,0.8899638757260236,35.99589844149703,0.2680800125561708
intermittent,marked_gaussian_evidence,12,1,False,6,52,24,0.18598864756085576,0.010617953725528418,True,25.403107047943646,0.06832973723694363,0.051580401947551806,0.8053815713706838
intermittent,marked_gaussian_evidence,12,2,False,6,52,24,0.18598864756085576,0.010617953725528418,False,,,,
intermittent,marked_gaussian_evidence,13,1,False,6,54,26,0.18029317460203723,0.009263129678571022,True,27.3813626468161,0.062248198074278574,0.03365421759250316,0.8562933348382047
intermittent,marked_gaussian_evidence,13,2,False,6,54,26,0.18029317460203723,0.009263129678571022,False,,,,
intermittent,marked_gaussian_evidence,14,1,False,6,52,30,0.23085976382430826,0.021318026005434927,True,29.27315557743022,0.062250070333411504,0.03193951217151648,0.8954176628092142
intermittent,marked_gaussian_evidence,14,2,False,6,52,30,0.23085976382430826,0.021318026005434927,False,,,,
intermittent,marked_gaussian_evidence,15,1,False,6,53,23,0.19552399127971676,0.0456478870024603,True,29.65835603689052,0.11300604965438563,0.09931305650821314,0.8635495616821286
intermittent,marked_gaussian_evidence,15,2,False,6,53,23,0.19552399127971676,0.0456478870024603,False,,,,
intermittent,marked_gaussian_evidence,16,1,False,6,57,22,0.2257260007070026,0.09324589594887797,True,26.076247494721237,0.21560922943707328,0.11344635573578923,0.8831859052822036
intermittent,marked_gaussian_evidence,16,2,False,6,57,22,0.2257260007070026,0.09324589594887797,False,,,,
intermittent,marked_gaussian_evidence,17,1,False,6,63,13,0.25032768151791074,0.1820226245489881,True,18.08765660139797,0.3730794757478485,0.03564853079705343,0.9032055279107858
intermittent,marked_gaussian_evidence,17,2,False,6,63,13,0.25032768151791074,0.1820226245489881,False,,,,
intermittent,marked_gaussian_evidence,18,1,True,8,69,12,0.8625228541341171,0.5853495342938926,True,9.15721389715678,0.5788230866849728,0.045649281019597344,0.9355251977998083
intermittent,marked_gaussian_evidence,18,2,False,6,13,1,0.1802023983034982,0.1802023983034982,False,,,,
intermittent,marked_gaussian_evidence,19,1,True,7,73,4,0.38699006541228503,0.37402708604494705,True,5.533637546546364,0.6970186710902596,0.041851459391518776,0.9796504831584459
intermittent,marked_gaussian_evidence,19,2,True,7,73,4,0.38699006541228503,0.37402708604494705,False,,,,
intermittent,marked_gaussian_evidence,20,1,True,7,75,2,0.628103394111276,0.6252414040869877,True,2.9910457925791087,0.8295401720882302,0.09105700630675714,0.9815474154459483
intermittent,marked_gaussian_evidence,20,2,True,7,75,2,0.628103394111276,0.6252414040869877,False,,,,
intermittent,marked_gaussian_evidence,21,1,True,7,80,1,0.8302667570556972,0.8302667570556972,True,1.5501250671988251,0.9430258950159714,0.09168980582450387,0.9723597490047778
intermittent,marked_gaussian_evidence,21,2,True,7,80,1,0.8302667570556972,0.8302667570556972,False,,,,
intermittent,marked_gaussian_evidence,22,1,True,7,81,1,0.9508975478614654,0.9508975478614654,True,1.1599767693590721,0.9835879614241422,0.06143679940974246,0.9921954435677609
intermittent,marked_gaussian_evidence,22,2,True,7,81,1,0.9508975478614654,0.9508975478614654,False,,,,
intermittent,marked_gaussian_evidence,23,1,True,7,85,1,0.9864854658237695,0.9864854658237695,True,1.0608808911664076,0.9941279152317714,0.1200661223864506,0.9919761947313624
intermittent,marked_gaussian_evidence,23,2,True,7,85,1,0.9864854658237695,0.9864854658237695,False,,,,
intermittent,marked_gaussian_evidence,24,1,True,7,76,1,0.9954019637318123,0.9954019637318123,True,1.038272986197653,0.996426387905405,0.04687810512051207,0.9947461149531847
intermittent,marked_gaussian_evidence,24,2,True,7,76,1,0.9954019637318123,0.9954019637318123,False,,,,
intermittent,marked_gaussian_evidence,25,1,True,7,75,1,0.996974170558824,0.996974170558824,True,1.0315595908898687,0.9970966695040449,0.11109578156562097,0.9936401600306825
intermittent,marked_gaussian_evidence,25,2,True,7,75,1,0.996974170558824,0.996974170558824,False,,,,
intermittent,marked_gaussian_evidence,26,1,True,7,74,1,0.997637290397469,0.997637290397469,True,1.0328669147746241,0.996969323540937,0.1446768418821758,0.9952750578358406
intermittent,marked_gaussian_evidence,26,2,True,7,74,1,0.997637290397469,0.997637290397469,False,,,,
intermittent,marked_gaussian_evidence,27,1,True,7,80,1,0.9977710315405839,0.9977710315405839,True,1.0346707770394434,0.9968065168384215,0.09425574860562583,0.9955231300918258
intermittent,marked_gaussian_evidence,27,2,True,7,80,1,0.9977710315405839,0.9977710315405839,False,,,,
intermittent,marked_gaussian_evidence,28,1,True,7,79,1,0.9972213274114908,0.9972213274114908,True,1.0363395796675174,0.9966614997586557,0.14609414399609785,0.9912409026593701
intermittent,marked_gaussian_evidence,28,2,True,7,79,1,0.9972213274114908,0.9972213274114908,False,,,,
intermittent,marked_gaussian_evidence,29,1,True,6,82,1,0.9974813591215748,0.9974813591215748,True,1.039245097061744,0.996377538786917,0.06595437955072765,0.9933726580810714
intermittent,marked_gaussian_evidence,29,2,True,6,82,1,0.9974813591215748,0.9974813591215748,False,,,,
intermittent,marked_gaussian_evidence,30,1,True,6,83,1,0.9975834920146988,0.9975834920146988,True,1.0409197317756904,0.9962342703389224,0.10946912424036814,0.9943625983979414
intermittent,marked_gaussian_evidence,30,2,True,6,83,1,0.9975834920146988,0.9975834920146988,False,,,,
intermittent,marked_gaussian_evidence,31,1,True,7,89,1,0.9975306425066667,0.9975306425066667,True,1.042434441134107,0.9961012863108234,0.08829915880796961,0.9939536234894701
intermittent,marked_gaussian_evidence,31,2,True,6,9,1,0.9876076570945518,0.9876076570945518,False,,,,
intermittent,marked_gaussian_evidence,32,1,True,7,93,1,0.9958968558021577,0.9958968558021577,True,1.0450451500126543,0.9958622551364176,0.1276275268101563,0.991865088223948
intermittent,marked_gaussian_evidence,32,2,True,7,93,1,0.9958968558021577,0.9958968558021577,False,,,,
intermittent,marked_gaussian_evidence,33,1,True,7,95,1,0.9970634154181053,0.9970634154181053,True,1.0534667623587064,0.9950370518504115,0.13037048703411427,0.9930998376184912
intermittent,marked_gaussian_evidence,33,2,True,7,95,1,0.9970634154181053,0.9970634154181053,False,,,,
intermittent,marked_gaussian_evidence,34,1,True,7,101,1,0.997623101424609,0.997623101424609,True,1.0494993048956975,0.9954416980399071,0.06686490791099757,0.9957381827092858
intermittent,marked_gaussian_evidence,34,2,True,7,101,1,0.997623101424609,0.997623101424609,False,,,,
intermittent,marked_gaussian_evidence,35,1,True,7,103,1,0.9971307590537537,0.9971307590537537,True,1.0471404406012073,0.9956860818656375,0.07119023561182705,0.9906595330985978
intermittent,marked_gaussian_evidence,35,2,True,7,103,1,0.9971307590537537,0.9971307590537537,False,,,,
intermittent,marked_gaussian_evidence,36,1,True,8,103,1,0.9973675614665359,0.9973675614665359,True,1.0478252136223403,0.9956293082607339,0.06371735568738825,0.9936748272369795
intermittent,marked_gaussian_evidence,36,2,True,8,103,1,0.9973675614665359,0.9973675614665359,False,,,,
intermittent,marked_gaussian_evidence,37,1,True,8,103,1,0.9978235927932166,0.9978235927932166,True,1.0489461471457593,0.9955292996517361,0.09117330618167116,0.9967699662427051
intermittent,marked_gaussian_evidence,37,2,True,8,103,1,0.9978235927932166,0.9978235927932166,False,,,,
intermittent,marked_gaussian_evidence,38,1,True,8,108,1,0.997501483682924,0.997501483682924,True,1.0464907505327716,0.9957824816417419,0.11920467821727368,0.9941000873368981
intermittent,marked_gaussian_evidence,38,2,True,8,108,1,0.997501483682924,0.997501483682924,False,,,,
intermittent,marked_gaussian_evidence,39,1,True,8,105,1,0.997465820324166,0.997465820324166,True,1.0457116832136986,0.995867326444349,0.13080897192112637,0.9944579447843261
intermittent,marked_gaussian_evidence,39,2,True,8,105,1,0.997465820324166,0.997465820324166,False,,,,
intermittent,marked_gaussian_evidence,40,1,True,8,111,1,0.9976890637581801,0.9976890637581801,True,1.0448199753997829,0.995954441771967,0.08858551246905268,0.9960114038568741
intermittent,marked_gaussian_evidence,40,2,True,8,111,1,0.9976890637581801,0.9976890637581801,False,,,,
intermittent,marked_gaussian_evidence,41,1,True,8,111,1,0.9972649397303162,0.9972649397303162,True,1.0436474487004401,0.9960769622410023,0.07037480290136493,0.9924315124841061
intermittent,marked_gaussian_evidence,41,2,True,8,111,1,0.9972649397303162,0.9972649397303162,False,,,,
intermittent,marked_gaussian_evidence,42,1,True,8,114,1,0.9972921927269793,0.9972921927269793,True,1.0445311302957996,0.9960001953592139,0.1352366596943447,0.9934633687391052
intermittent,marked_gaussian_evidence,42,2,True,8,114,1,0.9972921927269793,0.9972921927269793,False,,,,
intermittent,marked_gaussian_evidence,43,1,True,8,117,1,0.9975346205915038,0.9975346205915038,True,1.04496640376163,0.9959594269463556,0.0833394835762643,0.994861685640968
intermittent,marked_gaussian_evidence,43,2,True,8,117,1,0.9975346205915038,0.9975346205915038,True,1.000001375031332,0.9999999207505683,54.83688755796934,6.109264429370791e-42
intermittent,marked_gaussian_evidence,44,1,True,8,117,1,0.9977289219806932,0.9977289219806932,True,1.0462260623673487,0.9958545233456042,0.07579585839954701,0.9963895648683407
intermittent,marked_gaussian_evidence,44,2,True,8,14,1,0.9875592743855888,0.9875592743855888,False,,,,
intermittent,marked_gaussian_evidence,45,1,True,8,121,1,0.9967347460139466,0.9967347460139466,True,1.0468704088806298,0.9958055949666372,0.07599994338219847,0.9970874393540845
intermittent,marked_gaussian_evidence,45,2,True,8,121,1,0.9967347460139466,0.9967347460139466,False,,,,
intermittent,marked_gaussian_evidence,46,1,True,8,126,1,0.9783362926080036,0.9783362926080036,True,1.0518984924888954,0.9953246804823952,0.05281856519235835,0.9945070663506772
intermittent,marked_gaussian_evidence,46,2,True,8,126,1,0.9783362926080036,0.9783362926080036,False,,,,
intermittent,marked_gaussian_evidence,47,1,True,8,127,1,0.9479825029833351,0.9479825029833351,True,1.0542443962458838,0.995105786780554,0.03337188178640938,0.9933547013435094
intermittent,marked_gaussian_evidence,47,2,True,8,127,1,0.9479825029833351,0.9479825029833351,False,,,,
intermittent,marked_gaussian_evidence,48,1,True,8,132,2,0.8984871876741045,0.8966042678567503,True,1.0600647768665332,0.9945672576967101,0.054656727329486246,0.9926005736387276
intermittent,marked_gaussian_evidence,48,2,True,8,10,1,0.6041308261743512,0.6041308261743512,False,,,,
intermittent,marked_gaussian_evidence,49,1,True,8,135,1,0.6847073854619213,0.6847073854619213,True,1.0723688397534918,0.9933765935177609,0.0581685833824595,0.9962233169374285
intermittent,marked_gaussian_evidence,49,2,True,8,135,1,0.6847073854619213,0.6847073854619213,False,,,,
intermittent,marked_gaussian_evidence,50,1,True,8,136,2,0.5245598785961684,0.5225134906866796,True,1.1440797775825216,0.9863333884432741,0.13003677900754507,0.9787496197652108
intermittent,marked_gaussian_evidence,50,2,True,8,136,2,0.5245598785961684,0.5225134906866796,True,1.0,1.0,66.29367577706189,3.620837580164018e-66
intermittent,marked_gaussian_evidence,51,1,True,8,142,2,0.39493399618676267,0.39273832979398643,True,1.2381357148106544,0.9771691236463114,0.08924475283613055,0.9810632934018249
intermittent,marked_gaussian_evidence,51,2,False,7,11,1,0.09679063905772384,0.09679063905772384,False,,,,
intermittent,marked_gaussian_evidence,52,1,False,7,144,3,0.11772009241013479,0.11391183951120333,True,1.423413928274645,0.9600048623350728,0.04546557902497019,0.9657459965363206
intermittent,marked_gaussian_evidence,52,2,False,7,144,3,0.11772009241013479,0.11391183951120333,False,,,,
intermittent,marked_gaussian_evidence,53,1,True,9,135,15,0.7866073679377572,0.7134126408553801,True,3.9285899248504723,0.8101702975940427,0.06837284706978408,0.8684515169196141
intermittent,marked_gaussian_evidence,53,2,False,8,131,15,0.0912922278173162,0.05988149987702975,False,,,,
intermittent,marked_gaussian_evidence,54,1,False,8,137,14,0.12425959649145367,0.1034185721407149,True,1.765216585757218,0.9322399654318609,0.04155659970176547,0.9937058572104517
intermittent,marked_gaussian_evidence,54,2,False,8,137,14,0.12425959649145367,0.1034185721407149,False,,,,
intermittent,marked_gaussian_evidence,55,1,False,8,136,21,0.09856094981422306,0.051010245245868724,True,7.685469078601066,0.698521922636077,0.07864627236752818,0.9233058793308622
intermittent,marked_gaussian_evidence,55,2,False,8,136,21,0.09856094981422306,0.051010245245868724,False,,,,
intermittent,marked_gaussian_evidence,56,1,False,8,144,26,0.09874453860705548,0.018611439503987696,True,42.703651103381574,0.3477672894336512,0.08208080467486802,0.9375614297166136
intermittent,marked_gaussian_evidence,56,2,False,8,144,26,0.09874453860705548,0.018611439503987696,False,,,,
intermittent,marked_gaussian_evidence,57,1,True,9,148,31,0.437679017469932,0.08580899256601111,True,108.23506435485679,0.08676650406798153,0.09887432377805208,0.9246209914503032
intermittent,marked_gaussian_evidence,57,2,False,8,144,31,0.10578604561774604,0.004867382774193787,False,,,,
intermittent,marked_gaussian_evidence,58,1,False,10,150,127,2.1118630522757225,0.10556258847739768,True,106.79451129521107,0.0910319969130209,0.039719495252907425,0.9898843263117398
intermittent,marked_gaussian_evidence,58,2,False,7,148,127,0.5103680394800745,0.01075232374166267,True,1.3173186211591374,0.9340001490859076,32.641485575489284,5.461771473302552e-40
intermittent,marked_gaussian_evidence,59,1,False,7,150,128,0.507681659271914,0.00440239869296477,True,105.60234998261451,0.09286890844153835,0.0830707168783325,0.9818821034999317
intermittent,marked_gaussian_evidence,59,2,False,7,150,128,0.507681659271914,0.00440239869296477,True,1.0,1.0,32.593402563315735,0.08845372259400568
intermittent,marked_gaussian_evidence,60,1,False,7,156,129,0.4835827306856231,0.003996981757246207,True,125.79282749302327,0.013717412032626991,0.07681619984072663,0.9713289774402804
intermittent,marked_gaussian_evidence,60,2,False,7,156,129,0.4835827306856231,0.003996981757246207,True,1.6695752554411574,0.7910446787232472,32.43225471951759,0.22120713105452805
intermittent,marked_gaussian_evidence,61,1,False,7,148,126,0.4700441089868719,0.003869767497923597,True,129.21733692657378,0.012355906524587842,0.04629540010971166,0.9191716683668767
intermittent,marked_gaussian_evidence,61,2,False,7,148,126,0.4700441089868719,0.003869767497923597,True,2.4025011856611735,0.6309640605377137,32.3352049730279,0.47356378777104224
intermittent,marked_gaussian_evidence,62,1,False,7,156,128,0.46624511657419976,0.0037837051512104236,True,132.21954601542615,0.011563441992524176,0.0820008669988391,0.9433839971780461
intermittent,marked_gaussian_evidence,62,2,False,7,156,128,0.46624511657419976,0.0037837051512104236,True,3.522940395335649,0.4260449030556738,32.270453544530376,0.6238570778918142
intermittent,marked_gaussian_evidence,63,1,False,7,159,125,0.46388950710213395,0.0038261341711659093,True,134.8883804698592,0.011306821429097298,0.060304704569526225,0.9540103255424685
intermittent,marked_gaussian_evidence,63,2,False,7,159,125,0.46388950710213395,0.0038261341711659093,True,4.014072186863692,0.43147333535087923,32.26200262235368,0.6758555262329822
intermittent,marked_gaussian_evidence,64,1,False,7,168,128,0.46106425963733333,0.0037441579801307974,True,137.7057653394286,0.010776032506826636,0.0795192752049788,0.9179829786096148
intermittent,marked_gaussian_evidence,64,2,False,7,168,128,0.46106425963733333,0.0037441579801307974,True,5.1622484781486,0.2934536243683113,32.24008665436323,0.4423241344053311
intermittent,marked_gaussian_evidence,65,1,False,7,170,127,0.4572314845421582,0.003744104243263685,True,140.53930325374662,0.010077191200275221,0.08209555183358459,0.9089693661765252
intermittent,marked_gaussian_evidence,65,2,False,7,26,0,0.0,0.0,True,5.646336758406625,0.27807688086076543,32.10116601583492,0.6395125482081125
intermittent,marked_gaussian_evidence,66,1,False,7,173,128,0.4652237322084901,0.003794705487768821,True,143.24899902586668,0.009241819169480378,0.06599980548507882,0.9386583250624498
intermittent,marked_gaussian_evidence,66,2,False,7,173,128,0.4652237322084901,0.003794705487768821,True,4.853771684173954,0.3227371955244502,31.943306649089752,0.9757926429802243
intermittent,marked_gaussian_evidence,67,1,False,8,175,126,1.614423673190281,0.013651529079937308,True,146.12075035212018,0.00846385800921789,0.04927572298403228,0.888734053785625
intermittent,marked_gaussian_evidence,67,2,False,7,179,126,0.4499097889079266,0.0037083371627137374,True,5.144428447851705,0.3249962394134057,32.058025496969925,0.6512257623578188
intermittent,marked_gaussian_evidence,68,1,False,9,175,137,1.9380672197669562,0.015701045231444503,True,144.90027763654317,0.007914280891064229,0.0349348153204243,0.9766796381278411
intermittent,marked_gaussian_evidence,68,2,False,7,181,137,0.5107565260617037,0.003980027505069647,True,7.468380164277538,0.21632457782097178,31.767677130348332,0.8035805573985362
intermittent,marked_gaussian_evidence,69,1,False,7,190,138,0.5106650738372783,0.004024882899428768,True,143.6081079873187,0.007619756144954873,0.048842939611930904,0.9739587738493216
intermittent,marked_gaussian_evidence,69,2,False,7,190,138,0.5106650738372783,0.004024882899428768,True,8.063524710696122,0.19150884775387347,31.773103596231277,0.872369704298384
intermittent,marked_gaussian_evidence,70,1,False,7,193,143,0.4982613094721147,0.0037308864029061755,True,149.27863604926455,0.0073620116350875744,0.040988381890688735,0.924367749990272
intermittent,marked_gaussian_evidence,70,2,False,7,193,143,0.4982613094721147,0.0037308864029061755,True,8.656405153408347,0.17088207147976325,31.716923557479213,0.8572547032059931
intermittent,marked_gaussian_evidence,71,1,False,7,201,149,0.517708189992444,0.0036743874661561583,True,153.6408757533003,0.0071315889229721235,0.07970625736675815,0.9274841335719125
intermittent,marked_gaussian_evidence,71,2,False,7,201,149,0.517708189992444,0.0036743874661561583,True,10.192056970849162,0.18892725796717405,31.722093907388395,0.9267282309024784
intermittent,marked_gaussian_evidence,72,1,False,8,202,151,0.529086362159666,0.003670321753864787,True,157.3090982356064,0.006936356685472833,0.09955328073333283,0.953700620450239
intermittent,marked_gaussian_evidence,72,2,False,8,202,151,0.529086362159666,0.003670321753864787,True,10.825834742999469,0.15423500424547557,31.690189526503122,0.9794738796014307
intermittent,marked_gaussian_evidence,73,1,False,8,207,150,0.4999726928043127,0.0035116480341555586,True,160.59644308415213,0.006765041788481254,0.042233186738611615,0.8393712993313572
intermittent,marked_gaussian_evidence,73,2,False,8,207,150,0.4999726928043127,0.0035116480341555586,True,11.664485646786098,0.1310495512894603,31.607370832779715,0.9510012204237926
intermittent,marked_gaussian_evidence,74,1,False,8,215,163,0.5465146571678339,0.0035274880040029473,True,164.07535673806677,0.00664281117867757,0.047087991380743204,0.8973282202552024
intermittent,marked_gaussian_evidence,74,2,False,8,215,163,0.5465146571678339,0.0035274880040029473,True,12.53729278929117,0.13329418759877584,31.508568426791683,0.9439570519667065
intermittent,marked_gaussian_evidence,75,1,False,8,222,165,0.541764771791216,0.0034526964084204467,True,167.6060696230396,0.006564690128878448,0.05412117733474206,0.8695588491177664
intermittent,marked_gaussian_evidence,75,2,False,8,222,165,0.541764771791216,0.0034526964084204467,True,13.524631882485227,0.11329841577468863,31.472848442884164,0.9478318440227462
intermittent,marked_gaussian_evidence,76,1,False,9,224,171,0.5516841020671148,0.0033954665461733615,True,171.3333933656298,0.006459921641267635,0.06050622674186132,0.8878561618915736
intermittent,marked_gaussian_evidence,76,2,False,9,224,171,0.5516841020671148,0.0033954665461733615,True,14.469967304958693,0.09990775368014145,31.400538804888537,0.9647809989178667
intermittent,marked_gaussian_evidence,77,1,False,8,211,175,0.5544429817272742,0.003339864101761239,True,174.92904481112765,0.006390317204024355,0.05918060669807441,0.8627087612068418
intermittent,marked_gaussian_evidence,77,2,False,8,211,175,0.5544429817272742,0.003339864101761239,True,2.896361815024016,0.6161596624638757,40.117099119661724,0.7387605711852547
intermittent,marked_gaussian_evidence,78,1,False,8,211,181,0.5644394639761032,0.0032878451578607754,True,178.0890360229274,0.0062769386825907315,0.06272869970874015,0.8819792598007066
intermittent,marked_gaussian_evidence,78,2,False,8,211,181,0.5644394639761032,0.0032878451578607754,True,1.0000000410048968,0.9999999980526866,31.115789584391614,5.4306179110222335e-22
intermittent,marked_gaussian_evidence,79,1,False,8,209,184,0.570115554805275,0.00325378401637693,True,181.59698169437345,0.0061512470503223395,0.07063913026894945,0.905186813938547
intermittent,marked_gaussian_evidence,79,2,False,8,209,184,0.570115554805275,0.00325378401637693,False,,,,
intermittent,marked_gaussian_evidence,80,1,False,7,214,187,0.5591648635803328,0.0031368037809023884,True,184.54107957108138,0.0060101237030648685,0.089886470798468,0.8071365743310113
intermittent,marked_gaussian_evidence,80,2,False,7,214,187,0.5591648635803328,0.0031368037809023884,False,,,,
intermittent,marked_gaussian_evidence,81,1,False,8,216,189,0.5795911324793785,0.0032013267333331334,True,187.76354697001167,0.0058510704734669,0.09683389666624291,0.869760133344362
intermittent,marked_gaussian_evidence,81,2,False,8,216,189,0.5795911324793785,0.0032013267333331334,True,1.000000000000947,0.9999999999999711,30.75079573750311,2.0356511538280527e-20
intermittent,marked_gaussian_evidence,82,1,False,8,217,192,0.5825876034762802,0.0031613526340471846,True,190.8625797709379,0.005764921338728067,0.05456438340554461,0.8655888761882058
intermittent,marked_gaussian_evidence,82,2,False,8,217,192,0.5825876034762802,0.0031613526340471846,False,,,,
intermittent,marked_gaussian_evidence,83,1,False,8,220,196,0.5920342570721985,0.0031482950900586647,True,193.8282609772594,0.005718477024036078,0.10988162286020166,0.9348684545593229
intermittent,marked_gaussian_evidence,83,2,False,8,220,196,0.5920342570721985,0.0031482950900586647,True,1.0018875604652187,0.9998056099473835,39.147150548792176,2.298542669213632e-07
intermittent,marked_gaussian_evidence,84,1,False,8,220,198,0.5954878459326751,0.003126141411306007,True,196.6699495850717,0.005639109382551383,0.09778786706145108,0.8965186945277913
intermittent,marked_gaussian_evidence,84,2,False,8,20,0,0.0,0.0,False,,,,
intermittent,marked_gaussian_evidence,85,1,False,8,221,201,0.6193338416684615,0.0032010839081458267,True,199.62002015301692,0.005552275457240641,0.06426381982018775,0.9752071253291075
intermittent,marked_gaussian_evidence,85,2,False,8,221,201,0.6193338416684615,0.0032010839081458267,False,,,,
intermittent,marked_gaussian_evidence,86,1,True,9,229,204,1.8499497120115964,0.009662648018439376,True,202.50393234436123,0.005447702665584515,0.08472257983545375,0.9283194728927509
intermittent,marked_gaussian_evidence,86,2,False,8,229,204,0.612136267038855,0.0031154345224101436,False,,,,
intermittent,marked_gaussian_evidence,87,1,False,8,226,207,0.6463860814842592,0.003296025243508908,True,201.12181384818206,0.005452540546919563,0.08195296594854169,0.9587642918245856
intermittent,marked_gaussian_evidence,87,2,False,8,226,207,0.6463860814842592,0.003296025243508908,False,,,,
intermittent,marked_gaussian_evidence,88,1,False,8,234,210,0.6002933216717496,0.0029989844385702323,True,205.85272102798834,0.005328511502988558,0.08739144764921328,0.881467870370009
intermittent,marked_gaussian_evidence,88,2,False,8,234,210,0.6002933216717496,0.0029989844385702323,True,1.0000186947411926,0.9999987793639891,30.441956274636272,1.2441585165581335e-18
intermittent,marked_gaussian_evidence,89,1,False,8,228,212,0.4210684339248193,0.0020989300033906768,True,209.69263131706373,0.005223019878587228,0.07896311212900294,0.786526207470831
intermittent,marked_gaussian_evidence,89,2,False,8,228,212,0.4210684339248193,0.0020989300033906768,False,,,,
intermittent,marked_gaussian_evidence,90,1,False,8,232,210,0.4222945800585387,0.0021053357567690978,True,208.7084873947387,0.0051658439765827025,0.07416026837806886,0.8168395360206879
intermittent,marked_gaussian_evidence,90,2,False,8,232,210,0.4222945800585387,0.0021053357567690978,True,1.8482219459299436,0.695989650508998,32.05388853703006,0.001519175844091562
intermittent,marked_gaussian_evidence,91,1,False,8,226,210,0.44869227517543725,0.002211958463906423,True,208.45214523216285,0.005063707773713139,0.0642205263939614,0.9237743809028933
intermittent,marked_gaussian_evidence,91,2,False,8,226,210,0.44869227517543725,0.002211958463906423,True,1.3765730023711036,0.9224566550906244,31.88531971379977,0.03277211873429458
intermittent,marked_gaussian_evidence,92,1,False,8,232,208,0.4852489767141604,0.0023836644787664793,True,209.00158869845774,0.0049880599161701384,0.054113951884488136,0.9579222739375902
intermittent,marked_gaussian_evidence,92,2,False,8,232,208,0.4852489767141604,0.0023836644787664793,True,1.1935980070956485,0.957126137363098,31.636080327321533,0.036872690656762866
intermittent,marked_gaussian_evidence,93,1,False,8,233,207,0.512685304846372,0.0025121701881494554,True,211.45494499167586,0.004914187820756793,0.05445279724919179,0.9440605164970339
intermittent,marked_gaussian_evidence,93,2,False,8,233,207,0.512685304846372,0.0025121701881494554,True,1.1551919881718389,0.9672230072983826,31.347511980690964,0.11277579737008804
intermittent,marked_gaussian_evidence,94,1,False,8,236,214,0.9234590287794431,0.004524748628107533,True,213.6436067093067,0.004910628775412764,0.07796268354325396,0.8720094132557679
intermittent,marked_gaussian_evidence,94,2,False,8,235,214,0.4435958676083158,0.0021285010523281567,True,1.0000207123772271,0.9999985692341372,30.7831349125223,0.00011079380078949261
intermittent,marked_gaussian_evidence,95,1,False,8,233,207,0.543126583786833,0.0026526532650653217,True,210.01494387089224,0.0050028246003316346,0.08441973851349295,0.9808313683501855
intermittent,marked_gaussian_evidence,95,2,False,8,233,207,0.543126583786833,0.0026526532650653217,True,2.185808041799851,0.49689433493715857,30.602051906893415,0.05908545834827229
intermittent,marked_gaussian_evidence,96,1,False,8,242,207,0.5518687468661838,0.0027097039338700533,True,213.50622331580004,0.004943816677865453,0.040618386094781356,0.9400947538024869
intermittent,marked_gaussian_evidence,96,2,False,8,242,207,0.5518687468661838,0.0027097039338700533,True,1.0915365796597276,0.9827322301231052,30.258975680107575,0.022590558228188274
intermittent,marked_gaussian_evidence,97,1,False,9,242,218,0.9261903065884232,0.004606409648072782,True,216.8065924557728,0.004988659303614841,0.041476966417009195,0.871294202172342
intermittent,marked_gaussian_evidence,97,2,False,8,21,0,0.0,0.0,True,1.775845283464557,0.8106816334304984,29.982045133464638,0.01273631372640724
intermittent,marked_gaussian_evidence,98,1,False,10,246,215,1.5687154483719765,0.007693255866046158,True,212.77145979320744,0.005134935964814263,0.0951229083917213,0.9511592858722752
intermittent,marked_gaussian_evidence,98,2,False,7,21,0,0.0,0.0,True,2.7032832585420614,0.6372206932279167,29.802164772458756,0.0743265227535467
intermittent,marked_gaussian_evidence,99,1,False,11,249,210,1.923246259284491,0.009401235173893508,True,213.80296672474387,0.005106765267278633,0.044937956344475075,0.9783866411273208
intermittent,marked_gaussian_evidence,99,2,False,6,22,0,0.0,0.0,True,1.067216498142448,0.9894122386309167,37.43796145220059,0.0010581390901845214
intermittent,marked_gaussian_evidence,100,1,False,11,248,211,2.04157889189363,0.009970178724229702,True,214.7130313238338,0.005060101858665045,0.04982663915443186,0.9841543877466463
intermittent,marked_gaussian_evidence,100,2,False,6,19,0,0.0,0.0,True,1.4913614294789852,0.883661341374081,37.03838277142777,0.03833140360534281
intermittent,marked_gaussian_evidence,101,1,True,11,245,212,2.0823703051099347,0.010220791984075139,True,214.83107005910756,0.005019971481592638,0.01459123017618354,0.9732733268790232
intermittent,marked_gaussian_evidence,101,2,False,6,18,0,0.0,0.0,True,1.7025962112694601,0.8475790275403247,36.55566614307732,0.34239561036297667
intermittent,marked_gaussian_evidence,102,1,True,10,236,212,1.1445075703982326,0.0057015942377673335,True,213.97308355487223,0.004991307636278192,0.0612702434879851,0.9392061999648443
intermittent,marked_gaussian_evidence,102,2,False,7,19,0,0.0,0.0,True,1.6316569300204777,0.8726632398010551,37.0280922826782,0.783971878613742
intermittent,marked_gaussian_evidence,103,1,True,10,235,212,1.9080720445835746,0.009419223323740782,True,210.93334182473575,0.005083650011013037,0.03749735343735392,0.9908420233675391
intermittent,marked_gaussian_evidence,103,2,False,6,19,0,0.0,0.0,False,,,,
intermittent,marked_gaussian_evidence,104,1,True,10,236,212,2.008762539593208,0.009901767455789674,True,211.81619052457776,0.005044712030719809,0.05698818335245788,0.9364379799622935
intermittent,marked_gaussian_evidence,104,2,False,6,15,0,0.0,0.0,False,,,,
intermittent,marked_gaussian_evidence,105,1,False,9,234,212,1.175789128809001,0.005880363902337878,True,212.1977057831298,0.0050060538784536725,0.05239452243633204,0.9774547246639522
intermittent,marked_gaussian_evidence,105,2,False,6,15,0,0.0,0.0,False,,,,
intermittent,marked_gaussian_evidence,106,1,False,9,231,211,1.0484541850939282,0.005293737929968468,True,211.0357766204908,0.005048401830061064,0.0719553852227941,0.9331714839682597
intermittent,marked_gaussian_evidence,106,2,False,6,14,0,0.0,0.0,False,,,,
intermittent,marked_gaussian_evidence,107,1,True,9,233,210,1.5715596025672165,0.007954151097648354,True,210.23441054854683,0.005068778561433306,0.0510837335245769,0.9718723752974685
intermittent,marked_gaussian_evidence,107,2,False,6,14,0,0.0,0.0,False,,,,
intermittent,marked_gaussian_evidence,108,1,True,9,233,211,1.8617887913555138,0.009406269463404634,True,211.51003722667954,0.005053012838308033,0.021879969483652523,0.9440061423654436
intermittent,marked_gaussian_evidence,108,2,False,6,14,0,0.0,0.0,False,,,,
intermittent,marked_gaussian_evidence,109,1,True,9,236,212,2.0541607742785777,0.010383668739346376,True,212.43052256579446,0.005034828950810632,0.045280644753644225,0.9580842451112559
intermittent,marked_gaussian_evidence,109,2,False,6,13,0,0.0,0.0,False,,,,
intermittent,marked_gaussian_evidence,110,1,True,9,235,212,2.1050760544206284,0.010647711887007074,True,212.96355975476735,0.005021959486069078,0.038825024169705465,0.9640586262752704
intermittent,marked_gaussian_evidence,110,2,False,6,13,0,0.0,0.0,True,5.93919256993095,0.340609100869948,28.086867842343377,1.54100595843e-312
intermittent,marked_gaussian_evidence,111,1,True,9,233,213,2.113057605312912,0.01068055961924794,True,212.53140688977243,0.00501839043683496,0.05057140941230824,0.974851382000955
intermittent,marked_gaussian_evidence,111,2,False,6,15,0,0.0,0.0,True,1.0641979429940633,0.9886265643258391,26.48790250405761,0.0033871707701338158
intermittent,marked_gaussian_evidence,112,1,True,9,234,212,2.0561630513285873,0.010396784141766553,True,211.92786698244709,0.005017162452085833,0.04904137301125394,0.943694830972138
intermittent,marked_gaussian_evidence,112,2,False,5,14,0,0.0,0.0,True,1.0862171113847507,0.9839076573453175,27.422584183486848,0.00204009356593921
intermittent,marked_gaussian_evidence,113,1,False,9,235,212,2.078816136993055,0.010507461194413353,True,211.57280505727581,0.005016307296955334,0.06875918499295304,0.9705377368059532
intermittent,marked_gaussian_evidence,113,2,False,6,16,0,0.0,0.0,True,1.92415004846318,0.6502600337638214,27.209184340531873,0.057300616957009984
intermittent,marked_gaussian_evidence,114,1,True,8,233,212,2.0827221256128174,0.010524934040625438,True,211.522934605911,0.005016210735685579,0.07189153767717339,0.9748877968324332
intermittent,marked_gaussian_evidence,114,2,False,7,18,0,0.0,0.0,True,2.3523490417265567,0.5555338329995374,27.009404979788208,0.6893424285601087
intermittent,marked_gaussian_evidence,115,1,True,8,229,212,2.078685133387993,0.010503833921820735,True,211.5003076734722,0.005016537591382286,0.08584352655279938,0.9387235421115314
intermittent,marked_gaussian_evidence,115,2,False,7,20,0,0.0,0.0,True,2.240011747887106,0.5459243097432794,27.036502130402436,0.985325770545839
intermittent,marked_gaussian_evidence,116,1,True,8,229,212,2.0342793378979245,0.01027968134251343,True,211.47227231151524,0.005018378427392601,0.06237627225631114,0.8978658798327577
intermittent,marked_gaussian_evidence,116,2,False,7,20,0,0.0,0.0,True,2.1154943301614386,0.5473233025336073,26.885216517387924,0.9942208359336144
intermittent,marked_gaussian_evidence,117,1,True,8,229,212,2.0732858299080066,0.010475492313019424,True,211.47527011276105,0.0050206149985448315,0.046204382595739536,0.9546184735169336
intermittent,marked_gaussian_evidence,117,2,False,6,16,0,0.0,0.0,True,2.0450284816046502,0.5560460351853747,26.819649921034678,0.996284531574766
intermittent,marked_gaussian_evidence,118,1,False,7,228,211,1.131644150416563,0.005703409782040412,True,211.40301903843505,0.005025409895848308,0.08009353867312048,0.9265737945155288
intermittent,marked_gaussian_evidence,118,2,False,6,14,0,0.0,0.0,True,2.003758075337129,0.5801743476984356,26.636313159231786,0.9899493639360276
intermittent,marked_gaussian_evidence,119,1,False,7,228,211,1.014759550612532,0.005104715060555434,True,210.39724896105616,0.005027342813821398,0.0614665593688981,0.9028899776047652
intermittent,marked_gaussian_evidence,119,2,False,6,13,0,0.0,0.0,True,1.018669986193769,0.9975189339264214,9.807268694382405,3.5786825424042836e-05
intermittent,marked_gaussian_evidence,120,1,False,8,231,210,1.6413613719936957,0.008288321780223923,True,210.1016307299807,0.005028105601334663,0.07214371370798427,0.963781187252285
intermittent,marked_gaussian_evidence,120,2,False,6,14,0,0.0,0.0,True,1.0035528535310752,0.9996284232306001,9.762092159306667,0.04539040039958735
intermittent,marked_gaussian_evidence,121,1,True,8,233,211,1.907788923893098,0.009629483800436923,True,211.51515275874192,0.005018869236763004,0.07254837022456813,0.9464064403939888
intermittent,marked_gaussian_evidence,121,2,False,7,17,0,0.0,0.0,True,1.23085351421371,0.9469295740925816,9.721748538037938,0.39330089287685693
intermittent,marked_gaussian_evidence,122,1,False,8,235,1,0.0019855163248004805,0.0019855163248004805,True,214.86925634508933,0.005010511104476956,3.483331537044233,0.8971260570119514
intermittent,marked_gaussian_evidence,122,2,False,7,17,0,0.0,0.0,True,1.179581253055357,0.9647731625419761,9.69554672988585,0.9763400260483825
intermittent,marked_gaussian_evidence,123,1,False,8,236,4,0.00960603680256659,0.005273789535024825,True,215.02408102646024,0.004973266426061478,0.08303720827616741,0.7337299324647564
intermittent,marked_gaussian_evidence,123,2,False,7,19,0,0.0,0.0,True,3.167366804932494,0.5592445501777773,4.009254279345464,0.043382199357404096
intermittent,marked_gaussian_evidence,124,1,False,9,234,214,2.031153625060238,0.010239577618698646,True,214.71087830109047,0.004988340851061773,0.05159638179157058,0.928848964642444
intermittent,marked_gaussian_evidence,124,2,False,7,18,0,0.0,0.0,True,2.8207902618614824,0.6650005648391548,3.932953547494068,0.989251127744483
intermittent,marked_gaussian_evidence,125,1,False,8,229,1,0.0017391321640770419,0.0017391321640770419,True,212.7350878315296,0.00504646517293696,3.5228792165230707,0.9228573833478431
intermittent,marked_gaussian_evidence,125,2,False,7,17,0,0.0,0.0,True,1.4329611486071674,0.9225080389269902,3.9762470423818486,0.999648415309787
intermittent,marked_gaussian_evidence,126,1,False,10,231,3,0.008561928018471405,0.005776186277049478,True,212.28901197288687,0.005105392405078462,0.03177097888515216,0.6795212720023915
intermittent,marked_gaussian_evidence,126,2,False,7,14,0,0.0,0.0,True,1.0632490736414508,0.991174329499173,4.056538795459674,0.9864840506132111
intermittent,marked_gaussian_evidence,127,1,False,9,235,214,1.0160099039161923,0.00509516506403057,True,212.81548724700187,0.005012162364780772,0.04967207406246074,0.8434469406989926
intermittent,marked_gaussian_evidence,127,2,False,7,13,0,0.0,0.0,True,1.0592550952259796,0.9905531009059616,26.66770256673142,0.9989363413947154
intermittent,marked_gaussian_evidence,128,1,False,11,236,213,1.751853893985969,0.00882234880847619,True,211.55798186956986,0.005029416160992688,0.05031572624499657,0.8694753989910963
intermittent,marked_gaussian_evidence,128,2,False,6,11,0,0.0,0.0,True,1.006737831455943,0.9992566845162828,25.69109267370397,0.9997617261608186
intermittent,marked_gaussian_evidence,129,1,False,10,238,212,1.107881688306003,0.005587939001050541,True,211.74665404195432,0.005034194446900499,0.06537621963130108,0.9353841533118982
intermittent,marked_gaussian_evidence,129,2,False,6,10,0,0.0,0.0,True,1.7690941321233402,0.7949391643108569,23.872732121927005,0.001206321734069591
intermittent,marked_gaussian_evidence,130,1,False,12,240,210,1.7233896496898722,0.008722886034650492,True,210.44801321082028,0.005044498024978096,0.05407432501368672,0.9382068125704988
intermittent,marked_gaussian_evidence,130,2,False,5,10,0,0.0,0.0,True,1.001403729789794,0.9998626968269755,25.212750941242707,0.9946110584373066
intermittent,marked_gaussian_evidence,131,1,True,13,241,211,1.9879648371447227,0.01004737055449501,True,211.395326790356,0.005038661206583565,0.051589845790832915,0.9728897661683373
intermittent,marked_gaussian_evidence,131,2,False,5,8,0,0.0,0.0,True,1.002382658494095,0.9997529388688933,23.736515805006352,0.9801594199289139
intermittent,marked_gaussian_evidence,132,1,True,13,240,212,2.074311949009007,0.010480866338644689,True,212.03997699029676,0.005037094053864407,0.05623382425027728,0.9663130212202801
intermittent,marked_gaussian_evidence,132,2,False,5,8,0,0.0,0.0,False,,,,
intermittent,marked_gaussian_evidence,133,1,True,13,239,212,2.069875980394907,0.010462138227072901,True,211.82828887697775,0.0050407848002882675,0.07599963724473588,0.9636812801671749
intermittent,marked_gaussian_evidence,133,2,False,5,7,0,0.0,0.0,False,,,,
intermittent,marked_gaussian_evidence,134,1,False,13,240,212,2.059323664003079,0.010411168510991813,True,211.52275199451313,0.005044571150120063,0.058855474737248406,0.9168636903148983
intermittent,marked_gaussian_evidence,134,2,False,4,7,0,0.0,0.0,True,1.0,1.0,28.01943144308654,1.0848111136375505e-07
intermittent,marked_gaussian_evidence,135,1,False,12,239,211,1.1407887184785874,0.005771729219623905,True,211.30190666692135,0.005048693375449745,0.0722990595570594,0.9370984649945134
intermittent,marked_gaussian_evidence,135,2,False,4,8,0,0.0,0.0,True,1.0198117699840004,0.9971380637151501,9.838591457570624,3.2240438018457095e-07
intermittent,marked_gaussian_evidence,136,1,False,12,243,212,1.7504563706410141,0.008839532482063544,True,210.29418829508276,0.005057226747304334,0.08269244635451287,0.8937031220819821
intermittent,marked_gaussian_evidence,136,2,False,4,7,0,0.0,0.0,False,,,,
intermittent,marked_gaussian_evidence,137,1,False,11,239,212,1.101680525905607,0.005570210348082303,True,211.1651045901352,0.005052103908786541,0.09417792242607549,0.9282356105079335
intermittent,marked_gaussian_evidence,137,2,False,4,6,0,0.0,0.0,True,1.0,1.0,25.631999262119564,4.97148139875389e-06
intermittent,marked_gaussian_evidence,138,1,False,12,239,210,1.7107770319763873,0.008674409106386264,True,210.4157227499786,0.005060080759527155,0.07358348226386179,0.9672065008479397
intermittent,marked_gaussian_evidence,138,2,False,4,9,0,0.0,0.0,True,1.0000000432386982,0.9999999979411227,25.48475292057483,0.07960480964368104
intermittent,marked_gaussian_evidence,139,1,False,11,238,212,1.1030023103882631,0.005579251434080596,True,211.34844970695508,0.005053803314626357,0.06489808707935799,0.9332101673161992
intermittent,marked_gaussian_evidence,139,2,False,5,12,0,0.0,0.0,True,1.0007122825338886,0.9999373110939554,3.970182585090696,6.788286186558438e-08
intermittent,marked_gaussian_evidence,140,1,False,11,237,210,1.6544596914940068,0.008392713093134845,True,210.351127806668,0.005063448228548086,0.05081532155112087,0.9259993491305873
intermittent,marked_gaussian_evidence,140,2,False,5,13,0,0.0,0.0,True,1.0000136403876925,0.9999990848507889,4.046835950538874,0.047898536997301316
intermittent,marked_gaussian_evidence,141,1,False,11,240,211,1.9888624464593705,0.010069673518164428,True,211.43568112772877,0.005054088134783,0.0568251415284723,0.9783061544839925
intermittent,marked_gaussian_evidence,141,2,False,5,11,0,0.0,0.0,True,1.2200696764777008,0.9498666672071038,4.029938961571288,0.35483397442936926
intermittent,marked_gaussian_evidence,142,1,False,12,236,212,1.1389529790589985,0.005766293886052783,True,212.17350335848508,0.005050881791682927,0.05077160343976151,0.9427244366757952
intermittent,marked_gaussian_evidence,142,2,False,5,11,0,0.0,0.0,True,1.1800972326510275,0.9650031348344271,4.003674924464814,0.9339023597422796
intermittent,marked_gaussian_evidence,143,1,False,11,235,211,1.0673704227876328,0.005411243324114607,True,210.4098461173913,0.005066808565270803,0.03770167553269916,0.9551707969242658
intermittent,marked_gaussian_evidence,143,2,False,5,12,0,0.0,0.0,True,1.7799010775722108,0.8413330910850005,9.784586370198094,0.4896305524619064
intermittent,marked_gaussian_evidence,144,1,False,11,237,210,1.4609424346258653,0.007421922378921839,True,209.8998838510309,0.005071881907333168,0.03577541140049287,0.9608951957838991
intermittent,marked_gaussian_evidence,144,2,False,4,14,0,0.0,0.0,True,1.121364250274398,0.9756446116996771,26.324719650510765,1.1905716854593664e-05
intermittent,marked_gaussian_evidence,145,1,False,10,237,211,0.6226441709260472,0.0030589017179293286,True,211.1904646227481,0.005061257645630951,0.03951553556406854,0.9807495057822074
intermittent,marked_gaussian_evidence,145,2,False,5,11,0,0.0,0.0,True,1.0033489464939616,0.9996263817371894,26.39252378351145,0.017787774848874574
intermittent,marked_gaussian_evidence,146,1,False,7,238,212,0.6042873482197525,0.002909782970352479,True,214.3216858577069,0.004877668813525453,0.03964059325722988,0.9510407378871153
intermittent,marked_gaussian_evidence,146,2,False,5,13,0,0.0,0.0,True,1.0003122851546127,0.9999728853743299,29.29554745383821,0.0001284025270093712
intermittent,marked_gaussian_evidence,147,1,False,12,246,217,0.9598942357159104,0.004786448696217514,True,216.53707463585906,0.004772765731771816,0.06434110555570793,0.8961719067340264
intermittent,marked_gaussian_evidence,147,2,False,6,242,216,0.45442035347098797,0.002189343757824659,True,1.000031313066005,0.9999977751861535,3.9526799907387944,0.003487672272905126
intermittent,marked_gaussian_evidence,148,1,False,10,246,211,0.7942476690211027,0.003827158357096575,True,214.25896417345854,0.004815959033034214,0.08025739217535569,0.9624804897040867
intermittent,marked_gaussian_evidence,148,2,False,10,246,211,0.7942476690211027,0.003827158357096575,True,199.59538199964203,0.042284813187828466,4.095406510006405,0.7282289848444925
intermittent,marked_gaussian_evidence,149,1,False,11,248,2,0.003854852807912392,0.002374062656289364,True,218.59586312887672,0.004729666384670267,0.07216541575981192,0.8535414044857387
intermittent,marked_gaussian_evidence,149,2,False,11,248,2,0.003854852807912392,0.002374062656289364,True,202.39973849730032,0.053233525290751586,3.8508272648788604,0.9146500754084923
intermittent,marked_gaussian_evidence,150,1,False,11,244,7,0.01521264272838345,0.0033364398060450927,True,221.78144197179108,0.007208531031339371,0.05942246472333614,0.9415344552491522
intermittent,marked_gaussian_evidence,150,2,False,11,244,7,0.01521264272838345,0.0033364398060450927,True,1.000340813209301,0.9999729657432784,26.56647715208948,0.9883658139825174
intermittent,marked_gaussian_evidence,151,1,False,11,256,226,0.6281678064738501,0.0028506524365540893,True,224.61155717067916,0.006730739696364857,0.034724695433174885,0.9018353935215823
intermittent,marked_gaussian_evidence,151,2,False,11,256,226,0.6281678064738501,0.0028506524365540893,True,1.3986738162953747,0.9286648947527767,23.71772616440841,0.0020971568420626203
intermittent,marked_gaussian_evidence,152,1,False,13,257,228,0.6079418641913881,0.0027354323717731516,True,227.43634359756933,0.007499788591812451,0.06096482851798742,0.8296301200922123
intermittent,marked_gaussian_evidence,152,2,False,13,257,228,0.6079418641913881,0.0027354323717731516,True,3.623923098559854,0.40748408251228335,23.47299854847429,0.1592719217448394
intermittent,marked_gaussian_evidence,153,1,False,12,265,230,0.6316787330694393,0.0028554263041196946,True,229.7277157378169,0.007783551883627233,0.07459492102439318,0.9247280040264597
intermittent,marked_gaussian_evidence,153,2,False,12,265,230,0.6316787330694393,0.0028554263041196946,True,2.6566234186462165,0.48262018301524945,23.404566828600867,0.8823348372338434
intermittent,marked_gaussian_evidence,154,1,False,12,255,224,0.3509381009098449,0.0028387930026148003,True,231.9102406219259,0.007991415443892565,0.037441576463484554,0.9698268775574256
intermittent,marked_gaussian_evidence,154,2,False,12,255,224,0.3509381009098449,0.0028387930026148003,True,187.00092278636387,0.0931350903944246,4.02877154193303,0.7529217203649623
intermittent,marked_gaussian_evidence,155,1,False,11,260,226,0.4307892292918954,0.003667153501782058,True,223.60915330172472,0.016482419914210303,0.06401478719287002,0.7932603033321599
intermittent,marked_gaussian_evidence,155,2,False,11,260,226,0.4307892292918954,0.003667153501782058,True,2.0981917928977474,0.5879604332131884,24.479758524351364,0.01620484664117092
intermittent,marked_gaussian_evidence,156,1,False,11,261,227,0.5432361867441751,0.003118594556103183,True,225.42280529817108,0.009542910461879207,0.04328619549196966,0.9233566055185646
intermittent,marked_gaussian_evidence,156,2,False,11,261,227,0.5432361867441751,0.003118594556103183,True,1.7854655896169653,0.8227528254405211,23.023512265963845,0.5924331877295417
intermittent,marked_gaussian_evidence,157,1,False,11,269,229,0.4715638017295445,0.00264657622008229,True,227.37041956256422,0.0072390289637873535,0.04926901172401335,0.922479829848022
intermittent,marked_gaussian_evidence,157,2,False,11,269,229,0.4715638017295445,0.00264657622008229,True,2.7431066522635983,0.6291863511800704,9.79823712375142,1.3957473077358585e-05
intermittent,marked_gaussian_evidence,158,1,False,11,267,224,0.5307217331874293,0.002576573420107589,True,226.82882068177386,0.005966394886637624,0.06516997259959327,0.9400780058228302
intermittent,marked_gaussian_evidence,158,2,False,11,267,224,0.5307217331874293,0.002576573420107589,True,1.1143005365386742,0.9802881398356735,21.51952535563326,0.9880268382906664
intermittent,marked_gaussian_evidence,159,1,False,11,270,230,0.4837631864576851,0.0023529688586838363,True,228.84158842995072,0.005433942630261837,0.04785693532367379,0.9701941836977772
intermittent,marked_gaussian_evidence,159,2,False,11,270,230,0.4837631864576851,0.0023529688586838363,True,3.5721835466893594,0.4229418129238017,29.810333673020114,0.0891007581419053
intermittent,marked_gaussian_evidence,160,1,False,11,262,228,0.47340011320088937,0.00224252363413258,True,228.04615562165893,0.00508589654313483,0.04565215250640443,0.9415884917851066
intermittent,marked_gaussian_evidence,160,2,False,11,262,228,0.47340011320088937,0.00224252363413258,True,1.0011391430129832,0.9998873612311171,33.56702856921174,0.9998289559321185
intermittent,marked_gaussian_evidence,161,1,False,11,271,227,0.5072745117043506,0.0023691574691443906,True,227.3869871464883,0.004851913162987427,0.04544016340744353,0.9728862369187974
intermittent,marked_gaussian_evidence,161,2,False,10,20,0,0.0,0.0,True,1.0010790840353259,0.9998938975524523,34.17489993217299,0.999891837194127
intermittent,marked_gaussian_evidence,162,1,False,11,271,225,0.5349888286217268,0.0025613921567021946,True,229.45608983935165,0.0046028238010390275,0.05522851524925686,0.9604748579212348
intermittent,marked_gaussian_evidence,162,2,False,11,271,225,0.5349888286217268,0.0025613921567021946,True,1.0012547297210845,0.9998787130294257,35.085981654292134,0.9999197889786723
intermittent,marked_gaussian_evidence,163,1,False,11,262,232,0.4728703950500266,0.00210633969162019,True,231.50914338806894,0.004602263324549267,0.056311228586091465,0.9129837258791427
intermittent,marked_gaussian_evidence,163,2,False,11,262,232,0.4728703950500266,0.00210633969162019,True,1.0011436362567925,0.9998868260066388,35.694994974646036,0.9999910546298514
intermittent,marked_gaussian_evidence,164,1,False,11,271,228,0.5221351966907191,0.002340119122533568,True,230.05872063407935,0.004596154118977664,0.05133739829068235,0.92141265008557
intermittent,marked_gaussian_evidence,164,2,False,11,271,228,0.5221351966907191,0.002340119122533568,True,1.0011382378787053,0.9998874341077579,36.73306940255367,0.9999648401673124
intermittent,marked_gaussian_evidence,165,1,False,11,270,225,0.5739270477880097,0.0028857053934540204,True,232.56385193208234,0.004555024155535185,0.04913231474759352,0.9661256034786103
intermittent,marked_gaussian_evidence,165,2,False,11,270,225,0.5739270477880097,0.0028857053934540204,True,1.000000555334154,0.9999999696724567,29.585069737567935,2.4221934442311287e-08
intermittent,marked_gaussian_evidence,166,1,False,10,276,237,0.47807300946351433,0.0020963193005004506,True,235.3689328725606,0.004535542865674593,0.06539483692032157,0.912395370821875
intermittent,marked_gaussian_evidence,166,2,False,10,276,237,0.47807300946351433,0.0020963193005004506,True,1.0000000177160955,0.9999999991998549,18.10289779245892,0.9941449125885594
intermittent,marked_gaussian_evidence,167,1,False,10,270,233,0.4773627829444527,0.0021065825018693842,True,233.93646505635988,0.004498235501958538,0.050299753448544544,0.9392941945724109
intermittent,marked_gaussian_evidence,167,2,False,10,270,233,0.4773627829444527,0.0021065825018693842,True,1.0663877883213588,0.9901484610044691,9.7665329308141,0.1637235709402637
intermittent,marked_gaussian_evidence,168,1,False,10,271,231,0.4726502861108667,0.0020784187991312987,True,232.01905380360049,0.004448172680422349,0.06198837420036239,0.9232331958116384
intermittent,marked_gaussian_evidence,168,2,False,10,271,231,0.4726502861108667,0.0020784187991312987,True,1.0037202257569184,0.9996001683909016,25.008701296066874,0.008558251119295519
intermittent,marked_gaussian_evidence,169,1,False,10,270,231,0.4824615764516775,0.0021114258889385748,True,231.29965721793687,0.004416130818682934,0.06898381488217338,0.961777184821303
intermittent,marked_gaussian_evidence,169,2,False,10,270,231,0.4824615764516775,0.0021114258889385748,True,3.4795482710074292,0.3815094835871279,29.726491358582685,0.388660665770078
intermittent,marked_gaussian_evidence,170,1,False,10,275,231,0.47646091524903733,0.002079123804336859,True,231.68855829525134,0.004391851515876707,0.06001146417858079,0.9356305330568853
intermittent,marked_gaussian_evidence,170,2,False,10,275,231,0.47646091524903733,0.002079123804336859,True,3.707428844629191,0.5130975661752497,29.870318008185638,0.19234263968387916
intermittent,marked_gaussian_evidence,171,1,False,10,274,231,0.47833914181501846,0.0020842031466144248,True,231.8096484479106,0.004380138714126384,0.06770664708556767,0.9436750316232512
intermittent,marked_gaussian_evidence,171,2,False,10,274,231,0.47833914181501846,0.0020842031466144248,True,5.459483487499009,0.27529277518245737,29.80722669540908,0.24015098329944168
intermittent,marked_gaussian_evidence,172,1,False,10,274,230,0.5000373898695312,0.002189531571724916,True,231.90650409070835,0.004368625751848172,0.07822402410291412,0.936374791309759
intermittent,marked_gaussian_evidence,172,2,False,10,274,230,0.5000373898695312,0.002189531571724916,True,4.1222492583867645,0.8235279853500077,4.0301250744733705,0.6251092860242744
intermittent,marked_gaussian_evidence,173,1,False,11,280,230,1.2070894763596303,0.005330929483524697,True,233.88990040189134,0.004329636603305389,0.041239786655181895,0.9404872098019728
intermittent,marked_gaussian_evidence,173,2,False,10,274,230,0.5272689962580468,0.0023108654554345443,True,10.487146153195125,0.665296846145296,4.03203528425681,0.6194465559684422
intermittent,marked_gaussian_evidence,174,1,False,10,270,231,0.5013489377145457,0.0021761987934275943,True,235.44348732011593,0.0043166595155550375,0.08194093495650183,0.9743532633673541
intermittent,marked_gaussian_evidence,174,2,False,10,270,231,0.5013489377145457,0.0021761987934275943,True,1.6025248183432073,0.908979045518122,9.747675905257452,0.8319668658108453
intermittent,marked_gaussian_evidence,175,1,False,9,264,230,0.4723494822416013,0.002071553959722495,True,231.9127109262775,0.004406426903916112,0.08341765312680782,0.9244277038009686
intermittent,marked_gaussian_evidence,175,2,False,9,264,230,0.4723494822416013,0.002071553959722495,True,18.50967682835258,0.5875235332013607,4.0905350090806945,0.2942752872742495
intermittent,marked_gaussian_evidence,176,1,False,9,269,229,0.4638471129080334,0.002041730381695389,True,230.8243323176622,0.004421492588766878,0.05480676160192004,0.8955065864473674
intermittent,marked_gaussian_evidence,176,2,False,9,269,229,0.4638471129080334,0.002041730381695389,True,4.372016083523566,0.8085196580496159,4.032503617485689,0.6935502411587836
intermittent,marked_gaussian_evidence,177,1,False,9,267,228,0.46681349769485314,0.002057527510612308,True,231.1318823512411,0.004391885439434183,0.08225705586607583,0.9169164689160932
intermittent,marked_gaussian_evidence,177,2,False,9,267,228,0.46681349769485314,0.002057527510612308,True,2.23066022739367,0.9002625933709321,4.021024962495358,0.8221913339899329
intermittent,marked_gaussian_evidence,178,1,False,8,267,227,0.4687322598810104,0.002070191616730466,True,230.0963238315622,0.004390436788051075,0.038092195107582875,0.9287322245872117
intermittent,marked_gaussian_evidence,178,2,False,8,267,227,0.4687322598810104,0.002070191616730466,True,1.542478809925562,0.9507849144224587,3.954291449963879,0.9866169997771658
intermittent,marked_gaussian_evidence,179,1,False,8,240,225,0.45094964498915135,0.0020067896956240407,True,229.0570282510986,0.00439889208715125,0.07681927028024434,0.868075010587016
intermittent,marked_gaussian_evidence,179,2,False,8,240,225,0.45094964498915135,0.0020067896956240407,True,1.1581159456293164,0.9853925009053821,3.939889602523123,0.999592739394714
intermittent,marked_gaussian_evidence,180,1,False,8,242,226,0.4692186852321065,0.0020815877917716346,True,226.81252146493895,0.004433719290770732,0.07084714023405572,0.931431534168367
intermittent,marked_gaussian_evidence,180,2,False,8,242,226,0.4692186852321065,0.0020815877917716346,True,1.0385608959843549,0.9966241689452979,4.262406411482945,0.9988570446250183
intermittent,marked_gaussian_evidence,181,1,False,9,249,226,0.47541139874287924,0.0021083856868558963,True,226.9066427160663,0.004432871422247211,0.056466655651523125,0.9551891751597432
intermittent,marked_gaussian_evidence,181,2,False,9,249,226,0.47541139874287924,0.0021083856868558963,True,1.0745441817287469,0.9935028711166745,3.9039017901192747,0.9710542349546599
intermittent,marked_gaussian_evidence,182,1,False,9,246,226,0.4718504614370377,0.0020904796476381307,True,226.93942981926574,0.00443434549747838,0.061528513038350205,0.9373687930220536
intermittent,marked_gaussian_evidence,182,2,False,8,22,0,0.0,0.0,True,3.165623921815305,0.42480908238009996,23.090669344392712,0.1106710023917801
intermittent,marked_gaussian_evidence,183,1,False,9,248,225,0.5008308350428947,0.002233685030365513,True,227.0031824309171,0.004435533671448194,0.06636579778567875,0.9568253032865273
intermittent,marked_gaussian_evidence,183,2,False,9,248,225,0.5008308350428947,0.002233685030365513,True,3.187604149786692,0.49658625935663836,23.06422286477258,0.4033452539193583
intermittent,marked_gaussian_evidence,184,1,False,10,255,227,0.4694289843741668,0.0020712114789374013,True,228.16497315991074,0.004416843839936613,0.052135025534342114,0.9203588657547261
intermittent,marked_gaussian_evidence,184,2,False,10,255,227,0.4694289843741668,0.0020712114789374013,True,1.4254997522877102,0.9200978286814231,23.244441060778218,0.7249041353358805
intermittent,marked_gaussian_evidence,185,1,False,10,241,226,0.46610938369395816,0.002063690749553368,True,227.45508141197425,0.004423763519941921,0.06226259564888908,0.9153721082321403
intermittent,marked_gaussian_evidence,185,2,False,10,241,226,0.46610938369395816,0.002063690749553368,True,1.1016873155951017,0.9836116086417133,23.355681681882615,0.9889313471628937
intermittent,marked_gaussian_evidence,186,1,False,10,242,225,0.4718936250760932,0.002097399493837466,True,226.85535937243276,0.004427367085784339,0.06343665935715466,0.9463758404828142
intermittent,marked_gaussian_evidence,186,2,False,10,242,225,0.4718936250760932,0.002097399493837466,True,5.743695319102211,0.7750661541858195,3.9894329184269917,0.5189440465950549
intermittent,marked_gaussian_evidence,187,1,False,10,246,226,0.9898888309855463,0.004385509084024817,True,226.74020726799478,0.004428620492008971,0.05985284916602841,0.9434850346965102
intermittent,marked_gaussian_evidence,187,2,False,10,241,225,0.47206928653919356,0.0021131949818538843,True,133.32531350971155,0.12138087997976885,3.942345587450753,0.7914849883018342
intermittent,marked_gaussian_evidence,188,1,False,10,242,225,0.7481800722235801,0.0033259386765229788,True,226.46159522364314,0.004434716667011594,0.049191523816096656,0.9796353022623516
intermittent,marked_gaussian_evidence,188,2,False,10,242,225,0.7481800722235801,0.0033259386765229788,True,227.93375391888802,0.007279446333254415,1.2026905857810624,0.7675627171634263
intermittent,marked_gaussian_evidence,189,1,False,10,243,225,0.39039774569505337,0.0017364406933148857,True,227.1181835882382,0.004427451354084419,0.05874710297263044,0.9427865430283666
intermittent,marked_gaussian_evidence,189,2,False,10,243,225,0.39039774569505337,0.0017364406933148857,True,59.07778099659032,0.3539917830861044,4.100243332100155,0.6199541686480297
intermittent,marked_gaussian_evidence,190,1,False,9,247,225,0.29612032534641963,0.0013178494799972725,True,228.13840317988343,0.00440967526600513,0.05962269804324278,0.8545634590971529
intermittent,marked_gaussian_evidence,190,2,False,9,247,225,0.29612032534641963,0.0013178494799972725,True,57.579178130684035,0.3718211044750154,4.0590347415783326,0.7760093045279854
intermittent,marked_gaussian_evidence,191,1,False,10,249,0,0.0,0.0,True,228.27602862189332,0.007528863349370505,0.04517577955746385,0.8171372030101498
intermittent,marked_gaussian_evidence,191,2,False,10,249,0,0.0,0.0,True,92.16459699425914,0.26775571931511827,4.300701473728037,0.9822471303917453
intermittent,marked_gaussian_evidence,192,1,False,9,250,1,0.003670288208122038,0.003670288208122038,True,226.65027667530907,0.019169885744007895,0.03408115496125422,0.6436156894477619
intermittent,marked_gaussian_evidence,192,2,False,9,250,1,0.003670288208122038,0.003670288208122038,True,206.45814876760005,0.06126844096590058,3.9262044383489125,0.947111841817522
intermittent,marked_gaussian_evidence,193,1,False,8,253,2,0.00683574419718551,0.004059671222004502,True,224.1922509663535,0.02192863841118781,0.07196183858624701,0.7496884442198937
intermittent,marked_gaussian_evidence,193,2,False,8,253,2,0.006835744197185549,0.004059671222004502,True,231.47447608942048,0.004376888912738223,3.86811585857935,0.8666293768374036
intermittent,marked_gaussian_evidence,194,1,False,8,257,7,0.019937164161336354,0.003842237623781232,True,226.46348507257716,0.016689891212096963,0.06130070533412322,0.7413921306175699
intermittent,marked_gaussian_evidence,194,2,False,8,257,7,0.019937164161336354,0.003842237623781232,True,3.4013194144576424,0.4159506211118494,29.730090281345422,0.3515427913046581
intermittent,marked_gaussian_evidence,195,1,False,8,249,232,0.433189510886259,0.0030113609084379675,True,232.43798694381508,0.011447484003290766,0.03945285854593812,0.7628139940206147
intermittent,marked_gaussian_evidence,195,2,False,8,249,232,0.433189510886259,0.0030113609084379675,True,1.0000008774835547,0.9999999508156658,26.203380218912535,0.9979147863567573
intermittent,marked_gaussian_evidence,196,1,False,8,257,233,0.4603829030855644,0.0026493453302706966,True,232.97272744971295,0.007730732604528654,0.06408518772225984,0.8670630255518252
intermittent,marked_gaussian_evidence,196,2,False,8,257,233,0.4603829030855644,0.0026493453302706966,True,1.0012817265261789,0.9998721862090583,26.59296014079977,0.9887753650912068
intermittent,marked_gaussian_evidence,197,1,False,8,247,234,0.4812129499105172,0.002375806476274513,True,233.64199818410611,0.004932498669471665,0.08781263801348846,0.9429930297900819
intermittent,marked_gaussian_evidence,197,2,False,8,247,234,0.4812129499105172,0.002375806476274513,True,1.0012171476782545,0.9998785868191064,26.930185502865193,0.9947100900630043
intermittent,marked_gaussian_evidence,198,1,False,8,252,233,0.47602437367739425,0.0022505909021516527,True,233.67201508857534,0.004339415101593351,0.040650883246340086,0.9244108120261576
intermittent,marked_gaussian_evidence,198,2,False,8,252,233,0.47602437367739425,0.0022505909021516527,True,1.001456527207056,0.9998591627290818,27.207477905852752,0.9974710095519471
intermittent,marked_gaussian_evidence,199,1,False,8,254,232,0.4895139723381336,0.0021388133811675765,True,233.30857080836591,0.004340058961295896,0.09285532593309735,0.9269586393779424
intermittent,marked_gaussian_evidence,199,2,False,8,22,1,0.0022280849931301363,0.0022280849931301363,True,1.0014584431439677,0.9998606096089812,27.53198816761992,0.9954659116961668
intermittent,marked_gaussian_evidence,200,1,False,9,261,235,0.9329699656837415,0.004027526146192852,True,235.28953322252397,0.00431916970577306,0.11501013588422487,0.8839910490224618
intermittent,marked_gaussian_evidence,200,2,False,8,256,234,0.4665975682885827,0.002007889830511905,True,1.2977618201733174,0.9404255880217626,35.95704023874231,0.7649725612940066
intermittent,marked_gaussian_evidence,201,1,False,9,264,232,0.5320316118280748,0.0023045748558175017,True,233.62035928095696,0.004344475382776744,0.06811917491574063,0.9820301621265533
intermittent,marked_gaussian_evidence,201,2,False,9,264,232,0.5320316118280748,0.0023045748558175017,True,1.4755579866815511,0.8823243049228373,36.40232513374528,0.7498863095207432
intermittent,marked_gaussian_evidence,202,1,False,9,264,235,0.47364675907928794,0.002031364899252124,True,236.33992483717884,0.00430990696527844,0.048224977011482505,0.9035668375083892
intermittent,marked_gaussian_evidence,202,2,False,9,264,235,0.47364675907928794,0.002031364899252124,True,1.0002533030576912,0.9999788378737187,28.43722145848474,0.9876560341262736
intermittent,marked_gaussian_evidence,203,1,False,10,256,233,0.48301462635929454,0.002080454145681834,True,234.69891813227176,0.004312593782854914,0.05860063194985308,0.955940693112014
intermittent,marked_gaussian_evidence,203,2,False,9,23,0,0.0,0.0,True,1.000031289926858,0.9999977785140883,29.58718130535832,0.0675072738266577
intermittent,marked_gaussian_evidence,204,1,False,10,257,232,0.46651005980263616,0.002014526548842357,True,233.7937430199238,0.0043091355863259795,0.06207674993916809,0.8931206936315503
intermittent,marked_gaussian_evidence,204,2,False,10,257,232,0.46651005980263616,0.002014526548842357,True,1.163754758608089,0.9650189653632636,29.574749677419533,0.9032161703123623
intermittent,marked_gaussian_evidence,205,1,False,10,256,233,0.4787827167426712,0.002058052870472033,True,233.36439265709384,0.004305416540549947,0.0628590764247227,0.9364580230570583
intermittent,marked_gaussian_evidence,205,2,False,10,256,233,0.4787827167426712,0.002058052870472033,True,1.3955316314642126,0.9186727256506353,29.683789072424418,0.7006417209835577
intermittent,marked_gaussian_evidence,206,1,False,11,262,233,0.9786509051860286,0.004209215093349315,True,234.0443503681155,0.004297730441692574,0.06583152851386327,0.9320976554369227
intermittent,marked_gaussian_evidence,206,2,False,10,258,233,0.47776267547263296,0.0020527749472427177,True,1.8208832057187705,0.8094218247832317,29.702429292642826,0.42316419734513494
intermittent,marked_gaussian_evidence,207,1,False,10,255,233,0.49564070268908,0.0021313188299637103,True,233.48123184435752,0.004305407897293852,0.06561758132762427,0.9569676716597804
intermittent,marked_gaussian_evidence,207,2,False,10,255,233,0.49564070268908,0.0021313188299637103,True,2.480915028669955,0.5551446240697179,29.995786236153048,0.4091911266577528
intermittent,marked_gaussian_evidence,208,1,False,10,259,233,0.48427490151781616,0.002080360558249579,True,233.6924344566651,0.004298230737459066,0.073969130096442,0.9567445641348147
intermittent,marked_gaussian_evidence,208,2,False,10,259,233,0.48427490151781616,0.002080360558249579,True,2.30057085044379,0.5601760666730238,29.946632165775068,0.5733547053184513
intermittent,marked_gaussian_evidence,209,1,False,10,255,233,0.48075806223869033,0.002064925664215571,True,233.83194922960755,0.0042957767696238935,0.04775826755425418,0.9436182042853063
intermittent,marked_gaussian_evidence,209,2,False,10,255,233,0.48075806223869033,0.002064925664215571,True,1.0010704694363486,0.9998946792106612,9.779924119095908,0.7266413851892591
intermittent,marked_gaussian_evidence,210,1,False,9,258,232,0.4712556804456806,0.0020317976154023,True,234.04105021860747,0.004295646082457102,0.042165136083119684,0.9125347727016229
intermittent,marked_gaussian_evidence,210,2,False,9,258,232,0.4712556804456806,0.0020317976154023,True,1.1324765224466462,0.974202312694698,9.875147421598884,0.7990009670465457
intermittent,marked_gaussian_evidence,211,1,False,9,253,232,0.47616532891709124,0.0020529967887178632,True,233.3756045962283,0.00429953374388413,0.02084135724080894,0.932522038326967
intermittent,marked_gaussian_evidence,211,2,False,9,253,232,0.47616532891709124,0.0020529967887178632,True,2.5144947532314283,0.5831224350059081,29.81270160880803,0.10621385669032014
intermittent,marked_gaussian_evidence,212,1,False,9,257,233,0.48552641650724854,0.002085208141552699,True,233.36329208010156,0.004297954214594925,0.033692282088099726,0.963292896119663
intermittent,marked_gaussian_evidence,212,2,False,9,257,233,0.48552641650724854,0.002085208141552699,True,1.001195190865502,0.9998838807987155,33.24317221541638,0.9999767498585836
intermittent,marked_gaussian_evidence,213,1,False,9,256,232,0.5089595213396098,0.002199847846001156,True,233.82666343661833,0.004295265850844041,0.008656144748537497,0.9560348154025485
intermittent,marked_gaussian_evidence,213,2,False,9,256,232,0.5089595213396098,0.002199847846001156,True,4.7550132636319695,0.8036643530707662,4.068718585950331,0.9490367126049796
intermittent,marked_gaussian_evidence,214,1,False,9,259,233,0.3221245679622896,0.002093067694016343,True,235.60757334045664,0.004301232934102317,0.03971441525767842,0.9669123158292078
intermittent,marked_gaussian_evidence,214,2,False,9,259,233,0.3221245679622896,0.002093067694016343,True,6.2352385800731955,0.7442707521949263,4.0235378061813964,0.9877810046221065
intermittent,marked_gaussian_evidence,215,1,False,9,261,229,0.29238820847344904,0.0027608019578782912,True,235.5067998617781,0.00801102655227344,0.053468525999527255,0.9227732266866894
intermittent,marked_gaussian_evidence,215,2,False,9,261,229,0.29238820847344904,0.0027608019578782912,True,53.208865651072585,0.344434201785913,3.8792368406658597,0.691877973556348
intermittent,marked_gaussian_evidence,216,1,False,9,261,236,0.44821976334723634,0.003731530969141748,True,230.5579741994017,0.016076165558468036,0.06809956098325791,0.8429125253292724
intermittent,marked_gaussian_evidence,216,2,False,9,261,236,0.44821976334723634,0.003731530969141748,True,1.0144079796647325,0.9985354382808993,6.532080689368406,0.9721127049423204
intermittent,marked_gaussian_evidence,217,1,False,9,256,235,0.47744158929454655,0.003142957493954066,True,233.7305494629163,0.0101007758785841,0.05899454786044703,0.9371377968879271
intermittent,marked_gaussian_evidence,217,2,False,9,26,0,0.0,0.0,True,6.635770344470191,0.1754204250574326,23.33259066643812,0.21881871812045142
intermittent,marked_gaussian_evidence,218,1,False,9,257,235,0.47483903786505943,0.0026023613084830153,True,234.43278048945206,0.007016535323135474,0.0643968139473203,0.9185296019559317
intermittent,marked_gaussian_evidence,218,2,False,9,257,235,0.47483903786505943,0.0026023613084830153,True,1.7634748979052046,0.8145718207458923,29.758725144650366,0.005543379812763698
intermittent,marked_gaussian_evidence,219,1,False,8,258,235,0.4773596010098413,0.002326613382153284,True,235.07690416218517,0.005565809238417054,0.060550218160909434,0.9246986229265177
intermittent,marked_gaussian_evidence,219,2,False,8,258,235,0.4773596010098413,0.002326613382153284,True,6.610061664841097,0.16720849523480538,25.159482159529425,0.49409306474705494
intermittent,marked_gaussian_evidence,220,1,False,9,255,235,0.48516270049754157,0.0022173021303352734,True,235.22485235250264,0.004897526866414524,0.05456849460861239,0.9554629868062999
intermittent,marked_gaussian_evidence,220,2,False,9,255,235,0.48516270049754157,0.0022173021303352734,True,6.5714513539564665,0.1670135720757301,25.915394683306207,0.9781916591794316
intermittent,marked_gaussian_evidence,221,1,False,9,261,235,0.4847575100800796,0.0021435826402936868,True,235.4260897123042,0.004587917832979137,0.03516851984425861,0.9524897405062376
intermittent,marked_gaussian_evidence,221,2,False,9,261,235,0.4847575100800796,0.0021435826402936868,True,6.681170686245744,0.16401064196646517,26.479064267167423,0.9117877313832166
intermittent,marked_gaussian_evidence,222,1,False,9,255,235,0.9866805001123435,0.004382978196433113,True,235.59351331758094,0.004440699863166361,0.05491960265650315,0.9393194884097297
intermittent,marked_gaussian_evidence,222,2,False,9,253,234,0.47986888597425953,0.0020948119128881347,True,1.0013046485771566,0.9998708793310171,38.52267211238246,0.9991605996647704
intermittent,marked_gaussian_evidence,223,1,False,9,258,235,0.4998212622906087,0.0021814472937153845,True,235.17248579115676,0.004471788910287546,0.05362690795592121,0.9656805399746171
intermittent,marked_gaussian_evidence,223,2,False,9,258,235,0.4998212622906087,0.0021814472937153845,True,1.001367346378132,0.9998635953749481,39.33213102387669,0.9999761998214062
intermittent,marked_gaussian_evidence,224,1,False,9,255,235,0.9458674282291593,0.004152271482383075,True,235.564417220547,0.004390491759368776,0.048677824319571225,0.8966489736274007
intermittent,marked_gaussian_evidence,224,2,False,9,256,235,0.47161310997163775,0.002038812599321764,True,1.0012902293405805,0.9998721865282131,39.95358441337893,0.9995301518483541
intermittent,marked_gaussian_evidence,225,1,False,9,261,235,0.49812185723133584,0.002157551120071354,True,235.34022977649857,0.004405060904191928,0.07708579953184173,0.9620575137077731
intermittent,marked_gaussian_evidence,225,2,False,9,261,235,0.49812185723133584,0.002157551120071354,True,1.0013103318269154,0.9998699896643438,40.60573753463662,0.9999695078043007
intermittent,marked_gaussian_evidence,226,1,False,9,257,235,0.4798340960530998,0.002063383516916155,True,235.6567957864985,0.004344144896727363,0.03913696606826184,0.9298915133223925
intermittent,marked_gaussian_evidence,226,2,False,9,257,235,0.4798340960530998,0.002063383516916155,True,1.0012740977319066,0.9998738600607034,41.18557136591738,0.9998737982787971
intermittent,marked_gaussian_evidence,227,1,False,9,258,235,1.0078610741405911,0.004340102601022249,True,235.82027937469084,0.00430413109304169,0.057757624060808366,0.9610044515088956
intermittent,marked_gaussian_evidence,227,2,False,9,263,235,0.4869227039924714,0.002084517316607647,True,1.0012311673251304,0.9998782010292104,41.79027698352538,0.9999122298637076
intermittent,marked_gaussian_evidence,228,1,False,9,260,235,0.500712475858228,0.0021462128122893965,True,235.4655446373536,0.0043146098327320375,0.06676181936255454,0.9666280956627014
intermittent,marked_gaussian_evidence,228,2,False,9,260,235,0.500712475858228,0.0021462128122893965,True,1.0012253698098703,0.9998792786928522,42.63896450013883,0.9998343211064424
intermittent,marked_gaussian_evidence,229,1,False,9,257,235,0.48279132014617604,0.002062102345886928,True,235.84079821827783,0.00428505998635388,0.04700705094565211,0.941745996251149
intermittent,marked_gaussian_evidence,229,2,False,9,257,235,0.48279132014617604,0.002062102345886928,True,1.0012912727082273,0.9998718875321405,43.19792226310027,0.9992229629160992
intermittent,marked_gaussian_evidence,230,1,False,9,255,235,0.4838769208416889,0.00206357310491389,True,235.8332689761075,0.004271438875826549,0.041392668138748714,0.9481145481461779
intermittent,marked_gaussian_evidence,230,2,False,9,255,235,0.4838769208416889,0.00206357310491389,True,1.0013684886288232,0.9998632687784106,44.16876805321179,0.9999717155573961
intermittent,marked_gaussian_evidence,231,1,False,9,259,235,0.47487927520626816,0.0020235763000877416,True,235.8358009712696,0.004264691682796546,0.049857391588657415,0.9113644045951396
intermittent,marked_gaussian_evidence,231,2,False,9,259,235,0.47487927520626816,0.0020235763000877416,True,1.0012487224788627,0.9998764773274116,44.66479200985909,0.9993693656374844
intermittent,marked_gaussian_evidence,232,1,False,9,256,235,0.48123824664085374,0.0020498360024207435,True,236.05098502443224,0.004260170818155537,0.05172505163700242,0.9382946249804999
intermittent,marked_gaussian_evidence,232,2,False,9,256,235,0.48123824664085374,0.0020498360024207435,True,1.0013077781000357,0.9998698807882073,45.50154305387202,0.9999954595655309
intermittent,marked_gaussian_evidence,233,1,False,9,260,235,0.4872234197782779,0.00207493617339209,True,235.84209878746285,0.004259309524858396,0.016432032305835377,0.9621055570949959
intermittent,marked_gaussian_evidence,233,2,False,9,260,235,0.4872234197782779,0.00207493617339209,True,1.0012239631054902,0.9998792415564571,46.21655221139383,0.9999836190478307
intermittent,marked_gaussian_evidence,234,1,False,9,258,235,0.4761423588840662,0.002027565489910978,True,235.8375080538708,0.0042587976814723386,0.0373912975571454,0.9161450721036724
intermittent,marked_gaussian_evidence,234,2,False,9,258,235,0.4761423588840662,0.002027565489910978,True,1.0012007304322388,0.9998814619742054,46.801397439572305,0.9999941981814444
intermittent,marked_gaussian_evidence,235,1,False,8,263,235,0.4831891862264133,0.0020573581065884885,True,235.84226612638648,0.004257780308831209,0.05137014095214747,0.9459626287183185
intermittent,marked_gaussian_evidence,235,2,False,8,263,235,0.4831891862264133,0.0020573581065884885,True,1.0011844276326207,0.9998835575586517,47.764766683824426,0.9999881609031471
intermittent,marked_gaussian_evidence,236,1,False,8,262,235,0.4878490535239347,0.002077267087320868,True,235.8384818894523,0.004257990382612557,0.058169332449503126,0.9644945159828264
intermittent,marked_gaussian_evidence,236,2,False,8,262,235,0.4878490535239347,0.002077267087320868,True,1.0011502996773314,0.9998859335264312,48.38334312141698,0.9999894983402028
intermittent,marked_gaussian_evidence,237,1,False,8,267,235,0.47402158592191,0.002018281594830687,True,236.03581255138883,0.004256850077648437,0.07113477214083058,0.9077118225543803
intermittent,marked_gaussian_evidence,237,2,False,8,267,235,0.47402158592191,0.002018281594830687,True,7.9124220203742235,0.25433169769065544,21.523914869425763,0.4988784003349255
intermittent,marked_gaussian_evidence,238,1,False,8,260,235,0.4876131722623951,0.0020761240758399983,True,236.05698087490688,0.004256438138300049,0.0722115424540299,0.9646433958373246
intermittent,marked_gaussian_evidence,238,2,False,8,260,235,0.4876131722623951,0.0020761240758399983,True,1.0012070023646522,0.99988075077418,49.720547627188765,0.9999797631327344
intermittent,marked_gaussian_evidence,239,1,False,8,264,235,0.48504532189958954,0.0020652565749027718,True,236.04675973780684,0.004256707240185153,0.07412462852478958,0.9526975745590585
intermittent,marked_gaussian_evidence,239,2,False,8,264,235,0.48504532189958954,0.0020652565749027718,True,7.132980375424615,0.3023351930173074,22.92486580541537,0.5385901453434894
intermittent,marked_gaussian_evidence,240,1,False,8,248,235,0.4891656692869333,0.0020828233853714593,True,236.04072947953645,0.004256833945930846,0.08680447856255674,0.969985666566278
intermittent,marked_gaussian_evidence,240,2,False,8,248,235,0.4891656692869333,0.0020828233853714593,True,1.001315784959513,0.9998730178737293,51.49090653768347,0.9999878889409938
intermittent,marked_gaussian_evidence_guarded_scalar,1,1,False,0,0,0,0.0,0.0,False,,,,
intermittent,marked_gaussian_evidence_guarded_scalar,1,2,False,0,0,0,0.0,0.0,False,,,,
intermittent,marked_gaussian_evidence_guarded_scalar,2,1,False,2,9,1,0.010208584972325912,0.010208584972325912,True,2.21867272339712,0.5833123232191996,0.06757423227289326,0.10166537826254675
intermittent,marked_gaussian_evidence_guarded_scalar,2,2,False,2,9,1,0.010208584972325912,0.010208584972325912,False,,,,
intermittent,marked_gaussian_evidence_guarded_scalar,3,1,False,3,19,1,0.00898572387081437,0.00898572387081437,True,3.6412339107483946,0.37003042845264034,0.07036703932767976,0.14541089494402792
intermittent,marked_gaussian_evidence_guarded_scalar,3,2,False,3,19,1,0.00898572387081437,0.00898572387081437,False,,,,
intermittent,marked_gaussian_evidence_guarded_scalar,4,1,False,3,25,2,0.024766740041717708,0.014622670052657853,True,5.525637142148106,0.34020534554725357,0.0560528450527953,0.3614918670434975
intermittent,marked_gaussian_evidence_guarded_scalar,4,2,False,3,25,2,0.024766740041717708,0.014622670052657853,False,,,,
intermittent,marked_gaussian_evidence_guarded_scalar,5,1,False,3,29,3,0.018528384130090413,0.007819780189703175,True,7.6098893248037,0.26001591375117755,0.09935741134367751,0.45842590820386053
intermittent,marked_gaussian_evidence_guarded_scalar,5,2,False,3,29,3,0.01852838413009038,0.007819780189703175,False,,,,
intermittent,marked_gaussian_evidence_guarded_scalar,6,1,False,4,37,4,0.03653109707199625,0.011020247122158131,True,10.475671808071928,0.16190350493198855,0.10656854480590164,0.4435241960463682
intermittent,marked_gaussian_evidence_guarded_scalar,6,2,False,4,37,4,0.03653109707199625,0.011020247122158131,False,,,,
intermittent,marked_gaussian_evidence_guarded_scalar,7,1,False,4,41,5,0.04648802053311989,0.012959743037440949,True,12.477357229796354,0.14536244212953148,0.05378356768864491,0.570181869260942
intermittent,marked_gaussian_evidence_guarded_scalar,7,2,False,4,41,5,0.04648802053311992,0.012959743037440949,False,,,,
intermittent,marked_gaussian_evidence_guarded_scalar,8,1,False,4,50,6,0.03793809598962164,0.009165588632658284,True,14.284078746809108,0.16055026281405346,0.051262000733259636,0.7723897663295707
intermittent,marked_gaussian_evidence_guarded_scalar,8,2,False,4,24,3,0.0034593605138518034,0.0012980027687762507,True,1.736942112959666,0.8610896704668812,35.07648949985105,7.525641668240892e-12
intermittent,marked_gaussian_evidence_guarded_scalar,9,1,False,4,55,7,0.05605962193261039,0.009745068972134265,True,18.625817378877613,0.09018818326821734,0.05706067093004055,0.6202137320213448
intermittent,marked_gaussian_evidence_guarded_scalar,9,2,False,3,19,0,0.0,0.0,True,1.0000002433060717,0.9999999875647874,35.64463907174475,0.000802386679827657
intermittent,marked_gaussian_evidence_guarded_scalar,10,1,False,4,60,9,0.08159670599101485,0.011705931587547201,True,20.867732337136086,0.09761255808645793,0.04529137185970938,0.8461902007152979
intermittent,marked_gaussian_evidence_guarded_scalar,10,2,False,4,60,9,0.08159670599101485,0.011705931587547201,True,1.3300309826040337,0.917346727420157,35.80341075488868,0.04592280417025862
intermittent,marked_gaussian_evidence_guarded_scalar,11,1,False,5,61,12,0.06172150441926067,0.007998495843990747,True,22.366998882792515,0.1027199085297778,0.11247041930649476,0.754740337336574
intermittent,marked_gaussian_evidence_guarded_scalar,11,2,False,5,61,12,0.06172150441926062,0.007998495843990747,True,1.4186203116237357,0.8884784310003123,35.99589844149703,0.26545713677256416
intermittent,marked_gaussian_evidence_guarded_scalar,12,1,False,5,56,15,0.11367931061001482,0.010689895513471973,True,25.884586240714622,0.08468343080687461,0.051580401947551806,0.7207135172728655
intermittent,marked_gaussian_evidence_guarded_scalar,12,2,False,5,56,15,0.11367931061001482,0.010689895513471973,False,,,,
intermittent,marked_gaussian_evidence_guarded_scalar,13,1,False,6,58,26,0.1928573143666067,0.00949252091972743,True,27.442685899996004,0.06781816006499794,0.03365421759250316,0.8291123406737863
intermittent,marked_gaussian_evidence_guarded_scalar,13,2,False,6,58,26,0.1928573143666067,0.00949252091972743,False,,,,
intermittent,marked_gaussian_evidence_guarded_scalar,14,1,False,6,56,31,0.2265482583031821,0.009304620527856673,True,29.849342195691122,0.056646327666630324,0.03193951217151648,0.8957726661671254
intermittent,marked_gaussian_evidence_guarded_scalar,14,2,False,6,56,31,0.2265482583031821,0.009304620527856673,False,,,,
intermittent,marked_gaussian_evidence_guarded_scalar,15,1,False,6,57,33,0.22833152832330575,0.008642404110010295,True,31.894453589215455,0.050316282104823966,0.09931305650821314,0.8568345962232886
intermittent,marked_gaussian_evidence_guarded_scalar,15,2,False,6,57,33,0.22833152832330575,0.008642404110010295,False,,,,
intermittent,marked_gaussian_evidence_guarded_scalar,16,1,False,6,61,33,0.2219178902633973,0.008312405834642152,True,33.96704742088153,0.0457464516731207,0.11344635573578923,0.8660959531024088
intermittent,marked_gaussian_evidence_guarded_scalar,16,2,False,6,61,33,0.2219178902633973,0.008312405834642152,False,,,,
intermittent,marked_gaussian_evidence_guarded_scalar,17,1,False,6,70,33,0.2145527297920855,0.008033502173792537,True,36.22569962410348,0.042055005257812,0.03564853079705343,0.8709967922078782
intermittent,marked_gaussian_evidence_guarded_scalar,17,2,False,6,70,33,0.2145527297920855,0.008033502173792537,False,,,,
intermittent,marked_gaussian_evidence_guarded_scalar,18,1,False,8,76,42,1.555715062918508,0.05286821225258787,True,38.67818931521061,0.04010912152043663,0.045649281019597344,0.8879145815010971
intermittent,marked_gaussian_evidence_guarded_scalar,18,2,False,6,12,0,0.0,0.0,False,,,,
intermittent,marked_gaussian_evidence_guarded_scalar,19,1,False,6,79,33,0.2086547437617543,0.008941123723430065,True,37.26140009192473,0.042127131840976516,0.041851459391518776,0.9666192487258953
intermittent,marked_gaussian_evidence_guarded_scalar,19,2,False,6,79,33,0.2086547437617543,0.008941123723430065,False,,,,
intermittent,marked_gaussian_evidence_guarded_scalar,20,1,False,6,80,40,0.23959824968719193,0.015568580767475595,True,41.14882232272905,0.040056022536569987,0.09105700630675714,0.9475686294899148
intermittent,marked_gaussian_evidence_guarded_scalar,20,2,False,6,80,40,0.23959824968719193,0.015568580767475595,False,,,,
intermittent,marked_gaussian_evidence_guarded_scalar,21,1,False,6,87,37,0.22103211023483385,0.032376081217180955,True,43.404499141832154,0.0727060667746531,0.09168980582450387,0.8590963677573016
intermittent,marked_gaussian_evidence_guarded_scalar,21,2,False,6,87,37,0.22103211023483385,0.032376081217180955,False,,,,
intermittent,marked_gaussian_evidence_guarded_scalar,22,1,False,6,88,36,0.2505741017064695,0.06721318086581743,True,41.80513993925644,0.13846216706588152,0.06143679940974246,0.9259661463959138
intermittent,marked_gaussian_evidence_guarded_scalar,22,2,False,6,88,36,0.2505741017064704,0.06721318086581832,False,,,,
intermittent,marked_gaussian_evidence_guarded_scalar,23,1,False,6,88,26,0.2532429853361727,0.13111357720876052,True,34.22380383339453,0.24349091942708984,0.1200661223864506,0.9013411710070892
intermittent,marked_gaussian_evidence_guarded_scalar,23,2,False,6,88,26,0.2532429853361727,0.13111357720876052,False,,,,
intermittent,marked_gaussian_evidence_guarded_scalar,24,1,False,6,77,21,0.3307489899046483,0.24463595266755828,True,21.930410123258927,0.3964251036312013,0.04687810512051207,0.9300560680620366
intermittent,marked_gaussian_evidence_guarded_scalar,24,2,False,6,77,21,0.3307489899046457,0.24463595266755567,False,,,,
intermittent,marked_gaussian_evidence_guarded_scalar,25,1,False,6,79,12,0.46005792636581644,0.41479924033333415,True,11.262908123955862,0.5723997485562953,0.11109578156562097,0.9276489489184604
intermittent,marked_gaussian_evidence_guarded_scalar,25,2,False,6,79,12,0.46005792636581644,0.41479924033333415,False,,,,
intermittent,marked_gaussian_evidence_guarded_scalar,26,1,False,6,78,4,0.18282301345229846,0.17221413814654785,True,5.679776027810643,0.722422202139797,0.1446768418821758,0.9604144142541355
intermittent,marked_gaussian_evidence_guarded_scalar,26,2,False,6,78,4,0.18282301345229743,0.17221413814654682,False,,,,
intermittent,marked_gaussian_evidence_guarded_scalar,27,1,False,6,85,7,0.08219326503188762,0.06213804864858298,True,11.50073842541081,0.5796847059618244,0.09425574860562583,0.9316044760242679
intermittent,marked_gaussian_evidence_guarded_scalar,27,2,False,6,85,7,0.08219326503188804,0.0621380486485834,False,,,,
intermittent,marked_gaussian_evidence_guarded_scalar,28,1,False,6,84,25,0.10641469505849312,0.0186446881359315,True,35.947195231026875,0.2993684243448203,0.14609414399609785,0.8318290461416682
intermittent,marked_gaussian_evidence_guarded_scalar,28,2,False,6,84,25,0.10641469505849312,0.0186446881359315,False,,,,
intermittent,marked_gaussian_evidence_guarded_scalar,29,1,False,5,89,45,0.19658294087594905,0.005303514857191775,True,66.43269526490204,0.09112041792733062,0.06595437955072765,0.8782217551603934
intermittent,marked_gaussian_evidence_guarded_scalar,29,2,False,5,89,45,0.19658294087594902,0.005303514857191775,False,,,,
intermittent,marked_gaussian_evidence_guarded_scalar,30,1,False,5,90,78,0.362956038208641,0.005248778159092606,True,75.63255427760356,0.02095233100859449,0.10946912424036814,0.9057996746038656
intermittent,marked_gaussian_evidence_guarded_scalar,30,2,False,5,90,78,0.362956038208641,0.005248778159092606,False,,,,
intermittent,marked_gaussian_evidence_guarded_scalar,31,1,False,6,98,81,0.3689267830023387,0.0051045049049823375,True,78.06525127910199,0.019520812859792933,0.08829915880796961,0.9084938179717257
intermittent,marked_gaussian_evidence_guarded_scalar,31,2,False,5,8,0,0.0,0.0,False,,,,
intermittent,marked_gaussian_evidence_guarded_scalar,32,1,False,6,102,82,0.3708488122118072,0.00498179525034972,True,80.64107086528837,0.01833422319292344,0.1276275268101563,0.8845994813293185
intermittent,marked_gaussian_evidence_guarded_scalar,32,2,False,6,102,82,0.3708488122118072,0.00498179525034972,False,,,,
intermittent,marked_gaussian_evidence_guarded_scalar,33,1,False,6,105,85,0.38551083208743014,0.0049745188377113385,True,83.45083335420375,0.01688090697695125,0.13037048703411427,0.9142968924630092
intermittent,marked_gaussian_evidence_guarded_scalar,33,2,False,6,105,85,0.38551083208743014,0.0049745188377113385,False,,,,
intermittent,marked_gaussian_evidence_guarded_scalar,34,1,False,6,113,88,0.390972305804255,0.004842059979966683,True,86.41442539932508,0.015257530162100864,0.06686490791099757,0.9420525990820959
intermittent,marked_gaussian_evidence_guarded_scalar,34,2,False,6,113,88,0.390972305804255,0.004842059979966683,False,,,,
intermittent,marked_gaussian_evidence_guarded_scalar,35,1,False,6,115,91,0.38908837258713397,0.00464758870354361,True,89.3495364019726,0.013721217176217822,0.07119023561182705,0.8779942278142103
intermittent,marked_gaussian_evidence_guarded_scalar,35,2,False,6,115,91,0.38908837258713397,0.00464758870354361,False,,,,
intermittent,marked_gaussian_evidence_guarded_scalar,36,1,False,7,117,94,0.3997892308411274,0.00460890373625127,True,92.37379179554925,0.013160287261944768,0.06371735568738825,0.9133020706778452
intermittent,marked_gaussian_evidence_guarded_scalar,36,2,False,7,117,94,0.3997892308411274,0.00460890373625127,False,,,,
intermittent,marked_gaussian_evidence_guarded_scalar,37,1,False,7,119,97,0.4194699675333756,0.004670450518797756,True,95.39912780151238,0.012645534921545574,0.09117330618167116,0.9559038102658304
intermittent,marked_gaussian_evidence_guarded_scalar,37,2,False,7,119,97,0.4194699675333756,0.004670450518797756,False,,,,
intermittent,marked_gaussian_evidence_guarded_scalar,38,1,False,7,123,100,0.41453900991438936,0.004464963147490117,True,98.44409231985847,0.0121292200164313,0.11920467821727368,0.9186848377627224
intermittent,marked_gaussian_evidence_guarded_scalar,38,2,False,7,123,100,0.41453900991438936,0.004464963147490117,False,,,,
intermittent,marked_gaussian_evidence_guarded_scalar,39,1,False,7,122,103,0.4236298347570515,0.0044192831556391894,True,101.45281015820214,0.011622876775160626,0.13080897192112637,0.9216655259994578
intermittent,marked_gaussian_evidence_guarded_scalar,39,2,False,7,122,103,0.4236298347570515,0.0044192831556391894,False,,,,
intermittent,marked_gaussian_evidence_guarded_scalar,40,1,False,7,129,106,0.4383136606343492,0.004434518027475692,True,104.49859234629923,0.011128960155351742,0.08858551246905268,0.9431916040788465
intermittent,marked_gaussian_evidence_guarded_scalar,40,2,False,7,129,106,0.4383136606343492,0.004434518027475692,False,,,,
intermittent,marked_gaussian_evidence_guarded_scalar,41,1,False,7,129,109,0.42818914229725447,0.004205056164410518,True,107.57710349601572,0.010653871170236081,0.07037480290136493,0.8969497583755486
intermittent,marked_gaussian_evidence_guarded_scalar,41,2,False,7,129,109,0.42818914229725447,0.004205056164410518,False,,,,
intermittent,marked_gaussian_evidence_guarded_scalar,42,1,False,7,134,112,0.4413803851812391,0.004209422005126749,True,110.57420042359944,0.010211686560623262,0.1352366596943447,0.9102886911799029
intermittent,marked_gaussian_evidence_guarded_scalar,42,2,False,7,134,112,0.4413803851812391,0.004209422005126749,False,,,,
intermittent,marked_gaussian_evidence_guarded_scalar,43,1,False,7,137,115,0.4577182921259573,0.004244311202867535,True,113.6367957553428,0.009972288153334648,0.0833394835762643,0.9316441837257609
intermittent,marked_gaussian_evidence_guarded_scalar,43,2,False,7,137,115,0.4577182921259573,0.004244311202867535,True,1.003381003170961,0.9996196515714124,54.83688755796934,1.272926869701853e-45
intermittent,marked_gaussian_evidence_guarded_scalar,44,1,False,7,139,119,0.46514728981635206,0.004174590052672876,True,116.67786271973866,0.009759377828838263,0.07579585839954701,0.9507080955797145
intermittent,marked_gaussian_evidence_guarded_scalar,44,2,False,7,13,0,0.0,0.0,False,,,,
intermittent,marked_gaussian_evidence_guarded_scalar,45,1,False,7,143,121,0.467121039121293,0.004103773405798761,True,119.6527270604797,0.009520500778706906,0.07599994338219847,0.959983342274139
intermittent,marked_gaussian_evidence_guarded_scalar,45,2,False,7,143,121,0.467121039121293,0.004103773405798761,False,,,,
intermittent,marked_gaussian_evidence_guarded_scalar,46,1,False,7,149,124,0.4734838498370754,0.004052846237745958,True,122.61642810169405,0.00927602136746219,0.05281856519235835,0.935979236945592
intermittent,marked_gaussian_evidence_guarded_scalar,46,2,False,7,149,124,0.4734838498370754,0.004052846237745958,False,,,,
intermittent,marked_gaussian_evidence_guarded_scalar,47,1,False,7,152,127,0.48615515212689325,0.004058118812510501,True,125.64397647469539,0.009031532180865186,0.03337188178640938,0.9260197128407472
intermittent,marked_gaussian_evidence_guarded_scalar,47,2,False,7,152,127,0.48615515212689325,0.004058118812510501,False,,,,
intermittent,marked_gaussian_evidence_guarded_scalar,48,1,False,7,157,130,0.479656381932514,0.0039045530773329736,True,128.68808922550306,0.008803926041895721,0.054656727329486246,0.9201008227943803
intermittent,marked_gaussian_evidence_guarded_scalar,48,2,False,7,10,0,0.0,0.0,False,,,,
intermittent,marked_gaussian_evidence_guarded_scalar,49,1,False,7,161,133,0.5001343868621658,0.003974934052122224,True,131.6836063599653,0.008607240225891266,0.0581685833824595,0.9656221604273731
intermittent,marked_gaussian_evidence_guarded_scalar,49,2,False,7,161,133,0.5001343868621658,0.003974934052122224,False,,,,
intermittent,marked_gaussian_evidence_guarded_scalar,50,1,False,7,163,136,0.4941203615337912,0.003835411504454396,True,134.68762193096288,0.008409412256090223,0.13003677900754507,0.9093179912079862
intermittent,marked_gaussian_evidence_guarded_scalar,50,2,False,7,163,136,0.4941203615337912,0.003835411504454396,True,1.0000000000000004,1.0,66.29367577706189,1.4610211151866584e-72
intermittent,marked_gaussian_evidence_guarded_scalar,51,1,False,7,170,139,0.5082670645798023,0.0038555056026887582,True,137.69263060238447,0.008226163440868517,0.08924475283613055,0.9448980305854295
intermittent,marked_gaussian_evidence_guarded_scalar,51,2,False,7,10,0,0.0,0.0,False,,,,
intermittent,marked_gaussian_evidence_guarded_scalar,52,1,False,7,173,142,0.5103711956188078,0.003785582123047482,True,140.67776605703193,0.008039980872358528,0.04546557902497019,0.9342904458108074
intermittent,marked_gaussian_evidence_guarded_scalar,52,2,False,7,173,142,0.5103711956188078,0.003785582123047482,False,,,,
intermittent,marked_gaussian_evidence_guarded_scalar,53,1,True,9,164,145,1.8430424510820753,0.01385608062176951,True,143.6859529834043,0.007859551825585455,0.06837284706978408,0.9295522385448168
intermittent,marked_gaussian_evidence_guarded_scalar,53,2,False,8,160,145,0.514968291785735,0.003736298909707942,False,,,,
intermittent,marked_gaussian_evidence_guarded_scalar,54,1,False,8,166,148,0.5546248195393817,0.004034542067265646,True,142.312004175668,0.007902508553850628,0.04155659970176547,0.9865199920182566
intermittent,marked_gaussian_evidence_guarded_scalar,54,2,False,8,166,148,0.5546248195393817,0.004034542067265646,False,,,,
intermittent,marked_gaussian_evidence_guarded_scalar,55,1,False,8,166,150,0.5341056345171655,0.0037856009265592222,True,146.37758225500124,0.007644360225466203,0.07864627236752818,0.9567449789397445
intermittent,marked_gaussian_evidence_guarded_scalar,55,2,False,8,166,150,0.5341056345171655,0.0037856009265592222,False,,,,
intermittent,marked_gaussian_evidence_guarded_scalar,56,1,False,8,171,152,0.5350277002469628,0.003706598776991479,True,149.94954623222148,0.007427093300820741,0.08208080467486802,0.9668983329188037
intermittent,marked_gaussian_evidence_guarded_scalar,56,2,False,8,171,152,0.5350277002469628,0.003706598776991479,False,,,,
intermittent,marked_gaussian_evidence_guarded_scalar,57,1,False,9,177,155,1.8405037834633162,0.012857912562515613,True,153.10766050585272,0.007254110551436669,0.09887432377805208,0.9455535639552146
intermittent,marked_gaussian_evidence_guarded_scalar,57,2,False,8,175,155,0.5323249202368618,0.0035978851528160292,False,,,,
intermittent,marked_gaussian_evidence_guarded_scalar,58,1,False,10,179,157,2.1344313657818716,0.015071048338814282,True,151.8818812763319,0.0072790141622444075,0.039719495252907425,0.989468097143853
intermittent,marked_gaussian_evidence_guarded_scalar,58,2,False,7,176,157,0.5738741046584586,0.0038984337522554166,True,1.0000000000002731,0.9999999999999918,32.641485575489284,9.293628313041337e-24
intermittent,marked_gaussian_evidence_guarded_scalar,59,1,False,7,180,158,0.5758240234284189,0.003927977626234367,True,150.603708568619,0.007262033535196487,0.0830707168783325,0.9799757594285419
intermittent,marked_gaussian_evidence_guarded_scalar,59,2,False,7,180,158,0.5758240234284189,0.003927977626234367,True,1.0,1.0,32.593402563315735,0.08845372259400568
intermittent,marked_gaussian_evidence_guarded_scalar,60,1,False,7,184,160,0.5437897955082995,0.0036077367512709567,True,155.583648394501,0.007013268059472327,0.07681619984072663,0.9728574480836324
intermittent,marked_gaussian_evidence_guarded_scalar,60,2,False,7,184,160,0.5437897955082995,0.0036077367512709567,True,1.6695752554411574,0.7910446787232472,32.43225471951759,0.22120713105452805
intermittent,marked_gaussian_evidence_guarded_scalar,61,1,False,7,179,162,0.5436036353309057,0.003521426124576359,True,159.613583334076,0.006844036083593928,0.04629540010971166,0.9215426594839111
intermittent,marked_gaussian_evidence_guarded_scalar,61,2,False,7,179,162,0.5436036353309057,0.003521426124576359,True,2.4025011856611735,0.6309640605377137,32.3352049730279,0.47356378777104224
intermittent,marked_gaussian_evidence_guarded_scalar,62,1,False,7,184,164,0.543529086519609,0.0034502383680195705,True,162.69853967378324,0.006697034960801193,0.0820008669988391,0.9454683511724133
intermittent,marked_gaussian_evidence_guarded_scalar,62,2,False,7,184,164,0.543529086519609,0.0034502383680195705,True,3.5229403953357252,0.4260449030555433,32.270453544530376,0.623857077891886
intermittent,marked_gaussian_evidence_guarded_scalar,63,1,False,7,189,167,0.5593811012264542,0.0034822049705877786,True,165.3695669872322,0.00659259924153573,0.060304704569526225,0.9560213571666605
intermittent,marked_gaussian_evidence_guarded_scalar,63,2,False,7,189,167,0.5593811012264542,0.0034822049705877786,True,4.014072186861052,0.4314733353514836,32.26200262235368,0.6758555262332004
intermittent,marked_gaussian_evidence_guarded_scalar,64,1,False,7,196,169,0.554923776981866,0.003402648959292684,True,168.0266704504186,0.0065143129742828605,0.0795192752049788,0.9220187113488296
intermittent,marked_gaussian_evidence_guarded_scalar,64,2,False,7,196,169,0.554923776981866,0.003402648959292684,True,5.162248478148482,0.2934536243681116,32.24008665436323,0.4423241344054121
intermittent,marked_gaussian_evidence_guarded_scalar,65,1,False,7,200,171,0.5623144947829681,0.0034000064160233153,True,170.66310218555572,0.006440408430603473,0.08209555183358459,0.9140391168913817
intermittent,marked_gaussian_evidence_guarded_scalar,65,2,False,7,25,0,0.0,0.0,True,5.646336758405617,0.2780768808608841,32.10116601583492,0.6395125482082639
intermittent,marked_gaussian_evidence_guarded_scalar,66,1,False,7,204,174,0.578516074317976,0.0034427500873298075,True,173.16076423928016,0.0063553900002391505,0.06599980548507882,0.9425096915519842
intermittent,marked_gaussian_evidence_guarded_scalar,66,2,False,7,204,174,0.578516074317976,0.0034427500873298075,True,4.853771684172601,0.32273719552457186,31.943306649089752,0.9757926429802338
intermittent,marked_gaussian_evidence_guarded_scalar,67,1,True,8,204,177,1.8932404487991363,0.011366419380687576,True,175.9248813649208,0.00624787701221022,0.04927572298403228,0.8956393193363095
intermittent,marked_gaussian_evidence_guarded_scalar,67,2,False,7,206,177,0.5772226666982567,0.0033809643615095356,True,5.144428447852631,0.3249962394136029,32.058025496969925,0.6512257623578493
intermittent,marked_gaussian_evidence_guarded_scalar,68,1,True,9,204,179,2.141403345844161,0.012956756391655971,True,174.68027279170536,0.006247741371739155,0.0349348153204243,0.9764483681894769
intermittent,marked_gaussian_evidence_guarded_scalar,68,2,False,7,212,179,0.6149404555895851,0.0036118181848643267,True,7.468380164279833,0.21632457782093278,31.767677130348332,0.803580557398534
intermittent,marked_gaussian_evidence_guarded_scalar,69,1,False,7,217,181,0.6194485010666368,0.0036470104040774013,True,173.32284599658072,0.006229507972686983,0.048842939611930904,0.9735387772049211
intermittent,marked_gaussian_evidence_guarded_scalar,69,2,False,7,217,181,0.6194485010666368,0.0036470104040774013,True,8.063524710697441,0.19150884775373808,31.773103596231277,0.8723697042983496
intermittent,marked_gaussian_evidence_guarded_scalar,70,1,False,7,223,183,0.5909937462345138,0.003401865546156787,True,178.9045835891718,0.006031194030508731,0.040988381890688735,0.9295914793751467
intermittent,marked_gaussian_evidence_guarded_scalar,70,2,False,7,223,183,0.5909937462345138,0.003401865546156787,True,8.656405153408981,0.17088207147972798,31.716923557479213,0.8572547032059636
intermittent,marked_gaussian_evidence_guarded_scalar,71,1,False,7,229,185,0.5947889906123839,0.0033553317551760476,True,183.12268971787495,0.005852339936520285,0.07970625736675815,0.9328337297466345
intermittent,marked_gaussian_evidence_guarded_scalar,71,2,False,7,229,185,0.5947889906123839,0.0033553317551760476,True,10.192056970853054,0.18892725796672905,31.722093907388395,0.9267282309024798
intermittent,marked_gaussian_evidence_guarded_scalar,72,1,False,8,232,187,0.6057658862536395,0.0033574143360132723,True,186.69273128706178,0.005699659449625519,0.09955328073333283,0.9571980212758164
intermittent,marked_gaussian_evidence_guarded_scalar,72,2,False,8,232,187,0.6057658862536395,0.0033574143360132723,True,10.825834743001314,0.1542350042453945,31.690189526503122,0.979473879601422
intermittent,marked_gaussian_evidence_guarded_scalar,73,1,False,8,236,191,0.5923668014874608,0.0032220628711309607,True,189.88439621833604,0.005685199988551069,0.042233186738611615,0.8499919348637244
intermittent,marked_gaussian_evidence_guarded_scalar,73,2,False,8,236,191,0.5923668014874608,0.0032220628711309607,True,11.742888086354723,0.12421023472940468,31.607370832779715,0.9491988548994077
intermittent,marked_gaussian_evidence_guarded_scalar,74,1,False,8,245,195,0.6070069652524159,0.0032426300655262106,True,193.28315119168428,0.005676820143553131,0.047087991380743204,0.9049264145384782
intermittent,marked_gaussian_evidence_guarded_scalar,74,2,False,8,245,195,0.6070069652524159,0.0032426300655262106,True,12.544830091353115,0.13901758152755747,31.508568426791683,0.9427829501934067
intermittent,marked_gaussian_evidence_guarded_scalar,75,1,False,8,250,198,0.6050588581974501,0.0031822314892250183,True,196.73630221402763,0.005610168055477167,0.05412117733474206,0.8786991259968815
intermittent,marked_gaussian_evidence_guarded_scalar,75,2,False,8,250,198,0.6050588581974501,0.0031822314892250183,True,13.584072931236767,0.1111391111854558,31.472848442884164,0.9472497680107174
intermittent,marked_gaussian_evidence_guarded_scalar,76,1,False,9,255,202,0.6074969279885715,0.0031386711147680137,True,200.40119177879293,0.00552804678485555,0.06050622674186132,0.8958775394495975
intermittent,marked_gaussian_evidence_guarded_scalar,76,2,False,9,255,202,0.6074969279885715,0.0031386711147680137,True,14.499504369891712,0.1024494476299588,31.400538804888537,0.9645421961466052
intermittent,marked_gaussian_evidence_guarded_scalar,77,1,False,8,240,206,0.6094352890723432,0.0030929893477651465,True,204.18246143925006,0.005477212809007986,0.05918060669807441,0.8721148524691171
intermittent,marked_gaussian_evidence_guarded_scalar,77,2,False,8,240,206,0.6094352890723432,0.0030929893477651465,True,2.8830049951639527,0.6170384519046455,40.117099119661724,0.7384854194746822
intermittent,marked_gaussian_evidence_guarded_scalar,78,1,False,8,242,210,0.6122822277924594,0.0030512051955851284,True,207.4292230802377,0.005388120190995,0.06272869970874015,0.8902319532578415
intermittent,marked_gaussian_evidence_guarded_scalar,78,2,False,8,242,210,0.6122822277924594,0.0030512051955851284,True,1.0000005354946941,0.9999999708238061,31.115789584391614,1.4133443971122112e-21
intermittent,marked_gaussian_evidence_guarded_scalar,79,1,False,8,237,214,0.6189794294107686,0.0030250367593248604,True,210.76875238873262,0.005290306299630068,0.07063913026894945,0.9118133313983396
intermittent,marked_gaussian_evidence_guarded_scalar,79,2,False,8,237,214,0.6189794294107686,0.0030250367593248604,False,,,,
intermittent,marked_gaussian_evidence_guarded_scalar,80,1,False,7,244,216,0.6064574465754304,0.002925335529176143,True,213.69347970519044,0.005176052679871075,0.089886470798468,0.8189090938289003
intermittent,marked_gaussian_evidence_guarded_scalar,80,2,False,7,244,216,0.6064574465754304,0.002925335529176143,False,,,,
intermittent,marked_gaussian_evidence_guarded_scalar,81,1,False,7,246,218,0.6267763255844312,0.0029826070979292484,True,216.8973556232721,0.005045697551818344,0.09683389666624291,0.8785717947475334
intermittent,marked_gaussian_evidence_guarded_scalar,81,2,False,7,246,218,0.6267763255844312,0.0029826070979292484,True,1.0000000000023956,0.9999999999999248,30.75079573750311,4.3134504409246165e-20
intermittent,marked_gaussian_evidence_guarded_scalar,82,1,False,8,250,221,0.6293524057862527,0.002950158530375976,True,219.9671818211806,0.0049816646540830605,0.05456438340554461,0.8743382321284674
intermittent,marked_gaussian_evidence_guarded_scalar,82,2,False,8,250,221,0.6293524057862527,0.002950158530375976,False,,,,
intermittent,marked_gaussian_evidence_guarded_scalar,83,1,False,8,257,224,0.6364297605418197,0.0029399486867699737,True,222.88420749850152,0.004954563747654641,0.10988162286020166,0.9393710815976921
intermittent,marked_gaussian_evidence_guarded_scalar,83,2,False,8,257,224,0.6364297605418197,0.0029399486867699737,True,1.2237223989721444,0.9513944324618889,39.147150548792176,2.3687806106622284e-10
intermittent,marked_gaussian_evidence_guarded_scalar,84,1,False,8,252,227,0.641604618701233,0.002923098247129428,True,225.72087916972984,0.004896137466664703,0.09778786706145108,0.9030658414945336
intermittent,marked_gaussian_evidence_guarded_scalar,84,2,False,7,21,0,0.0,0.0,False,,,,
intermittent,marked_gaussian_evidence_guarded_scalar,85,1,False,8,250,230,0.6651350972406782,0.00298971564003467,True,228.6428898377805,0.004830347910319551,0.06426381982018775,0.9769023406602101
intermittent,marked_gaussian_evidence_guarded_scalar,85,2,False,8,250,230,0.6651350972406782,0.00298971564003467,False,,,,
intermittent,marked_gaussian_evidence_guarded_scalar,86,1,True,9,258,233,1.86806901229984,0.008474366344881959,True,231.5253168158712,0.004747671670348841,0.08472257983545375,0.9327820615987992
intermittent,marked_gaussian_evidence_guarded_scalar,86,2,False,8,258,233,0.6575804411302173,0.0029164226545122557,False,,,,
intermittent,marked_gaussian_evidence_guarded_scalar,87,1,False,8,255,236,0.6913388534541194,0.0030712806999662434,True,230.20216105427767,0.004741799362188315,0.08195296594854169,0.9590442535722271
intermittent,marked_gaussian_evidence_guarded_scalar,87,2,False,8,255,236,0.6913388534541194,0.0030712806999662434,False,,,,
intermittent,marked_gaussian_evidence_guarded_scalar,88,1,False,8,263,239,0.6450043054069643,0.002814569335770105,True,234.89337883714768,0.004648377940353555,0.08739144764921328,0.8882653556186038
intermittent,marked_gaussian_evidence_guarded_scalar,88,2,False,8,263,239,0.6450043054069643,0.002814569335770105,True,1.000023274624943,0.9999984586409104,30.441956274636272,1.2244533906652352e-18
intermittent,marked_gaussian_evidence_guarded_scalar,89,1,False,8,254,239,0.45153988426932695,0.0020130090045991263,True,238.6947174670935,0.004569060121552852,0.07896311212900294,0.7979671900140981
intermittent,marked_gaussian_evidence_guarded_scalar,89,2,False,8,254,239,0.45153988426932695,0.0020130090045991263,False,,,,
intermittent,marked_gaussian_evidence_guarded_scalar,90,1,False,8,260,238,0.4535706628637525,0.001986787031985512,True,236.4332791970666,0.004533395859438549,0.07416026837806886,0.8266863110657137
intermittent,marked_gaussian_evidence_guarded_scalar,90,2,False,8,260,238,0.4535706628637525,0.001986787031985512,True,1.9266170576987718,0.6358553782906762,32.05388853703006,0.001286381768424257
intermittent,marked_gaussian_evidence_guarded_scalar,91,1,False,8,252,237,0.4789264929213146,0.002079646878681522,True,236.64925759249104,0.004440808545652705,0.0642205263939614,0.9285809063679878
intermittent,marked_gaussian_evidence_guarded_scalar,91,2,False,8,252,237,0.4789264929213146,0.002079646878681522,True,1.3405495907111558,0.9316521454251914,31.88531971379977,0.03245915433949949
intermittent,marked_gaussian_evidence_guarded_scalar,92,1,False,8,260,235,0.5193729820175439,0.002248966982541339,True,236.52243744526783,0.004382099349773478,0.054113951884488136,0.9605016391746993
intermittent,marked_gaussian_evidence_guarded_scalar,92,2,False,8,260,235,0.5193729820175439,0.002248966982541339,True,1.1632949714247856,0.9651380030431741,31.636080327321533,0.03657779680104945
intermittent,marked_gaussian_evidence_guarded_scalar,93,1,False,8,260,235,0.5540287911738038,0.002387714878595429,True,238.94750483770068,0.004323427155440208,0.05445279724919179,0.947323576971161
intermittent,marked_gaussian_evidence_guarded_scalar,93,2,False,8,260,235,0.5540287911738038,0.002387714878595429,True,1.1321379665997853,0.9730128656433638,31.347511980690964,0.11218001152536944
intermittent,marked_gaussian_evidence_guarded_scalar,94,1,False,8,263,241,0.9337941392842624,0.004027077164077431,True,241.1778884765444,0.004321405043073085,0.07796268354325396,0.8781714213653571
intermittent,marked_gaussian_evidence_guarded_scalar,94,2,False,8,263,241,0.47373796565685455,0.002007777682304439,True,1.0000246527463148,0.9999982741571043,30.7831349125223,0.00011079549336740864
intermittent,marked_gaussian_evidence_guarded_scalar,95,1,False,8,259,235,0.5824139294209708,0.0025018686081537773,True,237.7304344847317,0.004388688611641667,0.08441973851349295,0.980924350501595
intermittent,marked_gaussian_evidence_guarded_scalar,95,2,False,8,259,235,0.5824139294209708,0.0025018686081537773,True,2.67625114089469,0.4711710658762251,30.602051906893415,0.0644125920902396
intermittent,marked_gaussian_evidence_guarded_scalar,96,1,False,8,268,235,0.5960151632494362,0.0026562175975608955,True,241.07208874600252,0.004355100253363207,0.040618386094781356,0.9430941839561735
intermittent,marked_gaussian_evidence_guarded_scalar,96,2,False,8,268,235,0.5960151632494362,0.0026562175975608955,True,1.0982181814569523,0.9811095301928384,30.258975680107575,0.0226270763026518
intermittent,marked_gaussian_evidence_guarded_scalar,97,1,False,9,268,244,0.9355994303213171,0.00411024627378647,True,244.3551181933794,0.0044039344519049665,0.041476966417009195,0.8772267212598692
intermittent,marked_gaussian_evidence_guarded_scalar,97,2,False,8,22,0,0.0,0.0,True,1.7690101867638923,0.8139006627010371,29.982045133464638,0.012686579849843274
intermittent,marked_gaussian_evidence_guarded_scalar,98,1,False,10,271,242,1.5846046363330728,0.006845544399529866,True,240.11910789984324,0.004530320655772958,0.0951229083917213,0.9512922434829179
intermittent,marked_gaussian_evidence_guarded_scalar,98,2,False,7,21,0,0.0,0.0,True,2.6969537741091902,0.6395589511276117,29.802164772458756,0.07407885394797882
intermittent,marked_gaussian_evidence_guarded_scalar,99,1,False,11,274,238,1.9382585882480607,0.008330834529898214,True,241.17772735927392,0.004504616042632133,0.044937956344475075,0.9783494575721042
intermittent,marked_gaussian_evidence_guarded_scalar,99,2,False,6,22,0,0.0,0.0,True,1.0671894341516488,0.9894152205246185,37.43796145220059,0.0010581359045456398
intermittent,marked_gaussian_evidence_guarded_scalar,100,1,True,11,274,239,2.0526736452375864,0.008818485004984968,True,242.0759665536186,0.00446350477733197,0.04982663915443186,0.9841196988342394
intermittent,marked_gaussian_evidence_guarded_scalar,100,2,False,6,19,0,0.0,0.0,True,1.4913028095493897,0.8836646856847516,37.03838277142777,0.03833126409727147
intermittent,marked_gaussian_evidence_guarded_scalar,101,1,True,11,267,238,2.084197981585857,0.0090288777077796,True,241.90618672577682,0.004429762750351767,0.01459123017618354,0.9732594784917223
intermittent,marked_gaussian_evidence_guarded_scalar,101,2,False,6,18,0,0.0,0.0,True,1.7025961805110144,0.8475790354369561,36.55566614307732,0.3423956437698942
intermittent,marked_gaussian_evidence_guarded_scalar,102,1,False,10,262,238,1.1452985479434872,0.005034809451177958,True,240.43249834961165,0.004407564681593802,0.0612702434879851,0.9391905678614149
intermittent,marked_gaussian_evidence_guarded_scalar,102,2,False,7,19,0,0.0,0.0,True,1.6316568795376523,0.8726632497442632,37.0280922826782,0.7839719014654628
intermittent,marked_gaussian_evidence_guarded_scalar,103,1,True,10,262,239,1.9115291085823645,0.008310535272153818,True,238.00235766876975,0.004483842275626981,0.03749735343735392,0.9908546219809338
intermittent,marked_gaussian_evidence_guarded_scalar,103,2,False,6,19,0,0.0,0.0,False,,,,
intermittent,marked_gaussian_evidence_guarded_scalar,104,1,True,10,262,239,2.0125066900759174,0.008735219802345274,True,238.88787703224156,0.004449780536775023,0.05698818335245788,0.9364788594480884
intermittent,marked_gaussian_evidence_guarded_scalar,104,2,False,6,15,0,0.0,0.0,False,,,,
intermittent,marked_gaussian_evidence_guarded_scalar,105,1,False,9,260,238,1.1756769269779572,0.005187869235842339,True,239.2440420385336,0.004415953423848879,0.05239452243633204,0.977455353494371
intermittent,marked_gaussian_evidence_guarded_scalar,105,2,False,6,15,0,0.0,0.0,False,,,,
intermittent,marked_gaussian_evidence_guarded_scalar,106,1,False,9,258,238,1.0494013823376251,0.004669742367418321,True,237.99909432730917,0.004453461431397195,0.0719553852227941,0.9331676279305788
intermittent,marked_gaussian_evidence_guarded_scalar,106,2,False,6,14,0,0.0,0.0,False,,,,
intermittent,marked_gaussian_evidence_guarded_scalar,107,1,False,9,260,237,1.5709756577540217,0.007006563955159616,True,237.69922031559813,0.00446733975613338,0.0510837335245769,0.9718957167670319
intermittent,marked_gaussian_evidence_guarded_scalar,107,2,False,6,14,0,0.0,0.0,False,,,,
intermittent,marked_gaussian_evidence_guarded_scalar,108,1,True,9,260,238,1.8611162027297645,0.00828621677806318,True,239.0767149353841,0.004453246817761552,0.021879969483652523,0.9440037004977747
intermittent,marked_gaussian_evidence_guarded_scalar,108,2,False,6,14,0,0.0,0.0,False,,,,
intermittent,marked_gaussian_evidence_guarded_scalar,109,1,True,9,263,239,2.0539273936542592,0.009149740675646981,True,240.06914780787724,0.004436967814233315,0.045280644753644225,0.9580833219332328
intermittent,marked_gaussian_evidence_guarded_scalar,109,2,False,6,14,0,0.0,0.0,False,,,,
intermittent,marked_gaussian_evidence_guarded_scalar,110,1,True,9,262,239,2.104965843133848,0.009382727511546483,True,240.65114876711775,0.004425371852085523,0.038825024169705465,0.9640540567692589
intermittent,marked_gaussian_evidence_guarded_scalar,110,2,False,6,13,0,0.0,0.0,True,6.94690850221775,0.30975741473626195,28.086867842343377,1.737959950114e-312
intermittent,marked_gaussian_evidence_guarded_scalar,111,1,True,9,260,240,2.1129792199628348,0.009411138552486435,True,240.18041583093856,0.004421956431415644,0.05057140941230824,0.9748437443205147
intermittent,marked_gaussian_evidence_guarded_scalar,111,2,False,6,15,0,0.0,0.0,True,1.0641979429940633,0.9886265643258391,26.48790250405761,0.0033871707701338158
intermittent,marked_gaussian_evidence_guarded_scalar,112,1,True,9,261,239,2.05605573088224,0.00916065897837006,True,239.5185816925875,0.0044208381158281655,0.04904137301125394,0.9436730083539062
intermittent,marked_gaussian_evidence_guarded_scalar,112,2,False,5,14,0,0.0,0.0,True,1.0862171113847507,0.9839076573453175,27.422584183486848,0.00204009356593921
intermittent,marked_gaussian_evidence_guarded_scalar,113,1,False,9,261,239,2.078737738647727,0.00925820037365278,True,239.13044936497707,0.004420943836168482,0.06875918499295304,0.9705251855496904
intermittent,marked_gaussian_evidence_guarded_scalar,113,2,False,6,15,0,0.0,0.0,True,1.92415004846318,0.6502600337638214,27.209184340531873,0.057300616957009984
intermittent,marked_gaussian_evidence_guarded_scalar,114,1,True,8,260,239,2.0826467680234915,0.009273538327028848,True,239.07936104544874,0.004420619240348073,0.07189153767717339,0.9748764622059245
intermittent,marked_gaussian_evidence_guarded_scalar,114,2,False,7,18,0,0.0,0.0,True,2.3523490417265567,0.5555338329995374,27.009404979788208,0.6893424285601087
intermittent,marked_gaussian_evidence_guarded_scalar,115,1,True,8,256,239,2.0786110483157634,0.009254844291067882,True,239.05772298769276,0.004420682725937715,0.08584352655279938,0.9386970756731692
intermittent,marked_gaussian_evidence_guarded_scalar,115,2,False,7,21,0,0.0,0.0,True,2.240011747887106,0.5459243097432794,27.036502130402436,0.985325770545839
intermittent,marked_gaussian_evidence_guarded_scalar,116,1,True,8,256,239,2.03418144895275,0.009057073207617188,True,239.0322396491266,0.00442206769896483,0.06237627225631114,0.8978218343501649
intermittent,marked_gaussian_evidence_guarded_scalar,116,2,False,7,22,0,0.0,0.0,True,2.115494330161438,0.5473233025336073,26.885216517387924,0.9942208359336144
intermittent,marked_gaussian_evidence_guarded_scalar,117,1,True,8,256,239,2.07321502599203,0.009229578046612664,True,239.04049117403272,0.004423808143353114,0.046204382595739536,0.954597057492548
intermittent,marked_gaussian_evidence_guarded_scalar,117,2,False,6,18,0,0.0,0.0,True,2.0450284816046502,0.5560460351853747,26.819649921034678,0.9962845315747659
intermittent,marked_gaussian_evidence_guarded_scalar,118,1,False,7,255,238,1.1314554200745608,0.005024165221872218,True,238.97269020636688,0.004427626139278486,0.08009353867312048,0.9265040709162615
intermittent,marked_gaussian_evidence_guarded_scalar,118,2,False,6,15,0,0.0,0.0,True,2.003758075337129,0.5801743476984356,26.636313159231786,0.9899493639360277
intermittent,marked_gaussian_evidence_guarded_scalar,119,1,False,7,255,238,1.014678508261302,0.004497023325923499,True,237.86897511580767,0.004429194943396946,0.0614665593688981,0.9028358205648708
intermittent,marked_gaussian_evidence_guarded_scalar,119,2,False,6,13,0,0.0,0.0,True,1.018669986193769,0.9975189339264214,9.807268694382405,3.5786825424042836e-05
intermittent,marked_gaussian_evidence_guarded_scalar,120,1,False,8,257,237,1.6412835534906898,0.0073019343254320974,True,237.54607407440005,0.004429840837730016,0.07214371370798427,0.9637737588292838
intermittent,marked_gaussian_evidence_guarded_scalar,120,2,False,6,13,0,0.0,0.0,True,1.0035528535310752,0.9996284232306001,9.762092159306667,0.04539040039958735
intermittent,marked_gaussian_evidence_guarded_scalar,121,1,True,8,259,238,1.907687990001762,0.008483390893514147,True,239.0754177189431,0.00442161373236849,0.07254837022456813,0.9463892615861184
intermittent,marked_gaussian_evidence_guarded_scalar,121,2,False,7,16,0,0.0,0.0,True,1.23085351421371,0.9469295740925817,9.721748538037938,0.3933008928768569
intermittent,marked_gaussian_evidence_guarded_scalar,122,1,False,8,262,1,0.0019864423579759876,0.0019864423579759876,True,242.64698998446588,0.004412756733135554,3.483331537044233,0.8970243744060911
intermittent,marked_gaussian_evidence_guarded_scalar,122,2,False,7,17,0,0.0,0.0,True,1.1795812530553573,0.964773162541976,9.69554672988585,0.9763400260483827
intermittent,marked_gaussian_evidence_guarded_scalar,123,1,False,8,263,4,0.0096115664851204,0.005274738797679234,True,242.74725546828006,0.004381143341211951,0.08303720827616741,0.7336721368174448
intermittent,marked_gaussian_evidence_guarded_scalar,123,2,False,7,19,0,0.0,0.0,True,3.167366804932494,0.5592445501777773,4.009254279345464,0.043382199357404096
intermittent,marked_gaussian_evidence_guarded_scalar,124,1,False,9,260,241,2.0318311819533923,0.009020015532689298,True,242.48586797198402,0.004394270744395907,0.05159638179157058,0.9288208808970289
intermittent,marked_gaussian_evidence_guarded_scalar,124,2,False,7,17,0,0.0,0.0,True,2.8207902618614824,0.6650005648391548,3.932953547494068,0.989251127744483
intermittent,marked_gaussian_evidence_guarded_scalar,125,1,False,8,255,1,0.0017397794145376686,0.0017397794145376686,True,240.45928678787823,0.004443976889951316,3.5228792165230707,0.9227850446628488
intermittent,marked_gaussian_evidence_guarded_scalar,125,2,False,7,16,0,0.0,0.0,True,1.4329611486071674,0.9225080389269902,3.9762470423818486,0.999648415309787
intermittent,marked_gaussian_evidence_guarded_scalar,126,1,False,10,258,3,0.008565533837454467,0.005777535920576101,True,239.7921864134296,0.005107644186371159,0.03177097888515216,0.6794251644532583
intermittent,marked_gaussian_evidence_guarded_scalar,126,2,False,7,14,0,0.0,0.0,True,1.0632490736414508,0.9911743294991728,4.056538795459674,0.9864840506132112
intermittent,marked_gaussian_evidence_guarded_scalar,127,1,False,9,261,240,1.0148210444017345,0.004486924133658497,True,240.45214569598684,0.004414711300837774,0.04967207406246074,0.8433084906113377
intermittent,marked_gaussian_evidence_guarded_scalar,127,2,False,7,13,0,0.0,0.0,True,1.0592550952259796,0.9905531009059616,26.66770256673142,0.9989363413947154
intermittent,marked_gaussian_evidence_guarded_scalar,128,1,False,11,262,239,1.751416618188449,0.007776640834416233,True,238.5918996508491,0.004433950639950393,0.05031572624499657,0.8693425868718714
intermittent,marked_gaussian_evidence_guarded_scalar,128,2,False,6,11,0,0.0,0.0,True,1.006737831455943,0.9992566845162828,25.69109267370397,0.9997617261608186
intermittent,marked_gaussian_evidence_guarded_scalar,129,1,False,10,264,238,1.1077080409210391,0.004925459709619695,True,238.81003913554497,0.004437953035878848,0.06537621963130108,0.9353209689813562
intermittent,marked_gaussian_evidence_guarded_scalar,129,2,False,6,10,0,0.0,0.0,True,1.7690941321233402,0.7949391643108569,23.872732121927005,0.001206321734069591
intermittent,marked_gaussian_evidence_guarded_scalar,130,1,False,12,266,236,1.7232810016804165,0.00768977845454402,True,237.4119483457701,0.004446918029243679,0.05407432501368672,0.9381937022713338
intermittent,marked_gaussian_evidence_guarded_scalar,130,2,False,5,10,0,0.0,0.0,True,1.001403729789794,0.9998626968269755,25.212750941242707,0.9946110584373066
intermittent,marked_gaussian_evidence_guarded_scalar,131,1,False,13,267,237,1.9878925105158824,0.008857651267712542,True,238.43450032932972,0.004441745784695249,0.051589845790832915,0.9728805958022948
intermittent,marked_gaussian_evidence_guarded_scalar,131,2,False,5,8,0,0.0,0.0,True,1.002382658494095,0.9997529388688933,23.736515805006352,0.9801594199289139
intermittent,marked_gaussian_evidence_guarded_scalar,132,1,True,13,266,238,2.074250308924361,0.009239631847740584,True,239.1390804453544,0.0044403064510586355,0.05623382425027728,0.9662982332832142
intermittent,marked_gaussian_evidence_guarded_scalar,132,2,False,5,8,0,0.0,0.0,False,,,,
intermittent,marked_gaussian_evidence_guarded_scalar,133,1,False,13,265,238,2.0697997630587084,0.009222708221981759,True,238.90808040743252,0.0044434742990274445,0.07599963724473588,0.9636626526896677
intermittent,marked_gaussian_evidence_guarded_scalar,133,2,False,5,7,0,0.0,0.0,False,,,,
intermittent,marked_gaussian_evidence_guarded_scalar,134,1,False,13,266,238,2.059240419134639,0.009177384753539132,True,238.57390404585684,0.004446715961454893,0.058855474737248406,0.9168233089880571
intermittent,marked_gaussian_evidence_guarded_scalar,134,2,False,4,7,0,0.0,0.0,True,1.0,1.0,28.01943144308654,1.0848111136375505e-07
intermittent,marked_gaussian_evidence_guarded_scalar,135,1,False,12,265,237,1.1406102561211857,0.005086635938587806,True,238.3355644957573,0.004450040937675618,0.0722990595570594,0.9370355339226077
intermittent,marked_gaussian_evidence_guarded_scalar,135,2,False,4,8,0,0.0,0.0,True,1.0198117699840004,0.9971380637151501,9.838591457570624,3.2240438018457095e-07
intermittent,marked_gaussian_evidence_guarded_scalar,136,1,False,12,269,238,1.750377839883336,0.007791196488062471,True,237.2420343076885,0.004457488353139943,0.08269244635451287,0.8936819862091272
intermittent,marked_gaussian_evidence_guarded_scalar,136,2,False,4,7,0,0.0,0.0,False,,,,
intermittent,marked_gaussian_evidence_guarded_scalar,137,1,False,11,265,238,1.1015527116419628,0.004908829019951076,True,238.18945315458845,0.0044526985570888375,0.09417792242607549,0.9281791096618812
intermittent,marked_gaussian_evidence_guarded_scalar,137,2,False,4,6,0,0.0,0.0,True,1.0,1.0,25.631999262119564,4.97148139875389e-06
intermittent,marked_gaussian_evidence_guarded_scalar,138,1,False,12,265,236,1.7107123227017644,0.007645076547621502,True,237.38375555801187,0.0044596440449902715,0.07358348226386179,0.9671989481800556
intermittent,marked_gaussian_evidence_guarded_scalar,138,2,False,4,9,0,0.0,0.0,True,1.0000000432386982,0.9999999979411227,25.48475292057483,0.07960480964368104
intermittent,marked_gaussian_evidence_guarded_scalar,139,1,False,11,264,238,1.102885589619639,0.004916441871791358,True,238.39744030942364,0.004453829970137978,0.06489808707935799,0.9331588882937938
intermittent,marked_gaussian_evidence_guarded_scalar,139,2,False,5,12,0,0.0,0.0,True,1.0007122825338886,0.9999373110939554,3.970182585090696,6.788286186558438e-08
intermittent,marked_gaussian_evidence_guarded_scalar,140,1,False,11,263,236,1.654382123603785,0.007396125277811129,True,237.32022485896195,0.00446224737887672,0.05081532155112087,0.9259823333058863
intermittent,marked_gaussian_evidence_guarded_scalar,140,2,False,5,13,0,0.0,0.0,True,1.0000136403876925,0.9999990848507889,4.046835950538874,0.047898536997301316
intermittent,marked_gaussian_evidence_guarded_scalar,141,1,False,11,266,237,1.9888185376181884,0.008874030928789009,True,238.4920864881854,0.0044539099255144635,0.0568251415284723,0.9782990352636791
intermittent,marked_gaussian_evidence_guarded_scalar,141,2,False,5,11,0,0.0,0.0,True,1.2200696764777008,0.9498666672071038,4.029938961571288,0.35483397442936926
intermittent,marked_gaussian_evidence_guarded_scalar,142,1,False,12,262,238,1.1387993602517366,0.005080552832079459,True,239.30447746393563,0.004450744313898736,0.05077160343976151,0.9426718908171613
intermittent,marked_gaussian_evidence_guarded_scalar,142,2,False,5,11,0,0.0,0.0,True,1.1800972326510275,0.9650031348344271,4.003674924464814,0.9339023597422796
intermittent,marked_gaussian_evidence_guarded_scalar,143,1,False,11,261,237,1.067322729838884,0.004767875137575371,True,237.39218477984477,0.004464552011730275,0.03770167553269916,0.9551441515686195
intermittent,marked_gaussian_evidence_guarded_scalar,143,2,False,5,12,0,0.0,0.0,True,1.7799010775722108,0.8413330910850005,9.784586370198094,0.4896305524619064
intermittent,marked_gaussian_evidence_guarded_scalar,144,1,False,11,263,236,1.460905924075198,0.006539539206858782,True,236.83959706305572,0.004468895711775039,0.03577541140049287,0.9608832969739817
intermittent,marked_gaussian_evidence_guarded_scalar,144,2,False,4,14,0,0.0,0.0,True,1.121364250274398,0.9756446116996771,26.324719650510765,1.1905716854593664e-05
intermittent,marked_gaussian_evidence_guarded_scalar,145,1,False,10,263,237,0.6605820914699113,0.0028702396214781833,True,238.2348019777183,0.004459430478292438,0.03951553556406854,0.9807435934988198
intermittent,marked_gaussian_evidence_guarded_scalar,145,2,False,5,11,0,0.0,0.0,True,1.0033489464939616,0.9996263817371894,26.39252378351145,0.017787774848874574
intermittent,marked_gaussian_evidence_guarded_scalar,146,1,False,7,264,238,0.6439417556730348,0.0027507280235773463,True,240.78539644282733,0.004315795330808491,0.03964059325722988,0.9537125167187632
intermittent,marked_gaussian_evidence_guarded_scalar,146,2,False,5,13,0,0.0,0.0,True,1.0003122851546127,0.9999728853743299,29.29554745383821,0.0001284025270093712
intermittent,marked_gaussian_evidence_guarded_scalar,147,1,False,12,272,243,0.9695287989948005,0.004616610624092998,True,242.7410090534352,0.004236591079828869,0.06434110555570793,0.9015155014161331
intermittent,marked_gaussian_evidence_guarded_scalar,147,2,False,6,268,242,0.48355600884561234,0.002150051802593611,True,1.000031313066005,0.9999977751861535,3.9526799907387944,0.003487672272905126
intermittent,marked_gaussian_evidence_guarded_scalar,148,1,False,10,272,237,0.8147188444536292,0.00348383820366029,True,240.50553665209023,0.0042716323889699466,0.08025739217535569,0.9626109635360509
intermittent,marked_gaussian_evidence_guarded_scalar,148,2,False,10,272,237,0.8147188444536304,0.00348383820366029,True,224.84118592273586,0.038899004611839774,4.095406510006405,0.7444285799238676
intermittent,marked_gaussian_evidence_guarded_scalar,149,1,False,11,274,2,0.003793695558699209,0.0023605637246158205,True,244.78640650359452,0.004202822260888541,0.07216541575981192,0.8557200263755405
intermittent,marked_gaussian_evidence_guarded_scalar,149,2,False,11,274,2,0.003793695558699209,0.0023605637246158205,True,194.65867398453184,0.10165380418787824,3.8508272648788604,0.9206232561013896
intermittent,marked_gaussian_evidence_guarded_scalar,150,1,False,11,270,8,0.016431856346970017,0.003067460356881686,True,247.804579240414,0.007101379845598916,0.05942246472333614,0.9413891990081537
intermittent,marked_gaussian_evidence_guarded_scalar,150,2,False,11,270,8,0.016431856346970017,0.003067460356881686,True,1.0003694565380188,0.9999704756128198,26.56647715208948,0.987375200195278
intermittent,marked_gaussian_evidence_guarded_scalar,151,1,False,11,282,252,0.6667395502724259,0.0027049507881541663,True,250.60949488032642,0.006182236372982517,0.034724695433174885,0.9070582165620499
intermittent,marked_gaussian_evidence_guarded_scalar,151,2,False,11,282,252,0.6667395502724259,0.0027049507881541663,True,1.4005512533543674,0.9290490430424377,23.71772616440841,0.0020945829594763554
intermittent,marked_gaussian_evidence_guarded_scalar,152,1,False,12,283,254,0.6464553523638977,0.002603456450779147,True,253.4470666371884,0.006765706155120777,0.06096482851798742,0.8377986935371471
intermittent,marked_gaussian_evidence_guarded_scalar,152,2,False,12,283,254,0.6464553523638977,0.002603456450779147,True,3.6234722812033637,0.40793170318383265,23.47299854847429,0.15912496354705846
intermittent,marked_gaussian_evidence_guarded_scalar,153,1,False,12,293,256,0.6702466364306712,0.002715546375593992,True,255.73280938656774,0.006968927696486898,0.07459492102439318,0.9287409504521121
intermittent,marked_gaussian_evidence_guarded_scalar,153,2,False,12,293,256,0.6702466364306712,0.002715546375593992,True,2.6304954850549693,0.4689302642097053,23.404566828600867,0.854290396278526
intermittent,marked_gaussian_evidence_guarded_scalar,154,1,False,12,281,250,0.35581627591189835,0.0026865436986745228,True,257.924201670441,0.007133392822527409,0.037441576463484554,0.9713921515491855
intermittent,marked_gaussian_evidence_guarded_scalar,154,2,False,12,281,250,0.35581627591189835,0.0026865436986745228,True,127.76304269971321,0.21860033823878688,4.02877154193303,0.7903395241574788
intermittent,marked_gaussian_evidence_guarded_scalar,155,1,False,11,286,251,0.4560473198514349,0.0034958805208191593,True,248.82919396202246,0.014837389946306248,0.06401478719287002,0.8008141748094294
intermittent,marked_gaussian_evidence_guarded_scalar,155,2,False,11,286,251,0.4560473198514349,0.0034958805208191593,True,2.1060076374964725,0.587700217917375,24.479758524351364,0.016211905320580818
intermittent,marked_gaussian_evidence_guarded_scalar,156,1,False,11,286,251,0.5721294182659231,0.00296027766370683,True,251.17639376059992,0.008513919694277063,0.04328619549196966,0.9278027721043623
intermittent,marked_gaussian_evidence_guarded_scalar,156,2,False,11,286,251,0.5721294182659231,0.00296027766370683,True,1.675466569189649,0.8563306544099258,23.023512265963845,0.6186442165509214
intermittent,marked_gaussian_evidence_guarded_scalar,157,1,False,11,294,254,0.4992003684649865,0.002506327303231571,True,253.316487922826,0.006448497095837472,0.04926901172401335,0.9266243844831432
intermittent,marked_gaussian_evidence_guarded_scalar,157,2,False,11,294,254,0.4992003684649865,0.002506327303231571,True,2.8176372789994506,0.6035658898547992,9.79823712375142,1.5027148024638266e-05
intermittent,marked_gaussian_evidence_guarded_scalar,158,1,False,11,291,249,0.5638914559968664,0.0024473731173494133,True,252.69682780277975,0.005321879080930612,0.06516997259959327,0.9432158881288304
intermittent,marked_gaussian_evidence_guarded_scalar,158,2,False,11,291,249,0.5638914559968664,0.0024473731173494133,True,1.0703560035472557,0.9890382026040421,21.51952535563326,0.9896308942798
intermittent,marked_gaussian_evidence_guarded_scalar,159,1,False,11,294,253,0.5092115050232764,0.002228563725346701,True,254.57853714430186,0.0048544900785011435,0.04785693532367379,0.9717359665621935
intermittent,marked_gaussian_evidence_guarded_scalar,159,2,False,11,294,253,0.5092115050232764,0.002228563725346701,True,3.572183546607433,0.422941812895547,29.810333673020114,0.08910075815464459
intermittent,marked_gaussian_evidence_guarded_scalar,160,1,False,11,285,251,0.49896341099144054,0.002128165306275017,True,252.49677194944596,0.004556615622538564,0.04565215250640443,0.9443829687868815
intermittent,marked_gaussian_evidence_guarded_scalar,160,2,False,11,285,251,0.49896341099144054,0.002128165306275017,True,1.0012806989807985,0.9998717219105538,33.56702856921174,0.9998052106677666
intermittent,marked_gaussian_evidence_guarded_scalar,161,1,False,11,294,250,0.5352665324168389,0.0022552105265306877,True,251.56688133842977,0.004351575346923464,0.04544016340744353,0.9742812727510273
intermittent,marked_gaussian_evidence_guarded_scalar,161,2,False,10,18,0,0.0,0.0,True,1.0011874834218988,0.9998820126989352,34.17489993217299,0.9998797228450333
intermittent,marked_gaussian_evidence_guarded_scalar,162,1,False,11,297,249,0.5683907296795173,0.0024194138227551496,True,253.50084773007777,0.004136358384553941,0.05522851524925686,0.9623478734912042
intermittent,marked_gaussian_evidence_guarded_scalar,162,2,False,11,297,249,0.5683907296795173,0.0024194138227551496,True,1.0013116490211649,0.9998726544363189,35.085981654292134,0.9999159227929858
intermittent,marked_gaussian_evidence_guarded_scalar,163,1,False,11,286,256,0.49888105412450356,0.0020056718788005155,True,255.55345005740247,0.004145301933071758,0.056311228586091465,0.9163447096680533
intermittent,marked_gaussian_evidence_guarded_scalar,163,2,False,11,286,256,0.49888105412450356,0.0020056718788005155,True,1.0012728043315735,0.9998725528475078,35.694994974646036,0.9999899264838058
intermittent,marked_gaussian_evidence_guarded_scalar,164,1,False,11,295,252,0.554409236130347,0.002246976435543685,True,254.32873107849304,0.004139827110289618,0.05133739829068235,0.924802223041142
intermittent,marked_gaussian_evidence_guarded_scalar,164,2,False,11,295,252,0.554409236130347,0.002246976435543685,True,1.001339319386825,0.9998651513097708,36.73306940255367,0.9999578804514339
intermittent,marked_gaussian_evidence_guarded_scalar,165,1,False,11,294,250,0.6140439080828964,0.002827138480062836,True,256.8157615046975,0.0041039486923595036,0.04913231474759352,0.967549241256283
intermittent,marked_gaussian_evidence_guarded_scalar,165,2,False,11,294,250,0.6140439080828964,0.002827138480062836,True,1.0000005553359208,0.9999999696723546,29.585069737567935,2.4221315676853358e-08
intermittent,marked_gaussian_evidence_guarded_scalar,166,1,False,10,299,260,0.5027319557919734,0.0019954307657933557,True,259.6510205455871,0.004081544603885264,0.06539483692032157,0.915286322336061
intermittent,marked_gaussian_evidence_guarded_scalar,166,2,False,10,299,260,0.5027319557919734,0.0019954307657933557,True,1.0000000239326237,0.999999998904047,18.10289779245892,0.993874304697502
intermittent,marked_gaussian_evidence_guarded_scalar,167,1,False,10,293,256,0.5020823554609984,0.002005197028504941,True,257.58417397152107,0.004055897452844277,0.050299753448544544,0.941727373667921
intermittent,marked_gaussian_evidence_guarded_scalar,167,2,False,10,293,256,0.5020823554609984,0.002005197028504941,True,1.0283585994674511,0.9962821784991095,9.7665329308141,0.3443977603705014
intermittent,marked_gaussian_evidence_guarded_scalar,168,1,False,10,295,255,0.49837565120344807,0.0019809579614531877,True,255.57238379601782,0.004017140405304239,0.06198837420036239,0.9265967932510916
intermittent,marked_gaussian_evidence_guarded_scalar,168,2,False,10,295,255,0.49837565120344807,0.0019809579614531877,True,1.0040533973233763,0.9995593489580805,25.008701296066874,0.007723676973725123
intermittent,marked_gaussian_evidence_guarded_scalar,169,1,False,10,294,255,0.5080211630024942,0.002011212980790783,True,255.33306315860818,0.003990316642482313,0.06898381488217338,0.9636135188622448
intermittent,marked_gaussian_evidence_guarded_scalar,169,2,False,10,294,255,0.5080211630024942,0.002011212980790783,True,3.4795482709917747,0.38150948358451175,29.726491358582685,0.3886606657738225
intermittent,marked_gaussian_evidence_guarded_scalar,170,1,False,10,299,255,0.5020020290630276,0.0019825737711220578,True,255.71897734426153,0.00397201446680274,0.06001146417858079,0.9385843358108832
intermittent,marked_gaussian_evidence_guarded_scalar,170,2,False,10,299,255,0.5020020290630276,0.0019825737711220578,True,3.7074288446398502,0.5130975661723951,29.870318008185638,0.19234263968471235
intermittent,marked_gaussian_evidence_guarded_scalar,171,1,False,10,298,255,0.5038815981356103,0.001987560152354429,True,255.8410280637036,0.003963444084801,0.06770664708556767,0.9463106843091443
intermittent,marked_gaussian_evidence_guarded_scalar,171,2,False,10,298,255,0.5038815981356103,0.001987560152354429,True,5.459483487498889,0.27529277518193657,29.80722669540908,0.24015098330050427
intermittent,marked_gaussian_evidence_guarded_scalar,172,1,False,10,298,254,0.5279950061327672,0.0020928266449739843,True,255.94040710791714,0.00395430848019188,0.07822402410291412,0.9393191380681635
intermittent,marked_gaussian_evidence_guarded_scalar,172,2,False,10,298,254,0.5279950061327672,0.0020928266449739843,True,2.006819689890199,0.9226561388698797,4.0301250744733705,0.7997453788588339
intermittent,marked_gaussian_evidence_guarded_scalar,173,1,False,11,304,254,1.227289784874865,0.004908347334464259,True,257.91227179752457,0.003921107029621888,0.041239786655181895,0.9431935208679363
intermittent,marked_gaussian_evidence_guarded_scalar,173,2,False,10,299,254,0.5586516696507162,0.002217121051815021,True,3.4204146119367294,0.847781676918446,4.03203528425681,0.7886782368418008
intermittent,marked_gaussian_evidence_guarded_scalar,174,1,False,10,295,256,0.5289789694999529,0.0020730076262393837,True,259.494037673011,0.0039104911392170765,0.08194093495650183,0.9744270451402421
intermittent,marked_gaussian_evidence_guarded_scalar,174,2,False,10,295,256,0.5289789694999529,0.0020730076262393837,True,1.2287189842448358,0.966853080618021,9.747675905257452,0.9311615965517838
intermittent,marked_gaussian_evidence_guarded_scalar,175,1,False,9,287,252,0.4940511773667559,0.0019749816092054324,True,256.4052899143557,0.003982583334265385,0.08341765312680782,0.9275374358897034
intermittent,marked_gaussian_evidence_guarded_scalar,175,2,False,9,287,252,0.4940511773667559,0.0019749816092054324,True,6.088742105653414,0.7707502310708071,4.0905350090806945,0.45255553094095047
intermittent,marked_gaussian_evidence_guarded_scalar,176,1,False,9,291,252,0.4883146581795129,0.001952275414800214,True,253.74550357817128,0.004015617591110299,0.05480676160192004,0.8996730192645521
intermittent,marked_gaussian_evidence_guarded_scalar,176,2,False,9,291,252,0.4883146581795129,0.001952275414800214,True,1.754627369501927,0.9376578029527877,4.032503617485689,0.8797082287022304
intermittent,marked_gaussian_evidence_guarded_scalar,177,1,False,8,290,252,0.4935209786320178,0.0019675232051809713,True,253.7832677613701,0.0039917063581199575,0.08225705586607583,0.9205610931280963
intermittent,marked_gaussian_evidence_guarded_scalar,177,2,False,8,290,252,0.4935209786320178,0.0019675232051809713,True,1.1928929037660647,0.9825130841891868,4.021024962495358,0.9618050281792492
intermittent,marked_gaussian_evidence_guarded_scalar,178,1,False,8,292,253,0.49842568316684893,0.0019755789442201677,True,253.70049038328776,0.003974304526344806,0.038092195107582875,0.9321822870865073
intermittent,marked_gaussian_evidence_guarded_scalar,178,2,False,8,292,253,0.49842568316684893,0.0019755789442201677,True,1.0661853644711319,0.9943247056533147,3.954291449963879,0.9983238884023297
intermittent,marked_gaussian_evidence_guarded_scalar,179,1,False,8,266,252,0.4817356185929945,0.0019139108723452672,True,254.11782817746186,0.003962479503180444,0.07681927028024434,0.8743813233900387
intermittent,marked_gaussian_evidence_guarded_scalar,179,2,False,8,266,252,0.4817356185929945,0.0019139108723452672,True,1.0408807487575575,0.9966105075869643,3.939889602523123,0.999899823836233
intermittent,marked_gaussian_evidence_guarded_scalar,180,1,False,8,268,252,0.4972182194117898,0.0019743457292059965,True,253.5143464773529,0.003961104860602849,0.07084714023405572,0.9353955934609268
intermittent,marked_gaussian_evidence_guarded_scalar,180,2,False,8,268,252,0.4972182194117898,0.0019743457292059965,True,1.0221551434597955,0.9981763069239908,4.262406411482945,0.9993751389905845
intermittent,marked_gaussian_evidence_guarded_scalar,181,1,False,9,275,253,0.5041672943463498,0.0019978444843047186,True,253.73633404790618,0.003960111493991167,0.056466655651523125,0.9576211645504402
intermittent,marked_gaussian_evidence_guarded_scalar,181,2,False,9,275,253,0.5041672943463498,0.0019978444843047186,True,1.05134206509371,0.9956864815257682,3.9039017901192747,0.9811735824185145
intermittent,marked_gaussian_evidence_guarded_scalar,182,1,False,9,273,253,0.5002555442554448,0.001981456361893775,True,254.12278658289296,0.003959843534522924,0.061528513038350205,0.94067084974744
intermittent,marked_gaussian_evidence_guarded_scalar,182,2,False,8,21,0,0.0,0.0,True,2.6834235316824304,0.5529074317820348,23.090669344392712,0.1512244035664232
intermittent,marked_gaussian_evidence_guarded_scalar,183,1,False,9,277,252,0.5324323160297778,0.00212052170213946,True,253.99027656584056,0.00396238942254123,0.06636579778567875,0.9591441221571876
intermittent,marked_gaussian_evidence_guarded_scalar,183,2,False,9,277,252,0.5324323160297778,0.00212052170213946,True,2.7098028986262133,0.591081741575293,23.06422286477258,0.5341894231047546
intermittent,marked_gaussian_evidence_guarded_scalar,184,1,False,10,284,255,0.4994537893161697,0.001963792099716798,True,255.79156297066024,0.003941950732166245,0.052135025534342114,0.9244279306631858
intermittent,marked_gaussian_evidence_guarded_scalar,184,2,False,10,284,255,0.4994537893161697,0.001963792099716798,True,1.9962211188860335,0.793538135654726,23.244441060778218,0.6979838894138876
intermittent,marked_gaussian_evidence_guarded_scalar,185,1,False,10,268,253,0.4948378367732098,0.0019567226307377703,True,255.1468445048333,0.003948194606657166,0.06226259564888908,0.9197086843849676
intermittent,marked_gaussian_evidence_guarded_scalar,185,2,False,10,268,253,0.4948378367732098,0.0019567226307377703,True,1.303794746686382,0.938930636521848,23.355681681882615,0.9805634246170342
intermittent,marked_gaussian_evidence_guarded_scalar,186,1,False,10,269,253,0.5019257811253803,0.001987590642971473,True,253.8991190530803,0.003954096864736201,0.06343665935715466,0.9492243303573333
intermittent,marked_gaussian_evidence_guarded_scalar,186,2,False,10,269,253,0.5019257811253803,0.001987590642971473,True,1.685062131566712,0.9443452120230579,3.9894329184269917,0.8239518786386533
intermittent,marked_gaussian_evidence_guarded_scalar,187,1,False,10,273,253,0.9959448133374094,0.003940147241903484,True,253.72350736778088,0.0039554938620742835,0.05985284916602841,0.9464692438003443
intermittent,marked_gaussian_evidence_guarded_scalar,187,2,False,10,268,252,0.4433316166886126,0.0017715500035229681,True,84.16600729560841,0.25987507702529533,3.942345587450753,0.8284095780187043
intermittent,marked_gaussian_evidence_guarded_scalar,188,1,False,10,269,252,0.8023618540789594,0.0031875950349703514,True,253.54798141928129,0.003959828082373018,0.049191523816096656,0.9797198301637238
intermittent,marked_gaussian_evidence_guarded_scalar,188,2,False,10,269,252,0.8023618540789589,0.003187595034970442,True,255.18306180177987,0.006987021440938352,1.2026905857810624,0.7774379602060342
intermittent,marked_gaussian_evidence_guarded_scalar,189,1,False,9,269,251,0.5066068432807387,0.0020186578121126975,True,253.95705736064997,0.003956932358839489,0.05874710297263044,0.9490884643057023
intermittent,marked_gaussian_evidence_guarded_scalar,189,2,False,9,269,251,0.5066068432807387,0.0020186578121126975,True,3.644487658208485,0.8417289606457391,4.100243332100155,0.8209892684771576
intermittent,marked_gaussian_evidence_guarded_scalar,190,1,False,9,270,250,0.48956675756671525,0.001958268721587086,True,253.11028130193665,0.003968517106409625,0.05962269804324278,0.9151606640977045
intermittent,marked_gaussian_evidence_guarded_scalar,190,2,False,9,270,250,0.48956675756671525,0.001958268721587086,True,1.5871720398697478,0.9500073093898093,4.0590347415783326,0.9120967735788854
intermittent,marked_gaussian_evidence_guarded_scalar,191,1,False,10,273,250,0.49584489402269344,0.001983381420020106,True,251.7208414942858,0.003986516489778259,0.04517577955746385,0.9372854502786998
intermittent,marked_gaussian_evidence_guarded_scalar,191,2,False,10,273,250,0.49584489402269344,0.001983381420020106,True,1.2007843094213233,0.9812699791049967,4.300701473728037,0.9952672770723656
intermittent,marked_gaussian_evidence_guarded_scalar,192,1,False,9,270,250,0.49685276783897897,0.0019874130200939794,True,251.71771911668304,0.003986809483805572,0.03408115496125422,0.9405961128756315
intermittent,marked_gaussian_evidence_guarded_scalar,192,2,False,9,270,250,0.49685276783897897,0.0019874130200939794,True,1.1827838493973026,0.9836897685113872,3.9262044383489125,0.9784765567418929
intermittent,marked_gaussian_evidence_guarded_scalar,193,1,False,8,272,250,0.5026735795832272,0.002010696016227429,True,251.66735648387356,0.0039872879533091425,0.07196183858624701,0.9636607314551332
intermittent,marked_gaussian_evidence_guarded_scalar,193,2,False,8,272,250,0.5026735795832272,0.002010696016227429,True,9.493246543198065,0.6838413446188361,3.86811585857935,0.42101712602396174
intermittent,marked_gaussian_evidence_guarded_scalar,194,1,False,8,278,250,0.5273003857327072,0.002109220201553323,True,252.13384319660582,0.003984312143912096,0.06130070533412322,0.9572707501441234
intermittent,marked_gaussian_evidence_guarded_scalar,194,2,False,8,278,250,0.5273003857327072,0.002109220201553323,True,3.401319414406997,0.4159506211435269,29.730090281345422,0.35154279131250576
intermittent,marked_gaussian_evidence_guarded_scalar,195,1,False,8,269,252,0.48855305075258315,0.001943115039931156,True,253.40596458455536,0.003975880669557812,0.03945285854593812,0.8963681895806062
intermittent,marked_gaussian_evidence_guarded_scalar,195,2,False,8,269,252,0.48855305075258315,0.001943115039931156,True,1.0000009176700022,0.999999948425129,26.203380218912535,0.9978683964239504
intermittent,marked_gaussian_evidence_guarded_scalar,196,1,False,8,275,251,0.48843647696710996,0.001946744191121624,True,252.27234692189418,0.003983409663354834,0.06408518772225984,0.9023386148457933
intermittent,marked_gaussian_evidence_guarded_scalar,196,2,False,8,275,251,0.48843647696710996,0.001946744191121624,True,1.0013245503294737,0.9998674377358776,26.59296014079977,0.9883635204638597
intermittent,marked_gaussian_evidence_guarded_scalar,197,1,False,8,264,251,0.5002679771633047,0.0019940006476082176,True,252.10641566832248,0.003984554061748107,0.08781263801348846,0.9486036548216905
intermittent,marked_gaussian_evidence_guarded_scalar,197,2,False,8,264,251,0.5002679771633047,0.0019940006476082176,True,1.001231761981337,0.9998769672323803,26.930185502865193,0.9946399071471931
intermittent,marked_gaussian_evidence_guarded_scalar,198,1,False,8,270,251,0.49581823973458483,0.001976305151580804,True,251.8769136069302,0.0039857071941702535,0.040650883246340086,0.9295775744918102
intermittent,marked_gaussian_evidence_guarded_scalar,198,2,False,8,270,251,0.49581823973458483,0.001976305151580804,True,1.0014631001762653,0.9998584593955082,27.207477905852752,0.9974584120157199
intermittent,marked_gaussian_evidence_guarded_scalar,199,1,False,8,272,250,0.5263699564424007,0.0021054814067653057,True,251.85452907636005,0.0039858536255230285,0.09285532593309735,0.932548362583958
intermittent,marked_gaussian_evidence_guarded_scalar,199,2,False,8,21,0,0.0,0.0,True,1.0015014688257375,0.9998560584579299,27.53198816761992,0.9953185976502134
intermittent,marked_gaussian_evidence_guarded_scalar,200,1,False,9,279,253,0.9418489191177872,0.0037394323440425497,True,253.72832617546536,0.003972049694287108,0.11501013588422487,0.8890355902093199
intermittent,marked_gaussian_evidence_guarded_scalar,200,2,False,8,273,252,0.4865934447040365,0.001934606411450098,True,1.2977462405256062,0.9404306905403494,35.95704023874231,0.764967210519043
intermittent,marked_gaussian_evidence_guarded_scalar,201,1,False,9,283,250,0.5869586055986997,0.0023478345187819293,True,252.28036731048073,0.003987538318680035,0.06811917491574063,0.9823090022937797
intermittent,marked_gaussian_evidence_guarded_scalar,201,2,False,9,283,250,0.5869586055986997,0.0023478345187819293,True,1.4755177349487445,0.8823384431584114,36.40232513374528,0.7498804779064214
intermittent,marked_gaussian_evidence_guarded_scalar,202,1,False,9,281,253,0.492673022089683,0.0019527155908906906,True,254.83211652840282,0.00396645627052873,0.048224977011482505,0.9019128736176079
intermittent,marked_gaussian_evidence_guarded_scalar,202,2,False,9,281,253,0.492673022089683,0.0019527155908906906,True,1.0002570171342147,0.9999784991216392,28.43722145848474,0.9874609681662979
intermittent,marked_gaussian_evidence_guarded_scalar,203,1,False,10,275,251,0.5019571701234457,0.002000521826722707,True,252.9863618374575,0.003979130812076791,0.05860063194985308,0.9562700990973757
intermittent,marked_gaussian_evidence_guarded_scalar,203,2,False,9,22,0,0.0,0.0,True,1.000031289926625,0.999997778514105,29.58718130535832,0.06750727382665644
intermittent,marked_gaussian_evidence_guarded_scalar,204,1,False,10,276,251,0.4872019225664817,0.0019418523605914991,True,252.12299605036827,0.003984366928545389,0.06207674993916809,0.8959343910730654
intermittent,marked_gaussian_evidence_guarded_scalar,204,2,False,10,276,251,0.4872019225664817,0.0019418523605914991,True,1.1637547586045733,0.9650189653634144,29.574749677419533,0.9032161703123504
intermittent,marked_gaussian_evidence_guarded_scalar,205,1,False,10,274,251,0.49781988640490626,0.0019841830081306446,True,251.8838940027079,0.003985345139236149,0.0628590764247227,0.9387644943394248
intermittent,marked_gaussian_evidence_guarded_scalar,205,2,False,10,274,251,0.49781988640490626,0.0019841830081306446,True,1.3955316314571593,0.918672725652016,29.683789072424418,0.7006417209834053
intermittent,marked_gaussian_evidence_guarded_scalar,206,1,False,11,280,251,0.9830111583944761,0.003919715715354592,True,252.08178071139983,0.003984755322133508,0.06583152851386327,0.9344756525651956
intermittent,marked_gaussian_evidence_guarded_scalar,206,2,False,10,276,251,0.4969514377821263,0.001980780144425325,True,1.820883205694038,0.8094218247845701,29.702429292642826,0.423164197344978
intermittent,marked_gaussian_evidence_guarded_scalar,207,1,False,10,273,251,0.5145694731828873,0.002052488642550207,True,251.54492518125895,0.003991197072824596,0.06561758132762427,0.957132454090291
intermittent,marked_gaussian_evidence_guarded_scalar,207,2,False,10,273,251,0.5145694731828873,0.002052488642550207,True,2.4809150286591093,0.5551446240701821,29.995786236153048,0.4091911266580139
intermittent,marked_gaussian_evidence_guarded_scalar,208,1,False,10,277,251,0.5034579429916471,0.0020067992554496073,True,251.7288218004877,0.003986864647440196,0.073969130096442,0.9582368277796864
intermittent,marked_gaussian_evidence_guarded_scalar,208,2,False,10,277,251,0.5034579429916471,0.0020067992554496073,True,2.3005708504428166,0.5601760666731006,29.946632165775068,0.5733547053188154
intermittent,marked_gaussian_evidence_guarded_scalar,209,1,False,10,273,251,0.49994489888897364,0.0019927390672739268,True,251.86119146583044,0.003985717289534642,0.04775826755425418,0.9455780684938456
intermittent,marked_gaussian_evidence_guarded_scalar,209,2,False,10,273,251,0.49994489888897364,0.0019927390672739268,True,1.0005274095815448,0.999951804440532,9.779924119095908,0.8632785433703332
intermittent,marked_gaussian_evidence_guarded_scalar,210,1,False,9,276,250,0.4904327099758801,0.0019617338896831815,True,252.07253059504467,0.003984792183487137,0.042165136083119684,0.9154604221337406
intermittent,marked_gaussian_evidence_guarded_scalar,210,2,False,9,276,250,0.4904327099758801,0.0019617338896831815,True,1.0369473963060682,0.9942792715717307,9.875147421598884,0.947208902637283
intermittent,marked_gaussian_evidence_guarded_scalar,211,1,False,9,271,250,0.4953613851068305,0.001981447623837997,True,251.39937806071958,0.003988208110312761,0.02084135724080894,0.9348841587350185
intermittent,marked_gaussian_evidence_guarded_scalar,211,2,False,9,271,250,0.4953613851068305,0.001981447623837997,True,2.5144947531758866,0.5831224350074078,29.81270160880803,0.10621385669009724
intermittent,marked_gaussian_evidence_guarded_scalar,212,1,False,9,274,251,0.5047199055300223,0.0020117578718432216,True,251.38715230065145,0.003988362278475449,0.033692282088099726,0.9646216544320096
intermittent,marked_gaussian_evidence_guarded_scalar,212,2,False,9,274,251,0.5047199055300223,0.0020117578718432216,True,1.0012765161992834,0.9998750993766652,33.24317221541638,0.9999749915706595
intermittent,marked_gaussian_evidence_guarded_scalar,213,1,False,9,275,250,0.5308985421614101,0.002123596078896655,True,251.8522411486347,0.0039858694420441465,0.008656144748537497,0.9575822939226978
intermittent,marked_gaussian_evidence_guarded_scalar,213,2,False,9,275,250,0.5308985421614101,0.002123596078896655,True,2.420960068889858,0.8987138799813523,4.068718585950331,0.9732649802462497
intermittent,marked_gaussian_evidence_guarded_scalar,214,1,False,9,275,250,0.5037248973128057,0.0020148996517526142,True,253.75438301576634,0.003971879397806578,0.03971441525767842,0.968247880550301
intermittent,marked_gaussian_evidence_guarded_scalar,214,2,False,9,275,250,0.5037248973128057,0.0020148996517526142,True,2.738601587281708,0.8791429390249434,4.0235378061813964,0.9935860631083775
intermittent,marked_gaussian_evidence_guarded_scalar,215,1,False,9,272,247,0.4951589321634481,0.0020046920363290905,True,252.84406246583663,0.003980896888274683,0.053468525999527255,0.9584847289870252
intermittent,marked_gaussian_evidence_guarded_scalar,215,2,False,9,272,247,0.4951589321634481,0.0020046920363290905,True,2.841511503091506,0.8732495725432988,3.8792368406658597,0.8114457756889306
intermittent,marked_gaussian_evidence_guarded_scalar,216,1,False,9,270,247,0.4934279759942691,0.001997684115175451,True,248.73822881394156,0.004035152319588563,0.06809956098325791,0.93891794625432
intermittent,marked_gaussian_evidence_guarded_scalar,216,2,False,9,270,247,0.4934279759942691,0.001997684115175451,True,1.0042887714167252,0.9995751698241646,6.532080689368406,0.9842650701690009
intermittent,marked_gaussian_evidence_guarded_scalar,217,1,False,9,271,247,0.49663769616126713,0.002010678932600293,True,248.38873988156837,0.0040366774152040845,0.05899454786044703,0.9516042928242492
intermittent,marked_gaussian_evidence_guarded_scalar,217,2,False,9,24,0,0.0,0.0,True,6.486952415107811,0.202769575574152,23.33259066643812,0.2593021365212075
intermittent,marked_gaussian_evidence_guarded_scalar,218,1,False,9,273,247,0.4901627191081825,0.001984464449977013,True,248.38197105131212,0.004036801922803752,0.0643968139473203,0.9253859711467034
intermittent,marked_gaussian_evidence_guarded_scalar,218,2,False,9,273,247,0.4901627191081825,0.001984464449977013,True,1.7796055161519568,0.8143132675457389,29.758725144650366,0.005545130135448553
intermittent,marked_gaussian_evidence_guarded_scalar,219,1,False,8,271,248,0.4923415698064376,0.001986150482496447,True,248.3955864886806,0.0040366367083286715,0.060550218160909434,0.9277209263625017
intermittent,marked_gaussian_evidence_guarded_scalar,219,2,False,8,271,248,0.4923415698064376,0.001986150482496447,True,6.55636683020666,0.18374914393655534,25.159482159529425,0.5202319812290016
intermittent,marked_gaussian_evidence_guarded_scalar,220,1,False,9,270,248,0.4994800579700338,0.002014992795390614,True,248.86218431438388,0.004033894575877562,0.05456849460861239,0.9568388004201267
intermittent,marked_gaussian_evidence_guarded_scalar,220,2,False,9,270,248,0.4994800579700338,0.002014992795390614,True,6.557007460565686,0.17428355703818657,25.915394683306207,0.9787491512902866
intermittent,marked_gaussian_evidence_guarded_scalar,221,1,False,9,272,248,0.49892118693317267,0.002012773169103897,True,248.85909888961663,0.004034027605225247,0.03516851984425861,0.9538895788181154
intermittent,marked_gaussian_evidence_guarded_scalar,221,2,False,9,272,248,0.49892118693317267,0.002012773169103897,True,6.678817085425045,0.16614251384271192,26.479064267167423,0.9113303183074879
intermittent,marked_gaussian_evidence_guarded_scalar,222,1,False,9,268,248,0.9899517466353189,0.003995382423742867,True,248.85217695632215,0.00403405929041876,0.05491960265650315,0.9411135248281095
intermittent,marked_gaussian_evidence_guarded_scalar,222,2,False,9,268,247,0.4939617484229104,0.0019998451357347664,True,1.0014728286814012,0.9998522744764979,38.52267211238246,0.9990397302283797
intermittent,marked_gaussian_evidence_guarded_scalar,223,1,False,9,269,248,0.5137856723867188,0.0020742283873044207,True,248.53256804513595,0.004039644645846956,0.05362690795592121,0.965934998278403
intermittent,marked_gaussian_evidence_guarded_scalar,223,2,False,9,269,248,0.5137856723867188,0.0020742283873044207,True,1.0014651236393388,0.999852720512455,39.33213102387669,0.999974302386033
intermittent,marked_gaussian_evidence_guarded_scalar,224,1,False,9,268,248,0.9503233277172709,0.0038353846536623745,True,248.72050846179735,0.004035230960293921,0.048677824319571225,0.8996738181032304
intermittent,marked_gaussian_evidence_guarded_scalar,224,2,False,9,271,248,0.4856786532369073,0.001959315655955975,True,1.0015357763599217,0.9998449062299366,39.95358441337893,0.9994299251941496
intermittent,marked_gaussian_evidence_guarded_scalar,225,1,False,9,272,248,0.5119602459319674,0.002066773514669763,True,248.53782689767604,0.004039536350494897,0.07708579953184173,0.9622766381504101
intermittent,marked_gaussian_evidence_guarded_scalar,225,2,False,9,272,248,0.5119602459319674,0.002066773514669763,True,1.0014930933578117,0.9998497080413382,40.60573753463662,0.9999647519166689
intermittent,marked_gaussian_evidence_guarded_scalar,226,1,False,9,272,248,0.49377887400491605,0.0019920260862756104,True,248.7297201584594,0.004035133349109467,0.03913696606826184,0.9318239702501534
intermittent,marked_gaussian_evidence_guarded_scalar,226,2,False,9,272,248,0.49377887400491605,0.0019920260862756104,True,1.0015473231059928,0.9998434842402102,41.18557136591738,0.999843410970569
intermittent,marked_gaussian_evidence_guarded_scalar,227,1,False,9,271,248,1.0103732647387502,0.004077713367288543,True,248.8594462582373,0.004033918702722612,0.057757624060808366,0.9620690494763766
intermittent,marked_gaussian_evidence_guarded_scalar,227,2,False,9,274,248,0.5008188277706069,0.0020203869157617888,True,1.001480542066771,0.9998505179376008,41.79027698352538,0.9998922831356124
intermittent,marked_gaussian_evidence_guarded_scalar,228,1,False,9,275,248,0.5144580361494476,0.0020769802602031056,True,248.52427504478916,0.004039739218099914,0.06676181936255454,0.9667067367764901
intermittent,marked_gaussian_evidence_guarded_scalar,228,2,False,9,275,248,0.5144580361494476,0.0020769802602031056,True,1.0014692371088494,0.9998523383742298,42.63896450013883,0.9997973550425558
intermittent,marked_gaussian_evidence_guarded_scalar,229,1,False,9,268,248,0.4966628143794569,0.0020036939054861756,True,248.87712924172504,0.0040346715596543455,0.04700705094565211,0.9432035001640726
intermittent,marked_gaussian_evidence_guarded_scalar,229,2,False,9,268,248,0.4966628143794569,0.0020036939054861756,True,1.001539397014871,0.9998442728837714,43.19792226310027,0.9990556512381179
intermittent,marked_gaussian_evidence_guarded_scalar,230,1,False,9,270,248,0.4977559681384308,0.0020080381077345506,True,248.85072824848208,0.004034008599165709,0.041392668138748714,0.9494650291433339
intermittent,marked_gaussian_evidence_guarded_scalar,230,2,False,9,270,248,0.4977559681384308,0.0020080381077345506,True,1.0015074955558239,0.9998477543404439,44.16876805321179,0.9999685063092099
intermittent,marked_gaussian_evidence_guarded_scalar,231,1,False,9,270,248,0.48874337432952253,0.0019716554165787156,True,248.86004925590905,0.004033985983826445,0.049857391588657415,0.9135694814557503
intermittent,marked_gaussian_evidence_guarded_scalar,231,2,False,9,270,248,0.48874337432952253,0.0019716554165787156,True,1.0014661193284147,0.9998523840523584,44.66479200985909,0.9992464469335118
intermittent,marked_gaussian_evidence_guarded_scalar,232,1,False,9,271,248,0.49511412297769053,0.0019973414093114902,True,249.0705287744531,0.004032982393708824,0.05172505163700242,0.9398995908331214
intermittent,marked_gaussian_evidence_guarded_scalar,232,2,False,9,271,248,0.49511412297769053,0.0019973414093114902,True,1.0014571141482307,0.9998532789364979,45.50154305387202,0.9999948802551593
intermittent,marked_gaussian_evidence_guarded_scalar,233,1,False,9,271,248,0.5010998962348564,0.0020215498800241326,True,248.86607741313833,0.00403391329918012,0.016432032305835377,0.963101724546557
intermittent,marked_gaussian_evidence_guarded_scalar,233,2,False,9,271,248,0.5010998962348564,0.0020215498800241326,True,1.0014505256095425,0.9998541897795478,46.21655221139383,0.9999802205434833
intermittent,marked_gaussian_evidence_guarded_scalar,234,1,False,9,273,248,0.490007539906961,0.0019767833014030984,True,248.85460300299317,0.004034064398088971,0.0373912975571454,0.9182256170707643
intermittent,marked_gaussian_evidence_guarded_scalar,234,2,False,9,273,248,0.490007539906961,0.0019767833014030984,True,1.0014506192361279,0.9998537786199212,46.801397439572305,0.9999928432336788
intermittent,marked_gaussian_evidence_guarded_scalar,235,1,False,8,274,248,0.4970635570762856,0.0020052237398432825,True,248.86630338076498,0.004033846451846349,0.05137014095214747,0.9473718467374179
intermittent,marked_gaussian_evidence_guarded_scalar,235,2,False,8,274,248,0.4970635570762856,0.0020052237398432825,True,1.001448850961473,0.9998543769414162,47.764766683824426,0.9999851940415484
intermittent,marked_gaussian_evidence_guarded_scalar,236,1,False,8,277,248,0.5017270405745031,0.0020240937794014156,True,248.85522882368258,0.004034012994919681,0.058169332449503126,0.9654282828423714
intermittent,marked_gaussian_evidence_guarded_scalar,236,2,False,8,277,248,0.5017270405745031,0.0020240937794014156,True,1.0014100384385725,0.999856985962662,48.38334312141698,0.9999868332841065
intermittent,marked_gaussian_evidence_guarded_scalar,237,1,False,8,278,248,0.4878796448837359,0.0019681924497803698,True,249.06291603098538,0.004033233267242287,0.07113477214083058,0.9099717131493648
intermittent,marked_gaussian_evidence_guarded_scalar,237,2,False,8,278,248,0.4878796448837359,0.0019681924497803698,True,8.657036695728864,0.2122444336239903,21.523914869425763,0.4751031339376111
intermittent,marked_gaussian_evidence_guarded_scalar,238,1,False,8,275,248,0.5014883803044907,0.0020230815174830524,True,249.07718480622478,0.004032914892904957,0.0722115424540299,0.9655872734976123
intermittent,marked_gaussian_evidence_guarded_scalar,238,2,False,8,275,248,0.5014883803044907,0.0020230815174830524,True,1.0014654639193032,0.9998520831009993,49.720547627188765,0.999974898150024
intermittent,marked_gaussian_evidence_guarded_scalar,239,1,False,8,275,248,0.49892217731342814,0.0020127893566303603,True,249.07385061721314,0.004033152965696719,0.07412462852478958,0.9539138074571547
intermittent,marked_gaussian_evidence_guarded_scalar,239,2,False,8,275,248,0.49892217731342814,0.0020127893566303603,True,7.973843404250976,0.23685374833289696,22.92486580541537,0.5282740831137108
intermittent,marked_gaussian_evidence_guarded_scalar,240,1,False,8,263,248,0.5030440008778629,0.0020294220299394545,True,249.06081870475012,0.004033204630052307,0.08680447856255674,0.9707755322366457
intermittent,marked_gaussian_evidence_guarded_scalar,240,2,False,8,263,248,0.5030440008778629,0.0020294220299394545,True,1.0016166951283696,0.9998406280095093,51.49090653768347,0.9999848599291438
intermittent,marked_lineage,1,1,False,0,0,0,0.0,0.0,False,,,,
intermittent,marked_lineage,1,2,False,0,0,0,0.0,0.0,False,,,,
intermittent,marked_lineage,2,1,False,2,9,1,0.010208584972325912,0.010208584972325912,True,2.21867272339712,0.5833123232191996,0.06757423227289326,0.10166537826254675
intermittent,marked_lineage,2,2,False,2,9,1,0.010208584972325912,0.010208584972325912,False,,,,
intermittent,marked_lineage,3,1,False,3,19,1,0.008929449267710481,0.008929449267710481,True,3.9243381214726054,0.35231126275823554,0.07036703932767976,0.1517644337480144
intermittent,marked_lineage,3,2,False,3,19,1,0.008929449267710481,0.008929449267710481,False,,,,
intermittent,marked_lineage,4,1,False,3,26,2,0.024166420891000438,0.014265473729460632,True,5.86625494785254,0.3004573750947508,0.0560528450527953,0.3925915574284991
intermittent,marked_lineage,4,2,False,3,26,2,0.024166420891000438,0.014265473729460632,False,,,,
intermittent,marked_lineage,5,1,False,3,31,3,0.03533647441204868,0.015426921213259812,True,7.743501123370831,0.24599797759646197,0.09935741134367751,0.46984279152951347
intermittent,marked_lineage,5,2,False,3,31,3,0.0353364744120489,0.015426921213260029,False,,,,
intermittent,marked_lineage,6,1,False,4,37,5,0.045805295412451014,0.014757660023223767,True,10.15230333358702,0.1860963951199185,0.10656854480590164,0.569597376059841
intermittent,marked_lineage,6,2,False,4,37,5,0.0458052954124509,0.014757660023223661,False,,,,
intermittent,marked_lineage,7,1,False,4,44,6,0.05784016240178613,0.014388657662010652,True,13.206915939149093,0.15039435468604243,0.05378356768864491,0.6030847533016407
intermittent,marked_lineage,7,2,False,4,44,6,0.05784016240178602,0.01438865766201055,False,,,,
intermittent,marked_lineage,8,1,False,4,50,9,0.0852704249986433,0.01355581273438733,True,16.76598438933055,0.11904876048382386,0.051262000733259636,0.7874437797850335
intermittent,marked_lineage,8,2,False,4,24,3,0.003808480233737795,0.0014429764913599648,True,2.4041994557336634,0.6190702553632883,35.07648949985105,1.3945825137658203e-12
intermittent,marked_lineage,9,1,False,4,55,14,0.11949853596962733,0.011271381545569257,True,20.082128638125806,0.09260913660201658,0.05706067093004055,0.7203469515007823
intermittent,marked_lineage,9,2,False,3,21,0,0.0,0.0,True,1.0000000000542923,0.9999999999980589,35.64463907174475,0.0008023866698593703
intermittent,marked_lineage,10,1,False,4,60,20,0.16956885673904962,0.011363829295967619,True,22.50147293450724,0.07932577520228228,0.04529137185970938,0.8822973241442761
intermittent,marked_lineage,10,2,False,4,60,20,0.16956885673904962,0.011363829295967619,True,1.330030981439378,0.9173467274552669,35.80341075488868,0.04592280416858171
intermittent,marked_lineage,11,1,False,5,67,23,0.16624503883604672,0.009941996201504674,True,24.32302542785213,0.06920050061908765,0.11247041930649476,0.8012957609357991
intermittent,marked_lineage,11,2,False,5,67,23,0.16624503883604672,0.009941996201504674,True,1.4179308210512187,0.888712542526562,35.99589844149703,0.26586709786648244
intermittent,marked_lineage,12,1,False,6,63,25,0.1940808559591481,0.010004037942621762,True,26.323948062979305,0.05782489661565343,0.051580401947551806,0.8289212731646349
intermittent,marked_lineage,12,2,False,6,63,25,0.1940808559591481,0.010004037942621762,False,,,,
intermittent,marked_lineage,13,1,False,6,65,28,0.20643302075962233,0.009506568485088138,True,28.094678698433114,0.056262617727988545,0.03365421759250316,0.860490552043175
intermittent,marked_lineage,13,2,False,6,65,28,0.20643302075962233,0.009506568485088138,False,,,,
intermittent,marked_lineage,14,1,False,6,62,31,0.22359442648523062,0.009160198786860757,True,30.506581173242264,0.052580000453804676,0.03193951217151648,0.9043309180703849
intermittent,marked_lineage,14,2,False,6,62,31,0.22359442648523062,0.009160198786860757,False,,,,
intermittent,marked_lineage,15,1,False,6,59,28,0.1995181444592143,0.018680733897664913,True,32.575876518953464,0.05093747807044058,0.09931305650821314,0.8585256617800701
intermittent,marked_lineage,15,2,False,6,59,28,0.19951814445921404,0.018680733897664652,False,,,,
intermittent,marked_lineage,16,1,False,6,63,27,0.20416649614674642,0.041448911157993304,True,32.49928315441675,0.1064687240963697,0.11344635573578923,0.8740761745507041
intermittent,marked_lineage,16,2,False,6,63,27,0.20416649614674642,0.041448911157993304,False,,,,
intermittent,marked_lineage,17,1,False,6,68,26,0.2385805620262144,0.08630155666674279,True,28.698935671350654,0.2026374756624164,0.03564853079705343,0.8879226770035373
intermittent,marked_lineage,17,2,False,6,68,26,0.2385805620262155,0.08630155666674391,False,,,,
intermittent,marked_lineage,18,1,True,8,76,26,1.119123785183878,0.3562284003734688,True,20.00262739097913,0.3564722580618112,0.045649281019597344,0.9156210027085177
intermittent,marked_lineage,18,2,False,6,11,1,0.08543854110007647,0.08543854110007647,False,,,,
intermittent,marked_lineage,19,1,False,7,78,11,0.23615707613870093,0.17949076203542685,True,15.854328260262957,0.42422468446984973,0.041851459391518776,0.972422621196393
intermittent,marked_lineage,19,2,False,7,78,11,0.23615707613870093,0.17949076203542685,False,,,,
intermittent,marked_lineage,20,1,True,7,84,11,0.3876277764401893,0.3390259998324148,True,9.64842557543471,0.574433149225292,0.09105700630675714,0.9683939364368346
intermittent,marked_lineage,20,2,True,7,84,11,0.3876277764401893,0.3390259998324148,False,,,,
intermittent,marked_lineage,21,1,True,7,89,4,0.5672013976666668,0.555212397262993,True,3.928162326244275,0.7798773348246391,0.09168980582450387,0.9412729458766984
intermittent,marked_lineage,21,2,True,7,89,4,0.5672013976666668,0.555212397262993,False,,,,
intermittent,marked_lineage,22,1,True,7,93,1,0.7877804851648975,0.7877804851648975,True,1.942887405077354,0.9085123807807808,0.06143679940974246,0.9814886338761546
intermittent,marked_lineage,22,2,True,7,93,1,0.7877804851648988,0.7877804851648988,False,,,,
intermittent,marked_lineage,23,1,True,7,86,1,0.9262740766721365,0.9262740766721365,True,1.2928208109152222,0.9697167866247136,0.1200661223864506,0.9831442522426778
intermittent,marked_lineage,23,2,True,7,86,1,0.9262740766721359,0.9262740766721359,False,,,,
intermittent,marked_lineage,24,1,True,7,78,1,0.9802245512281033,0.9802245512281033,True,1.0999885190123107,0.9901082875901888,0.04687810512051207,0.9915647587693139
intermittent,marked_lineage,24,2,True,7,78,1,0.9802245512281033,0.9802245512281033,False,,,,
intermittent,marked_lineage,25,1,True,7,79,1,0.9934672094628438,0.9934672094628438,True,1.049245801739337,0.995345740763374,0.11109578156562097,0.9918956035488651
intermittent,marked_lineage,25,2,True,7,79,1,0.9934672094628438,0.9934672094628438,False,,,,
intermittent,marked_lineage,26,1,True,7,76,1,0.9969472651682707,0.9969472651682707,True,1.0388647969605882,0.9963731137383367,0.1446768418821758,0.9946618943543477
intermittent,marked_lineage,26,2,True,7,76,1,0.9969472651682707,0.9969472651682707,False,,,,
intermittent,marked_lineage,27,1,True,7,79,1,0.9976533536534062,0.9976533536534062,True,1.0355045000394842,0.9967103478583667,0.09425574860562583,0.9952560632373975
intermittent,marked_lineage,27,2,True,7,79,1,0.9976533536534062,0.9976533536534062,False,,,,
intermittent,marked_lineage,28,1,True,7,82,1,0.9972100459167685,0.9972100459167685,True,1.0351445728679214,0.9967679141799644,0.14609414399609785,0.991054147458278
intermittent,marked_lineage,28,2,True,7,82,1,0.9972100459167685,0.9972100459167685,False,,,,
intermittent,marked_lineage,29,1,True,7,82,1,0.9975023982173155,0.9975023982173155,True,1.0370270831378845,0.9965843540061577,0.06595437955072765,0.9933501989751723
intermittent,marked_lineage,29,2,True,7,82,1,0.9975023982173155,0.9975023982173155,False,,,,
intermittent,marked_lineage,30,1,True,7,86,1,0.9976128517740999,0.9976128517740999,True,1.0382582926730277,0.996486248748032,0.10946912424036814,0.9944150330722642
intermittent,marked_lineage,30,2,True,7,86,1,0.9976128517740999,0.9976128517740999,False,,,,
intermittent,marked_lineage,31,1,True,7,88,1,0.9975587569022504,0.9975587569022504,True,1.039721132072295,0.9963604298244241,0.08829915880796961,0.994050933164644
intermittent,marked_lineage,31,2,True,7,12,1,0.9876367232563589,0.9876367232563589,False,,,,
intermittent,marked_lineage,32,1,True,7,91,1,0.9959273108776786,0.9959273108776786,True,1.0424410882377966,0.9961125748486704,0.1276275268101563,0.9920173316728504
intermittent,marked_lineage,32,2,True,7,91,1,0.9959273108776786,0.9959273108776786,False,,,,
intermittent,marked_lineage,33,1,True,7,98,1,0.9970878949480906,0.9970878949480906,True,1.050808372386304,0.995295663083309,0.13037048703411427,0.9932373110709884
intermittent,marked_lineage,33,2,True,7,98,1,0.9970878949480906,0.9970878949480906,False,,,,
intermittent,marked_lineage,34,1,True,7,102,1,0.9976419095341341,0.9976419095341341,True,1.0475533614734591,0.9956305518229799,0.06686490791099757,0.9958167367068795
intermittent,marked_lineage,34,2,True,7,102,1,0.9976419095341341,0.9976419095341341,False,,,,
intermittent,marked_lineage,35,1,True,7,105,1,0.9971419633441185,0.9971419633441185,True,1.0457785699723021,0.9958179152833339,0.07119023561182705,0.9908031690336984
intermittent,marked_lineage,35,2,True,7,105,1,0.9971419633441183,0.9971419633441183,False,,,,
intermittent,marked_lineage,36,1,True,8,101,1,0.9973747618071126,0.9973747618071126,True,1.0468733247652924,0.995721941458841,0.06371735568738825,0.9937551181054008
intermittent,marked_lineage,36,2,True,8,101,1,0.9973747618071124,0.9973747618071124,False,,,,
intermittent,marked_lineage,37,1,True,8,106,1,0.9978307082562297,0.9978307082562297,True,1.0480702976807659,0.9956104563753927,0.09117330618167116,0.996800660751241
intermittent,marked_lineage,37,2,True,8,106,1,0.9978307082562297,0.9978307082562297,False,,,,
intermittent,marked_lineage,38,1,True,8,109,1,0.9975034578356601,0.9975034578356601,True,1.0461885150411907,0.9958122752888194,0.11920467821727368,0.9941398184218617
intermittent,marked_lineage,38,2,True,8,109,1,0.9975034578356601,0.9975034578356601,False,,,,
intermittent,marked_lineage,39,1,True,8,108,1,0.9974657086717046,0.9974657086717046,True,1.0455935445599098,0.9958791130971812,0.13080897192112637,0.9944815254314543
intermittent,marked_lineage,39,2,True,8,108,1,0.9974657086717046,0.9974657086717046,False,,,,
intermittent,marked_lineage,40,1,True,8,110,1,0.997687764197223,0.997687764197223,True,1.0448319228736973,0.9959539642056069,0.08858551246905268,0.9960210476094048
intermittent,marked_lineage,40,2,True,8,110,1,0.997687764197223,0.997687764197223,False,,,,
intermittent,marked_lineage,41,1,True,8,114,1,0.9972635025783019,0.9972635025783019,True,1.0437251230489453,0.9960700175123969,0.07037480290136493,0.9924391669303356
intermittent,marked_lineage,41,2,True,8,114,1,0.9972635025783019,0.9972635025783019,False,,,,
intermittent,marked_lineage,42,1,True,8,118,1,0.9972906042948646,0.9972906042948646,True,1.044648443947399,0.9959895751347818,0.1352366596943447,0.993463741667065
intermittent,marked_lineage,42,2,True,8,118,1,0.9972906042948646,0.9972906042948646,False,,,,
intermittent,marked_lineage,43,1,True,8,115,1,0.9975331010885946,0.9975331010885946,True,1.0450921487371905,0.9959477985149893,0.0833394835762643,0.9948588315437187
intermittent,marked_lineage,43,2,True,8,115,1,0.9975331010885946,0.9975331010885946,True,1.0000019364364603,0.9999998860056979,54.83688755796934,4.2471924055432006e-42
intermittent,marked_lineage,44,1,True,8,120,1,0.99773033323157,0.99773033323157,True,1.046117991429267,0.9958614639481359,0.07579585839954701,0.9963854071097837
intermittent,marked_lineage,44,2,True,8,14,1,0.9875577700777086,0.9875577700777086,False,,,,
intermittent,marked_lineage,45,1,True,8,124,1,0.9967333294818622,0.9967333294818622,True,1.0469789561758038,0.9957954092192798,0.07599994338219847,0.9970850488274563
intermittent,marked_lineage,45,2,True,8,124,1,0.9967333294818624,0.9967333294818624,False,,,,
intermittent,marked_lineage,46,1,True,8,124,1,0.9914380717564516,0.9914380717564516,True,1.0520012933940146,0.9953149493213583,0.05281856519235835,0.9945015114842146
intermittent,marked_lineage,46,2,True,8,124,1,0.9914380717564516,0.9914380717564516,False,,,,
intermittent,marked_lineage,47,1,True,8,131,1,0.9877470264696848,0.9877470264696848,True,1.0521258410017513,0.9953111884634591,0.03337188178640938,0.993637073109878
intermittent,marked_lineage,47,2,True,8,131,1,0.987747026469685,0.987747026469685,False,,,,
intermittent,marked_lineage,48,1,True,8,134,1,0.9847159348017516,0.9847159348017516,True,1.052444069377944,0.9953030823014071,0.054656727329486246,0.9935839568187808
intermittent,marked_lineage,48,2,True,8,17,1,0.8154526040184509,0.8154526040184509,False,,,,
intermittent,marked_lineage,49,1,True,8,135,1,0.9540711264081951,0.9540711264081951,True,1.054670253216557,0.9950935732076517,0.0581685833824595,0.9971725961654418
intermittent,marked_lineage,49,2,True,8,135,1,0.9540711264081951,0.9540711264081951,False,,,,
intermittent,marked_lineage,50,1,True,8,138,1,0.9580113959259068,0.9580113959259068,True,1.0654016441031744,0.9940701407863073,0.13003677900754507,0.9904436924420186
intermittent,marked_lineage,50,2,True,8,138,1,0.9580113959259068,0.9580113959259068,True,1.0,1.0,66.29367577706189,1.9375806224253922e-66
intermittent,marked_lineage,51,1,True,8,142,1,0.9668638029152097,0.9668638029152097,True,1.0627554601628912,0.9943355533237047,0.08924475283613055,0.994765471678768
intermittent,marked_lineage,51,2,True,8,13,1,0.6477831585271017,0.6477831585271017,False,,,,
intermittent,marked_lineage,52,1,True,8,144,1,0.89436002805854,0.89436002805854,True,1.0603485397685426,0.9945856650629359,0.04546557902497019,0.9940808374547895
intermittent,marked_lineage,52,2,True,8,144,1,0.8943600280585406,0.8943600280585406,False,,,,
intermittent,marked_lineage,53,1,True,9,134,2,0.9983539256991211,0.9946631234853103,True,1.0809028960299696,0.9926050352969134,0.06837284706978408,0.9911389834163066
intermittent,marked_lineage,53,2,True,9,134,2,0.9186507549008724,0.9167287916869303,False,,,,
intermittent,marked_lineage,54,1,True,9,132,2,0.9715382953907669,0.9701336087431766,True,1.0640838762221798,0.9943112601164898,0.04155659970176547,0.9980938981998431
intermittent,marked_lineage,54,2,True,9,132,2,0.9715382953907669,0.9701336087431766,False,,,,
intermittent,marked_lineage,55,1,True,9,129,1,0.9766210107570498,0.9766210107570498,True,1.0536666575518163,0.9952242596678863,0.07864627236752818,0.9962734836309298
intermittent,marked_lineage,55,2,True,9,129,1,0.9766210107570502,0.9766210107570502,False,,,,
intermittent,marked_lineage,56,1,True,9,134,1,0.9813420214948382,0.9813420214948382,True,1.0527751322913739,0.9952984210822201,0.08208080467486802,0.9972515218700093
intermittent,marked_lineage,56,2,True,9,134,1,0.9813420214948384,0.9813420214948384,False,,,,
intermittent,marked_lineage,57,1,True,9,135,1,0.999018378821109,0.999018378821109,True,1.051157775762823,0.9954569873584869,0.09887432377805208,0.9954019525314335
intermittent,marked_lineage,57,2,True,9,132,1,0.982060920443168,0.982060920443168,False,,,,
intermittent,marked_lineage,58,1,True,10,135,2,1.0014838581521803,0.9995038341336088,True,1.0607453530964546,0.994619606894258,0.039719495252907425,0.9985690896734243
intermittent,marked_lineage,58,2,True,9,134,2,0.9883294540484371,0.9869222039855658,True,1.0083441919273963,0.9989415070441685,32.641485575489284,4.7387014741172366e-29
intermittent,marked_lineage,59,1,True,8,135,2,0.9880769250306838,0.9867163616624859,True,1.0631203228323918,0.9943943505131392,0.0830707168783325,0.9972868945445853
intermittent,marked_lineage,59,2,True,8,135,2,0.9880769250306836,0.9867163616624857,True,1.0000000000000002,1.0,32.593402563315735,0.08845372259400568
intermittent,marked_lineage,60,1,True,8,137,1,0.9875811274428399,0.9875811274428399,True,1.0463462221586595,0.9959219360626969,0.07681619984072663,0.9980688054985715
intermittent,marked_lineage,60,2,True,8,137,1,0.9875811274428399,0.9875811274428399,True,1.6695752554411576,0.7910446787232472,32.43225471951759,0.22120713105452805
intermittent,marked_lineage,61,1,True,8,136,1,0.9848014804773686,0.9848014804773686,True,1.0456698542230718,0.9959692173959487,0.04629540010971166,0.9935636700772141
intermittent,marked_lineage,61,2,True,8,136,1,0.9848014804773684,0.9848014804773684,True,2.4025011856611735,0.6309640605377137,32.3352049730279,0.47356378777104224
intermittent,marked_lineage,62,1,True,8,135,1,0.9840954800289407,0.9840954800289407,True,1.0486378670574197,0.9957021941108904,0.0820008669988391,0.9956298592609436
intermittent,marked_lineage,62,2,True,8,135,1,0.9840954800289407,0.9840954800289407,True,3.2366633639101905,0.4796205178735153,32.270453544530376,0.700946579176774
intermittent,marked_lineage,63,1,True,8,135,1,0.9848888689910393,0.9848888689910393,True,1.0468976244815944,0.9958521814465211,0.060304704569526225,0.9962299869011206
intermittent,marked_lineage,63,2,True,8,135,1,0.9848888689910393,0.9848888689910393,True,3.8666162531899424,0.4601720526568209,32.26200262235368,0.721425862544171
intermittent,marked_lineage,64,1,True,8,142,2,0.9843776647359511,0.9825230373114235,True,1.0492460690563246,0.9956388862251968,0.0795192752049788,0.9928079233796614
intermittent,marked_lineage,64,2,True,8,142,2,0.9843776647359511,0.9825230373114235,True,4.218415210237625,0.48867754483010245,32.24008665436323,0.5580591350590969
intermittent,marked_lineage,65,1,True,8,144,1,0.9801468579195652,0.9801468579195652,True,1.0529700240777105,0.9952902609622251,0.08209555183358459,0.9916679832981047
intermittent,marked_lineage,65,2,True,8,26,1,0.7808319781841738,0.7808319781841738,True,4.591076866235449,0.4954523297267811,32.10116601583492,0.6548336760406552
intermittent,marked_lineage,66,1,True,8,148,1,0.935702470169028,0.935702470169028,True,1.0569579183055444,0.9949248297798489,0.06599980548507882,0.9945978793835669
intermittent,marked_lineage,66,2,True,8,148,1,0.9357024701690276,0.9357024701690276,True,3.5015415979726456,0.6181082842000065,31.943306649089752,0.9780034138853463
intermittent,marked_lineage,67,1,True,9,145,2,0.9991843495134386,0.9955278489355774,True,1.072360485897069,0.9934472025951968,0.04927572298403228,0.9865176201590453
intermittent,marked_lineage,67,2,True,8,145,2,0.9409577222904024,0.9390447268529027,True,3.9612718159653917,0.5814355669310045,32.058025496969925,0.7125823954784712
intermittent,marked_lineage,68,1,True,9,141,2,1.0010828388223898,0.9991167113915554,True,1.0706820293737989,0.993707919337568,0.0349348153204243,0.9966062701373848
intermittent,marked_lineage,68,2,True,8,150,2,0.9732131837921074,0.9718108835538549,True,4.159002647958612,0.5900929825406289,31.767677130348332,0.9020085405770474
intermittent,marked_lineage,69,1,True,8,151,2,0.9826547367938258,0.9812815101608412,True,1.069765552580361,0.9937882213086243,0.048842939611930904,0.9962996358005186
intermittent,marked_lineage,69,2,True,8,151,2,0.9826547367938258,0.9812815101608412,True,6.141007130036284,0.41758921606528887,31.773103596231277,0.8765125261272815
intermittent,marked_lineage,70,1,True,8,153,1,0.9804043912724045,0.9804043912724045,True,1.053680039684304,0.9952471517979279,0.040988381890688735,0.9939197998247835
intermittent,marked_lineage,70,2,True,8,153,1,0.9804043912724045,0.9804043912724045,True,7.770585195605114,0.29381143842142765,31.716923557479213,0.8547795398471933
intermittent,marked_lineage,71,1,True,8,157,1,0.9796801312935527,0.9796801312935527,True,1.0575232337932872,0.9948790445847293,0.07970625736675815,0.9939002024059826
intermittent,marked_lineage,71,2,True,8,157,1,0.9796801312935527,0.9796801312935527,True,8.564546950245232,0.2745740252741981,31.722093907388395,0.9585116992561421
intermittent,marked_lineage,72,1,True,8,160,1,0.9814569984169788,0.9814569984169788,True,1.0570149033491798,0.9949252504124085,0.09955328073333283,0.9960048985513924
intermittent,marked_lineage,72,2,True,8,160,1,0.9814569984169788,0.9814569984169788,True,9.443492948191857,0.2576321807878889,31.690189526503122,0.9803815699884594
intermittent,marked_lineage,73,1,True,9,165,1,0.9738401925643942,0.9738401925643942,True,1.0550154848160587,0.9951089319741988,0.042233186738611615,0.9840768474462624
intermittent,marked_lineage,73,2,True,9,165,1,0.9738401925643942,0.9738401925643942,True,10.38670569268711,0.2421350784985178,31.607370832779715,0.9538413039252344
intermittent,marked_lineage,74,1,True,9,169,2,0.9741245678641564,0.9722365607804543,True,1.0603126996966354,0.9946136409932129,0.047087991380743204,0.9901847240307935
intermittent,marked_lineage,74,2,True,9,169,2,0.9741245678641564,0.9722365607804543,True,11.415441482836586,0.22636444363555908,31.508568426791683,0.9535336245288398
intermittent,marked_lineage,75,1,True,9,165,1,0.9679882380938026,0.9679882380938026,True,1.0601174339042443,0.9946364901531747,0.05412117733474206,0.9868641832952039
intermittent,marked_lineage,75,2,True,9,165,1,0.9679882380938026,0.9679882380938026,True,12.578583570550515,0.1946712946309012,31.472848442884164,0.9501249963870939
intermittent,marked_lineage,76,1,True,9,169,2,0.9683500546975845,0.9664879476041295,True,1.0585448357995826,0.9947824658626132,0.06050622674186132,0.9890487224826034
intermittent,marked_lineage,76,2,True,9,169,2,0.9683500546975845,0.9664879476041295,True,13.764930029718776,0.16025654000512463,31.400538804888537,0.9702574281359151
intermittent,marked_lineage,77,1,True,9,153,2,0.9646144874582592,0.9627449725911011,True,1.0567441123579353,0.9949488035186596,0.05918060669807441,0.9857291101416404
intermittent,marked_lineage,77,2,True,9,153,2,0.964614487458259,0.9627449725911009,True,2.8833558336503606,0.6170154695805389,40.117099119661724,0.7384925669044125
intermittent,marked_lineage,78,1,True,8,153,2,0.9630320860471219,0.9611984245309546,True,1.0565469410136261,0.9949774917130974,0.06272869970874015,0.9885093584576317
intermittent,marked_lineage,78,2,True,8,153,2,0.9630320860471218,0.9611984245309545,True,1.000000000000061,0.9999999999999982,31.115789584391614,0.02100962585918111
intermittent,marked_lineage,79,1,True,8,151,2,0.9652904163073739,0.9634470511055295,True,1.054138278107896,0.9951929633782047,0.07063913026894945,0.9905986679136333
intermittent,marked_lineage,79,2,True,8,151,2,0.9652904163073739,0.9634470511055295,False,,,,
intermittent,marked_lineage,80,1,True,8,156,2,0.955025847400409,0.9531821309234106,True,1.052323977595782,0.9953614150700552,0.089886470798468,0.9784706209399479
intermittent,marked_lineage,80,2,True,8,156,2,0.955025847400409,0.9531821309234106,False,,,,
intermittent,marked_lineage,81,1,True,8,155,1,0.9517375820177227,0.9517375820177227,True,1.0589211103147123,0.9947522958493626,0.09683389666624291,0.9860168148268188
intermittent,marked_lineage,81,2,True,8,155,1,0.951737582017723,0.951737582017723,True,1.0000003278809602,0.9999999826619606,30.75079573750311,4.191392568211252e-18
intermittent,marked_lineage,82,1,True,8,155,2,0.9511106143728472,0.9492554432368842,True,1.0603244904234155,0.9946264062512882,0.05456438340554461,0.9849611517901015
intermittent,marked_lineage,82,2,True,8,155,2,0.9511106143728472,0.9492554432368842,False,,,,
intermittent,marked_lineage,83,1,True,8,159,2,0.9597842728834196,0.9579570156321149,True,1.0600805100839374,0.9946572256359633,0.10988162286020166,0.9933888943791211
intermittent,marked_lineage,83,2,True,8,159,2,0.9597842728834196,0.9579570156321149,True,1.4042855780292596,0.9179461242665289,39.147150548792176,8.100589722295259e-12
intermittent,marked_lineage,84,1,True,8,162,2,0.96008458560169,0.9582249891953374,True,1.0581911226729694,0.9948347063118028,0.09778786706145108,0.9886942063490085
intermittent,marked_lineage,84,2,True,8,21,1,0.6475320967431307,0.6475320967431307,False,,,,
intermittent,marked_lineage,85,1,True,8,160,2,0.9067830133339758,0.9049075159505199,True,1.0583657697111113,0.9948156284957693,0.06426381982018775,0.9974549218268178
intermittent,marked_lineage,85,2,True,8,160,2,0.9067830133339753,0.9049075159505193,False,,,,
intermittent,marked_lineage,86,1,True,9,165,2,0.9980180241351814,0.9945257082905573,True,1.0762648101731545,0.9931266019022312,0.08472257983545375,0.9899940075400955
intermittent,marked_lineage,86,2,True,8,165,2,0.9217660786352447,0.9198965977801409,False,,,,
intermittent,marked_lineage,87,1,True,8,162,2,0.965189817771296,0.9637876760045231,True,1.0617041703605292,0.9945989597076352,0.08195296594854169,0.9942101714650081
intermittent,marked_lineage,87,2,True,8,162,2,0.965189817771296,0.9637876760045231,False,,,,
intermittent,marked_lineage,88,1,True,8,162,2,0.9631403548350682,0.9613633247717458,True,1.0500008092103024,0.9956167968211639,0.08739144764921328,0.9883996905736541
intermittent,marked_lineage,88,2,True,8,162,2,0.9631403548350682,0.9613633247717458,True,1.0919996114603427,0.9831794082271693,30.441956274636272,6.417948782625815e-18
intermittent,marked_lineage,89,1,True,8,33,2,0.9486786384720892,0.9475591593136388,True,1.0276450569856268,0.9976693354886648,0.07896311212900294,0.9868881936754598
intermittent,marked_lineage,89,2,True,8,33,2,0.9486786384720892,0.9475591593136388,False,,,,
intermittent,marked_lineage,90,1,True,8,38,2,0.9366094189241899,0.9354800518480053,True,1.0032615349100662,0.9996726648754494,0.07416026837806886,0.9848263945776058
intermittent,marked_lineage,90,2,True,8,38,2,0.9366094189241899,0.9354800518480053,True,2.7941424586828836,0.6521283960173228,32.05388853703006,0.00031725598346057736
intermittent,marked_lineage,91,1,True,8,37,2,0.9486031917097328,0.9474648817907318,True,1.003535227367095,0.9996422996976806,0.0642205263939614,0.9929345369314717
intermittent,marked_lineage,91,2,True,8,37,2,0.9486031917097328,0.9474648817907318,True,1.103717228763733,0.9836589489786164,31.88531971379977,0.030795863964737248
intermittent,marked_lineage,92,1,True,8,40,1,0.9663728675551051,0.9663728675551051,True,1.016606224497452,0.9979751983827289,0.054113951884488136,0.9769803890974904
intermittent,marked_lineage,92,2,True,8,40,1,0.9663728675551054,0.9663728675551054,True,1.0258743628735327,0.9966423231170338,31.636080327321533,0.03546255916105594
intermittent,marked_lineage,93,1,True,8,38,1,0.9723071565405362,0.9723071565405362,True,1.0378364887962783,0.9954399447832446,0.05445279724919179,0.9672545251394872
intermittent,marked_lineage,93,2,True,8,38,1,0.9723071565405362,0.9723071565405362,True,1.006729619954691,0.9992620137871093,31.347511980690964,0.10955604732998035
intermittent,marked_lineage,94,1,True,9,40,2,0.9982158774803521,0.9969653929589302,True,1.0090368113901693,0.9991245872553997,0.07796268354325396,0.990021393485568
intermittent,marked_lineage,94,2,True,8,40,2,0.9650120368749756,0.9638937783954465,True,1.0000000117916097,0.9999999994727256,30.7831349125223,0.00011077835507582823
intermittent,marked_lineage,95,1,True,8,39,1,0.9880013676225111,0.9880013676225111,True,1.0088315367681255,0.9990314564579241,0.08441973851349295,0.9910513065640678
intermittent,marked_lineage,95,2,True,8,39,1,0.9880013676225109,0.9880013676225109,True,1.3788468676713055,0.9116485413269716,30.602051906893415,0.03228089805064024
intermittent,marked_lineage,96,1,True,8,46,1,0.9864573511842413,0.9864573511842413,True,1.021756551927445,0.9975595973791683,0.040618386094781356,0.9814570110830301
intermittent,marked_lineage,96,2,True,8,46,1,0.9864573511842415,0.9864573511842415,True,1.0019457025110965,0.9998272502027736,30.258975680107575,0.022212885249231696
intermittent,marked_lineage,97,1,True,9,43,2,0.9996913932338398,0.9984700584850413,True,1.007236677913435,0.9993139732239835,0.041476966417009195,0.9927657785236955
intermittent,marked_lineage,97,2,True,8,19,1,0.8066581398713579,0.8066581398713579,True,1.0689231049766545,0.9888464563458244,29.982045133464638,0.010465571918267866
intermittent,marked_lineage,98,1,True,10,47,1,0.9995031656546739,0.9995031656546739,True,1.0095124663362347,0.9989414497862538,0.0951229083917213,0.975779973855359
intermittent,marked_lineage,98,2,False,7,19,1,0.2839259004331738,0.2839259004331738,True,1.7250978259491825,0.7735990824441235,29.802164772458756,0.06218904399951283
intermittent,marked_lineage,99,1,True,10,50,1,0.9997031416858212,0.9997031416858212,True,1.0244996511064133,0.9972034932138699,0.044937956344475075,0.9882537463161621
intermittent,marked_lineage,99,2,False,6,19,1,0.037627624471847886,0.037627624471847886,True,1.0664913413257027,0.989496807770016,37.43796145220059,0.0010580487500937348
intermittent,marked_lineage,100,1,True,10,51,1,0.9997030430429495,0.9997030430429495,True,1.044703674636636,0.9947672099972088,0.04982663915443186,0.9940051979396978
intermittent,marked_lineage,100,2,False,6,17,1,0.003854356811719411,0.003854356811719411,True,1.490330464918322,0.8836885167736951,37.03838277142777,0.03833027001171456
intermittent,marked_lineage,101,1,True,10,54,1,0.9994329697981731,0.9994329697981731,True,1.0679860630303286,0.9917889228426193,0.01459123017618354,0.9935728881710941
intermittent,marked_lineage,101,2,False,6,14,0,0.0,0.0,True,1.7025958740004565,0.8475790888137363,36.55566614307732,0.3423958825839825
intermittent,marked_lineage,102,1,True,10,52,2,0.9998314369997944,0.9986663188143555,True,1.0635180181905028,0.9921427256378081,0.0612702434879851,0.9939811825163605
intermittent,marked_lineage,102,2,False,7,15,0,0.0,0.0,True,1.631656541137248,0.8726633152286629,37.0280922826782,0.7839720650723251
intermittent,marked_lineage,103,1,True,10,51,1,0.9997854315859774,0.9997854315859774,True,1.0477347288612011,0.9943089980780239,0.03749735343735392,0.9967790002635168
intermittent,marked_lineage,103,2,False,6,15,0,0.0,0.0,False,,,,
intermittent,marked_lineage,104,1,True,10,53,1,0.9990580905558751,0.9990580905558751,True,1.0470614689073938,0.9945132812015349,0.05698818335245788,0.9871230329186896
intermittent,marked_lineage,104,2,False,6,11,0,0.0,0.0,False,,,,
intermittent,marked_lineage,105,1,True,9,48,2,1.000350076566024,0.9991845862402081,True,1.0482147569214906,0.9940513464250103,0.05239452243633204,0.997742416335704
intermittent,marked_lineage,105,2,False,6,11,0,0.0,0.0,False,,,,
intermittent,marked_lineage,106,1,True,9,40,2,1.0004061718946766,0.9992416828604811,True,1.0123358685202726,0.9986886162549412,0.0719553852227941,0.9936035247090768
intermittent,marked_lineage,106,2,False,6,10,0,0.0,0.0,False,,,,
intermittent,marked_lineage,107,1,True,9,42,1,0.9996943704478466,0.9996943704478466,True,1.013830360828227,0.9984709844929615,0.0510837335245769,0.9867245136695156
intermittent,marked_lineage,107,2,False,6,10,0,0.0,0.0,False,,,,
intermittent,marked_lineage,108,1,True,9,43,1,0.9992669003441491,0.9992669003441491,True,1.0248640537585911,0.9972192922592934,0.021879969483652523,0.9797770815257284
intermittent,marked_lineage,108,2,False,6,10,0,0.0,0.0,False,,,,
intermittent,marked_lineage,109,1,True,9,45,2,1.0022967992871603,0.9993522692732973,True,1.0311912321852983,0.9964834480763338,0.045280644753644225,0.9920071735583732
intermittent,marked_lineage,109,2,False,6,9,0,0.0,0.0,False,,,,
intermittent,marked_lineage,110,1,True,9,25,2,1.0010465911357604,0.9993437185550907,True,1.0330795179048533,0.9961153925075482,0.038825024169705465,0.9956279105652525
intermittent,marked_lineage,110,2,False,6,9,0,0.0,0.0,True,3.796303854471411,0.3880654201502976,28.086867842343377,1.389664603575e-312
intermittent,marked_lineage,111,1,True,9,21,2,1.0009434845847935,0.9994509893226573,True,1.0294084703353703,0.9963957613008539,0.05057140941230824,0.9972848270040399
intermittent,marked_lineage,111,2,False,6,11,0,0.0,0.0,True,1.0641979429940633,0.9886265643258391,26.48790250405761,0.0033871707701338158
intermittent,marked_lineage,112,1,True,9,21,2,1.0006302305690564,0.9992462558493808,True,1.0209718067510518,0.9974874567602425,0.04904137301125394,0.9940469640268332
intermittent,marked_lineage,112,2,False,5,12,0,0.0,0.0,True,1.0862171113847507,0.9839076573453175,27.422584183486848,0.00204009356593921
intermittent,marked_lineage,113,1,True,9,23,2,1.0008985003942028,0.9995975844649715,True,1.0125838894984664,0.998595981306315,0.06875918499295304,0.9970988346960022
intermittent,marked_lineage,113,2,False,6,14,0,0.0,0.0,True,1.92415004846318,0.6502600337638214,27.209184340531873,0.057300616957009984
intermittent,marked_lineage,114,1,True,8,22,2,1.000954646376393,0.999693790867702,True,1.0080785464901811,0.9991598207312642,0.07189153767717339,0.9975170783759201
intermittent,marked_lineage,114,2,False,7,17,0,0.0,0.0,True,2.3523490417265567,0.5555338329995374,27.009404979788208,0.6893424285601087
intermittent,marked_lineage,115,1,True,8,18,2,1.0006335147406473,0.9993813438124363,True,1.0053685226168267,0.999474176235479,0.08584352655279938,0.9937574726721458
intermittent,marked_lineage,115,2,False,7,19,0,0.0,0.0,True,2.240011747887106,0.5459243097432794,27.036502130402436,0.9853257705458389
intermittent,marked_lineage,116,1,True,8,17,2,1.0001882032587868,0.9989379056112708,True,1.0050798190643018,0.9994999932718807,0.06237627225631114,0.989194704918021
intermittent,marked_lineage,116,2,False,7,20,0,0.0,0.0,True,2.1154943301614386,0.5473233025336073,26.885216517387924,0.9942208359336144
intermittent,marked_lineage,117,1,True,8,17,2,1.0007656374288505,0.9995149343040487,True,1.0052695320852774,0.9994724677057286,0.046204382595739536,0.9955583527175332
intermittent,marked_lineage,117,2,False,6,16,0,0.0,0.0,True,2.0450284816046502,0.5560460351853747,26.819649921034678,0.996284531574766
intermittent,marked_lineage,118,1,True,8,18,2,0.9978808069419798,0.9967209921991212,True,1.1349271472395621,0.9728345132567311,0.08009353867312048,0.9927282405752995
intermittent,marked_lineage,118,2,False,6,13,0,0.0,0.0,True,2.003758075337129,0.5801743476984356,26.636313159231786,0.9899493639360276
intermittent,marked_lineage,119,1,True,8,18,2,0.9967875028802369,0.9956243429736604,True,1.1390563509651652,0.9716667576873627,0.0614665593688981,0.9911089150867131
intermittent,marked_lineage,119,2,False,6,11,0,0.0,0.0,True,1.018669986193769,0.9975189339264214,9.807268694382405,3.5786825424042836e-05
intermittent,marked_lineage,120,1,True,9,19,2,1.0021700985785331,0.9994008263651885,True,1.0130794918176307,0.9983836516661561,0.07214371370798427,0.9944277658538453
intermittent,marked_lineage,120,2,False,6,12,0,0.0,0.0,True,1.0035528535310752,0.9996284232306001,9.762092159306667,0.04539040039958735
intermittent,marked_lineage,121,1,True,9,19,2,1.0006006688234585,0.9992539664301655,True,1.0082698924628966,0.9991026528476882,0.07254837022456813,0.992697297679285
intermittent,marked_lineage,121,2,False,7,15,0,0.0,0.0,True,1.23085351421371,0.9469295740925816,9.721748538037938,0.39330089287685693
intermittent,marked_lineage,122,1,True,9,21,2,0.9064088265980692,0.9052709617764142,True,1.1599331754077302,0.9667502635959428,3.483331537044233,0.9902079597494939
intermittent,marked_lineage,122,2,False,7,16,0,0.0,0.0,True,1.1795812530553573,0.964773162541976,9.69554672988585,0.9763400260483827
intermittent,marked_lineage,123,1,True,9,21,1,0.9893579253133089,0.9893579253133089,True,1.0111405828052749,0.9987182193056258,0.08303720827616741,0.980677651952305
intermittent,marked_lineage,123,2,False,7,18,0,0.0,0.0,True,3.1673668049324935,0.5592445501777773,4.009254279345464,0.043382199357404096
intermittent,marked_lineage,124,1,True,9,20,2,1.000274890301055,0.9989955313775503,True,1.0058541463313735,0.9994048632024592,0.05159638179157058,0.994559418607369
intermittent,marked_lineage,124,2,False,7,17,0,0.0,0.0,True,2.8207902618614824,0.6650005648391547,3.932953547494068,0.9892511277444831
intermittent,marked_lineage,125,1,True,9,20,2,0.9042486291323129,0.903121539595455,True,1.1553829866552565,0.9678147631666186,3.5228792165230707,0.9912617083966905
intermittent,marked_lineage,125,2,False,7,16,0,0.0,0.0,True,1.4329611486071674,0.9225080389269902,3.9762470423818486,0.999648415309787
intermittent,marked_lineage,126,1,True,11,21,1,0.9888915571515553,0.9888915571515553,True,1.0093374057941122,0.9989702873546615,0.03177097888515216,0.9797541715668058
intermittent,marked_lineage,126,2,False,7,14,0,0.0,0.0,True,1.0632490736414508,0.9911743294991728,4.056538795459674,0.9864840506132112
intermittent,marked_lineage,127,1,True,10,25,2,0.9933342609247636,0.9921505074964183,True,1.1604156381934967,0.9665122300445755,0.04967207406246074,0.9886566287917267
intermittent,marked_lineage,127,2,False,7,13,0,0.0,0.0,True,1.0592550952259796,0.9905531009059616,26.66770256673142,0.9989363413947154
intermittent,marked_lineage,128,1,True,11,25,2,0.9995178213818108,0.998110449975826,True,1.0084478260907224,0.9990365720049353,0.05031572624499657,0.9875587082905245
intermittent,marked_lineage,128,2,False,6,11,0,0.0,0.0,True,1.006737831455943,0.9992566845162828,25.69109267370397,0.9997617261608186
intermittent,marked_lineage,129,1,True,12,29,2,0.9965609736213511,0.9953988879652371,True,1.171550236876318,0.9635600739597449,0.06537621963130108,0.9932925743834449
intermittent,marked_lineage,129,2,False,6,10,0,0.0,0.0,True,1.7690941321233402,0.7949391643108569,23.872732121927005,0.001206321734069591
intermittent,marked_lineage,130,1,True,13,29,2,1.0006001994083373,0.9990665738795786,True,1.0097440179038208,0.9988530371279775,0.05407432501368672,0.9929884889500752
intermittent,marked_lineage,130,2,False,5,10,0,0.0,0.0,True,1.001403729789794,0.9998626968269755,25.212750941242707,0.9946110584373066
intermittent,marked_lineage,131,1,True,13,28,2,1.000896216445947,0.9996142357059163,True,1.0071575026344415,0.9992331430328033,0.051589845790832915,0.9967290144141673
intermittent,marked_lineage,131,2,False,5,8,0,0.0,0.0,True,1.002382658494095,0.9997529388688933,23.736515805006352,0.9801594199289139
intermittent,marked_lineage,132,1,True,13,28,2,1.0008536760639999,0.9995970976851921,True,1.0055174979448374,0.999442815704603,0.05623382425027728,0.9961781181286142
intermittent,marked_lineage,132,2,False,5,8,0,0.0,0.0,False,,,,
intermittent,marked_lineage,133,1,True,13,28,2,1.000837689706128,0.9995876332499221,True,1.0057705626176154,0.9994111100362346,0.07599963724473588,0.9961331250627703
intermittent,marked_lineage,133,2,False,5,7,0,0.0,0.0,False,,,,
intermittent,marked_lineage,134,1,True,13,30,2,1.0003931899412324,0.9991431329696566,True,1.004660660281593,0.999543897917882,0.058855474737248406,0.9911680575187852
intermittent,marked_lineage,134,2,False,4,7,0,0.0,0.0,True,1.0,1.0,28.01943144308654,1.0848111136375505e-07
intermittent,marked_lineage,135,1,True,13,31,2,0.9978955875640745,0.996735233248645,True,1.1346315732176622,0.9729085892317184,0.0722990595570594,0.9938919512243973
intermittent,marked_lineage,135,2,False,4,8,0,0.0,0.0,True,1.0198117699840004,0.9971380637151501,9.838591457570624,3.2240438018457095e-07
intermittent,marked_lineage,136,1,True,13,33,2,1.0001016263714808,0.9987113779755097,True,1.0075651185587446,0.9991506591680123,0.08269244635451287,0.989107897867541
intermittent,marked_lineage,136,2,False,4,7,0,0.0,0.0,False,,,,
intermittent,marked_lineage,137,1,True,12,30,2,0.9969836509332767,0.9958231533405835,True,1.1598487368027837,0.9665692698419719,0.09417792242607549,0.9923724593738862
intermittent,marked_lineage,137,2,False,4,6,0,0.0,0.0,True,1.0,1.0,25.631999262119564,4.97148139875389e-06
intermittent,marked_lineage,138,1,True,13,28,2,1.0009905988287142,0.999460963425677,True,1.0102720533508456,0.9987765099343979,0.07358348226386179,0.996426281506254
intermittent,marked_lineage,138,2,False,4,9,0,0.0,0.0,True,1.0000000432386982,0.9999999979411227,25.48475292057483,0.07960480964368104
intermittent,marked_lineage,139,1,True,12,29,2,0.9970866361759991,0.995927423336381,True,1.165449950531723,0.9651350139608503,0.06489808707935799,0.9922662589903947
intermittent,marked_lineage,139,2,False,5,12,0,0.0,0.0,True,1.0007122825338886,0.9999373110939554,3.970182585090696,6.788286186558438e-08
intermittent,marked_lineage,140,1,True,12,26,2,1.000554539882709,0.9988936189723142,True,1.010842788979802,0.998697179504904,0.05081532155112087,0.9909415314865213
intermittent,marked_lineage,140,2,False,5,13,0,0.0,0.0,True,1.0000136403876925,0.9999990848507889,4.046835950538874,0.047898536997301316
intermittent,marked_lineage,141,1,True,12,27,2,1.0009742961655794,0.9996798375064697,True,1.0070380041244535,0.9992506702830428,0.0568251415284723,0.9974331375138896
intermittent,marked_lineage,141,2,False,5,11,0,0.0,0.0,True,1.2200696764777008,0.9498666672071038,4.029938961571288,0.35483397442936926
intermittent,marked_lineage,142,1,True,13,27,2,0.9977284150976031,0.9965687862518997,True,1.1482238516536807,0.969533849154156,0.05077160343976151,0.9939341816490115
intermittent,marked_lineage,142,2,False,5,11,0,0.0,0.0,True,1.1800972326510275,0.9650031348344271,4.003674924464814,0.9339023597422796
intermittent,marked_lineage,143,1,True,12,27,2,0.9971541651748271,0.9959898057390222,True,1.1439334257524874,0.9704531817988339,0.03770167553269916,0.995881054756769
intermittent,marked_lineage,143,2,False,5,12,0,0.0,0.0,True,1.7799010775722108,0.8413330910850005,9.784586370198094,0.4896305524619064
intermittent,marked_lineage,144,1,True,13,27,2,1.0021381036281376,0.9992273097180022,True,1.022664563519274,0.9968627383823141,0.03577541140049287,0.9935045278689587
intermittent,marked_lineage,144,2,False,4,14,0,0.0,0.0,True,1.121364250274398,0.9756446116996771,26.324719650510765,1.1905716854593664e-05
intermittent,marked_lineage,145,1,True,10,27,2,0.641183855426944,0.6399670949628044,True,1.0098956595870539,0.9988881177791384,0.03951553556406854,0.9975180103507577
intermittent,marked_lineage,145,2,False,5,11,0,0.0,0.0,True,1.0033489464939616,0.9996263817371894,26.39252378351145,0.017787774848874574
intermittent,marked_lineage,146,1,False,6,25,1,0.21242720363826223,0.21242720363826223,True,1.0416209080052043,0.9944317761787622,0.03964059325722988,0.9865764620519916
intermittent,marked_lineage,146,2,False,5,13,0,0.0,0.0,True,1.0003122851546127,0.9999728853743299,29.29554745383821,0.0001284025270093712
intermittent,marked_lineage,147,1,True,12,34,5,0.8913369020844746,0.8790398966226176,True,1.1208803227542479,0.9827993010217373,0.06434110555570793,0.8911457746171286
intermittent,marked_lineage,147,2,False,4,31,5,0.08535982083976015,0.07858768354921779,True,1.000031313066005,0.9999977751861535,3.9526799907387944,0.003487672272905126
intermittent,marked_lineage,148,1,True,11,38,1,0.682233360576263,0.682233360576263,True,1.031112791512195,0.9963171901721707,0.08025739217535569,0.9845431249030018
intermittent,marked_lineage,148,2,True,11,38,1,0.6822333605762662,0.6822333605762662,True,6.650487585908492,0.27698414686607503,4.095406510006405,0.3475880454877442
intermittent,marked_lineage,149,1,True,12,38,1,0.8073588338525147,0.8073588338525147,True,1.1096219804732546,0.9857458468599228,0.07216541575981192,0.9295422594436238
intermittent,marked_lineage,149,2,True,12,38,1,0.8073588338525147,0.8073588338525147,True,3.71681686636466,0.5488821516363005,3.8508272648788604,0.8786264102842241
intermittent,marked_lineage,150,1,True,12,38,1,0.8541771931877247,0.8541771931877247,True,1.1929144608706828,0.9741669767108079,0.05942246472333614,0.9827224645024932
intermittent,marked_lineage,150,2,True,12,38,1,0.8541771931877264,0.8541771931877264,True,1.0004479349557238,0.9999639982917942,26.56647715208948,0.9862304334301301
intermittent,marked_lineage,151,1,True,12,42,2,0.8804176493621342,0.8781581187629179,True,1.1311623237992774,0.982937707493831,0.034724695433174885,0.967465235100193
intermittent,marked_lineage,151,2,True,12,42,2,0.8804176493621326,0.8781581187629164,True,1.0936521289424206,0.9843242305038314,23.71772616440841,0.12967495809919283
intermittent,marked_lineage,152,1,True,13,49,2,0.873341829765802,0.871070093381088,True,1.110164331025855,0.9861840258955492,0.06096482851798742,0.9378926432449696
intermittent,marked_lineage,152,2,True,13,49,2,0.873341829765802,0.871070093381088,True,1.1049562852530714,0.9845342757240747,23.47299854847429,0.9209081422549686
intermittent,marked_lineage,153,1,True,13,51,1,0.9012856024752359,0.9012856024752359,True,1.1352494969622513,0.9840798932298135,0.07459492102439318,0.9619983846874027
intermittent,marked_lineage,153,2,True,13,51,1,0.9012856024752347,0.9012856024752347,True,1.005362245240789,0.9994527911623446,23.404566828600867,0.9956839999181524
intermittent,marked_lineage,154,1,True,13,49,1,0.953724095279388,0.953724095279388,True,1.0318080187845147,0.9967896561467838,0.037441576463484554,0.9972766844536767
intermittent,marked_lineage,154,2,True,13,49,1,0.9537240952793872,0.9537240952793872,True,2.864069760497105,0.7202091155350778,4.02877154193303,0.8437756754474482
intermittent,marked_lineage,155,1,True,13,34,1,0.9520977435904444,0.9520977435904444,True,1.0072034271852373,0.9993248289534642,0.06401478719287002,0.9912022821058853
intermittent,marked_lineage,155,2,True,13,34,1,0.9520977435904439,0.9520977435904439,True,2.1004616156546807,0.5877860633449437,24.479758524351364,0.016209575971738464
intermittent,marked_lineage,156,1,True,13,39,1,0.9616026818580259,0.9616026818580259,True,1.0188673907521038,0.9976543729294489,0.04328619549196966,0.9567951471402503
intermittent,marked_lineage,156,2,True,13,39,1,0.9616026818580259,0.9616026818580259,True,1.000086534868766,0.9999937555828777,23.023512265963845,0.9901789414688903
intermittent,marked_lineage,157,1,True,13,45,2,0.9647398771403496,0.9636145173760173,True,1.0064502908040758,0.9993625155590854,0.04926901172401335,0.9935441633348828
intermittent,marked_lineage,157,2,True,13,45,2,0.9647398771403496,0.9636145173760173,True,3.8600200369693893,0.3526480443585227,9.79823712375142,2.706590876123926e-05
intermittent,marked_lineage,158,1,True,13,50,1,0.970756011360626,0.970756011360626,True,1.0197338747244098,0.9975909499081757,0.06516997259959327,0.9626570444679673
intermittent,marked_lineage,158,2,True,13,50,1,0.970756011360626,0.970756011360626,True,1.001249513483929,0.9998772841166399,21.51952535563326,0.994012558532424
intermittent,marked_lineage,159,1,True,12,52,2,0.981426542677004,0.98030726842069,True,1.0060895496564954,0.9994010299273044,0.04785693532367379,0.9976916302811529
intermittent,marked_lineage,159,2,True,12,52,2,0.981426542677004,0.98030726842069,True,3.1934955481395346,0.5049585769929265,29.810333673020114,0.12382977594827699
intermittent,marked_lineage,160,1,True,12,51,1,0.9806054230957297,0.9806054230957297,True,1.0028422480724697,0.9997236560795242,0.04565215250640443,0.9955781298677331
intermittent,marked_lineage,160,2,True,12,51,1,0.9806054230957297,0.9806054230957297,True,1.001292429137574,0.9998709394227735,33.56702856921174,0.9998051469362988
intermittent,marked_lineage,161,1,True,12,52,1,0.9867230161906652,0.9867230161906652,True,1.009336917093982,0.998911513660896,0.04544016340744353,0.990825081934289
intermittent,marked_lineage,161,2,True,12,26,1,0.7687638597712944,0.7687638597712944,True,1.0012016269639623,0.9998810587709649,34.17489993217299,0.9998796706937944
intermittent,marked_lineage,162,1,True,12,40,1,0.9501191685617913,0.9501191685617913,True,1.0219131029984505,0.997441185638904,0.05522851524925686,0.9839005514945793
intermittent,marked_lineage,162,2,True,12,40,1,0.9501191685617916,0.9501191685617916,True,1.0013116776508995,0.9998726525658099,35.085981654292134,0.9999159226340583
intermittent,marked_lineage,163,1,True,12,40,2,0.9513604685899104,0.9502213749283495,True,1.0091896472861424,0.9990837659244679,0.056311228586091465,0.9916022999559151
intermittent,marked_lineage,163,2,True,12,40,2,0.9513604685899102,0.9502213749283492,True,1.0012774022524003,0.999872042551907,35.694994974646036,0.9999898862139015
intermittent,marked_lineage,164,1,True,12,43,1,0.9558685514529366,0.9558685514529366,True,1.0124453947040257,0.9985673585611352,0.05133739829068235,0.970386033732005
intermittent,marked_lineage,164,2,True,12,43,1,0.955868551452937,0.955868551452937,True,1.001343530925554,0.9998646799845526,36.73306940255367,0.9999577332407026
intermittent,marked_lineage,165,1,True,12,47,1,0.9718579724265707,0.9718579724265707,True,1.0291492158830473,0.9966235011507302,0.04913231474759352,0.9857341313295034
intermittent,marked_lineage,165,2,True,12,47,1,0.9718579724265707,0.9718579724265707,True,1.0000005553358555,0.9999999696723584,29.585069737567935,2.4221302346503003e-08
intermittent,marked_lineage,166,1,True,12,42,2,0.9719481700232049,0.9708305952253306,True,1.008757681567324,0.9991557400453129,0.06539483692032157,0.9939717360259795
intermittent,marked_lineage,166,2,True,12,42,2,0.9719481700232047,0.9708305952253303,True,1.0000000011101042,0.9999999999560821,18.10289779245892,0.9950762949717713
intermittent,marked_lineage,167,1,True,12,39,1,0.9748728490518275,0.9748728490518275,True,1.0030227498311615,0.9997041170043457,0.050299753448544544,0.9954370850098634
intermittent,marked_lineage,167,2,True,12,39,1,0.9748728490518275,0.9748728490518275,True,1.0334945555594677,0.9955919524332864,9.7665329308141,0.33949101652255587
intermittent,marked_lineage,168,1,True,12,47,2,0.9747739954734004,0.9736604389856807,True,1.0024055874895206,0.9997576388335475,0.06198837420036239,0.9937150316490363
intermittent,marked_lineage,168,2,True,12,47,2,0.9747739954734002,0.9736604389856804,True,1.000007199641315,0.9999995519592507,25.008701296066874,0.8848392566189395
intermittent,marked_lineage,169,1,True,11,49,1,0.9803699955020901,0.9803699955020901,True,1.0026503784440972,0.9997367416065449,0.06898381488217338,0.9968945523689798
intermittent,marked_lineage,169,2,True,11,49,1,0.9803699955020901,0.9803699955020901,True,3.4785718481758305,0.39475143528737583,29.726491358582685,0.37847376739357586
intermittent,marked_lineage,170,1,True,11,50,2,0.9803457126598463,0.9792364192513315,True,1.0023982301949665,0.9997617613650909,0.06001146417858079,0.9947745236412897
intermittent,marked_lineage,170,2,True,11,50,2,0.9803457126598463,0.9792364192513315,True,4.367811266238707,0.34792039453355234,29.870318008185638,0.18299537716653647
intermittent,marked_lineage,171,1,True,11,53,2,0.9810106754111398,0.9799008400046885,True,1.0026381847749017,0.9997411658067519,0.06770664708556767,0.9954831471934069
intermittent,marked_lineage,171,2,True,11,53,2,0.9810106754111398,0.9799008400046885,True,5.216721454235219,0.26391799911720704,29.80722669540908,0.2796763330719504
intermittent,marked_lineage,172,1,True,11,45,1,0.9860462796773862,0.9860462796773862,True,1.0100744033572664,0.9988457462401905,0.07822402410291412,0.9772107000089736
intermittent,marked_lineage,172,2,True,11,45,1,0.9860462796773862,0.9860462796773862,True,1.790737232433196,0.7355850504809309,4.0301250744733705,0.9323279047706532
intermittent,marked_lineage,173,1,True,11,52,1,0.9990478045549158,0.9990478045549158,True,1.0378705084769257,0.9951402808153901,0.041239786655181895,0.9500703572175915
intermittent,marked_lineage,173,2,True,11,50,1,0.9915075803673468,0.9915075803673468,True,1.3060766274347702,0.9302212566292742,4.03203528425681,0.9524736854324619
intermittent,marked_lineage,174,1,True,11,46,1,0.9881491233120956,0.9881491233120956,True,1.0096277526845996,0.9990204740008912,0.08194093495650183,0.9968251139304729
intermittent,marked_lineage,174,2,True,11,46,1,0.9881491233120958,0.9881491233120958,True,1.1297890459707856,0.9812843112931076,9.747675905257452,0.9545364250695993
intermittent,marked_lineage,175,1,True,11,41,1,0.9887428511630524,0.9887428511630524,True,1.0029203580376964,0.9997184602889194,0.08341765312680782,0.9943830687577052
intermittent,marked_lineage,175,2,True,11,41,1,0.9887428511630526,0.9887428511630526,True,1.2456411322726828,0.9463466984823448,4.0905350090806945,0.846109232081165
intermittent,marked_lineage,176,1,True,11,45,1,0.9888151623073286,0.9888151623073286,True,1.002528332023645,0.9997438423294794,0.05480676160192004,0.990805703507616
intermittent,marked_lineage,176,2,True,11,45,1,0.9888151623073286,0.9888151623073286,True,1.245569083426896,0.944527391419297,4.032503617485689,0.9780891569698247
intermittent,marked_lineage,177,1,True,10,45,1,0.9899727174662509,0.9899727174662509,True,1.0036460939207472,0.9996256425929964,0.08225705586607583,0.9902569672854689
intermittent,marked_lineage,177,2,True,10,45,1,0.9899727174662507,0.9899727174662507,True,1.2070202968493937,0.9547330407752669,4.021024962495358,0.990368790704588
intermittent,marked_lineage,178,1,False,9,43,1,0.9912022624316301,0.9912022624316301,True,1.004852986567468,0.9994846344600341,0.038092195107582875,0.988390025912167
intermittent,marked_lineage,178,2,False,9,43,1,0.9912022624316301,0.9912022624316301,True,1.190774614467512,0.9586750227919909,3.954291449963879,0.9992117488816211
intermittent,marked_lineage,179,1,False,9,20,1,0.0012005145645068904,0.0012005145645068904,True,1.0062701696602796,0.9993229584414549,0.07681927028024434,0.9709839182362258
intermittent,marked_lineage,179,2,False,9,20,1,0.0012005145645068926,0.0012005145645068926,True,1.14147756857987,0.9712864080493119,3.939889602523123,0.9999371119374738
intermittent,marked_lineage,180,1,False,9,21,1,0.0012516447427151432,0.0012516447427151432,True,1.0073170264895515,0.9991838103801214,0.07084714023405572,0.9829458988546823
intermittent,marked_lineage,180,2,False,9,21,1,0.0012516447427151432,0.0012516447427151432,True,1.1031016340109687,0.9804991288261586,4.262406411482945,0.9995190233178084
intermittent,marked_lineage,181,1,False,10,26,1,0.0012985408767335132,0.0012985408767335132,True,1.008600358084401,0.9990374107360644,0.056466655651523125,0.9872073590232106
intermittent,marked_lineage,181,2,False,10,26,1,0.0012985408767335132,0.0012985408767335132,True,1.0351329262704476,0.9946638055092795,3.9039017901192747,0.9921875880296669
intermittent,marked_lineage,182,1,True,10,25,2,0.9779667580464351,0.9768754898956683,True,1.0081199922256803,0.9991040988471456,0.061528513038350205,0.9834810752113591
intermittent,marked_lineage,182,2,False,9,26,0,0.0,0.0,True,2.706340245284478,0.5459110919157004,23.090669344392712,0.10382183736248864
intermittent,marked_lineage,183,1,True,9,25,3,0.9445259737707209,0.9394715024766218,True,1.0722906196793323,0.9889334368254925,0.06636579778567875,0.8681165814126989
intermittent,marked_lineage,183,2,True,9,25,3,0.9445259737707219,0.9394715024766228,True,2.8279972285207884,0.5782168722204394,23.06422286477258,0.4137018926854149
intermittent,marked_lineage,184,1,True,11,34,2,0.9226180114264121,0.9214138325530943,True,1.011273908934566,0.9987838002152428,0.052135025534342114,0.9858598976698465
intermittent,marked_lineage,184,2,True,11,34,2,0.9226180114264131,0.9214138325530953,True,1.8347770467255284,0.8141307916977483,23.244441060778218,0.7755794920273558
intermittent,marked_lineage,185,1,True,11,23,1,0.9233888256508522,0.9233888256508522,True,1.0046942332602562,0.9995201359153605,0.06226259564888908,0.9887033139070774
intermittent,marked_lineage,185,2,True,11,23,1,0.9233888256508535,0.9233888256508535,True,1.3013657758231638,0.9384880524134064,23.355681681882615,0.9697126245791962
intermittent,marked_lineage,186,1,True,11,22,2,0.9599604447575354,0.9588110730474735,True,1.0033779644905685,0.9996465642144802,0.06343665935715466,0.9936962537449753
intermittent,marked_lineage,186,2,True,11,22,2,0.959960444757535,0.958811073047473,True,1.9375249731855975,0.625298746102186,3.9894329184269917,0.8936882952485933
intermittent,marked_lineage,187,1,True,10,24,2,0.9993290433147276,0.998067626282329,True,1.0029359254104928,0.9997056250602292,0.05985284916602841,0.9947467386095424
intermittent,marked_lineage,187,2,True,11,18,1,0.9898004544174321,0.9898004544174321,True,1.0715370764685264,0.9889670616199888,3.942345587450753,0.991961248884394
intermittent,marked_lineage,188,1,True,11,19,1,0.9988259338737026,0.9988259338737026,True,1.0020062490288606,0.9998092725694737,0.049191523816096656,0.9976009803864577
intermittent,marked_lineage,188,2,True,11,19,1,0.9988259338737026,0.9988259338737026,True,1.0303243594722897,0.9958257749688123,1.2026905857810624,0.7203678055203334
intermittent,marked_lineage,189,1,True,10,18,1,0.9933673105959361,0.9933673105959361,True,1.0023949386963111,0.999772518787532,0.05874710297263044,0.995388900944944
intermittent,marked_lineage,189,2,True,10,18,1,0.9933673105959361,0.9933673105959361,True,2.088590711535823,0.5195007917709487,4.100243332100155,0.9142847282162816
intermittent,marked_lineage,190,1,True,10,24,1,0.9892381776753002,0.9892381776753002,True,1.0020257440959943,0.9997996560882678,0.05962269804324278,0.9939457833778667
intermittent,marked_lineage,190,2,True,10,24,1,0.9892381776753002,0.9892381776753002,True,2.0179295332710314,0.5388834396638477,4.0590347415783326,0.9611150663852333
intermittent,marked_lineage,191,1,True,11,26,1,0.9883727740097098,0.9883727740097098,True,1.0024165434803944,0.9997632502702712,0.04517577955746385,0.995263440222796
intermittent,marked_lineage,191,2,True,11,26,1,0.9883727740097098,0.9883727740097098,True,2.0113560348497397,0.5796326800892022,4.300701473728037,0.9969293400420062
intermittent,marked_lineage,192,1,True,10,28,2,0.9918862954155359,0.9907776862758293,True,1.002515091187895,0.9997528814561111,0.03408115496125422,0.995238026198929
intermittent,marked_lineage,192,2,True,10,28,2,0.9918862954155359,0.9907776862758293,True,1.4800526083815204,0.8727694824404376,3.9262044383489125,0.9820334911721658
intermittent,marked_lineage,193,1,True,9,28,1,0.9953728470237877,0.9953728470237877,True,1.0027751675156389,0.9997275542172749,0.07196183858624701,0.9968863120838776
intermittent,marked_lineage,193,2,True,9,28,1,0.9953728470237877,0.9953728470237877,True,1.0237079024344118,0.9970730328164645,3.86811585857935,0.9653500258371023
intermittent,marked_lineage,194,1,True,9,30,2,0.9935297957685583,0.9899692577210143,True,1.0596267202606888,0.9913102894510555,0.06130070533412322,0.891923867778108
intermittent,marked_lineage,194,2,True,9,30,2,0.993529795768558,0.9899692577210141,True,3.281827005271313,0.4753857114655558,29.730090281345422,0.3574931291423271
intermittent,marked_lineage,195,1,True,9,23,2,0.9783748454757601,0.9772437993175399,True,1.007066558282036,0.9992895674131316,0.03945285854593812,0.9887952780227813
intermittent,marked_lineage,195,2,True,9,23,2,0.9783748454757604,0.9772437993175401,True,1.0001454658737843,0.9999882593414569,26.203380218912535,0.998204378017138
intermittent,marked_lineage,196,1,True,9,28,2,0.9708705200703047,0.9697496453228848,True,1.0031610772651054,0.999689119800193,0.06408518772225984,0.9908632431446736
intermittent,marked_lineage,196,2,True,9,28,2,0.9708705200703047,0.9697496453228848,True,1.001324255688411,0.9998674559692606,26.59296014079977,0.9883626096218862
intermittent,marked_lineage,197,1,True,9,18,1,0.9741531994093551,0.9741531994093551,True,1.0028924946597872,0.9997132954745946,0.08781263801348846,0.995400952761184
intermittent,marked_lineage,197,2,True,9,18,1,0.9741531994093551,0.9741531994093551,True,1.0014258575398747,0.9998608624732946,26.930185502865193,0.9946399422126043
intermittent,marked_lineage,198,1,True,9,20,2,0.9742842017433215,0.9731697265568725,True,1.002522916024801,0.9997480682007807,0.040650883246340086,0.9937102285242277
intermittent,marked_lineage,198,2,True,9,20,2,0.974284201743322,0.973169726556873,True,1.0014631614797818,0.9998584528340585,27.207477905852752,0.9974582944940177
intermittent,marked_lineage,199,1,True,10,25,1,0.9736326230699822,0.9736326230699822,True,1.0090962098150498,0.9989563573213125,0.09285532593309735,0.9764631284322537
intermittent,marked_lineage,199,2,True,9,21,1,0.7249030669778973,0.7249030669778973,True,1.0015023733514745,0.9998559626123402,27.53198816761992,0.9953154953773055
intermittent,marked_lineage,200,1,True,10,29,2,0.9983648679100108,0.9971196285471008,True,1.005381556808103,0.9994717149978887,0.11501013588422487,0.9899505869933677
intermittent,marked_lineage,200,2,True,10,23,2,0.8880010550118328,0.8868851445719972,True,1.2977458185244115,0.940430815070097,35.95704023874231,0.7649671349127443
intermittent,marked_lineage,201,1,True,10,28,1,0.9794096044615849,0.9794096044615849,True,1.006249131492161,0.9993380728627869,0.06811917491574063,0.9937943040450663
intermittent,marked_lineage,201,2,True,10,28,1,0.9794096044615849,0.9794096044615849,True,1.1065132447070198,0.9822809503470777,36.40232513374528,0.7292208737051052
intermittent,marked_lineage,202,1,True,10,29,2,0.975116869896665,0.9740069514373098,True,1.0050733185578271,0.9995092116809371,0.048224977011482505,0.9922632731542066
intermittent,marked_lineage,202,2,True,10,29,2,0.975116869896665,0.9740069514373098,True,1.0002536932038353,0.9999786634661666,28.43722145848474,0.9872856376792807
intermittent,marked_lineage,203,1,True,11,28,1,0.9797246572575523,0.9797246572575523,True,1.0027204099879468,0.9997319589603758,0.05860063194985308,0.9966028856433709
intermittent,marked_lineage,203,2,False,10,26,1,0.7296218942373817,0.7296218942373817,True,1.000031291916025,0.99999777837006,29.58718130535832,0.06750727383729946
intermittent,marked_lineage,204,1,True,11,24,2,0.9020042240898325,0.9008936361409325,True,1.0024128318125893,0.9997601468055184,0.06207674993916809,0.9910355649077568
intermittent,marked_lineage,204,2,True,11,24,2,0.9020042240898325,0.9008936361409325,True,1.1637548159633369,0.9650189629772502,29.574749677419533,0.9032161705159591
intermittent,marked_lineage,205,1,True,11,26,2,0.9214555499601863,0.9202837642457762,True,1.004443772601951,0.9995380633446472,0.0628590764247227,0.9910390646928824
intermittent,marked_lineage,205,2,True,11,26,2,0.9214555499601863,0.9202837642457762,True,1.3955316339765038,0.9186727250680594,29.683789072424418,0.7006417192919948
intermittent,marked_lineage,206,1,True,11,29,2,0.9969083402360586,0.9955808726935894,True,1.0037937570141349,0.9996084949154049,0.06583152851386327,0.9914398732145187
intermittent,marked_lineage,206,2,True,11,26,1,0.9333503545829435,0.9333503545829435,True,1.404432191969231,0.915421545727104,29.702429292642826,0.6230667514549205
intermittent,marked_lineage,207,1,True,11,26,1,0.9739476626578015,0.9739476626578015,True,1.0020835769734657,0.9998014296238866,0.06561758132762427,0.9947188305946745
intermittent,marked_lineage,207,2,True,11,26,1,0.9739476626578015,0.9739476626578015,True,1.434354058621982,0.9068865651023014,29.995786236153048,0.7343542983705454
intermittent,marked_lineage,208,1,True,11,25,2,0.9807283735333601,0.9796196056852472,True,1.0023090561403152,0.9997685168391159,0.073969130096442,0.9964777663858599
intermittent,marked_lineage,208,2,True,11,25,2,0.9807283735333598,0.979619605685247,True,1.6527899587221127,0.844926266793287,29.946632165775068,0.6990432517439354
intermittent,marked_lineage,209,1,True,11,27,1,0.9803232692084196,0.9803232692084196,True,1.0024816965306507,0.9997553017570104,0.04775826755425418,0.9955266488677346
intermittent,marked_lineage,209,2,True,11,27,1,0.9803232692084192,0.9803232692084192,True,1.0017153984995617,0.9998221282330716,9.779924119095908,0.8618388993208286
intermittent,marked_lineage,210,1,True,10,28,1,0.9758828149699939,0.9758828149699939,True,1.0023758110868404,0.9997641465108427,0.042165136083119684,0.992808921684087
intermittent,marked_lineage,210,2,True,10,28,1,0.9758828149699936,0.9758828149699936,True,1.0374867760699509,0.9941961203726829,9.875147421598884,0.946843670736785
intermittent,marked_lineage,211,1,True,10,26,1,0.9757433977512954,0.9757433977512954,True,1.00237263147135,0.9997615908614931,0.02084135724080894,0.9944112962291697
intermittent,marked_lineage,211,2,True,10,26,1,0.9757433977512954,0.9757433977512954,True,1.4408748842306256,0.9024567027969378,29.81270160880803,0.435184875926698
intermittent,marked_lineage,212,1,True,10,24,1,0.9817416860047671,0.9817416860047671,True,1.0023710574497062,0.9997614792936175,0.033692282088099726,0.9970047255217337
intermittent,marked_lineage,212,2,True,10,24,1,0.9817416860047671,0.9817416860047671,True,1.0012777059808717,0.999874970400809,33.24317221541638,0.9999749657455901
intermittent,marked_lineage,213,1,True,10,28,1,0.9897822907686094,0.9897822907686094,True,1.0091920906050318,0.9989299413811339,0.008656144748537497,0.9841437202168417
intermittent,marked_lineage,213,2,True,10,28,1,0.9897822907686094,0.9897822907686094,True,1.6914009789874054,0.7830797221148257,4.068718585950331,0.9930995388175317
intermittent,marked_lineage,214,1,True,10,23,1,0.9944734143404586,0.9944734143404586,True,1.0047427408129292,0.9995349226982432,0.03971441525767842,0.9975111224054377
intermittent,marked_lineage,214,2,True,10,23,1,0.9944734143404586,0.9944734143404586,True,1.2593406420109052,0.944778473499423,4.0235378061813964,0.998468281313943
intermittent,marked_lineage,215,1,True,10,28,1,0.9969518492174169,0.9969518492174169,True,1.0029894308568035,0.9996914408199593,0.053468525999527255,0.9955672196557604
intermittent,marked_lineage,215,2,True,10,28,1,0.9969518492174169,0.9969518492174169,True,1.0217447922677485,0.9971424899162417,3.8792368406658597,0.9857973510376796
intermittent,marked_lineage,216,1,True,10,24,2,0.9850254362063166,0.9839120950168098,True,1.0051228966504702,0.9994532309828438,0.06809956098325791,0.9890665282698683
intermittent,marked_lineage,216,2,True,10,24,2,0.9850254362063163,0.9839120950168095,True,1.0222718451744288,0.9970364735284949,6.532080689368406,0.9789041559195084
intermittent,marked_lineage,217,1,True,10,23,1,0.9777202797833467,0.9777202797833467,True,1.0039142178261615,0.9995966905591919,0.05899454786044703,0.993651860330921
intermittent,marked_lineage,217,2,True,10,25,1,0.7897825582430943,0.7897825582430943,True,1.4170449128855769,0.9367301688349662,23.33259066643812,0.6317833930455093
intermittent,marked_lineage,218,1,True,10,19,1,0.9050661076440113,0.9050661076440113,True,1.0028488387960115,0.9997074250447526,0.0643968139473203,0.9919565197694952
intermittent,marked_lineage,218,2,True,10,19,1,0.9050661076440125,0.9050661076440125,True,2.190463519904548,0.7323053718569198,29.758725144650366,0.006162280040974766
intermittent,marked_lineage,219,1,True,10,21,1,0.911859218136826,0.911859218136826,True,1.004151039936271,0.9995548306709379,0.060550218160909434,0.9883735093559597
intermittent,marked_lineage,219,2,True,10,21,1,0.9118592181368274,0.9118592181368274,True,1.0664305870322133,0.988155008215693,25.159482159529425,0.7731548445260206
intermittent,marked_lineage,220,1,True,10,20,1,0.9395649620310864,0.9395649620310864,True,1.003646119671572,0.9996151331951749,0.05456849460861239,0.9941542746452975
intermittent,marked_lineage,220,2,True,10,20,1,0.9395649620310864,0.9395649620310864,True,1.1033581689329315,0.9824469346849363,25.915394683306207,0.9857814467655075
intermittent,marked_lineage,221,1,True,10,17,1,0.9564488550401399,0.9564488550401399,True,1.003029091020246,0.9996870248522524,0.03516851984425861,0.9948183118499379
intermittent,marked_lineage,221,2,True,10,17,1,0.9564488550401404,0.9564488550401404,True,1.0195435468047924,0.9971829423694213,26.479064267167423,0.9800816227250922
intermittent,marked_lineage,222,1,True,10,22,2,0.9990348852719515,0.9977701105094896,True,1.0027156570163356,0.9997228771263413,0.05491960265650315,0.9940694792292408
intermittent,marked_lineage,222,2,True,10,19,1,0.9631664259620504,0.9631664259620504,True,1.0014688315542024,0.9998522309154861,38.52267211238246,0.9990348600538502
intermittent,marked_lineage,223,1,True,10,18,1,0.9833212629931396,0.9833212629931396,True,1.0020356593106523,0.9998061965678567,0.05362690795592121,0.995877856085686
intermittent,marked_lineage,223,2,True,10,18,1,0.9833212629931396,0.9833212629931396,True,1.0014666003467287,0.9998525555743346,39.33213102387669,0.9999742736079854
intermittent,marked_lineage,224,1,True,10,23,2,0.999381892209008,0.9981497029248041,True,1.0021911599399833,0.9997815524288031,0.048677824319571225,0.9915714392103611
intermittent,marked_lineage,224,2,True,10,20,1,0.9764717996423513,0.9764717996423513,True,1.0015446255391698,0.9998439125058876,39.95358441337893,0.9994262746789522
intermittent,marked_lineage,225,1,True,10,20,1,0.985932666461305,0.985932666461305,True,1.0019810544000103,0.9998115011457387,0.07708579953184173,0.9957015800085641
intermittent,marked_lineage,225,2,True,10,20,1,0.985932666461305,0.985932666461305,True,1.0014888387702696,0.999849682256393,40.60573753463662,0.9999645769884553
intermittent,marked_lineage,226,1,True,10,22,1,0.9827273063263819,0.9827273063263819,True,1.0021318039537686,0.9997881883399639,0.03913696606826184,0.9946409989074089
intermittent,marked_lineage,226,2,True,10,22,1,0.9827273063263818,0.9827273063263818,True,1.0015483698585272,0.9998429728071111,41.18557136591738,0.9998423676014223
intermittent,marked_lineage,227,1,True,10,25,2,1.000533601825641,0.9993070331208923,True,1.0022332780823895,0.9997770378573724,0.057757624060808366,0.997041149234227
intermittent,marked_lineage,227,2,True,10,26,1,0.985258340234603,0.985258340234603,True,1.0014874690734306,0.9998497402931629,41.79027698352538,0.9998917228243868
intermittent,marked_lineage,228,1,True,10,25,2,0.9899080295642273,0.988823544967277,True,1.001980883337871,0.9998117165864683,0.06676181936255454,0.995988753516302
intermittent,marked_lineage,228,2,True,10,25,2,0.9899080295642273,0.988823544967277,True,1.0014755129293595,0.9998516374376318,42.63896450013883,0.9997963933067382
intermittent,marked_lineage,229,1,True,10,25,1,0.9861245719691895,0.9861245719691895,True,1.0023384455981643,0.9997731378155676,0.04700705094565211,0.995693625871076
intermittent,marked_lineage,229,2,True,10,25,1,0.9861245719691892,0.9861245719691892,True,1.0015505561083473,0.9998430173452617,43.19792226310027,0.9990480456505408
intermittent,marked_lineage,230,1,True,10,27,2,0.9863039948069843,0.9852003881039872,True,1.0022427231056812,0.9997786948995669,0.041392668138748714,0.9961183974625719
intermittent,marked_lineage,230,2,True,10,27,2,0.986303994806984,0.985200388103987,True,1.0015241604318066,0.9998464956733978,44.16876805321179,0.9999684329965595
intermittent,marked_lineage,231,1,True,10,27,2,0.9807276854766259,0.9796225899718052,True,1.0024951206655286,0.9997565406732883,0.049857391588657415,0.9929363422945098
intermittent,marked_lineage,231,2,True,10,27,2,0.9807276854766259,0.9796225899718052,True,1.0014766718493684,0.9998514007131593,44.66479200985909,0.999243134849784
intermittent,marked_lineage,232,1,True,10,28,2,0.9803806418892841,0.9792714045425015,True,1.0026146845639654,0.9997436318978538,0.05172505163700242,0.9950451898266736
intermittent,marked_lineage,232,2,True,10,28,2,0.9803806418892841,0.9792714045425015,True,1.00146129779742,0.999852810720156,45.50154305387202,0.9999948639170092
intermittent,marked_lineage,233,1,True,10,24,2,0.984396788955901,0.9832868267520617,True,1.0026367116934687,0.9997413663889374,0.016432032305835377,0.9969705763341564
intermittent,marked_lineage,233,2,True,10,24,2,0.9843967889559012,0.9832868267520619,True,1.001455667831375,0.9998536151361845,46.21655221139383,0.9999801425474958
intermittent,marked_lineage,234,1,True,11,26,2,0.9795679082181701,0.9784607287672441,True,1.002557665124135,0.9997497965727572,0.0373912975571454,0.9931282497648697
intermittent,marked_lineage,234,2,True,11,26,2,0.9795679082181699,0.9784607287672439,True,1.0014665687797804,0.9998524934178122,46.801397439572305,0.9999928154386233
intermittent,marked_lineage,235,1,True,10,27,2,0.9808785438560867,0.9797685917871817,True,1.0026495131408832,0.9997398732554778,0.05137014095214747,0.9956305058619888
intermittent,marked_lineage,235,2,True,10,27,2,0.9808785438560865,0.9797685917871815,True,1.0014587300500817,0.9998534782873194,47.764766683824426,0.9999851383002143
intermittent,marked_lineage,236,1,True,10,24,2,0.9851367271597392,0.9840270523070389,True,1.0026168599383085,0.9997434376760295,0.058169332449503126,0.9971676160277133
intermittent,marked_lineage,236,2,True,10,24,2,0.985136727159739,0.9840270523070387,True,1.0014149013922535,0.9998564372829434,48.38334312141698,0.9999867827777015
intermittent,marked_lineage,237,1,True,10,22,2,0.9790931663591681,0.9779864834006398,True,1.00254366895439,0.999751412914978,0.07113477214083058,0.9924079037673678
intermittent,marked_lineage,237,2,True,10,22,2,0.9790931663591681,0.9779864834006398,True,1.0000000009764127,0.9999999999609915,21.523914869425763,0.9809035516891945
intermittent,marked_lineage,238,1,True,10,20,1,0.983240625567088,0.983240625567088,True,1.0026668715435554,0.999738091774685,0.0722115424540299,0.9971921559354217
intermittent,marked_lineage,238,2,True,10,20,1,0.983240625567088,0.983240625567088,True,1.0014706651498169,0.9998515005649584,49.720547627188765,0.9999747995772326
intermittent,marked_lineage,239,1,True,10,24,2,0.9848862700129489,0.9837788883390572,True,1.0023453849650659,0.999767498618224,0.07412462852478958,0.9962522690812184
intermittent,marked_lineage,239,2,True,10,24,2,0.9848862700129489,0.9837788883390572,True,1.000000000001255,0.9999999999999606,22.92486580541537,0.9900414422647097
intermittent,marked_lineage,240,1,True,10,19,1,0.9871714995698542,0.9871714995698542,True,1.0025459858857986,0.9997510881567351,0.08680447856255674,0.9976837952395032
intermittent,marked_lineage,240,2,True,10,19,1,0.9871714995698542,0.9871714995698542,True,1.0014470141094922,0.9998545104773096,51.49090653768347,0.9999848011289802
