state,source_1,source_2,kla,mil
-7.0,0.00013383022576488537,7.69459862670642e-23,9.134720408364595e-12,6.691511288244268e-05
-6.99,0.00013928497646575994,8.503421446798956e-23,9.796572530568422e-12,6.964248823287997e-05
-6.98,0.00014494756042389079,9.396324532749073e-23,1.0505328269853615e-11,7.247378021194539e-05
-6.97,0.00015082527155051807,1.0381948798732551e-22,1.1264234105616178e-11,7.541263577525903e-05
-6.96,0.00015692563406553226,1.1469812748239538e-22,1.2076755629578174e-11,7.846281703276613e-05
-6.95,0.00016325640876624202,1.267040052182252e-22,1.2946591938319177e-11,8.162820438312101e-05
-6.94,0.0001698255994293433,1.3995258667650211e-22,1.3877690943802483e-11,8.491279971467164e-05
-6.93,0.00017664145934757124,1.545710248779582e-22,1.4874265658598137e-11,8.832072967378562e-05
-6.92,0.0001837124980024571,1.706993289543599e-22,1.5940811515883886e-11,9.185624900122855e-05
-6.91,0.00019104748787459762,1.884916480826121e-22,1.7082124787880828e-11,9.552374393729881e-05
-6.9,0.00019865547139277237,2.0811768202028245e-22,1.8303322170155714e-11,9.932773569638618e-05
-6.89,0.00020654576802322586,2.2976423056216597e-22,1.960986160321971e-11,0.00010327288401161293
-6.88,0.00021472798150036704,2.536368954198987e-22,2.1007564407069486e-11,0.00010736399075018352
-6.87,0.0002232120072001021,2.799619493209732e-22,2.2502638808781945e-11,0.00011160600360005105
-6.86,0.00023200803965694195,3.0898838854036835e-22,2.4101704947982274e-11,0.00011600401982847097
-6.85,0.00024112658022599367,3.409901866280067e-22,2.5811821449986735e-11,0.00012056329011299684
-6.84,0.00025057844489086075,3.7626876879235364e-22,2.7640513661679543e-11,0.00012528922244543037
-6.83,0.00026037477221844247,4.1515572825612974e-22,2.9595803650741625e-11,0.00013018738610922123
-6.82,0.0002705270314615208,4.580158079313133e-22,3.168624207470927e-11,0.0001352635157307604
-6.81,0.00028104703080998687,5.052501729818172e-22,3.3920942032542887e-11,0.00014052351540499343
-6.8,0.00029194692579146027,5.573000022720691e-22,3.630961501791801e-11,0.00014597346289573014
-6.79,0.0003032392278220042,6.146504293571968e-22,3.8862609100365115e-11,0.0001516196139110021
-6.78,0.00031493681290752155,6.778348665759302e-22,4.15909494676606e-11,0.00015746840645376078
-6.77,0.0003270529304963753,7.47439748985571e-22,4.450638147056985e-11,0.00016352646524818765
-6.76,0.0003396012124836548,8.241097383508909e-22,4.762141631915674e-11,0.0001698006062418274
-6.75,0.00035259568236744546,9.085534311976665e-22,5.094937958843684e-11,0.00017629784118372273
-6.74,0.000366050764557335,1.0015496190910082e-21,5.450446270018256e-11,0.0001830253822786675
-6.73,0.0003799812938353208,1.1039541538361366e-21,5.830177755721918e-11,0.0001899906469176604
-6.72,0.0003944025249691569,1.2167074752562462e-21,6.235741451659849e-11,0.00019720126248457846
-6.71,0.0004093301424780789,1.340842864619259e-21,6.668850389863444e-11,0.00020466507123903944
-6.7,0.00042478027055075143,1.4774954927042648e-21,7.131328123996076e-11,0.00021239013527537572
-6.69,0.00044076948311513176,1.6279123379626345e-21,7.62511565105424e-11,0.00022038474155756588
-6.68,0.0004573148140598576,1.7934630572937176e-21,8.152278752700065e-11,0.0002286574070299288
-6.67,0.00047443376760662064,1.9756518996659527e-21,8.715015780768908e-11,0.00023721688380331032
-6.66,0.0004921443288328931,2.1761307612409837e-21,9.31566591287585e-11,0.00024607216441644656
-6.65,0.0005104649743441847,2.396713489855086e-21,9.956717905497005e-11,0.00025523248717209237
-6.64,0.0005294146830949357,2.6393915567568464e-21,1.0640819373433638e-10,0.00026470734154746786
-6.63,0.0005490129473569587,2.9063512244646384e-21,1.1370786626179043e-10,0.00027450647367847935
-6.62,0.0005692797838342526,3.19999235157584e-21,1.21496150934077e-10,0.0002846398919171263
-6.61,0.0005902357449227851,3.522948988425638e-21,1.2980490373594138e-10,0.00029511787246139253
-6.6,0.0006119019301137731,3.878111931746961e-21,1.3866799941653172e-10,0.00030595096505688655
-6.59,0.0006342999975387576,4.268653422046667e-21,1.4812145553476551e-10,0.0003171499987693788
-6.58,0.0006574521756546766,4.698054184383368e-21,1.582035638732913e-10,0.0003287260878273383
-6.57,0.0006813812750668916,5.170133031756747e-21,1.689550296426308e-10,0.0003406906375334458
-6.56,0.0007061107004880375,5.689079270519541e-21,1.80419118920249e-10,0.00035305535024401875
-6.55,0.0007316644628303109,6.2594881692601015e-21,1.9264181479359126e-10,0.00036583223141515545
-6.54,0.0007580671914287103,6.886399776640131e-21,2.056719827017797e-10,0.00037903359571435515
-6.53,0.0007853441463924686,7.575341399875025e-21,2.195615454975418e-10,0.0003926720731962343
-6.52,0.0008135212310818092,8.332374084132099e-21,2.3436566877932076e-10,0.0004067606155409046
-6.51,0.0008426250047069028,9.164143464267265e-21,2.50142957073282e-10,0.0004213125023534514
-6.5,0.0008726826950457602,1.0077935394300011e-20,2.669556614762852e-10,0.0004363413475228801
-6.49,0.0009037222112775245,1.1081736797038495e-20,2.8486989940380574e-10,0.00045186110563876224
-6.48,0.000935772156927478,1.2184302216627425e-20,3.0395588712144434e-10,0.000467886078463739
-6.47,0.0009688618429198468,1.3395226600761204e-20,3.2428818577506054e-10,0.0004844309214599234
-6.46,0.0010030213007342376,1.4725024887223958e-20,3.459459616727844e-10,0.0005015106503671188
-6.45,0.0010382812956614103,1.6185219021629385e-20,3.690132616124567e-10,0.0005191406478307052
-6.4399999999999995,0.0010746733401537367,1.7788433090096716e-20,3.935793040901454e-10,0.0005373366700768684
-6.43,0.001112229707265567,1.9548497312574888e-20,4.1973878726988887e-10,0.0005561148536327835
-6.42,0.0011509834441784845,2.1480561709980598e-20,4.4759221464136907e-10,0.0005754917220892423
-6.41,0.0011909683858061168,2.3601220331823754e-20,4.772462393411402e-10,0.0005954841929030584
-6.4,0.0012322191684730178,2.592864701100371e-20,5.088140281645039e-10,0.0006161095842365089
-6.39,0.0012747712436618351,2.848274369959531e-20,5.424156463490548e-10,0.0006373856218309176
-6.38,0.0013186608918227423,3.128530253429455e-20,5.781784642675621e-10,0.0006593304459113712
-6.37,0.0013639252362389036,3.4360182883449736e-20,6.162375872274116e-10,0.0006819626181194518
-6.36,0.0014106022569413826,3.773350474000502e-20,6.56736309636108e-10,0.0007053011284706913
-6.35,0.0014587308046667472,4.14338599469603e-20,6.998265948579804e-10,0.0007293654023333736
-6.34,0.0015083506148503075,4.5492542875110605e-20,7.456695821558504e-10,0.0007541753074251537
-6.33,0.0015595023216476915,4.9943802317586317e-20,7.944361221836016e-10,0.0007797511608238457
-6.32,0.0016122274719771231,5.482511652333292e-20,8.463073425711156e-10,0.0008061137359885616
-6.31,0.001666568539574583,6.017749346302917e-20,9.014752452224614e-10,0.0008332842697872915
-6.3,0.0017225689390536812,6.60457986073931e-20,9.601433370312336e-10,0.0008612844695268406
-6.29,0.0017802730399618788,7.247911270060111e-20,1.022527295804399e-09,0.0008901365199809394
-6.28,0.0018397261808242777,7.953112223198667e-20,1.088855673277064e-09,0.0009198630904121389
-6.27,0.001900974683166082,8.72605455490289e-20,1.159370637196701e-09,0.000950487341583041
-6.26,0.001964065865504376,9.573159781519686e-20,1.2343287545556327e-09,0.000982032932752188
-6.25,0.002029048057299768,1.0501449829970371e-19,1.314001818155884e-09,0.001014524028649884
-6.24,0.002095970612857942,1.1518602379413248e-19,1.3986777188006127e-09,0.001047985306428971
-6.23,0.0021648839251710585,1.263301122857336e-19,1.488661365522016e-09,0.0010824419625855293
-6.22,0.002235839439688543,1.3853852138097713e-19,1.584275656376455e-09,0.0011179197198442714
-6.21,0.0023088896680064958,1.5191154636822756e-19,1.685862502464201e-09,0.0011544448340032479
-6.2,0.0023840882014648404,1.665588032379929e-19,1.7937839079640794e-09,0.0011920441007324202
-6.1899999999999995,0.002461489724640705,1.8260008244563919e-19,1.908423109111866e-09,0.0012307448623203525
-6.18,0.002541150028726526,2.0016627970851636e-19,2.0301857751968056e-09,0.001270575014363263
-6.17,0.0026231260247810244,2.194004106797019e-19,2.159501274803154e-09,0.0013115630123905124
-6.16,0.0027074757568407003,2.404587169385648e-19,2.2968240106821186e-09,0.0013537378784203504
-6.15,0.0027942584148794424,2.6351187138742676e-19,2.4426348268070445e-09,0.0013971292074397214
-6.14,0.0028835343476034414,2.887462918484587e-19,2.5974424913385406e-09,0.001441767173801721
-6.13,0.002975365075068254,3.1636557242015215e-19,2.76178525940859e-09,0.0014876825375341272
-6.12,0.0030698133011047403,3.4659204298328545e-19,2.936232519823931e-09,0.0015349066505523704
-6.11,0.003166942925540075,3.796684681479728e-19,3.1213865299876375e-09,0.0015834714627700377
-6.1,0.0032668190561999247,4.15859897911516e-19,3.317884243547305e-09,0.0016334095280999626
-6.09,0.0033695080206774812,4.554556833589326e-19,3.526399235495381e-09,0.0016847540103387408
-6.08,0.003475077377854938,4.987716718896091e-19,3.747643729676039e-09,0.0017375386889274692
-6.07,0.0035835959291623588,5.461525977035129e-19,3.982370733890178e-09,0.0017917979645811796
-6.06,0.0036951337295590384,5.979746846362186e-19,4.231376288039894e-09,0.0018475668647795194
-6.05,0.0038097620982218104,6.546484799021838e-19,4.4955018310132455e-09,0.0019048810491109056
-6.04,0.003927553628924779,7.166219389011066e-19,4.775636692282276e-09,0.00196377681446239
-6.03,0.0040485822000944265,7.843837829706789e-19,5.072720714470481e-09,0.0020242911000472137
-6.02,0.004172922984523966,8.58467153845534e-19,5.38774701344276e-09,0.0020864614922619833
-6.01,0.00430065245873045,9.394535906136566e-19,5.7217648827798965e-09,0.0021503262293652253
-6.0,0.0044318484119380075,1.0279773571668917e-18,6.075882849823286e-09,0.002215924205969004
-5.99,0.004566589954670145,1.1247301505297901e-18,6.451271890811751e-09,0.002283294977335073
-5.98,0.004704957526933971,1.2304662230406913e-18,6.8491688129857586e-09,0.002352478763466986
-5.97,0.004847032905978953,1.346007954164231e-18,7.270879811900108e-09,0.0024235164529894772
-5.96,0.004992899213612376,1.4722519107544259e-18,7.717784212570529e-09,0.002496449606806189
-5.95,0.005142640923053939,1.6101754378815998e-18,8.191338403479174e-09,0.0025713204615269705
-5.9399999999999995,0.0052963438653110245,1.760843825903113e-18,8.693079972880236e-09,0.002648171932655513
-5.93,0.005454095235056556,1.9254181033243957e-18,9.22463205728272e-09,0.0027270476175282788
-5.92,0.005615983595990969,2.105163509180845e-18,9.78770791244118e-09,0.0028079917979954854
-5.91,0.005782098885669473,2.3014587032049954e-18,1.0384115717656327e-08,0.0028910494428347378
-5.9,0.005952532419775849,2.5158057769514047e-18,1.1015763624682308e-08,0.0029762662098879256
-5.89,0.006127376895823693,2.749841134365529e-18,1.168466506304987e-08,0.003063688447911848
-5.88,0.0063067263962659275,3.0053473160362048e-18,1.239294431415013e-08,0.003153363198132965
-5.87,0.006490676390993364,3.284265847597614e-18,1.3142842366982143e-08,0.003245338195496684
-5.859999999999999,0.006679323739202627,3.588711199488178e-18,1.393672306904749e-08,0.0033396618696013153
-5.85,0.006872766690613978,3.920985952564143e-18,1.4777079586480055e-08,0.0034363833453069912
-5.84,0.007071104886019449,4.283597271962648e-18,1.5666541188132572e-08,0.0035355524430097265
-5.83,0.007274439357141218,4.679274800143497e-18,1.6607880368992047e-08,0.0036372196785706113
-5.82,0.007482872525780553,5.110990089279766e-18,1.7604020328985783e-08,0.0037414362628902793
-5.8100000000000005,0.007696508202237312,5.581977703158699e-18,1.8658042823946112e-08,0.0038482541011186588
-5.8,0.007915451582979969,6.095758129562418e-18,1.9773196406244675e-08,0.003957725791489988
-5.79,0.008139809247546021,6.656162655785942e-18,2.0952905073377047e-08,0.004069904623773014
-5.78,0.008369689154653023,7.267360372587997e-18,2.2200777343579013e-08,0.004184844577326515
-5.77,0.008605200637499685,7.933887485538588e-18,2.352061577839084e-08,0.004302600318749847
-5.76,0.008846454398237232,8.660679127493157e-18,2.4916426972950992e-08,0.00442322719911862
-5.75,0.009093562501591053,9.453103881902853e-18,2.6392432035705735e-08,0.004546781250795531
-5.74,0.009346638367612283,1.0317001243919813e-17,2.795307758015465e-08,0.004673319183806147
-5.73,0.009605796763539575,1.1258722264917901e-17,2.960304725223005e-08,0.004802898381769793
-5.72,0.009871153794751146,1.2285173646201194e-17,3.134727381791979e-08,0.004935576897375579
-5.71,0.010142826894787078,1.340386556945257e-17,3.319095183679538e-08,0.005071413447393546
-5.7,0.010420934814422592,1.4622963575006582e-17,3.513955094820434e-08,0.005210467407211303
-5.6899999999999995,0.010705597609772197,1.5951344824435176e-17,3.7198829798016166e-08,0.005352798804886106
-5.68,0.010996936629405587,1.7398659111406225e-17,3.9374850634998504e-08,0.005498468314702802
-5.67,0.011295074500456135,1.897539501439914e-17,4.167399460712351e-08,0.005647537250228077
-5.66,0.011600135113702562,2.0692951616893674e-17,4.410297778937308e-08,0.0058000675568512915
-5.65,0.01191224360760517,2.2563716255206337e-17,4.666886797594257e-08,0.0059561218038025965
-5.64,0.012231526351277989,2.460114879146858e-17,4.937910227110449e-08,0.0061157631756390066
-5.63,0.012558110926378211,2.6819872949525548e-17,5.2241505514424374e-08,0.0062790554631891185
-5.62,0.012892126107895304,2.923577529501396e-17,5.526430957749716e-08,0.006446063053947667
-5.609999999999999,0.013233701843821387,3.1866112487810624e-17,5.845617357090082e-08,0.006616850921910709
-5.6,0.013582969233685634,3.472962748566208e-17,6.182620500165857e-08,0.006791484616842834
-5.59,0.013940060505935825,3.7846675432473395e-17,6.538398192315145e-08,0.006970030252967932
-5.58,0.014305108994149692,4.1239360023650226e-17,6.913957612112398e-08,0.007152554497074867
-5.57,0.014678249112060025,4.493168120449426e-17,7.310357738120935e-08,0.007339124556030035
-5.5600000000000005,0.01505961632737743,4.8949695126233675e-17,7.728711888522879e-08,0.0075298081636887395
-5.55,0.015449347134395174,5.33216873582341e-17,8.17019037854322e-08,0.007724673567197614
-5.54,0.015847579025360818,5.807836043470981e-17,8.636023300780988e-08,0.007923789512680439
-5.53,0.016254450460600492,6.325303690024712e-17,9.127503433766477e-08,0.008127225230300277
-5.52,0.016670100837381078,6.888187911120219e-17,9.645989284273384e-08,0.008335050418690574
-5.51,0.017094670457496956,7.50041271499399e-17,1.0192908269135293e-07,0.008547335228748516
-5.5,0.01752830049356854,8.166235631669551e-17,1.0769760042543276e-07,0.008764150246784312
-5.49,0.017971132954039633,8.890275577987283e-17,1.1378119975034591e-07,0.008985566477019861
-5.48,0.01842331064686203,9.677543009077521e-17,1.201964279062823e-07,0.009211655323431064
-5.47,0.018884977141856187,1.053347254035708e-16,1.2696066368812932e-07,0.009442488570928146
-5.46,0.019356276731736965,1.1463958238652589e-16,1.3409215718354753e-07,0.00967813836586854
-5.45,0.019837354391795313,1.2475391796707536e-16,1.4161007130161178e-07,0.009918677195897719
-5.4399999999999995,0.020328355738225855,1.3574703822172036e-16,1.4953452516715999e-07,0.010164177869112995
-5.43,0.020829426985092204,1.4769408490342306e-16,1.5788663945889064e-07,0.010414713492546177
-5.42,0.021340714899922786,1.6067651829446726e-16,1.6668858377222828e-07,0.010670357449961473
-5.41,0.021862366757929387,1.7478263928335137e-16,1.7596362609104592e-07,0.01093118337896478
-5.4,0.022394530294842882,1.9010815379079637e-16,1.8573618445552897e-07,0.011197265147421536
-5.39,0.022937353658360717,2.0675678291392495e-16,1.9603188091675758e-07,0.011468676829180463
-5.38,0.023490985358201367,2.248409224201967e-16,2.0687759787196552e-07,0.011745492679100796
-5.37,0.02405557421476297,2.4448235550524505e-16,2.1830153687797888e-07,0.012027787107381607
-5.359999999999999,0.02463126930638253,2.658130230329404e-16,2.3033328004392187e-07,0.0123156346531914
-5.35,0.025218219915194417,2.889758558029896e-16,2.4300385410805355e-07,0.012609109957597352
-5.34,0.02581657547158769,3.1412567374368534e-16,2.5634579730745934e-07,0.012908287735794003
-5.33,0.026426485497261724,3.4143015730579574e-16,2.7039322915329305e-07,0.013213242748631032
-5.32,0.027048099546881765,3.710708967411346e-16,2.851819232283976e-07,0.013524049773441068
-5.3100000000000005,0.027681567148336535,4.032445253872614e-16,3.007493831283822e-07,0.013840783574168469
-5.3,0.02832703774160119,4.3816394355093266e-16,3.171349216715976e-07,0.014163518870800813
-5.29,0.028984660616209416,4.760596400893747e-16,3.3437974350798003e-07,0.014492330308104946
-5.28,0.02965458484734125,5.171811193330469e-16,3.525270312614038e-07,0.014827292423670884
-5.27,0.030336959230531667,5.617984415790782e-16,3.7162203534495063e-07,0.015168479615266114
-5.26,0.031031932215008273,6.102038860134604e-16,3.9171216759348166e-07,0.015515966107504442
-5.25,0.03173965183566742,6.627137455968752e-16,4.1284709886299984e-07,0.015869825917834042
-5.24,0.032460265643697445,7.196702641752243e-16,4.350788607515109e-07,0.016230132821849083
-5.23,0.033193920635861095,7.814437268571176e-16,4.584619516015329e-07,0.01659696031793094
-5.22,0.033940763182449214,8.484347155394305e-16,4.830534469499683e-07,0.01697038159122503
-5.21,0.03470093895391882,9.210765423631027e-16,5.08913114596766e-07,0.01735046947695987
-5.2,0.035474592846231424,9.99837874849718e-16,5.361035344697615e-07,0.017737296423116212
-5.1899999999999995,0.03626186890490626,1.085225567508325e-15,5.64690223469078e-07,0.01813093445245367
-5.18,0.03706291024780651,1.177787715819337e-15,5.947417654807764e-07,0.018531455123903844
-5.17,0.03787785898667748,1.2781169497000643e-15,6.263299467558902e-07,0.01893892949333938
-5.16,0.03870685614745561,1.386853984844138e-15,6.595298968575217e-07,0.019353428073728498
-5.15,0.03955004158937019,1.5046914517081978e-15,6.944202353855339e-07,0.01977502079468585
-5.14,0.04040755392286034,1.6323780234021982e-15,7.310832246953503e-07,0.020203776961430987
-5.13,0.041279530426330424,1.7707228653312738e-15,7.696049288345129e-07,0.020639765213166097
-5.12,0.04216610696177031,1.920600431144541e-15,8.100753789281346e-07,0.021083053480886117
-5.109999999999999,0.043067417889265776,2.082955631379357e-15,8.525887452517891e-07,0.02153370894463393
-5.1,0.04398359598042723,2.258809403154303e-15,8.972435162383337e-07,0.021991797990214747
-5.09,0.0449147723307671,2.4492647113746633e-15,9.441426846730874e-07,0.022457386165384775
-5.08,0.045861076271054894,2.6555130141745248e-15,9.93393941339912e-07,0.022930538135528776
-5.07,0.04682263527768313,2.878841227746892e-15,1.0451098763893177e-06,0.023411317638843004
-5.0600000000000005,0.047799574882076964,3.1206392283138815e-15,1.0994081887082011e-06,0.023899787441040043
-5.05,0.04879201857918277,3.3824079317786554e-15,1.1564119035797834e-06,0.024396009289593075
-5.04,0.049800087735070775,3.6657679945912935e-15,1.216249598931318e-06,0.02490004386753722
-5.03,0.05082390149369116,3.972469182565987e-15,1.2790556404765742e-06,0.025411950746847566
-5.02,0.051863576682820614,4.304400457824257e-15,1.3449704260694445e-06,0.025931788341412458
-5.01,0.05291922771924032,4.663600837717942e-15,1.4141406395950037e-06,0.02645961385962249
-5.0,0.05399096651318806,5.052271083536893e-15,1.4867195147342979e-06,0.026995483256596557
-4.99,0.055078902372125746,5.4727862810285e-15,1.5628671089492902e-06,0.02753945118606561
-4.98,0.05618314190386799,5.9277093792901486e-15,1.6427505880450713e-06,0.02809157095193696
-4.97,0.05730378891911716,6.41980575944509e-15,1.7265445216770736e-06,0.02865189445956179
-4.96,0.058440944333451476,6.952058909710375e-15,1.8144311901820306e-06,0.029220472166729215
-4.95,0.059594706068816054,7.527687289030987e-15,1.906600903122811e-06,0.02979735303441179
-4.9399999999999995,0.06076516895456484,8.150162467413298e-15,2.0032523299485e-06,0.030382584477286496
-4.93,0.0619524246281052,8.82322863747332e-15,2.10459284318313e-06,0.030976212314057013
-4.92,0.06315656143519865,9.550923598546328e-15,2.2108388745684212e-06,0.0315782807176041
-4.91,0.06437766432996934,1.0337601322016289e-14,2.322216284597997e-06,0.03218883216498984
-4.9,0.06561581477467655,1.1187956214351817e-14,2.438960745893352e-06,0.03280790738734387
-4.890000000000001,0.06687109063930707,1.210704920271076e-14,2.5613181408845308e-06,0.03343554531965959
-4.88,0.06814356610104459,1.3100335776938892e-14,2.6895449742715237e-06,0.034071783050528846
-4.87,0.06943331154367419,1.4173696131377873e-14,2.823908800755821e-06,0.03471665577184418
-4.859999999999999,0.07074039345698346,1.5333467560158012e-14,2.9646886685452835e-06,0.0353701967284994
-4.85,0.07206487433621804,1.6586479270623165e-14,3.112175579148945e-06,0.03603243716811731
-4.84,0.07340681258165692,1.7940089791276757e-14,3.266672963993275e-06,0.03670340629083743
-4.83,0.0747662623983676,1.9402227163184415e-14,3.428497178405039e-06,0.0373831311991935
-4.82,0.07614327369620728,2.098143211719696e-14,3.5979780135212474e-06,0.03807163684811413
-4.8100000000000005,0.07753789199013392,2.2686904453703007e-14,3.7754592267013287e-06,0.038768945995078304
-4.8,0.07895015830089419,2.4528552856964324e-14,3.961299091032075e-06,0.039475079150459357
-4.79,0.08038010905615417,2.6517048392484388e-14,4.155870964531201e-06,0.040190054528090345
-4.779999999999999,0.0818277759921429,2.866388195338832e-14,4.359563879671653e-06,0.04091388799608578
-4.77,0.08329318605587455,3.098142594051716e-14,4.5727831538641446e-06,0.04164659302795276
-4.76,0.08477636130802226,3.3483000480960746e-14,4.795951021552522e-06,0.04238818065402787
-4.75,0.08627731882651153,3.618294451112518e-14,5.029507288592446e-06,0.043138659413273855
-4.74,0.0877960706109056,3.9096692073280446e-14,5.273910009601304e-06,0.043898035305472344
-4.73,0.08933262348765493,4.2240854198927025e-14,5.529636188984052e-06,0.04466631174384859
-4.72,0.0908869790162829,4.563330677837895e-14,5.797182506357288e-06,0.045443489508164264
-4.71,0.09245913339658068,4.929328484378574e-14,6.077066067111116e-06,0.04622956669831499
-4.699999999999999,0.09404907737688704,5.3241483722529814e-14,6.369825178867124e-06,0.04702453868847014
-4.6899999999999995,0.09565679616352409,5.750016754965004e-14,6.676020154607485e-06,0.04782839808179079
-4.68,0.09728226933146754,6.209328566181258e-14,6.996234143270405e-06,0.048641134665764814
-4.67,0.09892547073632373,6.704659743148432e-14,7.331073988623946e-06,0.049462735368195385
-4.66,0.10058636842769056,7.238780613853998e-14,7.681171117250455e-06,0.05029318421388147
-4.65,0.10226492456397797,7.814670251769997e-14,8.047182456492295e-06,0.05113246228202806
-4.640000000000001,0.1039610953287641,8.435531866410499e-14,8.429791383228743e-06,0.051980547664424226
-4.63,0.10567483084876363,9.104809302619516e-14,8.829708704374098e-06,0.05283741542442734
-4.62,0.1074060751134838,9.826204726503836e-14,9.247673670005617e-06,0.05370303755679103
-4.609999999999999,0.1091547658966475,1.0603697581256663e-13,9.684455020051471e-06,0.05457738294837677
-4.6,0.11092083467945564,1.144156490180137e-13,1.014085206548676e-05,0.05546041733978503
-4.59,0.1127042065757706,1.23444030832503e-13,1.0617695805008393e-05,0.05635210328794702
-4.58,0.11450480025929236,1.3317151204632707e-13,1.111585007817779e-05,0.05725240012971276
-4.57,0.11632252789280703,1.436511601624092e-13,1.1636212756042669e-05,0.05816126394647534
-4.5600000000000005,0.11815729505958221,1.5493998706285977e-13,1.2179716970268657e-05,0.05907864752986858
-4.55,0.12000900069698565,1.6709923570383756e-13,1.2747332381833467e-05,0.06000450034857638
-4.54,0.12187753703240178,1.8019468715734696e-13,1.334006649035584e-05,0.060938768516290986
-4.529999999999999,0.12376278952152325,1.9429698940750984e-13,1.3958965985154821e-05,0.06188139476085878
-4.52,0.12566463678908824,2.094820094035369e-13,1.4605118139152942e-05,0.06283231839464885
-4.51,0.12758295057214192,2.2583120997255974e-13,1.527965224676162e-05,0.06379147528618387
-4.5,0.12951759566589174,2.43432053302901e-13,1.5983741106905478e-05,0.0647587978330676
-4.49,0.13146842987223098,2.6237843282287953e-13,1.671860255236507e-05,0.06573421493624668
-4.48,0.13343530395100223,2.8277113542208157e-13,1.748550102663914e-05,0.0667176519756425
-4.47,0.13541806157407132,3.047183360918506e-13,1.828574920954738e-05,0.06770903078718803
-4.46,0.13741653928228179,3.283361271998874e-13,1.9120709692817737e-05,0.06870826964130507
-4.449999999999999,0.13943056644536045,3.537490847609906e-13,1.9991796706922862e-05,0.0697152832228571
-4.4399999999999995,0.14145996522483892,3.810908742224296e-13,2.090047790045048e-05,0.07072998261261
-4.43,0.14350455054006248,4.1050489844918107e-13,2.184827617331647e-05,0.07175227527023649
-4.42,0.1455641300373476,4.421449907714257e-13,2.283677156514692e-05,0.07278206501889488
-4.41,0.1476385040623557,4.761761561454405e-13,2.38676032001796e-05,0.07381925203141594
-4.4,0.1497274656357448,5.127753636796663e-13,2.4942471290053535e-05,0.07486373281812879
-4.390000000000001,0.15183080043216157,5.521323939911872e-13,2.6063139195878254e-05,0.07591540021635686
-4.38,0.15394828676263372,5.944507450849649e-13,2.723143555099261e-05,0.07697414338161408
-4.37,0.15607969556042084,6.399486006895539e-13,2.8449256445844308e-05,0.0780398477805304
-4.359999999999999,0.1582247903703832,6.888598652398764e-13,2.9718567676442307e-05,0.07911239518553603
-4.35,0.16038332734191968,7.414352699704362e-13,3.1041407057850266e-05,0.08019166367133056
-4.34,0.16255505522553418,7.979435548728188e-13,3.241988680421378e-05,0.08127752761316606
-4.33,0.1647397153730768,8.586727315794461e-13,3.385619597682789e-05,0.08236985768696774
-4.32,0.16693704174171375,9.239314325636603e-13,3.5352603001773097e-05,0.08346852087131884
-4.3100000000000005,0.1691467609016723,9.940503523944276e-13,3.6911458258666067e-05,0.08457338045133317
-4.3,0.1713685920478074,1.069383787154164e-12,3.853519674208713e-05,0.0856842960244384
-4.29,0.173602247015033,1.1503112785213871e-12,4.022634079726497e-05,0.08680112350809165
-4.279999999999999,0.17584743029766253,1.2372393694378038e-12,4.198750293161747e-05,0.08792371514944988
-4.27,0.1781038390726937,1.3306034787228322e-12,4.382138870375812e-05,0.08905191953701215
-4.26,0.18037116322708038,1.4308699024702068e-12,4.5730799691601314e-05,0.09018558161425563
-4.25,0.18264908538902191,1.538537950561275e-12,4.771863654120495e-05,0.09132454269528023
-4.24,0.18493728096330525,1.6541422271611032e-12,4.978790209801209e-05,0.0924686404824797
-4.23,0.18723541817072945,1.7782550646274951e-12,5.1941704622159776e-05,0.09361770908625384
-4.22,0.1895431580916403,1.911489120861645e-12,5.4183261089540144e-05,0.0947715790467759
-4.21,0.1918601547135994,2.054500150764453e-12,5.651590058030741e-05,0.09593007735782695
-4.199999999999999,0.19418605498321312,2.207989963137155e-12,5.894306775654006e-05,0.09709302749271055
-4.1899999999999995,0.19652049886213666,2.3727095750799102e-12,6.146832643076943e-05,0.09826024943225468
-4.18,0.19886311938727597,2.549462576701607e-12,6.40953632271061e-05,0.09943155969491271
-4.17,0.2012135427351974,2.7391087197588654e-12,6.682799133669061e-05,0.10060677136896826
-4.16,0.2035713882907594,2.942567744696703e-12,6.967015436921434e-05,0.10178569414685099
-4.15,0.20593626871997467,3.160823461469064e-12,7.262593030225234e-05,0.10296813436156775
-4.140000000000001,0.20830779004710823,3.3949281004777175e-12,7.569953553016094e-05,0.10415389502525157
-4.13,0.21068555173601533,3.646006950986782e-12,7.889532901429309e-05,0.10534277586983067
-4.12,0.21306914677571784,3.915263305449517e-12,8.2217816536286e-05,0.10653457338981655
-4.109999999999999,0.21545816177021987,4.203983729328864e-12,8.567165505618216e-05,0.10772908088721192
-4.1,0.21785217703255064,4.513543677205518e-12,8.926165717713293e-05,0.1089260885185321
-4.09,0.22025076668303337,4.845413477253942e-12,9.299279571844591e-05,0.11012538334393938
-4.08,0.22265349875176116,5.2011647075271714e-12,9.687020839871927e-05,0.11132674937848117
-4.07,0.22505993528526957,5.582476988936081e-12,0.00010089920263081443,0.11252996764542603
-4.0600000000000005,0.22746963245738577,5.991145221335947e-12,0.00010508526043040012,0.11373481623168846
-4.05,0.2298821406842331,6.4290872907536455e-12,0.00010943404343980055,0.11494107034533109
-4.04,0.2322970047433662,6.898352277502262e-12,0.00011395139806886461,0.11614850237513227
-4.029999999999999,0.23471376389701198,7.40112919674745e-12,0.0001186433607545662,0.11735688195220656
-4.02,0.2371319520193797,7.939756305010616e-12,0.00012351616334102368,0.11856597601365973
-4.01,0.23955109772801342,8.516731008131403e-12,0.00012857623858162108,0.11977554886826508
-4.0,0.24197072451914337,9.134720408364595e-12,0.00013383022576488537,0.12098536226413904
-3.9899999999999998,0.24439035090699962,9.796572530568422e-12,0.00013928497646576018,0.1221951754583981
-3.98,0.24680949056704274,1.0505328269853615e-11,0.00014494756042389106,0.12340474528877403
-3.9699999999999998,0.249227652483066,1.1264234105616178e-11,0.00015082527155051807,0.12461382624716512
-3.96,0.2516443410981171,1.2076755629578174e-11,0.00015692563406553226,0.12582217055509692
-3.9499999999999997,0.2540590564691891,1.2946591938319268e-11,0.0001632564087662423,0.12702952824106784
-3.94,0.25647129442562033,1.3877690943802532e-11,0.00016982559942934359,0.128235647219749
-3.9299999999999997,0.2588805467311489,1.4874265658598137e-11,0.00017664145934757124,0.1294402733730116
-3.92,0.26128630124955315,1.5940811515883886e-11,0.0001837124980024571,0.13064315063274698
-3.91,0.26368804211381813,1.7082124787880828e-11,0.00019104748787459762,0.13184402106545012
-3.9,0.26608524989875487,1.8303322170155714e-11,0.00019865547139277272,0.1330426249585291
-3.89,0.26847740179700236,1.9609861603219644e-11,0.00020654576802322548,0.1342387009083061
-3.88,0.27086397179833804,2.1007564407069486e-11,0.00021472798150036704,0.13543198590967281
-3.87,0.2732444308722162,2.2502638808781945e-11,0.0002232120072001021,0.13662221544735945
-3.86,0.27561824715345673,2.4101704947982448e-11,0.00023200803965694238,0.13780912358877923
-3.85,0.2779848861309965,2.5811821449986735e-11,0.00024112658022599324,0.13899244307840414
-3.84,0.2803438108396206,2.7640513661679543e-11,0.00025057844489086075,0.14017190543363056
-3.83,0.28269448205458025,2.9595803650741625e-11,0.00026037477221844247,0.14134724104208804
-3.82,0.28503635848900727,3.168624207470927e-11,0.000270527031461521,0.14251817926034677
-3.81,0.2873688969940283,3.392094203254265e-11,0.0002810470308099863,0.1436844485139746
-3.8,0.28969155276148284,3.630961501791801e-11,0.00029194692579146027,0.14484577639889623
-3.79,0.2920037795291414,3.8862609100365115e-11,0.0003032392278220042,0.14600188978400203
-3.78,0.2943050297883252,4.1590949467660893e-11,0.0003149368129075219,0.14715251491495807
-3.77,0.2965947549938157,4.450638147056985e-11,0.00032705293049637503,0.14829737751916106
-3.76,0.29887240577595287,4.762141631915674e-11,0.0003396012124836548,0.14943620291178714
-3.75,0.30113743215480443,5.094937958843684e-11,0.00035259568236744546,0.1505687161028769
-3.7399999999999998,0.3033892837563002,5.450446270018256e-11,0.00036605076455733566,0.15169464190540233
-3.73,0.30562741003020993,5.830177755721918e-11,0.00037998129383532146,0.15281370504425584
-3.7199999999999998,0.307851260469853,6.235741451659849e-11,0.0003944025249691569,0.1539256302661052
-3.71,0.31006028483341613,6.668850389863444e-11,0.0004093301424780789,0.1550301424500523
-3.6999999999999997,0.3122539333667614,7.131328123996102e-11,0.00042478027055075225,0.15612696671903734
-3.69,0.31443165702759734,7.625115651054268e-11,0.0004407694831151325,0.15721582855192426
-3.6799999999999997,0.3165929077108929,8.152278752700065e-11,0.0004573148140598576,0.15829645389620783
-3.67,0.3187371384754016,8.715015780768908e-11,0.00047443376760662064,0.15936856928127588
-3.66,0.32086380377117246,9.31566591287585e-11,0.0004921443288328931,0.16043190193216456
-3.65,0.3229723596679144,9.956717905497005e-11,0.0005104649743441856,0.16148617988374078
-3.64,0.3250622640840821,1.06408193734336e-10,0.0005294146830949348,0.16253113209524517
-3.63,0.3271329770165545,1.1370786626179043e-10,0.0005490129473569587,0.1635664885651312
-3.62,0.3291839607707648,1.21496150934077e-10,0.0005692797838342526,0.16459198044613046
-3.61,0.33121468019115297,1.2980490373594228e-10,0.0005902357449227856,0.16560734016047893
-3.6,0.33322460289179967,1.3866799941653172e-10,0.0006119019301137719,0.16661230151523385
-3.59,0.33521319948710615,1.4812145553476551e-10,0.0006342999975387576,0.1676065998176138
-3.58,0.33717994382238053,1.582035638732913e-10,0.0006574521756546766,0.16858997199029205
-3.57,0.33912431320419223,1.689550296426308e-10,0.0006813812750668921,0.16956215668657362
-3.56,0.34104578863035256,1.8041911892024774e-10,0.0007061107004880362,0.17052289440538584
-3.55,0.34294385501938396,1.9264181479359126e-10,0.0007316644628303109,0.17147192760601287
-3.54,0.3448180014393334,2.056719827017797e-10,0.0007580671914287103,0.17240900082250268
-3.53,0.3466677213357917,2.1956154549754254e-10,0.00078534414639247,0.17333386077767662
-3.52,0.3484925127589745,2.3436566877932076e-10,0.0008135212310818085,0.1742462564966701
-3.51,0.3502918785897259,2.50142957073282e-10,0.0008426250047069028,0.17514593941993442
-3.5,0.3520653267642995,2.669556614762852e-10,0.0008726826950457602,0.1760326635156276
-3.4899999999999998,0.3538123704977797,2.8486989940380574e-10,0.0009037222112775262,0.1769061853913248
-3.48,0.3555325285059971,3.0395588712144434e-10,0.0009357721569274798,0.17776626440497648
-3.4699999999999998,0.3572253252258009,3.2428818577506054e-10,0.0009688618429198468,0.17861266277504456
-3.46,0.35889029103354464,3.459459616727844e-10,0.0010030213007342376,0.1794451456897453
-3.4499999999999997,0.360526962461648,3.6901326161245806e-10,0.001038281295661412,0.18026348141533063
-3.44,0.3621348824130922,3.935793040901454e-10,0.0010746733401537356,0.18106744140333575
-3.4299999999999997,0.3637136003737135,4.1973878726988887e-10,0.001112229707265567,0.18185680039672614
-3.42,0.3652626726221539,4.4759221464136907e-10,0.0011509834441784845,0.18263133653487307
-3.41,0.3667816624373361,4.772462393411402e-10,0.0011909683858061168,0.18339083145729118
-3.4,0.3682701403033234,5.088140281645039e-10,0.00123221916847302,0.18413507040606872
-3.39,0.36972768411143236,5.424156463490528e-10,0.001274771243661833,0.18486384232692402
-3.38,0.3711538793594661,5.781784642675621e-10,0.0013186608918227423,0.18557693996882227
-3.37,0.3725483193479334,6.162375872274116e-10,0.0013639252362389036,0.1862741599820855
-3.36,0.3739106053731284,6.567363096361127e-10,0.001410602256941385,0.18695530301493238
-3.35,0.3752403469169379,6.998265948579804e-10,0.0014587308046667459,0.18762017380838225
-3.34,0.376537161833254,7.456695821558504e-10,0.0015083506148503075,0.18826858128946178
-3.33,0.37780067653086463,7.944361221836016e-10,0.0015595023216476915,0.18890033866265038
-3.32,0.3790305261527017,8.463073425711156e-10,0.0016122274719771244,0.18951526349950454
-3.31,0.38022635475132494,9.014752452224551e-10,0.0016665685395745797,0.19011317782640008
-3.3,0.38138781546052414,9.601433370312336e-10,0.0017225689390536812,0.19069390821033375
-3.29,0.38251457066292405,1.022527295804399e-09,0.0017802730399618788,0.19125728584272567
-3.28,0.3836062921534786,1.088855673277068e-09,0.0018397261808242812,0.19180314662116713
-3.27,0.3846626612987428,1.159370637196701e-09,0.0019009746831660803,0.19233133122905674
-3.26,0.3856833691918161,1.2343287545556327e-09,0.001964065865504376,0.19284168521307243
-3.25,0.3866681168028493,1.314001818155884e-09,0.002029048057299768,0.19333405905842554
-3.2399999999999998,0.38761661512501416,1.3986777188006127e-09,0.0020959706128579458,0.19380830826184595
-3.23,0.3885285853158359,1.488661365522016e-09,0.0021648839251710624,0.19426429340224863
-3.2199999999999998,0.38940375883379047,1.584275656376455e-09,0.002235839439688543,0.19470188020903306
-3.21,0.39024187757007434,1.685862502464201e-09,0.0023088896680064958,0.19512093962796842
-3.1999999999999997,0.39104269397545594,1.7937839079640924e-09,0.0023840882014648447,0.19552134788461992
-3.19,0.3918059711821211,1.908423109111866e-09,0.0024614897246407006,0.1959029865452721
-3.1799999999999997,0.39253148312042896,2.0301857751968056e-09,0.002541150028726526,0.19626574257530738
-3.17,0.3932190146304972,2.159501274803154e-09,0.0026231260247810244,0.19660950839499924
-3.16,0.3938683615685408,2.2968240106821186e-09,0.0027074757568407003,0.19693418193268242
-3.15,0.39447933090788895,2.4426348268070445e-09,0.002794258414879447,0.19723966667526188
-3.14,0.39505174083461125,2.5974424913385315e-09,0.002883534347603439,0.19752587171602687
-3.13,0.3955854208376874,2.76178525940859e-09,0.002975365075068254,0.19779271179973631
-3.12,0.3960802117936561,2.936232519823931e-09,0.0030698133011047403,0.19804010736494432
-3.11,0.39653596604568586,3.121386529987659e-09,0.0031669429255400815,0.1982679845835362
-3.1,0.3969525474770118,3.317884243547305e-09,0.0032668190561999186,0.19847627539744803
-3.09,0.39732983157868834,3.526399235495381e-09,0.0033695080206774812,0.19866491755254378
-3.08,0.3976677055116089,3.747643729676039e-09,0.003475077377854938,0.19883385462962633
-3.07,0.39796606816275104,3.982370733890178e-09,0.0035835959291623614,0.19898303607256088
-3.06,0.39822483019560695,4.231376288039878e-09,0.003695133729559035,0.19911241721349163
-3.05,0.39844391409476404,4.4955018310132455e-09,0.0038097620982218104,0.19922195929513292
-3.04,0.39862325420460504,4.775636692282276e-09,0.003927553628924779,0.19931162949012088
-3.03,0.39876279676209975,5.072720714470499e-09,0.00404858220009443,0.19938140091741022
-3.02,0.3988624999236661,5.38774701344276e-09,0.004172922984523962,0.19943125265570658
-3.01,0.39892233378608216,5.7217648827798965e-09,0.00430065245873045,0.19946116975392353
-3.0,0.3989422804014327,6.075882849823286e-09,0.0044318484119380075,0.19947114323865778
-2.99,0.39892233378608216,6.451271890811751e-09,0.004566589954670145,0.19946117011867703
-2.9799999999999995,0.3988624999236661,6.849168812985783e-09,0.0047049575269339835,0.19943125338641746
-2.9699999999999998,0.39876279676209975,7.270879811900108e-09,0.004847032905978953,0.19938140201648977
-2.96,0.39862325420460504,7.717784212570529e-09,0.004992899213612376,0.1993116309611946
-2.95,0.39844391409476404,8.191338403479174e-09,0.005142640923053939,0.1992219611430512
-2.9399999999999995,0.3982248301956069,8.693079972880236e-09,0.0052963438653110245,0.19911241944434344
-2.9299999999999997,0.39796606816275104,9.22463205728272e-09,0.005454095235056556,0.19898303869369155
-2.92,0.3976677055116089,9.78770791244118e-09,0.005615983595990969,0.1988338576496584
-2.91,0.39732983157868834,1.0384115717656327e-08,0.005782098885669473,0.19866492098140204
-2.9000000000000004,0.3969525474770118,1.1015763624682308e-08,0.005952532419775849,0.19847627924638772
-2.8899999999999997,0.3965359660456858,1.168466506304987e-08,0.006127376895823693,0.19826798886517544
-2.88,0.3960802117936561,1.239294431415013e-08,0.0063067263962659275,0.19804011209330022
-2.87,0.3955854208376874,1.3142842366982143e-08,0.006490676390993364,0.19779271699026488
-2.8600000000000003,0.3950517408346113,1.3936723069047392e-08,0.00667932373920261,0.19752587738566718
-2.8499999999999996,0.3944793309078889,1.4777079586480055e-08,0.006872766690613978,0.19723967284248423
-2.84,0.3938683615685408,1.5666541188132572e-08,0.007071104886019449,0.196934188617541
-2.83,0.3932190146304972,1.6607880368992047e-08,0.007274439357141218,0.19660951561918877
-2.8200000000000003,0.39253148312042896,1.7604020328985783e-08,0.007482872525780553,0.19626575036222466
-2.8099999999999996,0.39180597118212107,1.865804282394618e-08,0.007696508202237331,0.19590299492008195
-2.8,0.3910426939754559,1.9773196406244675e-08,0.007915451582979969,0.19552135687432615
-2.79,0.39024187757007434,2.0952905073377047e-08,0.008139809247546021,0.1951209492614897
-2.7800000000000002,0.38940375883379047,2.2200777343579013e-08,0.008369689154653023,0.1947018905172839
-2.7699999999999996,0.3885285853158359,2.352061577839084e-08,0.008605200637499685,0.19426430441822584
-2.76,0.3876166151250141,2.4916426972950992e-08,0.008846454398237232,0.19380832002072054
-2.75,0.3866681168028493,2.6392432035705735e-08,0.009093562501591053,0.19333407159764066
-2.74,0.3856833691918161,2.795307758015465e-08,0.009346638367612283,0.19284169857244685
-2.7299999999999995,0.38466266129874277,2.9603047252230155e-08,0.009605796763539596,0.192331345450895
-2.7199999999999998,0.3836062921534785,3.134727381791979e-08,0.009871153794751146,0.19180316175037618
-2.71,0.38251457066292405,3.319095183679538e-08,0.010142826894787078,0.19125730192693793
-2.7,0.38138781546052414,3.513955094820434e-08,0.010420934814422592,0.19069392530003754
-2.6899999999999995,0.3802263547513249,3.7198829798016166e-08,0.010705597609772197,0.19011319597507734
-2.6799999999999997,0.37903052615270166,3.9374850634998504e-08,0.010996936629405587,0.18951528276377616
-2.67,0.37780067653086463,4.167399460712351e-08,0.011295074500456135,0.1889003591024296
-2.66,0.376537161833254,4.410297778937308e-08,0.011600135113702562,0.18826860296811587
-2.6499999999999995,0.37524034691693786,4.666886797594281e-08,0.011912243607605197,0.18762019679290293
-2.6399999999999997,0.37391060537312837,4.937910227110449e-08,0.012231526351277989,0.1869553273761153
-2.63,0.3725483193479334,5.2241505514424374e-08,0.012558110926378211,0.18627418579471947
-2.62,0.3711538793594661,5.526430957749716e-08,0.012892126107895304,0.18557696731188783
-2.6100000000000003,0.3697276841114324,5.84561735709005e-08,0.013233701843821355,0.184863871283803
-2.5999999999999996,0.3682701403033233,6.182620500165857e-08,0.013582969233685634,0.18413510106476413
-2.59,0.3667816624373361,6.538398192315145e-08,0.013940060505935825,0.18339086391065904
-2.58,0.3652626726221539,6.913957612112398e-08,0.014305108994149692,0.182631370880865
-2.5700000000000003,0.3637136003737135,7.310357738120935e-08,0.014678249112060025,0.18185683673864542
-2.5599999999999996,0.3621348824130922,7.728711888522921e-08,0.015059616327377472,0.18106747985010554
-2.55,0.36052696246164795,8.17019037854322e-08,0.015449347134395174,0.18026352208177587
-2.54,0.35889029103354464,8.636023300780988e-08,0.015847579025360818,0.17944518869688883
-2.5300000000000002,0.3572253252258009,9.127503433766477e-08,0.016254450460600492,0.17861270825041764
-2.5199999999999996,0.35553252850599704,9.645989284273384e-08,0.016670100837381078,0.17776631248294494
-2.51,0.3538123704977797,1.0192908269135293e-07,0.017094670457496956,0.17690623621343118
-2.5,0.3520653267642995,1.0769760042543276e-07,0.01752830049356854,0.17603271723095
-2.49,0.3502918785897259,1.1378119975034591e-07,0.017971132954039633,0.1751459961854628
-2.4799999999999995,0.34849251275897447,1.2019642790628273e-07,0.018423310646862073,0.1742463164777012
-2.4699999999999998,0.3466677213357916,1.2696066368812932e-07,0.018884977141856187,0.17333392414822765
-2.46,0.3448180014393334,1.3409215718354753e-07,0.019356276731736965,0.1724090677657453
-2.45,0.34294385501938396,1.4161007130161178e-07,0.019837354391795313,0.17147199831472762
-2.4399999999999995,0.3410457886303525,1.4953452516715999e-07,0.020328355738225855,0.17052296908243883
-2.4299999999999997,0.3391243132041921,1.5788663945889064e-07,0.020829426985092204,0.1695622355454158
-2.42,0.33717994382238053,1.6668858377222828e-07,0.021340714899922786,0.16859005525548215
-2.41,0.33521319948710615,1.7596362609104592e-07,0.021862366757929387,0.16760668772536613
-2.3999999999999995,0.33322460289179956,1.8573618445552997e-07,0.02239453029484293,0.166612394313992
-2.3899999999999997,0.3312146801911529,1.9603188091675758e-07,0.022937353658360717,0.1656074381115169
-2.38,0.3291839607707648,2.0687759787196552e-07,0.023490985358201367,0.16459208382418133
-2.37,0.3271329770165545,2.1830153687797888e-07,0.02405557421476297,0.16356659765904571
-2.3600000000000003,0.32506226408408223,2.3033328004392066e-07,0.024631269306382486,0.16253124720868115
-2.3499999999999996,0.3229723596679142,2.4300385410805355e-07,0.025218219915194417,0.16148630133588415
-2.34,0.32086380377117246,2.5634579730745934e-07,0.02581657547158769,0.1604320300584849
-2.33,0.3187371384754016,2.7039322915329305e-07,0.026426485497261724,0.15936870443431536
-2.3200000000000003,0.3165929077108929,2.851819232283976e-07,0.027048099546881765,0.15829659644640806
-2.3099999999999996,0.31443165702759723,3.007493831283838e-07,0.027681567148336594,0.15721597888849018
-2.3,0.3122539333667612,3.171349216715976e-07,0.02832703774160119,0.15612712525084144
-2.29,0.31006028483341613,3.3437974350798003e-07,0.028984660616209416,0.15503030960657982
-2.2800000000000002,0.307851260469853,3.525270312614038e-07,0.02965458484734125,0.15392580649844215
-2.2699999999999996,0.3056274100302098,3.7162203534495063e-07,0.030336959230531667,0.1528138908261226
-2.26,0.3033892837563001,3.9171216759348166e-07,0.031031932215008273,0.15169483773423384
-2.25,0.30113743215480443,4.1284709886299984e-07,0.03173965183566742,0.15056892250095164
-2.24,0.29887240577595287,4.350788607515109e-07,0.032460265643697445,0.14943642042740682
-2.2299999999999995,0.29659475499381566,4.5846195160153535e-07,0.03319392063586115,0.14829760672788364
-2.2199999999999998,0.2943050297883251,4.830534469499683e-07,0.033940763182449214,0.14715275642088604
-2.21,0.2920037795291414,5.08913114596766e-07,0.03470093895391882,0.146002144221128
-2.2,0.28969155276148284,5.361035344697615e-07,0.035474592846231424,0.14484604443250865
-2.1899999999999995,0.28736889699402823,5.64690223469078e-07,0.03626186890490626,0.14368473084212585
-2.1799999999999997,0.28503635848900716,5.947417654807764e-07,0.03706291024780651,0.14251847661538633
-2.17,0.28269448205458025,6.263299467558902e-07,0.03787785898667748,0.1413475541922635
-2.16,0.2803438108396206,6.595298968575217e-07,0.03870685614745561,0.14017223518475874
-2.1499999999999995,0.27798488613099637,6.944202353855376e-07,0.03955004158937026,0.13899279027561587
-2.1399999999999997,0.2756182471534566,7.310832246953503e-07,0.04040755392286034,0.13780948911834065
-2.13,0.2732444308722162,7.696049288345129e-07,0.041279530426330424,0.13662260023857253
-2.12,0.27086397179833804,8.100753789281346e-07,0.04216610696177031,0.1354323909368585
-2.1100000000000003,0.26847740179700247,8.52588745251786e-07,0.0430674178892657,0.13423912719287387
-2.0999999999999996,0.26608524989875476,8.972435162383337e-07,0.04398359598042723,0.1330430735711355
-2.09,0.26368804211381813,9.441426846730874e-07,0.0449147723307671,0.13184449312825142
-2.08,0.26128630124955315,9.93393941339912e-07,0.045861076271054894,0.13064364732174724
-2.0700000000000003,0.2588805467311489,1.0451098763893177e-06,0.04682263527768313,0.12944079592051264
-2.0599999999999996,0.2564712944256203,1.0994081887082052e-06,0.047799574882077075,0.1282361969169045
-2.05,0.25405905646918897,1.1564119035797834e-06,0.04879201857918277,0.12703010644054627
-2.04,0.2516443410981171,1.216249598931318e-06,0.049800087735070775,0.12582277867385802
-2.0300000000000002,0.249227652483066,1.2790556404765742e-06,0.05082390149369116,0.12461446576935324
-2.0199999999999996,0.24680949056704266,1.3449704260694445e-06,0.051863576682820614,0.12340541776873436
-2.01,0.24439035090699954,1.4141406395950037e-06,0.05291922771924032,0.12219588252381956
-2.0,0.24197072451914337,1.4867195147342979e-06,0.05399096651318806,0.12098610561932904
-1.9900000000000002,0.23955109772801342,1.5628671089492902e-06,0.055078902372125746,0.11977633029756118
-1.9799999999999995,0.23713195201937948,1.642750588045077e-06,0.0561831419038681,0.11856679738498375
-1.9699999999999998,0.23471376389701176,1.7265445216770736e-06,0.05730378891911716,0.11735774522076672
-1.96,0.2322970047433662,1.8144311901820306e-06,0.058440944333451476,0.1161494095872782
-1.9500000000000002,0.2298821406842331,1.906600903122811e-06,0.059594706068816054,0.11494202364256811
-1.9399999999999995,0.22746963245738577,2.0032523299485e-06,0.06076516895456484,0.11373581785485785
-1.9299999999999997,0.22505993528526957,2.10459284318313e-06,0.0619524246281052,0.11253101993905638
-1.92,0.22265349875176116,2.2108388745684212e-06,0.06315656143519865,0.11132785479531786
-1.9100000000000001,0.22025076668303337,2.322216284597997e-06,0.06437766432996934,0.11012654444965898
-1.8999999999999995,0.21785217703255041,2.4389607458933657e-06,0.06561581477467666,0.10892730799664815
-1.8899999999999997,0.21545816177021965,2.5613181408845447e-06,0.06687109063930718,0.10773036154418027
-1.88,0.21306914677571784,2.6895449742715237e-06,0.06814356610104459,0.10653591816034605
-1.87,0.21068555173601533,2.823908800755821e-06,0.06943331154367419,0.10534418782240804
-1.8600000000000003,0.20830779004710845,2.964688668545273e-06,0.07074039345698334,0.10415537736788849
-1.8499999999999996,0.20593626871997467,3.112175579148945e-06,0.07206487433621804,0.10296969044777692
-1.8399999999999999,0.2035713882907594,3.266672963993275e-06,0.07340681258165692,0.1017873274818617
-1.83,0.2012135427351974,3.428497178405039e-06,0.0747662623983676,0.1006084856161879
-1.8200000000000003,0.19886311938727597,3.5979780135212474e-06,0.07614327369620728,0.09943335868264475
-1.8099999999999996,0.19652049886213643,3.775459226701349e-06,0.07753789199013404,0.09826213716068156
-1.7999999999999998,0.19418605498321292,3.961299091032075e-06,0.07895015830089419,0.09709500814115198
-1.79,0.1918601547135994,4.155870964531201e-06,0.08038010905615417,0.09593215529228197
-1.7800000000000002,0.1895431580916403,4.359563879671637e-06,0.08182777599214276,0.09477375882775999
-1.7699999999999996,0.18723541817072945,4.5727831538641446e-06,0.08329318605587455,0.09361999547694165
-1.7599999999999998,0.18493728096330525,4.795951021552522e-06,0.08477636130802226,0.0924710384571634
-1.75,0.18264908538902191,5.029507288592446e-06,0.08627731882651153,0.09132705744815525
-1.7400000000000002,0.18037116322708038,5.273910009601304e-06,0.0877960706109056,0.09018821856854499
-1.7299999999999995,0.17810383907269348,5.529636188984081e-06,0.08933262348765507,0.08905468435444124
-1.7199999999999998,0.1758474302976623,5.797182506357288e-06,0.0908869790162829,0.08792661374008433
-1.71,0.173602247015033,6.077066067111116e-06,0.09245913339658068,0.08680416204055005
-1.7000000000000002,0.1713685920478074,6.36982517886709e-06,0.0940490773768869,0.08568748093649314
-1.6899999999999995,0.1691467609016723,6.676020154607485e-06,0.09565679616352409,0.08457671846091346
-1.6799999999999997,0.16693704174171375,6.996234143270405e-06,0.09728226933146754,0.08347201898792851
-1.67,0.1647397153730768,7.331073988623946e-06,0.09892547073632373,0.08237352322353271
-1.6600000000000001,0.16255505522553418,7.681171117250455e-06,0.10058636842769056,0.08128136819832571
-1.6499999999999995,0.1603833273419195,8.047182456492324e-06,0.10226492456397811,0.08019568726218801
-1.6399999999999997,0.158224790370383,8.429791383228772e-06,0.10396109532876426,0.07911661008088312
-1.63,0.15607969556042084,8.829708704374098e-06,0.10567483084876363,0.0780442626345626
-1.62,0.15394828676263372,9.247673670005617e-06,0.1074060751134838,0.07697876721815186
-1.6100000000000003,0.15183080043216174,9.684455020051437e-06,0.10915476589664731,0.0759202424435909
-1.5999999999999996,0.1497274656357448,1.014085206548676e-05,0.11092083467945564,0.07486880324390514
-1.5899999999999999,0.1476385040623557,1.0617695805008393e-05,0.1127042065757706,0.07382456087908036
-1.58,0.1455641300373476,1.111585007817779e-05,0.11450480025929236,0.0727876229437129
-1.5700000000000003,0.14350455054006248,1.1636212756042669e-05,0.11632252789280703,0.07175809337640926
-1.5599999999999996,0.1414599652248387,1.21797169702687e-05,0.11815729505958236,0.07073607247090448
-1.5499999999999998,0.13943056644536023,1.2747332381833467e-05,0.12000900069698565,0.06972165688887103
-1.54,0.13741653928228179,1.334006649035584e-05,0.12187753703240178,0.06871493967438608
-1.5300000000000002,0.13541806157407132,1.3958965985154772e-05,0.12376278952152307,0.06771601027002824
-1.5199999999999996,0.13343530395100223,1.4605118139152942e-05,0.12566463678908824,0.0667249545345707
-1.5099999999999998,0.13146842987223098,1.527965224676162e-05,0.12758295057214192,0.06574185476223887
-1.5,0.12951759566589174,1.5983741106905478e-05,0.12951759566589174,0.06476678970349932
-1.4900000000000002,0.12758295057214192,1.671860255236507e-05,0.13146842987223098,0.06379983458734714
-1.4799999999999995,0.12566463678908807,1.74855010266392e-05,0.13343530395100242,0.06284106114505736
-1.4699999999999998,0.12376278952152307,1.828574920954738e-05,0.13541806157407132,0.06189053763536631
-1.46,0.12187753703240178,1.9120709692817737e-05,0.13741653928228179,0.0609483288710473
-1.4500000000000002,0.12000900069698565,1.999179670692279e-05,0.13943056644536023,0.06001449624684629
-1.4399999999999995,0.11815729505958221,2.090047790045048e-05,0.14145996522483892,0.05908909776874133
-1.4299999999999997,0.11632252789280703,2.184827617331647e-05,0.14350455054006248,0.05817218808449017
-1.42,0.11450480025929236,2.283677156514692e-05,0.1455641300373476,0.05726381851542875
-1.4100000000000001,0.1127042065757706,2.38676032001796e-05,0.1476385040623557,0.05636403708948539
-1.3999999999999995,0.11092083467945546,2.4942471290053623e-05,0.149727465635745,0.055472888575372754
-1.3899999999999997,0.10915476589664731,2.6063139195878346e-05,0.15183080043216174,0.0545904145179216
-1.38,0.1074060751134838,2.723143555099261e-05,0.15394828676263372,0.05371665327451739
-1.37,0.10567483084876363,2.8449256445844308e-05,0.15607969556042084,0.05285164005260474
-1.3600000000000003,0.10396109532876426,2.97185676764422e-05,0.158224790370383,0.05199540694822035
-1.3499999999999996,0.10226492456397797,3.1041407057850266e-05,0.16038332734191968,0.05114798298551791
-1.3399999999999999,0.10058636842769056,3.241988680421378e-05,0.16255505522553418,0.05030939415724739
-1.33,0.09892547073632373,3.385619597682789e-05,0.1647397153730768,0.04947966346615028
-1.3200000000000003,0.09728226933146754,3.5352603001773097e-05,0.16693704174171375,0.04865881096723466
-1.3099999999999996,0.09565679616352393,3.69114582586662e-05,0.1691467609016725,0.0478468538108913
-1.2999999999999998,0.0940490773768869,3.853519674208713e-05,0.1713685920478074,0.047043806286814496
-1.29,0.09245913339658068,4.022634079726497e-05,0.173602247015033,0.04624967986868898
-1.2800000000000002,0.0908869790162829,4.198750293161732e-05,0.1758474302976623,0.04546448325960726
-1.2699999999999996,0.08933262348765493,4.382138870375812e-05,0.1781038390726937,0.04468822243817935
-1.2599999999999998,0.0877960706109056,4.5730799691601314e-05,0.18037116322708038,0.043920900705298596
-1.25,0.08627731882651153,4.771863654120495e-05,0.18264908538902191,0.04316251873152637
-1.2400000000000002,0.08477636130802226,4.978790209801209e-05,0.18493728096330525,0.042413074605060136
-1.2299999999999995,0.08329318605587441,5.194170462215996e-05,0.18723541817072964,0.04167256388024829
-1.2199999999999998,0.08182777599214276,5.4183261089540144e-05,0.1895431580916403,0.04094097962661615
-1.21,0.08038010905615417,5.651590058030741e-05,0.1918601547135994,0.04021831247836724
-1.2000000000000002,0.07895015830089419,5.8943067756539855e-05,0.19418605498321292,0.03950455068432537
-1.1899999999999995,0.07753789199013392,6.146832643076943e-05,0.19652049886213666,0.03879968015828234
-1.1799999999999997,0.07614327369620728,6.40953632271061e-05,0.19886311938727597,0.03810368452971719
-1.17,0.0747662623983676,6.682799133669061e-05,0.2012135427351974,0.037416545194852144
-1.1600000000000001,0.07340681258165692,6.967015436921434e-05,0.2035713882907594,0.03673824136801307
-1.1499999999999995,0.07206487433621793,7.26259303022526e-05,0.20593626871997492,0.036068750133260094
-1.1399999999999997,0.07074039345698334,7.569953553016121e-05,0.20830779004710845,0.03540804649625675
-1.13,0.06943331154367419,7.889532901429309e-05,0.21068555173601533,0.03475610343634424
-1.12,0.06814356610104459,8.2217816536286e-05,0.21306914677571784,0.03411289195879044
-1.1100000000000003,0.06687109063930718,8.567165505618186e-05,0.21545816177021965,0.033478381147181685
-1.0999999999999996,0.06561581477467655,8.926165717713293e-05,0.21785217703255064,0.032852538215926846
-1.0899999999999999,0.06437766432996934,9.299279571844591e-05,0.22025076668303337,0.0322353285628439
-1.08,0.06315656143519865,9.687020839871927e-05,0.22265349875176116,0.031626715821798684
-1.0700000000000003,0.0619524246281052,0.00010089920263081443,0.22505993528526957,0.031026661915368008
-1.0599999999999996,0.060765168954564734,0.00010508526043040049,0.227469632457386,0.030435127107497566
-1.0499999999999998,0.059594706068816054,0.00010943404343980055,0.2298821406842331,0.029852070056127927
-1.04,0.058440944333451476,0.00011395139806886461,0.2322970047433662,0.02927744786576017
-1.0300000000000002,0.05730378891911716,0.00011864336075456578,0.23471376389701176,0.028711216139935863
-1.0199999999999996,0.05618314190386799,0.00012351616334102368,0.2371319520193797,0.02815332903360451
-1.0099999999999998,0.055078902372125746,0.00012857623858162108,0.23955109772801342,0.027603739305353682
-1.0,0.05399096651318806,0.00013383022576488537,0.24197072451914337,0.027062398369476475
-0.9900000000000002,0.05291922771924032,0.00013928497646575994,0.24439035090699954,0.02652925634785304
-0.9799999999999995,0.05186357668282051,0.0001449475604238913,0.24680949056704282,0.026004262121622202
-0.9699999999999998,0.05082390149369116,0.00015082527155051807,0.249227652483066,0.02548736338262084
-0.96,0.049800087735070775,0.00015692563406553226,0.2516443410981171,0.024978506684568153
-0.9500000000000002,0.04879201857918277,0.00016325640876624202,0.25405905646918897,0.024477637493974507
-0.9399999999999995,0.047799574882076964,0.00016982559942934388,0.2564712944256205,0.023984700240753155
-0.9299999999999997,0.04682263527768313,0.00017664145934757124,0.2588805467311489,0.02349963836851535
-0.9199999999999999,0.045861076271054894,0.0001837124980024571,0.26128630124955315,0.023022394384528674
-0.9100000000000001,0.0449147723307671,0.00019104748787459762,0.26368804211381813,0.022552909909320847
-0.8999999999999995,0.043983595980427156,0.00019865547139277307,0.266085249898755,0.022091125725909964
-0.8899999999999997,0.0430674178892657,0.00020654576802322586,0.26847740179700247,0.02163698182864446
-0.8799999999999999,0.04216610696177031,0.00021472798150036704,0.27086397179833804,0.021190417471635338
-0.8700000000000001,0.041279530426330424,0.0002232120072001021,0.2732444308722162,0.020751371216765263
-0.8599999999999994,0.04040755392286025,0.00023200803965694276,0.27561824715345684,0.020319780981258598
-0.8499999999999996,0.03955004158937019,0.00024112658022599367,0.2779848861309966,0.019895584084798093
-0.8399999999999999,0.03870685614745561,0.00025057844489086075,0.2803438108396206,0.019478717296173235
-0.8300000000000001,0.03787785898667748,0.00026037477221844247,0.28269448205458025,0.019069116879447963
-0.8200000000000003,0.03706291024780651,0.0002705270314615208,0.28503635848900716,0.018666718639634015
-0.8099999999999996,0.036261868904906194,0.00028104703080998687,0.28736889699402846,0.01827145796785809
-0.7999999999999998,0.035474592846231424,0.00029194692579146027,0.28969155276148284,0.01788326988601144
-0.79,0.03470093895391882,0.0003032392278220042,0.2920037795291414,0.01750208909087041
-0.7800000000000002,0.033940763182449214,0.00031493681290752155,0.2943050297883251,0.017127849997678368
-0.7699999999999996,0.033193920635861095,0.0003270529304963753,0.2965947549938158,0.016760486783178735
-0.7599999999999998,0.032460265643697445,0.0003396012124836548,0.29887240577595287,0.01639993342809055
-0.75,0.03173965183566742,0.00035259568236744546,0.30113743215480443,0.01604612375901743
-0.7400000000000002,0.031031932215008273,0.000366050764557335,0.3033892837563001,0.015698991489782804
-0.7299999999999995,0.0303369592305316,0.0003799812938353221,0.30562741003021,0.015358470262183462
-0.7199999999999998,0.02965458484734125,0.0003944025249691569,0.307851260469853,0.015024493686155204
-0.71,0.028984660616209416,0.0004093301424780789,0.31006028483341613,0.014696995379343747
-0.7000000000000002,0.02832703774160119,0.00042478027055075143,0.3122539333667612,0.01437590900607597
-0.6899999999999995,0.027681567148336535,0.00044076948311513333,0.3144316570275974,0.014061168315725833
-0.6799999999999997,0.027048099546881765,0.0004573148140598576,0.3165929077108929,0.013752707180470811
-0.6699999999999999,0.026426485497261724,0.00047443376760662064,0.3187371384754016,0.013450459632434172
-0.6600000000000001,0.02581657547158769,0.0004921443288328931,0.32086380377117246,0.013154359900210293
-0.6499999999999995,0.02521821991519436,0.0005104649743441866,0.32297235966791443,0.012864342444769274
-0.6399999999999997,0.024631269306382486,0.0005294146830949357,0.32506226408408223,0.012580341994738712
-0.6299999999999999,0.02405557421476297,0.0005490129473569587,0.3271329770165545,0.012302293581059965
-0.6200000000000001,0.023490985358201367,0.0005692797838342526,0.3291839607707648,0.01203013257101781
-0.6099999999999994,0.022937353658360665,0.0005902357449227867,0.3312146801911531,0.011763794701641727
-0.5999999999999996,0.022394530294842882,0.0006119019301137731,0.3332246028917997,0.011503216112478327
-0.5899999999999999,0.021862366757929387,0.0006342999975387576,0.33521319948710615,0.011248333377734072
-0.5800000000000001,0.021340714899922786,0.0006574521756546766,0.33717994382238053,0.010999083537788732
-0.5700000000000003,0.020829426985092204,0.0006813812750668916,0.3391243132041921,0.010755404130079547
-0.5599999999999996,0.02032835573822582,0.0007061107004880375,0.3410457886303527,0.01051723321935693
-0.5499999999999998,0.019837354391795313,0.0007316644628303109,0.34294385501938396,0.010284509427312813
-0.54,0.019356276731736965,0.0007580671914287103,0.3448180014393334,0.010057171961582838
-0.5300000000000002,0.018884977141856187,0.0007853441463924686,0.3466677213357916,0.009835160644124328
-0.5199999999999996,0.01842331064686203,0.0008135212310818092,0.3484925127589746,0.00961841593897192
-0.5099999999999998,0.017971132954039633,0.0008426250047069028,0.3502918785897259,0.009406878979373267
-0.5,0.01752830049356854,0.0008726826950457602,0.3520653267642995,0.00920049159430715
-0.4900000000000002,0.017094670457496956,0.0009037222112775245,0.3538123704977797,0.008999196334387241
-0.47999999999999954,0.016670100837381043,0.0009357721569274813,0.3555325285059972,0.008802936497154263
-0.46999999999999975,0.016254450460600492,0.0009688618429198468,0.3572253252258009,0.00861165615176017
-0.45999999999999996,0.015847579025360818,0.0010030213007342376,0.35889029103354464,0.008425300163047527
-0.4500000000000002,0.015449347134395174,0.0010382812956614103,0.36052696246164795,0.008243814215028292
-0.4399999999999995,0.01505961632737743,0.0010746733401537367,0.36213488241309233,0.008067144833765583
-0.4299999999999997,0.014678249112060025,0.001112229707265567,0.3637136003737135,0.007895239409662797
-0.41999999999999993,0.014305108994149692,0.0011509834441784845,0.3652626726221539,0.0077280462191640885
-0.41000000000000014,0.013940060505935825,0.0011909683858061168,0.3667816624373361,0.007565514445870971
-0.39999999999999947,0.013582969233685602,0.001232219168473021,0.36827014030332345,0.007407594201079312
-0.3899999999999997,0.013233701843821355,0.0012747712436618351,0.3697276841114324,0.007254236543741595
-0.3799999999999999,0.012892126107895304,0.0013186608918227423,0.3711538793594661,0.007105393499859023
-0.3700000000000001,0.012558110926378211,0.0013639252362389036,0.3725483193479334,0.006961018081308557
-0.35999999999999943,0.012231526351277954,0.001410602256941386,0.3739106053731285,0.00682106430410967
-0.34999999999999964,0.01191224360760517,0.0014587308046667472,0.375240346916938,0.0066854872061359585
-0.33999999999999986,0.011600135113702562,0.0015083506148503075,0.376537161833254,0.006554242864276435
-0.33000000000000007,0.011295074500456135,0.0015595023216476915,0.37780067653086463,0.006427288411051914
-0.3200000000000003,0.010996936629405587,0.0016122274719771231,0.37903052615270166,0.006304582050691355
-0.3099999999999996,0.010705597609772173,0.001666568539574583,0.380226354751325,0.006186083074673378
-0.2999999999999998,0.010420934814422592,0.0017225689390536812,0.38138781546052414,0.006071751876738136
-0.29000000000000004,0.010142826894787078,0.0017802730399618788,0.38251457066292405,0.005961549967374478
-0.28000000000000025,0.009871153794751146,0.0018397261808242777,0.3836062921534785,0.0058554399877877115
-0.2699999999999996,0.009605796763539575,0.001900974683166082,0.3846626612987429,0.005753385723352829
-0.2599999999999998,0.009346638367612283,0.001964065865504376,0.3856833691918161,0.00565535211655833
-0.25,0.009093562501591053,0.002029048057299768,0.3866681168028493,0.00556130527944541
-0.2400000000000002,0.008846454398237232,0.002095970612857942,0.3876166151250141,0.005471212505547587
-0.22999999999999954,0.008605200637499661,0.0021648839251710663,0.38852858531583595,0.0053850422813353635
-0.21999999999999975,0.008369689154653023,0.002235839439688543,0.38940375883379047,0.0053027642971707825
-0.20999999999999996,0.008139809247546021,0.0023088896680064958,0.39024187757007434,0.005224349457776258
-0.20000000000000018,0.007915451582979969,0.0023840882014648404,0.3910426939754559,0.005149769892222405
-0.1899999999999995,0.007696508202237312,0.002461489724640705,0.3918059711821212,0.005078998963439009
-0.17999999999999972,0.007482872525780553,0.002541150028726526,0.39253148312042896,0.00501201127725354
-0.16999999999999993,0.007274439357141218,0.0026231260247810244,0.3932190146304972,0.004948782690961121
-0.16000000000000014,0.007071104886019449,0.0027074757568407003,0.3938683615685408,0.0048892903214300745
-0.14999999999999947,0.006872766690613966,0.0027942584148794524,0.39447933090788895,0.004833512552746709
-0.13999999999999968,0.00667932373920261,0.0028835343476034414,0.3950517408346113,0.004781429043403025
-0.1299999999999999,0.006490676390993364,0.002975365075068254,0.3955854208376874,0.004733020733030809
-0.1200000000000001,0.0063067263962659275,0.0030698133011047403,0.3960802117936561,0.004688269848685334
-0.10999999999999943,0.006127376895823678,0.003166942925540084,0.39653596604568586,0.004647159910681881
-0.09999999999999964,0.005952532419775849,0.0032668190561999247,0.3969525474770118,0.004609675737987887
-0.08999999999999986,0.005782098885669473,0.0033695080206774812,0.39732983157868834,0.004575803453173477
-0.08000000000000007,0.005615983595990969,0.003475077377854938,0.3976677055116089,0.004545530486922953
-0.07000000000000028,0.005454095235056556,0.0035835959291623588,0.39796606816275104,0.0045188455821094575
-0.05999999999999961,0.005296343865311011,0.0036951337295590384,0.39822483019560695,0.004495738797435024
-0.04999999999999982,0.005142640923053939,0.0038097620982218104,0.39844391409476404,0.004476201510637875
-0.040000000000000036,0.004992899213612376,0.003927553628924779,0.39862325420460504,0.004460226421268578
-0.03000000000000025,0.004847032905978953,0.0040485822000944265,0.39876279676209975,0.004447807553036689
-0.019999999999999574,0.004704957526933971,0.004172922984523966,0.3988624999236661,0.004438940255728968
-0.009999999999999787,0.004566589954670145,0.00430065245873045,0.39892233378608216,0.004433621206700298
0.0,0.0044318484119380075,0.0044318484119380075,0.3989422804014327,0.0044318484119380075
0.009999999999999787,0.00430065245873045,0.004566589954670145,0.39892233378608216,0.004433621206700298
0.020000000000000462,0.0041729229845239545,0.0047049575269339835,0.3988624999236661,0.004438940255728969
0.03000000000000025,0.0040485822000944265,0.004847032905978953,0.39876279676209975,0.004447807553036689
0.040000000000000036,0.003927553628924779,0.004992899213612376,0.39862325420460504,0.004460226421268578
0.04999999999999982,0.0038097620982218104,0.005142640923053939,0.39844391409476404,0.004476201510637875
0.0600000000000005,0.003695133729559029,0.0052963438653110245,0.3982248301956069,0.004495738797435027
0.07000000000000028,0.0035835959291623588,0.005454095235056556,0.39796606816275104,0.0045188455821094575
0.08000000000000007,0.003475077377854938,0.005615983595990969,0.3976677055116089,0.004545530486922953
0.08999999999999986,0.0033695080206774812,0.005782098885669473,0.39732983157868834,0.004575803453173477
0.10000000000000053,0.0032668190561999156,0.005952532419775864,0.39695254747701175,0.00460967573798789
0.11000000000000032,0.003166942925540075,0.006127376895823693,0.3965359660456858,0.004647159910681884
0.1200000000000001,0.0030698133011047403,0.0063067263962659275,0.3960802117936561,0.004688269848685334
0.1299999999999999,0.002975365075068254,0.006490676390993364,0.3955854208376874,0.004733020733030809
0.14000000000000057,0.002883534347603434,0.006679323739202627,0.3950517408346112,0.0047814290434030305
0.15000000000000036,0.0027942584148794424,0.006872766690613978,0.3944793309078889,0.00483351255274671
0.16000000000000014,0.0027074757568407003,0.007071104886019449,0.3938683615685408,0.0048892903214300745
0.16999999999999993,0.0026231260247810244,0.007274439357141218,0.3932190146304972,0.004948782690961121
0.17999999999999972,0.002541150028726526,0.007482872525780553,0.39253148312042896,0.00501201127725354
0.1900000000000004,0.0024614897246406984,0.007696508202237331,0.39180597118212107,0.005078998963439015
0.20000000000000018,0.0023840882014648404,0.007915451582979969,0.3910426939754559,0.005149769892222405
0.20999999999999996,0.0023088896680064958,0.008139809247546021,0.39024187757007434,0.005224349457776258
0.21999999999999975,0.002235839439688543,0.008369689154653023,0.38940375883379047,0.0053027642971707825
0.23000000000000043,0.0021648839251710585,0.008605200637499685,0.3885285853158359,0.005385042281335372
0.2400000000000002,0.002095970612857942,0.008846454398237232,0.3876166151250141,0.005471212505547587
0.25,0.002029048057299768,0.009093562501591053,0.3866681168028493,0.00556130527944541
0.2599999999999998,0.001964065865504376,0.009346638367612283,0.3856833691918161,0.00565535211655833
0.27000000000000046,0.0019009746831660768,0.009605796763539596,0.38466266129874277,0.005753385723352837
0.28000000000000025,0.0018397261808242777,0.009871153794751146,0.3836062921534785,0.0058554399877877115
0.29000000000000004,0.0017802730399618788,0.010142826894787078,0.38251457066292405,0.005961549967374478
0.2999999999999998,0.0017225689390536812,0.010420934814422592,0.38138781546052414,0.006071751876738136
0.3100000000000005,0.0016665685395745784,0.010705597609772197,0.3802263547513249,0.0061860830746733875
0.3200000000000003,0.0016122274719771231,0.010996936629405587,0.37903052615270166,0.006304582050691355
0.33000000000000007,0.0015595023216476915,0.011295074500456135,0.37780067653086463,0.006427288411051914
0.33999999999999986,0.0015083506148503075,0.011600135113702562,0.376537161833254,0.006554242864276435
0.35000000000000053,0.0014587308046667433,0.011912243607605197,0.37524034691693786,0.00668548720613597
0.3600000000000003,0.0014106022569413826,0.012231526351277989,0.37391060537312837,0.006821064304109685
0.3700000000000001,0.0013639252362389036,0.012558110926378211,0.3725483193479334,0.006961018081308557
0.3799999999999999,0.0013186608918227423,0.012892126107895304,0.3711538793594661,0.007105393499859023
0.39000000000000057,0.0012747712436618306,0.013233701843821387,0.3697276841114323,0.007254236543741609
0.40000000000000036,0.0012322191684730178,0.013582969233685634,0.3682701403033233,0.007407594201079326
0.41000000000000014,0.0011909683858061168,0.013940060505935825,0.3667816624373361,0.007565514445870971
0.41999999999999993,0.0011509834441784845,0.014305108994149692,0.3652626726221539,0.0077280462191640885
0.4299999999999997,0.001112229707265567,0.014678249112060025,0.3637136003737135,0.007895239409662797
0.4400000000000004,0.0010746733401537337,0.015059616327377472,0.3621348824130922,0.008067144833765603
0.4500000000000002,0.0010382812956614103,0.015449347134395174,0.36052696246164795,0.008243814215028292
0.45999999999999996,0.0010030213007342376,0.015847579025360818,0.35889029103354464,0.008425300163047527
0.46999999999999975,0.0009688618429198468,0.016254450460600492,0.3572253252258009,0.00861165615176017
0.4800000000000004,0.000935772156927478,0.016670100837381078,0.35553252850599704,0.008802936497154279
0.4900000000000002,0.0009037222112775245,0.017094670457496956,0.3538123704977797,0.008999196334387241
0.5,0.0008726826950457602,0.01752830049356854,0.3520653267642995,0.00920049159430715
0.5099999999999998,0.0008426250047069028,0.017971132954039633,0.3502918785897259,0.009406878979373267
0.5200000000000005,0.0008135212310818069,0.018423310646862073,0.34849251275897447,0.00961841593897194
0.5300000000000002,0.0007853441463924686,0.018884977141856187,0.3466677213357916,0.009835160644124328
0.54,0.0007580671914287103,0.019356276731736965,0.3448180014393334,0.010057171961582838
0.5499999999999998,0.0007316644628303109,0.019837354391795313,0.34294385501938396,0.010284509427312813
0.5600000000000005,0.000706110700488035,0.020328355738225855,0.3410457886303525,0.010517233219356945
0.5700000000000003,0.0006813812750668916,0.020829426985092204,0.3391243132041921,0.010755404130079547
0.5800000000000001,0.0006574521756546766,0.021340714899922786,0.33717994382238053,0.010999083537788732
0.5899999999999999,0.0006342999975387576,0.021862366757929387,0.33521319948710615,0.011248333377734072
0.6000000000000005,0.0006119019301137709,0.02239453029484293,0.33322460289179956,0.011503216112478351
0.6100000000000003,0.0005902357449227851,0.022937353658360717,0.3312146801911529,0.011763794701641751
0.6200000000000001,0.0005692797838342526,0.023490985358201367,0.3291839607707648,0.01203013257101781
0.6299999999999999,0.0005490129473569587,0.02405557421476297,0.3271329770165545,0.012302293581059965
0.6400000000000006,0.0005294146830949338,0.02463126930638253,0.325062264084082,0.012580341994738732
0.6500000000000004,0.0005104649743441847,0.025218219915194417,0.3229723596679142,0.0128643424447693
0.6600000000000001,0.0004921443288328931,0.02581657547158769,0.32086380377117246,0.013154359900210293
0.6699999999999999,0.00047443376760662064,0.026426485497261724,0.3187371384754016,0.013450459632434172
0.6799999999999997,0.0004573148140598576,0.027048099546881765,0.3165929077108929,0.013752707180470811
0.6900000000000004,0.00044076948311513176,0.027681567148336594,0.31443165702759723,0.014061168315725863
0.7000000000000002,0.00042478027055075143,0.02832703774160119,0.3122539333667612,0.01437590900607597
0.71,0.0004093301424780789,0.028984660616209416,0.31006028483341613,0.014696995379343747
0.7199999999999998,0.0003944025249691569,0.02965458484734125,0.307851260469853,0.015024493686155204
0.7300000000000004,0.0003799812938353208,0.030336959230531667,0.3056274100302098,0.015358470262183494
0.7400000000000002,0.000366050764557335,0.031031932215008273,0.3033892837563001,0.015698991489782804
0.75,0.00035259568236744546,0.03173965183566742,0.30113743215480443,0.01604612375901743
0.7599999999999998,0.0003396012124836548,0.032460265643697445,0.29887240577595287,0.01639993342809055
0.7700000000000005,0.0003270529304963744,0.03319392063586115,0.29659475499381566,0.016760486783178763
0.7800000000000002,0.00031493681290752155,0.033940763182449214,0.2943050297883251,0.017127849997678368
0.79,0.0003032392278220042,0.03470093895391882,0.2920037795291414,0.01750208909087041
0.7999999999999998,0.00029194692579146027,0.035474592846231424,0.28969155276148284,0.01788326988601144
0.8100000000000005,0.00028104703080998584,0.03626186890490626,0.28736889699402823,0.01827145796785812
0.8200000000000003,0.0002705270314615208,0.03706291024780651,0.28503635848900716,0.018666718639634015
0.8300000000000001,0.00026037477221844247,0.03787785898667748,0.28269448205458025,0.019069116879447963
0.8399999999999999,0.00025057844489086075,0.03870685614745561,0.2803438108396206,0.019478717296173235
0.8500000000000005,0.00024112658022599305,0.03955004158937026,0.27798488613099637,0.019895584084798128
0.8600000000000003,0.00023200803965694195,0.04040755392286034,0.2756182471534566,0.020319780981258643
0.8700000000000001,0.0002232120072001021,0.041279530426330424,0.2732444308722162,0.020751371216765263
0.8799999999999999,0.00021472798150036704,0.04216610696177031,0.27086397179833804,0.021190417471635338
0.8900000000000006,0.00020654576802322513,0.043067417889265776,0.26847740179700225,0.0216369818286445
0.9000000000000004,0.00019865547139277237,0.04398359598042723,0.26608524989875476,0.022091125725910002
0.9100000000000001,0.00019104748787459762,0.0449147723307671,0.26368804211381813,0.022552909909320847
0.9199999999999999,0.0001837124980024571,0.045861076271054894,0.26128630124955315,0.023022394384528674
0.9300000000000006,0.0001766414593475706,0.04682263527768321,0.2588805467311487,0.02349963836851539
0.9400000000000004,0.0001698255994293433,0.047799574882077075,0.2564712944256203,0.02398470024075321
0.9500000000000002,0.00016325640876624202,0.04879201857918277,0.25405905646918897,0.024477637493974507
0.96,0.00015692563406553226,0.049800087735070775,0.2516443410981171,0.024978506684568153
0.9699999999999998,0.00015082527155051807,0.05082390149369116,0.249227652483066,0.02548736338262084
0.9800000000000004,0.00014494756042389079,0.051863576682820614,0.24680949056704266,0.026004262121622254
0.9900000000000002,0.00013928497646575994,0.05291922771924032,0.24439035090699954,0.02652925634785304
1.0,0.00013383022576488537,0.05399096651318806,0.24197072451914337,0.027062398369476475
1.0099999999999998,0.00012857623858162108,0.055078902372125746,0.23955109772801342,0.027603739305353682
1.0199999999999996,0.00012351616334102368,0.05618314190386799,0.2371319520193797,0.02815332903360451
1.0299999999999994,0.0001186433607545662,0.057303788919117055,0.23471376389701198,0.02871121613993581
1.040000000000001,0.00011395139806886421,0.05844094433345157,0.23229700474336598,0.029277447865760215
1.0500000000000007,0.00010943404343980016,0.059594706068816165,0.22988214068423285,0.029852070056127982
1.0600000000000005,0.00010508526043040012,0.06076516895456484,0.22746963245738577,0.030435127107497618
1.0700000000000003,0.00010089920263081443,0.0619524246281052,0.22505993528526957,0.031026661915368008
1.08,9.687020839871927e-05,0.06315656143519865,0.22265349875176116,0.031626715821798684
1.0899999999999999,9.299279571844591e-05,0.06437766432996934,0.22025076668303337,0.0322353285628439
1.0999999999999996,8.926165717713293e-05,0.06561581477467655,0.21785217703255064,0.032852538215926846
1.1099999999999994,8.567165505618216e-05,0.06687109063930707,0.21545816177021987,0.03347838114718163
1.120000000000001,8.221781653628556e-05,0.0681435661010447,0.21306914677571767,0.0341128919587905
1.1300000000000008,7.889532901429282e-05,0.0694333115436743,0.2106855517360151,0.0347561034363443
1.1400000000000006,7.569953553016094e-05,0.07074039345698346,0.20830779004710823,0.03540804649625681
1.1500000000000004,7.262593030225234e-05,0.07206487433621804,0.20593626871997467,0.03606875013326015
1.1600000000000001,6.967015436921434e-05,0.07340681258165692,0.2035713882907594,0.03673824136801307
1.17,6.682799133669061e-05,0.0747662623983676,0.2012135427351974,0.037416545194852144
1.1799999999999997,6.40953632271061e-05,0.07614327369620728,0.19886311938727597,0.03810368452971719
1.1899999999999995,6.146832643076943e-05,0.07753789199013392,0.19652049886213666,0.03879968015828234
1.1999999999999993,5.894306775654006e-05,0.07895015830089407,0.19418605498321312,0.039504550684325304
1.2100000000000009,5.6515900580307204e-05,0.0803801090561543,0.19186015471359918,0.0402183124783673
1.2200000000000006,5.418326108953996e-05,0.0818277759921429,0.1895431580916401,0.04094097962661622
1.2300000000000004,5.1941704622159776e-05,0.08329318605587455,0.18723541817072945,0.041672563880248356
1.2400000000000002,4.978790209801209e-05,0.08477636130802226,0.18493728096330525,0.042413074605060136
1.25,4.771863654120495e-05,0.08627731882651153,0.18264908538902191,0.04316251873152637
1.2599999999999998,4.5730799691601314e-05,0.0877960706109056,0.18037116322708038,0.043920900705298596
1.2699999999999996,4.382138870375812e-05,0.08933262348765493,0.1781038390726937,0.04468822243817935
1.2799999999999994,4.198750293161747e-05,0.09088697901628276,0.17584743029766253,0.04546448325960719
1.290000000000001,4.022634079726483e-05,0.09245913339658081,0.1736022470150328,0.04624967986868904
1.3000000000000007,3.8535196742086994e-05,0.09404907737688704,0.1713685920478072,0.047043806286814566
1.3100000000000005,3.6911458258666067e-05,0.09565679616352409,0.1691467609016723,0.04784685381089138
1.3200000000000003,3.5352603001773097e-05,0.09728226933146754,0.16693704174171375,0.04865881096723466
1.33,3.385619597682789e-05,0.09892547073632373,0.1647397153730768,0.04947966346615028
1.3399999999999999,3.241988680421378e-05,0.10058636842769056,0.16255505522553418,0.05030939415724739
1.3499999999999996,3.1041407057850266e-05,0.10226492456397797,0.16038332734191968,0.05114798298551791
1.3599999999999994,2.9718567676442307e-05,0.1039610953287641,0.1582247903703832,0.051995406948220274
1.370000000000001,2.8449256445844206e-05,0.1056748308487638,0.15607969556042067,0.05285164005260483
1.3800000000000008,2.7231435550992514e-05,0.10740607511348398,0.15394828676263353,0.05371665327451748
1.3900000000000006,2.6063139195878254e-05,0.1091547658966475,0.15183080043216157,0.05459041451792169
1.4000000000000004,2.4942471290053535e-05,0.11092083467945564,0.1497274656357448,0.055472888575372845
1.4100000000000001,2.38676032001796e-05,0.1127042065757706,0.1476385040623557,0.05636403708948539
1.42,2.283677156514692e-05,0.11450480025929236,0.1455641300373476,0.05726381851542875
1.4299999999999997,2.184827617331647e-05,0.11632252789280703,0.14350455054006248,0.05817218808449017
1.4399999999999995,2.090047790045048e-05,0.11815729505958221,0.14145996522483892,0.05908909776874133
1.4499999999999993,1.9991796706922862e-05,0.12000900069698547,0.13943056644536045,0.0600144962468462
1.4600000000000009,1.912070969281767e-05,0.12187753703240194,0.1374165392822816,0.060948328871047376
1.4700000000000006,1.8285749209547316e-05,0.12376278952152325,0.13541806157407116,0.0618905376353664
1.4800000000000004,1.748550102663914e-05,0.12566463678908824,0.13343530395100223,0.06284106114505744
1.4900000000000002,1.671860255236507e-05,0.12758295057214192,0.13146842987223098,0.06379983458734714
1.5,1.5983741106905478e-05,0.12951759566589174,0.12951759566589174,0.06476678970349932
1.5099999999999998,1.527965224676162e-05,0.13146842987223098,0.12758295057214192,0.06574185476223887
1.5199999999999996,1.4605118139152942e-05,0.13343530395100223,0.12566463678908824,0.0667249545345707
1.5299999999999994,1.3958965985154821e-05,0.13541806157407116,0.12376278952152325,0.06771601027002816
1.540000000000001,1.3340066490355767e-05,0.13741653928228195,0.12187753703240159,0.06871493967438616
1.5500000000000007,1.2747332381833396e-05,0.13943056644536045,0.12000900069698547,0.06972165688887114
1.5600000000000005,1.2179716970268657e-05,0.14145996522483892,0.11815729505958221,0.07073607247090459
1.5700000000000003,1.1636212756042669e-05,0.14350455054006248,0.11632252789280703,0.07175809337640926
1.58,1.111585007817779e-05,0.1455641300373476,0.11450480025929236,0.0727876229437129
1.5899999999999999,1.0617695805008393e-05,0.1476385040623557,0.1127042065757706,0.07382456087908036
1.5999999999999996,1.014085206548676e-05,0.1497274656357448,0.11092083467945564,0.07486880324390514
1.6099999999999994,9.684455020051471e-06,0.15183080043216157,0.1091547658966475,0.07592024244359082
1.620000000000001,9.24767367000557e-06,0.15394828676263392,0.10740607511348366,0.07697876721815196
1.6300000000000008,8.82970870437405e-06,0.15607969556042103,0.1056748308487635,0.0780442626345627
1.6400000000000006,8.429791383228743e-06,0.1582247903703832,0.1039610953287641,0.07911661008088322
1.6500000000000004,8.047182456492295e-06,0.16038332734191968,0.10226492456397797,0.08019568726218809
1.6600000000000001,7.681171117250455e-06,0.16255505522553418,0.10058636842769056,0.08128136819832571
1.67,7.331073988623946e-06,0.1647397153730768,0.09892547073632373,0.08237352322353271
1.6799999999999997,6.996234143270405e-06,0.16693704174171375,0.09728226933146754,0.08347201898792851
1.6899999999999995,6.676020154607485e-06,0.1691467609016723,0.09565679616352409,0.08457671846091346
1.700000000000001,6.369825178867069e-06,0.1713685920478076,0.09404907737688677,0.08568748093649324
1.7100000000000009,6.077066067111094e-06,0.1736022470150332,0.09245913339658055,0.08680416204055016
1.7200000000000006,5.797182506357267e-06,0.17584743029766253,0.09088697901628276,0.08792661374008444
1.7300000000000004,5.529636188984052e-06,0.1781038390726937,0.08933262348765493,0.08905468435444135
1.7400000000000002,5.273910009601304e-06,0.18037116322708038,0.0877960706109056,0.09018821856854499
1.75,5.029507288592446e-06,0.18264908538902191,0.08627731882651153,0.09132705744815525
1.7599999999999998,4.795951021552522e-06,0.18493728096330525,0.08477636130802226,0.0924710384571634
1.7699999999999996,4.5727831538641446e-06,0.18723541817072945,0.08329318605587455,0.09361999547694165
1.7799999999999994,4.359563879671653e-06,0.1895431580916401,0.0818277759921429,0.09477375882775989
1.790000000000001,4.155870964531179e-06,0.1918601547135996,0.08038010905615403,0.09593215529228206
1.8000000000000007,3.961299091032062e-06,0.19418605498321312,0.07895015830089407,0.09709500814115207
1.8100000000000005,3.7754592267013287e-06,0.19652049886213666,0.07753789199013392,0.09826213716068168
1.8200000000000003,3.5979780135212474e-06,0.19886311938727597,0.07614327369620728,0.09943335868264475
1.83,3.428497178405039e-06,0.2012135427351974,0.0747662623983676,0.1006084856161879
1.8399999999999999,3.266672963993275e-06,0.2035713882907594,0.07340681258165692,0.1017873274818617
1.8499999999999996,3.112175579148945e-06,0.20593626871997467,0.07206487433621804,0.10296969044777692
1.8599999999999994,2.9646886685452835e-06,0.20830779004710823,0.07074039345698346,0.10415537736788838
1.870000000000001,2.823908800755811e-06,0.21068555173601555,0.06943331154367408,0.10534418782240815
1.8800000000000008,2.6895449742715136e-06,0.21306914677571806,0.06814356610104448,0.10653591816034616
1.8900000000000006,2.5613181408845308e-06,0.21545816177021987,0.06687109063930707,0.10773036154418038
1.9000000000000004,2.438960745893352e-06,0.21785217703255064,0.06561581477467655,0.10892730799664826
1.9100000000000001,2.322216284597997e-06,0.22025076668303337,0.06437766432996934,0.11012654444965898
1.92,2.2108388745684212e-06,0.22265349875176116,0.06315656143519865,0.11132785479531786
1.9299999999999997,2.10459284318313e-06,0.22505993528526957,0.0619524246281052,0.11253101993905638
1.9399999999999995,2.0032523299485e-06,0.22746963245738577,0.06076516895456484,0.11373581785485785
1.950000000000001,1.9066009031228008e-06,0.2298821406842333,0.05959470606881594,0.11494202364256821
1.9600000000000009,1.814431190182024e-06,0.23229700474336643,0.05844094433345137,0.1161494095872783
1.9700000000000006,1.7265445216770645e-06,0.23471376389701198,0.057303788919117055,0.11735774522076683
1.9800000000000004,1.6427505880450713e-06,0.2371319520193797,0.05618314190386799,0.11856679738498387
1.9900000000000002,1.5628671089492902e-06,0.23955109772801342,0.055078902372125746,0.11977633029756118
2.0,1.4867195147342979e-06,0.24197072451914337,0.05399096651318806,0.12098610561932904
2.01,1.4141406395950037e-06,0.24439035090699954,0.05291922771924032,0.12219588252381956
2.0199999999999996,1.3449704260694445e-06,0.24680949056704266,0.051863576682820614,0.12340541776873436
2.0299999999999994,1.2790556404765788e-06,0.24922765248306578,0.05082390149369125,0.12461446576935313
2.040000000000001,1.2162495989313138e-06,0.25164434109811734,0.049800087735070685,0.12582277867385813
2.0500000000000007,1.156411903579777e-06,0.2540590564691892,0.04879201857918268,0.12703010644054638
2.0600000000000005,1.0994081887082011e-06,0.2564712944256205,0.047799574882076964,0.1282361969169046
2.0700000000000003,1.0451098763893177e-06,0.2588805467311489,0.04682263527768313,0.12944079592051264
2.08,9.93393941339912e-07,0.26128630124955315,0.045861076271054894,0.13064364732174724
2.09,9.441426846730874e-07,0.26368804211381813,0.0449147723307671,0.13184449312825142
2.0999999999999996,8.972435162383337e-07,0.26608524989875476,0.04398359598042723,0.1330430735711355
2.1099999999999994,8.525887452517891e-07,0.26847740179700225,0.043067417889265776,0.13423912719287376
2.120000000000001,8.100753789281301e-07,0.27086397179833827,0.042166106961770235,0.1354323909368586
2.130000000000001,7.696049288345102e-07,0.27324443087221645,0.04127953042633033,0.13662260023857264
2.1400000000000006,7.310832246953464e-07,0.27561824715345684,0.04040755392286025,0.13780948911834076
2.1500000000000004,6.944202353855339e-07,0.2779848861309966,0.03955004158937019,0.13899279027561598
2.16,6.595298968575217e-07,0.2803438108396206,0.03870685614745561,0.14017223518475874
2.17,6.263299467558902e-07,0.28269448205458025,0.03787785898667748,0.1413475541922635
2.1799999999999997,5.947417654807764e-07,0.28503635848900716,0.03706291024780651,0.14251847661538633
2.1899999999999995,5.64690223469078e-07,0.28736889699402823,0.03626186890490626,0.14368473084212585
2.200000000000001,5.361035344697595e-07,0.289691552761483,0.03547459284623136,0.14484604443250873
2.210000000000001,5.089131145967631e-07,0.29200377952914164,0.034700938953918764,0.14600214422112812
2.2200000000000006,4.830534469499656e-07,0.2943050297883253,0.03394076318244915,0.14715275642088613
2.2300000000000004,4.584619516015329e-07,0.2965947549938158,0.033193920635861095,0.14829760672788372
2.24,4.350788607515109e-07,0.29887240577595287,0.032460265643697445,0.14943642042740682
2.25,4.1284709886299984e-07,0.30113743215480443,0.03173965183566742,0.15056892250095164
2.26,3.9171216759348166e-07,0.3033892837563001,0.031031932215008273,0.15169483773423384
2.2699999999999996,3.7162203534495063e-07,0.3056274100302098,0.030336959230531667,0.1528138908261226
2.2799999999999994,3.5252703126140567e-07,0.3078512604698528,0.029654584847341316,0.15392580649844204
2.290000000000001,3.3437974350797887e-07,0.31006028483341636,0.028984660616209364,0.15503030960657993
2.3000000000000007,3.1713492167159643e-07,0.31225393336676144,0.02832703774160112,0.15612712525084155
2.3100000000000005,3.007493831283822e-07,0.3144316570275974,0.027681567148336535,0.15721597888849026
2.3200000000000003,2.851819232283976e-07,0.3165929077108929,0.027048099546881765,0.15829659644640806
2.33,2.7039322915329305e-07,0.3187371384754016,0.026426485497261724,0.15936870443431536
2.34,2.5634579730745934e-07,0.32086380377117246,0.02581657547158769,0.1604320300584849
2.3499999999999996,2.4300385410805355e-07,0.3229723596679142,0.025218219915194417,0.16148630133588415
2.3599999999999994,2.3033328004392187e-07,0.325062264084082,0.02463126930638253,0.16253124720868103
2.370000000000001,2.1830153687797774e-07,0.3271329770165547,0.02405557421476292,0.1635665976590458
2.380000000000001,2.068775978719644e-07,0.32918396077076495,0.02349098535820131,0.16459208382418142
2.3900000000000006,1.9603188091675652e-07,0.3312146801911531,0.022937353658360665,0.16560743811151699
2.4000000000000004,1.8573618445552897e-07,0.3332246028917997,0.022394530294842882,0.16661239431399208
2.41,1.7596362609104592e-07,0.33521319948710615,0.021862366757929387,0.16760668772536613
2.42,1.6668858377222828e-07,0.33717994382238053,0.021340714899922786,0.16859005525548215
2.4299999999999997,1.5788663945889064e-07,0.3391243132041921,0.020829426985092204,0.1695622355454158
2.4399999999999995,1.4953452516715999e-07,0.3410457886303525,0.020328355738225855,0.17052296908243883
2.450000000000001,1.4161007130161102e-07,0.3429438550193841,0.019837354391795278,0.1714719983147277
2.460000000000001,1.3409215718354682e-07,0.34481800143933355,0.019356276731736923,0.17240906776574538
2.4700000000000006,1.2696066368812863e-07,0.34666772133579177,0.018884977141856146,0.17333392414822774
2.4800000000000004,1.201964279062823e-07,0.3484925127589746,0.01842331064686203,0.17424631647770125
2.49,1.1378119975034591e-07,0.3502918785897259,0.017971132954039633,0.1751459961854628
2.5,1.0769760042543276e-07,0.3520653267642995,0.01752830049356854,0.17603271723095
2.51,1.0192908269135293e-07,0.3538123704977797,0.017094670457496956,0.17690623621343118
2.5199999999999996,9.645989284273384e-08,0.35553252850599704,0.016670100837381078,0.17776631248294494
2.5299999999999994,9.127503433766526e-08,0.3572253252258007,0.016254450460600527,0.17861270825041753
2.540000000000001,8.636023300780942e-08,0.35889029103354475,0.015847579025360783,0.17944518869688889
2.5500000000000007,8.170190378543175e-08,0.3605269624616481,0.015449347134395141,0.18026352208177596
2.5600000000000005,7.728711888522879e-08,0.36213488241309233,0.01505961632737743,0.1810674798501056
2.5700000000000003,7.310357738120935e-08,0.3637136003737135,0.014678249112060025,0.18185683673864542
2.58,6.913957612112398e-08,0.3652626726221539,0.014305108994149692,0.182631370880865
2.59,6.538398192315145e-08,0.3667816624373361,0.013940060505935825,0.18339086391065904
2.5999999999999996,6.182620500165857e-08,0.3682701403033233,0.013582969233685634,0.18413510106476413
2.6099999999999994,5.845617357090082e-08,0.3697276841114323,0.013233701843821387,0.18486387128380294
2.620000000000001,5.526430957749686e-08,0.37115387935946614,0.012892126107895276,0.18557696731188786
2.630000000000001,5.2241505514424096e-08,0.37254831934793353,0.012558110926378178,0.18627418579471952
2.6400000000000006,4.937910227110423e-08,0.3739106053731285,0.012231526351277954,0.18695532737611537
2.6500000000000004,4.666886797594257e-08,0.375240346916938,0.01191224360760517,0.18762019679290298
2.66,4.410297778937308e-08,0.376537161833254,0.011600135113702562,0.18826860296811587
2.67,4.167399460712351e-08,0.37780067653086463,0.011295074500456135,0.1889003591024296
2.6799999999999997,3.9374850634998504e-08,0.37903052615270166,0.010996936629405587,0.18951528276377616
2.6899999999999995,3.7198829798016166e-08,0.3802263547513249,0.010705597609772197,0.19011319597507734
2.700000000000001,3.5139550948204215e-08,0.38138781546052425,0.010420934814422567,0.1906939253000376
2.710000000000001,3.319095183679526e-08,0.38251457066292416,0.010142826894787054,0.191257301926938
2.7200000000000006,3.1347273817919565e-08,0.38360629215347863,0.009871153794751123,0.19180316175037623
2.7300000000000004,2.960304725223005e-08,0.3846626612987429,0.009605796763539575,0.19233134545089506
2.74,2.795307758015465e-08,0.3856833691918161,0.009346638367612283,0.19284169857244685
2.75,2.6392432035705735e-08,0.3866681168028493,0.009093562501591053,0.19333407159764066
2.76,2.4916426972950992e-08,0.3876166151250141,0.008846454398237232,0.19380832002072054
2.7699999999999996,2.352061577839084e-08,0.3885285853158359,0.008605200637499685,0.19426430441822584
2.7799999999999994,2.2200777343579092e-08,0.3894037588337904,0.008369689154653045,0.19470189051728387
2.790000000000001,2.0952905073376898e-08,0.3902418775700744,0.008139809247546004,0.19512094926148973
2.8000000000000007,1.9773196406244602e-08,0.391042693975456,0.007915451582979946,0.1955213568743262
2.8100000000000005,1.8658042823946112e-08,0.3918059711821212,0.007696508202237312,0.195902994920082
2.8200000000000003,1.7604020328985783e-08,0.39253148312042896,0.007482872525780553,0.19626575036222466
2.83,1.6607880368992047e-08,0.3932190146304972,0.007274439357141218,0.19660951561918877
2.84,1.5666541188132572e-08,0.3938683615685408,0.007071104886019449,0.196934188617541
2.8499999999999996,1.4777079586480055e-08,0.3944793309078889,0.006872766690613978,0.19723967284248423
2.8599999999999994,1.393672306904749e-08,0.3950517408346112,0.006679323739202627,0.19752587738566713
2.870000000000001,1.3142842366982095e-08,0.39558542083768744,0.006490676390993347,0.1977927169902649
2.880000000000001,1.239294431415004e-08,0.3960802117936561,0.006306726396265911,0.19804011209330022
2.8900000000000006,1.1684665063049828e-08,0.39653596604568586,0.006127376895823678,0.19826798886517547
2.9000000000000004,1.1015763624682308e-08,0.3969525474770118,0.005952532419775849,0.19847627924638772
2.91,1.0384115717656327e-08,0.39732983157868834,0.005782098885669473,0.19866492098140204
2.92,9.78770791244118e-09,0.3976677055116089,0.005615983595990969,0.1988338576496584
2.9299999999999997,9.22463205728272e-09,0.39796606816275104,0.005454095235056556,0.19898303869369155
2.9399999999999995,8.693079972880236e-09,0.3982248301956069,0.0052963438653110245,0.19911241944434344
2.950000000000001,8.191338403479144e-09,0.39844391409476404,0.005142640923053925,0.1992219611430512
2.960000000000001,7.717784212570474e-09,0.39862325420460504,0.0049928992136123625,0.1993116309611946
2.9700000000000006,7.270879811900055e-09,0.39876279676209975,0.0048470329059789406,0.19938140201648977
2.9800000000000004,6.8491688129857586e-09,0.3988624999236661,0.004704957526933971,0.19943125338641746
2.99,6.451271890811751e-09,0.39892233378608216,0.004566589954670145,0.19946117011867703
3.0,6.075882849823286e-09,0.3989422804014327,0.0044318484119380075,0.19947114323865778
3.01,5.7217648827798965e-09,0.39892233378608216,0.00430065245873045,0.19946116975392353
3.0199999999999996,5.38774701344276e-09,0.3988624999236661,0.004172922984523966,0.19943125265570658
3.0299999999999994,5.072720714470499e-09,0.39876279676209975,0.004048582200094437,0.19938140091741022
3.040000000000001,4.775636692282242e-09,0.39862325420460504,0.0039275536289247685,0.19931162949012088
3.0500000000000007,4.495501831013229e-09,0.39844391409476404,0.0038097620982218004,0.19922195929513292
3.0600000000000005,4.231376288039878e-09,0.3982248301956069,0.003695133729559029,0.1991124172134916
3.0700000000000003,3.982370733890178e-09,0.39796606816275104,0.0035835959291623588,0.19898303607256088
3.08,3.747643729676039e-09,0.3976677055116089,0.003475077377854938,0.19883385462962633
3.09,3.526399235495381e-09,0.39732983157868834,0.0033695080206774812,0.19866491755254378
3.0999999999999996,3.317884243547305e-09,0.3969525474770118,0.0032668190561999247,0.19847627539744803
3.1099999999999994,3.121386529987659e-09,0.39653596604568586,0.003166942925540084,0.1982679845835362
3.120000000000001,2.93623251982391e-09,0.3960802117936561,0.0030698133011047325,0.19804010736494432
3.130000000000001,2.7617852594085806e-09,0.3955854208376874,0.0029753650750682457,0.19779271179973631
3.1400000000000006,2.5974424913385315e-09,0.3950517408346112,0.002883534347603434,0.19752587171602684
3.1500000000000004,2.4426348268070445e-09,0.3944793309078889,0.0027942584148794424,0.19723966667526185
3.16,2.2968240106821186e-09,0.3938683615685408,0.0027074757568407003,0.19693418193268242
3.17,2.159501274803154e-09,0.3932190146304972,0.0026231260247810244,0.19660950839499924
3.1799999999999997,2.0301857751968056e-09,0.39253148312042896,0.002541150028726526,0.19626574257530738
3.1899999999999995,1.908423109111866e-09,0.3918059711821212,0.002461489724640705,0.19590298654527213
3.200000000000001,1.7937839079640732e-09,0.3910426939754559,0.0023840882014648343,0.1955213478846199
3.210000000000001,1.6858625024641888e-09,0.3902418775700742,0.0023088896680064897,0.19512093962796836
3.2200000000000006,1.5842756563764439e-09,0.3894037588337904,0.0022358394396885346,0.19470188020903303
3.2300000000000004,1.488661365522016e-09,0.3885285853158359,0.0021648839251710585,0.19426429340224863
3.24,1.3986777188006127e-09,0.3876166151250141,0.002095970612857942,0.19380830826184592
3.25,1.314001818155884e-09,0.3866681168028493,0.002029048057299768,0.19333405905842554
3.26,1.2343287545556327e-09,0.3856833691918161,0.001964065865504376,0.19284168521307243
3.2699999999999996,1.159370637196701e-09,0.3846626612987429,0.001900974683166082,0.19233133122905677
3.2799999999999994,1.088855673277068e-09,0.38360629215347863,0.0018397261808242825,0.19180314662116715
3.290000000000001,1.0225272958043955e-09,0.382514570662924,0.001780273039961872,0.19125728584272564
3.3000000000000007,9.601433370312266e-10,0.3813878154605241,0.0017225689390536767,0.19069390821033372
3.3100000000000005,9.014752452224551e-10,0.3802263547513249,0.0016665685395745784,0.19011317782640005
3.3200000000000003,8.463073425711156e-10,0.37903052615270166,0.0016122274719771231,0.1895152634995045
3.33,7.944361221836016e-10,0.37780067653086463,0.0015595023216476915,0.18890033866265038
3.34,7.456695821558504e-10,0.376537161833254,0.0015083506148503075,0.18826858128946178
3.3499999999999996,6.998265948579804e-10,0.375240346916938,0.0014587308046667472,0.18762017380838228
3.3599999999999994,6.567363096361127e-10,0.3739106053731285,0.001410602256941386,0.1869553030149324
3.370000000000001,6.162375872274072e-10,0.3725483193479333,0.0013639252362389,0.18627415998208544
3.380000000000001,5.781784642675601e-10,0.3711538793594659,0.0013186608918227375,0.18557693996882219
3.3900000000000006,5.424156463490528e-10,0.3697276841114323,0.0012747712436618306,0.184863842326924
3.4000000000000004,5.088140281645039e-10,0.3682701403033233,0.0012322191684730178,0.18413507040606866
3.41,4.772462393411402e-10,0.3667816624373361,0.0011909683858061168,0.18339083145729118
3.42,4.4759221464136907e-10,0.3652626726221539,0.0011509834441784845,0.18263133653487307
3.4299999999999997,4.1973878726988887e-10,0.3637136003737135,0.001112229707265567,0.18185680039672614
3.4399999999999995,3.935793040901454e-10,0.36213488241309233,0.0010746733401537367,0.1810674414033358
3.450000000000001,3.690132616124541e-10,0.3605269624616478,0.0010382812956614077,0.18026348141533052
3.460000000000001,3.4594596167278194e-10,0.3588902910335445,0.0010030213007342348,0.1794451456897452
3.4700000000000006,3.242881857750582e-10,0.3572253252258007,0.0009688618429198442,0.17861266277504445
3.4800000000000004,3.0395588712144434e-10,0.35553252850599704,0.000935772156927478,0.17776626440497645
3.49,2.8486989940380574e-10,0.3538123704977797,0.0009037222112775245,0.1769061853913248
3.5,2.669556614762852e-10,0.3520653267642995,0.0008726826950457602,0.1760326635156276
3.51,2.50142957073282e-10,0.3502918785897259,0.0008426250047069028,0.17514593941993442
3.5199999999999996,2.3436566877932076e-10,0.3484925127589746,0.0008135212310818092,0.17424625649667014
3.5299999999999994,2.1956154549754254e-10,0.34666772133579177,0.0007853441463924714,0.17333386077767665
3.540000000000001,2.0567198270177827e-10,0.3448180014393332,0.0007580671914287082,0.1724090008225026
3.5500000000000007,1.9264181479358991e-10,0.3429438550193838,0.0007316644628303089,0.1714719276060128
3.5600000000000005,1.8041911892024774e-10,0.3410457886303525,0.000706110700488035,0.17052289440538582
3.5700000000000003,1.689550296426308e-10,0.3391243132041921,0.0006813812750668916,0.16956215668657357
3.58,1.582035638732913e-10,0.33717994382238053,0.0006574521756546766,0.16858997199029205
3.59,1.4812145553476551e-10,0.33521319948710615,0.0006342999975387576,0.1676065998176138
3.5999999999999996,1.3866799941653172e-10,0.3332246028917997,0.0006119019301137731,0.16661230151523387
3.6099999999999994,1.2980490373594228e-10,0.3312146801911531,0.0005902357449227867,0.16560734016047898
3.620000000000001,1.2149615093407655e-10,0.3291839607707646,0.0005692797838342507,0.16459198044613038
3.630000000000001,1.1370786626178963e-10,0.3271329770165543,0.0005490129473569573,0.1635664885651311
3.6400000000000006,1.06408193734336e-10,0.325062264084082,0.0005294146830949338,0.1625311320952451
3.6500000000000004,9.956717905497005e-11,0.3229723596679142,0.0005104649743441847,0.1614861798837407
3.66,9.31566591287585e-11,0.32086380377117246,0.0004921443288328931,0.16043190193216456
3.67,8.715015780768908e-11,0.3187371384754016,0.00047443376760662064,0.15936856928127588
3.6799999999999997,8.152278752700065e-11,0.3165929077108929,0.0004573148140598576,0.15829645389620783
3.6899999999999995,7.625115651054268e-11,0.3144316570275974,0.00044076948311513333,0.15721582855192429
3.700000000000001,7.131328123996026e-11,0.31225393336676105,0.00042478027055074997,0.15612696671903717
3.710000000000001,6.668850389863396e-11,0.31006028483341597,0.0004093301424780774,0.15503014245005223
3.7200000000000006,6.235741451659803e-11,0.3078512604698528,0.00039440252496915557,0.1539256302661051
3.7300000000000004,5.830177755721918e-11,0.3056274100302098,0.0003799812938353208,0.1528137050442558
3.74,5.450446270018256e-11,0.3033892837563001,0.000366050764557335,0.15169464190540227
3.75,5.094937958843684e-11,0.30113743215480443,0.00035259568236744546,0.1505687161028769
3.76,4.762141631915674e-11,0.29887240577595287,0.0003396012124836548,0.14943620291178714
3.7699999999999996,4.450638147056985e-11,0.2965947549938158,0.0003270529304963753,0.1482973775191611
3.7799999999999994,4.1590949467660893e-11,0.2943050297883253,0.00031493681290752236,0.14715251491495812
3.790000000000001,3.8862609100364973e-11,0.29200377952914125,0.00030323922782200314,0.14600188978400194
3.8000000000000007,3.630961501791775e-11,0.2896915527614826,0.0002919469257914595,0.14484577639889612
3.8100000000000005,3.392094203254265e-11,0.28736889699402823,0.00028104703080998584,0.14368444851397458
3.8200000000000003,3.168624207470927e-11,0.28503635848900716,0.0002705270314615208,0.1425181792603467
3.83,2.9595803650741625e-11,0.28269448205458025,0.00026037477221844247,0.14134724104208804
3.84,2.7640513661679543e-11,0.2803438108396206,0.00025057844489086075,0.14017190543363056
3.8499999999999996,2.5811821449986735e-11,0.2779848861309966,0.00024112658022599367,0.1389924430784042
3.8599999999999994,2.4101704947982448e-11,0.27561824715345684,0.00023200803965694276,0.13780912358877928
3.870000000000001,2.2502638808781787e-11,0.273244430872216,0.0002232120072001013,0.13662221544735934
3.880000000000001,2.1007564407069337e-11,0.2708639717983378,0.00021472798150036626,0.1354319859096727
3.8900000000000006,1.9609861603219644e-11,0.26847740179700225,0.00020654576802322513,0.13423870090830606
3.9000000000000004,1.8303322170155714e-11,0.26608524989875476,0.00019865547139277237,0.13304262495852903
3.91,1.7082124787880828e-11,0.26368804211381813,0.00019104748787459762,0.13184402106545012
3.92,1.5940811515883886e-11,0.26128630124955315,0.0001837124980024571,0.13064315063274698
3.9299999999999997,1.4874265658598137e-11,0.2588805467311489,0.00017664145934757124,0.1294402733730116
3.9399999999999995,1.3877690943802532e-11,0.2564712944256205,0.00016982559942934388,0.1282356472197491
3.950000000000001,1.2946591938319084e-11,0.25405905646918875,0.00016325640876624142,0.12702952824106767
3.960000000000001,1.2076755629578088e-11,0.25164434109811695,0.00015692563406553172,0.12582217055509684
3.9700000000000006,1.1264234105616138e-11,0.24922765248306578,0.00015082527155051753,0.12461382624716501
3.9800000000000004,1.0505328269853615e-11,0.24680949056704266,0.00014494756042389079,0.12340474528877399
3.99,9.796572530568422e-12,0.24439035090699954,0.00013928497646575994,0.12219517545839806
4.0,9.134720408364595e-12,0.24197072451914337,0.00013383022576488537,0.12098536226413904
4.01,8.516731008131403e-12,0.23955109772801342,0.00012857623858162108,0.11977554886826508
4.02,7.939756305010616e-12,0.2371319520193797,0.00012351616334102368,0.11856597601365973
4.029999999999999,7.40112919674745e-12,0.23471376389701198,0.0001186433607545662,0.11735688195220656
4.040000000000001,6.898352277502213e-12,0.23229700474336598,0.00011395139806886421,0.11614850237513216
4.050000000000001,6.429087290753624e-12,0.22988214068423285,0.00010943404343980016,0.11494107034533096
4.0600000000000005,5.991145221335947e-12,0.22746963245738577,0.00010508526043040012,0.11373481623168846
4.07,5.582476988936081e-12,0.22505993528526957,0.00010089920263081443,0.11252996764542603
4.08,5.2011647075271714e-12,0.22265349875176116,9.687020839871927e-05,0.11132674937848117
4.09,4.845413477253942e-12,0.22025076668303337,9.299279571844591e-05,0.11012538334393938
4.1,4.513543677205518e-12,0.21785217703255064,8.926165717713293e-05,0.1089260885185321
4.109999999999999,4.203983729328864e-12,0.21545816177021987,8.567165505618216e-05,0.10772908088721192
4.120000000000001,3.91526330544949e-12,0.21306914677571767,8.221781653628556e-05,0.10653457338981646
4.130000000000001,3.6460069509867566e-12,0.2106855517360151,7.889532901429282e-05,0.10534277586983055
4.140000000000001,3.3949281004777175e-12,0.20830779004710823,7.569953553016094e-05,0.10415389502525157
4.15,3.160823461469064e-12,0.20593626871997467,7.262593030225234e-05,0.10296813436156775
4.16,2.942567744696703e-12,0.2035713882907594,6.967015436921434e-05,0.10178569414685099
4.17,2.7391087197588654e-12,0.2012135427351974,6.682799133669061e-05,0.10060677136896826
4.18,2.549462576701607e-12,0.19886311938727597,6.40953632271061e-05,0.09943155969491271
4.1899999999999995,2.3727095750799102e-12,0.19652049886213666,6.146832643076943e-05,0.09826024943225468
4.200000000000001,2.2079899631371235e-12,0.1941860549832127,5.894306775653965e-05,0.09709302749271034
4.210000000000001,2.0545001507644383e-12,0.19186015471359918,5.6515900580307204e-05,0.09593007735782684
4.220000000000001,1.9114891208616387e-12,0.1895431580916401,5.418326108953996e-05,0.0947715790467758
4.23,1.7782550646274951e-12,0.18723541817072945,5.1941704622159776e-05,0.09361770908625384
4.24,1.6541422271611032e-12,0.18493728096330525,4.978790209801209e-05,0.0924686404824797
4.25,1.538537950561275e-12,0.18264908538902191,4.771863654120495e-05,0.09132454269528023
4.26,1.4308699024702068e-12,0.18037116322708038,4.5730799691601314e-05,0.09018558161425563
4.27,1.3306034787228322e-12,0.1781038390726937,4.382138870375812e-05,0.08905191953701215
4.279999999999999,1.2372393694378038e-12,0.17584743029766253,4.198750293161747e-05,0.08792371514944988
4.290000000000001,1.150311278521379e-12,0.1736022470150328,4.022634079726483e-05,0.08680112350809155
4.300000000000001,1.0693837871541565e-12,0.1713685920478072,3.8535196742086994e-05,0.08568429602443829
4.3100000000000005,9.940503523944276e-13,0.1691467609016723,3.6911458258666067e-05,0.08457338045133317
4.32,9.239314325636603e-13,0.16693704174171375,3.5352603001773097e-05,0.08346852087131884
4.33,8.586727315794461e-13,0.1647397153730768,3.385619597682789e-05,0.08236985768696774
4.34,7.979435548728188e-13,0.16255505522553418,3.241988680421378e-05,0.08127752761316606
4.35,7.414352699704362e-13,0.16038332734191968,3.1041407057850266e-05,0.08019166367133056
4.359999999999999,6.888598652398764e-13,0.1582247903703832,2.9718567676442307e-05,0.07911239518553603
4.370000000000001,6.399486006895495e-13,0.15607969556042067,2.8449256445844206e-05,0.07803984778053032
4.380000000000001,5.944507450849606e-13,0.15394828676263353,2.7231435550992514e-05,0.07697414338161399
4.390000000000001,5.521323939911872e-13,0.15183080043216157,2.6063139195878254e-05,0.07591540021635686
4.4,5.127753636796663e-13,0.1497274656357448,2.4942471290053535e-05,0.07486373281812879
4.41,4.761761561454405e-13,0.1476385040623557,2.38676032001796e-05,0.07381925203141594
4.42,4.421449907714257e-13,0.1455641300373476,2.283677156514692e-05,0.07278206501889488
4.43,4.1050489844918107e-13,0.14350455054006248,2.184827617331647e-05,0.07175227527023649
4.4399999999999995,3.810908742224296e-13,0.14145996522483892,2.090047790045048e-05,0.07072998261261
4.450000000000001,3.5374908476098554e-13,0.13943056644536006,1.999179670692272e-05,0.0697152832228569
4.460000000000001,3.283361271998851e-13,0.1374165392822816,1.912070969281767e-05,0.06870826964130497
4.470000000000001,3.0471833609184844e-13,0.13541806157407116,1.8285749209547316e-05,0.06770903078718794
4.48,2.8277113542208157e-13,0.13343530395100223,1.748550102663914e-05,0.0667176519756425
4.49,2.6237843282287953e-13,0.13146842987223098,1.671860255236507e-05,0.06573421493624668
4.5,2.43432053302901e-13,0.12951759566589174,1.5983741106905478e-05,0.0647587978330676
4.51,2.2583120997255974e-13,0.12758295057214192,1.527965224676162e-05,0.06379147528618387
4.52,2.094820094035369e-13,0.12566463678908824,1.4605118139152942e-05,0.06283231839464885
4.529999999999999,1.9429698940750984e-13,0.12376278952152325,1.3958965985154821e-05,0.06188139476085878
4.540000000000001,1.801946871573457e-13,0.12187753703240159,1.3340066490355767e-05,0.06093876851629089
4.550000000000001,1.6709923570383637e-13,0.12000900069698547,1.2747332381833396e-05,0.06000450034857629
4.5600000000000005,1.5493998706285977e-13,0.11815729505958221,1.2179716970268657e-05,0.05907864752986858
4.57,1.436511601624092e-13,0.11632252789280703,1.1636212756042669e-05,0.05816126394647534
4.58,1.3317151204632707e-13,0.11450480025929236,1.111585007817779e-05,0.05725240012971276
4.59,1.23444030832503e-13,0.1127042065757706,1.0617695805008393e-05,0.05635210328794702
4.6,1.144156490180137e-13,0.11092083467945564,1.014085206548676e-05,0.05546041733978503
4.609999999999999,1.0603697581256663e-13,0.1091547658966475,9.684455020051471e-06,0.05457738294837677
4.620000000000001,9.826204726503768e-14,0.10740607511348366,9.24767367000557e-06,0.05370303755679096
4.630000000000001,9.104809302619452e-14,0.1056748308487635,8.82970870437405e-06,0.05283741542442728
4.640000000000001,8.435531866410499e-14,0.1039610953287641,8.429791383228743e-06,0.051980547664424226
4.65,7.814670251769997e-14,0.10226492456397797,8.047182456492295e-06,0.05113246228202806
4.66,7.238780613853998e-14,0.10058636842769056,7.681171117250455e-06,0.05029318421388147
4.67,6.704659743148432e-14,0.09892547073632373,7.331073988623946e-06,0.049462735368195385
4.68,6.209328566181258e-14,0.09728226933146754,6.996234143270405e-06,0.048641134665764814
4.6899999999999995,5.750016754965004e-14,0.09565679616352409,6.676020154607485e-06,0.04782839808179079
4.700000000000001,5.324148372252925e-14,0.09404907737688677,6.369825178867069e-06,0.04702453868847
4.710000000000001,4.92932848437854e-14,0.09245913339658055,6.077066067111094e-06,0.04622956669831492
4.720000000000001,4.563330677837863e-14,0.09088697901628276,5.797182506357267e-06,0.045443489508164195
4.73,4.2240854198927025e-14,0.08933262348765493,5.529636188984052e-06,0.04466631174384859
4.74,3.9096692073280446e-14,0.0877960706109056,5.273910009601304e-06,0.043898035305472344
4.75,3.618294451112518e-14,0.08627731882651153,5.029507288592446e-06,0.043138659413273855
4.76,3.3483000480960746e-14,0.08477636130802226,4.795951021552522e-06,0.04238818065402787
4.77,3.098142594051716e-14,0.08329318605587455,4.5727831538641446e-06,0.04164659302795276
4.779999999999999,2.866388195338832e-14,0.0818277759921429,4.359563879671653e-06,0.04091388799608578
4.790000000000001,2.6517048392484202e-14,0.08038010905615403,4.155870964531179e-06,0.040190054528090276
4.800000000000001,2.4528552856964153e-14,0.07895015830089407,3.961299091032062e-06,0.039475079150459294
4.8100000000000005,2.2686904453703007e-14,0.07753789199013392,3.7754592267013287e-06,0.038768945995078304
4.82,2.098143211719696e-14,0.07614327369620728,3.5979780135212474e-06,0.03807163684811413
4.83,1.9402227163184415e-14,0.0747662623983676,3.428497178405039e-06,0.0373831311991935
4.84,1.7940089791276757e-14,0.07340681258165692,3.266672963993275e-06,0.03670340629083743
4.85,1.6586479270623165e-14,0.07206487433621804,3.112175579148945e-06,0.03603243716811731
4.859999999999999,1.5333467560158012e-14,0.07074039345698346,2.9646886685452835e-06,0.0353701967284994
4.870000000000001,1.4173696131377772e-14,0.06943331154367408,2.823908800755811e-06,0.03471665577184412
4.880000000000001,1.3100335776938799e-14,0.06814356610104448,2.6895449742715136e-06,0.03407178305052879
4.890000000000001,1.210704920271076e-14,0.06687109063930707,2.5613181408845308e-06,0.03343554531965959
4.9,1.1187956214351817e-14,0.06561581477467655,2.438960745893352e-06,0.03280790738734387
4.91,1.0337601322016289e-14,0.06437766432996934,2.322216284597997e-06,0.03218883216498984
4.92,9.550923598546328e-15,0.06315656143519865,2.2108388745684212e-06,0.0315782807176041
4.93,8.82322863747332e-15,0.0619524246281052,2.10459284318313e-06,0.030976212314057013
4.9399999999999995,8.150162467413298e-15,0.06076516895456484,2.0032523299485e-06,0.030382584477286496
4.950000000000001,7.527687289030934e-15,0.05959470606881594,1.9066009031228008e-06,0.029797353034411736
4.960000000000001,6.952058909710325e-15,0.05844094433345137,1.814431190182024e-06,0.029220472166729163
4.970000000000001,6.419805759445045e-15,0.057303788919117055,1.7265445216770645e-06,0.028651894459561737
4.98,5.9277093792901486e-15,0.05618314190386799,1.6427505880450713e-06,0.02809157095193696
4.99,5.4727862810285e-15,0.055078902372125746,1.5628671089492902e-06,0.02753945118606561
5.0,5.052271083536893e-15,0.05399096651318806,1.4867195147342979e-06,0.026995483256596557
5.01,4.663600837717942e-15,0.05291922771924032,1.4141406395950037e-06,0.02645961385962249
5.02,4.304400457824257e-15,0.051863576682820614,1.3449704260694445e-06,0.025931788341412458
5.030000000000001,3.972469182565987e-15,0.05082390149369107,1.2790556404765672e-06,0.02541195074684752
5.040000000000001,3.6657679945912414e-15,0.049800087735070685,1.2162495989313138e-06,0.024900043867537174
5.050000000000001,3.3824079317786554e-15,0.04879201857918268,1.156411903579777e-06,0.02439600928959303
5.0600000000000005,3.1206392283138815e-15,0.047799574882076964,1.0994081887082011e-06,0.023899787441040043
5.07,2.878841227746892e-15,0.04682263527768313,1.0451098763893177e-06,0.023411317638843004
5.08,2.6555130141745248e-15,0.045861076271054894,9.93393941339912e-07,0.022930538135528776
5.09,2.4492647113746633e-15,0.0449147723307671,9.441426846730874e-07,0.022457386165384775
5.1,2.258809403154303e-15,0.04398359598042723,8.972435162383337e-07,0.021991797990214747
5.109999999999999,2.082955631379357e-15,0.043067417889265776,8.525887452517891e-07,0.02153370894463393
5.120000000000001,1.920600431144541e-15,0.042166106961770235,8.100753789281301e-07,0.02108305348088608
5.130000000000001,1.7707228653312486e-15,0.04127953042633033,7.696049288345102e-07,0.020639765213166048
5.140000000000001,1.6323780234021982e-15,0.04040755392286025,7.310832246953464e-07,0.02020377696143094
5.15,1.5046914517081978e-15,0.03955004158937019,6.944202353855339e-07,0.01977502079468585
5.16,1.386853984844138e-15,0.03870685614745561,6.595298968575217e-07,0.019353428073728498
5.17,1.2781169497000643e-15,0.03787785898667748,6.263299467558902e-07,0.01893892949333938
5.18,1.177787715819337e-15,0.03706291024780651,5.947417654807764e-07,0.018531455123903844
5.1899999999999995,1.085225567508325e-15,0.03626186890490626,5.64690223469078e-07,0.01813093445245367
5.200000000000001,9.998378748497037e-16,0.03547459284623136,5.361035344697595e-07,0.01773729642311618
5.210000000000001,9.210765423631027e-16,0.034700938953918764,5.089131145967631e-07,0.017350469476959843
5.220000000000001,8.484347155394184e-16,0.03394076318244915,4.830534469499656e-07,0.016970381591225
5.23,7.814437268571176e-16,0.033193920635861095,4.584619516015329e-07,0.01659696031793094
5.24,7.196702641752243e-16,0.032460265643697445,4.350788607515109e-07,0.016230132821849083
5.25,6.627137455968752e-16,0.03173965183566742,4.1284709886299984e-07,0.015869825917834042
5.26,6.102038860134604e-16,0.031031932215008273,3.9171216759348166e-07,0.015515966107504442
5.27,5.617984415790782e-16,0.030336959230531667,3.7162203534495063e-07,0.015168479615266114
5.280000000000001,5.171811193330469e-16,0.029654584847341202,3.525270312614019e-07,0.01482729242367086
5.290000000000001,4.760596400893679e-16,0.028984660616209364,3.3437974350797887e-07,0.01449233030810492
5.300000000000001,4.3816394355093266e-16,0.02832703774160112,3.1713492167159643e-07,0.014163518870800779
5.3100000000000005,4.032445253872614e-16,0.027681567148336535,3.007493831283822e-07,0.013840783574168469
5.32,3.710708967411346e-16,0.027048099546881765,2.851819232283976e-07,0.013524049773441068
5.33,3.4143015730579574e-16,0.026426485497261724,2.7039322915329305e-07,0.013213242748631032
5.34,3.1412567374368534e-16,0.02581657547158769,2.5634579730745934e-07,0.012908287735794003
5.35,2.889758558029896e-16,0.025218219915194417,2.4300385410805355e-07,0.012609109957597352
5.359999999999999,2.658130230329404e-16,0.02463126930638253,2.3033328004392187e-07,0.0123156346531914
5.370000000000001,2.4448235550524505e-16,0.02405557421476292,2.1830153687797774e-07,0.012027787107381581
5.380000000000001,2.248409224201935e-16,0.02349098535820131,2.068775978719644e-07,0.011745492679100768
5.390000000000001,2.0675678291392495e-16,0.022937353658360665,1.9603188091675652e-07,0.011468676829180437
5.4,1.9010815379079637e-16,0.022394530294842882,1.8573618445552897e-07,0.011197265147421536
5.41,1.7478263928335137e-16,0.021862366757929387,1.7596362609104592e-07,0.01093118337896478
5.42,1.6067651829446726e-16,0.021340714899922786,1.6668858377222828e-07,0.010670357449961473
5.43,1.4769408490342306e-16,0.020829426985092204,1.5788663945889064e-07,0.010414713492546177
5.4399999999999995,1.3574703822172036e-16,0.020328355738225855,1.4953452516715999e-07,0.010164177869112995
5.450000000000001,1.2475391796707359e-16,0.019837354391795278,1.4161007130161102e-07,0.009918677195897702
5.460000000000001,1.1463958238652589e-16,0.019356276731736923,1.3409215718354682e-07,0.009678138365868519
5.470000000000001,1.0533472540356931e-16,0.018884977141856146,1.2696066368812863e-07,0.009442488570928125
5.48,9.677543009077521e-17,0.01842331064686203,1.201964279062823e-07,0.009211655323431064
5.49,8.890275577987283e-17,0.017971132954039633,1.1378119975034591e-07,0.008985566477019861
5.5,8.166235631669551e-17,0.01752830049356854,1.0769760042543276e-07,0.008764150246784312
5.51,7.50041271499399e-17,0.017094670457496956,1.0192908269135293e-07,0.008547335228748516
5.52,6.888187911120219e-17,0.016670100837381078,9.645989284273384e-08,0.008335050418690574
5.530000000000001,6.325303690024712e-17,0.016254450460600457,9.127503433766428e-08,0.00812722523030026
5.540000000000001,5.807836043470899e-17,0.015847579025360783,8.636023300780942e-08,0.007923789512680421
5.550000000000001,5.33216873582341e-17,0.015449347134395141,8.170190378543175e-08,0.0077246735671975975
5.5600000000000005,4.8949695126233675e-17,0.01505961632737743,7.728711888522879e-08,0.0075298081636887395
5.57,4.493168120449426e-17,0.014678249112060025,7.310357738120935e-08,0.007339124556030035
5.58,4.1239360023650226e-17,0.014305108994149692,6.913957612112398e-08,0.007152554497074867
5.59,3.7846675432473395e-17,0.013940060505935825,6.538398192315145e-08,0.006970030252967932
5.6,3.472962748566208e-17,0.013582969233685634,6.182620500165857e-08,0.006791484616842834
5.609999999999999,3.1866112487810624e-17,0.013233701843821387,5.845617357090082e-08,0.006616850921910709
5.620000000000001,2.923577529501396e-17,0.012892126107895276,5.526430957749686e-08,0.006446063053947653
5.630000000000001,2.6819872949525166e-17,0.012558110926378178,5.2241505514424096e-08,0.006279055463189102
5.640000000000001,2.460114879146858e-17,0.012231526351277954,4.937910227110423e-08,0.006115763175638989
5.65,2.2563716255206337e-17,0.01191224360760517,4.666886797594257e-08,0.0059561218038025965
5.66,2.0692951616893674e-17,0.011600135113702562,4.410297778937308e-08,0.0058000675568512915
5.67,1.897539501439914e-17,0.011295074500456135,4.167399460712351e-08,0.005647537250228077
5.68,1.7398659111406225e-17,0.010996936629405587,3.9374850634998504e-08,0.005498468314702802
5.6899999999999995,1.5951344824435176e-17,0.010705597609772197,3.7198829798016166e-08,0.005352798804886106
5.700000000000001,1.4622963575006376e-17,0.010420934814422567,3.5139550948204215e-08,0.005210467407211291
5.710000000000001,1.340386556945257e-17,0.010142826894787054,3.319095183679526e-08,0.005071413447393534
5.720000000000001,1.228517364620102e-17,0.009871153794751123,3.1347273817919565e-08,0.004935576897375568
5.73,1.1258722264917901e-17,0.009605796763539575,2.960304725223005e-08,0.004802898381769793
5.74,1.0317001243919813e-17,0.009346638367612283,2.795307758015465e-08,0.004673319183806147
5.75,9.453103881902853e-18,0.009093562501591053,2.6392432035705735e-08,0.004546781250795531
5.76,8.660679127493157e-18,0.008846454398237232,2.4916426972950992e-08,0.00442322719911862
5.77,7.933887485538588e-18,0.008605200637499685,2.352061577839084e-08,0.004302600318749847
5.780000000000001,7.267360372587997e-18,0.008369689154653005,2.2200777343578854e-08,0.004184844577326506
5.790000000000001,6.656162655785847e-18,0.008139809247546004,2.0952905073376898e-08,0.0040699046237730055
5.800000000000001,6.095758129562418e-18,0.007915451582979946,1.9773196406244602e-08,0.0039577257914899765
5.8100000000000005,5.581977703158699e-18,0.007696508202237312,1.8658042823946112e-08,0.0038482541011186588
5.82,5.110990089279766e-18,0.007482872525780553,1.7604020328985783e-08,0.0037414362628902793
5.83,4.679274800143497e-18,0.007274439357141218,1.6607880368992047e-08,0.0036372196785706113
5.84,4.283597271962648e-18,0.007071104886019449,1.5666541188132572e-08,0.0035355524430097265
5.85,3.920985952564143e-18,0.006872766690613978,1.4777079586480055e-08,0.0034363833453069912
5.859999999999999,3.588711199488178e-18,0.006679323739202627,1.393672306904749e-08,0.0033396618696013153
5.870000000000001,3.284265847597614e-18,0.006490676390993347,1.3142842366982095e-08,0.0032453381954966752
5.880000000000001,3.0053473160361624e-18,0.006306726396265911,1.239294431415004e-08,0.003153363198132957
5.890000000000001,2.749841134365529e-18,0.006127376895823678,1.1684665063049828e-08,0.00306368844791184
5.9,2.5158057769514047e-18,0.005952532419775849,1.1015763624682308e-08,0.0029762662098879256
5.91,2.3014587032049954e-18,0.005782098885669473,1.0384115717656327e-08,0.0028910494428347378
5.92,2.105163509180845e-18,0.005615983595990969,9.78770791244118e-09,0.0028079917979954854
5.93,1.9254181033243957e-18,0.005454095235056556,9.22463205728272e-09,0.0027270476175282788
5.9399999999999995,1.760843825903113e-18,0.0052963438653110245,8.693079972880236e-09,0.002648171932655513
5.950000000000001,1.6101754378815767e-18,0.005142640923053925,8.191338403479144e-09,0.0025713204615269636
5.960000000000001,1.4722519107544259e-18,0.0049928992136123625,7.717784212570474e-09,0.002496449606806182
5.970000000000001,1.346007954164212e-18,0.0048470329059789406,7.270879811900055e-09,0.002423516452989471
5.98,1.2304662230406913e-18,0.004704957526933971,6.8491688129857586e-09,0.002352478763466986
5.99,1.1247301505297901e-18,0.004566589954670145,6.451271890811751e-09,0.002283294977335073
6.0,1.0279773571668917e-18,0.0044318484119380075,6.075882849823286e-09,0.002215924205969004
6.01,9.394535906136566e-19,0.00430065245873045,5.7217648827798965e-09,0.0021503262293652253
6.02,8.58467153845534e-19,0.004172922984523966,5.38774701344276e-09,0.0020864614922619833
6.030000000000001,7.843837829706789e-19,0.004048582200094415,5.072720714470445e-09,0.002024291100047208
6.040000000000001,7.166219389010912e-19,0.0039275536289247685,4.775636692282242e-09,0.0019637768144623847
6.050000000000001,6.546484799021838e-19,0.0038097620982218004,4.495501831013229e-09,0.0019048810491109007
6.0600000000000005,5.979746846362101e-19,0.003695133729559029,4.231376288039878e-09,0.0018475668647795146
6.07,5.461525977035129e-19,0.0035835959291623588,3.982370733890178e-09,0.0017917979645811796
6.08,4.987716718896091e-19,0.003475077377854938,3.747643729676039e-09,0.0017375386889274692
6.09,4.554556833589326e-19,0.0033695080206774812,3.526399235495381e-09,0.0016847540103387408
6.1,4.15859897911516e-19,0.0032668190561999247,3.317884243547305e-09,0.0016334095280999626
6.109999999999999,3.796684681479728e-19,0.003166942925540084,3.121386529987659e-09,0.0015834714627700423
6.120000000000001,3.4659204298328545e-19,0.0030698133011047325,2.93623251982391e-09,0.0015349066505523665
6.130000000000001,3.1636557242014767e-19,0.0029753650750682457,2.7617852594085806e-09,0.001487682537534123
6.140000000000001,2.887462918484587e-19,0.002883534347603434,2.5974424913385315e-09,0.0014417671738017172
6.15,2.6351187138742676e-19,0.0027942584148794424,2.4426348268070445e-09,0.0013971292074397214
6.16,2.404587169385648e-19,0.0027074757568407003,2.2968240106821186e-09,0.0013537378784203504
6.17,2.194004106797019e-19,0.0026231260247810244,2.159501274803154e-09,0.0013115630123905124
6.18,2.0016627970851636e-19,0.002541150028726526,2.0301857751968056e-09,0.001270575014363263
6.1899999999999995,1.8260008244563919e-19,0.002461489724640705,1.908423109111866e-09,0.0012307448623203525
6.200000000000001,1.6655880323799054e-19,0.0023840882014648343,1.7937839079640732e-09,0.0011920441007324172
6.210000000000001,1.5191154636822756e-19,0.0023088896680064897,1.6858625024641888e-09,0.0011544448340032449
6.220000000000001,1.3853852138097516e-19,0.0022358394396885346,1.5842756563764439e-09,0.0011179197198442673
6.23,1.263301122857336e-19,0.0021648839251710585,1.488661365522016e-09,0.0010824419625855293
6.24,1.1518602379413248e-19,0.002095970612857942,1.3986777188006127e-09,0.001047985306428971
6.25,1.0501449829970371e-19,0.002029048057299768,1.314001818155884e-09,0.001014524028649884
6.26,9.573159781519686e-20,0.001964065865504376,1.2343287545556327e-09,0.000982032932752188
6.27,8.72605455490289e-20,0.001900974683166082,1.159370637196701e-09,0.000950487341583041
6.280000000000001,7.953112223198667e-20,0.0018397261808242727,1.0888556732770564e-09,0.0009198630904121364
6.290000000000001,7.247911270060009e-20,0.001780273039961872,1.0225272958043955e-09,0.000890136519980936
6.300000000000001,6.60457986073931e-20,0.0017225689390536767,9.601433370312266e-10,0.0008612844695268383
6.3100000000000005,6.017749346302832e-20,0.0016665685395745784,9.014752452224551e-10,0.0008332842697872892
6.32,5.482511652333292e-20,0.0016122274719771231,8.463073425711156e-10,0.0008061137359885616
6.33,4.9943802317586317e-20,0.0015595023216476915,7.944361221836016e-10,0.0007797511608238457
6.34,4.5492542875110605e-20,0.0015083506148503075,7.456695821558504e-10,0.0007541753074251537
6.35,4.14338599469603e-20,0.0014587308046667472,6.998265948579804e-10,0.0007293654023333736
6.359999999999999,3.773350474000502e-20,0.001410602256941386,6.567363096361127e-10,0.000705301128470693
6.370000000000001,3.4360182883449736e-20,0.0013639252362389,6.162375872274072e-10,0.00068196261811945
6.380000000000001,3.1285302534294106e-20,0.0013186608918227375,5.781784642675601e-10,0.0006593304459113688
6.390000000000001,2.848274369959531e-20,0.0012747712436618306,5.424156463490528e-10,0.0006373856218309153
6.4,2.592864701100371e-20,0.0012322191684730178,5.088140281645039e-10,0.0006161095842365089
6.41,2.3601220331823754e-20,0.0011909683858061168,4.772462393411402e-10,0.0005954841929030584
6.42,2.1480561709980598e-20,0.0011509834441784845,4.4759221464136907e-10,0.0005754917220892423
6.43,1.9548497312574888e-20,0.001112229707265567,4.1973878726988887e-10,0.0005561148536327835
6.4399999999999995,1.7788433090096716e-20,0.0010746733401537367,3.935793040901454e-10,0.0005373366700768684
6.450000000000001,1.6185219021629042e-20,0.0010382812956614077,3.690132616124541e-10,0.0005191406478307039
6.460000000000001,1.4725024887223958e-20,0.0010030213007342348,3.4594596167278194e-10,0.0005015106503671174
6.470000000000001,1.3395226600761014e-20,0.0009688618429198442,3.242881857750582e-10,0.0004844309214599221
6.48,1.2184302216627425e-20,0.000935772156927478,3.0395588712144434e-10,0.000467886078463739
6.49,1.1081736797038495e-20,0.0009037222112775245,2.8486989940380574e-10,0.00045186110563876224
6.5,1.0077935394300011e-20,0.0008726826950457602,2.669556614762852e-10,0.0004363413475228801
6.51,9.164143464267265e-21,0.0008426250047069028,2.50142957073282e-10,0.0004213125023534514
6.52,8.332374084132099e-21,0.0008135212310818092,2.3436566877932076e-10,0.0004067606155409046
6.530000000000001,7.575341399875025e-21,0.0007853441463924665,2.1956154549754024e-10,0.00039267207319623325
6.540000000000001,6.886399776640033e-21,0.0007580671914287082,2.0567198270177827e-10,0.0003790335957143541
6.550000000000001,6.2594881692601015e-21,0.0007316644628303089,1.9264181479358991e-10,0.00036583223141515447
6.5600000000000005,5.68907927051946e-21,0.000706110700488035,1.8041911892024774e-10,0.0003530553502440175
6.57,5.170133031756747e-21,0.0006813812750668916,1.689550296426308e-10,0.0003406906375334458
6.58,4.698054184383368e-21,0.0006574521756546766,1.582035638732913e-10,0.0003287260878273383
6.59,4.268653422046667e-21,0.0006342999975387576,1.4812145553476551e-10,0.0003171499987693788
6.6,3.878111931746961e-21,0.0006119019301137731,1.3866799941653172e-10,0.00030595096505688655
6.609999999999999,3.522948988425638e-21,0.0005902357449227867,1.2980490373594228e-10,0.00029511787246139335
6.620000000000001,3.19999235157584e-21,0.0005692797838342507,1.2149615093407655e-10,0.00028463989191712533
6.630000000000001,2.9063512244645764e-21,0.0005490129473569573,1.1370786626178963e-10,0.00027450647367847865
6.640000000000001,2.6393915567568464e-21,0.0005294146830949338,1.06408193734336e-10,0.0002647073415474669
6.65,2.396713489855086e-21,0.0005104649743441847,9.956717905497005e-11,0.00025523248717209237
6.66,2.1761307612409837e-21,0.0004921443288328931,9.31566591287585e-11,0.00024607216441644656
6.67,1.9756518996659527e-21,0.00047443376760662064,8.715015780768908e-11,0.00023721688380331032
6.68,1.7934630572937176e-21,0.0004573148140598576,8.152278752700065e-11,0.0002286574070299288
6.6899999999999995,1.6279123379626576e-21,0.00044076948311513333,7.625115651054268e-11,0.00022038474155756666
6.700000000000001,1.4774954927042438e-21,0.00042478027055074997,7.131328123996026e-11,0.00021239013527537499
6.710000000000001,1.340842864619259e-21,0.0004093301424780774,6.668850389863396e-11,0.0002046650712390387
6.720000000000001,1.2167074752562289e-21,0.00039440252496915557,6.235741451659803e-11,0.00019720126248457779
6.73,1.1039541538361366e-21,0.0003799812938353208,5.830177755721918e-11,0.0001899906469176604
6.74,1.0015496190910082e-21,0.000366050764557335,5.450446270018256e-11,0.0001830253822786675
6.75,9.085534311976665e-22,0.00035259568236744546,5.094937958843684e-11,0.00017629784118372273
6.76,8.241097383508909e-22,0.0003396012124836548,4.762141631915674e-11,0.0001698006062418274
6.77,7.47439748985571e-22,0.0003270529304963753,4.450638147056985e-11,0.00016352646524818765
6.780000000000001,6.778348665759302e-22,0.0003149368129075204,4.15909494676603e-11,0.0001574684064537602
6.790000000000001,6.146504293571881e-22,0.00030323922782200314,3.8862609100364973e-11,0.00015161961391100157
6.800000000000001,5.573000022720691e-22,0.0002919469257914595,3.630961501791775e-11,0.00014597346289572976
6.8100000000000005,5.052501729818101e-22,0.00028104703080998584,3.392094203254265e-11,0.00014052351540499292
6.82,4.580158079313133e-22,0.0002705270314615208,3.168624207470927e-11,0.0001352635157307604
6.83,4.1515572825612974e-22,0.00026037477221844247,2.9595803650741625e-11,0.00013018738610922123
6.84,3.7626876879235364e-22,0.00025057844489086075,2.7640513661679543e-11,0.00012528922244543037
6.85,3.409901866280067e-22,0.00024112658022599367,2.5811821449986735e-11,0.00012056329011299684
6.859999999999999,3.0898838854036835e-22,0.00023200803965694276,2.4101704947982448e-11,0.00011600401982847138
6.870000000000001,2.799619493209732e-22,0.0002232120072001013,2.2502638808781787e-11,0.00011160600360005065
6.880000000000001,2.5363689541989333e-22,0.00021472798150036626,2.1007564407069337e-11,0.00010736399075018313
6.890000000000001,2.2976423056216597e-22,0.00020654576802322513,1.9609861603219644e-11,0.00010327288401161257
6.9,2.0811768202028245e-22,0.00019865547139277237,1.8303322170155714e-11,9.932773569638618e-05
6.91,1.884916480826121e-22,0.00019104748787459762,1.7082124787880828e-11,9.552374393729881e-05
6.92,1.706993289543599e-22,0.0001837124980024571,1.5940811515883886e-11,9.185624900122855e-05
6.93,1.545710248779582e-22,0.00017664145934757124,1.4874265658598137e-11,8.832072967378562e-05
6.9399999999999995,1.399525866765051e-22,0.00016982559942934388,1.3877690943802532e-11,8.491279971467194e-05
6.950000000000001,1.267040052182225e-22,0.00016325640876624142,1.2946591938319084e-11,8.162820438312071e-05
6.960000000000001,1.1469812748239538e-22,0.00015692563406553172,1.2076755629578088e-11,7.846281703276586e-05
6.970000000000001,1.0381948798732402e-22,0.00015082527155051753,1.1264234105616138e-11,7.541263577525876e-05
6.98,9.396324532749073e-23,0.00014494756042389079,1.0505328269853615e-11,7.247378021194539e-05
6.99,8.503421446798956e-23,0.00013928497646575994,9.796572530568422e-12,6.964248823287997e-05
7.0,7.69459862670642e-23,0.00013383022576488537,9.134720408364595e-12,6.691511288244268e-05
