x,input_left_intensity,input_right_intensity,kla_intensity,mil_intensity,conditional_ga_intensity
-7.0,0.0001070641806119083,6.155678901365137e-23,3.8864067780012763e-13,5.353209030595415e-05,7.307776326691677e-12
-6.99,0.00011142798117260795,6.802737157439165e-23,4.1679946601451144e-13,5.5713990586303976e-05,7.837258024454738e-12
-6.98,0.00011595804833911264,7.517059626199259e-23,4.469537891460984e-13,5.797902416955632e-05,8.404262615882892e-12
-6.97,0.00012066021724041446,8.305559038986041e-23,4.792417700816899e-13,6.033010862020723e-05,9.011387284492943e-12
-6.96,0.00012554050725242582,9.17585019859163e-23,5.138108539378992e-13,6.277025362621291e-05,9.66140450366254e-12
-6.95,0.00013060512701299363,1.0136320417458016e-22,5.508184203977015e-13,6.530256350649681e-05,1.0357273550655342e-11
-6.94,0.00013586047954347464,1.119620693412017e-22,5.90432435103472e-13,6.793023977173732e-05,1.1102152755041987e-11
-6.93,0.000141313167478057,1.2365681990236656e-22,6.328321425189277e-13,7.06565837390285e-05,1.189941252687851e-11
-6.92,0.0001469699984019657,1.3655946316348794e-22,6.782088028161487e-13,7.348499920098285e-05,1.2752649212707109e-11
-6.91,0.0001528379902996781,1.5079331846608969e-22,7.267664754959834e-13,7.641899514983905e-05,1.3665699830304662e-11
-6.9,0.0001589243771142179,1.6649414561622598e-22,7.787228526107617e-13,7.946218855710895e-05,1.464265773612457e-11
-6.89,0.0001652366144185807,1.838113844497328e-22,8.343101446283282e-13,8.261830720929036e-05,1.568788928257577e-11
-6.88,0.00017178238520029364,2.0290951633591897e-22,8.93776022155779e-13,8.589119260014682e-05,1.6806051525655588e-11
-6.87,0.0001785696057600817,2.2396955945677856e-22,9.573846169312788e-13,8.928480288004085e-05,1.8002111047025557e-11
-6.86,0.00018560643172555358,2.471907108322947e-22,1.0254175856926412e-12,9.280321586277679e-05,1.928136395838582e-11
-6.85,0.00019290126418079496,2.7279214930240536e-22,1.098175240743321e-12,9.645063209039748e-05,2.0649457159989388e-11
-6.84,0.0002004627559126886,3.010150150338829e-22,1.1759777512601532e-12,0.0001002313779563443,2.2112410929343635e-11
-6.83,0.00020829981777475398,3.321245826049038e-22,1.25916641962367e-12,0.00010414990888737699,2.36766429205933e-11
-6.82,0.00021642162516921664,3.664126463450506e-22,1.3481050373011505e-12,0.00010821081258460832,2.5348993659767417e-11
-6.81,0.0002248376246479895,4.0420013838545374e-22,1.443181325076428e-12,0.00011241881232399475,2.713675362603431e-11
-6.8,0.00023355754063316824,4.458400018176553e-22,1.5448084626983932e-12,0.00011677877031658412,2.904769201433441e-11
-6.79,0.0002425913822576034,4.917203434857575e-22,1.6534267133142972e-12,0.0001212956911288017,3.1090087280292094e-11
-6.78,0.00025194945032601726,5.422678932607441e-22,1.7695051483635207e-12,0.00012597472516300863,3.327275957412848e-11
-6.77,0.0002616423443971003,5.979517991884569e-22,1.8935434789350072e-12,0.00013082117219855014,3.560510517645588e-11
-6.76,0.00027168096998692385,6.592877906807128e-22,2.0260739999367517e-12,0.00013584048499346192,3.8097133055325396e-11
-6.75,0.00028207654589395637,7.268427449581333e-22,2.167663653790044e-12,0.00014103827294697818,4.0759503670749476e-11
-6.74,0.000292840611645868,8.012396952728066e-22,2.3189162207454024e-12,0.000146420305822934,4.360357016014605e-11
-6.73,0.00030398503506825667,8.831633230689093e-22,2.4804746433226092e-12,0.00015199251753412834,4.664142204577534e-11
-6.72,0.0003155220199753256,9.73365980204997e-22,2.653023492804759e-12,0.0001577610099876628,4.9885931613278794e-11
-6.71,0.00032746411398246314,1.0726742916954073e-21,2.837291586167098e-12,0.00016373205699123157,5.3350803118907556e-11
-6.7,0.0003398242164406012,1.181996394163412e-21,3.0340547622969214e-12,0.0001699121082203006,5.705062499196861e-11
-6.69,0.00035261558649210545,1.3023298703701077e-21,3.2441388268616197e-12,0.00017630779324605272,6.100092520843392e-11
-6.68,0.00036585185124788614,1.4347704458349742e-21,3.468422675710728e-12,0.00018292592562394307,6.521823002160052e-11
-6.67,0.00037954701408529656,1.5805215197327623e-21,3.707841607254205e-12,0.00018977350704264828,6.972012624615127e-11
-6.66,0.0003937154630663145,1.740904608992787e-21,3.963390834846351e-12,0.00019685773153315725,7.45253273030068e-11
-6.65,0.0004083719794753478,1.917370791884069e-21,4.2361292108225585e-12,0.0002041859897376739,7.965374324397604e-11
-6.64,0.0004235317464759486,2.1115132454054774e-21,4.527183174487938e-12,0.0002117658732379743,8.512655498746911e-11
-6.63,0.000439210357885567,2.3250809795717107e-21,4.837750937042656e-12,0.0002196051789427835,9.096629300943235e-11
-6.62,0.00045542382706740213,2.559993881260672e-21,5.169106917151926e-12,0.00022771191353370107,9.719692074726159e-11
-6.61,0.0004721885959382281,2.8183591907405107e-21,5.52260644162926e-12,0.00023609429796911404,1.038439229887531e-10
-6.6,0.0004895215440910185,3.1024895453975687e-21,5.899690726503251e-12,0.00024476077204550924,1.1093439953322538e-10
-6.59,0.0005074399980310061,3.4149227376373336e-21,6.301892154581979e-12,0.00025371999901550304,1.184971644278124e-10
-6.58,0.0005259617405237413,3.758443347506695e-21,6.730839866517531e-12,0.00026298087026187066,1.2656285109863304e-10
-6.57,0.0005451050200535133,4.136106425405398e-21,7.188265683307149e-12,0.00027255251002675663,1.3516402371410464e-10
-6.56,0.0005648885603904301,4.551263416415633e-21,7.676010379153005e-12,0.00028244428019521503,1.443352951361992e-10
-6.55,0.0005853315702642487,5.0075905354080815e-21,8.196030324636042e-12,0.00029266578513212436,1.54113451834873e-10
-6.54,0.0006064537531429683,5.5091198213121056e-21,8.75040452125083e-12,0.00030322687657148415,1.6453758616142375e-10
-6.53,0.0006282753171139749,6.06027311990002e-21,9.341342049491922e-12,0.00031413765855698746,1.7564923639803345e-10
-6.52,0.0006508169848654474,6.66589926730568e-21,9.971189953889608e-12,0.0003254084924327237,1.8749253502345663e-10
-6.51,0.0006741000037655223,7.331314771413812e-21,1.0642441589659256e-11,0.0003370500018827611,2.001143656586256e-10
-6.5,0.0006981461560366082,8.062348315440009e-21,1.1357745456962422e-11,0.0003490730780183041,2.1356452918102817e-10
-6.49,0.0007229777690220196,8.865389437630796e-21,1.2119914550178356e-11,0.0003614888845110098,2.278959195230446e-10
-6.48,0.0007486177255419824,9.74744177330194e-21,1.293193625105885e-11,0.0003743088627709912,2.431647096971555e-10
-6.47,0.0007750894743358775,1.0716181280608964e-20,1.3796982796187945e-11,0.00038754473716793875,2.594305486200484e-10
-6.46,0.0008024170405873902,1.1780019909779167e-20,1.471842235079404e-11,0.0004012085202936951,2.7675676933822756e-10
-6.45,0.0008306250365291283,1.2948175217303508e-20,1.5699830722676336e-11,0.00041531251826456417,2.952106092899654e-10
-6.4399999999999995,0.0008597386721229894,1.4230746472077372e-20,1.6745003751798627e-11,0.0004298693360614947,3.148634432721163e-10
-6.43,0.0008897837658124537,1.5638797850059912e-20,1.7857970412996822e-11,0.00044489188290622685,3.3579102981591113e-10
-6.42,0.0009207867553427877,1.718444936798448e-20,1.9043006671227162e-11,0.00046039337767139385,3.5807377171309526e-10
-6.41,0.0009527747086448935,1.8880976265459006e-20,2.0304650130863607e-11,0.00047638735432244675,3.817969914729122e-10
-6.4,0.0009857753347784143,2.074291760880297e-20,2.1647715522742398e-11,0.0004928876673892072,4.0705122253160313e-10
-6.39,0.0010198169949294682,2.278619495967625e-20,2.3077311074946378e-11,0.0005099084974647341,4.3393251707924384e-10
-6.38,0.001054928713458194,2.5028242027435644e-20,2.4598855815731673e-11,0.000527464356729097,4.625427714140497e-10
-6.37,0.0010911401889911229,2.748814630675979e-20,2.6218097859533034e-11,0.0005455700944955614,4.929900697819293e-10
-6.36,0.0011284818055531062,3.018680379200402e-20,2.794113372963394e-11,0.0005642409027765531,5.253890477088864e-10
-6.35,0.0011669846437333978,3.3147087957568246e-20,2.9774428773880126e-11,0.0005834923218666989,5.598612758863844e-10
-6.34,0.001206680491880246,3.639403430008849e-20,3.172483873273474e-11,0.000603340245940123,5.965356657246803e-10
-6.33,0.0012476018573181532,3.9955041854069056e-20,3.37996325220441e-11,0.0006238009286590766,6.355488977468813e-10
-6.32,0.0012897819775816986,4.3860093218666335e-20,3.600651629609629e-11,0.0006448909887908493,6.770458740568925e-10
-6.31,0.0013332548316596663,4.814199477042334e-20,3.835365885993411e-11,0.0006666274158298332,7.211801961779692e-10
-6.3,0.001378055151242945,5.283663888591448e-20,4.084971850341513e-11,0.0006890275756214725,7.68114669624987e-10
-6.29,0.0014242184319695032,5.798329016048089e-20,4.350387133323325e-11,0.0007121092159847516,8.180218366435193e-10
-6.28,0.0014717809446594223,6.362489778558933e-20,4.632584118298964e-11,0.0007358904723297112,8.710845386216513e-10
-6.27,0.0015207797465328658,6.980843643922313e-20,4.9325931185490945e-11,0.0007603898732664329,9.27496509757361e-10
-6.26,0.001571252692403501,7.658527825215749e-20,5.251505709571814e-11,0.0007856263462017505,9.874630036445062e-10
-6.25,0.0016232384458398147,8.401159863976297e-20,5.590478245738993e-11,0.0008116192229199073,1.0512014545247072e-09
-6.24,0.0016767764902863537,9.214881903530599e-20,5.950735571072886e-11,0.0008383882451431768,1.1189421750404902e-09
-6.23,0.001731907140136847,1.0106408982858689e-19,6.333574934396043e-11,0.0008659535700684235,1.1909290924176128e-09
-6.22,0.0017886715517508344,1.1083081710478171e-19,6.740370119621646e-11,0.0008943357758754173,1.267420525101164e-09
-6.21,0.0018471117344051966,1.2152923709458205e-19,7.172575802490348e-11,0.0009235558672025984,1.3486900019713608e-09
-6.2,0.0019072705611718724,1.3324704259039433e-19,7.631732145624929e-11,0.0009536352805859363,1.4350271263712637e-09
-6.1899999999999995,0.001969191779712564,1.4608006595651136e-19,8.119469644363737e-11,0.000984595889856282,1.5267384872894928e-09
-6.18,0.0020329200229812212,1.601330237668131e-19,8.63751423645294e-11,0.0010164600114906106,1.6241486201574446e-09
-6.17,0.0020985008198248197,1.7552032854376154e-19,9.187692689326585e-11,0.0010492504099124098,1.7276010198425233e-09
-6.16,0.00216598060547256,1.9236697355085183e-19,9.771938279377692e-11,0.00108299030273628,1.8374592085456949e-09
-6.15,0.002235406731903554,2.1080949710994141e-19,1.0392296778336133e-10,0.001117703365951777,1.954107861445636e-09
-6.14,0.002306827478082753,2.3099703347876694e-19,1.1050932762608659e-10,0.0011534137390413768,2.0779539930708324e-09
-6.13,0.002380292060054603,2.530924579361217e-19,1.1750136262212298e-10,0.0011901460300273018,2.2094282075268722e-09
-6.12,0.0024558506408837925,2.772736343866284e-19,1.249232976674597e-10,0.0012279253204418965,2.348986015859145e-09
-6.11,0.00253355434043206,3.037347745183783e-19,1.3280075606690265e-10,0.0012667771702160303,2.49710922399011e-09
-6.1,0.00261345524495994,3.326879183292128e-19,1.411608372921666e-10,0.0013067276224799703,2.6543073948378443e-09
-6.09,0.002695606416541985,3.643645466871461e-19,1.500321988861113e-10,0.0013478032082709927,2.8211193883963047e-09
-6.08,0.0027800619022839506,3.990173375116873e-19,1.5944514272390864e-10,0.0013900309511419755,2.9981149837408312e-09
-6.07,0.002866876743329887,4.369220781628103e-19,1.694317058520196e-10,0.0014334383716649438,3.1858965871121427e-09
-6.06,0.002956106983647231,4.783797477089748e-19,1.8002575613648447e-10,0.0014780534918236157,3.3851010304319153e-09
-6.05,0.0030478096785774484,5.237187839217471e-19,1.9126309296307134e-10,0.0015239048392887244,3.5964014648105967e-09
-6.04,0.003142042903139823,5.732975511208853e-19,2.0318155324340433e-10,0.0015710214515699118,3.820509353825821e-09
-6.03,0.003238865760075541,6.275070263765431e-19,2.1582112299324446e-10,0.0016194328800377708,4.058176571576385e-09
-6.02,0.0033383383876191726,6.867737230764273e-19,2.292240547617244e-10,0.0016691691938095867,4.310197610754208e-09
-6.01,0.00344052196698436,7.515628724909253e-19,2.4343499120348684e-10,0.0017202609834921804,4.577411906223918e-09
-6.0,0.003545478729550406,8.223818857335134e-19,2.5850109509944454e-10,0.0017727393647752035,4.860706279858629e-09
-5.99,0.0036532719637361166,8.997841204238322e-19,2.7447218614618364e-10,0.0018266359818680587,5.161017512649401e-09
-5.98,0.0037639660215471773,9.84372978432553e-19,2.914008848490678e-10,0.001881983010773589,5.479335050388607e-09
-5.97,0.0038776263247831625,1.0768063633313849e-18,3.0934276386966323e-10,0.0019388131623915817,5.816703849520087e-09
-5.96,0.003994319370889901,1.1778015286035408e-18,3.2835650719445835e-10,0.001997159685444951,6.174227370056423e-09
-5.95,0.004114112738443152,1.2881403503052799e-18,3.485040775088492e-10,0.0020570563692215763,6.553070722783339e-09
-5.9399999999999995,0.0042370750922488196,1.4086750607224903e-18,3.698508921780723e-10,0.0021185375461244106,6.9544639783041895e-09
-5.93,0.0043632761880452444,1.5403344826595166e-18,3.924660082553072e-10,0.002181638094022623,7.379705645826177e-09
-5.92,0.004492786876792775,1.6841308073446762e-18,4.1642231695647826e-10,0.0022463934383963884,7.830166329952944e-09
-5.91,0.004625679108535579,1.8411669625639966e-18,4.4179674806132683e-10,0.00231283955426779,8.307292574125061e-09
-5.9,0.004762025935820679,2.0126446215611238e-18,4.686704847213806e-10,0.0023810129679103405,8.812610899745846e-09
-5.89,0.004901901516658955,2.1998729074924235e-18,4.971291891772503e-10,0.002450950758329479,9.347732050439896e-09
-5.88,0.005045381117012742,2.404277852828964e-18,5.27263239910463e-10,0.0025226905585063724,9.914355451320104e-09
-5.87,0.005192541112794692,2.6274126780780913e-18,5.591679807788052e-10,0.0025962705563973474,1.0514273893585714e-08
-5.859999999999999,0.005343458991362102,2.8709689595905424e-18,5.929439827088254e-10,0.0026717294956810525,1.1149378455237992e-08
-5.85,0.005498213352491183,3.1367887620513147e-18,6.286973185448829e-10,0.0027491066762455932,1.1821663669184045e-08
-5.84,0.005656883908815559,3.4268778175701188e-18,6.665398516810787e-10,0.0028284419544077812,1.2533232950506059e-08
-5.83,0.005819551485712975,3.743419840114798e-18,7.06589539130083e-10,0.0029097757428564893,1.3286304295193637e-08
-5.82,0.005986298020624443,4.088792071423813e-18,7.489707497122105e-10,0.002993149010312224,1.4083216263188627e-08
-5.8100000000000005,0.00615720656178985,4.465582162526959e-18,7.93814598078151e-10,0.003078603280894927,1.492643425915689e-08
-5.8,0.0063323612663839755,4.8766065036499344e-18,8.412592953103617e-10,0.0031661806331919904,1.581855712499574e-08
-5.79,0.006511847398036817,5.324930124628753e-18,8.914505168808851e-10,0.0032559236990184113,1.676232405870164e-08
-5.78,0.0066957513237224184,5.813888298070398e-18,9.445417887774161e-10,0.0033478756618612123,1.776062187486321e-08
-5.77,0.0068841605099997484,6.347109988430871e-18,1.0006948926449663e-09,0.0034420802549998773,1.8816492622712672e-08
-5.76,0.007077163518589786,6.928543301994526e-18,1.0600802908272827e-09,0.0035385817592948963,1.9933141578360796e-08
-5.75,0.007274850001272842,7.562483105522283e-18,1.1228775722306796e-09,0.003637425000636425,2.111394562856459e-08
-5.74,0.007477310694089827,8.25360099513585e-18,1.189275919972662e-09,0.003738655347044918,2.2362462064123723e-08
-5.73,0.007684637410831661,9.006977811934321e-18,1.2594746018193283e-09,0.0038423187054158346,2.368243780178404e-08
-5.72,0.007896923035800916,9.828138916960956e-18,1.3336834844585741e-09,0.003948461517900463,2.5077819054335833e-08
-5.71,0.008114261515829663,1.0723092455562056e-17,1.4121235727008903e-09,0.004057130757914837,2.6552761469436306e-08
-5.7,0.008336747851538073,1.1698370860005266e-17,1.4950275747462344e-09,0.0041683739257690425,2.8111640758563474e-08
-5.6899999999999995,0.008564478087817759,1.2761075859548141e-17,1.5826404947035315e-09,0.004282239043908885,2.9759063838412933e-08
-5.68,0.00879754930352447,1.391892728912498e-17,1.6752202535998873e-09,0.004398774651762242,3.1499880507998804e-08
-5.67,0.009036059600364908,1.518031601151931e-17,1.7730383401686379e-09,0.004518029800182462,3.333919568569881e-08
-5.66,0.00928010809096205,1.655436129351494e-17,1.876380492759337e-09,0.004640054045481034,3.5282382231498466e-08
-5.65,0.009529794886084138,1.805097300416507e-17,1.985547413769412e-09,0.0047648974430420776,3.7335094380754055e-08
-5.64,0.009785221081022392,1.9680919033174864e-17,2.1008555180551627e-09,0.004892610540511206,3.95032818168836e-08
-5.63,0.01004648874110257,2.145589835962044e-17,2.2226377168406302e-09,0.005023244370551295,4.17932044115395e-08
-5.62,0.010313700886316245,2.338862023601117e-17,2.351244238705694e-09,0.005156850443158134,4.421144766199773e-08
-5.609999999999999,0.01058696147505711,2.5492889990248502e-17,2.4870434892997587e-09,0.005293480737528568,4.676493885672066e-08
-5.6,0.010866375386948507,2.7783701988529667e-17,2.630422951495243e-09,0.0054331876934742675,4.946096400132686e-08
-5.59,0.011152048404748661,3.0277340345978715e-17,2.7817901277653035e-09,0.005576024202374345,5.2307185538521164e-08
-5.58,0.011444087195319754,3.2991488018920183e-17,2.9415735266425967e-09,0.005722043597659893,5.531166089689919e-08
-5.57,0.01174259928964802,3.594534496359541e-17,3.1102236951917567e-09,0.005871299644824028,5.8482861904967487e-08
-5.5600000000000005,0.012047693061901945,3.915975610098694e-17,3.2882142995060668e-09,0.006023846530950993,6.182969510818303e-08
-5.55,0.01235947770751614,4.265734988658728e-17,3.4760432553201615e-09,0.006179738853758092,6.536152302834576e-08
-5.54,0.012678063220288655,4.646268834776785e-17,3.6742339109140886e-09,0.006339031610144351,6.908818640624791e-08
-5.53,0.013003560368480395,5.06024295201977e-17,3.883336284571712e-09,0.0065017801842402224,7.302002747013181e-08
-5.52,0.013336080669904863,5.5105503288961756e-17,4.103928358945728e-09,0.006668040334952459,7.716791427418708e-08
-5.51,0.013675736365997566,6.000330171995193e-17,4.336617434775411e-09,0.006837868182998814,8.154326615308235e-08
-5.5,0.014022640394854832,6.532988505335641e-17,4.582041546499943e-09,0.007011320197427449,8.615808034034621e-08
-5.49,0.014376906363231707,7.112220462389827e-17,4.840870942409383e-09,0.007188453181615889,9.102495980027673e-08
-5.48,0.014738648517489626,7.742034407262017e-17,5.113809632079903e-09,0.007369324258744852,9.615714232502586e-08
-5.47,0.015107981713484951,8.426778032285665e-17,5.401597003946225e-09,0.007553990856742518,1.0156853095050346e-07
-5.46,0.015485021385389573,9.171166590922072e-17,5.70500951597545e-09,0.007742510692694832,1.0727372574683804e-07
-5.45,0.01586988351343625,9.98031343736603e-17,6.024862462521269e-09,0.007934941756718175,1.1328805704128944e-07
-5.4399999999999995,0.016262684590580685,1.085976305773763e-16,6.36201182055552e-09,0.008131342295290396,1.19627620133728e-07
-5.43,0.016663541588073764,1.1815526792273845e-16,6.717356178597395e-09,0.00833177079403694,1.2630931156711253e-07
-5.42,0.017072571919938228,1.2854121463557382e-16,7.091838751787279e-09,0.008536285959969178,1.3335086701778262e-07
-5.41,0.01748989340634351,1.398261114266811e-16,7.486449486682832e-09,0.008744946703171825,1.4077090087283674e-07
-5.4,0.017915624235874308,1.5208652303263712e-16,7.902227259490874e-09,0.00895781211793723,1.4858894756442318e-07
-5.39,0.018349882926688574,1.6540542633113996e-16,8.340262171588707e-09,0.00917494146334437,1.5682550473340608e-07
-5.38,0.018792788286561096,1.7987273793615738e-16,8.801697946332356e-09,0.009396394143280638,1.6550207829757243e-07
-5.37,0.01924445937181038,1.9558588440419605e-16,9.287734431300068e-09,0.009622229685905287,1.7464122950238312e-07
-5.359999999999999,0.019705015445106028,2.1265041842635232e-16,9.79963021027184e-09,0.00985250772255312,1.842666240351375e-07
-5.35,0.020174575932155533,2.311806846423917e-16,1.0338705329406489e-08,0.010087287966077883,1.9440308328644286e-07
-5.34,0.020653260377270152,2.513005389949483e-16,1.0906344142241942e-08,0.010326630188635201,2.050766378459675e-07
-5.33,0.02114118839780938,2.731441258446366e-16,1.150399827831345e-08,0.010570594198904828,2.1631458332263444e-07
-5.32,0.02163847963750541,2.968567173929077e-16,1.2133189740360218e-08,0.010819239818752855,2.2814553858271812e-07
-5.3100000000000005,0.02214525371866923,3.225956203098091e-16,1.2795514135271774e-08,0.011072626859334776,2.405995065027058e-07
-5.3,0.022661630193280952,3.5053115484074613e-16,1.3492644044111035e-08,0.011330815096640651,2.537079373372781e-07
-5.29,0.023187728492967533,3.808477120714998e-16,1.4226332536743726e-08,0.011593864246483957,2.67503794806384e-07
-5.28,0.023723667877873,4.137448954664376e-16,1.499841683680248e-08,0.011861833938936707,2.8202162500912307e-07
-5.27,0.024269567384425334,4.494387532632626e-16,1.5810822142916764e-08,0.012134783692212893,2.9729762827596055e-07
-5.26,0.02482554577200662,4.881631088107683e-16,1.666556561235166e-08,0.012412772886003554,3.1336973407478533e-07
-5.25,0.025391721468533936,5.301709964775002e-16,1.7564760513415434e-08,0.012695860734267234,3.3027767909039987e-07
-5.24,0.025968212514957956,5.757362113401795e-16,1.8510620553218103e-08,0.012984106257479266,3.480630886012088e-07
-5.23,0.026555136508688876,6.251549814856941e-16,1.9505464387594585e-08,0.01327756825434475,3.6676956128122636e-07
-5.22,0.027152610545959372,6.787477724315445e-16,2.0551720320242846e-08,0.013576305272980026,3.8644275755997465e-07
-5.21,0.027760751163135058,7.368612338904822e-16,2.1651931198370506e-08,0.013880375581567897,4.071304916774128e-07
-5.2,0.02837967427698514,7.998702998797744e-16,2.2808759512396913e-08,0.01418983713849297,4.288828275758092e-07
-5.1899999999999995,0.029009495123925005,8.6818045400666e-16,2.402499270751283e-08,0.014504747561962936,4.5175217877526243e-07
-5.18,0.02965032819824521,9.422301726554696e-16,2.530354871516807e-08,0.014825164099123076,4.7579341238462113e-07
-5.17,0.030302287189341987,1.0224935597600515e-15,2.6647481712831805e-08,0.015151143594671505,5.010639574047122e-07
-5.16,0.030965484917964487,1.1094831878753105e-15,2.805998812064845e-08,0.015482742458982799,5.276239174860173e-07
-5.15,0.03164003327149616,1.2037531613665583e-15,2.9544412843903907e-08,0.01582001663574868,5.555361883084271e-07
-5.14,0.032326043138288275,1.3059024187217587e-15,3.110425577051372e-08,0.01616302156914479,5.848665797562802e-07
-5.13,0.03302362434106434,1.4165782922650192e-15,3.274317853304855e-08,0.016511812170532877,6.156839430676104e-07
-5.12,0.03373288556941625,1.536480344915633e-15,3.446501154513055e-08,0.01686644278470889,6.480603031425077e-07
-5.109999999999999,0.03445393431141262,1.6663645051034856e-15,3.627376132234987e-08,0.017226967155707144,6.820709962014312e-07
-5.1,0.035186876784341785,1.8070475225234427e-15,3.8173618098188204e-08,0.017593438392171794,7.17794812990667e-07
-5.09,0.035931817864613684,1.9594117690997307e-15,4.016896374577417e-08,0.01796590893230782,7.5531414773847e-07
-5.08,0.03668886101684392,2.12441041133962e-15,4.22643800166406e-08,0.01834443050842302,7.947151530719296e-07
-5.07,0.037458108222146506,2.3030729821975137e-15,4.446465710801867e-08,0.018729054111074405,8.360879011114543e-07
-5.0600000000000005,0.038239659905661576,2.4965113826511053e-15,4.6774802570565116e-08,0.019119829952832037,8.795265509665609e-07
-5.05,0.03903361486334622,2.7059263454229245e-15,4.920005056879949e-08,0.019516807431674464,9.251295228638267e-07
-5.04,0.039840070188056624,2.932614395673035e-15,5.174587150691198e-08,0.01992003509402978,9.729996791450544e-07
-5.03,0.040659121194952935,3.1779753460527898e-15,5.4417982033003195e-08,0.020329560597478057,1.0232445123812594e-06
-5.02,0.04149086134625649,3.4435203662594057e-15,5.722235543521546e-08,0.020745430673129967,1.0759763408555557e-06
-5.01,0.04233538217539226,3.730880670174354e-15,6.016523244363894e-08,0.021167691087697997,1.131312511676003e-06
-5.0,0.043192773210550456,4.041816866829514e-15,6.325313245230008e-08,0.021596386605277247,1.1893756117874384e-06
-4.99,0.0440631218977006,4.3782290248228e-15,6.649286517597103e-08,0.02203156094885249,1.2502936871594321e-06
-4.98,0.044946513523094395,4.742167503432119e-15,6.989154275699345e-08,0.022473256761549567,1.314200470436057e-06
-4.97,0.04584303113529373,5.135844607556072e-15,7.345659233776223e-08,0.02292151556764943,1.381235617341659e-06
-4.96,0.046752755466761185,5.5616471277683e-15,7.719576911498301e-08,0.023376377733383375,1.4515449521456244e-06
-4.95,0.04767576485505284,6.0221498312247904e-15,8.111716989230151e-08,0.023837882427529433,1.525280722498249e-06
-4.9399999999999995,0.04861213516365187,6.520129973930639e-15,8.522924714838144e-08,0.024306067581829197,1.6026018639588e-06
-4.93,0.04956193970248416,7.058582909978656e-15,8.954082363801924e-08,0.02478096985124561,1.683674274546504e-06
-4.92,0.050525249148158924,7.640738878837063e-15,9.406110754439287e-08,0.025262624574083282,1.768671099654737e-06
-4.91,0.051502131463975476,8.270081057613032e-15,9.879970820105671e-08,0.025751065731991873,1.8577730276783977e-06
-4.9,0.05249265181974125,8.950364971481454e-15,1.0376665240283996e-07,0.0262463259098751,1.951168596714682e-06
-4.890000000000001,0.053496872511445664,9.685639362168609e-15,1.0897240132534508e-07,0.026748436255727676,2.0490545127076246e-06
-4.88,0.05451485288083568,1.0480268621551114e-14,1.1442786807329856e-07,0.027257426440423078,2.1516359794172192e-06
-4.87,0.05554664923493935,1.1338956905102299e-14,1.201444358785769e-07,0.027773324617475344,2.259127040604657e-06
-4.859999999999999,0.05659231476558677,1.226677404812641e-14,1.2613397696931558e-07,0.02829615738279952,2.371750934836227e-06
-4.85,0.057651899468974435,1.3269183416498532e-14,1.3240887213208014e-07,0.02882594973449385,2.489740463319156e-06
-4.84,0.058725450065325535,1.4352071833021408e-14,1.389820309897137e-07,0.029362725032669942,2.6133383711946202e-06
-4.83,0.059813009918694086,1.5521781730547532e-14,1.458669130180538e-07,0.029906504959354804,2.7427977427240314e-06
-4.82,0.06091461895696583,1.6785145693757567e-14,1.5307754932536552e-07,0.030457309478491307,2.878382410816998e-06
-4.8100000000000005,0.06203031359210714,1.8149523562962407e-14,1.6062856521895922e-07,0.031015156796062645,3.020367381361063e-06
-4.8,0.06316012664071535,1.962284228557146e-14,1.6853520358411918e-07,0.03158006332036749,3.1690392728256604e-06
-4.79,0.06430408724492334,2.121363871398751e-14,1.7681334910111798e-07,0.03215204362247228,3.324696771624961e-06
-4.779999999999999,0.06546222079371432,2.2931105562710658e-14,1.8547955332678643e-07,0.03273111039686862,3.4876511037373225e-06
-4.77,0.06663454884469965,2.478514075241373e-14,1.9455106066776008e-07,0.033317274422362216,3.658226523091316e-06
-4.76,0.0678210890464178,2.6786400384768598e-14,2.040458352732532e-07,0.03391054452322229,3.8367608172420175e-06
-4.75,0.06902185506120923,2.894635560890014e-14,2.1398258887588642e-07,0.03451092753061909,4.023605830873957e-06
-4.74,0.07023685648872448,3.127735365862436e-14,2.243808096098348e-07,0.03511842824437788,4.219128007681044e-06
-4.73,0.07146609879012394,3.379268335914162e-14,2.3526079183627945e-07,0.03573304939507887,4.423708951187242e-06
-4.72,0.07270958321302633,3.650664542270316e-14,2.4664366700689215e-07,0.03635479160653142,4.63774600508583e-06
-4.71,0.07396730671726455,3.9434627875028594e-14,2.5855143559681826e-07,0.036983653358651995,4.861652853688893e-06
-4.699999999999999,0.07523926190150965,4.2593186978023855e-14,2.7100700013942127e-07,0.03761963095077612,5.095860143093699e-06
-4.6899999999999995,0.07652543693081927,4.600013403972004e-14,2.8403419939576203e-07,0.03826271846543264,5.340816123685989e-06
-4.68,0.07782581546517403,4.967462852945007e-14,2.9765784369264525e-07,0.03891290773261185,5.596987314616324e-06
-4.67,0.07914037658905898,5.363727794518746e-14,3.119037514637828e-07,0.03957018829455631,5.864859190899157e-06
-4.66,0.08046909474215246,5.791024491083199e-14,3.2679878702947943e-07,0.040234547371105184,6.144936893800365e-06
-4.65,0.08181193965118239,6.251736201415998e-14,3.423708996510356e-07,0.04090596982562245,6.437745965193837e-06
-4.640000000000001,0.08316887626301128,6.7484254931284e-14,3.5864916389687626e-07,0.041584438131539385,6.743833106582994e-06
-4.63,0.08453986467901091,7.283847442095614e-14,3.756638213582717e-07,0.04226993233954188,7.063766963499278e-06
-4.62,0.08592486009078704,7.86096378120307e-14,3.9344632375330914e-07,0.04296243004543282,7.398138936004494e-06
-4.609999999999999,0.087323812717318,8.482958065005331e-14,4.120293774586897e-07,0.043661906358701416,7.747564016041178e-06
-4.6,0.08873666774356452,9.153251921441096e-14,4.314469895096865e-07,0.04436833387182803,8.112681652389408e-06
-4.59,0.09016336526061648,9.875522466600241e-14,4.517345151095656e-07,0.04508168263035762,8.494156644006714e-06
-4.58,0.0916038402074339,1.0653720963706166e-13,4.729287066905475e-07,0.04580192010377022,8.892680062542232e-06
-4.57,0.09305802231424563,1.1492092812992737e-13,4.950677645693318e-07,0.04652901115718028,9.308970204834135e-06
-4.5600000000000005,0.09452583604766578,1.239519896502878e-13,5.181913892410398e-07,0.047262918023894866,9.743773576214926e-06
-4.55,0.09600720055758853,1.3367938856307006e-13,5.423408353563633e-07,0.04800360027886111,1.0197865905466774e-05
-4.54,0.09750202962592143,1.4415574972587758e-13,5.675589674275375e-07,0.048751014813032796,1.0672053192284672e-05
-4.529999999999999,0.09901023161721861,1.5543759152600789e-13,5.938903173097497e-07,0.04950511580868702,1.1167172788123858e-05
-4.52,0.1005317094312706,1.6758560752282953e-13,6.213811435053596e-07,0.050265854715719094,1.1684094511322354e-05
-4.51,0.10206636045771354,1.806649679780478e-13,6.500794923393635e-07,0.0510331802289471,1.2223721797409297e-05
-4.5,0.1036140765327134,1.947456426423208e-13,6.800352610553124e-07,0.051807038266454074,1.2786992885524384e-05
-4.49,0.10517474389778479,2.0990274625830365e-13,7.113002628818684e-07,0.05258737194899735,1.3374882041892058e-05
-4.48,0.10674824316080178,2.2621690833766528e-13,7.439282941210991e-07,0.053374121580514,1.3988400821311311e-05
-4.47,0.10833444925925706,2.437746688734805e-13,7.779752033104586e-07,0.05416722462975042,1.4628599367637905e-05
-4.46,0.10993323142582544,2.6266890175990996e-13,8.134989625113831e-07,0.05496661571304405,1.529656775425419e-05
-4.449999999999999,0.11154445315628836,2.829992678087925e-13,8.505597407783026e-07,0.05577222657828568,1.599343736553829e-05
-4.4399999999999995,0.11316797217987114,3.048726993779437e-13,8.892199798627333e-07,0.056583986090088,1.6720382320360387e-05
-4.43,0.11480364043204999,3.284039187593449e-13,9.295444722081289e-07,0.0574018202161892,1.7478620938653178e-05
-4.42,0.11645130402987809,3.5371599261714055e-13,9.716004412919235e-07,0.058225652015115904,1.8269417252117535e-05
-4.41,0.11811080324988457,3.8094092491635244e-13,1.0154576243722143e-06,0.05905540162513276,1.9094082560143682e-05
-4.4,0.11978197250859585,4.1022029094373304e-13,1.0611883576973215e-06,0.05989098625450303,1.995397703204283e-05
-4.390000000000001,0.12146464034572926,4.417059151929498e-13,1.1088676642374264e-06,0.06073232017308548,2.0850511356702606e-05
-4.38,0.12315862941010698,4.755605960679719e-13,1.1585733439982753e-06,0.06157931470529127,2.178514844079409e-05
-4.37,0.12486375644833668,5.119588805516431e-13,1.2103860669778347e-06,0.06243187822442432,2.275940515667545e-05
-4.359999999999999,0.12657983229630657,5.510878921919011e-13,1.2643894688276825e-06,0.06328991614842883,2.377485414115385e-05
-4.35,0.12830666187353576,5.93148215976349e-13,1.3206702492816004e-06,0.06415333093706445,2.4833125646280216e-05
-4.34,0.13004404418042734,6.38354843898255e-13,1.379318273414873e-06,0.06502202209053284,2.5935909443371022e-05
-4.33,0.13179177229846145,6.869381852635569e-13,1.440426675798392e-06,0.0658958861495742,2.7084956781462313e-05
-4.32,0.133549633393371,7.391451460509282e-13,1.504091967612583e-06,0.06677481669705508,2.8282082401418477e-05
-4.3100000000000005,0.13531740872133785,7.95240281915542e-13,1.570414146786936e-06,0.06765870436106655,2.9529166606932855e-05
-4.3,0.13709487363824593,8.555070297233312e-13,1.6394968112316043e-06,0.06854743681955072,3.08281573936697e-05
-4.29,0.1388817976120264,9.202490228171098e-13,1.711447275228306e-06,0.06944089880647332,3.218107263781198e-05
-4.279999999999999,0.14067794423813004,9.897914955502431e-13,1.7863766890485604e-06,0.07033897211955992,3.359000234529398e-05
-4.27,0.14248307125815496,1.0644827829782658e-12,1.8644001618677304e-06,0.07124153562960972,3.50571109630065e-05
-4.26,0.14429693058166432,1.1446959219761656e-12,1.9456368880443604e-06,0.0721484652914045,3.658463975328105e-05
-4.25,0.14611926831121755,1.2308303604490201e-12,2.0302102768345206e-06,0.07305963415622418,3.817490923296396e-05
-4.24,0.1479498247706442,1.3233137817288825e-12,2.1182480856118514e-06,0.07397491238598375,3.9830321678409675e-05
-4.23,0.14978833453658355,1.4226040517019961e-12,2.2098825566642878e-06,0.07489416726900308,4.1553363697727825e-05
-4.22,0.15163452647331224,1.5291912966893162e-12,2.305250557639145e-06,0.07581726323742072,4.334660887163212e-05
-4.21,0.15348812377087953,1.6436001206115623e-12,2.404493725708636e-06,0.07674406188626157,4.521272046424593e-05
-4.199999999999999,0.1553488439865705,1.766391970509724e-12,2.507758615528527e-06,0.07767442199416845,4.715445420523205e-05
-4.1899999999999995,0.15721639908970933,1.898167660063928e-12,2.6151968510627504e-06,0.07860819954580375,4.917466114461555e-05
-4.18,0.1590904955098208,2.0395700613612857e-12,2.726965281347629e-06,0.07954524775593018,5.127629058168488e-05
-4.17,0.16097083418815794,2.1912869758070923e-12,2.843226140269171e-06,0.08048541709517461,5.346239306935249e-05
-4.16,0.16285711063260755,2.354054195757363e-12,2.9641472104277098e-06,0.0814285553174808,5.573612349537148e-05
-4.15,0.16474901497597974,2.5286587691752514e-12,3.0899019911639987e-06,0.0823745074892542,5.810074424180187e-05
-4.140000000000001,0.16664623203768658,2.7159424803821743e-12,3.220669870821333e-06,0.08332311602020126,6.0559628424128755e-05
-4.13,0.16854844138881228,2.9168055607894255e-12,3.3566363033182754e-06,0.08427422069586454,6.311626321143447e-05
-4.12,0.1704553174205743,3.1322106443596137e-12,3.497992989106644e-06,0.08522765871185325,6.577425322902881e-05
-4.109999999999999,0.17236652941617592,3.363186983463091e-12,3.6449380605896743e-06,0.08618326470976956,6.853732404494573e-05
-4.1,0.17428174162604052,3.610834941764415e-12,3.797676272074791e-06,0.08714087081482567,7.140932574170635e-05
-4.09,0.1762006133464267,3.876330781803154e-12,3.956419194335908e-06,0.08810030667515152,7.439423657475673e-05
-4.08,0.17812279900140893,4.160931766021737e-12,4.121385413859427e-06,0.08906139950278492,7.749616671897542e-05
-4.07,0.18004794822821568,4.465981591148865e-12,4.292800736848453e-06,0.09002397411634083,8.071936210465155e-05
-4.0600000000000005,0.18197570596590862,4.792916177068758e-12,4.470898398058946e-06,0.09098785298535077,8.40682083443201e-05
-4.05,0.1839057125473865,5.143269832602917e-12,4.655919274541541e-06,0.09195285627626489,8.754723475184045e-05
-4.04,0.18583760379469297,5.51868182200181e-12,4.848112104362078e-06,0.09291880190010582,9.116111845509169e-05
-4.029999999999999,0.1877710111176096,5.920903357397961e-12,5.0477337103736005e-06,0.09388550556176525,9.491468860365297e-05
-4.02,0.18970556161550378,6.3518050440084935e-12,5.255049229111638e-06,0.0948527808109278,9.881293067281895e-05
-4.01,0.19164087818241074,6.813384806505123e-12,5.470332344884362e-06,0.09582043909461206,0.00010286099086529686
-4.0,0.19357657961531471,7.307776326691677e-12,5.693865529127993e-06,0.09678828981131124,0.0001070641806119083
-3.9899999999999998,0.1955122807255997,7.837258024454738e-12,5.925940285097261e-06,0.09775614036671848,0.00011142798117260816
-3.98,0.1974475924536342,8.404262615882892e-12,6.166857397959625e-06,0.09872379623101922,0.00011595804833911285
-3.9699999999999998,0.1993821219864528,9.011387284492943e-12,6.416927190361147e-06,0.09969106099773209,0.00012066021724041446
-3.96,0.20131547287849372,9.66140450366254e-12,6.676469783530242e-06,0.10065773644407756,0.00012554050725242582
-3.9499999999999997,0.20324724517535128,1.0357273550655415e-11,6.945815363985106e-06,0.10162362259285428,0.00013060512701299385
-3.94,0.20517703554049627,1.1102152755042026e-11,7.225304455908285e-06,0.1025885177757992,0.00013586047954347488
-3.9299999999999997,0.20710443738491913,1.189941252687851e-11,7.515288199251444e-06,0.10355221869840928,0.000141313167478057
-3.92,0.20902904099964253,1.2752649212707109e-11,7.816128633630733e-06,0.1045145205061976,0.0001469699984019657
-3.91,0.2109504336910545,1.3665699830304662e-11,8.128198988072606e-06,0.10547521685236011,0.0001528379902996781
-3.9,0.2128681999190039,1.464265773612457e-11,8.451883976667142e-06,0.10643409996682328,0.00015892437711421817
-3.89,0.21478192143760189,1.5687889282575714e-11,8.787580100184537e-06,0.10739096072664489,0.0001652366144185804
-3.88,0.21669117743867045,1.6806051525655588e-11,9.135695953708611e-06,0.10834558872773825,0.00017178238520029364
-3.87,0.21859554469777298,1.8002111047025557e-11,9.496652540338179e-06,0.10929777235788754,0.0001785696057600817
-3.86,0.2204945977227654,1.928136395838596e-11,9.87088359100592e-06,0.11024729887102337,0.0001856064317255539
-3.85,0.2223879089047972,2.0649457159989388e-11,1.0258835890460955e-05,0.11119395446272333,0.0001929012641807946
-3.84,0.2242750486716965,2.2112410929343635e-11,1.0660969609459677e-05,0.11213752434690447,0.0002004627559126886
-3.83,0.22615558564366423,2.36766429205933e-11,1.1077758643205801e-05,0.11307779283367043,0.00020829981777475398
-3.82,0.22802908679120582,2.5348993659767417e-11,1.1509690956078751e-05,0.11401454340827741,0.0002164216251692168
-3.81,0.22989511759522263,2.713675362603412e-11,1.1957268932685528e-05,0.1149475588111797,0.00022483762464798907
-3.8,0.23175324220918628,2.904769201433441e-11,1.2421009735268959e-05,0.11587662111911698,0.00023355754063316824
-3.79,0.23360302362331314,3.1090087280292094e-11,1.2901445667501291e-05,0.11680151182720161,0.0002425913822576034
-3.78,0.23544402383066015,3.3272759574128713e-11,1.3399124544689188e-05,0.11772201193196646,0.00025194945032601753
-3.77,0.23727580399505258,3.560510517645588e-11,1.3914610070412132e-05,0.11863790201532884,0.00026164234439710006
-3.76,0.2390979246207623,3.8097133055325396e-11,1.4448482219613098e-05,0.11954896232942971,0.00027168096998692385
-3.75,0.24090994572384355,4.0759503670749476e-11,1.50013376281558e-05,0.12045497288230153,0.00028207654589395637
-3.7399999999999998,0.24271142700504017,4.360357016014605e-11,1.5573789988859364e-05,0.12135571352432187,0.00029284061164586855
-3.73,0.24450192802416795,4.664142204577534e-11,1.6166470454016612e-05,0.12225096403540468,0.0003039850350682572
-3.7199999999999998,0.2462810083758824,4.9885931613278794e-11,1.6780028044398247e-05,0.12314050421288417,0.0003155220199753256
-3.71,0.24804822786673292,5.3350803118907556e-11,1.7415130064739898e-05,0.12402411396004186,0.00032746411398246314
-3.6999999999999997,0.2498031466934091,5.705062499196882e-11,1.8072462525705452e-05,0.12490157337522986,0.00033982421644060184
-3.69,0.2515453256220779,6.100092520843414e-11,1.875273057231374e-05,0.1257726628415394,0.00035261558649210604
-3.6799999999999997,0.2532743261687143,6.521823002160052e-11,1.9456658918812154e-05,0.12663716311696627,0.00036585185124788614
-3.67,0.2549897107803213,6.972012624615127e-11,2.0184992289973756e-05,0.1274948554250207,0.00037954701408529656
-3.66,0.25669104301693796,7.45253273030068e-11,2.093849586879117e-05,0.12834552154573164,0.0003937154630663145
-3.65,0.2583778877343315,7.965374324397604e-11,2.1717955750532565e-05,0.12918894390699262,0.0004083719794753485
-3.64,0.26004981126726573,8.51265549874688e-11,2.2524179403121038e-05,0.13002490567619615,0.00042353174647594784
-3.63,0.2617063816132436,9.096629300943235e-11,2.3357996133792342e-05,0.13085319085210495,0.000439210357885567
-3.62,0.26334716861661184,9.719692074726159e-11,2.4220257561978735e-05,0.13167358435690438,0.00045542382706740213
-3.61,0.2649717441529224,1.0384392298875383e-10,2.5111838098361968e-05,0.13248587212838317,0.0004721885959382285
-3.6,0.26657968231343976,1.1093439953322538e-10,2.6033635430030438e-05,0.13328984121218707,0.0004895215440910175
-3.59,0.26817055958968494,1.184971644278124e-10,2.6986571011669967e-05,0.13408527985409105,0.0005074399980310061
-3.58,0.26974395505790444,1.2656285109863304e-10,2.797159056270962e-05,0.13487197759223366,0.0005259617405237413
-3.57,0.2712994505633538,1.3516402371410464e-10,2.8989664570338172e-05,0.13564972534925893,0.0005451050200535137
-3.56,0.27283663090428206,1.443352951361982e-10,3.0041788798298183e-05,0.1364183155243087,0.000564888560390429
-3.55,0.2743550840155072,1.54113451834873e-10,3.112898480135823e-05,0.1371775420848103,0.0005853315702642487
-3.54,0.2758544011514667,1.6453758616142375e-10,3.225230044535524e-05,0.13792720065800215,0.0006064537531429683
-3.53,0.2773341770686334,1.7564923639803404e-10,3.341281043269234e-05,0.1386670886221413,0.000628275317113976
-3.52,0.27879401020717964,1.8749253502345663e-10,3.461161683316724e-05,0.13939700519733608,0.0006508169848654468
-3.51,0.2802335028717807,2.001143656586256e-10,3.584984962000117e-05,0.14011675153594755,0.0006741000037655223
-3.5,0.2816522614114396,2.1356452918102817e-10,3.712866721092635e-05,0.1408261308125021,0.0006981461560366082
-3.4899999999999998,0.28304989639822375,2.278959195230446e-10,3.844925701418463e-05,0.14152494831305984,0.0007229777690220211
-3.48,0.2844260228047977,2.431647096971555e-10,3.9812835979278014e-05,0.1422130115239812,0.0007486177255419838
-3.4699999999999998,0.28578026018064073,2.594305486200484e-10,4.122065115230631e-05,0.14289013022003563,0.0007750894743358775
-3.46,0.28711223282683573,2.7675676933822756e-10,4.267398023571353e-05,0.14355611655179626,0.0008024170405873902
-3.4499999999999997,0.2884215699693184,2.9521060928996645e-10,4.41741321522602e-05,0.1442107851322645,0.0008306250365291297
-3.44,0.2897079059304738,3.148634432721163e-10,4.5722447613024385e-05,0.14485395312266863,0.0008597386721229885
-3.4299999999999997,0.2909708802989708,3.3579102981591113e-10,4.732029968922884e-05,0.1454854403173809,0.0008897837658124537
-3.42,0.2922101380977231,3.5807377171309526e-10,4.896909438767769e-05,0.14610506922789845,0.0009207867553427877
-3.41,0.2934253299498689,3.817969914729122e-10,5.067027122957993e-05,0.14671266516583295,0.0009527747086448935
-3.4,0.2946161122426587,4.0705122253160313e-10,5.242530383252318e-05,0.14730805632485497,0.000985775334778416
-3.39,0.2957821472891459,4.3393251707924224e-10,5.423570049535252e-05,0.1478910738615392,0.0010198169949294665
-3.38,0.2969231034875729,4.625427714140497e-10,5.610300478570011e-05,0.14846155197505784,0.001054928713458194
-3.37,0.29803865547834674,4.929900697819293e-10,5.80287961298957e-05,0.14901932798566841,0.0010911401889911229
-3.36,0.29912848429850275,5.253890477088901e-10,6.001469040498394e-05,0.1495642424119459,0.0011284818055531081
-3.35,0.3001922775335504,5.598612758863844e-10,6.206234053255569e-05,0.15009613904670582,0.0011669846437333967
-3.34,0.3012297294666032,5.965356657246803e-10,6.417343707409784e-05,0.15061486503156943,0.001206680491880246
-3.33,0.30224054122469174,6.355488977468813e-10,6.634970882754584e-05,0.15112027093012032,0.0012476018573181532
-3.32,0.3032244209221614,6.770458740568925e-10,6.859292342471958e-05,0.15161221079960363,0.0012897819775816997
-3.31,0.30418108380105996,7.211801961779642e-10,7.090488792930572e-05,0.15209054226112007,0.0013332548316596637
-3.3,0.3051102523684193,7.68114669624987e-10,7.328744943504231e-05,0.152555126568267,0.001378055151242945
-3.29,0.30601165653033924,8.180218366435193e-10,7.5742495663745e-05,0.15300582867418053,0.0014242184319695032
-3.28,0.30688503372278286,8.710845386216544e-10,7.827195556280798e-05,0.1534425172969337,0.0014717809446594251
-3.27,0.30773012903899427,9.27496509757361e-10,8.087779990179429e-05,0.1538650649832454,0.0015207797465328643
-3.26,0.3085466953534529,9.874630036445062e-10,8.356204186772398e-05,0.15427334817045796,0.001571252692403501
-3.25,0.3093344934422795,1.0512014545247072e-09,8.632673765865082e-05,0.15466724724674047,0.0016232384458398147
-3.2399999999999998,0.31009329210001135,1.1189421750404902e-09,8.917398707511142e-05,0.15504664660947676,0.0016767764902863567
-3.23,0.31082286825266875,1.1909290924176128e-09,9.210593410901265e-05,0.1554114347217989,0.00173190714013685
-3.2199999999999998,0.3115230070670324,1.267420525101164e-09,9.512476752951658e-05,0.15576150416722645,0.0017886715517508344
-3.21,0.3121935020560595,1.3486900019713608e-09,9.823272146546261e-05,0.15609675170237475,0.0018471117344051966
-3.1999999999999997,0.3128341551803648,1.435027126371274e-09,0.00010143207598386331,0.15641707830769597,0.0019072705611718759
-3.19,0.31344477694569695,1.5267384872894928e-09,0.00010472515766398584,0.15672238923621773,0.0019691917797125605
-3.1799999999999997,0.3140251864963432,1.6241486201574446e-09,0.0001081143401665319,0.1570125940602459,0.0020329200229812212
-3.17,0.3145752117043978,1.7276010198425233e-09,0.00011160204479740242,0.1572876067159994,0.0020985008198248197
-3.16,0.3150946892548327,1.8374592085456949e-09,0.0001151907410655349,0.15754734554614594,0.00216598060547256
-3.15,0.31558346472631116,1.954107861445636e-09,0.0001188829472342745,0.15779173334020952,0.002235406731903558
-3.14,0.31604139266768905,2.0779539930708253e-09,0.00012268123086573845,0.1580206973728215,0.0023068274780827513
-3.13,0.31646833667014995,2.2094282075268722e-09,0.00012658820935761698,0.15823416943978907,0.002380292060054603
-3.12,0.3168641694349249,2.348986015859145e-09,0.0001306065504718374,0.15843208589195545,0.0024558506408837925
-3.11,0.3172287728365487,2.4971092239901275e-09,0.00013473897285451445,0.15861438766682898,0.0025335543404320653
-3.1,0.3175620379816095,2.6543073948378443e-09,0.00013898824654658606,0.15878102031795843,0.002613455244959935
-3.09,0.3178638652629507,2.8211193883963047e-09,0.00014335719348453597,0.15893193404203504,0.002695606416541985
-3.08,0.31813416440928716,2.9981149837408312e-09,0.00014784868799057481,0.15906708370370107,0.0027800619022839506
-3.07,0.31837285453020087,3.1858965871121427e-09,0.00015246565725165762,0.15918642885804873,0.0028668767433298894
-3.06,0.3185798641564856,3.385101030431903e-09,0.00015721108178668827,0.1592899337707933,0.002956106983647228
-3.05,0.31875513127581123,3.5964014648105967e-09,0.00016208799590126046,0.15937756743610634,0.0030478096785774484
-3.04,0.31889860336368403,3.820509353825821e-09,0.0001670994881292653,0.1594493035920967,0.003142042903139823
-3.03,0.3190102374096798,4.058176571576399e-09,0.00017224870166069237,0.1595051207339282,0.0032388657600755442
-3.02,0.31908999993893294,4.310197610754208e-09,0.00017753883475492952,0.15954500212456527,0.00333833838761917
-3.01,0.31913786702886576,4.577411906223918e-09,0.0001829731411388674,0.15956893580313883,0.00344052196698436
-3.0,0.3191538243211462,4.860706279858629e-09,0.00018855493038909225,0.15957691459092624,0.003545478729550406
-2.99,0.31913786702886576,5.161017512649401e-09,0.00019428756829745138,0.15956893609494163,0.0036532719637361166
-2.9799999999999995,0.31908999993893294,5.479335050388627e-09,0.00020017447721925425,0.159545002709134,0.003763966021547187
-2.9699999999999998,0.3190102374096798,5.816703849520087e-09,0.00020621913640336958,0.15950512161319183,0.0038776263247831625
-2.96,0.31889860336368403,6.174227370056423e-09,0.00021242508230347022,0.1594493047689557,0.003994319370889901
-2.95,0.31875513127581123,6.553070722783339e-09,0.0002187959088696593,0.15937756891444096,0.004114112738443152
-2.9399999999999995,0.31857986415648554,6.9544639783041895e-09,0.00022533526781971192,0.15928993555547477,0.0042370750922488196
-2.9299999999999997,0.31837285453020087,7.379705645826177e-09,0.00023204686888915046,0.15918643095495325,0.0043632761880452444
-2.92,0.31813416440928716,7.830166329952944e-09,0.00023893448005937195,0.15906708611972675,0.004492786876792775
-2.91,0.3178638652629507,8.307292574125061e-09,0.000246001927763026,0.15893193678512163,0.004625679108535579
-2.9000000000000004,0.3175620379816095,8.812610899745846e-09,0.0002532530970658456,0.1587810233971102,0.004762025935820679
-2.8899999999999997,0.31722877283654866,9.347732050439896e-09,0.000260691931824118,0.15861439109214034,0.004901901516658955
-2.88,0.3168641694349249,9.914355451320104e-09,0.00026832243481698004,0.15843208967464018,0.005045381117012742
-2.87,0.31646833667014995,1.0514273893585714e-08,0.0002761486678527211,0.15823417359221192,0.005192541112794692
-2.8600000000000003,0.31604139266768905,1.1149378455237915e-08,0.00028417475184825346,0.15802070190853376,0.0053434589913620885
-2.8499999999999996,0.31558346472631116,1.1821663669184045e-08,0.0002924048668809292,0.1577917382739874,0.005498213352491183
-2.84,0.3150946892548327,1.2533232950506059e-08,0.0003008432522118532,0.15754735089403282,0.005656883908815559
-2.83,0.3145752117043978,1.3286304295193637e-08,0.0003094942062798653,0.15728761249535103,0.005819551485712975
-2.8200000000000003,0.3140251864963432,1.4083216263188627e-08,0.00031836208666532773,0.15701260028977973,0.005986298020624443
-2.8099999999999996,0.3134447769456969,1.4926434259156943e-08,0.00032745131002288375,0.15672239593606557,0.006157206561789866
-2.8,0.3128341551803647,1.581855712499574e-08,0.00033676635198232383,0.15641708549946093,0.0063323612663839755
-2.79,0.3121935020560595,1.676232405870164e-08,0.0003463117470167204,0.1560967594091918,0.006511847398036817
-2.7800000000000002,0.3115230070670324,1.776062187486321e-08,0.00035609208827696155,0.15576151241382713,0.0066957513237224184
-2.7699999999999996,0.31082286825266875,1.8816492622712672e-08,0.00036611202739183883,0.1554114435345807,0.0068841605099997484
-2.76,0.3100932921000113,1.9933141578360796e-08,0.0003763762742328274,0.15504665601657644,0.007077163518589786
-2.75,0.3093344934422795,2.111394562856459e-08,0.00038688959664271675,0.15466725727811256,0.007274850001272842
-2.74,0.3085466953534529,2.2362462064123723e-08,0.0003976568201272234,0.15427335885795748,0.007477310694089827
-2.7299999999999995,0.3077301290389942,2.3682437801784127e-08,0.00040868282750874724,0.153865076360716,0.007684637410831677
-2.7199999999999998,0.30688503372278286,2.5077819054335833e-08,0.00041997255854141815,0.15344252940030095,0.007896923035800916
-2.71,0.30601165653033924,2.6552761469436306e-08,0.00043153100948659925,0.15300584154155036,0.008114261515829663
-2.7,0.3051102523684193,2.8111640758563474e-08,0.0004433632326479954,0.15255514024003003,0.008336747851538073
-2.6899999999999995,0.3041810838010599,2.9759063838412933e-08,0.0004554743358655438,0.15209055678006186,0.008564478087817759
-2.6799999999999997,0.30322442092216134,3.1499880507998804e-08,0.00046786948196725315,0.1516122262110209,0.00879754930352447
-2.67,0.30224054122469174,3.333919568569881e-08,0.0004805538881781835,0.1511202872819437,0.009036059600364908
-2.66,0.3012297294666032,3.5282382231498466e-08,0.0004935328254857392,0.15061488237449272,0.00928010809096205
-2.6499999999999995,0.3001922775335503,3.7335094380754254e-08,0.0005068116179604848,0.15009615743432236,0.009529794886084159
-2.6399999999999997,0.2991284842985027,3.95032818168836e-08,0.0005203956420316817,0.14956426190089225,0.009785221081022392
-2.63,0.29803865547834674,4.17932044115395e-08,0.0005342903257167777,0.14901934863577557,0.01004648874110257
-2.62,0.2969231034875729,4.421144766199773e-08,0.00054850114780406,0.14846157384951028,0.010313700886316245
-2.6100000000000003,0.2957821472891459,4.6764938856720406e-08,0.0005630336369877267,0.1478910970270424,0.010586961475057085
-2.5999999999999996,0.29461611224265866,4.946096400132686e-08,0.0005778933709546294,0.14730808085181132,0.010866375386948507
-2.59,0.2934253299498689,5.2307185538521164e-08,0.0005930859754219478,0.14671269112852722,0.011152048404748661
-2.58,0.2922101380977231,5.531166089689919e-08,0.0006086171231251043,0.14610509670469202,0.011444087195319754
-2.5700000000000003,0.2909708802989708,5.8482861904967487e-08,0.00062449253275519,0.14548546939091633,0.01174259928964802
-2.5599999999999996,0.2897079059304738,6.182969510818338e-08,0.000640717967845245,0.14485398388008444,0.012047693061901978
-2.55,0.2884215699693184,6.536152302834576e-08,0.0006572992356047107,0.1442108176654207,0.01235947770751614
-2.54,0.28711223282683573,6.908818640624791e-08,0.0006742421857014421,0.14355615095751106,0.012678063220288655
-2.5300000000000002,0.28578026018064073,7.302002747013181e-08,0.0006915527089906128,0.1428901666003341,0.013003560368480395
-2.5199999999999996,0.2844260228047976,7.716791427418708e-08,0.0007092367361899527,0.14221304998635595,0.013336080669904863
-2.51,0.28304989639822375,8.154326615308235e-08,0.0007273002365007102,0.14152498897074495,0.013675736365997566
-2.5,0.2816522614114396,8.615808034034621e-08,0.0007457492161738085,0.14082617378475998,0.014022640394854832
-2.49,0.2802335028717807,9.102495980027673e-08,0.0007645897170206424,0.14011679694837026,0.014376906363231707
-2.4799999999999995,0.2787940102071796,9.615714232502619e-08,0.0007838278148680261,0.13939705318216095,0.014738648517489659
-2.4699999999999998,0.2773341770686333,1.0156853095050346e-07,0.0008034696179568022,0.13866713931858213,0.015107981713484951
-2.46,0.2758544011514667,1.0727372574683804e-07,0.0008235212652836831,0.13792725421259622,0.015485021385389573
-2.45,0.2743550840155072,1.1328805704128944e-07,0.000843988924885872,0.1371775986517821,0.01586988351343625
-2.4399999999999995,0.272836630904282,1.19627620133728e-07,0.000864878792068102,0.13641837526595108,0.016262684590580685
-2.4299999999999997,0.2712994505633537,1.2630931156711253e-07,0.0008861970875717032,0.13564978843633263,0.016663541588073764
-2.42,0.26974395505790444,1.3335086701778262e-07,0.0009079500556854088,0.13487204420438573,0.017072571919938228
-2.41,0.26817055958968494,1.4077090087283674e-07,0.0009301439622975628,0.1340853501802929,0.01748989340634351
-2.3999999999999995,0.26657968231343965,1.4858894756442398e-07,0.0009527850928894974,0.13328991545119362,0.017915624235874346
-2.3899999999999997,0.26497174415292235,1.5682550473340608e-07,0.0009758797504698345,0.13248595048921355,0.018349882926688574
-2.38,0.26334716861661184,1.6550207829757243e-07,0.0009994342534495517,0.13167366705934508,0.018792788286561096
-2.37,0.2617063816132436,1.7464122950238312e-07,0.0010234549334576205,0.13085327812723654,0.01924445937181038
-2.3600000000000003,0.2600498112672658,1.8426662403513655e-07,0.0010479481330971342,0.1300249977669449,0.01970501544510599
-2.3499999999999996,0.2583778877343314,1.9440308328644286e-07,0.0010729202036418423,0.12918904106870735,0.020174575932155533
-2.34,0.25669104301693796,2.050766378459675e-07,0.0010983775026730436,0.1283456240467879,0.020653260377270152
-2.33,0.2549897107803213,2.1631458332263444e-07,0.0011243263916568813,0.1274949635474523,0.02114118839780938
-2.3200000000000003,0.2532743261687143,2.2814553858271812e-07,0.0011507732334620445,0.12663727715712644,0.02163847963750541
-2.3099999999999996,0.2515453256220778,2.4059950650270704e-07,0.001177724389818006,0.12577278311079215,0.022145253718669277
-2.3,0.24980314669340897,2.537079373372781e-07,0.001205186218713907,0.12490170020067315,0.022661630193280952
-2.29,0.24804822786673292,2.67503794806384e-07,0.0012331650717383059,0.12402424768526386,0.023187728492967533
-2.2800000000000002,0.2462810083758824,2.8202162500912307e-07,0.001261667291359981,0.1231406451987537,0.023723667877873
-2.2699999999999996,0.24450192802416787,2.9729762827596055e-07,0.0012906992081500918,0.12225111266089807,0.024269567384425334
-2.26,0.2427114270050401,3.1336973407478533e-07,0.001320267137945999,0.12135587018738708,0.02482554577200662
-2.25,0.24090994572384355,3.3027767909039987e-07,0.0013503773789571589,0.12045513800076132,0.025391721468533936
-2.24,0.2390979246207623,3.480630886012088e-07,0.001381036208813459,0.11954913634192545,0.025968212514957956
-2.2299999999999995,0.23727580399505255,3.667695612812283e-07,0.0014122498815565085,0.11863808538230691,0.02655513650868892
-2.2199999999999998,0.2354440238306601,3.8644275755997465e-07,0.0014440246245743873,0.11772220513670884,0.027152610545959372
-2.21,0.23360302362331314,4.071304916774128e-07,0.0014763666354804523,0.11680171537690241,0.027760751163135058
-2.2,0.23175324220918628,4.288828275758092e-07,0.001509282078936801,0.11587683554600693,0.02837967427698514
-2.1899999999999995,0.2298951175952226,4.5175217877526243e-07,0.0015427770834230935,0.11494778467370069,0.029009495123925005
-2.1799999999999997,0.22802908679120573,4.7579341238462113e-07,0.0015768577379514585,0.11401478129230906,0.02965032819824521
-2.17,0.22615558564366423,5.010639574047122e-07,0.0016115300887282983,0.11307804335381082,0.030302287189341987
-2.16,0.2242750486716965,5.276239174860173e-07,0.0016468001357638016,0.11213778814780699,0.030965484917964487
-2.1499999999999995,0.2223879089047971,5.555361883084301e-07,0.0016826738294300951,0.1111942322204927,0.03164003327149621
-2.1399999999999997,0.2204945977227653,5.848665797562802e-07,0.0017191570669689677,0.11024759129467253,0.032326043138288275
-2.13,0.21859554469777298,6.156839430676104e-07,0.0017562556889502254,0.10929808019085803,0.03302362434106434
-2.12,0.21669117743867045,6.480603031425077e-07,0.0017939754756816876,0.1083459127494868,0.03373288556941625
-2.1100000000000003,0.214781921437602,6.820709962014288e-07,0.0018323221435720058,0.1073913017542991,0.03445393431141256
-2.0999999999999996,0.21286819991900383,7.17794812990667e-07,0.0018713013414474657,0.10643445885690841,0.035186876784341785
-2.09,0.2109504336910545,7.5531414773847e-07,0.0019109186468240103,0.10547559450260112,0.035931817864613684
-2.08,0.20902904099964253,7.947151530719296e-07,0.001951179562135837,0.1045149178573978,0.03668886101684392
-2.0700000000000003,0.20710443738491913,8.360879011114543e-07,0.0019920895109218576,0.10355263673641012,0.037458108222146506
-2.0599999999999996,0.20517703554049624,8.795265509665642e-07,0.002033653833971503,0.10258895753352361,0.038239659905661666
-2.05,0.2032472451753512,9.251295228638267e-07,0.002075877785431302,0.10162408515243704,0.03903361486334622
-2.04,0.20131547287849372,9.729996791450544e-07,0.0021187665288738456,0.10065822293908643,0.039840070188056624
-2.0300000000000002,0.1993821219864528,1.0232445123812594e-06,0.0021623251333306357,0.09969157261548259,0.040659121194952935
-2.0199999999999996,0.19744759245363414,1.0759763408555557e-06,0.002206558569290564,0.0987243342149875,0.04149086134625649
-2.01,0.19551228072559965,1.131312511676003e-06,0.002251471704665663,0.09775670601905566,0.04233538217539226
-2.0,0.19357657961531471,1.1893756117874384e-06,0.0022970693007259802,0.09678888449546325,0.043192773210550456
-1.9900000000000002,0.19164087818241074,1.2502936871594321e-06,0.0023433560080053225,0.09582106423804895,0.0440631218977006
-1.9799999999999995,0.1897055616155036,1.3142004704360617e-06,0.002390336362179827,0.09485343790798702,0.04494651352309448
-1.9699999999999998,0.1877710111176094,1.381235617341659e-06,0.0024380147799212474,0.09388619617661338,0.04584303113529373
-1.96,0.18583760379469297,1.4515449521456244e-06,0.002486395554727041,0.09291952766982256,0.046752755466761185
-1.9500000000000002,0.1839057125473865,1.525280722498249e-06,0.0025354828527292157,0.0919536189140545,0.04767576485505284
-1.9399999999999995,0.18197570596590862,1.6026018639588e-06,0.00258528070848414,0.09098865428388629,0.04861213516365187
-1.9299999999999997,0.18004794822821568,1.683674274546504e-06,0.0026357930207454167,0.09002481595124512,0.04956193970248416
-1.92,0.17812279900140893,1.768671099654737e-06,0.0026870235482221376,0.0890622838362543,0.050525249148158924
-1.9100000000000001,0.1762006133464267,1.8577730276783977e-06,0.0027389759053246952,0.0881012355597272,0.051502131463975476
-1.8999999999999995,0.17428174162604035,1.9511685967146926e-06,0.0027916535579005698,0.08714184639731853,0.05249265181974133
-1.8899999999999997,0.17236652941617572,2.049054512707636e-06,0.002845059818962422,0.08618428923534421,0.05349687251144575
-1.88,0.1704553174205743,2.1516359794172192e-06,0.0028991978444109965,0.08522873452827685,0.05451485288083568
-1.87,0.16854844138881228,2.259127040604657e-06,0.002954070628755244,0.08427535025792644,0.05554664923493935
-1.8600000000000003,0.16664623203768678,2.3717509348362184e-06,0.00300968100083227,0.08332430189431081,0.056592314765586675
-1.8499999999999996,0.16474901497597974,2.489740463319156e-06,0.003066031619529667,0.08237575235822153,0.057651899468974435
-1.8399999999999999,0.16285711063260755,2.6133383711946202e-06,0.0031231249695128495,0.08142986198548938,0.058725450065325535
-1.83,0.16097083418815794,2.7427977427240314e-06,0.003180963356960144,0.08048678849295034,0.059813009918694086
-1.8200000000000003,0.1590904955098208,2.878382410816998e-06,0.003239548905308269,0.0795466869461158,0.06091461895696583
-1.8099999999999996,0.15721639908970916,3.020367381361079e-06,0.0032988835510110366,0.07860970972854527,0.062030313592107235
-1.7999999999999998,0.15534884398657034,3.1690392728256604e-06,0.0033589690393140523,0.07767600651292159,0.06316012664071535
-1.79,0.15348812377087953,3.324696771624961e-06,0.0034198069200483284,0.07674572423382557,0.06430408724492334
-1.7800000000000002,0.15163452647331224,3.4876511037373094e-06,0.003481398543445608,0.075819007062208,0.06546222079371421
-1.7699999999999996,0.14978833453658355,3.658226523091316e-06,0.0035437450559784216,0.07489599638155332,0.06663454884469965
-1.7599999999999998,0.1479498247706442,3.8367608172420175e-06,0.003606847396227745,0.07397683076573072,0.0678210890464178
-1.75,0.14611926831121755,4.023605830873957e-06,0.0036707062907813995,0.07306164595852421,0.06902185506120923
-1.7400000000000002,0.14429693058166432,4.219128007681044e-06,0.003735322250166054,0.072150574854836,0.07023685648872448
-1.7299999999999995,0.1424830712581548,4.423708951187265e-06,0.0038006955648160383,0.07124374748355299,0.07146609879012406
-1.7199999999999998,0.14067794423812985,4.63774600508583e-06,0.0038668263010819383,0.07034129099206747,0.07270958321302633
-1.71,0.1388817976120264,4.861652853688893e-06,0.003933714297282225,0.06944332963244004,0.07396730671726455
-1.7000000000000002,0.13709487363824593,5.095860143093672e-06,0.004001359159800909,0.06854998474919452,0.07523926190150954
-1.6899999999999995,0.13531740872133785,5.340816123685989e-06,0.004069760259234508,0.06766137476873077,0.07652543693081927
-1.6799999999999997,0.133549633393371,5.596987314616324e-06,0.004138916726591407,0.06677761519034281,0.07782581546517403
-1.67,0.13179177229846145,5.864859190899157e-06,0.0042088274495469405,0.06589881857882618,0.07914037658905898
-1.6600000000000001,0.13004404418042734,6.144936893800365e-06,0.004279491068757266,0.06502509455866057,0.08046909474215246
-1.6499999999999995,0.12830666187353562,6.4377459651938596e-06,0.00435090597423538,0.06415654980975041,0.0818119396511825
-1.6399999999999997,0.1265798322963064,6.743833106583018e-06,0.0044230703017924256,0.0632932880647065,0.08316887626301141
-1.63,0.12486375644833668,7.063766963499278e-06,0.004495981929547648,0.06243541010765009,0.08453986467901091
-1.62,0.12315862941010698,7.398138936004494e-06,0.004569638474510133,0.061583013774521494,0.08592486009078704
-1.6100000000000003,0.1214646403457294,7.74756401604115e-06,0.00464403728923567,0.06073619395487272,0.08732381271731786
-1.5999999999999996,0.11978197250859585,8.112681652389408e-06,0.004719175458561989,0.05989504259512412,0.08873666774356452
-1.5899999999999999,0.11811080324988457,8.494156644006714e-06,0.004795049796425563,0.059059648703264286,0.09016336526061648
-1.58,0.11645130402987809,8.892680062542232e-06,0.004871656842763372,0.05823009835497032,0.0916038402074339
-1.5700000000000003,0.11480364043204999,9.308970204834135e-06,0.004948992860502709,0.05740647470112741,0.09305802231424563
-1.5599999999999996,0.11316797217987096,9.74377357621496e-06,0.005027053832642375,0.05658885797672358,0.0945258360476659
-1.5499999999999998,0.11154445315628819,1.0197865905466774e-05,0.00510583545942843,0.05577732551109683,0.09600720055758853
-1.54,0.10993323142582544,1.0672053192284672e-05,0.005185333155627792,0.05497195173950886,0.09750202962592143
-1.5300000000000002,0.10833444925925706,1.1167172788123819e-05,0.005265542047902761,0.05417280821602259,0.09901023161721846
-1.5199999999999996,0.10674824316080178,1.1684094511322354e-05,0.005346456972289722,0.053379963627656554,0.1005317094312706
-1.5099999999999998,0.10517474389778479,1.2223721797409297e-05,0.005428072471785101,0.0525934838097911,0.10206636045771354
-1.5,0.1036140765327134,1.2786992885524384e-05,0.005510382794041832,0.05181343176279946,0.1036140765327134
-1.4900000000000002,0.10206636045771354,1.3374882041892058e-05,0.0055933818891792265,0.05103986766987772,0.10517474389778479
-1.4799999999999995,0.10053170943127046,1.398840082131136e-05,0.005677063407709479,0.05027284891604589,0.10674824316080195
-1.4699999999999998,0.09901023161721846,1.4628599367637905e-05,0.005761420698583675,0.04951243010829305,0.10833444925925706
-1.46,0.09750202962592143,1.529656775425419e-05,0.005846446807360486,0.048758663096837844,0.10993323142582544
-1.4500000000000002,0.09600720055758853,1.5993437365538233e-05,0.005932134474500241,0.048011596997477035,0.11154445315628819
-1.4399999999999995,0.09452583604766578,1.6720382320360387e-05,0.006018476133787496,0.047271278214993065,0.11316797217987114
-1.4299999999999997,0.09305802231424563,1.7478620938653178e-05,0.006105463910884762,0.04653775046759214,0.11480364043204999
-1.42,0.0916038402074339,1.8269417252117535e-05,0.006193089622020397,0.04581105481234301,0.11645130402987809
-1.4100000000000001,0.09016336526061648,1.9094082560143682e-05,0.006281344772813179,0.045091229671588316,0.11811080324988457
-1.3999999999999995,0.08873666774356437,1.99539770320429e-05,0.006370220557236425,0.044378310860298205,0.119781972508596
-1.3899999999999997,0.08732381271731786,2.0850511356702677e-05,0.006459707856724154,0.04367233161433728,0.1214646403457294
-1.38,0.08592486009078704,2.178514844079409e-05,0.006549797239422017,0.04297332261961392,0.12315862941010698
-1.37,0.08453986467901091,2.275940515667545e-05,0.006640478959585299,0.04228131204208379,0.12486375644833668
-1.3600000000000003,0.08316887626301141,2.377485414115376e-05,0.006731742957126576,0.04159632555857628,0.1265798322963064
-1.3499999999999996,0.08181193965118239,2.4833125646280216e-05,0.006823578857315319,0.040918386388414336,0.12830666187353576
-1.3399999999999999,0.08046909474215246,2.5935909443371022e-05,0.006915975970631727,0.040247515325797914,0.13004404418042734
-1.33,0.07914037658905898,2.7084956781462313e-05,0.007008923292777069,0.03958373077292022,0.13179177229846145
-1.3200000000000003,0.07782581546517403,2.8282082401418477e-05,0.007102409504842541,0.03892704877378773,0.133549633393371
-1.3099999999999996,0.07652543693081915,2.9529166606932963e-05,0.007196422973638795,0.03827748304871304,0.135317408721338
-1.2999999999999998,0.07523926190150954,3.08281573936697e-05,0.007290951752188012,0.0376350450294516,0.13709487363824593
-1.29,0.07396730671726455,3.218107263781198e-05,0.007385983580380505,0.036999743894951184,0.1388817976120264
-1.2800000000000002,0.07270958321302633,3.3590002345293856e-05,0.007481505885797491,0.03637158660768581,0.14067794423812985
-1.2699999999999996,0.07146609879012394,3.50571109630065e-05,0.007577505784701824,0.035750577950543476,0.14248307125815496
-1.2599999999999998,0.07023685648872448,3.658463975328105e-05,0.007673970083198203,0.03513672056423888,0.14429693058166432
-1.25,0.06902185506120923,3.817490923296396e-05,0.007770885278564471,0.0345300149852211,0.14611926831121755
-1.2400000000000002,0.0678210890464178,3.9830321678409675e-05,0.007868237560755222,0.033930459684048106,0.1479498247706442
-1.2299999999999995,0.06663454884469953,4.155336369772797e-05,0.007966012814079151,0.03333805110419863,0.14978833453658372
-1.2199999999999998,0.06546222079371421,4.334660887163212e-05,0.008064196619051207,0.03275278370129292,0.15163452647331224
-1.21,0.06430408724492334,4.521272046424593e-05,0.008162774254420784,0.032174649982693794,0.15348812377087953
-1.2000000000000002,0.06316012664071535,4.715445420523189e-05,0.00826173069937671,0.031603640547460295,0.15534884398657034
-1.1899999999999995,0.06203031359210714,4.917466114461555e-05,0.00836105063593005,0.031039744126625878,0.15721639908970933
-1.1799999999999997,0.06091461895696583,5.127629058168488e-05,0.008460718451475334,0.030482947623773758,0.1590904955098208
-1.17,0.059813009918694086,5.346239306935249e-05,0.008560718241530974,0.02993323615588172,0.16097083418815794
-1.1600000000000001,0.058725450065325535,5.573612349537148e-05,0.008661033812659187,0.029390593094410455,0.16285711063260755
-1.1499999999999995,0.057651899468974345,5.810074424180208e-05,0.008761648685565967,0.028855000106608075,0.16474901497597993
-1.1399999999999997,0.056592314765586675,6.055962842412897e-05,0.008862546098381215,0.0283264371970054,0.16664623203768678
-1.13,0.05554664923493935,6.311626321143447e-05,0.008963709010119352,0.02780488274907539,0.16854844138881228
-1.12,0.05451485288083568,6.577425322902881e-05,0.009065120104320193,0.02729031356703235,0.1704553174205743
-1.1100000000000003,0.05349687251144575,6.85373240449455e-05,0.009166761792870142,0.026782704917745346,0.17236652941617572
-1.0999999999999996,0.05249265181974125,7.140932574170635e-05,0.009268616220003368,0.026282030572741477,0.17428174162604052
-1.0899999999999999,0.051502131463975476,7.439423657475673e-05,0.009370665266482598,0.025788262850275117,0.1762006133464267
-1.08,0.050525249148158924,7.749616671897542e-05,0.009472890553959093,0.02530137265743895,0.17812279900140893
-1.0700000000000003,0.04956193970248416,8.071936210465155e-05,0.009575273449511026,0.024821329532294406,0.18004794822821568
-1.0599999999999996,0.04861213516365179,8.406820834432039e-05,0.009677795070359633,0.024348101685998054,0.1819757059659088
-1.0499999999999998,0.04767576485505284,8.754723475184045e-05,0.009780436288762078,0.023881656044902343,0.1839057125473865
-1.04,0.046752755466761185,9.116111845509169e-05,0.00988317773708022,0.02342195829260814,0.18583760379469297
-1.0300000000000002,0.04584303113529373,9.491468860365263e-05,0.009985999813023826,0.02296897291194869,0.1877710111176094
-1.0199999999999996,0.044946513523094395,9.881293067281895e-05,0.010088882685067148,0.022522663226883607,0.18970556161550378
-1.0099999999999998,0.0440631218977006,0.00010286099086529686,0.010191806298037258,0.022082991444282947,0.19164087818241074
-1.0,0.043192773210550456,0.0001070641806119083,0.010294750378872727,0.021649918695581184,0.19357657961531471
-0.9900000000000002,0.04233538217539226,0.00011142798117260795,0.010397694442550735,0.021223405078282433,0.19551228072559965
-0.9799999999999995,0.04149086134625641,0.00011595804833911304,0.010500617798180917,0.02080340969729776,0.19744759245363427
-0.9699999999999998,0.040659121194952935,0.00012066021724041446,0.010603499555263832,0.020389890706096675,0.1993821219864528
-0.96,0.039840070188056624,0.00012554050725242582,0.010706318630112064,0.019982805347654526,0.20131547287849372
-0.9500000000000002,0.03903361486334622,0.00013060512701299363,0.010809053752431562,0.01958210999517961,0.2032472451753512
-0.9399999999999995,0.038239659905661576,0.00013586047954347512,0.010911683472060889,0.019187760192602526,0.2051770355404964
-0.9299999999999997,0.037458108222146506,0.000141313167478057,0.0110141861658658,0.01879971069481228,0.20710443738491913
-0.9199999999999999,0.03668886101684392,0.0001469699984019657,0.011116540044786627,0.018417915507622944,0.20902904099964253
-0.9100000000000001,0.035931817864613684,0.0001528379902996781,0.011218723161035426,0.01804232792745668,0.2109504336910545
-0.8999999999999995,0.03518687678434173,0.00015892437711421847,0.011320713415440203,0.017672900580727974,0.212868199919004
-0.8899999999999997,0.03445393431141256,0.0001652366144185807,0.01142248856493295,0.01730958546291557,0.214781921437602
-0.8799999999999999,0.03373288556941625,0.00017178238520029364,0.011524026230178532,0.01695233397730827,0.21669117743867045
-0.8700000000000001,0.03302362434106434,0.0001785696057600817,0.011625303903340848,0.01660109697341221,0.21859554469777298
-0.8599999999999994,0.032326043138288206,0.00018560643172555423,0.011726298955983023,0.01625582478500688,0.22049459772276547
-0.8499999999999996,0.03164003327149616,0.00019290126418079496,0.011826988647097927,0.015916467267838477,0.2223879089047973
-0.8399999999999999,0.030965484917964487,0.0002004627559126886,0.011927350131265481,0.015582973836938588,0.2242750486716965
-0.8300000000000001,0.030302287189341987,0.00020829981777475398,0.012027360466932747,0.01525529350355837,0.22615558564366423
-0.8200000000000003,0.02965032819824521,0.00021642162516921664,0.012126996624813003,0.014933374911707212,0.22802908679120573
-0.8099999999999996,0.029009495123924957,0.0002248376246479895,0.012226235496399732,0.014617166374286472,0.22989511759522277
-0.7999999999999998,0.02837967427698514,0.00023355754063316824,0.012325053902591265,0.014306615908809155,0.23175324220918628
-0.79,0.027760751163135058,0.0002425913822576034,0.012423428602421986,0.014001671272696331,0.23360302362331314
-0.7800000000000002,0.027152610545959372,0.00025194945032601726,0.012521336301895515,0.013702279998142695,0.2354440238306601
-0.7699999999999996,0.026555136508688876,0.0002616423443971003,0.012618753662915464,0.013408389426542988,0.23727580399505266
-0.7599999999999998,0.025968212514957956,0.00027168096998692385,0.012715657312309173,0.01311994674247244,0.2390979246207623
-0.75,0.025391721468533936,0.00028207654589395637,0.012812023850939734,0.012836899007213947,0.24090994572384355
-0.7400000000000002,0.02482554577200662,0.000292840611645868,0.012907829862901435,0.012559193191826244,0.2427114270050401
-0.7299999999999995,0.024269567384425282,0.0003039850350682577,0.013003051924793787,0.01228677620974677,0.244501928024168
-0.7199999999999998,0.023723667877873,0.0003155220199753256,0.013097666615069097,0.012019594948924163,0.2462810083758824
-0.71,0.023187728492967533,0.00032746411398246314,0.013191650523448607,0.011757596303474997,0.24804822786673292
-0.7000000000000002,0.022661630193280952,0.0003398242164406012,0.013284980260401893,0.011500727204860776,0.24980314669340897
-0.6899999999999995,0.02214525371866923,0.0003526155864921067,0.013377632466684391,0.011248934652580667,0.25154532562207793
-0.6799999999999997,0.02163847963750541,0.00036585185124788614,0.013469583822927634,0.011002165744376648,0.2532743261687143
-0.6699999999999999,0.02114118839780938,0.00037954701408529656,0.013560811059276923,0.010760367705947339,0.2549897107803213
-0.6600000000000001,0.020653260377270152,0.0003937154630663145,0.013651290965070818,0.010523487920168233,0.25669104301693796
-0.6499999999999995,0.020174575932155492,0.0004083719794753493,0.013741000398557022,0.01029147395581542,0.25837788773433157
-0.6399999999999997,0.01970501544510599,0.0004235317464759486,0.013829916296638937,0.010064273595790969,0.2600498112672658
-0.6299999999999999,0.01924445937181038,0.000439210357885567,0.013918015684647421,0.009841834864847973,0.2617063816132436
-0.6200000000000001,0.018792788286561096,0.00045542382706740213,0.014005275686131803,0.009624106056814248,0.26334716861661184
-0.6099999999999994,0.018349882926688533,0.0004721885959382294,0.014091673532664568,0.00941103576131338,0.26497174415292246
-0.5999999999999996,0.017915624235874308,0.0004895215440910185,0.014177186573653747,0.009202572889982663,0.2665796823134398
-0.5899999999999999,0.01748989340634351,0.0005074399980310061,0.014261792286157354,0.008998666702187259,0.26817055958968494
-0.5800000000000001,0.017072571919938228,0.0005259617405237413,0.014345468284693737,0.008799266830230985,0.26974395505790444
-0.5700000000000003,0.016663541588073764,0.0005451050200535133,0.01442819233104212,0.00860432330406364,0.2712994505633537
-0.5599999999999996,0.016262684590580657,0.0005648885603904301,0.014509942344027249,0.008413786575485544,0.2728366309042822
-0.5499999999999998,0.01586988351343625,0.0005853315702642487,0.014590696409282195,0.00822760754185025,0.2743550840155072
-0.54,0.015485021385389573,0.0006064537531429683,0.014670432788983414,0.00804573756926627,0.2758544011514667
-0.5300000000000002,0.015107981713484951,0.0006282753171139749,0.014749129931551853,0.007868128515299463,0.2773341770686333
-0.5199999999999996,0.014738648517489626,0.0006508169848654474,0.014826766481314263,0.007694732751177537,0.2787940102071797
-0.5099999999999998,0.014376906363231707,0.0006741000037655223,0.014903321288118554,0.007525503183498615,0.2802335028717807
-0.5,0.014022640394854832,0.0006981461560366082,0.014978773416897294,0.00736039327544572,0.2816522614114396
-0.4900000000000002,0.013675736365997566,0.0007229777690220196,0.015053102157173183,0.007199357067509793,0.28304989639822375
-0.47999999999999954,0.013336080669904835,0.000748617725541985,0.015126287032500598,0.00704234919772341,0.2844260228047978
-0.46999999999999975,0.013003560368480395,0.0007750894743358775,0.015198307809837136,0.006889324921408136,0.28578026018064073
-0.45999999999999996,0.012678063220288655,0.0008024170405873902,0.015269144508839224,0.006740240130438023,0.28711223282683573
-0.4500000000000002,0.01235947770751614,0.0008306250365291283,0.015338777411075807,0.006595051372022634,0.2884215699693184
-0.4399999999999995,0.012047693061901945,0.0008597386721229894,0.015407187069154173,0.0064537158670124675,0.28970790593047385
-0.4299999999999997,0.01174259928964802,0.0008897837658124537,0.015474354315752023,0.006316191527730237,0.2909708802989708
-0.41999999999999993,0.011444087195319754,0.0009207867553427877,0.015540260272549998,0.006182436975331271,0.2922101380977231
-0.41000000000000014,0.011152048404748661,0.0009527747086448935,0.015604886359058715,0.006052411556696777,0.2934253299498689
-0.39999999999999947,0.010866375386948483,0.000985775334778417,0.01566821430133466,0.00592607536086345,0.29461611224265877
-0.3899999999999997,0.010586961475057085,0.0010198169949294682,0.015730226140579145,0.0058033892349932765,0.2957821472891459
-0.3799999999999999,0.010313700886316245,0.001054928713458194,0.015790904241614792,0.005684314799887219,0.2969231034875729
-0.3700000000000001,0.01004648874110257,0.0010911401889911229,0.01585023130123375,0.005568814465046846,0.29803865547834674
-0.35999999999999943,0.009785221081022364,0.001128481805553109,0.015908190356412347,0.005456851443287737,0.2991284842985028
-0.34999999999999964,0.009529794886084138,0.0011669846437333978,0.01596476479238653,0.005348389764908768,0.3001922775335504
-0.33999999999999986,0.00928010809096205,0.001206680491880246,0.01601993835058289,0.005243394291421149,0.3012297294666032
-0.33000000000000007,0.009036059600364908,0.0012476018573181532,0.0160736951363998,0.0051418307288415305,0.30224054122469174
-0.3200000000000003,0.00879754930352447,0.0012897819775816986,0.016126019626833608,0.005043665640553084,0.30322442092216134
-0.3099999999999996,0.008564478087817738,0.0013332548316596663,0.016176896677944683,0.004948866459738702,0.30418108380106
-0.2999999999999998,0.008336747851538073,0.001378055151242945,0.016226311532158286,0.004857401501390509,0.3051102523684193
-0.29000000000000004,0.008114261515829663,0.0014242184319695032,0.016274249825395434,0.004769239973899583,0.30601165653033924
-0.28000000000000025,0.007896923035800916,0.0014717809446594223,0.016320697594028783,0.004684351990230169,0.30688503372278286
-0.2699999999999996,0.007684637410831661,0.0015207797465328658,0.016365641281658974,0.004602708578682263,0.3077301290389943
-0.2599999999999998,0.007477310694089827,0.001571252692403501,0.016409067745706708,0.004524281693246664,0.3085466953534529
-0.25,0.007274850001272842,0.0016232384458398147,0.016450964263816176,0.004449044223556329,0.3093344934422795
-0.2400000000000002,0.007077163518589786,0.0016767764902863537,0.016491318540065383,0.00437697000443807,0.3100932921000113
-0.22999999999999954,0.006884160509999729,0.001731907140136853,0.016530118710979206,0.004308033825068291,0.3108228682526688
-0.21999999999999975,0.0066957513237224184,0.0017886715517508344,0.016567353351340953,0.0042422114377366265,0.3115230070670324
-0.20999999999999996,0.006511847398036817,0.0018471117344051966,0.01660301147979862,0.004179479566221007,0.3121935020560595
-0.20000000000000018,0.0063323612663839755,0.0019072705611718724,0.0166370825642618,0.004119815913777924,0.3128341551803647
-0.1899999999999995,0.00615720656178985,0.001969191779712564,0.016669556527085686,0.0040631991707512066,0.31344477694569695
-0.17999999999999972,0.005986298020624443,0.0020329200229812212,0.016700423750038433,0.004009609021802832,0.3140251864963432
-0.16999999999999993,0.005819551485712975,0.0020985008198248197,0.0167296750790487,0.003959026152768897,0.3145752117043978
-0.16000000000000014,0.005656883908815559,0.00216598060547256,0.0167573018287298,0.00391143225714406,0.3150946892548327
-0.14999999999999947,0.0054982133524911735,0.002235406731903562,0.016783295786677536,0.003866810042197368,0.31558346472631116
-0.13999999999999968,0.0053434589913620885,0.002306827478082753,0.01680764921753867,0.003825143234722421,0.31604139266768905
-0.1299999999999999,0.005192541112794692,0.002380292060054603,0.016830354866847204,0.0037864165864246475,0.31646833667014995
-0.1200000000000001,0.005045381117012742,0.0024558506408837925,0.016851405964625848,0.003750615878948267,0.3168641694349249
-0.10999999999999943,0.004901901516658942,0.0025335543404320674,0.016870796228750075,0.003717727928545505,0.3172287728365487
-0.09999999999999964,0.004762025935820679,0.00261345524495994,0.016888519868072546,0.0036877405903903097,0.3175620379816095
-0.08999999999999986,0.004625679108535579,0.002695606416541985,0.016904571585305676,0.0036606427625387817,0.3178638652629507
-0.08000000000000007,0.004492786876792775,0.0027800619022839506,0.016918946579660293,0.0036364243895383626,0.31813416440928716
-0.07000000000000028,0.0043632761880452444,0.002866876743329887,0.0169316405492386,0.003615076465687566,0.31837285453020087
-0.05999999999999961,0.004237075092248808,0.002956106983647231,0.01694264969317977,0.0035965910379480194,0.3185798641564856
-0.04999999999999982,0.004114112738443152,0.0030478096785774484,0.01695197071355666,0.0035809612085103,0.31875513127581123
-0.040000000000000036,0.003994319370889901,0.003142042903139823,0.016959600817022278,0.0035681811370148623,0.31889860336368403
-0.03000000000000025,0.0038776263247831625,0.003238865760075541,0.01696553771620499,0.003558246042429352,0.3190102374096798
-0.019999999999999574,0.0037639660215471773,0.0033383383876191726,0.016969779630851275,0.003551152204583175,0.31908999993893294
-0.009999999999999787,0.0036532719637361166,0.00344052196698436,0.01697232528871547,0.0035468969653602383,0.31913786702886576
0.0,0.003545478729550406,0.003545478729550406,0.016973173926195666,0.003545478729550406,0.3191538243211462
0.009999999999999787,0.00344052196698436,0.0036532719637361166,0.01697232528871547,0.0035468969653602383,0.31913786702886576
0.020000000000000462,0.003338338387619164,0.003763966021547187,0.016969779630851275,0.003551152204583175,0.31908999993893294
0.03000000000000025,0.003238865760075541,0.0038776263247831625,0.01696553771620499,0.003558246042429352,0.3190102374096798
0.040000000000000036,0.003142042903139823,0.003994319370889901,0.016959600817022278,0.0035681811370148623,0.31889860336368403
0.04999999999999982,0.0030478096785774484,0.004114112738443152,0.01695197071355666,0.0035809612085103,0.31875513127581123
0.0600000000000005,0.002956106983647223,0.0042370750922488196,0.01694264969317977,0.003596591037948021,0.31857986415648554
0.07000000000000028,0.002866876743329887,0.0043632761880452444,0.0169316405492386,0.003615076465687566,0.31837285453020087
0.08000000000000007,0.0027800619022839506,0.004492786876792775,0.016918946579660293,0.0036364243895383626,0.31813416440928716
0.08999999999999986,0.002695606416541985,0.004625679108535579,0.016904571585305676,0.0036606427625387817,0.3178638652629507
0.10000000000000053,0.0026134552449599328,0.004762025935820691,0.016888519868072542,0.0036877405903903123,0.3175620379816094
0.11000000000000032,0.00253355434043206,0.004901901516658955,0.01687079622875007,0.0037177279285455075,0.31722877283654866
0.1200000000000001,0.0024558506408837925,0.005045381117012742,0.016851405964625848,0.003750615878948267,0.3168641694349249
0.1299999999999999,0.002380292060054603,0.005192541112794692,0.016830354866847204,0.0037864165864246475,0.31646833667014995
0.14000000000000057,0.0023068274780827474,0.005343458991362102,0.016807649217538665,0.003825143234722425,0.316041392667689
0.15000000000000036,0.002235406731903554,0.005498213352491183,0.016783295786677532,0.0038668100421973685,0.31558346472631116
0.16000000000000014,0.00216598060547256,0.005656883908815559,0.0167573018287298,0.00391143225714406,0.3150946892548327
0.16999999999999993,0.0020985008198248197,0.005819551485712975,0.0167296750790487,0.003959026152768897,0.3145752117043978
0.17999999999999972,0.0020329200229812212,0.005986298020624443,0.016700423750038433,0.004009609021802832,0.3140251864963432
0.1900000000000004,0.0019691917797125588,0.006157206561789866,0.01666955652708568,0.004063199170751212,0.3134447769456969
0.20000000000000018,0.0019072705611718724,0.0063323612663839755,0.0166370825642618,0.004119815913777924,0.3128341551803647
0.20999999999999996,0.0018471117344051966,0.006511847398036817,0.01660301147979862,0.004179479566221007,0.3121935020560595
0.21999999999999975,0.0017886715517508344,0.0066957513237224184,0.016567353351340953,0.0042422114377366265,0.3115230070670324
0.23000000000000043,0.001731907140136847,0.0068841605099997484,0.016530118710979202,0.004308033825068298,0.31082286825266875
0.2400000000000002,0.0016767764902863537,0.007077163518589786,0.016491318540065383,0.00437697000443807,0.3100932921000113
0.25,0.0016232384458398147,0.007274850001272842,0.016450964263816176,0.004449044223556329,0.3093344934422795
0.2599999999999998,0.001571252692403501,0.007477310694089827,0.016409067745706708,0.004524281693246664,0.3085466953534529
0.27000000000000046,0.0015207797465328615,0.007684637410831677,0.01636564128165897,0.004602708578682269,0.3077301290389942
0.28000000000000025,0.0014717809446594223,0.007896923035800916,0.016320697594028783,0.004684351990230169,0.30688503372278286
0.29000000000000004,0.0014242184319695032,0.008114261515829663,0.016274249825395434,0.004769239973899583,0.30601165653033924
0.2999999999999998,0.001378055151242945,0.008336747851538073,0.016226311532158286,0.004857401501390509,0.3051102523684193
0.3100000000000005,0.0013332548316596629,0.008564478087817759,0.01617689667794468,0.00494886645973871,0.3041810838010599
0.3200000000000003,0.0012897819775816986,0.00879754930352447,0.016126019626833608,0.005043665640553084,0.30322442092216134
0.33000000000000007,0.0012476018573181532,0.009036059600364908,0.0160736951363998,0.0051418307288415305,0.30224054122469174
0.33999999999999986,0.001206680491880246,0.00928010809096205,0.01601993835058289,0.005243394291421149,0.3012297294666032
0.35000000000000053,0.0011669846437333947,0.009529794886084159,0.015964764792386527,0.005348389764908776,0.3001922775335503
0.3600000000000003,0.0011284818055531062,0.009785221081022392,0.01590819035641234,0.005456851443287749,0.2991284842985027
0.3700000000000001,0.0010911401889911229,0.01004648874110257,0.01585023130123375,0.005568814465046846,0.29803865547834674
0.3799999999999999,0.001054928713458194,0.010313700886316245,0.015790904241614792,0.005684314799887219,0.2969231034875729
0.39000000000000057,0.0010198169949294645,0.01058696147505711,0.015730226140579142,0.005803389234993288,0.29578214728914587
0.40000000000000036,0.0009857753347784143,0.010866375386948507,0.01566821430133465,0.005926075360863461,0.29461611224265866
0.41000000000000014,0.0009527747086448935,0.011152048404748661,0.015604886359058715,0.006052411556696777,0.2934253299498689
0.41999999999999993,0.0009207867553427877,0.011444087195319754,0.015540260272549998,0.006182436975331271,0.2922101380977231
0.4299999999999997,0.0008897837658124537,0.01174259928964802,0.015474354315752023,0.006316191527730237,0.2909708802989708
0.4400000000000004,0.000859738672122987,0.012047693061901978,0.015407187069154168,0.006453715867012482,0.2897079059304738
0.4500000000000002,0.0008306250365291283,0.01235947770751614,0.015338777411075807,0.006595051372022634,0.2884215699693184
0.45999999999999996,0.0008024170405873902,0.012678063220288655,0.015269144508839224,0.006740240130438023,0.28711223282683573
0.46999999999999975,0.0007750894743358775,0.013003560368480395,0.015198307809837136,0.006889324921408136,0.28578026018064073
0.4800000000000004,0.0007486177255419824,0.013336080669904863,0.015126287032500591,0.0070423491977234225,0.2844260228047976
0.4900000000000002,0.0007229777690220196,0.013675736365997566,0.015053102157173183,0.007199357067509793,0.28304989639822375
0.5,0.0006981461560366082,0.014022640394854832,0.014978773416897294,0.00736039327544572,0.2816522614114396
0.5099999999999998,0.0006741000037655223,0.014376906363231707,0.014903321288118554,0.007525503183498615,0.2802335028717807
0.5200000000000005,0.0006508169848654455,0.014738648517489659,0.014826766481314257,0.007694732751177552,0.2787940102071796
0.5300000000000002,0.0006282753171139749,0.015107981713484951,0.014749129931551853,0.007868128515299463,0.2773341770686333
0.54,0.0006064537531429683,0.015485021385389573,0.014670432788983414,0.00804573756926627,0.2758544011514667
0.5499999999999998,0.0005853315702642487,0.01586988351343625,0.014590696409282195,0.00822760754185025,0.2743550840155072
0.5600000000000005,0.000564888560390428,0.016262684590580685,0.014509942344027242,0.008413786575485556,0.272836630904282
0.5700000000000003,0.0005451050200535133,0.016663541588073764,0.01442819233104212,0.00860432330406364,0.2712994505633537
0.5800000000000001,0.0005259617405237413,0.017072571919938228,0.014345468284693737,0.008799266830230985,0.26974395505790444
0.5899999999999999,0.0005074399980310061,0.01748989340634351,0.014261792286157354,0.008998666702187259,0.26817055958968494
0.6000000000000005,0.0004895215440910167,0.017915624235874346,0.01417718657365374,0.00920257288998268,0.26657968231343965
0.6100000000000003,0.0004721885959382281,0.018349882926688574,0.01409167353266456,0.009411035761313401,0.26497174415292235
0.6200000000000001,0.00045542382706740213,0.018792788286561096,0.014005275686131803,0.009624106056814248,0.26334716861661184
0.6299999999999999,0.000439210357885567,0.01924445937181038,0.013918015684647421,0.009841834864847973,0.2617063816132436
0.6400000000000006,0.000423531746475947,0.019705015445106028,0.013829916296638928,0.010064273595790988,0.2600498112672656
0.6500000000000004,0.0004083719794753478,0.020174575932155533,0.013741000398557014,0.010291473955815441,0.2583778877343314
0.6600000000000001,0.0003937154630663145,0.020653260377270152,0.013651290965070818,0.010523487920168233,0.25669104301693796
0.6699999999999999,0.00037954701408529656,0.02114118839780938,0.013560811059276923,0.010760367705947339,0.2549897107803213
0.6799999999999997,0.00036585185124788614,0.02163847963750541,0.013469583822927634,0.011002165744376648,0.2532743261687143
0.6900000000000004,0.00035261558649210545,0.022145253718669277,0.013377632466684384,0.011248934652580691,0.2515453256220778
0.7000000000000002,0.0003398242164406012,0.022661630193280952,0.013284980260401893,0.011500727204860776,0.24980314669340897
0.71,0.00032746411398246314,0.023187728492967533,0.013191650523448607,0.011757596303474997,0.24804822786673292
0.7199999999999998,0.0003155220199753256,0.023723667877873,0.013097666615069097,0.012019594948924163,0.2462810083758824
0.7300000000000004,0.00030398503506825667,0.024269567384425334,0.01300305192479378,0.012286776209746796,0.24450192802416787
0.7400000000000002,0.000292840611645868,0.02482554577200662,0.012907829862901435,0.012559193191826244,0.2427114270050401
0.75,0.00028207654589395637,0.025391721468533936,0.012812023850939734,0.012836899007213947,0.24090994572384355
0.7599999999999998,0.00027168096998692385,0.025968212514957956,0.012715657312309173,0.01311994674247244,0.2390979246207623
0.7700000000000005,0.0002616423443970995,0.02655513650868892,0.012618753662915455,0.01340838942654301,0.23727580399505255
0.7800000000000002,0.00025194945032601726,0.027152610545959372,0.012521336301895515,0.013702279998142695,0.2354440238306601
0.79,0.0002425913822576034,0.027760751163135058,0.012423428602421986,0.014001671272696331,0.23360302362331314
0.7999999999999998,0.00023355754063316824,0.02837967427698514,0.012325053902591265,0.014306615908809155,0.23175324220918628
0.8100000000000005,0.0002248376246479887,0.029009495123925005,0.012226235496399724,0.014617166374286497,0.2298951175952226
0.8200000000000003,0.00021642162516921664,0.02965032819824521,0.012126996624813003,0.014933374911707212,0.22802908679120573
0.8300000000000001,0.00020829981777475398,0.030302287189341987,0.012027360466932747,0.01525529350355837,0.22615558564366423
0.8399999999999999,0.0002004627559126886,0.030965484917964487,0.011927350131265481,0.015582973836938588,0.2242750486716965
0.8500000000000005,0.00019290126418079444,0.03164003327149621,0.011826988647097919,0.015916467267838505,0.2223879089047971
0.8600000000000003,0.00018560643172555358,0.032326043138288275,0.011726298955983013,0.016255824785006916,0.2204945977227653
0.8700000000000001,0.0001785696057600817,0.03302362434106434,0.011625303903340848,0.01660109697341221,0.21859554469777298
0.8799999999999999,0.00017178238520029364,0.03373288556941625,0.011524026230178532,0.01695233397730827,0.21669117743867045
0.8900000000000006,0.00016523661441858012,0.03445393431141262,0.01142248856493294,0.0173095854629156,0.2147819214376018
0.9000000000000004,0.0001589243771142179,0.035186876784341785,0.011320713415440192,0.017672900580728002,0.21286819991900383
0.9100000000000001,0.0001528379902996781,0.035931817864613684,0.011218723161035426,0.01804232792745668,0.2109504336910545
0.9199999999999999,0.0001469699984019657,0.03668886101684392,0.011116540044786627,0.018417915507622944,0.20902904099964253
0.9300000000000006,0.00014131316747805647,0.03745810822214657,0.011014186165865792,0.018799710694812313,0.20710443738491896
0.9400000000000004,0.00013586047954347464,0.038239659905661666,0.010911683472060878,0.01918776019260257,0.20517703554049624
0.9500000000000002,0.00013060512701299363,0.03903361486334622,0.010809053752431562,0.01958210999517961,0.2032472451753512
0.96,0.00012554050725242582,0.039840070188056624,0.010706318630112064,0.019982805347654526,0.20131547287849372
0.9699999999999998,0.00012066021724041446,0.040659121194952935,0.010603499555263832,0.020389890706096675,0.1993821219864528
0.9800000000000004,0.00011595804833911264,0.04149086134625649,0.01050061779818091,0.0208034096972978,0.19744759245363414
0.9900000000000002,0.00011142798117260795,0.04233538217539226,0.010397694442550735,0.021223405078282433,0.19551228072559965
1.0,0.0001070641806119083,0.043192773210550456,0.010294750378872727,0.021649918695581184,0.19357657961531471
1.0099999999999998,0.00010286099086529686,0.0440631218977006,0.010191806298037258,0.022082991444282947,0.19164087818241074
1.0199999999999996,9.881293067281895e-05,0.044946513523094395,0.010088882685067148,0.022522663226883607,0.18970556161550378
1.0299999999999994,9.491468860365297e-05,0.045843031135293644,0.009985999813023836,0.02296897291194865,0.1877710111176096
1.040000000000001,9.116111845509137e-05,0.046752755466761255,0.009883177737080211,0.023421958292608173,0.1858376037946928
1.0500000000000007,8.754723475184014e-05,0.047675764855052934,0.009780436288762068,0.02388165604490239,0.1839057125473863
1.0600000000000005,8.40682083443201e-05,0.04861213516365187,0.009677795070359622,0.024348101685998096,0.18197570596590862
1.0700000000000003,8.071936210465155e-05,0.04956193970248416,0.009575273449511026,0.024821329532294406,0.18004794822821568
1.08,7.749616671897542e-05,0.050525249148158924,0.009472890553959093,0.02530137265743895,0.17812279900140893
1.0899999999999999,7.439423657475673e-05,0.051502131463975476,0.009370665266482598,0.025788262850275117,0.1762006133464267
1.0999999999999996,7.140932574170635e-05,0.05249265181974125,0.009268616220003368,0.026282030572741477,0.17428174162604052
1.1099999999999994,6.853732404494573e-05,0.053496872511445664,0.00916676179287015,0.026782704917745304,0.17236652941617592
1.120000000000001,6.577425322902844e-05,0.05451485288083577,0.009065120104320186,0.027290313567032397,0.17045531742057415
1.1300000000000008,6.311626321143425e-05,0.05554664923493944,0.008963709010119343,0.027804882749075437,0.1685484413888121
1.1400000000000006,6.0559628424128755e-05,0.05659231476558677,0.008862546098381207,0.02832643719700545,0.16664623203768658
1.1500000000000004,5.810074424180187e-05,0.057651899468974435,0.008761648685565957,0.028855000106608117,0.16474901497597974
1.1600000000000001,5.573612349537148e-05,0.058725450065325535,0.008661033812659187,0.029390593094410455,0.16285711063260755
1.17,5.346239306935249e-05,0.059813009918694086,0.008560718241530974,0.02993323615588172,0.16097083418815794
1.1799999999999997,5.127629058168488e-05,0.06091461895696583,0.008460718451475334,0.030482947623773758,0.1590904955098208
1.1899999999999995,4.917466114461555e-05,0.06203031359210714,0.00836105063593005,0.031039744126625878,0.15721639908970933
1.1999999999999993,4.715445420523205e-05,0.06316012664071526,0.008261730699376716,0.031603640547460246,0.1553488439865705
1.2100000000000009,4.5212720464245765e-05,0.06430408724492344,0.008162774254420774,0.03217464998269384,0.15348812377087936
1.2200000000000006,4.3346608871631975e-05,0.06546222079371432,0.008064196619051198,0.032752783701292976,0.1516345264733121
1.2300000000000004,4.1553363697727825e-05,0.06663454884469965,0.007966012814079142,0.033338051104198685,0.14978833453658355
1.2400000000000002,3.9830321678409675e-05,0.0678210890464178,0.007868237560755222,0.033930459684048106,0.1479498247706442
1.25,3.817490923296396e-05,0.06902185506120923,0.007770885278564471,0.0345300149852211,0.14611926831121755
1.2599999999999998,3.658463975328105e-05,0.07023685648872448,0.007673970083198203,0.03513672056423888,0.14429693058166432
1.2699999999999996,3.50571109630065e-05,0.07146609879012394,0.007577505784701824,0.035750577950543476,0.14248307125815496
1.2799999999999994,3.359000234529398e-05,0.07270958321302622,0.007481505885797501,0.03637158660768575,0.14067794423813004
1.290000000000001,3.2181072637811865e-05,0.07396730671726465,0.007385983580380497,0.03699974389495123,0.13888179761202624
1.3000000000000007,3.0828157393669594e-05,0.07523926190150965,0.007290951752188002,0.037635045029451655,0.13709487363824577
1.3100000000000005,2.9529166606932855e-05,0.07652543693081927,0.007196422973638786,0.038277483048713104,0.13531740872133785
1.3200000000000003,2.8282082401418477e-05,0.07782581546517403,0.007102409504842541,0.03892704877378773,0.133549633393371
1.33,2.7084956781462313e-05,0.07914037658905898,0.007008923292777069,0.03958373077292022,0.13179177229846145
1.3399999999999999,2.5935909443371022e-05,0.08046909474215246,0.006915975970631727,0.040247515325797914,0.13004404418042734
1.3499999999999996,2.4833125646280216e-05,0.08181193965118239,0.006823578857315319,0.040918386388414336,0.12830666187353576
1.3599999999999994,2.377485414115385e-05,0.08316887626301128,0.0067317429571265835,0.041596325558576216,0.12657983229630657
1.370000000000001,2.2759405156675367e-05,0.08453986467901105,0.006640478959585292,0.04228131204208386,0.12486375644833654
1.3800000000000008,2.178514844079401e-05,0.08592486009078719,0.006549797239422009,0.04297332261961399,0.12315862941010683
1.3900000000000006,2.0850511356702606e-05,0.087323812717318,0.006459707856724147,0.04367233161433735,0.12146464034572926
1.4000000000000004,1.995397703204283e-05,0.08873666774356452,0.006370220557236416,0.04437831086029828,0.11978197250859585
1.4100000000000001,1.9094082560143682e-05,0.09016336526061648,0.006281344772813179,0.045091229671588316,0.11811080324988457
1.42,1.8269417252117535e-05,0.0916038402074339,0.006193089622020397,0.04581105481234301,0.11645130402987809
1.4299999999999997,1.7478620938653178e-05,0.09305802231424563,0.006105463910884762,0.04653775046759214,0.11480364043204999
1.4399999999999995,1.6720382320360387e-05,0.09452583604766578,0.006018476133787496,0.047271278214993065,0.11316797217987114
1.4499999999999993,1.599343736553829e-05,0.09600720055758838,0.00593213447450025,0.04801159699747696,0.11154445315628836
1.4600000000000009,1.5296567754254137e-05,0.09750202962592155,0.005846446807360477,0.048758663096837906,0.10993323142582528
1.4700000000000006,1.4628599367637854e-05,0.09901023161721861,0.005761420698583668,0.04951243010829313,0.10833444925925693
1.4800000000000004,1.3988400821311311e-05,0.1005317094312706,0.00567706340770947,0.050272848916045956,0.10674824316080178
1.4900000000000002,1.3374882041892058e-05,0.10206636045771354,0.0055933818891792265,0.05103986766987772,0.10517474389778479
1.5,1.2786992885524384e-05,0.1036140765327134,0.005510382794041832,0.05181343176279946,0.1036140765327134
1.5099999999999998,1.2223721797409297e-05,0.10517474389778479,0.005428072471785101,0.0525934838097911,0.10206636045771354
1.5199999999999996,1.1684094511322354e-05,0.10674824316080178,0.005346456972289722,0.053379963627656554,0.1005317094312706
1.5299999999999994,1.1167172788123858e-05,0.10833444925925693,0.005265542047902769,0.05417280821602253,0.09901023161721861
1.540000000000001,1.0672053192284614e-05,0.10993323142582556,0.005185333155627784,0.054971951739508924,0.09750202962592128
1.5500000000000007,1.0197865905466718e-05,0.11154445315628836,0.005105835459428422,0.05577732551109691,0.09600720055758838
1.5600000000000005,9.743773576214926e-06,0.11316797217987114,0.005027053832642368,0.056588857976723674,0.09452583604766578
1.5700000000000003,9.308970204834135e-06,0.11480364043204999,0.004948992860502709,0.05740647470112741,0.09305802231424563
1.58,8.892680062542232e-06,0.11645130402987809,0.004871656842763372,0.05823009835497032,0.0916038402074339
1.5899999999999999,8.494156644006714e-06,0.11811080324988457,0.004795049796425563,0.059059648703264286,0.09016336526061648
1.5999999999999996,8.112681652389408e-06,0.11978197250859585,0.004719175458561989,0.05989504259512412,0.08873666774356452
1.6099999999999994,7.747564016041178e-06,0.12146464034572926,0.004644037289235678,0.060736193954872654,0.087323812717318
1.620000000000001,7.3981389360044555e-06,0.12315862941010713,0.0045696384745101265,0.06158301377452157,0.08592486009078693
1.6300000000000008,7.063766963499241e-06,0.12486375644833683,0.0044959819295476424,0.06243541010765016,0.08453986467901081
1.6400000000000006,6.743833106582994e-06,0.12657983229630657,0.0044230703017924195,0.06329328806470658,0.08316887626301128
1.6500000000000004,6.437745965193837e-06,0.12830666187353576,0.004350905974235375,0.06415654980975048,0.08181193965118239
1.6600000000000001,6.144936893800365e-06,0.13004404418042734,0.004279491068757266,0.06502509455866057,0.08046909474215246
1.67,5.864859190899157e-06,0.13179177229846145,0.0042088274495469405,0.06589881857882618,0.07914037658905898
1.6799999999999997,5.596987314616324e-06,0.133549633393371,0.004138916726591407,0.06677761519034281,0.07782581546517403
1.6899999999999995,5.340816123685989e-06,0.13531740872133785,0.004069760259234508,0.06766137476873077,0.07652543693081927
1.700000000000001,5.095860143093655e-06,0.1370948736382461,0.004001359159800904,0.0685499847491946,0.07523926190150942
1.7100000000000009,4.861652853688875e-06,0.13888179761202657,0.003933714297282219,0.06944332963244013,0.07396730671726444
1.7200000000000006,4.637746005085813e-06,0.14067794423813004,0.0038668263010819327,0.07034129099206757,0.07270958321302622
1.7300000000000004,4.423708951187242e-06,0.14248307125815496,0.0038006955648160323,0.07124374748355307,0.07146609879012394
1.7400000000000002,4.219128007681044e-06,0.14429693058166432,0.003735322250166054,0.072150574854836,0.07023685648872448
1.75,4.023605830873957e-06,0.14611926831121755,0.0036707062907813995,0.07306164595852421,0.06902185506120923
1.7599999999999998,3.8367608172420175e-06,0.1479498247706442,0.003606847396227745,0.07397683076573072,0.0678210890464178
1.7699999999999996,3.658226523091316e-06,0.14978833453658355,0.0035437450559784216,0.07489599638155332,0.06663454884469965
1.7799999999999994,3.4876511037373225e-06,0.1516345264733121,0.003481398543445614,0.07581900706220793,0.06546222079371432
1.790000000000001,3.3246967716249434e-06,0.1534881237708797,0.0034198069200483223,0.07674572423382565,0.06430408724492323
1.8000000000000007,3.1690392728256494e-06,0.1553488439865705,0.003358969039314047,0.07767600651292167,0.06316012664071526
1.8100000000000005,3.020367381361063e-06,0.15721639908970933,0.003298883551011031,0.07860970972854535,0.06203031359210714
1.8200000000000003,2.878382410816998e-06,0.1590904955098208,0.003239548905308269,0.0795466869461158,0.06091461895696583
1.83,2.7427977427240314e-06,0.16097083418815794,0.003180963356960144,0.08048678849295034,0.059813009918694086
1.8399999999999999,2.6133383711946202e-06,0.16285711063260755,0.0031231249695128495,0.08142986198548938,0.058725450065325535
1.8499999999999996,2.489740463319156e-06,0.16474901497597974,0.003066031619529667,0.08237575235822153,0.057651899468974435
1.8599999999999994,2.371750934836227e-06,0.16664623203768658,0.0030096810008322754,0.08332430189431071,0.05659231476558677
1.870000000000001,2.259127040604649e-06,0.16854844138881245,0.0029540706287552398,0.08427535025792653,0.055546649234939266
1.8800000000000008,2.1516359794172108e-06,0.17045531742057446,0.0028991978444109917,0.08522873452827694,0.05451485288083559
1.8900000000000006,2.0490545127076246e-06,0.17236652941617592,0.002845059818962417,0.08618428923534431,0.053496872511445664
1.9000000000000004,1.951168596714682e-06,0.17428174162604052,0.002791653557900565,0.08714184639731862,0.05249265181974125
1.9100000000000001,1.8577730276783977e-06,0.1762006133464267,0.0027389759053246952,0.0881012355597272,0.051502131463975476
1.92,1.768671099654737e-06,0.17812279900140893,0.0026870235482221376,0.0890622838362543,0.050525249148158924
1.9299999999999997,1.683674274546504e-06,0.18004794822821568,0.0026357930207454167,0.09002481595124512,0.04956193970248416
1.9399999999999995,1.6026018639588e-06,0.18197570596590862,0.00258528070848414,0.09098865428388629,0.04861213516365187
1.950000000000001,1.5252807224982406e-06,0.18390571254738663,0.002535482852729211,0.09195361891405457,0.04767576485505276
1.9600000000000009,1.4515449521456194e-06,0.18583760379469316,0.0024863955547270366,0.09291952766982266,0.0467527554667611
1.9700000000000006,1.3812356173416517e-06,0.1877710111176096,0.002438014779921243,0.09388619617661348,0.045843031135293644
1.9800000000000004,1.314200470436057e-06,0.18970556161550378,0.0023903363621798224,0.09485343790798711,0.044946513523094395
1.9900000000000002,1.2502936871594321e-06,0.19164087818241074,0.0023433560080053225,0.09582106423804895,0.0440631218977006
2.0,1.1893756117874384e-06,0.19357657961531471,0.0022970693007259802,0.09678888449546325,0.043192773210550456
2.01,1.131312511676003e-06,0.19551228072559965,0.002251471704665663,0.09775670601905566,0.04233538217539226
2.0199999999999996,1.0759763408555557e-06,0.19744759245363414,0.002206558569290564,0.0987243342149875,0.04149086134625649
2.0299999999999994,1.0232445123812632e-06,0.19938212198645264,0.0021623251333306396,0.0996915726154825,0.040659121194953005
2.040000000000001,9.72999679145051e-07,0.20131547287849388,0.0021187665288738416,0.10065822293908651,0.03984007018805655
2.0500000000000007,9.251295228638217e-07,0.20324724517535137,0.002075877785431298,0.10162408515243712,0.039033614863346146
2.0600000000000005,8.795265509665609e-07,0.2051770355404964,0.002033653833971498,0.10258895753352369,0.038239659905661576
2.0700000000000003,8.360879011114543e-07,0.20710443738491913,0.0019920895109218576,0.10355263673641012,0.037458108222146506
2.08,7.947151530719296e-07,0.20902904099964253,0.001951179562135837,0.1045149178573978,0.03668886101684392
2.09,7.5531414773847e-07,0.2109504336910545,0.0019109186468240103,0.10547559450260112,0.035931817864613684
2.0999999999999996,7.17794812990667e-07,0.21286819991900383,0.0018713013414474657,0.10643445885690841,0.035186876784341785
2.1099999999999994,6.820709962014312e-07,0.2147819214376018,0.001832322143572009,0.107391301754299,0.03445393431141262
2.120000000000001,6.480603031425042e-07,0.2166911774386706,0.0017939754756816843,0.10834591274948688,0.03373288556941619
2.130000000000001,6.156839430676082e-07,0.21859554469777318,0.0017562556889502213,0.10929808019085813,0.03302362434106426
2.1400000000000006,5.848665797562772e-07,0.22049459772276547,0.001719157066968964,0.11024759129467261,0.032326043138288206
2.1500000000000004,5.555361883084271e-07,0.2223879089047973,0.001682673829430092,0.1111942322204928,0.03164003327149616
2.16,5.276239174860173e-07,0.2242750486716965,0.0016468001357638016,0.11213778814780699,0.030965484917964487
2.17,5.010639574047122e-07,0.22615558564366423,0.0016115300887282983,0.11307804335381082,0.030302287189341987
2.1799999999999997,4.7579341238462113e-07,0.22802908679120573,0.0015768577379514585,0.11401478129230906,0.02965032819824521
2.1899999999999995,4.5175217877526243e-07,0.2298951175952226,0.0015427770834230935,0.11494778467370069,0.029009495123925005
2.200000000000001,4.2888282757580765e-07,0.23175324220918642,0.0015092820789367983,0.115876835546007,0.02837967427698509
2.210000000000001,4.071304916774105e-07,0.2336030236233133,0.00147636663548045,0.1168017153769025,0.027760751163135013
2.2200000000000006,3.8644275755997254e-07,0.23544402383066024,0.0014440246245743847,0.1177222051367089,0.027152610545959324
2.2300000000000004,3.6676956128122636e-07,0.23727580399505266,0.0014122498815565061,0.11863808538230697,0.026555136508688876
2.24,3.480630886012088e-07,0.2390979246207623,0.001381036208813459,0.11954913634192545,0.025968212514957956
2.25,3.3027767909039987e-07,0.24090994572384355,0.0013503773789571589,0.12045513800076132,0.025391721468533936
2.26,3.1336973407478533e-07,0.2427114270050401,0.001320267137945999,0.12135587018738708,0.02482554577200662
2.2699999999999996,2.9729762827596055e-07,0.24450192802416787,0.0012906992081500918,0.12225111266089807,0.024269567384425334
2.2799999999999994,2.8202162500912456e-07,0.24628100837588224,0.0012616672913599838,0.12314064519875362,0.023723667877873056
2.290000000000001,2.675037948063831e-07,0.24804822786673308,0.0012331650717383035,0.12402424768526395,0.02318772849296749
2.3000000000000007,2.5370793733727713e-07,0.24980314669340917,0.001205186218713904,0.12490170020067325,0.022661630193280897
2.3100000000000005,2.405995065027058e-07,0.25154532562207793,0.0011777243898180036,0.1257727831107922,0.02214525371866923
2.3200000000000003,2.2814553858271812e-07,0.2532743261687143,0.0011507732334620445,0.12663727715712644,0.02163847963750541
2.33,2.1631458332263444e-07,0.2549897107803213,0.0011243263916568813,0.1274949635474523,0.02114118839780938
2.34,2.050766378459675e-07,0.25669104301693796,0.0010983775026730436,0.1283456240467879,0.020653260377270152
2.3499999999999996,1.9440308328644286e-07,0.2583778877343314,0.0010729202036418423,0.12918904106870735,0.020174575932155533
2.3599999999999994,1.842666240351375e-07,0.2600498112672656,0.0010479481330971361,0.13002499776694482,0.019705015445106028
2.370000000000001,1.746412295023822e-07,0.2617063816132438,0.0010234549334576183,0.13085327812723663,0.019244459371810338
2.380000000000001,1.6550207829757153e-07,0.26334716861661195,0.0009994342534495493,0.13167366705934513,0.01879278828656105
2.3900000000000006,1.5682550473340523e-07,0.26497174415292246,0.0009758797504698324,0.1324859504892136,0.018349882926688533
2.4000000000000004,1.4858894756442318e-07,0.2665796823134398,0.0009527850928894953,0.1332899154511937,0.017915624235874308
2.41,1.4077090087283674e-07,0.26817055958968494,0.0009301439622975628,0.1340853501802929,0.01748989340634351
2.42,1.3335086701778262e-07,0.26974395505790444,0.0009079500556854088,0.13487204420438573,0.017072571919938228
2.4299999999999997,1.2630931156711253e-07,0.2712994505633537,0.0008861970875717032,0.13564978843633263,0.016663541588073764
2.4399999999999995,1.19627620133728e-07,0.272836630904282,0.000864878792068102,0.13641837526595108,0.016262684590580685
2.450000000000001,1.1328805704128882e-07,0.2743550840155073,0.0008439889248858706,0.13717759865178217,0.015869883513436222
2.460000000000001,1.0727372574683747e-07,0.27585440115146687,0.0008235212652836812,0.1379272542125963,0.01548502138538954
2.4700000000000006,1.0156853095050291e-07,0.27733417706863345,0.0008034696179568004,0.1386671393185822,0.015107981713484916
2.4800000000000004,9.615714232502586e-08,0.2787940102071797,0.0007838278148680244,0.139397053182161,0.014738648517489626
2.49,9.102495980027673e-08,0.2802335028717807,0.0007645897170206424,0.14011679694837026,0.014376906363231707
2.5,8.615808034034621e-08,0.2816522614114396,0.0007457492161738085,0.14082617378475998,0.014022640394854832
2.51,8.154326615308235e-08,0.28304989639822375,0.0007273002365007102,0.14152498897074495,0.013675736365997566
2.5199999999999996,7.716791427418708e-08,0.2844260228047976,0.0007092367361899527,0.14221304998635595,0.013336080669904863
2.5299999999999994,7.302002747013221e-08,0.28578026018064057,0.0006915527089906142,0.14289016660033402,0.013003560368480422
2.540000000000001,6.908818640624754e-08,0.2871122328268358,0.0006742421857014406,0.1435561509575111,0.012678063220288627
2.5500000000000007,6.53615230283454e-08,0.2884215699693185,0.0006572992356047094,0.14421081766542077,0.012359477707516114
2.5600000000000005,6.182969510818303e-08,0.28970790593047385,0.0006407179678452431,0.14485398388008447,0.012047693061901945
2.5700000000000003,5.8482861904967487e-08,0.2909708802989708,0.00062449253275519,0.14548546939091633,0.01174259928964802
2.58,5.531166089689919e-08,0.2922101380977231,0.0006086171231251043,0.14610509670469202,0.011444087195319754
2.59,5.2307185538521164e-08,0.2934253299498689,0.0005930859754219478,0.14671269112852722,0.011152048404748661
2.5999999999999996,4.946096400132686e-08,0.29461611224265866,0.0005778933709546294,0.14730808085181132,0.010866375386948507
2.6099999999999994,4.676493885672066e-08,0.29578214728914587,0.0005630336369877281,0.14789109702704237,0.01058696147505711
2.620000000000001,4.421144766199749e-08,0.29692310348757295,0.0005485011478040589,0.1484615738495103,0.010313700886316222
2.630000000000001,4.179320441153928e-08,0.29803865547834685,0.0005342903257167763,0.14901934863577562,0.010046488741102543
2.6400000000000006,3.9503281816883385e-08,0.2991284842985028,0.0005203956420316803,0.1495642619008923,0.009785221081022364
2.6500000000000004,3.7335094380754055e-08,0.3001922775335504,0.0005068116179604837,0.1500961574343224,0.009529794886084138
2.66,3.5282382231498466e-08,0.3012297294666032,0.0004935328254857392,0.15061488237449272,0.00928010809096205
2.67,3.333919568569881e-08,0.30224054122469174,0.0004805538881781835,0.1511202872819437,0.009036059600364908
2.6799999999999997,3.1499880507998804e-08,0.30322442092216134,0.00046786948196725315,0.1516122262110209,0.00879754930352447
2.6899999999999995,2.9759063838412933e-08,0.3041810838010599,0.0004554743358655438,0.15209055678006186,0.008564478087817759
2.700000000000001,2.8111640758563372e-08,0.30511025236841943,0.00044336323264799435,0.15255514024003008,0.008336747851538054
2.710000000000001,2.655276146943621e-08,0.30601165653033935,0.0004315310094865982,0.15300584154155042,0.008114261515829644
2.7200000000000006,2.5077819054335655e-08,0.3068850337227829,0.0004199725585414172,0.15344252940030098,0.007896923035800899
2.7300000000000004,2.368243780178404e-08,0.3077301290389943,0.0004086828275087463,0.15386507636071606,0.007684637410831661
2.74,2.2362462064123723e-08,0.3085466953534529,0.0003976568201272234,0.15427335885795748,0.007477310694089827
2.75,2.111394562856459e-08,0.3093344934422795,0.00038688959664271675,0.15466725727811256,0.007274850001272842
2.76,1.9933141578360796e-08,0.3100932921000113,0.0003763762742328274,0.15504665601657644,0.007077163518589786
2.7699999999999996,1.8816492622712672e-08,0.31082286825266875,0.00036611202739183883,0.1554114435345807,0.0068841605099997484
2.7799999999999994,1.7760621874863274e-08,0.31152300706703234,0.00035609208827696253,0.1557615124138271,0.006695751323722437
2.790000000000001,1.676232405870152e-08,0.31219350205605956,0.00034631174701671967,0.15609675940919182,0.0065118473980368035
2.8000000000000007,1.581855712499568e-08,0.31283415518036484,0.00033676635198232285,0.15641708549946098,0.006332361266383957
2.8100000000000005,1.492643425915689e-08,0.31344477694569695,0.00032745131002288294,0.1567223959360656,0.00615720656178985
2.8200000000000003,1.4083216263188627e-08,0.3140251864963432,0.00031836208666532773,0.15701260028977973,0.005986298020624443
2.83,1.3286304295193637e-08,0.3145752117043978,0.0003094942062798653,0.15728761249535103,0.005819551485712975
2.84,1.2533232950506059e-08,0.3150946892548327,0.0003008432522118532,0.15754735089403282,0.005656883908815559
2.8499999999999996,1.1821663669184045e-08,0.31558346472631116,0.0002924048668809292,0.1577917382739874,0.005498213352491183
2.8599999999999994,1.1149378455237992e-08,0.316041392667689,0.00028417475184825417,0.15802070190853373,0.005343458991362102
2.870000000000001,1.0514273893585676e-08,0.31646833667014995,0.0002761486678527203,0.15823417359221192,0.005192541112794678
2.880000000000001,9.914355451320033e-09,0.3168641694349249,0.00026832243481697933,0.15843208967464018,0.005045381117012729
2.8900000000000006,9.347732050439863e-09,0.3172287728365487,0.00026069193182411734,0.15861439109214037,0.004901901516658942
2.9000000000000004,8.812610899745846e-09,0.3175620379816095,0.0002532530970658456,0.1587810233971102,0.004762025935820679
2.91,8.307292574125061e-09,0.3178638652629507,0.000246001927763026,0.15893193678512163,0.004625679108535579
2.92,7.830166329952944e-09,0.31813416440928716,0.00023893448005937195,0.15906708611972675,0.004492786876792775
2.9299999999999997,7.379705645826177e-09,0.31837285453020087,0.00023204686888915046,0.15918643095495325,0.0043632761880452444
2.9399999999999995,6.9544639783041895e-09,0.31857986415648554,0.00022533526781971192,0.15928993555547477,0.0042370750922488196
2.950000000000001,6.5530707227833154e-09,0.31875513127581123,0.00021879590886965871,0.15937756891444096,0.0041141127384431405
2.960000000000001,6.1742273700563796e-09,0.31889860336368403,0.00021242508230346962,0.1594493047689557,0.0039943193708898905
2.9700000000000006,5.816703849520044e-09,0.3190102374096798,0.00020621913640336907,0.15950512161319183,0.0038776263247831525
2.9800000000000004,5.479335050388607e-09,0.31908999993893294,0.00020017447721925374,0.159545002709134,0.0037639660215471773
2.99,5.161017512649401e-09,0.31913786702886576,0.00019428756829745138,0.15956893609494163,0.0036532719637361166
3.0,4.860706279858629e-09,0.3191538243211462,0.00018855493038909225,0.15957691459092624,0.003545478729550406
3.01,4.577411906223918e-09,0.31913786702886576,0.0001829731411388674,0.15956893580313883,0.00344052196698436
3.0199999999999996,4.310197610754208e-09,0.31908999993893294,0.00017753883475492966,0.15954500212456527,0.0033383383876191726
3.0299999999999994,4.058176571576399e-09,0.3190102374096798,0.00017224870166069266,0.1595051207339282,0.00323886576007555
3.040000000000001,3.820509353825794e-09,0.31889860336368403,0.00016709948812926485,0.1594493035920967,0.003142042903139815
3.0500000000000007,3.5964014648105834e-09,0.31875513127581123,0.00016208799590126003,0.15937756743610634,0.0030478096785774406
3.0600000000000005,3.385101030431903e-09,0.31857986415648554,0.000157211081786688,0.15928993377079328,0.002956106983647223
3.0700000000000003,3.1858965871121427e-09,0.31837285453020087,0.00015246565725165752,0.15918642885804873,0.002866876743329887
3.08,2.9981149837408312e-09,0.31813416440928716,0.00014784868799057481,0.15906708370370107,0.0027800619022839506
3.09,2.8211193883963047e-09,0.3178638652629507,0.00014335719348453597,0.15893193404203504,0.002695606416541985
3.0999999999999996,2.6543073948378443e-09,0.3175620379816095,0.0001389882465465863,0.15878102031795843,0.00261345524495994
3.1099999999999994,2.4971092239901275e-09,0.3172287728365487,0.00013473897285451455,0.15861438766682898,0.0025335543404320674
3.120000000000001,2.3489860158591283e-09,0.3168641694349249,0.00013060655047183705,0.15843208589195545,0.002455850640883786
3.130000000000001,2.2094282075268644e-09,0.31646833667014995,0.00012658820935761663,0.15823416943978907,0.0023802920600545967
3.1400000000000006,2.0779539930708253e-09,0.316041392667689,0.00012268123086573823,0.15802069737282148,0.0023068274780827474
3.1500000000000004,1.954107861445636e-09,0.31558346472631116,0.0001188829472342743,0.15779173334020952,0.002235406731903554
3.16,1.8374592085456949e-09,0.3150946892548327,0.0001151907410655349,0.15754734554614594,0.00216598060547256
3.17,1.7276010198425233e-09,0.3145752117043978,0.00011160204479740242,0.1572876067159994,0.0020985008198248197
3.1799999999999997,1.6241486201574446e-09,0.3140251864963432,0.0001081143401665319,0.1570125940602459,0.0020329200229812212
3.1899999999999995,1.5267384872894928e-09,0.31344477694569695,0.00010472515766398603,0.15672238923621773,0.001969191779712564
3.200000000000001,1.4350271263712587e-09,0.3128341551803647,0.00010143207598386287,0.15641707830769594,0.0019072705611718676
3.210000000000001,1.3486900019713511e-09,0.3121935020560594,9.823272146546235e-05,0.1560967517023747,0.0018471117344051918
3.2200000000000006,1.2674205251011552e-09,0.31152300706703234,9.512476752951623e-05,0.15576150416722642,0.0017886715517508277
3.2300000000000004,1.1909290924176128e-09,0.31082286825266875,9.210593410901247e-05,0.1554114347217989,0.001731907140136847
3.24,1.1189421750404902e-09,0.3100932921000113,8.917398707511126e-05,0.15504664660947673,0.0016767764902863537
3.25,1.0512014545247072e-09,0.3093344934422795,8.632673765865082e-05,0.15466724724674047,0.0016232384458398147
3.26,9.874630036445062e-10,0.3085466953534529,8.356204186772398e-05,0.15427334817045796,0.001571252692403501
3.2699999999999996,9.27496509757361e-10,0.3077301290389943,8.087779990179436e-05,0.15386506498324543,0.0015207797465328658
3.2799999999999994,8.710845386216544e-10,0.3068850337227829,7.827195556280804e-05,0.15344251729693373,0.001471780944659426
3.290000000000001,8.180218366435165e-10,0.30601165653033924,7.574249566374472e-05,0.15300582867418053,0.0014242184319694978
3.3000000000000007,7.681146696249813e-10,0.30511025236841927,7.328744943504213e-05,0.15255512656826697,0.0013780551512429413
3.3100000000000005,7.211801961779642e-10,0.3041810838010599,7.090488792930567e-05,0.15209054226112004,0.0013332548316596629
3.3200000000000003,6.770458740568925e-10,0.30322442092216134,6.859292342471953e-05,0.1516122107996036,0.0012897819775816986
3.33,6.355488977468813e-10,0.30224054122469174,6.634970882754584e-05,0.15112027093012032,0.0012476018573181532
3.34,5.965356657246803e-10,0.3012297294666032,6.417343707409784e-05,0.15061486503156943,0.001206680491880246
3.3499999999999996,5.598612758863844e-10,0.3001922775335504,6.206234053255574e-05,0.15009613904670582,0.0011669846437333978
3.3599999999999994,5.253890477088901e-10,0.2991284842985028,6.001469040498399e-05,0.14956424241194594,0.001128481805553109
3.370000000000001,4.929900697819258e-10,0.2980386554783467,5.802879612989554e-05,0.1490193279856684,0.00109114018899112
3.380000000000001,4.6254277141404806e-10,0.2969231034875727,5.610300478569991e-05,0.14846155197505775,0.00105492871345819
3.3900000000000006,4.3393251707924224e-10,0.29578214728914587,5.4235700495352416e-05,0.14789107386153919,0.0010198169949294645
3.4000000000000004,4.0705122253160313e-10,0.29461611224265866,5.2425303832523086e-05,0.14730805632485494,0.0009857753347784143
3.41,3.817969914729122e-10,0.2934253299498689,5.067027122957993e-05,0.14671266516583295,0.0009527747086448935
3.42,3.5807377171309526e-10,0.2922101380977231,4.896909438767769e-05,0.14610506922789845,0.0009207867553427877
3.4299999999999997,3.3579102981591113e-10,0.2909708802989708,4.732029968922884e-05,0.1454854403173809,0.0008897837658124537
3.4399999999999995,3.148634432721163e-10,0.28970790593047385,4.572244761302443e-05,0.14485395312266866,0.0008597386721229894
3.450000000000001,2.952106092899633e-10,0.2884215699693182,4.4174132152260015e-05,0.14421078513226443,0.0008306250365291263
3.460000000000001,2.7675676933822554e-10,0.28711223282683557,4.267398023571341e-05,0.14355611655179618,0.0008024170405873879
3.4700000000000006,2.5943054862004656e-10,0.28578026018064057,4.12206511523062e-05,0.14289013022003555,0.0007750894743358753
3.4800000000000004,2.431647096971555e-10,0.2844260228047976,3.981283597927794e-05,0.14221301152398116,0.0007486177255419824
3.49,2.278959195230446e-10,0.28304989639822375,3.8449257014184556e-05,0.14152494831305984,0.0007229777690220196
3.5,2.1356452918102817e-10,0.2816522614114396,3.712866721092635e-05,0.1408261308125021,0.0006981461560366082
3.51,2.001143656586256e-10,0.2802335028717807,3.584984962000117e-05,0.14011675153594755,0.0006741000037655223
3.5199999999999996,1.8749253502345663e-10,0.2787940102071797,3.4611616833167265e-05,0.1393970051973361,0.0006508169848654474
3.5299999999999994,1.7564923639803404e-10,0.27733417706863345,3.34128104326924e-05,0.13866708862214133,0.0006282753171139772
3.540000000000001,1.6453758616142261e-10,0.2758544011514666,3.2252300445355154e-05,0.1379272006580021,0.0006064537531429667
3.5500000000000007,1.5411345183487195e-10,0.27435508401550707,3.112898480135815e-05,0.13717754208481026,0.0005853315702642472
3.5600000000000005,1.443352951361982e-10,0.272836630904282,3.0041788798298132e-05,0.13641831552430866,0.000564888560390428
3.5700000000000003,1.3516402371410464e-10,0.2712994505633537,2.898966457033815e-05,0.13564972534925887,0.0005451050200535133
3.58,1.2656285109863304e-10,0.26974395505790444,2.797159056270962e-05,0.13487197759223366,0.0005259617405237413
3.59,1.184971644278124e-10,0.26817055958968494,2.6986571011669967e-05,0.13408527985409105,0.0005074399980310061
3.5999999999999996,1.1093439953322538e-10,0.2665796823134398,2.603363543003049e-05,0.1332898412121871,0.0004895215440910185
3.6099999999999994,1.0384392298875383e-10,0.26497174415292246,2.5111838098362016e-05,0.1324858721283832,0.0004721885959382294
3.620000000000001,9.719692074726124e-11,0.2633471686166117,2.4220257561978654e-05,0.13167358435690432,0.00045542382706740056
3.630000000000001,9.096629300943172e-11,0.26170638161324344,2.335799613379228e-05,0.13085319085210487,0.00043921035788556585
3.6400000000000006,8.51265549874688e-11,0.2600498112672656,2.2524179403120997e-05,0.1300249056761961,0.000423531746475947
3.6500000000000004,7.965374324397604e-11,0.2583778877343314,2.1717955750532528e-05,0.12918894390699256,0.0004083719794753478
3.66,7.45253273030068e-11,0.25669104301693796,2.093849586879117e-05,0.12834552154573164,0.0003937154630663145
3.67,6.972012624615127e-11,0.2549897107803213,2.0184992289973756e-05,0.1274948554250207,0.00037954701408529656
3.6799999999999997,6.521823002160052e-11,0.2532743261687143,1.9456658918812154e-05,0.12663716311696627,0.00036585185124788614
3.6899999999999995,6.100092520843414e-11,0.25154532562207793,1.8752730572313775e-05,0.12577266284153943,0.0003526155864921067
3.700000000000001,5.705062499196821e-11,0.24980314669340886,1.8072462525705354e-05,0.12490157337522974,0.0003398242164406
3.710000000000001,5.335080311890717e-11,0.24804822786673278,1.7415130064739837e-05,0.12402411396004179,0.00032746411398246194
3.7200000000000006,4.988593161327843e-11,0.24628100837588224,1.678002804439819e-05,0.12314050421288408,0.0003155220199753245
3.7300000000000004,4.664142204577534e-11,0.24450192802416787,1.6166470454016585e-05,0.12225096403540464,0.00030398503506825667
3.74,4.360357016014605e-11,0.2427114270050401,1.5573789988859337e-05,0.12135571352432183,0.000292840611645868
3.75,4.0759503670749476e-11,0.24090994572384355,1.50013376281558e-05,0.12045497288230153,0.00028207654589395637
3.76,3.8097133055325396e-11,0.2390979246207623,1.4448482219613098e-05,0.11954896232942971,0.00027168096998692385
3.7699999999999996,3.560510517645588e-11,0.23727580399505266,1.3914610070412144e-05,0.11863790201532888,0.0002616423443971003
3.7799999999999994,3.3272759574128713e-11,0.23544402383066024,1.3399124544689208e-05,0.1177220119319665,0.0002519494503260179
3.790000000000001,3.109008728029198e-11,0.233603023623313,1.2901445667501246e-05,0.11680151182720154,0.00024259138225760253
3.8000000000000007,2.9047692014334204e-11,0.2317532422091861,1.2421009735268927e-05,0.1158766211191169,0.00023355754063316762
3.8100000000000005,2.713675362603412e-11,0.2298951175952226,1.1957268932685507e-05,0.11494755881117968,0.0002248376246479887
3.8200000000000003,2.5348993659767417e-11,0.22802908679120573,1.1509690956078741e-05,0.11401454340827737,0.00021642162516921664
3.83,2.36766429205933e-11,0.22615558564366423,1.1077758643205801e-05,0.11307779283367043,0.00020829981777475398
3.84,2.2112410929343635e-11,0.2242750486716965,1.0660969609459677e-05,0.11213752434690447,0.0002004627559126886
3.8499999999999996,2.0649457159989388e-11,0.2223879089047973,1.0258835890460973e-05,0.11119395446272337,0.00019290126418079496
3.8599999999999994,1.928136395838596e-11,0.22049459772276547,9.870883591005935e-06,0.11024729887102341,0.00018560643172555423
3.870000000000001,1.800211104702543e-11,0.21859554469777281,9.496652540338145e-06,0.10929777235788746,0.00017856960576008104
3.880000000000001,1.6806051525655472e-11,0.21669117743867028,9.135695953708579e-06,0.10834558872773817,0.000171782385200293
3.8900000000000006,1.5687889282575714e-11,0.2147819214376018,8.787580100184522e-06,0.10739096072664485,0.00016523661441858012
3.9000000000000004,1.464265773612457e-11,0.21286819991900383,8.451883976667126e-06,0.10643409996682324,0.0001589243771142179
3.91,1.3665699830304662e-11,0.2109504336910545,8.128198988072606e-06,0.10547521685236011,0.0001528379902996781
3.92,1.2752649212707109e-11,0.20902904099964253,7.816128633630733e-06,0.1045145205061976,0.0001469699984019657
3.9299999999999997,1.189941252687851e-11,0.20710443738491913,7.515288199251444e-06,0.10355221869840928,0.000141313167478057
3.9399999999999995,1.1102152755042026e-11,0.2051770355404964,7.225304455908298e-06,0.10258851777579928,0.00013586047954347512
3.950000000000001,1.0357273550655268e-11,0.203247245175351,6.945815363985068e-06,0.10162362259285414,0.00013060512701299314
3.960000000000001,9.661404503662472e-12,0.20131547287849358,6.6764697835302195e-06,0.1006577364440775,0.0001255405072524254
3.9700000000000006,9.01138728449291e-12,0.19938212198645264,6.416927190361123e-06,0.099691060997732,0.00012066021724041403
3.9800000000000004,8.404262615882892e-12,0.19744759245363414,6.166857397959614e-06,0.09872379623101919,0.00011595804833911264
3.99,7.837258024454738e-12,0.19551228072559965,5.925940285097251e-06,0.09775614036671845,0.00011142798117260795
4.0,7.307776326691677e-12,0.19357657961531471,5.693865529127993e-06,0.09678828981131124,0.0001070641806119083
4.01,6.813384806505123e-12,0.19164087818241074,5.470332344884362e-06,0.09582043909461206,0.00010286099086529686
4.02,6.3518050440084935e-12,0.18970556161550378,5.255049229111638e-06,0.0948527808109278,9.881293067281895e-05
4.029999999999999,5.920903357397961e-12,0.1877710111176096,5.0477337103736005e-06,0.09388550556176525,9.491468860365297e-05
4.040000000000001,5.518681822001771e-12,0.1858376037946928,4.848112104362061e-06,0.09291880190010574,9.116111845509137e-05
4.050000000000001,5.143269832602899e-12,0.1839057125473863,4.655919274541524e-06,0.09195285627626479,8.754723475184014e-05
4.0600000000000005,4.792916177068758e-12,0.18197570596590862,4.470898398058946e-06,0.09098785298535077,8.40682083443201e-05
4.07,4.465981591148865e-12,0.18004794822821568,4.292800736848453e-06,0.09002397411634083,8.071936210465155e-05
4.08,4.160931766021737e-12,0.17812279900140893,4.121385413859427e-06,0.08906139950278492,7.749616671897542e-05
4.09,3.876330781803154e-12,0.1762006133464267,3.956419194335908e-06,0.08810030667515152,7.439423657475673e-05
4.1,3.610834941764415e-12,0.17428174162604052,3.797676272074791e-06,0.08714087081482567,7.140932574170635e-05
4.109999999999999,3.363186983463091e-12,0.17236652941617592,3.6449380605896743e-06,0.08618326470976956,6.853732404494573e-05
4.120000000000001,3.132210644359592e-12,0.17045531742057415,3.497992989106625e-06,0.08522765871185319,6.577425322902844e-05
4.130000000000001,2.9168055607894053e-12,0.1685484413888121,3.3566363033182636e-06,0.08427422069586445,6.311626321143425e-05
4.140000000000001,2.7159424803821743e-12,0.16664623203768658,3.220669870821333e-06,0.08332311602020126,6.0559628424128755e-05
4.15,2.5286587691752514e-12,0.16474901497597974,3.0899019911639987e-06,0.0823745074892542,5.810074424180187e-05
4.16,2.354054195757363e-12,0.16285711063260755,2.9641472104277098e-06,0.0814285553174808,5.573612349537148e-05
4.17,2.1912869758070923e-12,0.16097083418815794,2.843226140269171e-06,0.08048541709517461,5.346239306935249e-05
4.18,2.0395700613612857e-12,0.1590904955098208,2.726965281347629e-06,0.07954524775593018,5.127629058168488e-05
4.1899999999999995,1.898167660063928e-12,0.15721639908970933,2.6151968510627504e-06,0.07860819954580375,4.917466114461555e-05
4.200000000000001,1.766391970509699e-12,0.15534884398657017,2.5077586155285094e-06,0.07767442199416828,4.7154454205231724e-05
4.210000000000001,1.6436001206115508e-12,0.15348812377087936,2.4044937257086274e-06,0.07674406188626148,4.5212720464245765e-05
4.220000000000001,1.529191296689311e-12,0.1516345264733121,2.3052505576391375e-06,0.07581726323742065,4.3346608871631975e-05
4.23,1.4226040517019961e-12,0.14978833453658355,2.2098825566642878e-06,0.07489416726900308,4.1553363697727825e-05
4.24,1.3233137817288825e-12,0.1479498247706442,2.1182480856118514e-06,0.07397491238598375,3.9830321678409675e-05
4.25,1.2308303604490201e-12,0.14611926831121755,2.0302102768345206e-06,0.07305963415622418,3.817490923296396e-05
4.26,1.1446959219761656e-12,0.14429693058166432,1.9456368880443604e-06,0.0721484652914045,3.658463975328105e-05
4.27,1.0644827829782658e-12,0.14248307125815496,1.8644001618677304e-06,0.07124153562960972,3.50571109630065e-05
4.279999999999999,9.897914955502431e-13,0.14067794423813004,1.7863766890485604e-06,0.07033897211955992,3.359000234529398e-05
4.290000000000001,9.202490228171034e-13,0.13888179761202624,1.7114472752282998e-06,0.06944089880647324,3.2181072637811865e-05
4.300000000000001,8.555070297233252e-13,0.13709487363824577,1.6394968112315984e-06,0.06854743681955064,3.0828157393669594e-05
4.3100000000000005,7.95240281915542e-13,0.13531740872133785,1.570414146786936e-06,0.06765870436106655,2.9529166606932855e-05
4.32,7.391451460509282e-13,0.133549633393371,1.504091967612583e-06,0.06677481669705508,2.8282082401418477e-05
4.33,6.869381852635569e-13,0.13179177229846145,1.440426675798392e-06,0.0658958861495742,2.7084956781462313e-05
4.34,6.38354843898255e-13,0.13004404418042734,1.379318273414873e-06,0.06502202209053284,2.5935909443371022e-05
4.35,5.93148215976349e-13,0.12830666187353576,1.3206702492816004e-06,0.06415333093706445,2.4833125646280216e-05
4.359999999999999,5.510878921919011e-13,0.12657983229630657,1.2643894688276825e-06,0.06328991614842883,2.377485414115385e-05
4.370000000000001,5.119588805516396e-13,0.12486375644833654,1.2103860669778302e-06,0.06243187822442425,2.2759405156675367e-05
4.380000000000001,4.755605960679686e-13,0.12315862941010683,1.158573343998271e-06,0.0615793147052912,2.178514844079401e-05
4.390000000000001,4.417059151929498e-13,0.12146464034572926,1.1088676642374264e-06,0.06073232017308548,2.0850511356702606e-05
4.4,4.1022029094373304e-13,0.11978197250859585,1.0611883576973215e-06,0.05989098625450303,1.995397703204283e-05
4.41,3.8094092491635244e-13,0.11811080324988457,1.0154576243722143e-06,0.05905540162513276,1.9094082560143682e-05
4.42,3.5371599261714055e-13,0.11645130402987809,9.716004412919235e-07,0.058225652015115904,1.8269417252117535e-05
4.43,3.284039187593449e-13,0.11480364043204999,9.295444722081289e-07,0.0574018202161892,1.7478620938653178e-05
4.4399999999999995,3.048726993779437e-13,0.11316797217987114,8.892199798627333e-07,0.056583986090088,1.6720382320360387e-05
4.450000000000001,2.8299926780878846e-13,0.11154445315628805,8.505597407782966e-07,0.055772226578285525,1.5993437365538176e-05
4.460000000000001,2.626689017599081e-13,0.10993323142582528,8.134989625113801e-07,0.054966615713043974,1.5296567754254137e-05
4.470000000000001,2.4377466887347877e-13,0.10833444925925693,7.779752033104559e-07,0.054167224629750356,1.4628599367637854e-05
4.48,2.2621690833766528e-13,0.10674824316080178,7.439282941210991e-07,0.053374121580514,1.3988400821311311e-05
4.49,2.0990274625830365e-13,0.10517474389778479,7.113002628818684e-07,0.05258737194899735,1.3374882041892058e-05
4.5,1.947456426423208e-13,0.1036140765327134,6.800352610553124e-07,0.051807038266454074,1.2786992885524384e-05
4.51,1.806649679780478e-13,0.10206636045771354,6.500794923393635e-07,0.0510331802289471,1.2223721797409297e-05
4.52,1.6758560752282953e-13,0.1005317094312706,6.213811435053596e-07,0.050265854715719094,1.1684094511322354e-05
4.529999999999999,1.5543759152600789e-13,0.09901023161721861,5.938903173097497e-07,0.04950511580868702,1.1167172788123858e-05
4.540000000000001,1.4415574972587657e-13,0.09750202962592128,5.675589674275344e-07,0.04875101481303272,1.0672053192284614e-05
4.550000000000001,1.336793885630691e-13,0.09600720055758838,5.423408353563602e-07,0.04800360027886103,1.0197865905466718e-05
4.5600000000000005,1.239519896502878e-13,0.09452583604766578,5.181913892410398e-07,0.047262918023894866,9.743773576214926e-06
4.57,1.1492092812992737e-13,0.09305802231424563,4.950677645693318e-07,0.04652901115718028,9.308970204834135e-06
4.58,1.0653720963706166e-13,0.0916038402074339,4.729287066905475e-07,0.04580192010377022,8.892680062542232e-06
4.59,9.875522466600241e-14,0.09016336526061648,4.517345151095656e-07,0.04508168263035762,8.494156644006714e-06
4.6,9.153251921441096e-14,0.08873666774356452,4.314469895096865e-07,0.04436833387182803,8.112681652389408e-06
4.609999999999999,8.482958065005331e-14,0.087323812717318,4.120293774586897e-07,0.043661906358701416,7.747564016041178e-06
4.620000000000001,7.860963781203016e-14,0.08592486009078693,3.934463237533071e-07,0.042962430045432765,7.3981389360044555e-06
4.630000000000001,7.283847442095562e-14,0.08453986467901081,3.756638213582697e-07,0.04226993233954183,7.063766963499241e-06
4.640000000000001,6.7484254931284e-14,0.08316887626301128,3.5864916389687626e-07,0.041584438131539385,6.743833106582994e-06
4.65,6.251736201415998e-14,0.08181193965118239,3.423708996510356e-07,0.04090596982562245,6.437745965193837e-06
4.66,5.791024491083199e-14,0.08046909474215246,3.2679878702947943e-07,0.040234547371105184,6.144936893800365e-06
4.67,5.363727794518746e-14,0.07914037658905898,3.119037514637828e-07,0.03957018829455631,5.864859190899157e-06
4.68,4.967462852945007e-14,0.07782581546517403,2.9765784369264525e-07,0.03891290773261185,5.596987314616324e-06
4.6899999999999995,4.600013403972004e-14,0.07652543693081927,2.8403419939576203e-07,0.03826271846543264,5.340816123685989e-06
4.700000000000001,4.2593186978023407e-14,0.07523926190150942,2.7100700013941894e-07,0.03761963095077601,5.095860143093655e-06
4.710000000000001,3.943462787502832e-14,0.07396730671726444,2.585514355968173e-07,0.03698365335865194,4.861652853688875e-06
4.720000000000001,3.6506645422702904e-14,0.07270958321302622,2.4664366700689125e-07,0.036354791606531364,4.637746005085813e-06
4.73,3.379268335914162e-14,0.07146609879012394,2.3526079183627945e-07,0.03573304939507887,4.423708951187242e-06
4.74,3.127735365862436e-14,0.07023685648872448,2.243808096098348e-07,0.03511842824437788,4.219128007681044e-06
4.75,2.894635560890014e-14,0.06902185506120923,2.1398258887588642e-07,0.03451092753061909,4.023605830873957e-06
4.76,2.6786400384768598e-14,0.0678210890464178,2.040458352732532e-07,0.03391054452322229,3.8367608172420175e-06
4.77,2.478514075241373e-14,0.06663454884469965,1.9455106066776008e-07,0.033317274422362216,3.658226523091316e-06
4.779999999999999,2.2931105562710658e-14,0.06546222079371432,1.8547955332678643e-07,0.03273111039686862,3.4876511037373225e-06
4.790000000000001,2.1213638713987362e-14,0.06430408724492323,1.7681334910111705e-07,0.032152043622472225,3.3246967716249434e-06
4.800000000000001,1.9622842285571323e-14,0.06316012664071526,1.685352035841186e-07,0.03158006332036744,3.1690392728256494e-06
4.8100000000000005,1.8149523562962407e-14,0.06203031359210714,1.6062856521895922e-07,0.031015156796062645,3.020367381361063e-06
4.82,1.6785145693757567e-14,0.06091461895696583,1.5307754932536552e-07,0.030457309478491307,2.878382410816998e-06
4.83,1.5521781730547532e-14,0.059813009918694086,1.458669130180538e-07,0.029906504959354804,2.7427977427240314e-06
4.84,1.4352071833021408e-14,0.058725450065325535,1.389820309897137e-07,0.029362725032669942,2.6133383711946202e-06
4.85,1.3269183416498532e-14,0.057651899468974435,1.3240887213208014e-07,0.02882594973449385,2.489740463319156e-06
4.859999999999999,1.226677404812641e-14,0.05659231476558677,1.2613397696931558e-07,0.02829615738279952,2.371750934836227e-06
4.870000000000001,1.1338956905102219e-14,0.055546649234939266,1.2014443587857646e-07,0.027773324617475302,2.259127040604649e-06
4.880000000000001,1.048026862155104e-14,0.05451485288083559,1.1442786807329812e-07,0.027257426440423033,2.1516359794172108e-06
4.890000000000001,9.685639362168609e-15,0.053496872511445664,1.0897240132534508e-07,0.026748436255727676,2.0490545127076246e-06
4.9,8.950364971481454e-15,0.05249265181974125,1.0376665240283996e-07,0.0262463259098751,1.951168596714682e-06
4.91,8.270081057613032e-15,0.051502131463975476,9.879970820105671e-08,0.025751065731991873,1.8577730276783977e-06
4.92,7.640738878837063e-15,0.050525249148158924,9.406110754439287e-08,0.025262624574083282,1.768671099654737e-06
4.93,7.058582909978656e-15,0.04956193970248416,8.954082363801924e-08,0.02478096985124561,1.683674274546504e-06
4.9399999999999995,6.520129973930639e-15,0.04861213516365187,8.522924714838144e-08,0.024306067581829197,1.6026018639588e-06
4.950000000000001,6.022149831224747e-15,0.04767576485505276,8.111716989230108e-08,0.02383788242752939,1.5252807224982406e-06
4.960000000000001,5.561647127768261e-15,0.0467527554667611,7.719576911498273e-08,0.023376377733383333,1.4515449521456194e-06
4.970000000000001,5.135844607556036e-15,0.045843031135293644,7.345659233776185e-08,0.02292151556764939,1.3812356173416517e-06
4.98,4.742167503432119e-15,0.044946513523094395,6.989154275699345e-08,0.022473256761549567,1.314200470436057e-06
4.99,4.3782290248228e-15,0.0440631218977006,6.649286517597103e-08,0.02203156094885249,1.2502936871594321e-06
5.0,4.041816866829514e-15,0.043192773210550456,6.325313245230008e-08,0.021596386605277247,1.1893756117874384e-06
5.01,3.730880670174354e-15,0.04233538217539226,6.016523244363894e-08,0.021167691087697997,1.131312511676003e-06
5.02,3.4435203662594057e-15,0.04149086134625649,5.722235543521546e-08,0.020745430673129967,1.0759763408555557e-06
5.030000000000001,3.1779753460527898e-15,0.04065912119495286,5.44179820330029e-08,0.02032956059747802,1.0232445123812539e-06
5.040000000000001,2.932614395672993e-15,0.03984007018805655,5.174587150691179e-08,0.01992003509402974,9.72999679145051e-07
5.050000000000001,2.7059263454229245e-15,0.039033614863346146,4.920005056879923e-08,0.019516807431674426,9.251295228638217e-07
5.0600000000000005,2.4965113826511053e-15,0.038239659905661576,4.6774802570565116e-08,0.019119829952832037,8.795265509665609e-07
5.07,2.3030729821975137e-15,0.037458108222146506,4.446465710801867e-08,0.018729054111074405,8.360879011114543e-07
5.08,2.12441041133962e-15,0.03668886101684392,4.22643800166406e-08,0.01834443050842302,7.947151530719296e-07
5.09,1.9594117690997307e-15,0.035931817864613684,4.016896374577417e-08,0.01796590893230782,7.5531414773847e-07
5.1,1.8070475225234427e-15,0.035186876784341785,3.8173618098188204e-08,0.017593438392171794,7.17794812990667e-07
5.109999999999999,1.6663645051034856e-15,0.03445393431141262,3.627376132234987e-08,0.017226967155707144,6.820709962014312e-07
5.120000000000001,1.536480344915633e-15,0.03373288556941619,3.4465011545130365e-08,0.016866442784708863,6.480603031425042e-07
5.130000000000001,1.4165782922649989e-15,0.03302362434106426,3.274317853304843e-08,0.01651181217053284,6.156839430676082e-07
5.140000000000001,1.3059024187217587e-15,0.032326043138288206,3.1104255770513556e-08,0.016163021569144755,5.848665797562772e-07
5.15,1.2037531613665583e-15,0.03164003327149616,2.9544412843903907e-08,0.01582001663574868,5.555361883084271e-07
5.16,1.1094831878753105e-15,0.030965484917964487,2.805998812064845e-08,0.015482742458982799,5.276239174860173e-07
5.17,1.0224935597600515e-15,0.030302287189341987,2.6647481712831805e-08,0.015151143594671505,5.010639574047122e-07
5.18,9.422301726554696e-16,0.02965032819824521,2.530354871516807e-08,0.014825164099123076,4.7579341238462113e-07
5.1899999999999995,8.6818045400666e-16,0.029009495123925005,2.402499270751283e-08,0.014504747561962936,4.5175217877526243e-07
5.200000000000001,7.998702998797631e-16,0.02837967427698509,2.280875951239683e-08,0.014189837138492947,4.2888282757580765e-07
5.210000000000001,7.368612338904822e-16,0.027760751163135013,2.1651931198370387e-08,0.013880375581567874,4.071304916774105e-07
5.220000000000001,6.787477724315347e-16,0.027152610545959324,2.0551720320242734e-08,0.013576305272980002,3.8644275755997254e-07
5.23,6.251549814856941e-16,0.026555136508688876,1.9505464387594585e-08,0.01327756825434475,3.6676956128122636e-07
5.24,5.757362113401795e-16,0.025968212514957956,1.8510620553218103e-08,0.012984106257479266,3.480630886012088e-07
5.25,5.301709964775002e-16,0.025391721468533936,1.7564760513415434e-08,0.012695860734267234,3.3027767909039987e-07
5.26,4.881631088107683e-16,0.02482554577200662,1.666556561235166e-08,0.012412772886003554,3.1336973407478533e-07
5.27,4.494387532632626e-16,0.024269567384425334,1.5810822142916764e-08,0.012134783692212893,2.9729762827596055e-07
5.280000000000001,4.137448954664376e-16,0.023723667877872962,1.4998416836802397e-08,0.011861833938936688,2.8202162500912154e-07
5.290000000000001,3.808477120714944e-16,0.02318772849296749,1.4226332536743677e-08,0.011593864246483936,2.675037948063831e-07
5.300000000000001,3.5053115484074613e-16,0.022661630193280897,1.3492644044110986e-08,0.011330815096640624,2.5370793733727713e-07
5.3100000000000005,3.225956203098091e-16,0.02214525371866923,1.2795514135271774e-08,0.011072626859334776,2.405995065027058e-07
5.32,2.968567173929077e-16,0.02163847963750541,1.2133189740360218e-08,0.010819239818752855,2.2814553858271812e-07
5.33,2.731441258446366e-16,0.02114118839780938,1.150399827831345e-08,0.010570594198904828,2.1631458332263444e-07
5.34,2.513005389949483e-16,0.020653260377270152,1.0906344142241942e-08,0.010326630188635201,2.050766378459675e-07
5.35,2.311806846423917e-16,0.020174575932155533,1.0338705329406489e-08,0.010087287966077883,1.9440308328644286e-07
5.359999999999999,2.1265041842635232e-16,0.019705015445106028,9.79963021027184e-09,0.00985250772255312,1.842666240351375e-07
5.370000000000001,1.9558588440419605e-16,0.019244459371810338,9.28773443130002e-09,0.009622229685905266,1.746412295023822e-07
5.380000000000001,1.798727379361548e-16,0.01879278828656105,8.80169794633231e-09,0.009396394143280615,1.6550207829757153e-07
5.390000000000001,1.6540542633113996e-16,0.018349882926688533,8.340262171588662e-09,0.00917494146334435,1.5682550473340523e-07
5.4,1.5208652303263712e-16,0.017915624235874308,7.902227259490874e-09,0.00895781211793723,1.4858894756442318e-07
5.41,1.398261114266811e-16,0.01748989340634351,7.486449486682832e-09,0.008744946703171825,1.4077090087283674e-07
5.42,1.2854121463557382e-16,0.017072571919938228,7.091838751787279e-09,0.008536285959969178,1.3335086701778262e-07
5.43,1.1815526792273845e-16,0.016663541588073764,6.717356178597395e-09,0.00833177079403694,1.2630931156711253e-07
5.4399999999999995,1.085976305773763e-16,0.016262684590580685,6.36201182055552e-09,0.008131342295290396,1.19627620133728e-07
5.450000000000001,9.980313437365888e-17,0.015869883513436222,6.024862462521236e-09,0.007934941756718161,1.1328805704128882e-07
5.460000000000001,9.171166590922072e-17,0.01548502138538954,5.70500951597542e-09,0.007742510692694816,1.0727372574683747e-07
5.470000000000001,8.426778032285546e-17,0.015107981713484916,5.401597003946195e-09,0.007553990856742501,1.0156853095050291e-07
5.48,7.742034407262017e-17,0.014738648517489626,5.113809632079903e-09,0.007369324258744852,9.615714232502586e-08
5.49,7.112220462389827e-17,0.014376906363231707,4.840870942409383e-09,0.007188453181615889,9.102495980027673e-08
5.5,6.532988505335641e-17,0.014022640394854832,4.582041546499943e-09,0.007011320197427449,8.615808034034621e-08
5.51,6.000330171995193e-17,0.013675736365997566,4.336617434775411e-09,0.006837868182998814,8.154326615308235e-08
5.52,5.5105503288961756e-17,0.013336080669904863,4.103928358945728e-09,0.006668040334952459,7.716791427418708e-08
5.530000000000001,5.06024295201977e-17,0.013003560368480367,3.883336284571691e-09,0.0065017801842402086,7.302002747013143e-08
5.540000000000001,4.646268834776719e-17,0.012678063220288627,3.6742339109140688e-09,0.006339031610144337,6.908818640624754e-08
5.550000000000001,4.265734988658728e-17,0.012359477707516114,3.4760432553201425e-09,0.006179738853758079,6.53615230283454e-08
5.5600000000000005,3.915975610098694e-17,0.012047693061901945,3.2882142995060668e-09,0.006023846530950993,6.182969510818303e-08
5.57,3.594534496359541e-17,0.01174259928964802,3.1102236951917567e-09,0.005871299644824028,5.8482861904967487e-08
5.58,3.2991488018920183e-17,0.011444087195319754,2.9415735266425967e-09,0.005722043597659893,5.531166089689919e-08
5.59,3.0277340345978715e-17,0.011152048404748661,2.7817901277653035e-09,0.005576024202374345,5.2307185538521164e-08
5.6,2.7783701988529667e-17,0.010866375386948507,2.630422951495243e-09,0.0054331876934742675,4.946096400132686e-08
5.609999999999999,2.5492889990248502e-17,0.01058696147505711,2.4870434892997587e-09,0.005293480737528568,4.676493885672066e-08
5.620000000000001,2.338862023601117e-17,0.010313700886316222,2.3512442387056817e-09,0.005156850443158122,4.421144766199749e-08
5.630000000000001,2.1455898359620133e-17,0.010046488741102543,2.2226377168406183e-09,0.005023244370551282,4.179320441153928e-08
5.640000000000001,1.9680919033174864e-17,0.009785221081022364,2.100855518055152e-09,0.004892610540511192,3.9503281816883385e-08
5.65,1.805097300416507e-17,0.009529794886084138,1.985547413769412e-09,0.0047648974430420776,3.7335094380754055e-08
5.66,1.655436129351494e-17,0.00928010809096205,1.876380492759337e-09,0.004640054045481034,3.5282382231498466e-08
5.67,1.518031601151931e-17,0.009036059600364908,1.7730383401686379e-09,0.004518029800182462,3.333919568569881e-08
5.68,1.391892728912498e-17,0.00879754930352447,1.6752202535998873e-09,0.004398774651762242,3.1499880507998804e-08
5.6899999999999995,1.2761075859548141e-17,0.008564478087817759,1.5826404947035315e-09,0.004282239043908885,2.9759063838412933e-08
5.700000000000001,1.1698370860005101e-17,0.008336747851538054,1.495027574746229e-09,0.004168373925769033,2.8111640758563372e-08
5.710000000000001,1.0723092455562056e-17,0.008114261515829644,1.4121235727008852e-09,0.004057130757914827,2.655276146943621e-08
5.720000000000001,9.828138916960816e-18,0.007896923035800899,1.3336834844585644e-09,0.003948461517900455,2.5077819054335655e-08
5.73,9.006977811934321e-18,0.007684637410831661,1.2594746018193283e-09,0.0038423187054158346,2.368243780178404e-08
5.74,8.25360099513585e-18,0.007477310694089827,1.189275919972662e-09,0.003738655347044918,2.2362462064123723e-08
5.75,7.562483105522283e-18,0.007274850001272842,1.1228775722306796e-09,0.003637425000636425,2.111394562856459e-08
5.76,6.928543301994526e-18,0.007077163518589786,1.0600802908272827e-09,0.0035385817592948963,1.9933141578360796e-08
5.77,6.347109988430871e-18,0.0068841605099997484,1.0006948926449663e-09,0.0034420802549998773,1.8816492622712672e-08
5.780000000000001,5.813888298070398e-18,0.006695751323722405,9.445417887774095e-10,0.0033478756618612053,1.7760621874863083e-08
5.790000000000001,5.324930124628678e-18,0.0065118473980368035,8.914505168808788e-10,0.0032559236990184043,1.676232405870152e-08
5.800000000000001,4.8766065036499344e-18,0.006332361266383957,8.412592953103586e-10,0.0031661806331919813,1.581855712499568e-08
5.8100000000000005,4.465582162526959e-18,0.00615720656178985,7.93814598078151e-10,0.003078603280894927,1.492643425915689e-08
5.82,4.088792071423813e-18,0.005986298020624443,7.489707497122105e-10,0.002993149010312224,1.4083216263188627e-08
5.83,3.743419840114798e-18,0.005819551485712975,7.06589539130083e-10,0.0029097757428564893,1.3286304295193637e-08
5.84,3.4268778175701188e-18,0.005656883908815559,6.665398516810787e-10,0.0028284419544077812,1.2533232950506059e-08
5.85,3.1367887620513147e-18,0.005498213352491183,6.286973185448829e-10,0.0027491066762455932,1.1821663669184045e-08
5.859999999999999,2.8709689595905424e-18,0.005343458991362102,5.929439827088254e-10,0.0026717294956810525,1.1149378455237992e-08
5.870000000000001,2.6274126780780913e-18,0.005192541112794678,5.591679807788032e-10,0.0025962705563973404,1.0514273893585676e-08
5.880000000000001,2.40427785282893e-18,0.005045381117012729,5.272632399104592e-10,0.002522690558506366,9.914355451320033e-09
5.890000000000001,2.1998729074924235e-18,0.004901901516658942,4.971291891772486e-10,0.0024509507583294725,9.347732050439863e-09
5.9,2.0126446215611238e-18,0.004762025935820679,4.686704847213806e-10,0.0023810129679103405,8.812610899745846e-09
5.91,1.8411669625639966e-18,0.004625679108535579,4.4179674806132683e-10,0.00231283955426779,8.307292574125061e-09
5.92,1.6841308073446762e-18,0.004492786876792775,4.1642231695647826e-10,0.0022463934383963884,7.830166329952944e-09
5.93,1.5403344826595166e-18,0.0043632761880452444,3.924660082553072e-10,0.002181638094022623,7.379705645826177e-09
5.9399999999999995,1.4086750607224903e-18,0.0042370750922488196,3.698508921780723e-10,0.0021185375461244106,6.9544639783041895e-09
5.950000000000001,1.2881403503052614e-18,0.0041141127384431405,3.4850407750884794e-10,0.0020570563692215707,6.5530707227833154e-09
5.960000000000001,1.1778015286035408e-18,0.0039943193708898905,3.28356507194456e-10,0.0019971596854449457,6.1742273700563796e-09
5.970000000000001,1.0768063633313697e-18,0.0038776263247831525,3.0934276386966095e-10,0.0019388131623915767,5.816703849520044e-09
5.98,9.84372978432553e-19,0.0037639660215471773,2.914008848490678e-10,0.001881983010773589,5.479335050388607e-09
5.99,8.997841204238322e-19,0.0036532719637361166,2.7447218614618364e-10,0.0018266359818680587,5.161017512649401e-09
6.0,8.223818857335134e-19,0.003545478729550406,2.5850109509944454e-10,0.0017727393647752035,4.860706279858629e-09
6.01,7.515628724909253e-19,0.00344052196698436,2.4343499120348684e-10,0.0017202609834921804,4.577411906223918e-09
6.02,6.867737230764273e-19,0.0033383383876191726,2.292240547617244e-10,0.0016691691938095867,4.310197610754208e-09
6.030000000000001,6.275070263765431e-19,0.0032388657600755325,2.158211229932429e-10,0.0016194328800377665,4.058176571576356e-09
6.040000000000001,5.73297551120873e-19,0.003142042903139815,2.0318155324340289e-10,0.0015710214515699077,3.820509353825794e-09
6.050000000000001,5.237187839217471e-19,0.0030478096785774406,1.9126309296307064e-10,0.0015239048392887205,3.5964014648105834e-09
6.0600000000000005,4.783797477089681e-19,0.002956106983647223,1.800257561364838e-10,0.0014780534918236118,3.385101030431903e-09
6.07,4.369220781628103e-19,0.002866876743329887,1.694317058520196e-10,0.0014334383716649438,3.1858965871121427e-09
6.08,3.990173375116873e-19,0.0027800619022839506,1.5944514272390864e-10,0.0013900309511419755,2.9981149837408312e-09
6.09,3.643645466871461e-19,0.002695606416541985,1.500321988861113e-10,0.0013478032082709927,2.8211193883963047e-09
6.1,3.326879183292128e-19,0.00261345524495994,1.411608372921666e-10,0.0013067276224799703,2.6543073948378443e-09
6.109999999999999,3.037347745183783e-19,0.0025335543404320674,1.3280075606690355e-10,0.001266777170216034,2.4971092239901275e-09
6.120000000000001,2.772736343866284e-19,0.002455850640883786,1.2492329766745879e-10,0.0012279253204418932,2.3489860158591283e-09
6.130000000000001,2.5309245793611815e-19,0.0023802920600545967,1.175013626221226e-10,0.0011901460300272986,2.2094282075268644e-09
6.140000000000001,2.3099703347876694e-19,0.0023068274780827474,1.105093276260862e-10,0.001153413739041374,2.0779539930708253e-09
6.15,2.1080949710994141e-19,0.002235406731903554,1.0392296778336133e-10,0.001117703365951777,1.954107861445636e-09
6.16,1.9236697355085183e-19,0.00216598060547256,9.771938279377692e-11,0.00108299030273628,1.8374592085456949e-09
6.17,1.7552032854376154e-19,0.0020985008198248197,9.187692689326585e-11,0.0010492504099124098,1.7276010198425233e-09
6.18,1.601330237668131e-19,0.0020329200229812212,8.63751423645294e-11,0.0010164600114906106,1.6241486201574446e-09
6.1899999999999995,1.4608006595651136e-19,0.001969191779712564,8.119469644363737e-11,0.000984595889856282,1.5267384872894928e-09
6.200000000000001,1.3324704259039243e-19,0.0019072705611718676,7.631732145624902e-11,0.0009536352805859339,1.4350271263712587e-09
6.210000000000001,1.2152923709458205e-19,0.0018471117344051918,7.172575802490296e-11,0.000923555867202596,1.3486900019713511e-09
6.220000000000001,1.1083081710478012e-19,0.0017886715517508277,6.740370119621598e-11,0.000894335775875414,1.2674205251011552e-09
6.23,1.0106408982858689e-19,0.001731907140136847,6.333574934396043e-11,0.0008659535700684235,1.1909290924176128e-09
6.24,9.214881903530599e-20,0.0016767764902863537,5.950735571072886e-11,0.0008383882451431768,1.1189421750404902e-09
6.25,8.401159863976297e-20,0.0016232384458398147,5.590478245738993e-11,0.0008116192229199073,1.0512014545247072e-09
6.26,7.658527825215749e-20,0.001571252692403501,5.251505709571814e-11,0.0007856263462017505,9.874630036445062e-10
6.27,6.980843643922313e-20,0.0015207797465328658,4.9325931185490945e-11,0.0007603898732664329,9.27496509757361e-10
6.280000000000001,6.362489778558933e-20,0.0014717809446594182,4.632584118298931e-11,0.0007358904723297091,8.710845386216452e-10
6.290000000000001,5.798329016048007e-20,0.0014242184319694978,4.35038713332331e-11,0.0007121092159847489,8.180218366435165e-10
6.300000000000001,5.283663888591448e-20,0.0013780551512429413,4.084971850341483e-11,0.0006890275756214707,7.681146696249813e-10
6.3100000000000005,4.8141994770422656e-20,0.0013332548316596629,3.835365885993384e-11,0.0006666274158298314,7.211801961779642e-10
6.32,4.3860093218666335e-20,0.0012897819775816986,3.600651629609629e-11,0.0006448909887908493,6.770458740568925e-10
6.33,3.9955041854069056e-20,0.0012476018573181532,3.37996325220441e-11,0.0006238009286590766,6.355488977468813e-10
6.34,3.639403430008849e-20,0.001206680491880246,3.172483873273474e-11,0.000603340245940123,5.965356657246803e-10
6.35,3.3147087957568246e-20,0.0011669846437333978,2.9774428773880126e-11,0.0005834923218666989,5.598612758863844e-10
6.359999999999999,3.018680379200402e-20,0.001128481805553109,2.7941133729634137e-11,0.0005642409027765545,5.253890477088901e-10
6.370000000000001,2.748814630675979e-20,0.00109114018899112,2.6218097859532846e-11,0.00054557009449556,4.929900697819258e-10
6.380000000000001,2.5028242027435286e-20,0.00105492871345819,2.4598855815731582e-11,0.000527464356729095,4.6254277141404806e-10
6.390000000000001,2.278619495967625e-20,0.0010198169949294645,2.3077311074946294e-11,0.0005099084974647323,4.3393251707924224e-10
6.4,2.074291760880297e-20,0.0009857753347784143,2.1647715522742398e-11,0.0004928876673892072,4.0705122253160313e-10
6.41,1.8880976265459006e-20,0.0009527747086448935,2.0304650130863607e-11,0.00047638735432244675,3.817969914729122e-10
6.42,1.718444936798448e-20,0.0009207867553427877,1.9043006671227162e-11,0.00046039337767139385,3.5807377171309526e-10
6.43,1.5638797850059912e-20,0.0008897837658124537,1.7857970412996822e-11,0.00044489188290622685,3.3579102981591113e-10
6.4399999999999995,1.4230746472077372e-20,0.0008597386721229894,1.6745003751798627e-11,0.0004298693360614947,3.148634432721163e-10
6.450000000000001,1.2948175217303235e-20,0.0008306250365291263,1.5699830722676223e-11,0.00041531251826456314,2.952106092899633e-10
6.460000000000001,1.1780019909779167e-20,0.0008024170405873879,1.4718422350793933e-11,0.00040120852029369394,2.7675676933822554e-10
6.470000000000001,1.0716181280608812e-20,0.0007750894743358753,1.3796982796187844e-11,0.00038754473716793767,2.5943054862004656e-10
6.48,9.74744177330194e-21,0.0007486177255419824,1.293193625105885e-11,0.0003743088627709912,2.431647096971555e-10
6.49,8.865389437630796e-21,0.0007229777690220196,1.2119914550178356e-11,0.0003614888845110098,2.278959195230446e-10
6.5,8.062348315440009e-21,0.0006981461560366082,1.1357745456962422e-11,0.0003490730780183041,2.1356452918102817e-10
6.51,7.331314771413812e-21,0.0006741000037655223,1.0642441589659256e-11,0.0003370500018827611,2.001143656586256e-10
6.52,6.66589926730568e-21,0.0006508169848654474,9.971189953889608e-12,0.0003254084924327237,1.8749253502345663e-10
6.530000000000001,6.06027311990002e-21,0.0006282753171139733,9.341342049491855e-12,0.00031413765855698664,1.756492363980322e-10
6.540000000000001,5.509119821312027e-21,0.0006064537531429667,8.750404521250769e-12,0.00030322687657148334,1.6453758616142261e-10
6.550000000000001,5.0075905354080815e-21,0.0005853315702642472,8.196030324635986e-12,0.0002926657851321236,1.5411345183487195e-10
6.5600000000000005,4.5512634164155684e-21,0.000564888560390428,7.67601037915295e-12,0.000282444280195214,1.443352951361982e-10
6.57,4.136106425405398e-21,0.0005451050200535133,7.188265683307149e-12,0.00027255251002675663,1.3516402371410464e-10
6.58,3.758443347506695e-21,0.0005259617405237413,6.730839866517531e-12,0.00026298087026187066,1.2656285109863304e-10
6.59,3.4149227376373336e-21,0.0005074399980310061,6.301892154581979e-12,0.00025371999901550304,1.184971644278124e-10
6.6,3.1024895453975687e-21,0.0004895215440910185,5.899690726503251e-12,0.00024476077204550924,1.1093439953322538e-10
6.609999999999999,2.8183591907405107e-21,0.0004721885959382294,5.5226064416292985e-12,0.0002360942979691147,1.0384392298875383e-10
6.620000000000001,2.559993881260672e-21,0.00045542382706740056,5.1691069171519065e-12,0.00022771191353370028,9.719692074726124e-11
6.630000000000001,2.325080979571661e-21,0.00043921035788556585,4.837750937042622e-12,0.00021960517894278292,9.096629300943172e-11
6.640000000000001,2.1115132454054774e-21,0.000423531746475947,4.527183174487922e-12,0.0002117658732379735,8.51265549874688e-11
6.65,1.917370791884069e-21,0.0004083719794753478,4.2361292108225585e-12,0.0002041859897376739,7.965374324397604e-11
6.66,1.740904608992787e-21,0.0003937154630663145,3.963390834846351e-12,0.00019685773153315725,7.45253273030068e-11
6.67,1.5805215197327623e-21,0.00037954701408529656,3.707841607254205e-12,0.00018977350704264828,6.972012624615127e-11
6.68,1.4347704458349742e-21,0.00036585185124788614,3.468422675710728e-12,0.00018292592562394307,6.521823002160052e-11
6.6899999999999995,1.302329870370126e-21,0.0003526155864921067,3.2441388268616314e-12,0.00017630779324605335,6.100092520843414e-11
6.700000000000001,1.181996394163395e-21,0.0003398242164406,3.0340547622968996e-12,0.0001699121082203,5.705062499196821e-11
6.710000000000001,1.0726742916954073e-21,0.00032746411398246194,2.8372915861670776e-12,0.00016373205699123097,5.335080311890717e-11
6.720000000000001,9.73365980204983e-22,0.0003155220199753245,2.65302349280474e-12,0.00015776100998766225,4.988593161327843e-11
6.73,8.831633230689093e-22,0.00030398503506825667,2.4804746433226092e-12,0.00015199251753412834,4.664142204577534e-11
6.74,8.012396952728066e-22,0.000292840611645868,2.3189162207454024e-12,0.000146420305822934,4.360357016014605e-11
6.75,7.268427449581333e-22,0.00028207654589395637,2.167663653790044e-12,0.00014103827294697818,4.0759503670749476e-11
6.76,6.592877906807128e-22,0.00027168096998692385,2.0260739999367517e-12,0.00013584048499346192,3.8097133055325396e-11
6.77,5.979517991884569e-22,0.0002616423443971003,1.8935434789350072e-12,0.00013082117219855014,3.560510517645588e-11
6.780000000000001,5.422678932607441e-22,0.00025194945032601634,1.7695051483635078e-12,0.00012597472516300817,3.327275957412824e-11
6.790000000000001,4.917203434857505e-22,0.00024259138225760253,1.6534267133142911e-12,0.00012129569112880127,3.109008728029198e-11
6.800000000000001,4.458400018176553e-22,0.00023355754063316762,1.5448084626983823e-12,0.00011677877031658381,2.9047692014334204e-11
6.8100000000000005,4.042001383854481e-22,0.0002248376246479887,1.443181325076418e-12,0.00011241881232399435,2.713675362603412e-11
6.82,3.664126463450506e-22,0.00021642162516921664,1.3481050373011505e-12,0.00010821081258460832,2.5348993659767417e-11
6.83,3.321245826049038e-22,0.00020829981777475398,1.25916641962367e-12,0.00010414990888737699,2.36766429205933e-11
6.84,3.010150150338829e-22,0.0002004627559126886,1.1759777512601532e-12,0.0001002313779563443,2.2112410929343635e-11
6.85,2.7279214930240536e-22,0.00019290126418079496,1.098175240743321e-12,9.645063209039748e-05,2.0649457159989388e-11
6.859999999999999,2.471907108322947e-22,0.00018560643172555423,1.0254175856926486e-12,9.280321586277712e-05,1.928136395838596e-11
6.870000000000001,2.2396955945677856e-22,0.00017856960576008104,9.57384616931272e-13,8.928480288004052e-05,1.800211104702543e-11
6.880000000000001,2.0290951633591467e-22,0.000171782385200293,8.937760221557727e-13,8.58911926001465e-05,1.6806051525655472e-11
6.890000000000001,1.838113844497328e-22,0.00016523661441858012,8.343101446283252e-13,8.261830720929006e-05,1.5687889282575714e-11
6.9,1.6649414561622598e-22,0.0001589243771142179,7.787228526107617e-13,7.946218855710895e-05,1.464265773612457e-11
6.91,1.5079331846608969e-22,0.0001528379902996781,7.267664754959834e-13,7.641899514983905e-05,1.3665699830304662e-11
6.92,1.3655946316348794e-22,0.0001469699984019657,6.782088028161487e-13,7.348499920098285e-05,1.2752649212707109e-11
6.93,1.2365681990236656e-22,0.000141313167478057,6.328321425189277e-13,7.06565837390285e-05,1.189941252687851e-11
6.9399999999999995,1.1196206934120407e-22,0.00013586047954347512,5.90432435103474e-13,6.793023977173756e-05,1.1102152755042026e-11
6.950000000000001,1.01363204174578e-22,0.00013060512701299314,5.508184203976975e-13,6.530256350649657e-05,1.0357273550655268e-11
6.960000000000001,9.17585019859163e-23,0.0001255405072524254,5.138108539378956e-13,6.27702536262127e-05,9.661404503662472e-12
6.970000000000001,8.305559038985923e-23,0.00012066021724041403,4.792417700816882e-13,6.033010862020701e-05,9.01138728449291e-12
6.98,7.517059626199259e-23,0.00011595804833911264,4.469537891460984e-13,5.797902416955632e-05,8.404262615882892e-12
6.99,6.802737157439165e-23,0.00011142798117260795,4.1679946601451144e-13,5.5713990586303976e-05,7.837258024454738e-12
7.0,6.155678901365137e-23,0.0001070641806119083,3.8864067780012763e-13,5.353209030595415e-05,7.307776326691677e-12
