sequence,dataset,frame,dx,dy,maximizer_x_cells,maximizer_y_cells,boundary,maximizing_shifts,native_overlap,maximum_overlap
0000,v2v_development,1,0.5,-1.5,1,-3,False,1,254,504
0000,v2v_development,2,0.5,-1.5,1,-3,False,1,251,472
0000,v2v_development,3,0.5,-1.5,1,-3,False,1,271,503
0000,v2v_development,4,0.5,-1.5,1,-3,False,1,267,496
0000,v2v_development,5,0.5,-1.5,1,-3,False,1,277,478
0000,v2v_development,6,0.5,-1.5,1,-3,False,1,275,497
0000,v2v_development,7,0.5,-1.5,1,-3,False,1,286,504
0000,v2v_development,8,1.0,-0.5,2,-1,False,1,278,402
0000,v2v_development,9,1.0,-0.5,2,-1,False,1,284,429
0000,v2v_development,10,0.5,-0.5,1,-1,False,1,349,444
0000,v2v_development,11,0.0,-0.5,0,-1,False,2,349,429
0000,v2v_development,12,0.5,-0.5,1,-1,False,1,370,471
0000,v2v_development,13,0.5,-0.5,1,-1,False,1,354,452
0000,v2v_development,14,0.0,-0.5,0,-1,False,1,348,458
0000,v2v_development,15,0.5,-0.5,1,-1,False,1,391,506
0000,v2v_development,16,0.5,-0.5,1,-1,False,1,408,502
0000,v2v_development,17,0.5,-1.0,1,-2,False,1,399,459
0000,v2v_development,18,0.5,-1.0,1,-2,False,1,358,579
0000,v2v_development,19,2.5,-1.0,5,-2,False,1,286,545
0000,v2v_development,20,0.5,-1.5,1,-3,False,2,304,514
0000,v2v_development,21,1.0,-1.5,2,-3,False,1,253,470
0000,v2v_development,22,1.0,-1.5,2,-3,False,1,230,464
0000,v2v_development,23,1.0,-1.5,2,-3,False,2,243,441
0000,v2v_development,24,1.0,-1.0,2,-2,False,1,242,454
0000,v2v_development,25,1.0,-1.0,2,-2,False,1,232,411
0000,v2v_development,26,1.0,-1.5,2,-3,False,1,194,419
0000,v2v_development,27,1.5,-1.0,3,-2,False,1,211,430
0000,v2v_development,28,1.5,-1.0,3,-2,False,2,243,461
0000,v2v_development,29,2.0,-1.0,4,-2,False,1,239,484
0000,v2v_development,30,1.0,-1.0,2,-2,False,1,240,465
0000,v2v_development,31,1.0,-1.0,2,-2,False,1,256,481
0000,v2v_development,32,1.0,-1.0,2,-2,False,1,292,520
0000,v2v_development,33,1.0,-1.0,2,-2,False,1,280,511
0000,v2v_development,34,1.0,-1.0,2,-2,False,1,294,519
0000,v2v_development,35,1.0,-1.0,2,-2,False,1,291,529
0000,v2v_development,36,1.5,-1.0,3,-2,False,1,257,515
0000,v2v_development,37,1.5,-1.0,3,-2,False,1,265,503
0000,v2v_development,38,1.5,-1.0,3,-2,False,1,258,480
0000,v2v_development,39,1.5,-1.0,3,-2,False,1,252,492
0000,v2v_development,40,1.5,-1.0,3,-2,False,1,248,513
0000,v2v_development,41,1.5,-1.0,3,-2,False,1,244,495
0000,v2v_development,42,1.5,-1.0,3,-2,False,1,248,495
0000,v2v_development,43,1.5,-1.0,3,-2,False,1,252,499
0000,v2v_development,44,1.5,-1.0,3,-2,False,1,262,511
0000,v2v_development,45,1.5,-1.0,3,-2,False,1,248,456
0000,v2v_development,46,2.0,-1.0,4,-2,False,1,219,415
0000,v2v_development,47,1.5,-1.0,3,-2,False,1,226,435
0000,v2v_development,48,3.5,-0.5,7,-1,False,1,212,439
0000,v2v_development,49,3.0,-0.5,6,-1,False,1,227,466
0000,v2v_development,50,2.0,-1.0,4,-2,False,1,243,505
0000,v2v_development,51,3.0,-0.5,6,-1,False,1,274,535
0000,v2v_development,52,2.5,-0.5,5,-1,False,1,280,532
0000,v2v_development,53,3.5,-0.5,7,-1,False,1,285,513
0000,v2v_development,54,2.5,-0.5,5,-1,False,1,303,549
0000,v2v_development,55,3.0,-0.5,6,-1,False,1,259,546
0000,v2v_development,56,2.0,-0.5,4,-1,False,1,308,565
0000,v2v_development,57,2.0,-0.5,4,-1,False,1,285,575
0000,v2v_development,58,2.5,-0.5,5,-1,False,1,285,560
0000,v2v_development,59,2.0,-0.5,4,-1,False,1,298,547
0000,v2v_development,60,2.0,-0.5,4,-1,False,2,333,624
0000,v2v_development,61,2.5,-0.5,5,-1,False,1,343,616
0000,v2v_development,62,3.0,-0.5,6,-1,False,1,306,548
0000,v2v_development,63,2.0,-0.5,4,-1,False,1,319,557
0000,v2v_development,64,3.0,-0.5,6,-1,False,1,331,594
0000,v2v_development,65,4.0,0.0,8,0,False,1,377,650
0000,v2v_development,66,2.0,-0.5,4,-1,False,2,366,597
0000,v2v_development,67,3.5,0.0,7,0,False,1,400,631
0000,v2v_development,68,4.0,0.0,8,0,False,1,372,632
0000,v2v_development,69,3.5,0.0,7,0,False,1,379,615
0000,v2v_development,70,4.0,0.0,8,0,False,1,329,600
0000,v2v_development,71,4.0,0.0,8,0,False,1,340,584
0000,v2v_development,72,3.0,-0.5,6,-1,False,1,370,612
0000,v2v_development,73,3.0,-0.5,6,-1,False,1,411,680
0000,v2v_development,74,4.0,0.0,8,0,False,1,331,615
0000,v2v_development,75,3.5,-0.5,7,-1,False,1,334,577
0000,v2v_development,76,4.5,0.0,9,0,False,1,338,580
0000,v2v_development,77,3.5,-0.5,7,-1,False,2,379,605
0000,v2v_development,78,2.0,-0.5,4,-1,False,1,352,586
0000,v2v_development,79,4.0,0.0,8,0,False,1,336,553
0000,v2v_development,80,4.0,0.0,8,0,False,1,339,530
0000,v2v_development,81,4.0,0.0,8,0,False,1,321,522
0000,v2v_development,82,4.0,-0.5,8,-1,False,1,310,525
0000,v2v_development,83,3.5,-0.5,7,-1,False,1,291,531
0000,v2v_development,84,4.0,-0.5,8,-1,False,1,290,539
0000,v2v_development,85,4.0,0.0,8,0,False,1,285,551
0000,v2v_development,86,4.0,0.0,8,0,False,1,284,577
0000,v2v_development,87,4.0,0.0,8,0,False,1,329,635
0000,v2v_development,88,4.0,0.0,8,0,False,1,342,652
0000,v2v_development,89,4.0,0.0,8,0,False,1,342,668
0000,v2v_development,90,4.0,0.0,8,0,False,1,350,618
0000,v2v_development,91,4.0,0.0,8,0,False,1,455,698
0000,v2v_development,92,4.0,0.0,8,0,False,1,405,658
0000,v2v_development,93,4.0,0.0,8,0,False,1,360,592
0000,v2v_development,94,4.0,0.0,8,0,False,1,374,587
0000,v2v_development,95,3.5,0.0,7,0,False,1,440,655
0000,v2v_development,96,4.0,-0.5,8,-1,False,1,386,645
0000,v2v_development,97,4.5,0.0,9,0,False,1,415,647
0000,v2v_development,98,6.0,0.5,12,1,False,1,355,573
0000,v2v_development,99,4.0,0.0,8,0,False,1,367,575
0000,v2v_development,100,4.0,0.0,8,0,False,1,330,567
0000,v2v_development,101,4.5,0.0,9,0,False,1,260,498
0000,v2v_development,102,4.0,0.0,8,0,False,1,220,453
0000,v2v_development,103,4.5,0.0,9,0,False,1,203,474
0000,v2v_development,104,4.5,0.0,9,0,False,1,216,516
0000,v2v_development,105,4.5,0.0,9,0,False,1,211,549
0000,v2v_development,106,4.5,0.0,9,0,False,1,238,576
0000,v2v_development,107,4.5,0.0,9,0,False,1,205,515
0000,v2v_development,108,3.5,-0.5,7,-1,False,1,204,401
0000,v2v_development,109,3.5,0.0,7,0,False,1,198,436
0000,v2v_development,110,3.0,0.0,6,0,False,1,239,480
0000,v2v_development,111,3.5,0.0,7,0,False,1,202,408
0000,v2v_development,112,3.5,0.0,7,0,False,1,190,374
0000,v2v_development,113,3.5,0.0,7,0,False,1,169,370
0000,v2v_development,114,3.5,0.0,7,0,False,1,157,366
0000,v2v_development,115,3.5,0.0,7,0,False,1,167,333
0000,v2v_development,116,3.0,0.0,6,0,False,1,169,327
0000,v2v_development,117,3.5,0.0,7,0,False,1,171,330
0000,v2v_development,118,3.5,0.0,7,0,False,1,175,347
0000,v2v_development,119,3.5,0.0,7,0,False,1,167,309
0000,v2v_development,120,3.5,0.0,7,0,False,1,148,233
0000,v2v_development,121,3.5,0.0,7,0,False,1,111,196
0000,v2v_development,122,3.5,0.0,7,0,False,1,91,182
0000,v2v_development,123,3.5,0.0,7,0,False,1,101,172
0000,v2v_development,124,3.5,0.0,7,0,False,1,115,194
0000,v2v_development,125,3.5,0.0,7,0,False,1,121,210
0000,v2v_development,126,3.5,0.0,7,0,False,1,94,178
0000,v2v_development,127,3.5,0.0,7,0,False,1,95,171
0000,v2v_development,128,4.0,0.0,8,0,False,1,96,145
0000,v2v_development,129,3.5,0.0,7,0,False,1,61,123
0000,v2v_development,130,4.0,0.0,8,0,False,1,77,133
0000,v2v_development,131,3.5,0.0,7,0,False,1,71,166
0000,v2v_development,132,3.5,0.0,7,0,False,1,98,188
0000,v2v_development,133,3.5,0.0,7,0,False,1,94,177
0000,v2v_development,134,3.5,-0.5,7,-1,False,1,83,157
0000,v2v_development,135,4.0,0.0,8,0,False,1,100,166
0000,v2v_development,136,4.0,0.0,8,0,False,1,105,190
0000,v2v_development,137,3.0,0.0,6,0,False,2,101,158
0000,v2v_development,138,3.0,0.0,6,0,False,1,80,126
0000,v2v_development,139,3.5,0.0,7,0,False,2,65,102
0000,v2v_development,140,3.0,1.0,6,2,False,2,43,87
0000,v2v_development,141,3.0,0.0,6,0,False,1,33,64
0000,v2v_development,142,3.5,0.0,7,0,False,1,39,60
0000,v2v_development,143,3.5,0.0,7,0,False,1,49,68
0000,v2v_development,144,4.0,0.0,8,0,False,1,38,54
0000,v2v_development,145,0.0,0.0,20,17,True,1,19,36
0000,v2v_development,146,5.5,2.0,11,4,False,1,20,40
0000,v2v_development,147,4.0,0.0,8,0,False,1,28,51
0001,v2v_development,1,0.0,0.0,20,-1,True,1,902,1001
0001,v2v_development,2,9.0,-0.5,18,-1,False,2,860,953
0001,v2v_development,3,0.0,0.0,20,-1,True,1,781,949
0001,v2v_development,4,9.5,-0.5,19,-1,False,1,826,962
0001,v2v_development,5,0.0,0.0,20,-1,True,1,873,1022
0001,v2v_development,6,0.0,0.0,20,-1,True,1,859,996
0001,v2v_development,7,0.0,0.0,20,0,True,1,860,964
0001,v2v_development,8,0.0,0.0,20,0,True,1,1020,1132
0001,v2v_development,9,8.5,0.0,17,0,False,1,1112,1242
0001,v2v_development,10,6.5,0.0,13,0,False,1,1206,1311
0001,v2v_development,11,7.0,0.0,14,0,False,1,1240,1355
0001,v2v_development,12,7.0,0.0,14,0,False,1,1233,1348
0001,v2v_development,13,6.5,0.0,13,0,False,1,1256,1368
0001,v2v_development,14,7.0,0.0,14,0,False,1,1295,1402
0001,v2v_development,15,9.5,0.5,19,1,False,1,1213,1396
0001,v2v_development,16,6.0,0.0,12,0,False,1,1227,1399
0001,v2v_development,17,6.5,0.0,13,0,False,1,1249,1384
0001,v2v_development,18,4.0,0.0,8,0,False,1,1197,1325
0001,v2v_development,19,5.0,0.0,10,0,False,1,1151,1314
0001,v2v_development,20,5.5,0.0,11,0,False,1,1127,1260
0001,v2v_development,21,6.0,0.0,12,0,False,1,1094,1224
0001,v2v_development,22,3.5,0.0,7,0,False,1,1065,1229
0001,v2v_development,23,4.5,-0.5,9,-1,False,1,772,905
0001,v2v_development,24,2.0,-0.5,4,-1,False,1,755,900
0001,v2v_development,25,5.0,-0.5,10,-1,False,1,701,834
0001,v2v_development,26,3.0,-0.5,6,-1,False,2,687,813
0001,v2v_development,27,3.5,-0.5,7,-1,False,1,708,815
0001,v2v_development,28,3.0,-0.5,6,-1,False,1,693,774
0001,v2v_development,29,4.5,-0.5,9,-1,False,1,712,777
0001,v2v_development,30,4.0,-0.5,8,-1,False,3,673,752
0001,v2v_development,31,4.5,-0.5,9,-1,False,1,654,743
0001,v2v_development,32,4.5,-0.5,9,-1,False,1,635,756
0001,v2v_development,33,5.0,-0.5,10,-1,False,1,619,759
0001,v2v_development,34,6.5,-0.5,13,-1,False,2,575,705
0001,v2v_development,35,5.0,-0.5,10,-1,False,1,579,735
0001,v2v_development,36,3.0,-0.5,6,-1,False,1,633,797
0001,v2v_development,37,4.5,-0.5,9,-1,False,1,629,818
0001,v2v_development,38,4.5,-0.5,9,-1,False,1,654,872
0001,v2v_development,39,3.0,-0.5,6,-1,False,1,655,899
0001,v2v_development,40,3.0,-0.5,6,-1,False,1,681,881
0001,v2v_development,41,3.0,-0.5,6,-1,False,1,670,879
0001,v2v_development,42,3.0,-0.5,6,-1,False,1,654,913
0001,v2v_development,43,3.5,-0.5,7,-1,False,1,663,899
0001,v2v_development,44,3.0,-0.5,6,-1,False,1,672,934
0001,v2v_development,45,3.0,-0.5,6,-1,False,1,706,942
0001,v2v_development,46,3.0,-0.5,6,-1,False,1,721,933
0001,v2v_development,47,3.0,-0.5,6,-1,False,1,653,848
0001,v2v_development,48,2.0,-0.5,4,-1,False,1,610,719
0001,v2v_development,49,3.0,-0.5,6,-1,False,1,433,557
0001,v2v_development,50,3.0,-0.5,6,-1,False,1,298,428
0001,v2v_development,51,3.0,-0.5,6,-1,False,1,349,514
0001,v2v_development,52,3.0,-0.5,6,-1,False,1,383,564
0001,v2v_development,53,3.5,-0.5,7,-1,False,1,384,587
0001,v2v_development,54,3.0,-0.5,6,-1,False,1,398,643
0001,v2v_development,55,3.5,-0.5,7,-1,False,1,424,678
0001,v2v_development,56,3.0,-0.5,6,-1,False,1,435,671
0001,v2v_development,57,3.0,-0.5,6,-1,False,1,469,725
0001,v2v_development,58,2.0,-0.5,4,-1,False,1,468,722
0001,v2v_development,59,3.0,-0.5,6,-1,False,1,486,753
0001,v2v_development,60,3.0,-0.5,6,-1,False,1,481,752
0001,v2v_development,61,2.5,-0.5,5,-1,False,1,439,697
0001,v2v_development,62,2.5,-0.5,5,-1,False,1,437,715
0001,v2v_development,63,2.5,-0.5,5,-1,False,1,453,735
0001,v2v_development,64,1.0,-0.5,2,-1,False,1,644,801
0001,v2v_development,65,2.5,-0.5,5,-1,False,1,444,755
0001,v2v_development,66,2.0,-0.5,4,-1,False,1,396,690
0001,v2v_development,67,3.0,-1.0,6,-2,False,1,402,714
0001,v2v_development,68,2.5,-0.5,5,-1,False,2,381,697
0001,v2v_development,69,2.5,-0.5,5,-1,False,1,362,688
0001,v2v_development,70,2.5,-0.5,5,-1,False,1,334,627
0001,v2v_development,71,3.0,-1.0,6,-2,False,1,342,618
0001,v2v_development,72,3.0,-1.0,6,-2,False,1,383,703
0001,v2v_development,73,2.5,-0.5,5,-1,False,1,452,791
0001,v2v_development,74,2.5,-1.0,5,-2,False,1,458,853
0001,v2v_development,75,3.5,-1.0,7,-2,False,1,471,864
0001,v2v_development,76,3.5,-1.0,7,-2,False,1,495,860
0001,v2v_development,77,2.5,-1.0,5,-2,False,1,492,847
0001,v2v_development,78,3.0,-1.0,6,-2,False,1,482,865
0001,v2v_development,79,3.0,-1.0,6,-2,False,1,484,829
0001,v2v_development,80,2.5,-1.0,5,-2,False,1,495,843
0001,v2v_development,81,2.5,-1.0,5,-2,False,1,456,814
0001,v2v_development,82,2.5,-1.0,5,-2,False,1,444,824
0001,v2v_development,83,2.0,-0.5,4,-1,False,1,416,504
0001,v2v_development,84,1.0,0.0,2,0,False,1,344,425
0001,v2v_development,85,2.0,-0.5,4,-1,False,1,426,559
0001,v2v_development,86,1.0,0.0,2,0,False,1,676,850
0001,v2v_development,87,1.5,0.0,3,0,False,1,638,818
0001,v2v_development,88,1.0,0.0,2,0,False,1,696,861
0001,v2v_development,89,1.0,0.0,2,0,False,1,697,870
0001,v2v_development,90,1.0,0.0,2,0,False,1,705,871
0001,v2v_development,91,1.5,0.0,3,0,False,1,687,892
0001,v2v_development,92,3.0,-0.5,6,-1,False,1,640,907
0001,v2v_development,93,3.0,-0.5,6,-1,False,1,656,892
0001,v2v_development,94,1.0,0.0,2,0,False,1,801,949
0001,v2v_development,95,2.5,-0.5,5,-1,False,1,652,869
0001,v2v_development,96,1.0,0.0,2,0,False,1,752,944
0001,v2v_development,97,2.5,-0.5,5,-1,False,1,775,950
0001,v2v_development,98,1.5,0.0,3,0,False,1,712,933
0001,v2v_development,99,2.5,-0.5,5,-1,False,2,735,905
0001,v2v_development,100,2.5,-0.5,5,-1,False,1,713,887
0001,v2v_development,101,1.0,0.0,2,0,False,1,767,941
0001,v2v_development,102,3.0,-0.5,6,-1,False,1,682,863
0001,v2v_development,103,1.5,0.0,3,0,False,1,713,905
0001,v2v_development,104,1.5,0.0,3,0,False,1,619,811
0001,v2v_development,105,1.0,0.0,2,0,False,1,625,805
0001,v2v_development,106,2.5,-0.5,5,-1,False,1,501,724
0001,v2v_development,107,3.0,-0.5,6,-1,False,1,487,730
0001,v2v_development,108,3.0,-0.5,6,-1,False,1,522,752
0001,v2v_development,109,2.5,-0.5,5,-1,False,1,554,769
0001,v2v_development,110,3.0,-0.5,6,-1,False,1,481,716
0001,v2v_development,111,2.5,-0.5,5,-1,False,1,490,723
0001,v2v_development,112,3.5,-1.0,7,-2,False,1,397,642
0001,v2v_development,113,2.5,-0.5,5,-1,False,1,396,670
0001,v2v_development,114,1.0,0.0,2,0,False,1,458,700
0002,v2v_development,1,1.0,0.0,2,0,False,1,240,413
0002,v2v_development,2,1.5,0.0,3,0,False,1,173,424
0002,v2v_development,3,1.5,0.0,3,0,False,1,182,446
0002,v2v_development,4,1.0,0.0,2,0,False,1,326,439
0002,v2v_development,5,2.0,0.0,4,0,False,1,164,434
0002,v2v_development,6,1.5,0.0,3,0,False,1,196,424
0002,v2v_development,7,1.0,0.0,2,0,False,1,351,446
0002,v2v_development,8,1.0,0.0,2,0,False,1,324,406
0002,v2v_development,9,1.5,0.0,3,0,False,1,204,421
0002,v2v_development,10,1.5,0.0,3,0,False,1,215,434
0002,v2v_development,11,1.0,0.0,2,0,False,1,269,425
0002,v2v_development,12,1.0,0.0,2,0,False,1,340,498
0002,v2v_development,13,1.0,0.0,2,0,False,1,438,554
0002,v2v_development,14,1.5,0.0,3,0,False,1,369,549
0002,v2v_development,15,2.0,0.0,4,0,False,1,346,605
0002,v2v_development,16,1.5,0.0,3,0,False,1,412,624
0002,v2v_development,17,2.0,0.0,4,0,False,1,400,683
0002,v2v_development,18,1.5,0.0,3,0,False,1,530,720
0002,v2v_development,19,2.0,0.0,4,0,False,1,446,728
0002,v2v_development,20,2.0,0.0,4,0,False,1,457,751
0002,v2v_development,21,1.5,0.0,3,0,False,1,637,743
0002,v2v_development,22,2.0,0.0,4,0,False,1,484,773
0002,v2v_development,23,1.5,0.0,3,0,False,1,633,772
0002,v2v_development,24,1.5,0.0,3,0,False,1,634,779
0002,v2v_development,25,2.5,0.0,5,0,False,1,530,805
0002,v2v_development,26,1.5,0.0,3,0,False,1,664,836
0002,v2v_development,27,1.5,0.0,3,0,False,1,692,836
0002,v2v_development,28,1.5,0.0,3,0,False,1,700,826
0002,v2v_development,29,1.5,0.0,3,0,False,1,690,822
0002,v2v_development,30,2.0,0.0,4,0,False,1,574,822
0002,v2v_development,31,2.5,0.0,5,0,False,1,562,856
0002,v2v_development,32,2.0,0.0,4,0,False,1,597,845
0002,v2v_development,33,2.0,0.0,4,0,False,1,614,875
0002,v2v_development,34,2.0,0.0,4,0,False,1,628,865
0002,v2v_development,35,2.5,0.0,5,0,False,1,602,882
0002,v2v_development,36,2.0,0.0,4,0,False,1,653,881
0002,v2v_development,37,2.0,0.0,4,0,False,1,667,898
0002,v2v_development,38,2.0,0.0,4,0,False,1,688,870
0002,v2v_development,39,2.0,0.0,4,0,False,1,686,880
0002,v2v_development,40,2.0,0.0,4,0,False,1,670,883
0002,v2v_development,41,2.0,0.0,4,0,False,1,682,885
0002,v2v_development,42,2.0,0.0,4,0,False,1,698,878
0002,v2v_development,43,2.0,0.0,4,0,False,1,669,868
0002,v2v_development,44,2.0,0.0,4,0,False,1,675,849
0002,v2v_development,45,2.5,0.0,5,0,False,1,615,856
0002,v2v_development,46,2.0,0.0,4,0,False,1,704,857
0002,v2v_development,47,2.5,0.0,5,0,False,1,657,886
0002,v2v_development,48,2.0,0.0,4,0,False,1,708,885
0002,v2v_development,49,2.0,0.0,4,0,False,1,752,942
0002,v2v_development,50,2.0,0.0,4,0,False,1,783,959
0002,v2v_development,51,2.0,0.0,4,0,False,1,672,848
0002,v2v_development,52,2.0,0.0,4,0,False,1,647,803
0002,v2v_development,53,1.0,0.0,2,0,False,2,619,804
0002,v2v_development,54,1.0,0.0,2,0,False,1,659,831
0002,v2v_development,55,1.5,0.0,3,0,False,1,584,783
0002,v2v_development,56,1.0,0.0,2,0,False,1,651,770
0002,v2v_development,57,1.5,0.0,3,0,False,1,631,751
0002,v2v_development,58,1.0,0.0,2,0,False,1,665,792
0002,v2v_development,59,1.0,0.0,2,0,False,1,711,797
0002,v2v_development,60,1.0,0.0,2,0,False,1,675,766
0002,v2v_development,61,1.0,0.0,2,0,False,1,692,787
0002,v2v_development,62,1.0,0.0,2,0,False,1,692,800
0002,v2v_development,63,1.0,0.0,2,0,False,1,730,852
0002,v2v_development,64,1.0,0.0,2,0,False,2,720,826
0002,v2v_development,65,1.0,0.0,2,0,False,1,714,797
0002,v2v_development,66,1.0,0.0,2,0,False,1,752,846
0002,v2v_development,67,1.0,0.0,2,0,False,1,758,853
0002,v2v_development,68,0.5,0.0,1,0,False,1,765,864
0002,v2v_development,69,1.0,0.0,2,0,False,1,764,853
0002,v2v_development,70,1.0,0.0,2,0,False,1,739,802
0002,v2v_development,71,1.0,0.0,2,0,False,1,779,879
0002,v2v_development,72,1.0,0.0,2,0,False,1,807,905
0002,v2v_development,73,1.0,0.0,2,0,False,1,785,915
0002,v2v_development,74,1.0,0.0,2,0,False,2,799,908
0002,v2v_development,75,1.5,0.0,3,0,False,1,736,894
0002,v2v_development,76,1.0,0.0,2,0,False,2,699,820
0002,v2v_development,77,1.0,0.0,2,0,False,1,757,858
0002,v2v_development,78,1.0,0.0,2,0,False,1,828,929
0002,v2v_development,79,1.5,0.0,3,0,False,1,873,990
0002,v2v_development,80,1.0,0.0,2,0,False,1,915,1017
0002,v2v_development,81,1.0,0.0,2,0,False,1,923,1027
0002,v2v_development,82,1.0,0.0,2,0,False,1,881,984
0002,v2v_development,83,1.0,0.0,2,0,False,1,709,796
0002,v2v_development,84,1.0,0.0,2,0,False,1,715,799
0002,v2v_development,85,1.5,0.0,3,0,False,1,629,744
0002,v2v_development,86,1.0,0.0,2,0,False,1,747,826
0002,v2v_development,87,0.5,0.0,1,0,False,1,808,858
0002,v2v_development,88,1.0,0.0,2,0,False,1,750,841
0002,v2v_development,89,0.5,0.0,1,0,False,1,763,816
0002,v2v_development,90,1.0,0.0,2,0,False,1,773,867
0002,v2v_development,91,0.5,0.0,1,0,False,1,924,977
0002,v2v_development,92,0.5,0.0,1,0,False,1,984,1037
0002,v2v_development,93,1.5,0.0,3,0,False,1,919,1015
0002,v2v_development,94,1.0,0.0,2,0,False,1,944,1084
0002,v2v_development,95,2.0,0.0,4,0,False,1,975,1091
0002,v2v_development,96,1.5,0.0,3,0,False,1,919,1080
0002,v2v_development,97,1.5,0.0,3,0,False,1,933,1075
0002,v2v_development,98,1.5,0.0,3,0,False,1,981,1112
0002,v2v_development,99,1.5,0.0,3,0,False,1,978,1125
0002,v2v_development,100,0.5,0.0,1,0,False,1,1178,1289
0002,v2v_development,101,1.5,0.0,3,0,False,1,1051,1261
0002,v2v_development,102,1.0,0.0,2,0,False,1,1122,1248
0002,v2v_development,103,1.5,0.0,3,0,False,1,1102,1295
0002,v2v_development,104,0.5,0.0,1,0,False,1,1279,1417
0002,v2v_development,105,1.5,0.0,3,0,False,1,1245,1448
0002,v2v_development,106,1.5,0.0,3,0,False,1,1272,1528
0002,v2v_development,107,0.5,0.0,1,0,False,1,1609,1727
0002,v2v_development,108,0.5,0.0,1,0,False,1,1587,1756
0002,v2v_development,109,0.5,0.0,1,0,False,1,1594,1744
0002,v2v_development,110,0.5,0.0,1,0,False,1,1519,1642
0002,v2v_development,111,0.5,0.0,1,0,False,1,1500,1630
0002,v2v_development,112,1.5,0.0,3,0,False,1,1349,1569
0002,v2v_development,113,1.0,0.0,2,0,False,1,1396,1575
0002,v2v_development,114,0.5,0.0,1,0,False,1,1491,1609
0002,v2v_development,115,1.5,0.0,3,0,False,1,1270,1533
0002,v2v_development,116,1.5,0.0,3,0,False,1,1326,1584
0002,v2v_development,117,1.0,0.0,2,0,False,1,1547,1674
0002,v2v_development,118,1.5,0.0,3,0,False,1,1407,1629
0002,v2v_development,119,1.5,0.0,3,0,False,1,1361,1567
0002,v2v_development,120,1.0,0.0,2,0,False,1,1474,1607
0002,v2v_development,121,1.0,0.0,2,0,False,1,1463,1571
0002,v2v_development,122,1.0,0.0,2,0,False,1,1377,1547
0002,v2v_development,123,1.0,0.0,2,0,False,1,1385,1485
0002,v2v_development,124,0.5,0.0,1,0,False,1,1393,1483
0002,v2v_development,125,2.0,0.0,4,0,False,1,1084,1339
0002,v2v_development,126,1.0,0.0,2,0,False,1,1200,1324
0002,v2v_development,127,1.0,0.0,2,0,False,1,1251,1328
0002,v2v_development,128,0.5,0.0,1,0,False,1,1189,1253
0002,v2v_development,129,0.5,0.0,1,0,False,1,1104,1141
0002,v2v_development,130,1.0,0.0,2,0,False,1,946,1008
0002,v2v_development,131,0.5,0.0,1,0,False,1,858,901
0002,v2v_development,132,0.5,0.0,1,0,False,1,756,784
0002,v2v_development,133,2.0,0.0,4,0,False,1,725,736
0002,v2v_development,134,0.5,0.0,1,0,False,1,756,775
0002,v2v_development,135,-0.5,0.0,-1,0,False,1,798,804
0002,v2v_development,136,1.0,0.0,2,0,False,1,713,782
0002,v2v_development,137,1.0,0.0,2,0,False,1,703,785
0002,v2v_development,138,1.0,0.0,2,0,False,1,730,809
0002,v2v_development,139,1.0,0.0,2,0,False,1,781,873
0002,v2v_development,140,0.5,0.0,1,0,False,1,831,849
0002,v2v_development,141,0.5,0.0,1,0,False,1,855,867
0002,v2v_development,142,0.5,0.0,1,0,False,1,863,878
0002,v2v_development,143,1.0,0.0,2,0,False,1,762,827
0002,v2v_development,144,1.0,0.0,2,0,False,1,807,872
0003,v2v_development,1,2.5,0.5,5,1,False,1,492,647
0003,v2v_development,2,2.5,0.0,5,0,False,1,483,662
0003,v2v_development,3,2.0,0.0,4,0,False,1,573,661
0003,v2v_development,4,2.0,0.0,4,0,False,1,544,664
0003,v2v_development,5,2.5,0.5,5,1,False,1,488,659
0003,v2v_development,6,2.0,0.5,4,1,False,1,598,717
0003,v2v_development,7,2.0,0.0,4,0,False,1,617,719
0003,v2v_development,8,2.5,0.5,5,1,False,1,565,710
0003,v2v_development,9,3.0,0.5,6,1,False,1,535,724
0003,v2v_development,10,3.0,0.5,6,1,False,1,555,779
0003,v2v_development,11,2.0,0.5,4,1,False,1,694,788
0003,v2v_development,12,2.5,0.5,5,1,False,1,629,711
0003,v2v_development,13,2.5,0.5,5,1,False,1,597,723
0003,v2v_development,14,2.5,0.5,5,1,False,1,522,674
0003,v2v_development,15,2.5,0.5,5,1,False,1,489,591
0003,v2v_development,16,2.5,0.5,5,1,False,1,365,435
0003,v2v_development,17,2.5,0.5,5,1,False,1,377,422
0003,v2v_development,18,2.5,0.5,5,1,False,1,511,609
0003,v2v_development,19,2.5,0.5,5,1,False,1,591,746
0003,v2v_development,20,2.0,0.5,4,1,False,1,608,733
0003,v2v_development,21,2.5,0.5,5,1,False,1,626,800
0003,v2v_development,22,2.0,0.0,4,0,False,1,572,696
0003,v2v_development,23,2.0,0.5,4,1,False,1,652,783
0003,v2v_development,24,2.0,0.5,4,1,False,1,659,823
0003,v2v_development,25,1.5,0.5,3,1,False,1,652,737
0003,v2v_development,26,2.5,0.5,5,1,False,1,585,749
0003,v2v_development,27,2.0,0.0,4,0,False,1,628,720
0003,v2v_development,28,2.0,0.0,4,0,False,2,634,744
0003,v2v_development,29,3.0,0.5,6,1,False,1,560,736
0003,v2v_development,30,3.0,0.5,6,1,False,1,549,718
0003,v2v_development,31,2.5,0.5,5,1,False,1,509,680
0003,v2v_development,32,2.5,0.5,5,1,False,1,528,694
0003,v2v_development,33,2.0,0.5,4,1,False,1,611,799
0003,v2v_development,34,2.0,0.5,4,1,False,1,621,814
0003,v2v_development,35,2.5,0.5,5,1,False,1,623,827
0003,v2v_development,36,2.5,0.5,5,1,False,1,621,836
0003,v2v_development,37,2.0,0.5,4,1,False,1,632,810
0003,v2v_development,38,2.5,0.5,5,1,False,1,582,813
0003,v2v_development,39,2.5,0.5,5,1,False,1,546,793
0003,v2v_development,40,2.5,0.5,5,1,False,1,552,772
0003,v2v_development,41,2.5,0.5,5,1,False,1,615,835
0003,v2v_development,42,2.5,0.5,5,1,False,1,625,808
0003,v2v_development,43,2.5,0.5,5,1,False,1,542,747
0003,v2v_development,44,2.0,0.5,4,1,False,1,517,709
0003,v2v_development,45,2.5,0.5,5,1,False,1,484,751
0003,v2v_development,46,2.0,0.0,4,0,False,1,546,737
0003,v2v_development,47,2.5,0.5,5,1,False,1,511,703
0003,v2v_development,48,2.0,0.0,4,0,False,1,493,699
0003,v2v_development,49,3.0,0.5,6,1,False,1,381,671
0003,v2v_development,50,4.0,0.5,8,1,False,1,364,654
0003,v2v_development,51,2.0,0.0,4,0,False,1,445,638
0003,v2v_development,52,2.0,0.0,4,0,False,1,459,650
0003,v2v_development,53,2.0,0.0,4,0,False,1,474,672
0003,v2v_development,54,2.5,0.0,5,0,False,1,501,722
0003,v2v_development,55,2.0,0.5,4,1,False,1,510,702
0003,v2v_development,56,2.0,0.5,4,1,False,1,523,709
0003,v2v_development,57,1.5,0.0,3,0,False,1,566,748
0003,v2v_development,58,2.0,0.0,4,0,False,1,518,746
0003,v2v_development,59,2.5,0.0,5,0,False,1,505,728
0003,v2v_development,60,3.0,0.0,6,0,False,1,418,696
0003,v2v_development,61,2.0,0.0,4,0,False,1,489,707
0003,v2v_development,62,2.0,0.0,4,0,False,1,500,717
0003,v2v_development,63,1.5,0.0,3,0,False,1,528,708
0003,v2v_development,64,2.5,0.0,5,0,False,1,469,674
0003,v2v_development,65,1.5,0.0,3,0,False,1,519,695
0003,v2v_development,66,2.0,0.5,4,1,False,1,428,693
0003,v2v_development,67,2.0,0.5,4,1,False,1,485,732
0003,v2v_development,68,2.0,0.5,4,1,False,1,467,683
0003,v2v_development,69,2.5,0.5,5,1,False,1,438,656
0003,v2v_development,70,3.5,0.0,7,0,False,1,409,692
0003,v2v_development,71,2.0,0.5,4,1,False,1,445,684
0003,v2v_development,72,2.0,0.5,4,1,False,1,465,676
0003,v2v_development,73,2.0,0.5,4,1,False,1,474,679
0003,v2v_development,74,2.5,0.5,5,1,False,1,470,670
0003,v2v_development,75,2.0,0.5,4,1,False,1,487,714
0003,v2v_development,76,2.5,0.5,5,1,False,1,475,656
0003,v2v_development,77,2.5,0.5,5,1,False,1,434,620
0003,v2v_development,78,2.0,0.0,4,0,False,1,460,614
0003,v2v_development,79,2.5,0.0,5,0,False,1,468,670
0003,v2v_development,80,3.0,0.0,6,0,False,1,511,715
0003,v2v_development,81,1.5,0.0,3,0,False,1,585,745
0003,v2v_development,82,1.5,0.0,3,0,False,1,616,801
0003,v2v_development,83,1.0,0.0,2,0,False,1,684,789
0003,v2v_development,84,2.0,0.0,4,0,False,1,564,713
0003,v2v_development,85,1.5,0.0,3,0,False,1,544,713
0003,v2v_development,86,1.5,0.0,3,0,False,1,549,708
0003,v2v_development,87,1.5,0.5,3,1,False,1,570,734
0003,v2v_development,88,1.5,0.5,3,1,False,1,593,755
0003,v2v_development,89,1.5,0.0,3,0,False,1,606,763
0003,v2v_development,90,1.5,0.5,3,1,False,1,587,705
0003,v2v_development,91,1.0,0.5,2,1,False,2,511,638
0003,v2v_development,92,1.5,0.0,3,0,False,1,555,688
0003,v2v_development,93,1.5,0.5,3,1,False,1,529,693
0003,v2v_development,94,1.0,0.0,2,0,False,1,579,718
0003,v2v_development,95,1.0,0.0,2,0,False,1,638,789
0003,v2v_development,96,1.0,0.0,2,0,False,1,595,714
0003,v2v_development,97,1.0,0.0,2,0,False,1,605,718
0003,v2v_development,98,1.5,0.0,3,0,False,1,597,699
0003,v2v_development,99,2.0,0.0,4,0,False,1,566,713
0003,v2v_development,100,2.5,0.0,5,0,False,1,544,729
0003,v2v_development,101,0.5,0.0,1,0,False,1,669,756
0003,v2v_development,102,1.0,0.0,2,0,False,1,667,781
0003,v2v_development,103,1.0,0.0,2,0,False,1,680,784
0003,v2v_development,104,0.5,0.0,1,0,False,1,718,780
0003,v2v_development,105,1.5,0.0,3,0,False,1,682,809
0003,v2v_development,106,1.0,0.0,2,0,False,1,685,786
0003,v2v_development,107,0.5,0.0,1,0,False,1,787,815
0003,v2v_development,108,0.5,0.0,1,0,False,1,754,801
0003,v2v_development,109,0.0,0.0,0,0,False,2,785,785
0003,v2v_development,110,0.5,0.0,1,0,False,1,784,824
0003,v2v_development,111,0.5,0.0,1,0,False,1,778,817
0003,v2v_development,112,0.5,0.0,1,0,False,1,789,857
0003,v2v_development,113,0.5,0.0,1,0,False,1,855,908
0003,v2v_development,114,1.0,0.0,2,0,False,1,785,940
0003,v2v_development,115,1.0,0.0,2,0,False,1,860,953
0003,v2v_development,116,1.0,0.0,2,0,False,1,831,976
0003,v2v_development,117,0.5,0.5,1,1,False,1,907,962
0003,v2v_development,118,0.5,0.0,1,0,False,1,900,961
0003,v2v_development,119,0.5,0.0,1,0,False,1,895,980
0003,v2v_development,120,0.5,0.0,1,0,False,1,929,994
0003,v2v_development,121,0.5,0.0,1,0,False,1,915,981
0003,v2v_development,122,0.5,0.0,1,0,False,1,912,976
0003,v2v_development,123,0.5,0.0,1,0,False,1,927,987
0003,v2v_development,124,0.5,0.0,1,0,False,1,909,989
0003,v2v_development,125,0.5,0.0,1,0,False,1,923,959
0003,v2v_development,126,0.5,0.0,1,0,False,1,914,928
0003,v2v_development,127,0.5,0.0,1,0,False,1,892,941
0003,v2v_development,128,0.5,0.0,1,0,False,1,890,933
0003,v2v_development,129,0.5,0.0,1,0,False,1,871,907
0003,v2v_development,130,1.0,0.0,2,0,False,1,773,881
0003,v2v_development,131,0.5,0.0,1,0,False,1,834,845
0003,v2v_development,132,0.5,0.0,1,0,False,1,782,827
0003,v2v_development,133,0.5,0.0,1,0,False,1,780,813
0003,v2v_development,134,0.5,0.0,1,0,False,1,801,826
0003,v2v_development,135,0.5,0.0,1,0,False,1,775,814
0003,v2v_development,136,0.5,0.0,1,0,False,1,788,820
0003,v2v_development,137,0.5,0.0,1,0,False,1,807,844
0003,v2v_development,138,0.5,0.0,1,0,False,1,794,837
0003,v2v_development,139,0.5,0.0,1,0,False,1,755,844
0003,v2v_development,140,0.5,0.0,1,0,False,1,798,824
0003,v2v_development,141,0.5,0.0,1,0,False,1,756,808
0003,v2v_development,142,0.5,0.0,1,0,False,1,737,774
0003,v2v_development,143,0.5,0.0,1,0,False,1,725,773
0003,v2v_development,144,0.5,0.0,1,0,False,1,701,750
0003,v2v_development,145,1.0,0.0,2,0,False,1,663,777
0003,v2v_development,146,0.5,0.0,1,0,False,1,692,779
0003,v2v_development,147,0.5,0.0,1,0,False,1,680,784
0003,v2v_development,148,0.5,0.0,1,0,False,1,680,746
0003,v2v_development,149,1.0,0.0,2,0,False,1,595,703
0003,v2v_development,150,1.0,0.0,2,0,False,1,562,694
0003,v2v_development,151,1.0,0.0,2,0,False,1,600,683
0003,v2v_development,152,0.5,0.0,1,0,False,1,597,659
0003,v2v_development,153,0.5,0.0,1,0,False,1,573,645
0003,v2v_development,154,0.5,0.0,1,0,False,1,576,659
0003,v2v_development,155,0.5,0.0,1,0,False,1,558,644
0003,v2v_development,156,0.5,0.0,1,0,False,1,556,642
0003,v2v_development,157,1.0,0.0,2,0,False,1,513,640
0003,v2v_development,158,0.5,0.0,1,0,False,1,547,645
0003,v2v_development,159,0.5,0.0,1,0,False,1,535,620
0003,v2v_development,160,1.0,0.0,2,0,False,1,508,659
0003,v2v_development,161,0.5,0.0,1,0,False,1,617,675
0003,v2v_development,162,0.5,0.0,1,0,False,1,624,707
0003,v2v_development,163,0.5,0.0,1,0,False,1,559,674
0003,v2v_development,164,0.5,0.0,1,0,False,1,666,709
0003,v2v_development,165,0.5,0.0,1,0,False,1,632,740
0003,v2v_development,166,0.5,0.0,1,0,False,1,616,717
0003,v2v_development,167,0.5,0.0,1,0,False,1,679,766
0003,v2v_development,168,0.5,0.0,1,0,False,1,614,746
0003,v2v_development,169,1.0,0.0,2,0,False,1,604,793
0003,v2v_development,170,0.5,0.0,1,0,False,1,703,814
0003,v2v_development,171,0.5,0.0,1,0,False,1,735,841
0003,v2v_development,172,0.5,0.0,1,0,False,1,697,849
0003,v2v_development,173,1.0,0.0,2,0,False,1,685,817
0003,v2v_development,174,1.0,0.0,2,0,False,1,698,862
0003,v2v_development,175,0.5,0.0,1,0,False,1,775,860
0003,v2v_development,176,0.5,0.0,1,0,False,1,689,840
0003,v2v_development,177,0.5,0.0,1,0,False,1,688,835
0003,v2v_development,178,0.5,0.0,1,0,False,1,679,862
0003,v2v_development,179,1.0,0.0,2,0,False,1,660,887
0003,v2v_development,180,0.5,0.0,1,0,False,1,710,858
0003,v2v_development,181,0.5,0.0,1,0,False,1,694,844
0003,v2v_development,182,0.5,0.0,1,0,False,1,742,880
0003,v2v_development,183,0.5,0.0,1,0,False,1,725,879
0003,v2v_development,184,0.5,0.0,1,0,False,1,783,909
0003,v2v_development,185,0.5,0.0,1,0,False,1,712,884
0003,v2v_development,186,0.5,0.0,1,0,False,1,809,950
0003,v2v_development,187,0.5,0.0,1,0,False,1,857,972
0003,v2v_development,188,0.5,0.0,1,0,False,1,865,949
0003,v2v_development,189,0.5,0.0,1,0,False,1,795,985
0003,v2v_development,190,0.5,0.0,1,0,False,1,868,961
0003,v2v_development,191,0.5,0.0,1,0,False,1,855,984
0003,v2v_development,192,0.5,0.0,1,0,False,1,866,966
0003,v2v_development,193,0.5,0.0,1,0,False,1,861,960
0003,v2v_development,194,0.5,0.0,1,0,False,1,900,997
0003,v2v_development,195,0.5,0.0,1,0,False,1,886,1018
0003,v2v_development,196,0.5,0.0,1,0,False,1,955,1005
0003,v2v_development,197,0.5,0.0,1,0,False,1,917,1017
0003,v2v_development,198,0.5,0.0,1,0,False,1,907,1016
0004,v2v_development,1,0.0,0.0,0,0,False,1,1490,1490
0004,v2v_development,2,0.0,0.0,0,0,False,1,1505,1505
0004,v2v_development,3,0.0,0.0,0,0,False,1,1529,1529
0004,v2v_development,4,0.0,0.0,0,0,False,1,1482,1482
0004,v2v_development,5,0.0,0.0,0,0,False,1,1499,1499
0004,v2v_development,6,0.0,0.0,0,0,False,1,1501,1501
0004,v2v_development,7,0.0,0.0,0,0,False,1,1508,1508
0004,v2v_development,8,0.0,0.0,0,0,False,1,1494,1494
0004,v2v_development,9,0.0,0.0,0,0,False,1,1521,1521
0004,v2v_development,10,0.0,0.0,0,0,False,1,1507,1507
0004,v2v_development,11,0.0,0.0,0,0,False,1,1495,1495
0004,v2v_development,12,0.0,0.0,0,0,False,1,1538,1538
0004,v2v_development,13,0.0,0.0,0,0,False,1,1516,1516
0004,v2v_development,14,0.0,0.0,0,0,False,1,1514,1514
0004,v2v_development,15,0.0,0.0,0,0,False,1,1525,1525
0004,v2v_development,16,0.0,0.0,0,0,False,1,1524,1524
0004,v2v_development,17,0.0,0.0,0,0,False,1,1523,1523
0004,v2v_development,18,0.0,0.0,0,0,False,1,1511,1511
0004,v2v_development,19,0.0,0.0,0,0,False,1,1508,1508
0004,v2v_development,20,0.0,0.0,0,0,False,1,1514,1514
0004,v2v_development,21,0.0,0.0,0,0,False,1,1532,1532
0004,v2v_development,22,0.0,0.0,0,0,False,1,1527,1527
0004,v2v_development,23,0.0,0.0,0,0,False,1,1508,1508
0004,v2v_development,24,0.0,0.0,0,0,False,1,1525,1525
0004,v2v_development,25,0.0,0.0,0,0,False,1,1512,1512
0004,v2v_development,26,0.0,0.0,0,0,False,1,1501,1501
0004,v2v_development,27,0.0,0.0,0,0,False,1,1493,1493
0004,v2v_development,28,0.0,0.0,0,0,False,1,1521,1521
0004,v2v_development,29,0.0,0.0,0,0,False,1,1519,1519
0004,v2v_development,30,0.0,0.0,0,0,False,1,1481,1481
0004,v2v_development,31,0.0,0.0,0,0,False,1,1515,1515
0004,v2v_development,32,0.0,0.0,0,0,False,1,1515,1515
0004,v2v_development,33,0.0,0.0,0,0,False,1,1491,1491
0004,v2v_development,34,0.0,0.0,0,0,False,1,1497,1497
0004,v2v_development,35,0.0,0.0,0,0,False,1,1524,1524
0004,v2v_development,36,0.0,0.0,0,0,False,1,1511,1511
0004,v2v_development,37,0.0,0.0,0,0,False,1,1514,1514
0004,v2v_development,38,0.0,0.0,0,0,False,1,1528,1528
0004,v2v_development,39,0.0,0.0,0,0,False,1,1524,1524
0004,v2v_development,40,0.0,0.0,0,0,False,1,1519,1519
0004,v2v_development,41,0.0,0.0,0,0,False,1,1526,1526
0004,v2v_development,42,0.0,0.0,0,0,False,1,1524,1524
0004,v2v_development,43,0.0,0.0,0,0,False,1,1539,1539
0004,v2v_development,44,0.0,0.0,0,0,False,1,1545,1545
0004,v2v_development,45,0.0,0.0,0,0,False,1,1529,1529
0004,v2v_development,46,0.0,0.0,0,0,False,1,1495,1495
0004,v2v_development,47,0.0,0.0,0,0,False,1,1530,1530
0004,v2v_development,48,0.0,0.0,0,0,False,1,1529,1529
0004,v2v_development,49,0.0,0.0,0,0,False,1,1531,1531
0004,v2v_development,50,0.0,0.0,0,0,False,1,1533,1533
0004,v2v_development,51,0.0,0.0,0,0,False,1,1528,1528
0004,v2v_development,52,0.0,0.0,0,0,False,1,1500,1500
0004,v2v_development,53,0.0,0.0,0,0,False,1,1531,1531
0004,v2v_development,54,0.0,0.0,0,0,False,1,1536,1536
0004,v2v_development,55,0.0,0.0,0,0,False,1,1522,1522
0004,v2v_development,56,0.0,0.0,0,0,False,1,1558,1558
0004,v2v_development,57,0.0,0.0,0,0,False,1,1536,1536
0004,v2v_development,58,0.0,0.0,0,0,False,1,1544,1544
0004,v2v_development,59,0.0,0.0,0,0,False,1,1527,1527
0004,v2v_development,60,0.0,0.0,0,0,False,1,1515,1515
0004,v2v_development,61,0.0,0.0,0,0,False,1,1536,1536
0004,v2v_development,62,0.0,0.0,0,0,False,1,1539,1539
0004,v2v_development,63,0.0,0.0,0,0,False,1,1524,1524
0004,v2v_development,64,0.0,0.0,0,0,False,1,1533,1533
0004,v2v_development,65,0.0,0.0,0,0,False,1,1513,1513
0004,v2v_development,66,0.0,0.0,0,0,False,1,1536,1536
0004,v2v_development,67,0.0,0.0,0,0,False,1,1528,1528
0004,v2v_development,68,0.0,0.0,0,0,False,1,1510,1510
0004,v2v_development,69,0.0,0.0,0,0,False,1,1519,1519
0004,v2v_development,70,0.0,0.0,0,0,False,1,1522,1522
0004,v2v_development,71,0.0,0.0,0,0,False,1,1525,1525
0004,v2v_development,72,0.0,0.0,0,0,False,1,1524,1524
0004,v2v_development,73,0.0,0.0,0,0,False,1,1504,1504
0004,v2v_development,74,0.0,0.0,0,0,False,1,1533,1533
0004,v2v_development,75,0.0,0.0,0,0,False,1,1541,1541
0004,v2v_development,76,0.0,0.0,0,0,False,1,1518,1518
0004,v2v_development,77,0.0,0.0,0,0,False,1,1500,1500
0004,v2v_development,78,0.0,0.0,0,0,False,1,1525,1525
0004,v2v_development,79,0.0,0.0,0,0,False,1,1529,1529
0004,v2v_development,80,0.0,0.0,0,0,False,1,1531,1531
0004,v2v_development,81,0.0,0.0,0,0,False,1,1510,1510
0004,v2v_development,82,0.0,0.0,0,0,False,1,1533,1533
0004,v2v_development,83,0.0,0.0,0,0,False,1,1524,1524
0004,v2v_development,84,0.0,0.0,0,0,False,1,1504,1504
0004,v2v_development,85,0.0,0.0,0,0,False,1,1542,1542
0004,v2v_development,86,0.0,0.0,0,0,False,1,1518,1518
0004,v2v_development,87,0.0,0.0,0,0,False,1,1512,1512
0004,v2v_development,88,0.0,0.0,0,0,False,1,1504,1504
0004,v2v_development,89,0.0,0.0,0,0,False,1,1519,1519
0004,v2v_development,90,0.0,0.0,0,0,False,1,1533,1533
0004,v2v_development,91,0.0,0.0,0,0,False,1,1510,1510
0004,v2v_development,92,0.0,0.0,0,0,False,1,1478,1478
0004,v2v_development,93,0.0,0.0,0,0,False,1,1535,1535
0004,v2v_development,94,0.0,0.0,0,0,False,1,1506,1506
0004,v2v_development,95,0.0,0.0,0,0,False,1,1490,1490
0004,v2v_development,96,0.0,0.0,0,0,False,1,1521,1521
0004,v2v_development,97,0.0,0.0,0,0,False,1,1505,1505
0004,v2v_development,98,0.0,0.0,0,0,False,1,1499,1499
0004,v2v_development,99,0.0,0.0,0,0,False,1,1490,1490
0004,v2v_development,100,0.0,0.0,0,0,False,1,1484,1484
0004,v2v_development,101,0.0,0.0,0,0,False,1,1513,1513
0004,v2v_development,102,0.0,0.0,0,0,False,1,1484,1484
0004,v2v_development,103,0.0,0.0,0,0,False,1,1484,1484
0004,v2v_development,104,0.0,0.0,0,0,False,1,1513,1513
0004,v2v_development,105,0.0,0.0,0,0,False,1,1510,1510
0004,v2v_development,106,0.0,0.0,0,0,False,1,1491,1491
0004,v2v_development,107,0.0,0.0,0,0,False,1,1461,1461
0004,v2v_development,108,0.0,0.0,0,0,False,1,1479,1479
0004,v2v_development,109,0.0,0.0,0,0,False,1,1493,1493
0004,v2v_development,110,0.0,0.0,0,0,False,1,1502,1502
0004,v2v_development,111,0.0,0.0,0,0,False,1,1483,1483
0004,v2v_development,112,0.0,0.0,0,0,False,1,1453,1453
0004,v2v_development,113,0.0,0.0,0,0,False,1,1492,1492
0004,v2v_development,114,0.0,0.0,0,0,False,1,1488,1488
0004,v2v_development,115,0.0,0.0,0,0,False,1,1499,1499
0004,v2v_development,116,0.0,0.0,0,0,False,1,1502,1502
0004,v2v_development,117,0.0,0.0,0,0,False,1,1505,1505
0004,v2v_development,118,0.0,0.0,0,0,False,1,1470,1470
0004,v2v_development,119,0.0,0.0,0,0,False,1,1491,1491
0004,v2v_development,120,0.0,0.0,0,0,False,1,1517,1517
0004,v2v_development,121,0.0,0.0,0,0,False,1,1524,1524
0004,v2v_development,122,0.0,0.0,0,0,False,1,1513,1513
0004,v2v_development,123,0.0,0.0,0,0,False,1,1490,1490
0004,v2v_development,124,0.0,0.0,0,0,False,1,1502,1502
0004,v2v_development,125,0.0,0.0,0,0,False,1,1495,1495
0004,v2v_development,126,0.0,0.0,0,0,False,1,1530,1530
0004,v2v_development,127,0.0,0.0,0,0,False,1,1495,1495
0004,v2v_development,128,0.0,0.0,0,0,False,1,1475,1475
0004,v2v_development,129,0.0,0.0,0,0,False,1,1494,1494
0004,v2v_development,130,0.0,0.0,0,0,False,1,1499,1499
0004,v2v_development,131,0.0,0.0,0,0,False,1,1519,1519
0004,v2v_development,132,0.0,0.0,0,0,False,1,1500,1500
0004,v2v_development,133,0.0,0.0,0,0,False,1,1529,1529
0004,v2v_development,134,0.0,0.0,0,0,False,1,1524,1524
0004,v2v_development,135,0.0,0.0,0,0,False,1,1519,1519
0004,v2v_development,136,0.0,0.0,0,0,False,1,1496,1496
0004,v2v_development,137,0.0,0.0,0,0,False,1,1493,1493
0004,v2v_development,138,0.0,0.0,0,0,False,1,1504,1504
0004,v2v_development,139,0.0,0.0,0,0,False,1,1489,1489
0004,v2v_development,140,0.0,0.0,0,0,False,1,1481,1481
0004,v2v_development,141,0.0,0.0,0,0,False,1,1483,1483
0004,v2v_development,142,0.0,0.0,0,0,False,1,1453,1453
0004,v2v_development,143,0.0,0.0,0,0,False,1,1466,1466
0004,v2v_development,144,0.0,0.0,0,0,False,1,1425,1425
0004,v2v_development,145,0.0,0.0,0,0,False,1,1428,1428
0004,v2v_development,146,0.0,0.0,0,0,False,1,1436,1436
0004,v2v_development,147,0.0,0.0,0,0,False,1,1406,1406
0004,v2v_development,148,0.5,0.0,1,0,False,1,1376,1389
0004,v2v_development,149,0.5,0.0,1,0,False,1,1369,1389
0004,v2v_development,150,0.5,0.0,1,0,False,1,1373,1383
0004,v2v_development,151,0.5,0.0,1,0,False,1,1315,1379
0004,v2v_development,152,0.5,0.0,1,0,False,1,1294,1414
0004,v2v_development,153,0.5,0.0,1,0,False,1,1291,1411
0004,v2v_development,154,0.5,0.0,1,0,False,1,1251,1417
0004,v2v_development,155,0.5,0.0,1,0,False,1,1209,1368
0004,v2v_development,156,0.5,0.0,1,0,False,1,1186,1359
0004,v2v_development,157,0.5,0.0,1,0,False,1,1153,1354
0004,v2v_development,158,0.5,0.0,1,0,False,1,1147,1333
0004,v2v_development,159,0.5,0.0,1,0,False,1,1136,1351
0004,v2v_development,160,0.5,0.0,1,0,False,1,1114,1331
0004,v2v_development,161,0.5,0.0,1,0,False,1,1098,1307
0004,v2v_development,162,0.5,0.0,1,0,False,1,1070,1302
0004,v2v_development,163,0.5,0.0,1,0,False,1,1095,1315
0004,v2v_development,164,1.0,0.0,2,0,False,1,1083,1308
0004,v2v_development,165,1.0,0.0,2,0,False,1,1067,1315
0004,v2v_development,166,1.0,0.0,2,0,False,1,1088,1333
0004,v2v_development,167,1.0,0.0,2,0,False,1,1097,1339
0004,v2v_development,168,0.5,0.0,1,0,False,1,1157,1355
0004,v2v_development,169,1.0,0.0,2,0,False,1,1072,1378
0004,v2v_development,170,1.0,0.0,2,0,False,1,1123,1380
0004,v2v_development,171,0.5,0.0,1,0,False,1,1142,1373
0004,v2v_development,172,1.0,0.0,2,0,False,1,1109,1372
0004,v2v_development,173,1.0,0.0,2,0,False,1,1130,1349
0004,v2v_development,174,1.0,0.0,2,0,False,1,1113,1359
0004,v2v_development,175,1.0,0.0,2,0,False,1,1129,1362
0004,v2v_development,176,0.5,0.0,1,0,False,1,1125,1337
0004,v2v_development,177,0.5,0.0,1,0,False,1,1075,1289
0004,v2v_development,178,0.5,0.0,1,0,False,1,1054,1281
0004,v2v_development,179,0.5,0.0,1,0,False,1,1081,1306
0004,v2v_development,180,0.5,0.0,1,0,False,1,1029,1249
0005,v2v_development,1,1.0,0.0,2,0,False,1,696,883
0005,v2v_development,2,0.5,0.0,1,0,False,1,731,915
0005,v2v_development,3,0.5,0.0,1,0,False,1,767,938
0005,v2v_development,4,1.0,0.0,2,0,False,1,745,946
0005,v2v_development,5,0.5,0.0,1,0,False,1,659,794
0005,v2v_development,6,1.0,0.0,2,0,False,1,535,739
0005,v2v_development,7,1.0,0.0,2,0,False,1,559,768
0005,v2v_development,8,0.5,0.0,1,0,False,1,639,796
0005,v2v_development,9,1.0,0.0,2,0,False,1,646,899
0005,v2v_development,10,1.0,0.0,2,0,False,1,681,922
0005,v2v_development,11,0.5,0.0,1,0,False,1,850,991
0005,v2v_development,12,1.0,0.0,2,0,False,1,718,950
0005,v2v_development,13,1.0,0.0,2,0,False,1,635,845
0005,v2v_development,14,0.5,0.0,1,0,False,1,632,752
0005,v2v_development,15,1.0,0.0,2,0,False,1,639,773
0005,v2v_development,16,0.5,0.0,1,0,False,1,661,742
0005,v2v_development,17,1.0,0.0,2,0,False,1,581,731
0005,v2v_development,18,1.0,0.0,2,0,False,1,613,773
0005,v2v_development,19,1.0,0.0,2,0,False,1,634,778
0005,v2v_development,20,1.0,0.0,2,0,False,1,663,847
0005,v2v_development,21,0.5,0.0,1,0,False,1,801,921
0005,v2v_development,22,1.0,0.0,2,0,False,1,690,930
0005,v2v_development,23,1.0,0.0,2,0,False,1,681,861
0005,v2v_development,24,1.0,0.0,2,0,False,1,659,831
0005,v2v_development,25,1.0,0.0,2,0,False,1,619,821
0005,v2v_development,26,1.0,0.0,2,0,False,1,663,782
0005,v2v_development,27,1.0,0.0,2,0,False,1,646,810
0005,v2v_development,28,1.0,0.0,2,0,False,1,630,802
0005,v2v_development,29,1.0,0.0,2,0,False,1,599,825
0005,v2v_development,30,1.0,0.0,2,0,False,1,595,807
0005,v2v_development,31,1.0,0.0,2,0,False,1,651,834
0005,v2v_development,32,1.0,0.0,2,0,False,1,571,769
0005,v2v_development,33,1.0,0.0,2,0,False,1,565,748
0005,v2v_development,34,1.0,0.0,2,0,False,1,529,750
0005,v2v_development,35,1.0,0.0,2,0,False,1,580,765
0005,v2v_development,36,1.0,0.0,2,0,False,1,573,804
0005,v2v_development,37,1.0,0.0,2,0,False,1,580,774
0005,v2v_development,38,1.0,0.0,2,0,False,1,502,637
0005,v2v_development,39,1.0,0.0,2,0,False,1,486,661
0005,v2v_development,40,1.0,0.0,2,0,False,1,472,638
0005,v2v_development,41,1.0,0.0,2,0,False,1,516,646
0005,v2v_development,42,1.5,0.0,3,0,False,1,536,694
0005,v2v_development,43,1.0,0.0,2,0,False,1,478,617
0005,v2v_development,44,1.5,0.0,3,0,False,1,488,630
0005,v2v_development,45,1.0,0.0,2,0,False,1,492,636
0005,v2v_development,46,1.5,0.0,3,0,False,1,464,642
0005,v2v_development,47,1.0,0.0,2,0,False,1,460,632
0005,v2v_development,48,1.0,0.0,2,0,False,1,496,653
0005,v2v_development,49,2.0,0.0,4,0,False,1,400,593
0005,v2v_development,50,1.0,0.0,2,0,False,1,445,594
0005,v2v_development,51,1.0,0.0,2,0,False,1,453,589
0005,v2v_development,52,1.0,0.0,2,0,False,1,446,603
0005,v2v_development,53,1.0,0.0,2,0,False,1,480,600
0005,v2v_development,54,1.5,0.0,3,0,False,1,419,563
0005,v2v_development,55,1.5,0.0,3,0,False,1,402,567
0005,v2v_development,56,1.5,0.0,3,0,False,1,416,598
0005,v2v_development,57,1.5,0.0,3,0,False,1,388,568
0005,v2v_development,58,1.5,0.0,3,0,False,1,406,575
0005,v2v_development,59,1.5,0.0,3,0,False,1,373,556
0005,v2v_development,60,1.5,0.0,3,0,False,1,423,575
0005,v2v_development,61,1.5,0.0,3,0,False,1,402,577
0005,v2v_development,62,1.5,0.0,3,0,False,1,388,535
0005,v2v_development,63,1.5,0.0,3,0,False,1,359,531
0005,v2v_development,64,1.5,0.0,3,0,False,1,368,528
0005,v2v_development,65,1.5,0.0,3,0,False,1,357,560
0005,v2v_development,66,1.5,0.0,3,0,False,1,352,552
0005,v2v_development,67,1.5,0.0,3,0,False,1,363,549
0005,v2v_development,68,1.5,0.0,3,0,False,1,360,561
0005,v2v_development,69,1.5,0.0,3,0,False,1,409,565
0005,v2v_development,70,1.0,0.0,2,0,False,1,430,621
0005,v2v_development,71,1.5,0.0,3,0,False,1,424,660
0005,v2v_development,72,1.0,0.0,2,0,False,1,481,640
0005,v2v_development,73,1.5,0.0,3,0,False,1,474,680
0005,v2v_development,74,1.0,0.0,2,0,False,1,534,725
0005,v2v_development,75,1.0,0.0,2,0,False,1,532,739
0005,v2v_development,76,1.5,0.0,3,0,False,1,583,773
0005,v2v_development,77,1.0,0.0,2,0,False,1,656,801
0005,v2v_development,78,1.0,0.0,2,0,False,1,547,723
0005,v2v_development,79,1.5,0.0,3,0,False,1,511,710
0005,v2v_development,80,1.5,0.0,3,0,False,1,522,749
0005,v2v_development,81,1.0,0.0,2,0,False,1,679,879
0005,v2v_development,82,1.0,0.0,2,0,False,1,596,786
0005,v2v_development,83,1.0,0.0,2,0,False,1,616,810
0005,v2v_development,84,1.0,0.0,2,0,False,1,638,804
0005,v2v_development,85,1.0,0.0,2,0,False,1,612,792
0005,v2v_development,86,1.0,0.0,2,0,False,1,635,778
0005,v2v_development,87,1.0,0.0,2,0,False,1,633,806
0005,v2v_development,88,1.0,0.0,2,0,False,1,663,848
0005,v2v_development,89,0.5,0.0,1,0,False,1,696,829
0005,v2v_development,90,1.0,0.0,2,0,False,1,620,766
0005,v2v_development,91,1.0,0.0,2,0,False,1,550,729
0005,v2v_development,92,1.0,0.0,2,0,False,1,585,748
0005,v2v_development,93,1.5,0.0,3,0,False,1,597,759
0005,v2v_development,94,1.0,0.0,2,0,False,1,716,911
0005,v2v_development,95,1.0,0.0,2,0,False,1,703,906
0005,v2v_development,96,1.0,0.0,2,0,False,1,668,838
0005,v2v_development,97,1.0,0.0,2,0,False,1,634,840
0005,v2v_development,98,1.0,0.0,2,0,False,1,643,860
0005,v2v_development,99,1.0,0.0,2,0,False,1,636,819
0005,v2v_development,100,1.0,0.0,2,0,False,1,778,1000
0005,v2v_development,101,0.5,0.0,1,0,False,1,848,1001
0005,v2v_development,102,1.0,0.0,2,0,False,1,861,1061
0005,v2v_development,103,0.5,0.0,1,0,False,1,894,1073
0005,v2v_development,104,1.0,0.0,2,0,False,1,885,1070
0005,v2v_development,105,0.5,0.0,1,0,False,1,789,948
0005,v2v_development,106,1.0,0.0,2,0,False,1,835,994
0005,v2v_development,107,1.0,0.0,2,0,False,1,866,1023
0005,v2v_development,108,1.0,0.0,2,0,False,1,885,1048
0005,v2v_development,109,0.5,0.0,1,0,False,1,933,1061
0005,v2v_development,110,1.0,0.0,2,0,False,1,934,1093
0005,v2v_development,111,0.5,0.0,1,0,False,1,934,1055
0005,v2v_development,112,1.0,0.0,2,0,False,1,873,1005
0005,v2v_development,113,0.5,0.0,1,0,False,1,908,1037
0005,v2v_development,114,1.0,0.0,2,0,False,1,839,1025
0005,v2v_development,115,1.0,0.0,2,0,False,1,845,1036
0005,v2v_development,116,1.0,0.0,2,0,False,1,843,998
0005,v2v_development,117,0.5,0.0,1,0,False,1,921,1006
0005,v2v_development,118,0.5,0.0,1,0,False,1,911,1013
0005,v2v_development,119,1.0,0.0,2,0,False,1,826,931
0005,v2v_development,120,1.0,0.0,2,0,False,1,801,923
0005,v2v_development,121,1.0,0.0,2,0,False,1,702,828
0005,v2v_development,122,1.0,0.0,2,0,False,1,690,816
0005,v2v_development,123,0.5,0.0,1,0,False,1,761,844
0005,v2v_development,124,1.0,0.0,2,0,False,1,757,860
0005,v2v_development,125,1.0,0.0,2,0,False,1,781,872
0005,v2v_development,126,1.0,0.0,2,0,False,1,784,862
0005,v2v_development,127,1.0,0.0,2,0,False,1,829,911
0005,v2v_development,128,1.0,0.0,2,0,False,1,800,898
0005,v2v_development,129,1.0,0.0,2,0,False,1,730,798
0005,v2v_development,130,0.5,0.0,1,0,False,1,718,825
0005,v2v_development,131,1.0,0.0,2,0,False,1,700,803
0005,v2v_development,132,1.0,0.0,2,0,False,1,732,858
0005,v2v_development,133,1.0,0.0,2,0,False,1,765,853
0005,v2v_development,134,1.0,0.0,2,0,False,1,720,841
0005,v2v_development,135,0.5,0.0,1,0,False,1,770,878
0005,v2v_development,136,1.0,0.0,2,0,False,1,850,983
0005,v2v_development,137,1.0,0.0,2,0,False,1,765,896
0005,v2v_development,138,1.0,0.0,2,0,False,1,777,909
0005,v2v_development,139,1.5,0.0,3,0,False,1,784,948
0005,v2v_development,140,1.0,0.0,2,0,False,1,826,986
0005,v2v_development,141,1.0,0.0,2,0,False,1,784,973
0005,v2v_development,142,1.0,0.0,2,0,False,1,768,985
0005,v2v_development,143,1.0,0.0,2,0,False,1,720,920
0005,v2v_development,144,1.0,0.0,2,0,False,1,701,888
0005,v2v_development,145,1.0,0.0,2,0,False,1,690,884
0005,v2v_development,146,1.0,0.0,2,0,False,1,758,949
0005,v2v_development,147,1.0,0.0,2,0,False,1,821,1023
0005,v2v_development,148,1.0,0.0,2,0,False,1,704,890
0005,v2v_development,149,1.5,0.0,3,0,False,1,591,859
0005,v2v_development,150,1.0,0.0,2,0,False,1,654,886
0005,v2v_development,151,1.0,0.0,2,0,False,1,727,919
0005,v2v_development,152,1.0,0.0,2,0,False,1,709,906
0005,v2v_development,153,1.0,0.0,2,0,False,1,702,919
0005,v2v_development,154,1.0,0.0,2,0,False,1,634,831
0005,v2v_development,155,1.0,0.0,2,0,False,1,652,871
0005,v2v_development,156,1.0,0.0,2,0,False,1,718,925
0005,v2v_development,157,0.5,0.0,1,0,False,1,787,921
0005,v2v_development,158,0.5,0.0,1,0,False,1,856,987
0005,v2v_development,159,1.0,0.0,2,0,False,1,766,932
0005,v2v_development,160,1.0,0.0,2,0,False,1,732,925
0005,v2v_development,161,1.0,0.0,2,0,False,1,699,874
0005,v2v_development,162,1.0,0.0,2,0,False,1,704,824
0005,v2v_development,163,1.0,0.0,2,0,False,1,642,773
0005,v2v_development,164,1.0,0.0,2,0,False,1,585,744
0005,v2v_development,165,1.0,0.0,2,0,False,1,592,741
0005,v2v_development,166,1.0,0.0,2,0,False,1,627,770
0005,v2v_development,167,1.0,0.0,2,0,False,1,588,748
0005,v2v_development,168,1.0,0.0,2,0,False,1,575,718
0005,v2v_development,169,1.0,0.0,2,0,False,1,557,695
0005,v2v_development,170,1.0,0.0,2,0,False,1,568,695
0005,v2v_development,171,0.5,0.0,1,0,False,1,637,686
0005,v2v_development,172,1.0,0.0,2,0,False,1,520,663
0005,v2v_development,173,1.0,0.0,2,0,False,1,546,643
0005,v2v_development,174,1.0,0.0,2,0,False,1,501,631
0005,v2v_development,175,1.0,0.0,2,0,False,1,522,667
0005,v2v_development,176,1.0,0.0,2,0,False,1,509,641
0005,v2v_development,177,1.5,0.0,3,0,False,1,497,635
0005,v2v_development,178,0.5,0.0,1,0,False,1,562,636
0005,v2v_development,179,1.0,0.0,2,0,False,1,552,675
0005,v2v_development,180,0.5,0.0,1,0,False,1,630,690
0005,v2v_development,181,1.0,0.0,2,0,False,1,565,684
0005,v2v_development,182,1.0,0.0,2,0,False,1,545,694
0005,v2v_development,183,1.0,0.0,2,0,False,1,543,653
0005,v2v_development,184,1.0,0.0,2,0,False,1,550,673
0005,v2v_development,185,1.0,0.0,2,0,False,1,577,695
0005,v2v_development,186,0.5,0.0,1,0,False,1,609,687
0005,v2v_development,187,1.0,0.0,2,0,False,1,580,699
0005,v2v_development,188,1.0,0.0,2,0,False,1,575,689
0005,v2v_development,189,1.0,0.0,2,0,False,1,570,683
0005,v2v_development,190,1.0,0.0,2,0,False,1,586,706
0005,v2v_development,191,1.5,0.0,3,0,False,1,568,677
0005,v2v_development,192,1.0,0.0,2,0,False,1,574,680
0005,v2v_development,193,1.0,0.0,2,0,False,1,572,679
0005,v2v_development,194,0.5,0.0,1,0,False,1,581,657
0005,v2v_development,195,1.0,0.0,2,0,False,1,550,681
0005,v2v_development,196,1.5,0.0,3,0,False,1,538,645
0005,v2v_development,197,1.0,0.0,2,0,False,1,533,644
0005,v2v_development,198,1.0,0.0,2,0,False,1,558,648
0005,v2v_development,199,1.0,0.0,2,0,False,1,555,666
0005,v2v_development,200,1.5,0.0,3,0,False,1,500,629
0005,v2v_development,201,1.0,0.0,2,0,False,1,514,624
0005,v2v_development,202,1.0,0.0,2,0,False,1,531,641
0005,v2v_development,203,1.0,0.0,2,0,False,1,543,641
0005,v2v_development,204,1.0,0.0,2,0,False,1,521,639
0005,v2v_development,205,1.5,0.0,3,0,False,1,501,613
0005,v2v_development,206,1.0,0.0,2,0,False,1,576,670
0005,v2v_development,207,0.5,0.0,1,0,False,1,549,632
0005,v2v_development,208,1.0,0.0,2,0,False,1,548,653
0005,v2v_development,209,1.0,0.0,2,0,False,1,566,641
0005,v2v_development,210,1.0,0.0,2,0,False,1,572,672
0005,v2v_development,211,1.0,0.0,2,0,False,1,567,692
0005,v2v_development,212,1.0,0.0,2,0,False,1,561,680
0005,v2v_development,213,1.0,0.0,2,0,False,1,550,663
0005,v2v_development,214,1.0,0.0,2,0,False,1,552,629
0005,v2v_development,215,1.0,0.0,2,0,False,1,558,637
0005,v2v_development,216,1.0,0.0,2,0,False,1,493,602
0005,v2v_development,217,0.5,0.0,1,0,False,1,524,589
0005,v2v_development,218,1.0,0.0,2,0,False,1,516,608
0005,v2v_development,219,1.0,0.0,2,0,False,1,517,610
0005,v2v_development,220,1.0,0.0,2,0,False,1,539,617
0005,v2v_development,221,1.0,0.0,2,0,False,1,513,631
0005,v2v_development,222,1.0,0.0,2,0,False,1,507,594
0005,v2v_development,223,1.5,0.0,3,0,False,1,422,534
0005,v2v_development,224,1.0,0.0,2,0,False,1,446,552
0005,v2v_development,225,1.0,0.0,2,0,False,1,470,566
0005,v2v_development,226,1.0,0.0,2,0,False,1,440,562
0005,v2v_development,227,0.5,0.0,1,0,False,1,475,545
0005,v2v_development,228,1.0,0.0,2,0,False,1,462,582
0005,v2v_development,229,0.5,0.0,1,0,False,1,475,563
0005,v2v_development,230,1.5,0.0,3,0,False,1,439,560
0005,v2v_development,231,1.0,0.0,2,0,False,1,449,612
0005,v2v_development,232,1.0,0.0,2,0,False,1,467,605
0005,v2v_development,233,1.0,0.0,2,0,False,1,509,636
0005,v2v_development,234,1.0,0.0,2,0,False,1,518,634
0005,v2v_development,235,0.5,0.0,1,0,False,1,508,607
0005,v2v_development,236,1.0,0.0,2,0,False,1,480,605
0005,v2v_development,237,1.0,0.0,2,0,False,1,502,608
0005,v2v_development,238,1.0,0.0,2,0,False,1,496,630
0005,v2v_development,239,1.0,0.0,2,0,False,1,504,651
0005,v2v_development,240,1.0,0.0,2,0,False,1,480,627
0005,v2v_development,241,1.0,0.0,2,0,False,1,508,649
0005,v2v_development,242,0.5,0.0,1,0,False,1,546,668
0005,v2v_development,243,1.0,0.0,2,0,False,1,528,668
0005,v2v_development,244,1.0,0.0,2,0,False,1,499,662
0005,v2v_development,245,1.0,0.0,2,0,False,1,476,629
0005,v2v_development,246,1.5,0.0,3,0,False,1,444,574
0005,v2v_development,247,1.5,0.0,3,0,False,1,401,540
0005,v2v_development,248,1.0,0.0,2,0,False,1,399,532
0005,v2v_development,249,1.0,0.0,2,0,False,1,452,568
0005,v2v_development,250,1.0,0.0,2,0,False,1,435,558
0005,v2v_development,251,1.5,0.0,3,0,False,1,426,544
0005,v2v_development,252,1.0,0.0,2,0,False,1,431,529
0005,v2v_development,253,1.5,0.0,3,0,False,1,431,537
0005,v2v_development,254,1.0,0.0,2,0,False,1,436,578
0005,v2v_development,255,1.0,0.0,2,0,False,1,405,536
0005,v2v_development,256,1.0,0.0,2,0,False,1,416,530
0005,v2v_development,257,1.0,0.0,2,0,False,1,405,506
0005,v2v_development,258,1.5,0.0,3,0,False,1,385,482
0005,v2v_development,259,1.0,0.0,2,0,False,1,405,494
0005,v2v_development,260,1.0,0.0,2,0,False,1,397,485
0005,v2v_development,261,1.0,0.0,2,0,False,1,363,454
0005,v2v_development,262,1.0,0.0,2,0,False,1,385,477
0005,v2v_development,263,0.5,0.0,1,0,False,1,418,474
0005,v2v_development,264,1.0,0.0,2,0,False,1,401,481
0005,v2v_development,265,1.0,0.0,2,0,False,1,401,499
0005,v2v_development,266,0.5,0.0,1,0,False,1,404,473
0005,v2v_development,267,1.0,0.0,2,0,False,1,397,495
0005,v2v_development,268,1.0,0.0,2,0,False,1,406,466
0005,v2v_development,269,1.0,0.0,2,0,False,1,385,463
0005,v2v_development,270,1.0,0.0,2,0,False,1,397,460
0005,v2v_development,271,0.5,0.0,1,0,False,1,406,450
0005,v2v_development,272,0.5,0.0,1,0,False,1,430,478
0005,v2v_development,273,1.0,0.0,2,0,False,1,403,467
0005,v2v_development,274,0.5,0.0,1,0,False,1,444,486
0005,v2v_development,275,1.0,0.0,2,0,False,1,403,474
0005,v2v_development,276,1.5,0.0,3,0,False,1,397,448
0005,v2v_development,277,1.0,0.0,2,0,False,1,384,440
0005,v2v_development,278,1.5,0.0,3,0,False,1,363,422
0005,v2v_development,279,1.0,0.0,2,0,False,2,369,412
0005,v2v_development,280,1.0,0.0,2,0,False,1,381,443
0005,v2v_development,281,1.0,0.0,2,0,False,1,419,434
0005,v2v_development,282,1.5,0.0,3,0,False,1,355,422
0005,v2v_development,283,1.0,0.0,2,0,False,1,372,404
0005,v2v_development,284,1.0,0.0,2,0,False,1,363,415
0005,v2v_development,285,1.5,0.0,3,0,False,1,358,403
0005,v2v_development,286,1.0,0.0,2,0,False,1,386,422
0005,v2v_development,287,1.5,0.0,3,0,False,1,373,427
0005,v2v_development,288,1.5,0.0,3,0,False,1,357,409
0005,v2v_development,289,0.5,0.0,1,0,False,1,373,411
0005,v2v_development,290,1.0,0.0,2,0,False,1,345,405
0005,v2v_development,291,1.0,0.0,2,0,False,1,346,395
0005,v2v_development,292,1.0,0.0,2,0,False,1,353,395
0005,v2v_development,293,1.5,0.0,3,0,False,1,359,421
0005,v2v_development,294,1.5,0.0,3,0,False,1,357,416
0005,v2v_development,295,1.5,0.0,3,0,False,1,353,426
0005,v2v_development,296,1.0,0.0,2,0,False,1,372,433
0005,v2v_development,297,1.5,0.0,3,0,False,1,357,431
0005,v2v_development,298,1.5,0.0,3,0,False,1,362,438
0005,v2v_development,299,1.5,0.0,3,0,False,1,367,441
0005,v2v_development,300,1.0,0.0,2,0,False,1,353,424
0005,v2v_development,301,1.0,0.0,2,0,False,1,361,439
0005,v2v_development,302,1.0,0.0,2,0,False,1,365,435
0005,v2v_development,303,1.0,0.0,2,0,False,1,338,411
0005,v2v_development,304,0.5,0.0,1,0,False,1,361,400
0005,v2v_development,305,1.0,0.0,2,0,False,1,325,393
0005,v2v_development,306,1.0,0.0,2,0,False,1,325,396
0005,v2v_development,307,1.0,0.0,2,0,False,1,336,408
0005,v2v_development,308,1.0,0.0,2,0,False,1,321,392
0005,v2v_development,309,0.5,0.0,1,0,False,1,352,395
0005,v2v_development,310,1.5,0.0,3,0,False,1,295,403
0006,v2v_development,1,0.5,0.0,1,0,False,1,739,913
0006,v2v_development,2,0.5,0.0,1,0,False,1,785,904
0006,v2v_development,3,0.5,0.0,1,0,False,1,782,915
0006,v2v_development,4,0.5,0.0,1,0,False,1,795,928
0006,v2v_development,5,0.5,0.0,1,0,False,1,798,920
0006,v2v_development,6,0.5,0.0,1,0,False,1,821,963
0006,v2v_development,7,0.5,0.0,1,0,False,1,855,942
0006,v2v_development,8,0.5,0.0,1,0,False,1,882,923
0006,v2v_development,9,0.5,0.0,1,0,False,1,845,970
0006,v2v_development,10,0.5,0.0,1,0,False,1,918,972
0006,v2v_development,11,0.0,0.0,0,0,False,1,961,961
0006,v2v_development,12,0.5,0.0,1,0,False,1,938,954
0006,v2v_development,13,0.0,0.0,0,0,False,1,972,972
0006,v2v_development,14,0.5,0.0,1,0,False,1,911,970
0006,v2v_development,15,0.0,0.0,0,0,False,1,953,953
0006,v2v_development,16,0.0,0.0,0,0,False,1,978,978
0006,v2v_development,17,0.0,0.0,0,0,False,1,969,969
0006,v2v_development,18,0.0,0.0,0,0,False,1,1024,1024
0006,v2v_development,19,0.0,0.0,0,0,False,1,959,959
0006,v2v_development,20,0.0,0.0,0,0,False,1,982,982
0006,v2v_development,21,0.0,0.0,0,0,False,1,999,999
0006,v2v_development,22,0.0,0.0,0,0,False,1,989,989
0006,v2v_development,23,0.0,0.0,0,0,False,1,979,979
0006,v2v_development,24,0.0,0.0,0,0,False,1,975,975
0006,v2v_development,25,0.0,0.0,0,0,False,1,1019,1019
0006,v2v_development,26,0.0,0.0,0,0,False,1,1008,1008
0006,v2v_development,27,0.0,0.0,0,0,False,1,1006,1006
0006,v2v_development,28,0.0,0.0,0,0,False,1,1025,1025
0006,v2v_development,29,0.0,0.0,0,0,False,1,1013,1013
0006,v2v_development,30,0.0,0.0,0,0,False,1,1022,1022
0006,v2v_development,31,0.0,0.0,0,0,False,1,1022,1022
0006,v2v_development,32,0.0,0.0,0,0,False,1,1032,1032
0006,v2v_development,33,0.0,0.0,0,0,False,1,1047,1047
0006,v2v_development,34,0.0,0.0,0,0,False,1,1051,1051
0006,v2v_development,35,0.0,0.0,0,0,False,1,1029,1029
0006,v2v_development,36,0.0,0.0,0,0,False,1,1032,1032
0006,v2v_development,37,0.0,0.0,0,0,False,1,1037,1037
0006,v2v_development,38,0.0,0.0,0,0,False,1,1017,1017
0006,v2v_development,39,0.0,0.0,0,0,False,1,1023,1023
0006,v2v_development,40,0.0,0.0,0,0,False,1,1012,1012
0006,v2v_development,41,0.0,0.0,0,0,False,1,1022,1022
0006,v2v_development,42,0.0,0.0,0,0,False,1,1018,1018
0006,v2v_development,43,0.0,0.0,0,0,False,1,1028,1028
0006,v2v_development,44,0.0,0.0,0,0,False,1,1026,1026
0006,v2v_development,45,0.0,0.0,0,0,False,1,1010,1010
0006,v2v_development,46,0.0,0.0,0,0,False,1,1027,1027
0006,v2v_development,47,0.0,0.0,0,0,False,1,1026,1026
0006,v2v_development,48,0.0,0.0,0,0,False,1,1033,1033
0006,v2v_development,49,0.0,0.0,0,0,False,1,1001,1001
0006,v2v_development,50,0.0,0.0,0,0,False,1,1015,1015
0006,v2v_development,51,0.0,0.0,0,0,False,1,987,987
0006,v2v_development,52,0.0,0.0,0,0,False,1,1019,1019
0006,v2v_development,53,0.0,0.0,0,0,False,1,1018,1018
0006,v2v_development,54,0.0,0.0,0,0,False,1,1035,1035
0006,v2v_development,55,0.0,0.0,0,0,False,1,1044,1044
0006,v2v_development,56,0.0,0.0,0,0,False,1,1029,1029
0006,v2v_development,57,0.0,0.0,0,0,False,1,1038,1038
0006,v2v_development,58,0.0,0.0,0,0,False,1,1031,1031
0006,v2v_development,59,0.0,0.0,0,0,False,1,1016,1016
0006,v2v_development,60,0.0,0.0,0,0,False,1,1019,1019
0006,v2v_development,61,0.0,0.0,0,0,False,1,1024,1024
0006,v2v_development,62,0.0,0.0,0,0,False,1,1032,1032
0006,v2v_development,63,0.0,0.0,0,0,False,1,1023,1023
0006,v2v_development,64,0.0,0.0,0,0,False,1,1023,1023
0006,v2v_development,65,0.0,0.0,0,0,False,1,1009,1009
0006,v2v_development,66,0.0,0.0,0,0,False,1,1014,1014
0006,v2v_development,67,0.0,0.0,0,0,False,1,1021,1021
0006,v2v_development,68,0.0,0.0,0,0,False,1,1014,1014
0006,v2v_development,69,0.0,0.0,0,0,False,1,1004,1004
0006,v2v_development,70,0.0,0.0,0,0,False,1,1016,1016
0006,v2v_development,71,0.0,0.0,0,0,False,1,1022,1022
0006,v2v_development,72,0.0,0.0,0,0,False,1,1012,1012
0006,v2v_development,73,0.0,0.0,0,0,False,1,1016,1016
0006,v2v_development,74,0.0,0.0,0,0,False,1,1018,1018
0006,v2v_development,75,0.0,0.0,0,0,False,1,1006,1006
0006,v2v_development,76,0.0,0.0,0,0,False,1,1008,1008
0006,v2v_development,77,0.0,0.0,0,0,False,1,1026,1026
0006,v2v_development,78,0.0,0.0,0,0,False,1,997,997
0006,v2v_development,79,0.0,0.0,0,0,False,1,998,998
0006,v2v_development,80,0.0,0.0,0,0,False,1,1009,1009
0006,v2v_development,81,0.0,0.0,0,0,False,1,1018,1018
0006,v2v_development,82,0.0,0.0,0,0,False,1,998,998
0006,v2v_development,83,0.0,0.0,0,0,False,1,1012,1012
0006,v2v_development,84,0.0,0.0,0,0,False,1,993,993
0006,v2v_development,85,0.0,0.0,0,0,False,1,1014,1014
0006,v2v_development,86,0.0,0.0,0,0,False,1,1000,1000
0006,v2v_development,87,0.0,0.0,0,0,False,1,1004,1004
0006,v2v_development,88,0.0,0.0,0,0,False,1,1013,1013
0006,v2v_development,89,0.0,0.0,0,0,False,1,1005,1005
0006,v2v_development,90,0.0,0.0,0,0,False,1,1004,1004
0006,v2v_development,91,0.0,0.0,0,0,False,1,996,996
0006,v2v_development,92,0.0,0.0,0,0,False,1,1012,1012
0006,v2v_development,93,0.0,0.0,0,0,False,1,1011,1011
0006,v2v_development,94,0.0,0.0,0,0,False,1,991,991
0006,v2v_development,95,0.0,0.0,0,0,False,1,1001,1001
0006,v2v_development,96,0.0,0.0,0,0,False,1,1008,1008
0006,v2v_development,97,0.0,0.0,0,0,False,1,986,986
0006,v2v_development,98,0.0,0.0,0,0,False,1,1004,1004
0006,v2v_development,99,0.0,0.0,0,0,False,1,996,996
0006,v2v_development,100,0.0,0.0,0,0,False,1,1007,1007
0006,v2v_development,101,0.0,0.0,0,0,False,1,1001,1001
0006,v2v_development,102,0.0,0.0,0,0,False,1,982,982
0006,v2v_development,103,0.0,0.0,0,0,False,1,994,994
0006,v2v_development,104,0.0,0.0,0,0,False,1,994,994
0006,v2v_development,105,0.0,0.0,0,0,False,1,1004,1004
0006,v2v_development,106,0.0,0.0,0,0,False,1,1005,1005
0006,v2v_development,107,0.0,0.0,0,0,False,1,979,979
0006,v2v_development,108,0.0,0.0,0,0,False,1,1002,1002
0006,v2v_development,109,0.0,0.0,0,0,False,1,990,990
0006,v2v_development,110,-0.5,-0.5,-1,-1,False,1,539,918
0006,v2v_development,111,-0.5,-0.5,-1,-1,False,1,545,911
0006,v2v_development,112,-0.5,-0.5,-1,-1,False,1,555,931
0006,v2v_development,113,-0.5,-0.5,-1,-1,False,1,538,907
0006,v2v_development,114,-0.5,-0.5,-1,-1,False,1,556,941
0006,v2v_development,115,-0.5,-0.5,-1,-1,False,1,557,935
0006,v2v_development,116,-0.5,-0.5,-1,-1,False,1,560,932
0006,v2v_development,117,-0.5,-0.5,-1,-1,False,1,556,926
0006,v2v_development,118,-0.5,-0.5,-1,-1,False,1,552,922
0006,v2v_development,119,-0.5,-0.5,-1,-1,False,1,564,927
0006,v2v_development,120,0.0,0.0,0,0,False,1,1002,1002
0006,v2v_development,121,0.0,0.0,0,0,False,1,999,999
0006,v2v_development,122,0.0,0.0,0,0,False,1,997,997
0006,v2v_development,123,0.0,0.0,0,0,False,1,993,993
0006,v2v_development,124,0.0,0.0,0,0,False,1,1013,1013
0006,v2v_development,125,0.0,0.0,0,0,False,1,999,999
0006,v2v_development,126,0.0,0.0,0,0,False,1,997,997
0006,v2v_development,127,0.0,0.0,0,0,False,1,1008,1008
0006,v2v_development,128,0.0,0.0,0,0,False,1,1024,1024
0006,v2v_development,129,0.0,0.0,0,0,False,1,1012,1012
0006,v2v_development,130,0.0,0.0,0,0,False,1,1028,1028
0006,v2v_development,131,0.0,0.0,0,0,False,1,997,997
0006,v2v_development,132,0.0,0.0,0,0,False,1,975,975
0006,v2v_development,133,0.0,0.0,0,0,False,1,992,992
0006,v2v_development,134,0.0,0.0,0,0,False,1,1003,1003
0006,v2v_development,135,0.0,0.0,0,0,False,1,983,983
0006,v2v_development,136,0.0,0.0,0,0,False,1,1012,1012
0006,v2v_development,137,0.0,0.0,0,0,False,1,986,986
0006,v2v_development,138,0.0,0.0,0,0,False,1,987,987
0006,v2v_development,139,0.0,0.0,0,0,False,1,996,996
0006,v2v_development,140,0.0,0.0,0,0,False,1,969,969
0006,v2v_development,141,0.0,0.0,0,0,False,1,988,988
0006,v2v_development,142,0.0,0.0,0,0,False,1,951,951
0006,v2v_development,143,0.5,0.0,1,0,False,1,942,985
0006,v2v_development,144,0.5,0.0,1,0,False,1,893,920
0006,v2v_development,145,0.5,0.0,1,0,False,1,916,970
0006,v2v_development,146,0.5,0.0,1,0,False,1,940,1002
0006,v2v_development,147,0.5,0.0,1,0,False,1,942,1005
0006,v2v_development,148,0.5,0.0,1,0,False,1,922,1004
0006,v2v_development,149,0.5,0.0,1,0,False,1,966,986
0006,v2v_development,150,0.5,0.0,1,0,False,1,909,1027
0006,v2v_development,151,0.5,0.0,1,0,False,1,887,1024
0006,v2v_development,152,0.5,0.0,1,0,False,1,919,1019
0006,v2v_development,153,0.5,0.0,1,0,False,1,889,1039
0006,v2v_development,154,0.5,0.0,1,0,False,1,870,1032
0006,v2v_development,155,0.5,0.0,1,0,False,1,892,997
0006,v2v_development,156,0.5,0.0,1,0,False,1,852,1017
0006,v2v_development,157,0.5,0.0,1,0,False,1,838,1015
0006,v2v_development,158,0.5,0.0,1,0,False,1,813,971
0006,v2v_development,159,0.5,0.0,1,0,False,1,789,947
0006,v2v_development,160,1.0,0.0,2,0,False,1,788,1000
0006,v2v_development,161,0.5,0.0,1,0,False,1,805,973
0006,v2v_development,162,0.5,0.0,1,0,False,1,778,985
0006,v2v_development,163,1.0,0.0,2,0,False,1,823,1018
0006,v2v_development,164,1.0,0.0,2,0,False,1,841,1059
0006,v2v_development,165,1.0,0.0,2,0,False,1,788,1036
0006,v2v_development,166,1.0,0.0,2,0,False,1,782,1023
0006,v2v_development,167,1.0,0.0,2,0,False,1,803,1004
0006,v2v_development,168,1.0,0.0,2,0,False,1,751,1011
0006,v2v_development,169,1.0,0.0,2,0,False,1,767,1046
0006,v2v_development,170,1.0,0.0,2,0,False,1,728,1026
0006,v2v_development,171,1.0,0.0,2,0,False,1,724,998
0006,v2v_development,172,1.0,0.0,2,0,False,1,703,987
0006,v2v_development,173,1.0,0.0,2,0,False,1,747,1015
0006,v2v_development,174,1.0,0.0,2,0,False,1,722,1022
0006,v2v_development,175,1.0,0.0,2,0,False,1,700,1000
0006,v2v_development,176,1.0,0.0,2,0,False,1,711,963
0006,v2v_development,177,1.0,0.0,2,0,False,1,743,995
0006,v2v_development,178,1.0,0.0,2,0,False,1,812,1077
0006,v2v_development,179,1.0,0.0,2,0,False,1,741,995
0006,v2v_development,180,1.0,0.0,2,0,False,1,742,1003
0006,v2v_development,181,1.0,0.0,2,0,False,1,702,972
0006,v2v_development,182,1.0,0.0,2,0,False,1,594,851
0006,v2v_development,183,1.5,0.0,3,0,False,1,533,827
0006,v2v_development,184,1.0,0.0,2,0,False,1,556,795
0006,v2v_development,185,1.0,0.0,2,0,False,1,571,821
0006,v2v_development,186,1.5,0.0,3,0,False,1,561,836
0006,v2v_development,187,1.0,0.0,2,0,False,1,609,847
0006,v2v_development,188,1.0,0.0,2,0,False,1,592,821
0006,v2v_development,189,1.5,0.0,3,0,False,1,593,806
0006,v2v_development,190,1.0,0.0,2,0,False,1,577,777
0006,v2v_development,191,1.0,0.0,2,0,False,1,613,810
0006,v2v_development,192,1.5,0.0,3,0,False,1,551,744
0006,v2v_development,193,1.0,0.0,2,0,False,1,537,703
0006,v2v_development,194,1.5,0.0,3,0,False,1,534,700
0006,v2v_development,195,1.5,0.0,3,0,False,1,488,664
0006,v2v_development,196,1.0,0.0,2,0,False,1,519,662
0006,v2v_development,197,1.5,0.0,3,0,False,1,510,699
0006,v2v_development,198,1.0,0.0,2,0,False,2,520,656
0006,v2v_development,199,1.5,0.0,3,0,False,1,474,650
0006,v2v_development,200,1.5,0.0,3,0,False,1,484,622
0006,v2v_development,201,1.0,0.0,2,0,False,1,489,602
0006,v2v_development,202,1.5,0.0,3,0,False,1,479,646
0006,v2v_development,203,1.0,0.0,2,0,False,1,455,599
0006,v2v_development,204,1.0,0.0,2,0,False,1,469,607
0006,v2v_development,205,1.5,0.0,3,0,False,1,492,597
0006,v2v_development,206,1.0,0.0,2,0,False,1,481,592
0006,v2v_development,207,1.0,0.0,2,0,False,1,500,617
0006,v2v_development,208,1.0,0.0,2,0,False,1,483,590
0006,v2v_development,209,1.0,0.0,2,0,False,1,457,591
0006,v2v_development,210,1.0,0.0,2,0,False,1,480,599
0006,v2v_development,211,1.0,0.0,2,0,False,1,475,590
0006,v2v_development,212,1.0,0.0,2,0,False,1,466,583
0006,v2v_development,213,1.0,0.0,2,0,False,1,461,591
0006,v2v_development,214,1.0,0.0,2,0,False,1,469,592
0006,v2v_development,215,1.0,0.0,2,0,False,1,445,571
0006,v2v_development,216,1.0,0.0,2,0,False,1,427,553
0006,v2v_development,217,1.0,0.0,2,0,False,1,436,555
0006,v2v_development,218,1.0,0.0,2,0,False,1,452,579
0006,v2v_development,219,1.5,0.0,3,0,False,1,416,567
0006,v2v_development,220,1.0,-0.5,2,-1,False,1,391,595
0006,v2v_development,221,1.0,-0.5,2,-1,False,1,362,609
0006,v2v_development,222,1.0,-0.5,2,-1,False,1,359,603
0006,v2v_development,223,1.0,-0.5,2,-1,False,1,404,638
0006,v2v_development,224,1.0,-0.5,2,-1,False,1,420,650
0006,v2v_development,225,0.5,-0.5,1,-1,False,1,387,631
0006,v2v_development,226,0.5,-0.5,1,-1,False,1,430,627
0006,v2v_development,227,1.0,-0.5,2,-1,False,1,421,606
0006,v2v_development,228,0.5,-0.5,1,-1,False,1,408,628
0006,v2v_development,229,1.0,0.0,2,0,False,1,426,631
0006,v2v_development,230,1.0,0.0,2,0,False,1,460,633
0006,v2v_development,231,0.5,0.0,1,0,False,1,494,616
0006,v2v_development,232,1.0,0.0,2,0,False,1,456,646
0006,v2v_development,233,1.0,0.0,2,0,False,1,459,660
0006,v2v_development,234,1.0,0.0,2,0,False,1,501,677
0006,v2v_development,235,0.5,0.0,1,0,False,1,570,677
0006,v2v_development,236,1.0,0.0,2,0,False,1,529,697
0006,v2v_development,237,0.5,0.0,1,0,False,1,549,694
0006,v2v_development,238,0.5,0.0,1,0,False,1,582,695
0006,v2v_development,239,0.5,0.0,1,0,False,1,569,696
0006,v2v_development,240,0.5,0.0,1,0,False,1,592,772
0006,v2v_development,241,0.5,0.0,1,0,False,1,682,786
0006,v2v_development,242,0.5,0.0,1,0,False,1,620,793
0006,v2v_development,243,0.5,0.0,1,0,False,1,654,843
0006,v2v_development,244,0.5,0.0,1,0,False,1,758,875
0006,v2v_development,245,0.5,0.0,1,0,False,1,667,872
0006,v2v_development,246,0.5,0.0,1,0,False,1,669,885
0006,v2v_development,247,0.5,0.0,1,0,False,1,753,884
0006,v2v_development,248,0.5,0.0,1,0,False,1,668,856
0006,v2v_development,249,1.0,0.0,2,0,False,1,617,830
0006,v2v_development,250,0.5,0.0,1,0,False,1,737,887
0006,v2v_development,251,0.5,0.0,1,0,False,1,744,916
0006,v2v_development,252,0.5,0.0,1,0,False,1,718,888
0006,v2v_development,253,0.5,0.0,1,0,False,1,692,886
0006,v2v_development,254,0.5,0.0,1,0,False,1,739,922
0006,v2v_development,255,0.5,0.0,1,0,False,1,693,920
0006,v2v_development,256,0.5,0.0,1,0,False,1,736,934
0006,v2v_development,257,0.5,0.0,1,0,False,1,731,905
0006,v2v_development,258,0.5,0.0,1,0,False,1,719,898
0006,v2v_development,259,0.5,0.0,1,0,False,1,632,871
0006,v2v_development,260,0.0,0.0,0,0,False,1,930,930
0006,v2v_development,261,0.5,0.0,1,0,False,1,830,881
0006,v2v_development,262,0.5,0.0,1,0,False,1,740,912
0006,v2v_development,263,0.5,0.0,1,0,False,1,733,911
0006,v2v_development,264,0.5,0.0,1,0,False,1,729,953
0006,v2v_development,265,0.5,0.0,1,0,False,1,766,957
0006,v2v_development,266,0.5,0.0,1,0,False,1,746,931
0006,v2v_development,267,0.5,0.0,1,0,False,1,757,936
0006,v2v_development,268,0.5,0.0,1,0,False,1,849,857
0006,v2v_development,269,0.5,0.0,1,0,False,1,879,892
0006,v2v_development,270,0.0,0.0,0,0,False,1,919,919
0006,v2v_development,271,0.0,0.0,0,0,False,1,925,925
0006,v2v_development,272,0.5,0.0,1,0,False,1,789,974
0006,v2v_development,273,0.0,0.0,0,0,False,1,903,903
0006,v2v_development,274,0.0,0.0,0,0,False,1,977,977
0006,v2v_development,275,0.5,0.0,1,0,False,1,827,934
0006,v2v_development,276,0.0,0.0,0,0,False,1,912,912
0006,v2v_development,277,0.0,0.0,0,0,False,1,898,898
0006,v2v_development,278,0.5,0.0,1,0,False,1,830,938
0006,v2v_development,279,0.5,0.0,1,0,False,1,822,919
0006,v2v_development,280,0.0,0.0,0,0,False,1,931,931
0006,v2v_development,281,0.5,0.0,1,0,False,1,811,904
0006,v2v_development,282,0.0,0.0,0,0,False,1,903,903
0006,v2v_development,283,0.5,0.0,1,0,False,1,814,890
0006,v2v_development,284,0.0,0.0,0,0,False,1,898,898
0006,v2v_development,285,0.0,0.0,0,0,False,1,876,876
0006,v2v_development,286,0.5,0.0,1,0,False,1,760,838
0006,v2v_development,287,0.0,0.0,0,0,False,1,820,820
0006,v2v_development,288,0.5,0.0,1,0,False,1,741,795
0006,v2v_development,289,0.5,0.0,1,0,False,1,702,783
0006,v2v_development,290,0.0,0.0,0,0,False,1,783,783
0006,v2v_development,291,0.0,0.0,0,0,False,1,731,731
0006,v2v_development,292,0.0,0.0,0,0,False,1,719,719
0006,v2v_development,293,0.0,0.0,0,0,False,1,686,686
0006,v2v_development,294,0.0,0.0,0,0,False,1,673,673
0006,v2v_development,295,0.5,0.0,1,0,False,1,597,693
0006,v2v_development,296,0.0,0.0,0,0,False,1,684,684
0006,v2v_development,297,0.5,0.0,1,0,False,1,601,694
0006,v2v_development,298,0.0,0.0,0,0,False,1,647,647
0006,v2v_development,299,0.5,0.0,1,0,False,1,633,645
0006,v2v_development,300,0.5,0.0,1,0,False,1,575,670
0006,v2v_development,301,0.5,0.0,1,0,False,1,626,639
0006,v2v_development,302,0.5,0.0,1,0,False,1,587,613
0006,v2v_development,303,0.5,0.0,1,0,False,1,579,603
0006,v2v_development,304,0.5,0.0,1,0,False,1,531,632
0007,v2v_development,1,1.0,0.0,2,0,False,1,334,439
0007,v2v_development,2,0.5,0.0,1,0,False,1,355,451
0007,v2v_development,3,0.5,0.0,1,0,False,1,345,452
0007,v2v_development,4,1.0,0.0,2,0,False,1,337,433
0007,v2v_development,5,1.0,0.0,2,0,False,1,315,423
0007,v2v_development,6,1.0,0.0,2,0,False,1,327,439
0007,v2v_development,7,0.5,0.0,1,0,False,1,331,441
0007,v2v_development,8,0.5,0.0,1,0,False,1,342,429
0007,v2v_development,9,0.5,0.0,1,0,False,1,333,419
0007,v2v_development,10,0.5,0.0,1,0,False,1,350,430
0007,v2v_development,11,0.5,0.0,1,0,False,1,360,435
0007,v2v_development,12,0.5,0.0,1,0,False,1,353,400
0007,v2v_development,13,0.5,0.0,1,0,False,1,346,376
0007,v2v_development,14,0.5,0.0,1,0,False,1,352,363
0007,v2v_development,15,0.5,0.0,1,0,False,1,327,335
0007,v2v_development,16,0.5,0.0,1,0,False,1,331,338
0007,v2v_development,17,0.5,0.0,1,0,False,1,322,327
0007,v2v_development,18,0.0,0.0,0,0,False,1,344,344
0007,v2v_development,19,0.0,-1.0,0,-2,False,1,311,313
0007,v2v_development,20,0.5,-0.5,1,-1,False,1,283,306
0007,v2v_development,21,4.5,-9.0,9,-18,False,1,265,275
0007,v2v_development,22,0.0,0.0,0,0,False,2,280,280
0007,v2v_development,23,0.5,-0.5,1,-1,False,1,281,289
0007,v2v_development,24,1.5,-0.5,3,-1,False,1,254,260
0007,v2v_development,25,0.0,-0.5,0,-1,False,1,259,271
0007,v2v_development,26,1.5,-0.5,3,-1,False,1,249,275
0007,v2v_development,27,1.5,-0.5,3,-1,False,1,269,278
0007,v2v_development,28,2.5,-2.5,5,-5,False,1,266,278
0007,v2v_development,29,2.0,-2.5,4,-5,False,1,241,268
0007,v2v_development,30,1.0,-2.0,2,-4,False,1,244,273
0007,v2v_development,31,2.0,-3.0,4,-6,False,1,243,273
0007,v2v_development,32,1.0,-0.5,2,-1,False,1,239,269
0007,v2v_development,33,1.5,-3.0,3,-6,False,1,234,277
0007,v2v_development,34,0.0,-2.0,0,-4,False,1,237,295
0007,v2v_development,35,1.0,-2.5,2,-5,False,2,235,284
0007,v2v_development,36,1.5,-3.5,3,-7,False,1,244,290
0007,v2v_development,37,2.0,-4.5,4,-9,False,1,271,313
0007,v2v_development,38,1.5,-4.0,3,-8,False,1,238,318
0007,v2v_development,39,0.0,-2.5,0,-5,False,1,257,326
0007,v2v_development,40,-0.5,-1.5,-1,-3,False,1,280,320
0007,v2v_development,41,6.5,-8.0,13,-16,False,1,248,318
0007,v2v_development,42,6.0,-8.5,12,-17,False,1,262,322
0007,v2v_development,43,5.5,-8.5,11,-17,False,1,255,315
0007,v2v_development,44,5.0,-9.0,10,-18,False,1,256,318
0007,v2v_development,45,4.5,-9.0,9,-18,False,1,235,300
0007,v2v_development,46,0.0,0.0,2,-20,True,1,228,295
0007,v2v_development,47,0.5,-1.5,1,-3,False,2,232,289
0007,v2v_development,48,0.0,0.0,-3,-20,True,1,221,279
0007,v2v_development,49,2.5,-9.5,5,-19,False,1,209,291
0007,v2v_development,50,0.0,0.0,4,-20,True,1,218,320
0007,v2v_development,51,0.0,0.0,3,-20,True,1,233,342
0007,v2v_development,52,0.0,0.0,1,-20,True,1,222,324
0007,v2v_development,53,0.0,0.0,1,-20,True,1,220,323
0007,v2v_development,54,0.0,0.0,-5,-20,True,1,210,322
0007,v2v_development,55,0.0,0.0,-20,-18,True,1,220,342
0007,v2v_development,56,-6.5,-9.5,-13,-19,False,1,243,331
0007,v2v_development,57,-5.5,-9.5,-11,-19,False,1,223,318
0007,v2v_development,58,0.0,0.0,-13,-20,True,1,203,307
0007,v2v_development,59,-7.5,-8.0,-15,-16,False,1,221,318
0007,v2v_development,60,0.0,0.0,-13,-20,True,1,227,330
0007,v2v_development,61,-9.5,-7.0,-19,-14,False,1,234,335
0007,v2v_development,62,-7.5,-9.5,-15,-19,False,1,239,317
0007,v2v_development,63,0.0,0.0,-20,-16,True,1,246,315
0007,v2v_development,64,-7.5,-9.0,-15,-18,False,1,237,304
0007,v2v_development,65,-8.5,-9.0,-17,-18,False,1,259,312
0007,v2v_development,66,0.0,0.0,-12,-20,True,2,262,322
0007,v2v_development,67,-8.5,-8.0,-17,-16,False,1,263,341
0007,v2v_development,68,0.0,0.0,-14,-20,True,1,291,349
0007,v2v_development,69,-8.5,-8.0,-17,-16,False,1,277,345
0007,v2v_development,70,-7.5,-9.5,-15,-19,False,1,296,363
0007,v2v_development,71,-7.5,-9.5,-15,-19,False,1,315,355
0007,v2v_development,72,-9.5,-7.0,-19,-14,False,1,323,373
0007,v2v_development,73,-8.0,-9.5,-16,-19,False,3,324,354
0007,v2v_development,74,-9.5,-7.5,-19,-15,False,1,317,361
0007,v2v_development,75,-0.5,-0.5,-1,-1,False,1,325,370
0007,v2v_development,76,-0.5,-0.5,-1,-1,False,1,319,375
0007,v2v_development,77,-0.5,-0.5,-1,-1,False,1,326,379
0007,v2v_development,78,-9.5,-7.5,-19,-15,False,1,323,383
0007,v2v_development,79,-8.0,-9.5,-16,-19,False,1,325,373
0007,v2v_development,80,-0.5,-0.5,-1,-1,False,1,332,367
0007,v2v_development,81,-8.0,-9.5,-16,-19,False,1,329,383
0007,v2v_development,82,-8.0,-9.5,-16,-19,False,1,327,383
0007,v2v_development,83,-0.5,-0.5,-1,-1,False,1,342,395
0007,v2v_development,84,-0.5,-0.5,-1,-1,False,1,334,390
0007,v2v_development,85,-0.5,-0.5,-1,-1,False,1,336,388
0007,v2v_development,86,-0.5,-0.5,-1,-1,False,1,315,376
0007,v2v_development,87,-0.5,-0.5,-1,-1,False,1,316,378
0007,v2v_development,88,-0.5,-0.5,-1,-1,False,1,315,388
0007,v2v_development,89,-0.5,-0.5,-1,-1,False,1,317,380
0007,v2v_development,90,-0.5,-0.5,-1,-1,False,1,317,380
0007,v2v_development,91,-0.5,-0.5,-1,-1,False,1,307,375
0007,v2v_development,92,-0.5,-0.5,-1,-1,False,1,314,375
0007,v2v_development,93,-0.5,-0.5,-1,-1,False,1,310,363
0007,v2v_development,94,-0.5,-0.5,-1,-1,False,1,305,367
0007,v2v_development,95,-0.5,-0.5,-1,-1,False,1,312,364
0007,v2v_development,96,0.0,0.0,-20,-15,True,1,307,354
0007,v2v_development,97,0.0,0.0,-20,-14,True,1,310,376
0007,v2v_development,98,-9.5,-7.5,-19,-15,False,1,323,390
0007,v2v_development,99,-8.0,-9.0,-16,-18,False,1,309,407
0007,v2v_development,100,-8.5,-9.5,-17,-19,False,1,301,383
0007,v2v_development,101,0.0,0.0,-20,-15,True,1,291,371
0007,v2v_development,102,-8.5,-9.0,-17,-18,False,1,305,396
0007,v2v_development,103,-8.5,-9.0,-17,-18,False,1,275,369
0007,v2v_development,104,0.0,0.0,-20,-13,True,1,269,379
0007,v2v_development,105,0.0,0.0,-20,-13,True,1,262,373
0007,v2v_development,106,0.0,0.0,-20,-12,True,1,274,388
0007,v2v_development,107,-9.5,-8.5,-19,-17,False,1,256,406
0007,v2v_development,108,-9.5,-8.0,-19,-16,False,1,260,384
0007,v2v_development,109,-9.5,-8.0,-19,-16,False,1,264,375
0007,v2v_development,110,0.0,0.0,-20,-16,True,1,242,380
0007,v2v_development,111,0.0,0.0,-20,-15,True,1,261,394
0007,v2v_development,112,0.0,0.0,-20,-15,True,1,247,392
0007,v2v_development,113,0.0,0.0,-20,-14,True,1,247,389
0007,v2v_development,114,0.0,0.0,-20,-14,True,1,252,383
0007,v2v_development,115,0.0,0.0,-20,-13,True,1,259,396
0007,v2v_development,116,0.0,0.0,-20,-13,True,1,291,397
0007,v2v_development,117,0.0,0.0,-20,-12,True,1,273,384
0007,v2v_development,118,0.0,0.0,-20,-12,True,1,261,396
0007,v2v_development,119,0.0,0.0,-20,-11,True,2,281,383
0007,v2v_development,120,0.0,0.0,-20,-11,True,1,278,389
0007,v2v_development,121,0.0,0.0,-20,-11,True,1,285,375
0007,v2v_development,122,0.0,0.0,-20,-11,True,1,297,377
0007,v2v_development,123,0.0,0.0,-20,-11,True,1,301,375
0007,v2v_development,124,0.0,0.0,-20,-11,True,1,315,360
0007,v2v_development,125,0.0,0.0,-20,-10,True,1,300,358
0007,v2v_development,126,0.0,0.0,-20,-10,True,1,311,379
0007,v2v_development,127,0.0,0.0,-20,-10,True,1,316,365
0007,v2v_development,128,0.0,0.0,-20,-13,True,1,315,373
0007,v2v_development,129,0.0,0.0,-20,-10,True,1,304,361
0007,v2v_development,130,0.0,0.0,-20,-10,True,1,301,363
0007,v2v_development,131,0.0,0.0,-20,-11,True,1,294,375
0007,v2v_development,132,-0.5,-0.5,-1,-1,False,2,314,367
0007,v2v_development,133,-0.5,-0.5,-1,-1,False,1,305,353
0007,v2v_development,134,0.0,0.0,-20,-12,True,1,306,356
0007,v2v_development,135,0.0,0.0,-20,-10,True,1,304,348
0007,v2v_development,136,0.0,0.0,-20,-10,True,1,298,360
0007,v2v_development,137,0.0,0.0,-20,-10,True,1,289,360
0007,v2v_development,138,0.0,0.0,-20,-10,True,1,299,366
0007,v2v_development,139,0.0,0.0,-20,-9,True,1,288,354
0007,v2v_development,140,0.0,0.0,-20,-9,True,1,275,369
0007,v2v_development,141,0.0,0.0,-20,-9,True,1,252,337
0007,v2v_development,142,0.0,0.0,-20,-8,True,1,256,353
0007,v2v_development,143,0.0,0.0,-20,-8,True,1,256,355
0007,v2v_development,144,0.0,0.0,-20,-7,True,1,265,340
0007,v2v_development,145,0.0,0.0,-20,-7,True,1,250,348
0007,v2v_development,146,0.0,0.0,-20,-6,True,1,278,329
0007,v2v_development,147,0.0,0.0,-20,-6,True,1,249,345
0007,v2v_development,148,0.0,0.0,-20,-5,True,1,249,337
0007,v2v_development,149,0.0,0.0,-20,-5,True,1,247,307
0007,v2v_development,150,0.0,0.0,-20,-4,True,1,247,310
0007,v2v_development,151,0.0,0.0,-20,2,True,1,260,320
0007,v2v_development,152,0.0,0.0,-20,-3,True,1,257,318
0007,v2v_development,153,0.0,0.0,-20,2,True,1,252,317
0007,v2v_development,154,-9.5,-1.0,-19,-2,False,2,258,294
0007,v2v_development,155,0.0,0.0,-20,4,True,1,274,309
0007,v2v_development,156,0.0,0.0,-20,3,True,1,260,304
0007,v2v_development,157,-0.5,0.0,-1,0,False,1,268,303
0007,v2v_development,158,-0.5,0.0,-1,0,False,1,280,299
0007,v2v_development,159,0.5,0.0,1,0,False,1,310,321
0007,v2v_development,160,0.0,0.0,0,0,False,1,368,368
0007,v2v_development,161,0.0,0.0,0,0,False,1,402,402
0007,v2v_development,162,0.0,0.0,0,0,False,1,429,429
0007,v2v_development,163,0.0,0.0,0,0,False,1,441,441
0007,v2v_development,164,0.0,0.0,0,0,False,1,458,458
0007,v2v_development,165,0.0,0.0,0,0,False,1,448,448
0007,v2v_development,166,0.0,0.0,0,0,False,1,449,449
0007,v2v_development,167,0.0,0.0,0,0,False,1,464,464
0007,v2v_development,168,0.0,0.0,0,0,False,1,473,473
0007,v2v_development,169,0.0,0.0,0,0,False,1,427,427
0007,v2v_development,170,0.0,0.0,0,0,False,1,441,441
0007,v2v_development,171,0.0,0.0,0,0,False,1,451,451
0007,v2v_development,172,0.0,0.0,0,0,False,1,450,450
0007,v2v_development,173,0.0,0.0,0,0,False,1,432,432
0007,v2v_development,174,0.0,0.0,0,0,False,1,469,469
0007,v2v_development,175,0.0,0.0,0,0,False,1,465,465
0007,v2v_development,176,0.0,0.0,0,0,False,1,434,434
0007,v2v_development,177,0.0,0.0,0,0,False,1,458,458
0007,v2v_development,178,0.0,0.0,0,0,False,1,463,463
0007,v2v_development,179,0.0,0.0,0,0,False,1,452,452
0007,v2v_development,180,0.0,0.0,0,0,False,1,470,470
0007,v2v_development,181,0.0,0.0,0,0,False,1,466,466
0007,v2v_development,182,0.0,0.0,0,0,False,1,467,467
0007,v2v_development,183,0.0,0.0,0,0,False,2,477,477
0007,v2v_development,184,-0.5,0.0,-1,0,False,1,471,481
0007,v2v_development,185,-0.5,0.0,-1,0,False,1,452,476
0007,v2v_development,186,-0.5,0.0,-1,0,False,1,459,482
0007,v2v_development,187,-0.5,0.0,-1,0,False,1,464,481
0007,v2v_development,188,-0.5,0.0,-1,0,False,1,459,488
0007,v2v_development,189,-0.5,0.0,-1,0,False,1,439,481
0007,v2v_development,190,-0.5,0.0,-1,0,False,1,452,490
0007,v2v_development,191,-0.5,0.0,-1,0,False,1,447,483
0007,v2v_development,192,-0.5,0.0,-1,0,False,1,440,485
0007,v2v_development,193,-0.5,-0.5,-1,-1,False,1,434,485
0007,v2v_development,194,-0.5,0.0,-1,0,False,1,420,488
0007,v2v_development,195,-0.5,-0.5,-1,-1,False,1,434,484
0007,v2v_development,196,-0.5,0.0,-1,0,False,1,410,479
0007,v2v_development,197,-0.5,0.0,-1,0,False,2,394,465
0007,v2v_development,198,-0.5,-0.5,-1,-1,False,1,390,470
0007,v2v_development,199,-0.5,-0.5,-1,-1,False,1,392,473
0007,v2v_development,200,-0.5,-0.5,-1,-1,False,1,406,483
0007,v2v_development,201,-0.5,-0.5,-1,-1,False,1,411,481
0007,v2v_development,202,-0.5,-0.5,-1,-1,False,1,418,490
0007,v2v_development,203,-0.5,-0.5,-1,-1,False,1,412,482
0007,v2v_development,204,-0.5,-0.5,-1,-1,False,1,409,475
0007,v2v_development,205,-0.5,-0.5,-1,-1,False,1,415,491
0007,v2v_development,206,-0.5,-0.5,-1,-1,False,1,401,477
0007,v2v_development,207,-0.5,-0.5,-1,-1,False,1,414,486
0007,v2v_development,208,-0.5,-0.5,-1,-1,False,1,411,479
0007,v2v_development,209,-0.5,-0.5,-1,-1,False,1,412,479
0007,v2v_development,210,-0.5,-0.5,-1,-1,False,1,398,482
0007,v2v_development,211,-0.5,-0.5,-1,-1,False,1,425,489
0007,v2v_development,212,-0.5,-0.5,-1,-1,False,1,413,481
0007,v2v_development,213,-0.5,-0.5,-1,-1,False,1,411,484
0007,v2v_development,214,-0.5,-0.5,-1,-1,False,1,413,486
0007,v2v_development,215,-0.5,-0.5,-1,-1,False,1,414,484
0007,v2v_development,216,-0.5,-0.5,-1,-1,False,1,422,487
0007,v2v_development,217,-0.5,-0.5,-1,-1,False,1,423,473
0007,v2v_development,218,-0.5,-0.5,-1,-1,False,1,417,476
0007,v2v_development,219,-0.5,-0.5,-1,-1,False,1,427,475
0007,v2v_development,220,-0.5,-0.5,-1,-1,False,1,429,481
0007,v2v_development,221,-0.5,-0.5,-1,-1,False,1,432,483
0008,v2v_development,1,0.0,0.0,0,0,False,1,709,709
0008,v2v_development,2,0.0,0.0,0,0,False,1,711,711
0008,v2v_development,3,0.0,0.0,0,0,False,1,716,716
0008,v2v_development,4,0.0,0.0,0,0,False,1,720,720
0008,v2v_development,5,0.0,0.0,0,0,False,1,728,728
0008,v2v_development,6,0.0,0.0,0,0,False,1,711,711
0008,v2v_development,7,0.0,0.0,0,0,False,1,716,716
0008,v2v_development,8,0.0,0.0,0,0,False,1,718,718
0008,v2v_development,9,0.0,0.0,0,0,False,1,700,700
0008,v2v_development,10,0.0,0.0,0,0,False,1,713,713
0008,v2v_development,11,0.0,0.0,0,0,False,1,686,686
0008,v2v_development,12,0.0,0.0,0,0,False,1,716,716
0008,v2v_development,13,0.0,0.0,0,0,False,1,706,706
0008,v2v_development,14,0.0,0.0,0,0,False,1,695,695
0008,v2v_development,15,0.0,0.0,0,0,False,1,722,722
0008,v2v_development,16,0.0,0.0,0,0,False,1,701,701
0008,v2v_development,17,0.0,0.0,0,0,False,1,701,701
0008,v2v_development,18,0.0,0.0,0,0,False,1,701,701
0008,v2v_development,19,0.0,0.0,0,0,False,1,695,695
0008,v2v_development,20,0.0,0.0,0,0,False,1,714,714
0008,v2v_development,21,0.0,0.0,0,0,False,1,708,708
0008,v2v_development,22,0.0,0.0,0,0,False,1,700,700
0008,v2v_development,23,0.0,0.0,0,0,False,1,704,704
0008,v2v_development,24,0.0,0.0,0,0,False,1,696,696
0008,v2v_development,25,0.0,0.0,0,0,False,1,699,699
0008,v2v_development,26,0.0,0.0,0,0,False,1,702,702
0008,v2v_development,27,0.0,0.0,0,0,False,1,688,688
0008,v2v_development,28,0.0,0.0,0,0,False,1,699,699
0008,v2v_development,29,0.0,0.0,0,0,False,1,717,717
0008,v2v_development,30,0.0,0.0,0,0,False,1,703,703
0008,v2v_development,31,0.0,0.0,0,0,False,1,704,704
0008,v2v_development,32,0.0,0.0,0,0,False,1,693,693
0008,v2v_development,33,0.0,0.0,0,0,False,1,689,689
0008,v2v_development,34,0.0,0.0,0,0,False,1,708,708
0008,v2v_development,35,0.0,0.0,0,0,False,1,699,699
0008,v2v_development,36,0.0,0.0,0,0,False,1,688,688
0008,v2v_development,37,0.0,0.0,0,0,False,1,711,711
0008,v2v_development,38,0.0,0.0,0,0,False,1,709,709
0008,v2v_development,39,0.0,0.0,0,0,False,1,679,679
0008,v2v_development,40,0.0,0.0,0,0,False,1,705,705
0008,v2v_development,41,0.0,0.0,0,0,False,1,689,689
0008,v2v_development,42,0.0,0.0,0,0,False,1,704,704
0008,v2v_development,43,0.0,0.0,0,0,False,1,711,711
0008,v2v_development,44,0.0,0.0,0,0,False,1,716,716
0008,v2v_development,45,0.0,0.0,0,0,False,1,703,703
0008,v2v_development,46,0.0,0.0,0,0,False,1,705,705
0008,v2v_development,47,0.0,0.0,0,0,False,1,702,702
0008,v2v_development,48,0.0,0.0,0,0,False,1,713,713
0008,v2v_development,49,0.0,0.0,0,0,False,1,694,694
0008,v2v_development,50,0.0,0.0,0,0,False,1,710,710
0008,v2v_development,51,0.0,0.0,0,0,False,1,707,707
0008,v2v_development,52,0.0,0.0,0,0,False,1,722,722
0008,v2v_development,53,0.0,0.0,0,0,False,1,730,730
0008,v2v_development,54,0.0,0.0,0,0,False,1,743,743
0008,v2v_development,55,0.0,0.0,0,0,False,1,716,716
0008,v2v_development,56,0.0,0.0,0,0,False,1,737,737
0008,v2v_development,57,0.0,0.0,0,0,False,1,725,725
0008,v2v_development,58,0.0,0.0,0,0,False,1,716,716
0008,v2v_development,59,0.0,0.0,0,0,False,1,741,741
0008,v2v_development,60,0.0,0.0,0,0,False,1,729,729
0008,v2v_development,61,0.0,0.0,0,0,False,1,739,739
0008,v2v_development,62,0.0,0.0,0,0,False,1,732,732
0008,v2v_development,63,0.0,0.0,0,0,False,1,736,736
0008,v2v_development,64,0.0,0.0,0,0,False,1,724,724
0008,v2v_development,65,0.0,0.0,0,0,False,1,729,729
0008,v2v_development,66,0.0,0.0,0,0,False,1,751,751
0008,v2v_development,67,0.0,0.0,0,0,False,1,750,750
0008,v2v_development,68,0.0,0.0,0,0,False,1,743,743
0008,v2v_development,69,0.0,0.0,0,0,False,1,730,730
0008,v2v_development,70,0.0,0.0,0,0,False,1,756,756
0008,v2v_development,71,0.0,0.0,0,0,False,1,746,746
0008,v2v_development,72,0.0,0.0,0,0,False,1,742,742
0008,v2v_development,73,0.0,0.0,0,0,False,1,732,732
0008,v2v_development,74,0.0,0.0,0,0,False,1,748,748
0008,v2v_development,75,0.0,0.0,0,0,False,1,751,751
0008,v2v_development,76,0.0,0.0,0,0,False,1,741,741
0008,v2v_development,77,0.0,0.0,0,0,False,1,735,735
0008,v2v_development,78,0.0,0.0,0,0,False,1,722,722
0008,v2v_development,79,0.0,0.0,0,0,False,1,737,737
0008,v2v_development,80,0.0,0.0,0,0,False,1,719,719
0008,v2v_development,81,0.0,0.0,0,0,False,1,710,710
0008,v2v_development,82,0.0,0.0,0,0,False,1,727,727
0008,v2v_development,83,0.0,0.0,0,0,False,1,731,731
0008,v2v_development,84,0.0,0.0,0,0,False,1,714,714
0008,v2v_development,85,0.0,0.0,0,0,False,1,722,722
0008,v2v_development,86,0.0,0.0,0,0,False,1,720,720
0008,v2v_development,87,0.0,0.0,0,0,False,1,725,725
0008,v2v_development,88,0.0,0.0,0,0,False,1,736,736
0008,v2v_development,89,0.0,0.0,0,0,False,1,729,729
0008,v2v_development,90,0.0,0.0,0,0,False,1,741,741
0008,v2v_development,91,0.0,0.0,0,0,False,1,724,724
0008,v2v_development,92,0.0,0.0,0,0,False,1,730,730
0008,v2v_development,93,0.0,0.0,0,0,False,1,710,710
0008,v2v_development,94,0.0,0.0,0,0,False,1,740,740
0008,v2v_development,95,0.0,0.0,0,0,False,1,723,723
0008,v2v_development,96,0.0,0.0,0,0,False,1,731,731
0008,v2v_development,97,0.0,0.0,0,0,False,1,732,732
0008,v2v_development,98,0.0,0.0,0,0,False,1,742,742
0008,v2v_development,99,0.0,0.0,0,0,False,1,738,738
0008,v2v_development,100,0.0,0.0,0,0,False,1,722,722
0008,v2v_development,101,0.0,0.0,0,0,False,1,730,730
0008,v2v_development,102,0.0,0.0,0,0,False,1,725,725
0008,v2v_development,103,0.0,0.0,0,0,False,1,734,734
0008,v2v_development,104,0.0,0.0,0,0,False,1,741,741
0008,v2v_development,105,0.0,0.0,0,0,False,1,732,732
0008,v2v_development,106,0.0,0.0,0,0,False,1,723,723
0008,v2v_development,107,0.0,0.0,0,0,False,1,737,737
0008,v2v_development,108,0.0,0.0,0,0,False,1,737,737
0008,v2v_development,109,0.0,0.0,0,0,False,1,743,743
0008,v2v_development,110,0.0,0.0,0,0,False,1,735,735
0008,v2v_development,111,0.0,0.0,0,0,False,1,739,739
0008,v2v_development,112,0.0,0.0,0,0,False,1,714,714
0008,v2v_development,113,0.0,0.0,0,0,False,1,728,728
0008,v2v_development,114,0.0,0.0,0,0,False,1,714,714
0008,v2v_development,115,0.0,0.0,0,0,False,1,734,734
0008,v2v_development,116,0.0,0.0,0,0,False,1,727,727
0008,v2v_development,117,0.0,0.0,0,0,False,1,714,714
0008,v2v_development,118,0.0,0.0,0,0,False,1,732,732
0008,v2v_development,119,0.0,0.0,0,0,False,1,744,744
0008,v2v_development,120,0.0,0.0,0,0,False,1,720,720
0008,v2v_development,121,0.0,0.0,0,0,False,1,741,741
0008,v2v_development,122,0.0,0.0,0,0,False,1,735,735
0008,v2v_development,123,0.0,0.0,0,0,False,1,732,732
0008,v2v_development,124,0.0,0.0,0,0,False,1,729,729
0008,v2v_development,125,0.0,0.0,0,0,False,1,733,733
0008,v2v_development,126,0.0,0.0,0,0,False,1,750,750
0008,v2v_development,127,0.0,0.0,0,0,False,1,738,738
0008,v2v_development,128,0.0,0.0,0,0,False,1,748,748
0008,v2v_development,129,0.0,0.0,0,0,False,1,744,744
0008,v2v_development,130,0.0,0.0,0,0,False,1,751,751
0008,v2v_development,131,0.0,0.0,0,0,False,1,747,747
0008,v2v_development,132,0.0,0.0,0,0,False,1,748,748
0008,v2v_development,133,0.0,0.0,0,0,False,1,748,748
0008,v2v_development,134,0.0,0.0,0,0,False,1,744,744
0008,v2v_development,135,0.0,0.0,0,0,False,1,730,730
0008,v2v_development,136,0.0,0.0,0,0,False,1,738,738
0008,v2v_development,137,0.0,0.0,0,0,False,1,730,730
0008,v2v_development,138,0.0,0.0,0,0,False,1,729,729
0008,v2v_development,139,0.0,0.0,0,0,False,1,742,742
0008,v2v_development,140,0.0,0.0,0,0,False,1,743,743
0008,v2v_development,141,0.0,0.0,0,0,False,1,744,744
0008,v2v_development,142,0.0,0.0,0,0,False,1,739,739
0008,v2v_development,143,0.0,0.0,0,0,False,1,746,746
0008,v2v_development,144,0.0,0.0,0,0,False,1,728,728
0008,v2v_development,145,0.0,0.0,0,0,False,1,713,713
0008,v2v_development,146,0.0,0.0,0,0,False,1,711,711
0008,v2v_development,147,0.0,0.0,0,0,False,1,704,704
0008,v2v_development,148,0.0,0.0,0,0,False,1,723,723
0008,v2v_development,149,0.0,0.0,0,0,False,1,715,715
0008,v2v_development,150,0.0,0.0,0,0,False,1,716,716
0008,v2v_development,151,0.0,0.0,0,0,False,1,706,706
0008,v2v_development,152,0.0,0.0,0,0,False,1,724,724
0008,v2v_development,153,0.0,0.0,0,0,False,1,712,712
0008,v2v_development,154,0.0,0.0,0,0,False,1,704,704
0008,v2v_development,155,0.0,0.0,0,0,False,1,714,714
0008,v2v_development,156,0.0,0.0,0,0,False,1,714,714
0008,v2v_development,157,0.0,0.0,0,0,False,1,713,713
0008,v2v_development,158,0.0,0.0,0,0,False,1,713,713
0008,v2v_development,159,0.0,0.0,0,0,False,1,722,722
0008,v2v_development,160,0.0,0.0,0,0,False,1,725,725
0008,v2v_development,161,0.0,0.0,0,0,False,1,720,720
0008,v2v_development,162,0.0,0.0,0,0,False,1,728,728
0008,v2v_development,163,0.0,0.0,0,0,False,1,713,713
0008,v2v_development,164,0.0,0.0,0,0,False,1,726,726
0008,v2v_development,165,0.0,0.0,0,0,False,1,720,720
0008,v2v_development,166,0.0,0.0,0,0,False,1,725,725
0008,v2v_development,167,0.0,0.0,0,0,False,1,736,736
0008,v2v_development,168,0.0,0.0,0,0,False,1,715,715
0008,v2v_development,169,0.0,0.0,0,0,False,1,713,713
0008,v2v_development,170,0.0,0.0,0,0,False,1,720,720
0008,v2v_development,171,0.0,0.0,0,0,False,1,711,711
0008,v2v_development,172,0.0,0.0,0,0,False,1,722,722
0008,v2v_development,173,0.0,0.0,0,0,False,1,695,695
0008,v2v_development,174,0.0,0.0,0,0,False,1,719,719
0008,v2v_development,175,0.0,0.0,0,0,False,1,734,734
0008,v2v_development,176,0.0,0.0,0,0,False,1,722,722
0008,v2v_development,177,0.0,0.0,0,0,False,1,719,719
0008,v2v_development,178,0.0,0.0,0,0,False,1,723,723
0008,v2v_development,179,0.0,0.0,0,0,False,1,718,718
0008,v2v_development,180,0.0,0.0,0,0,False,1,721,721
0008,v2v_development,181,0.0,0.0,0,0,False,1,716,716
0008,v2v_development,182,0.0,0.0,0,0,False,1,730,730
0008,v2v_development,183,0.0,0.0,0,0,False,1,727,727
0008,v2v_development,184,0.0,0.0,0,0,False,1,721,721
0008,v2v_development,185,0.0,0.0,0,0,False,1,724,724
0008,v2v_development,186,0.0,0.0,0,0,False,1,733,733
0008,v2v_development,187,0.0,0.0,0,0,False,1,727,727
0008,v2v_development,188,0.0,0.0,0,0,False,1,713,713
0008,v2v_development,189,0.0,0.0,0,0,False,1,728,728
0008,v2v_development,190,0.0,0.0,0,0,False,1,725,725
0008,v2v_development,191,0.0,0.0,0,0,False,1,730,730
0008,v2v_development,192,0.0,0.0,0,0,False,1,726,726
0008,v2v_development,193,0.0,0.0,0,0,False,1,691,691
0008,v2v_development,194,0.0,0.0,0,0,False,1,716,716
0008,v2v_development,195,0.0,0.0,0,0,False,1,707,707
0008,v2v_development,196,0.0,0.0,0,0,False,1,713,713
0008,v2v_development,197,0.0,0.0,0,0,False,1,715,715
0008,v2v_development,198,0.0,0.0,0,0,False,1,722,722
0008,v2v_development,199,0.0,0.0,0,0,False,1,731,731
0008,v2v_development,200,0.0,0.0,0,0,False,1,717,717
0008,v2v_development,201,0.0,0.0,0,0,False,1,710,710
0008,v2v_development,202,0.0,0.0,0,0,False,1,700,700
0008,v2v_development,203,0.0,0.0,0,0,False,1,712,712
0008,v2v_development,204,0.0,0.0,0,0,False,1,714,714
0008,v2v_development,205,0.0,0.0,0,0,False,1,715,715
0008,v2v_development,206,0.0,0.0,0,0,False,1,724,724
0008,v2v_development,207,0.0,0.0,0,0,False,1,719,719
0008,v2v_development,208,0.0,0.0,0,0,False,1,725,725
0008,v2v_development,209,0.0,0.0,0,0,False,1,710,710
0008,v2v_development,210,0.0,0.0,0,0,False,1,709,709
0008,v2v_development,211,0.0,0.0,0,0,False,1,721,721
0008,v2v_development,212,0.0,0.0,0,0,False,1,701,701
0008,v2v_development,213,0.0,0.0,0,0,False,1,715,715
0008,v2v_development,214,0.0,0.0,0,0,False,1,705,705
0008,v2v_development,215,0.0,0.0,0,0,False,1,708,708
0008,v2v_development,216,0.0,0.0,0,0,False,1,701,701
0008,v2v_development,217,0.0,0.0,0,0,False,1,707,707
0008,v2v_development,218,0.0,0.0,0,0,False,1,704,704
0008,v2v_development,219,0.0,0.0,0,0,False,1,708,708
0008,v2v_development,220,0.0,0.0,0,0,False,1,714,714
0008,v2v_development,221,0.0,0.0,0,0,False,1,713,713
0008,v2v_development,222,0.0,0.0,0,0,False,1,698,698
0008,v2v_development,223,0.0,0.0,0,0,False,1,708,708
0008,v2v_development,224,0.0,0.0,0,0,False,1,709,709
0008,v2v_development,225,0.0,0.0,0,0,False,1,721,721
0008,v2v_development,226,0.0,0.0,0,0,False,1,708,708
0008,v2v_development,227,0.0,0.0,0,0,False,1,711,711
0008,v2v_development,228,0.0,0.0,0,0,False,1,701,701
0008,v2v_development,229,0.0,0.0,0,0,False,1,715,715
0008,v2v_development,230,0.0,0.0,0,0,False,1,712,712
0008,v2v_development,231,0.0,0.0,0,0,False,1,701,701
0008,v2v_development,232,0.0,0.0,0,0,False,1,700,700
0008,v2v_development,233,0.0,0.0,0,0,False,1,707,707
0008,v2v_development,234,0.0,0.0,0,0,False,1,709,709
0008,v2v_development,235,0.0,0.0,0,0,False,1,708,708
0008,v2v_development,236,0.0,0.0,0,0,False,1,717,717
0008,v2v_development,237,0.0,0.0,0,0,False,1,723,723
0008,v2v_development,238,0.0,0.0,0,0,False,1,718,718
0008,v2v_development,239,0.0,0.0,0,0,False,1,711,711
0008,v2v_development,240,0.0,0.0,0,0,False,1,710,710
0008,v2v_development,241,0.0,0.0,0,0,False,1,710,710
0008,v2v_development,242,0.0,0.0,0,0,False,1,715,715
0008,v2v_development,243,0.0,0.0,0,0,False,1,714,714
0008,v2v_development,244,0.0,0.0,0,0,False,1,726,726
0008,v2v_development,245,0.0,0.0,0,0,False,1,703,703
0008,v2v_development,246,0.0,0.0,0,0,False,1,710,710
0008,v2v_development,247,0.0,0.0,0,0,False,1,735,735
0008,v2v_development,248,0.0,0.0,0,0,False,1,720,720
0008,v2v_development,249,0.0,0.0,0,0,False,1,711,711
0008,v2v_development,250,0.0,0.0,0,0,False,1,714,714
0008,v2v_development,251,0.0,0.0,0,0,False,1,720,720
0008,v2v_development,252,0.0,0.0,0,0,False,1,723,723
0008,v2v_development,253,0.0,0.0,0,0,False,1,729,729
0008,v2v_development,254,0.0,0.0,0,0,False,1,715,715
0008,v2v_development,255,0.0,0.0,0,0,False,1,719,719
0008,v2v_development,256,0.0,0.0,0,0,False,1,701,701
0008,v2v_development,257,0.0,0.0,0,0,False,1,706,706
0008,v2v_development,258,0.0,0.0,0,0,False,1,704,704
0008,v2v_development,259,0.0,0.0,0,0,False,1,711,711
0008,v2v_development,260,0.0,0.0,0,0,False,1,712,712
0008,v2v_development,261,0.0,0.0,0,0,False,1,702,702
0008,v2v_development,262,0.0,0.0,0,0,False,1,717,717
0008,v2v_development,263,0.0,0.0,0,0,False,1,714,714
0008,v2v_development,264,0.0,0.0,0,0,False,1,720,720
0008,v2v_development,265,0.0,0.0,0,0,False,1,720,720
0008,v2v_development,266,0.0,0.0,0,0,False,1,706,706
0008,v2v_development,267,0.0,0.0,0,0,False,1,721,721
0008,v2v_development,268,0.0,0.0,0,0,False,1,707,707
0008,v2v_development,269,0.0,0.0,0,0,False,1,716,716
0008,v2v_development,270,0.0,0.0,0,0,False,1,724,724
0008,v2v_development,271,0.0,0.0,0,0,False,1,715,715
0008,v2v_development,272,0.0,0.0,0,0,False,1,716,716
0008,v2v_development,273,0.0,0.0,0,0,False,1,718,718
0008,v2v_development,274,0.0,0.0,0,0,False,1,722,722
0008,v2v_development,275,0.0,0.0,0,0,False,1,718,718
0008,v2v_development,276,0.0,0.0,0,0,False,1,721,721
0008,v2v_development,277,0.0,0.0,0,0,False,1,716,716
0008,v2v_development,278,0.0,0.0,0,0,False,1,710,710
0008,v2v_development,279,0.0,0.0,0,0,False,1,714,714
0008,v2v_development,280,0.0,0.0,0,0,False,1,721,721
0008,v2v_development,281,0.0,0.0,0,0,False,1,713,713
0008,v2v_development,282,0.0,0.0,0,0,False,1,726,726
0008,v2v_development,283,0.0,0.0,0,0,False,1,701,701
0008,v2v_development,284,0.0,0.0,0,0,False,1,721,721
0008,v2v_development,285,0.0,0.0,0,0,False,1,722,722
0008,v2v_development,286,0.0,0.0,0,0,False,1,712,712
0008,v2v_development,287,0.0,0.0,0,0,False,1,718,718
0008,v2v_development,288,0.0,0.0,0,0,False,1,717,717
0008,v2v_development,289,0.0,0.0,0,0,False,1,724,724
0008,v2v_development,290,0.0,0.0,0,0,False,1,720,720
0008,v2v_development,291,0.0,0.0,0,0,False,1,739,739
0008,v2v_development,292,0.0,0.0,0,0,False,1,719,719
0008,v2v_development,293,0.0,0.0,0,0,False,1,723,723
0008,v2v_development,294,0.0,0.0,0,0,False,1,722,722
0008,v2v_development,295,0.0,0.0,0,0,False,1,740,740
0008,v2v_development,296,0.0,0.0,0,0,False,1,734,734
0008,v2v_development,297,0.0,0.0,0,0,False,1,711,711
0008,v2v_development,298,0.0,0.0,0,0,False,1,721,721
0008,v2v_development,299,0.0,0.0,0,0,False,1,724,724
0008,v2v_development,300,0.0,0.0,0,0,False,1,722,722
0008,v2v_development,301,0.0,0.0,0,0,False,1,720,720
0008,v2v_development,302,0.0,0.0,0,0,False,1,726,726
0008,v2v_development,303,0.0,0.0,0,0,False,1,727,727
0008,v2v_development,304,0.0,0.0,0,0,False,1,716,716
0008,v2v_development,305,0.0,0.0,0,0,False,1,730,730
0008,v2v_development,306,0.0,0.0,0,0,False,1,734,734
0008,v2v_development,307,0.0,0.0,0,0,False,1,716,716
0008,v2v_development,308,0.0,0.0,0,0,False,1,716,716
0008,v2v_development,309,0.0,0.0,0,0,False,1,723,723
0008,v2v_development,310,0.0,0.0,0,0,False,1,725,725
0008,v2v_development,311,0.0,0.0,0,0,False,1,743,743
0008,v2v_development,312,0.0,0.0,0,0,False,1,721,721
0008,v2v_development,313,0.0,0.0,0,0,False,1,710,710
0008,v2v_development,314,0.0,0.0,0,0,False,1,723,723
0008,v2v_development,315,0.0,0.0,0,0,False,1,726,726
0008,v2v_development,316,0.0,0.0,0,0,False,1,738,738
0008,v2v_development,317,0.0,0.0,0,0,False,1,728,728
0008,v2v_development,318,0.0,0.0,0,0,False,1,728,728
0008,v2v_development,319,0.0,0.0,0,0,False,1,737,737
0008,v2v_development,320,0.0,0.0,0,0,False,1,702,702
0008,v2v_development,321,0.0,0.0,0,0,False,1,736,736
0008,v2v_development,322,0.0,0.0,0,0,False,1,728,728
0008,v2v_development,323,0.0,0.0,0,0,False,1,733,733
0008,v2v_development,324,0.0,0.0,0,0,False,1,709,709
0008,v2v_development,325,0.0,0.0,0,0,False,1,732,732
0008,v2v_development,326,0.0,0.0,0,0,False,1,727,727
0008,v2v_development,327,0.0,0.0,0,0,False,1,718,718
0008,v2v_development,328,0.0,0.0,0,0,False,1,697,697
0008,v2v_development,329,0.0,0.0,0,0,False,1,727,727
0008,v2v_development,330,0.0,0.0,0,0,False,1,701,701
0008,v2v_development,331,0.0,0.0,0,0,False,1,719,719
0008,v2v_development,332,0.0,0.0,0,0,False,1,720,720
0008,v2v_development,333,0.0,0.0,0,0,False,1,711,711
0008,v2v_development,334,0.0,0.0,0,0,False,1,713,713
0008,v2v_development,335,0.0,0.0,0,0,False,1,715,715
0008,v2v_development,336,0.0,0.0,0,0,False,1,719,719
0008,v2v_development,337,0.0,0.0,0,0,False,1,719,719
0008,v2v_development,338,0.0,0.0,0,0,False,1,700,700
0008,v2v_development,339,0.0,0.0,0,0,False,1,722,722
0008,v2v_development,340,0.0,0.0,0,0,False,1,705,705
0008,v2v_development,341,0.0,0.0,0,0,False,1,706,706
0008,v2v_development,342,0.0,0.0,0,0,False,1,695,695
0008,v2v_development,343,0.0,0.0,0,0,False,1,712,712
0008,v2v_development,344,0.0,0.0,0,0,False,1,695,695
0008,v2v_development,345,0.0,0.0,0,0,False,1,697,697
0008,v2v_development,346,0.0,0.0,0,0,False,1,688,688
0008,v2v_development,347,0.0,0.0,0,0,False,1,706,706
0008,v2v_development,348,0.0,0.0,0,0,False,1,715,715
0008,v2v_development,349,0.0,0.0,0,0,False,1,699,699
0008,v2v_development,350,0.0,0.0,0,0,False,1,698,698
0008,v2v_development,351,0.0,0.0,0,0,False,1,716,716
0008,v2v_development,352,0.0,0.0,0,0,False,1,706,706
0008,v2v_development,353,0.0,0.0,0,0,False,1,717,717
0008,v2v_development,354,0.0,0.0,0,0,False,1,703,703
0008,v2v_development,355,0.0,0.0,0,0,False,1,705,705
0008,v2v_development,356,0.0,0.0,0,0,False,1,682,682
0008,v2v_development,357,0.0,0.0,0,0,False,1,708,708
0008,v2v_development,358,0.0,0.0,0,0,False,1,703,703
0008,v2v_development,359,0.0,0.0,0,0,False,1,694,694
0008,v2v_development,360,0.0,0.0,0,0,False,1,708,708
0008,v2v_development,361,0.0,0.0,0,0,False,1,681,681
0008,v2v_development,362,0.0,0.0,0,0,False,1,694,694
0008,v2v_development,363,0.0,0.0,0,0,False,1,694,694
0008,v2v_development,364,0.0,0.0,0,0,False,1,692,692
0008,v2v_development,365,0.0,0.0,0,0,False,1,692,692
0008,v2v_development,366,0.0,0.0,0,0,False,1,702,702
0008,v2v_development,367,0.0,0.0,0,0,False,1,679,679
0008,v2v_development,368,0.0,0.0,0,0,False,1,689,689
0008,v2v_development,369,0.0,0.0,0,0,False,1,689,689
0008,v2v_development,370,0.0,0.0,0,0,False,1,691,691
0008,v2v_development,371,0.0,0.0,0,0,False,1,692,692
0008,v2v_development,372,0.0,0.0,0,0,False,1,698,698
0008,v2v_development,373,0.0,0.0,0,0,False,1,697,697
0008,v2v_development,374,0.0,0.0,0,0,False,1,700,700
0008,v2v_development,375,0.0,0.0,0,0,False,1,673,673
v2x_0000,v2x_val,1,0.0,0.0,0,0,False,1681,0,0
v2x_0000,v2x_val,2,0.0,0.0,0,0,False,1681,0,0
v2x_0000,v2x_val,3,0.0,0.0,0,0,False,1681,0,0
v2x_0000,v2x_val,4,0.0,0.0,0,0,False,1681,0,0
v2x_0000,v2x_val,5,0.0,0.0,0,0,False,1681,0,0
v2x_0000,v2x_val,6,0.0,0.0,0,0,False,1681,0,0
v2x_0000,v2x_val,7,0.0,0.0,0,0,False,1681,0,0
v2x_0000,v2x_val,8,0.0,0.0,0,0,False,1681,0,0
v2x_0000,v2x_val,9,0.0,0.0,0,0,False,1681,0,0
v2x_0000,v2x_val,10,0.0,0.0,0,0,False,1681,0,0
v2x_0000,v2x_val,11,0.0,0.0,0,0,False,1681,0,0
v2x_0000,v2x_val,12,0.0,0.0,0,0,False,1681,0,0
v2x_0000,v2x_val,13,0.0,0.0,0,0,False,1681,0,0
v2x_0000,v2x_val,14,0.0,0.0,0,0,False,1681,0,0
v2x_0000,v2x_val,15,0.0,0.0,0,0,False,1681,0,0
v2x_0000,v2x_val,16,0.0,0.0,0,0,False,1681,0,0
v2x_0000,v2x_val,17,0.0,0.0,0,0,False,1681,0,0
v2x_0000,v2x_val,18,0.0,0.0,0,0,False,1681,0,0
v2x_0000,v2x_val,19,0.0,0.0,0,0,False,1681,0,0
v2x_0000,v2x_val,20,0.0,0.0,0,0,False,1681,0,0
v2x_0000,v2x_val,21,0.0,0.0,0,0,False,1681,0,0
v2x_0000,v2x_val,22,0.0,0.0,0,0,False,1681,0,0
v2x_0000,v2x_val,23,0.0,0.0,0,0,False,1681,0,0
v2x_0000,v2x_val,24,0.0,0.0,0,0,False,1681,0,0
v2x_0000,v2x_val,25,0.0,0.0,0,0,False,1681,0,0
v2x_0000,v2x_val,26,0.0,0.0,0,0,False,1681,0,0
v2x_0000,v2x_val,27,0.0,0.0,0,0,False,1681,0,0
v2x_0000,v2x_val,28,0.0,0.0,0,0,False,1681,0,0
v2x_0000,v2x_val,29,0.0,0.0,0,0,False,1681,0,0
v2x_0000,v2x_val,30,0.0,0.0,0,0,False,1681,0,0
v2x_0000,v2x_val,31,0.0,0.0,0,0,False,1681,0,0
v2x_0000,v2x_val,32,0.0,0.0,0,0,False,1681,0,0
v2x_0000,v2x_val,33,0.0,0.0,0,0,False,1681,0,0
v2x_0000,v2x_val,34,0.0,0.0,0,0,False,1681,0,0
v2x_0000,v2x_val,35,0.0,0.0,0,0,False,1681,0,0
v2x_0000,v2x_val,36,0.0,0.0,0,0,False,1681,0,0
v2x_0000,v2x_val,37,0.0,0.0,0,0,False,1681,0,0
v2x_0000,v2x_val,38,0.0,0.0,0,0,False,1681,0,0
v2x_0000,v2x_val,39,0.0,0.0,0,0,False,1681,0,0
v2x_0000,v2x_val,40,0.0,0.0,0,0,False,1681,0,0
v2x_0000,v2x_val,41,0.0,0.0,0,0,False,1681,0,0
v2x_0000,v2x_val,42,0.0,0.0,0,0,False,1681,0,0
v2x_0000,v2x_val,43,0.0,0.0,0,0,False,1681,0,0
v2x_0000,v2x_val,44,0.0,0.0,0,0,False,1681,0,0
v2x_0000,v2x_val,45,0.0,0.0,0,0,False,1681,0,0
v2x_0000,v2x_val,46,0.0,0.0,0,0,False,1681,0,0
v2x_0000,v2x_val,47,0.0,0.0,0,0,False,1681,0,0
v2x_0000,v2x_val,48,0.0,0.0,0,0,False,1681,0,0
v2x_0000,v2x_val,49,0.0,0.0,0,0,False,1681,0,0
v2x_0000,v2x_val,50,0.0,0.0,0,0,False,1681,0,0
v2x_0000,v2x_val,51,0.0,0.0,0,0,False,1681,0,0
v2x_0000,v2x_val,52,0.0,0.0,0,0,False,1681,0,0
v2x_0000,v2x_val,53,0.0,0.0,0,0,False,1681,0,0
v2x_0000,v2x_val,54,0.0,0.0,0,0,False,1681,0,0
v2x_0000,v2x_val,55,0.0,0.0,0,0,False,1681,0,0
v2x_0000,v2x_val,56,0.0,0.0,0,0,False,1681,0,0
v2x_0000,v2x_val,57,0.0,0.0,0,0,False,1681,0,0
v2x_0000,v2x_val,58,0.0,0.0,0,0,False,1681,0,0
v2x_0000,v2x_val,59,0.0,0.0,0,0,False,1681,0,0
v2x_0000,v2x_val,60,0.0,0.0,0,0,False,1681,0,0
v2x_0000,v2x_val,61,0.0,0.0,0,0,False,1681,0,0
v2x_0000,v2x_val,62,0.0,0.0,0,0,False,1681,0,0
v2x_0000,v2x_val,63,0.0,0.0,0,0,False,1681,0,0
v2x_0000,v2x_val,64,0.0,0.0,0,0,False,1681,0,0
v2x_0000,v2x_val,65,0.0,0.0,0,0,False,1681,0,0
v2x_0000,v2x_val,66,0.0,0.0,0,0,False,1681,0,0
v2x_0000,v2x_val,67,0.0,0.0,0,0,False,1681,0,0
v2x_0000,v2x_val,68,0.0,0.0,0,0,False,1681,0,0
v2x_0000,v2x_val,69,0.0,0.0,0,0,False,1681,0,0
v2x_0000,v2x_val,70,0.0,0.0,0,0,False,1681,0,0
v2x_0000,v2x_val,71,0.0,0.0,0,0,False,1681,0,0
v2x_0000,v2x_val,72,0.0,0.0,0,0,False,1681,0,0
v2x_0000,v2x_val,73,0.0,0.0,0,0,False,1681,0,0
v2x_0000,v2x_val,74,0.0,0.0,0,0,False,1681,0,0
v2x_0000,v2x_val,75,0.0,0.0,0,0,False,1681,0,0
v2x_0000,v2x_val,76,0.0,0.0,0,0,False,1681,0,0
v2x_0000,v2x_val,77,0.0,0.0,0,0,False,1681,0,0
v2x_0000,v2x_val,78,0.0,0.0,0,0,False,1681,0,0
v2x_0000,v2x_val,79,0.0,0.0,0,0,False,1681,0,0
v2x_0000,v2x_val,80,0.0,0.0,0,0,False,1681,0,0
v2x_0000,v2x_val,81,0.0,0.0,0,0,False,1681,0,0
v2x_0000,v2x_val,82,0.0,0.0,0,0,False,1681,0,0
v2x_0000,v2x_val,83,0.0,0.0,0,0,False,1681,0,0
v2x_0000,v2x_val,84,0.0,0.0,0,0,False,1681,0,0
v2x_0000,v2x_val,85,0.0,0.0,0,0,False,1681,0,0
v2x_0000,v2x_val,86,0.0,0.0,0,0,False,1681,0,0
v2x_0000,v2x_val,87,0.0,0.0,0,0,False,1681,0,0
v2x_0000,v2x_val,88,0.0,0.0,0,0,False,1681,0,0
v2x_0000,v2x_val,89,0.0,0.0,0,0,False,1681,0,0
v2x_0000,v2x_val,90,0.0,0.0,0,0,False,1681,0,0
v2x_0000,v2x_val,91,0.0,0.0,0,0,False,1681,0,0
v2x_0000,v2x_val,92,0.0,0.0,0,0,False,1681,0,0
v2x_0000,v2x_val,93,0.0,0.0,0,0,False,1681,0,0
v2x_0000,v2x_val,94,0.0,0.0,0,0,False,1681,0,0
v2x_0000,v2x_val,95,0.0,0.0,0,0,False,1681,0,0
v2x_0000,v2x_val,96,0.0,0.0,0,0,False,1681,0,0
v2x_0000,v2x_val,97,0.0,0.0,0,0,False,1681,0,0
v2x_0000,v2x_val,98,0.0,0.0,0,0,False,1681,0,0
v2x_0000,v2x_val,99,0.0,0.0,0,0,False,1681,0,0
v2x_0000,v2x_val,100,0.0,0.0,0,0,False,1681,0,0
v2x_0000,v2x_val,101,0.0,0.0,0,0,False,1681,0,0
v2x_0000,v2x_val,102,0.0,0.0,0,0,False,1681,0,0
v2x_0000,v2x_val,103,0.0,0.0,0,0,False,1681,0,0
v2x_0000,v2x_val,104,0.0,0.0,0,0,False,1681,0,0
v2x_0001,v2x_val,1,0.0,0.0,0,0,False,1,150,150
v2x_0001,v2x_val,2,0.0,0.0,0,0,False,1,145,145
v2x_0001,v2x_val,3,1.0,0.0,2,0,False,1,121,125
v2x_0001,v2x_val,4,0.0,0.0,0,0,False,1,119,119
v2x_0001,v2x_val,5,0.0,0.0,0,0,False,1,119,119
v2x_0001,v2x_val,6,0.0,0.0,0,0,False,1,128,128
v2x_0001,v2x_val,7,0.0,0.0,0,0,False,1,147,147
v2x_0001,v2x_val,8,0.5,0.0,1,0,False,1,135,138
v2x_0001,v2x_val,9,0.5,0.0,1,0,False,1,147,148
v2x_0001,v2x_val,10,0.0,0.0,0,0,False,1,143,143
v2x_0001,v2x_val,11,0.0,0.0,0,0,False,1,169,169
v2x_0001,v2x_val,12,0.0,0.0,0,0,False,1,176,176
v2x_0001,v2x_val,13,0.0,0.0,0,0,False,1,235,235
v2x_0001,v2x_val,14,0.0,0.0,0,0,False,1,289,289
v2x_0001,v2x_val,15,0.0,0.0,0,0,False,1,298,298
v2x_0001,v2x_val,16,0.0,0.0,0,0,False,1,262,262
v2x_0001,v2x_val,17,0.0,0.0,0,0,False,1,275,275
v2x_0001,v2x_val,18,0.0,0.0,0,0,False,1,218,218
v2x_0001,v2x_val,19,0.0,0.0,0,0,False,1,186,186
v2x_0001,v2x_val,20,0.0,0.0,0,0,False,1,203,203
v2x_0001,v2x_val,21,0.0,0.0,0,0,False,1,183,183
v2x_0001,v2x_val,22,0.0,0.0,0,0,False,1,172,172
v2x_0001,v2x_val,23,0.0,0.0,0,0,False,1,158,158
v2x_0001,v2x_val,24,0.0,0.0,0,0,False,1,159,159
v2x_0001,v2x_val,25,0.0,0.0,0,0,False,1,146,146
v2x_0001,v2x_val,26,0.0,0.0,0,0,False,1,152,152
v2x_0001,v2x_val,27,0.0,0.0,0,0,False,1,160,160
v2x_0001,v2x_val,28,0.0,0.0,0,0,False,1,162,162
v2x_0001,v2x_val,29,0.0,0.0,0,0,False,1,155,155
v2x_0001,v2x_val,30,0.0,0.0,0,0,False,1,159,159
v2x_0001,v2x_val,31,0.0,0.0,0,0,False,1,159,159
v2x_0001,v2x_val,32,0.0,0.0,0,0,False,1,179,179
v2x_0001,v2x_val,33,0.0,0.0,0,0,False,1,183,183
v2x_0001,v2x_val,34,0.0,0.0,0,0,False,1,184,184
v2x_0001,v2x_val,35,0.0,0.0,0,0,False,1,189,189
v2x_0001,v2x_val,36,0.0,0.0,0,0,False,1,185,185
v2x_0001,v2x_val,37,0.0,0.0,0,0,False,1,173,173
v2x_0001,v2x_val,38,0.0,0.0,0,0,False,1,174,174
v2x_0001,v2x_val,39,0.0,0.0,0,0,False,1,166,166
v2x_0001,v2x_val,40,0.0,0.0,0,0,False,1,176,176
v2x_0001,v2x_val,41,0.0,0.0,0,0,False,1,169,169
v2x_0001,v2x_val,42,0.0,0.0,0,0,False,1,181,181
v2x_0001,v2x_val,43,0.0,0.0,0,0,False,1,185,185
v2x_0001,v2x_val,44,0.0,0.0,0,0,False,1,188,188
v2x_0001,v2x_val,45,0.0,0.0,0,0,False,1,185,185
v2x_0001,v2x_val,46,0.0,0.0,0,0,False,1,173,173
v2x_0001,v2x_val,47,0.0,0.0,0,0,False,1,180,180
v2x_0001,v2x_val,48,0.0,0.0,0,0,False,1,201,201
v2x_0001,v2x_val,49,0.0,0.0,0,0,False,1,222,222
v2x_0001,v2x_val,50,0.0,0.0,0,0,False,1,229,229
v2x_0001,v2x_val,51,0.0,0.0,0,0,False,1,211,211
v2x_0001,v2x_val,52,0.0,0.0,0,0,False,1,217,217
v2x_0001,v2x_val,53,0.0,0.0,0,0,False,1,217,217
v2x_0001,v2x_val,54,0.0,0.0,0,0,False,1,238,238
v2x_0001,v2x_val,55,0.0,0.0,0,0,False,1,237,237
v2x_0001,v2x_val,56,0.0,0.0,0,0,False,1,245,245
v2x_0001,v2x_val,57,0.0,0.0,0,0,False,1,288,288
v2x_0001,v2x_val,58,0.0,0.0,0,0,False,1,269,269
v2x_0001,v2x_val,59,0.0,0.0,0,0,False,1,299,299
v2x_0001,v2x_val,60,0.0,0.0,0,0,False,1,295,295
v2x_0001,v2x_val,61,0.0,0.0,0,0,False,1,305,305
v2x_0001,v2x_val,62,0.0,0.0,0,0,False,1,319,319
v2x_0001,v2x_val,63,0.0,0.0,0,0,False,1,320,320
v2x_0001,v2x_val,64,0.0,0.0,0,0,False,1,313,313
v2x_0001,v2x_val,65,0.0,0.0,0,0,False,1,301,301
v2x_0001,v2x_val,66,0.0,0.0,0,0,False,1,310,310
v2x_0001,v2x_val,67,0.0,0.0,0,0,False,1,289,289
v2x_0001,v2x_val,68,0.0,0.0,0,0,False,1,279,279
v2x_0001,v2x_val,69,0.0,0.0,0,0,False,1,281,281
v2x_0001,v2x_val,70,0.0,0.0,0,0,False,1,286,286
v2x_0001,v2x_val,71,0.0,0.0,0,0,False,1,266,266
v2x_0001,v2x_val,72,0.0,0.0,0,0,False,1,283,283
v2x_0001,v2x_val,73,0.0,0.0,0,0,False,1,277,277
v2x_0001,v2x_val,74,0.0,0.0,0,0,False,1,276,276
v2x_0001,v2x_val,75,0.0,0.0,0,0,False,1,275,275
v2x_0001,v2x_val,76,0.0,0.0,0,0,False,1,273,273
v2x_0001,v2x_val,77,0.0,0.0,0,0,False,1,276,276
v2x_0001,v2x_val,78,0.0,0.0,0,0,False,1,277,277
v2x_0001,v2x_val,79,0.0,0.0,0,0,False,1,292,292
v2x_0001,v2x_val,80,0.0,0.0,0,0,False,1,270,270
v2x_0001,v2x_val,81,0.0,0.0,0,0,False,1,294,294
v2x_0001,v2x_val,82,0.0,0.0,0,0,False,1,275,275
v2x_0001,v2x_val,83,0.0,0.0,0,0,False,1,295,295
v2x_0001,v2x_val,84,0.0,0.0,0,0,False,1,291,291
v2x_0001,v2x_val,85,0.0,0.0,0,0,False,1,268,268
v2x_0001,v2x_val,86,0.0,0.0,0,0,False,1,254,254
v2x_0001,v2x_val,87,0.0,0.0,0,0,False,1,262,262
v2x_0001,v2x_val,88,0.0,0.0,0,0,False,1,270,270
v2x_0001,v2x_val,89,0.0,0.0,0,0,False,1,271,271
v2x_0001,v2x_val,90,0.0,0.0,0,0,False,1,269,269
v2x_0001,v2x_val,91,0.0,0.0,0,0,False,1,300,300
v2x_0001,v2x_val,92,0.0,0.0,0,0,False,1,301,301
v2x_0001,v2x_val,93,0.0,0.0,0,0,False,1,312,312
v2x_0001,v2x_val,94,0.0,0.0,0,0,False,1,314,314
v2x_0001,v2x_val,95,0.0,0.0,0,0,False,1,310,310
v2x_0001,v2x_val,96,0.0,0.0,0,0,False,1,320,320
v2x_0001,v2x_val,97,0.0,0.0,0,0,False,1,308,308
v2x_0001,v2x_val,98,0.0,0.0,0,0,False,1,310,310
v2x_0001,v2x_val,99,0.0,0.0,0,0,False,1,310,310
v2x_0001,v2x_val,100,0.0,0.0,0,0,False,1,305,305
v2x_0001,v2x_val,101,0.0,0.0,0,0,False,1,307,307
v2x_0001,v2x_val,102,0.0,0.0,0,0,False,1,305,305
v2x_0001,v2x_val,103,0.0,0.0,0,0,False,1,307,307
v2x_0001,v2x_val,104,0.0,0.0,0,0,False,1,308,308
v2x_0001,v2x_val,105,0.0,0.0,0,0,False,1,313,313
v2x_0001,v2x_val,106,0.0,0.0,0,0,False,1,309,309
v2x_0001,v2x_val,107,0.0,0.0,0,0,False,1,315,315
v2x_0001,v2x_val,108,0.0,0.0,0,0,False,1,310,310
v2x_0001,v2x_val,109,0.0,0.0,0,0,False,1,311,311
v2x_0001,v2x_val,110,0.0,0.0,0,0,False,1,309,309
v2x_0001,v2x_val,111,0.0,0.0,0,0,False,1,308,308
v2x_0001,v2x_val,112,0.0,0.0,0,0,False,1,315,315
v2x_0001,v2x_val,113,0.0,0.0,0,0,False,1,314,314
v2x_0001,v2x_val,114,0.0,0.0,0,0,False,1,321,321
v2x_0001,v2x_val,115,0.0,0.0,0,0,False,1,318,318
v2x_0001,v2x_val,116,0.0,0.0,0,0,False,1,311,311
v2x_0001,v2x_val,117,0.0,0.0,0,0,False,1,318,318
v2x_0001,v2x_val,118,0.0,0.0,0,0,False,1,313,313
v2x_0001,v2x_val,119,0.0,0.0,0,0,False,1,314,314
v2x_0001,v2x_val,120,0.0,0.0,0,0,False,1,310,310
v2x_0001,v2x_val,121,0.0,0.0,0,0,False,1,316,316
v2x_0001,v2x_val,122,0.0,0.0,0,0,False,1,310,310
v2x_0001,v2x_val,123,0.0,0.0,0,0,False,1,313,313
v2x_0001,v2x_val,124,0.0,0.0,0,0,False,1,323,323
v2x_0001,v2x_val,125,0.0,0.0,0,0,False,1,322,322
v2x_0001,v2x_val,126,0.0,0.0,0,0,False,1,321,321
v2x_0001,v2x_val,127,0.0,0.0,0,0,False,1,322,322
v2x_0001,v2x_val,128,0.0,0.0,0,0,False,1,323,323
v2x_0001,v2x_val,129,0.0,0.0,0,0,False,1,329,329
v2x_0001,v2x_val,130,0.0,0.0,0,0,False,1,338,338
v2x_0001,v2x_val,131,0.0,0.0,0,0,False,1,338,338
v2x_0002,v2x_val,1,0.0,0.0,0,0,False,1,473,473
v2x_0002,v2x_val,2,0.0,0.0,0,0,False,1,479,479
v2x_0002,v2x_val,3,0.0,0.0,0,0,False,1,456,456
v2x_0002,v2x_val,4,0.0,0.0,0,0,False,1,442,442
v2x_0002,v2x_val,5,0.0,0.0,0,0,False,1,450,450
v2x_0002,v2x_val,6,0.0,0.0,0,0,False,1,471,471
v2x_0002,v2x_val,7,0.0,0.0,0,0,False,1,494,494
v2x_0002,v2x_val,8,0.0,0.0,0,0,False,1,536,536
v2x_0002,v2x_val,9,0.0,0.0,0,0,False,1,522,522
v2x_0002,v2x_val,10,0.0,0.0,0,0,False,1,553,553
v2x_0002,v2x_val,11,0.0,0.0,0,0,False,1,546,546
v2x_0002,v2x_val,12,0.0,0.0,0,0,False,1,549,549
v2x_0002,v2x_val,13,0.0,0.0,0,0,False,1,575,575
v2x_0002,v2x_val,14,0.0,0.0,0,0,False,1,581,581
v2x_0002,v2x_val,15,0.0,0.0,0,0,False,1,618,618
v2x_0002,v2x_val,16,0.0,0.0,0,0,False,1,615,615
v2x_0002,v2x_val,17,0.0,0.0,0,0,False,1,623,623
v2x_0002,v2x_val,18,0.0,0.0,0,0,False,1,646,646
v2x_0002,v2x_val,19,0.0,0.0,0,0,False,1,604,604
v2x_0002,v2x_val,20,-0.5,0.0,-1,0,False,1,512,632
v2x_0002,v2x_val,21,-0.5,0.0,-1,0,False,1,449,582
v2x_0002,v2x_val,22,-1.0,0.0,-2,0,False,1,423,617
v2x_0002,v2x_val,23,-1.0,0.0,-2,0,False,1,403,587
v2x_0002,v2x_val,24,-1.5,0.0,-3,0,False,1,392,584
v2x_0002,v2x_val,25,-1.5,0.0,-3,0,False,1,365,577
v2x_0002,v2x_val,26,-2.0,0.0,-4,0,False,1,359,562
v2x_0002,v2x_val,27,-2.0,0.0,-4,0,False,1,333,576
v2x_0002,v2x_val,28,-2.5,0.0,-5,0,False,1,326,534
v2x_0002,v2x_val,29,-2.5,0.0,-5,0,False,1,308,564
v2x_0002,v2x_val,30,-2.5,0.0,-5,0,False,1,303,526
v2x_0002,v2x_val,31,-3.0,0.0,-6,0,False,1,315,561
v2x_0002,v2x_val,32,-3.0,0.0,-6,0,False,1,318,529
v2x_0002,v2x_val,33,-3.5,0.0,-7,0,False,1,321,530
v2x_0002,v2x_val,34,-3.5,0.0,-7,0,False,1,297,544
v2x_0002,v2x_val,35,-3.5,0.0,-7,0,False,1,264,507
v2x_0002,v2x_val,36,-4.0,0.0,-8,0,False,1,250,531
v2x_0002,v2x_val,37,-4.0,0.0,-8,0,False,1,245,511
v2x_0002,v2x_val,38,-4.5,0.0,-9,0,False,1,236,478
v2x_0002,v2x_val,39,-4.5,0.0,-9,0,False,1,232,522
v2x_0002,v2x_val,40,-4.5,0.0,-9,0,False,1,219,498
v2x_0002,v2x_val,41,-4.5,0.0,-9,0,False,1,217,473
v2x_0002,v2x_val,42,-5.0,0.0,-10,0,False,1,214,508
v2x_0002,v2x_val,43,-5.0,0.0,-10,0,False,1,213,493
v2x_0002,v2x_val,44,-5.0,0.0,-10,0,False,1,218,475
v2x_0002,v2x_val,45,-5.5,0.0,-11,0,False,1,219,489
v2x_0002,v2x_val,46,-5.5,0.0,-11,0,False,1,223,491
v2x_0002,v2x_val,47,-5.5,0.0,-11,0,False,1,223,476
v2x_0002,v2x_val,48,-5.5,0.0,-11,0,False,1,220,453
v2x_0002,v2x_val,49,-6.0,0.0,-12,0,False,1,229,484
v2x_0002,v2x_val,50,-6.0,0.0,-12,0,False,1,219,484
v2x_0002,v2x_val,51,-6.0,0.5,-12,1,False,1,223,480
v2x_0002,v2x_val,52,-6.0,0.5,-12,1,False,1,222,464
v2x_0002,v2x_val,53,-6.5,0.5,-13,1,False,1,218,454
v2x_0002,v2x_val,54,-6.5,0.5,-13,1,False,1,221,462
v2x_0002,v2x_val,55,-6.5,0.5,-13,1,False,1,224,477
v2x_0002,v2x_val,56,-6.5,0.5,-13,1,False,1,218,482
v2x_0002,v2x_val,57,-6.5,0.5,-13,1,False,1,218,494
v2x_0002,v2x_val,58,-6.5,0.5,-13,1,False,1,215,493
v2x_0002,v2x_val,59,-6.5,0.5,-13,1,False,1,218,492
v2x_0002,v2x_val,60,-6.5,0.5,-13,1,False,1,216,488
v2x_0002,v2x_val,61,-6.5,0.5,-13,1,False,1,212,495
v2x_0002,v2x_val,62,-6.5,0.5,-13,1,False,1,214,507
v2x_0002,v2x_val,63,-6.5,0.5,-13,1,False,1,221,505
v2x_0002,v2x_val,64,-6.5,0.5,-13,1,False,1,216,505
v2x_0002,v2x_val,65,-6.5,0.5,-13,1,False,1,219,505
v2x_0002,v2x_val,66,-6.5,0.5,-13,1,False,1,219,510
v2x_0002,v2x_val,67,-6.5,0.5,-13,1,False,1,215,498
v2x_0002,v2x_val,68,-6.5,0.5,-13,1,False,1,215,501
v2x_0002,v2x_val,69,-6.5,0.5,-13,1,False,1,216,497
v2x_0002,v2x_val,70,-6.5,0.5,-13,1,False,1,213,494
v2x_0002,v2x_val,71,-6.5,0.5,-13,1,False,1,214,500
v2x_0002,v2x_val,72,-6.5,0.5,-13,1,False,1,218,503
v2x_0002,v2x_val,73,-6.5,0.5,-13,1,False,1,214,497
v2x_0002,v2x_val,74,-6.5,0.5,-13,1,False,1,217,494
v2x_0002,v2x_val,75,-6.5,0.5,-13,1,False,1,221,498
v2x_0002,v2x_val,76,-6.5,0.5,-13,1,False,1,219,505
v2x_0002,v2x_val,77,-6.5,0.5,-13,1,False,1,217,499
v2x_0002,v2x_val,78,-6.5,0.5,-13,1,False,1,216,500
v2x_0002,v2x_val,79,-6.5,0.5,-13,1,False,1,222,497
v2x_0002,v2x_val,80,-6.5,0.5,-13,1,False,1,219,498
v2x_0002,v2x_val,81,-6.5,0.5,-13,1,False,1,220,501
v2x_0002,v2x_val,82,-6.5,0.5,-13,1,False,1,222,506
v2x_0002,v2x_val,83,-6.5,0.5,-13,1,False,1,221,504
v2x_0002,v2x_val,84,-6.5,0.5,-13,1,False,1,218,501
v2x_0002,v2x_val,85,-6.5,0.5,-13,1,False,1,223,507
v2x_0002,v2x_val,86,-6.5,0.5,-13,1,False,1,219,501
v2x_0002,v2x_val,87,-6.5,0.5,-13,1,False,1,219,504
v2x_0002,v2x_val,88,-6.5,0.5,-13,1,False,1,218,502
v2x_0002,v2x_val,89,-6.5,0.5,-13,1,False,1,218,504
v2x_0002,v2x_val,90,-6.5,0.5,-13,1,False,1,210,503
v2x_0002,v2x_val,91,-6.5,0.5,-13,1,False,1,211,502
v2x_0002,v2x_val,92,-6.5,0.5,-13,1,False,1,208,505
v2x_0002,v2x_val,93,-6.5,0.5,-13,1,False,1,211,500
v2x_0002,v2x_val,94,-6.5,0.5,-13,1,False,1,206,502
v2x_0002,v2x_val,95,-6.5,0.5,-13,1,False,1,211,504
v2x_0002,v2x_val,96,-6.5,0.5,-13,1,False,1,205,507
v2x_0002,v2x_val,97,-6.5,0.5,-13,1,False,1,210,505
v2x_0002,v2x_val,98,-6.5,0.5,-13,1,False,1,208,503
v2x_0002,v2x_val,99,-6.5,0.5,-13,1,False,1,210,499
v2x_0002,v2x_val,100,-6.5,0.5,-13,1,False,1,206,504
v2x_0002,v2x_val,101,-6.5,0.5,-13,1,False,1,211,499
v2x_0002,v2x_val,102,-6.5,0.5,-13,1,False,1,210,500
v2x_0002,v2x_val,103,-6.5,0.5,-13,1,False,1,215,496
v2x_0002,v2x_val,104,-6.5,0.5,-13,1,False,1,209,501
v2x_0002,v2x_val,105,-6.5,0.5,-13,1,False,1,215,498
v2x_0002,v2x_val,106,-6.5,0.5,-13,1,False,1,211,502
v2x_0002,v2x_val,107,-6.5,0.5,-13,1,False,1,214,505
v2x_0002,v2x_val,108,-6.5,0.5,-13,1,False,1,211,497
v2x_0002,v2x_val,109,-6.5,0.5,-13,1,False,1,211,505
v2x_0002,v2x_val,110,-6.5,0.5,-13,1,False,1,211,502
v2x_0002,v2x_val,111,-6.5,0.5,-13,1,False,1,211,505
v2x_0002,v2x_val,112,-6.5,0.5,-13,1,False,1,214,499
v2x_0002,v2x_val,113,-6.5,0.5,-13,1,False,1,215,499
v2x_0002,v2x_val,114,-6.5,0.5,-13,1,False,1,211,495
v2x_0002,v2x_val,115,-6.5,0.5,-13,1,False,1,216,495
v2x_0002,v2x_val,116,-6.5,0.5,-13,1,False,1,219,498
v2x_0002,v2x_val,117,-6.5,0.5,-13,1,False,1,222,500
v2x_0002,v2x_val,118,-6.5,0.5,-13,1,False,1,221,500
v2x_0002,v2x_val,119,-6.5,0.5,-13,1,False,1,222,500
v2x_0002,v2x_val,120,-6.5,0.5,-13,1,False,1,220,502
v2x_0002,v2x_val,121,-6.5,0.5,-13,1,False,1,220,489
v2x_0002,v2x_val,122,-6.5,0.5,-13,1,False,1,215,493
v2x_0002,v2x_val,123,-6.5,0.5,-13,1,False,1,221,500
v2x_0002,v2x_val,124,-6.5,0.5,-13,1,False,1,216,499
v2x_0002,v2x_val,125,-6.5,0.5,-13,1,False,1,219,493
v2x_0002,v2x_val,126,-6.5,0.5,-13,1,False,1,214,498
v2x_0002,v2x_val,127,-6.5,0.5,-13,1,False,1,218,502
v2x_0002,v2x_val,128,-6.5,0.5,-13,1,False,1,214,494
v2x_0002,v2x_val,129,-6.5,0.5,-13,1,False,1,212,497
v2x_0002,v2x_val,130,-6.5,0.5,-13,1,False,1,212,493
v2x_0002,v2x_val,131,-6.5,0.5,-13,1,False,1,214,491
v2x_0002,v2x_val,132,-6.5,0.5,-13,1,False,1,211,497
v2x_0002,v2x_val,133,-6.5,0.5,-13,1,False,1,210,498
v2x_0002,v2x_val,134,-6.5,0.5,-13,1,False,1,210,497
v2x_0002,v2x_val,135,-6.5,0.5,-13,1,False,1,212,498
v2x_0002,v2x_val,136,-6.5,0.5,-13,1,False,1,211,500
v2x_0002,v2x_val,137,-6.5,0.5,-13,1,False,1,212,498
v2x_0002,v2x_val,138,-6.5,0.5,-13,1,False,1,209,502
v2x_0002,v2x_val,139,-6.5,0.5,-13,1,False,1,212,495
v2x_0002,v2x_val,140,-6.5,0.5,-13,1,False,1,214,498
v2x_0003,v2x_val,1,0.0,0.0,0,0,False,1,344,344
v2x_0003,v2x_val,2,0.0,0.0,0,0,False,1,357,357
v2x_0003,v2x_val,3,0.0,0.0,0,0,False,1,318,318
v2x_0003,v2x_val,4,0.0,0.0,0,0,False,1,307,307
v2x_0003,v2x_val,5,0.0,0.0,0,0,False,1,299,299
v2x_0003,v2x_val,6,0.0,0.0,0,0,False,1,292,292
v2x_0003,v2x_val,7,0.0,0.0,0,0,False,1,244,244
v2x_0003,v2x_val,8,0.0,0.0,0,0,False,1,239,239
v2x_0003,v2x_val,9,0.0,0.0,0,0,False,1,226,226
v2x_0003,v2x_val,10,0.0,0.0,0,0,False,1,204,204
v2x_0003,v2x_val,11,0.0,0.0,0,0,False,1,225,225
v2x_0003,v2x_val,12,0.0,0.0,0,0,False,1,203,203
v2x_0003,v2x_val,13,0.0,0.0,0,0,False,1,199,199
v2x_0003,v2x_val,14,0.0,0.0,0,0,False,1,172,172
v2x_0003,v2x_val,15,0.0,0.0,0,0,False,1,166,166
v2x_0003,v2x_val,16,0.0,0.0,0,0,False,1,189,189
v2x_0003,v2x_val,17,0.0,0.0,0,0,False,1,203,203
v2x_0003,v2x_val,18,0.0,0.0,0,0,False,1,215,215
v2x_0003,v2x_val,19,0.0,0.0,0,0,False,1,201,201
v2x_0003,v2x_val,20,0.0,0.0,0,0,False,1,191,191
v2x_0003,v2x_val,21,0.0,0.0,0,0,False,1,193,193
v2x_0003,v2x_val,22,0.0,0.0,0,0,False,1,187,187
v2x_0003,v2x_val,23,0.0,0.0,0,0,False,1,161,161
v2x_0003,v2x_val,24,0.0,0.0,0,0,False,1,150,150
v2x_0003,v2x_val,25,0.0,0.0,0,0,False,1,143,143
v2x_0003,v2x_val,26,0.0,0.0,0,0,False,1,155,155
v2x_0003,v2x_val,27,0.0,0.0,0,0,False,1,166,166
v2x_0003,v2x_val,28,0.0,0.0,0,0,False,1,177,177
v2x_0003,v2x_val,29,0.0,0.0,0,0,False,1,171,171
v2x_0003,v2x_val,30,0.0,0.0,0,0,False,1,170,170
v2x_0003,v2x_val,31,0.0,0.0,0,0,False,1,193,193
v2x_0003,v2x_val,32,0.0,0.0,0,0,False,1,216,216
v2x_0003,v2x_val,33,0.0,0.0,0,0,False,1,237,237
v2x_0003,v2x_val,34,0.0,0.0,0,0,False,1,226,226
v2x_0003,v2x_val,35,0.0,0.0,0,0,False,1,201,201
v2x_0003,v2x_val,36,0.0,0.0,0,0,False,1,184,184
v2x_0003,v2x_val,37,0.0,0.0,0,0,False,1,176,176
v2x_0003,v2x_val,38,0.0,0.0,0,0,False,1,193,193
v2x_0003,v2x_val,39,0.0,0.0,0,0,False,1,186,186
v2x_0003,v2x_val,40,0.0,0.0,0,0,False,1,192,192
v2x_0003,v2x_val,41,0.0,0.0,0,0,False,1,208,208
v2x_0003,v2x_val,42,0.0,0.0,0,0,False,1,201,201
v2x_0003,v2x_val,43,0.0,0.0,0,0,False,1,196,196
v2x_0003,v2x_val,44,0.0,0.0,0,0,False,1,193,193
v2x_0003,v2x_val,45,0.0,0.0,0,0,False,1,249,249
v2x_0003,v2x_val,46,0.0,0.0,0,0,False,1,263,263
v2x_0003,v2x_val,47,0.0,0.0,0,0,False,1,222,222
v2x_0003,v2x_val,48,0.0,0.0,0,0,False,1,234,234
v2x_0003,v2x_val,49,0.0,0.0,0,0,False,1,244,244
v2x_0003,v2x_val,50,0.0,0.0,0,0,False,1,240,240
v2x_0003,v2x_val,51,0.0,0.0,0,0,False,1,212,212
v2x_0003,v2x_val,52,0.0,0.0,0,0,False,1,194,194
v2x_0003,v2x_val,53,0.0,0.0,0,0,False,1,182,182
v2x_0003,v2x_val,54,0.0,0.0,0,0,False,1,179,179
v2x_0003,v2x_val,55,0.0,0.0,0,0,False,1,173,173
v2x_0003,v2x_val,56,0.0,0.0,0,0,False,1,186,186
v2x_0003,v2x_val,57,0.0,0.0,0,0,False,1,190,190
v2x_0003,v2x_val,58,0.0,0.0,0,0,False,1,208,208
v2x_0003,v2x_val,59,0.0,0.0,0,0,False,1,231,231
v2x_0003,v2x_val,60,0.0,0.0,0,0,False,1,234,234
v2x_0003,v2x_val,61,0.0,0.0,0,0,False,1,243,243
v2x_0003,v2x_val,62,0.0,0.0,0,0,False,1,220,220
v2x_0003,v2x_val,63,0.0,0.0,0,0,False,1,204,204
v2x_0003,v2x_val,64,0.0,0.0,0,0,False,1,221,221
v2x_0003,v2x_val,65,0.0,0.0,0,0,False,1,238,238
v2x_0003,v2x_val,66,0.0,0.0,0,0,False,1,239,239
v2x_0003,v2x_val,67,0.0,0.0,0,0,False,1,238,238
v2x_0003,v2x_val,68,0.0,0.0,0,0,False,1,234,234
v2x_0003,v2x_val,69,0.0,0.0,0,0,False,1,220,220
v2x_0003,v2x_val,70,0.0,0.0,0,0,False,1,184,184
v2x_0003,v2x_val,71,0.0,0.0,0,0,False,1,194,194
v2x_0003,v2x_val,72,0.0,0.0,0,0,False,1,187,187
v2x_0003,v2x_val,73,0.0,0.0,0,0,False,1,189,189
v2x_0003,v2x_val,74,0.0,0.0,0,0,False,1,187,187
v2x_0003,v2x_val,75,0.0,0.0,0,0,False,1,170,170
v2x_0003,v2x_val,76,0.0,0.0,0,0,False,1,175,175
v2x_0003,v2x_val,77,0.0,0.0,0,0,False,1,155,155
v2x_0003,v2x_val,78,0.0,0.0,0,0,False,1,125,125
v2x_0003,v2x_val,79,0.0,0.0,0,0,False,1,127,127
v2x_0003,v2x_val,80,0.0,0.0,0,0,False,1,151,151
v2x_0003,v2x_val,81,0.0,0.0,0,0,False,1,138,138
v2x_0003,v2x_val,82,0.0,0.0,0,0,False,1,142,142
v2x_0003,v2x_val,83,0.0,0.0,0,0,False,1,143,143
v2x_0003,v2x_val,84,0.0,0.0,0,0,False,1,141,141
v2x_0003,v2x_val,85,0.0,0.0,0,0,False,1,115,115
v2x_0003,v2x_val,86,0.0,0.0,0,0,False,1,121,121
v2x_0003,v2x_val,87,0.0,0.0,0,0,False,1,120,120
v2x_0003,v2x_val,88,0.0,0.0,0,0,False,1,133,133
v2x_0003,v2x_val,89,0.0,0.0,0,0,False,1,126,126
v2x_0003,v2x_val,90,0.0,0.0,0,0,False,1,133,133
v2x_0003,v2x_val,91,0.0,0.0,0,0,False,1,136,136
v2x_0003,v2x_val,92,0.0,0.0,0,0,False,1,135,135
v2x_0003,v2x_val,93,0.0,0.0,0,0,False,1,139,139
v2x_0003,v2x_val,94,0.0,0.0,0,0,False,1,139,139
v2x_0003,v2x_val,95,0.0,0.0,0,0,False,1,134,134
v2x_0003,v2x_val,96,0.0,0.0,0,0,False,1,99,99
v2x_0003,v2x_val,97,0.0,0.0,0,0,False,1,84,84
v2x_0003,v2x_val,98,0.0,0.0,0,0,False,1,86,86
v2x_0003,v2x_val,99,0.0,0.0,0,0,False,1,99,99
v2x_0003,v2x_val,100,0.0,0.0,0,0,False,1,124,124
v2x_0003,v2x_val,101,0.0,0.0,0,0,False,1,150,150
v2x_0003,v2x_val,102,0.0,0.0,0,0,False,1,152,152
v2x_0003,v2x_val,103,0.0,0.0,0,0,False,1,158,158
v2x_0003,v2x_val,104,0.0,0.0,0,0,False,1,137,137
v2x_0003,v2x_val,105,0.0,0.0,0,0,False,1,123,123
v2x_0003,v2x_val,106,0.0,0.0,0,0,False,1,85,85
v2x_0003,v2x_val,107,0.0,0.0,0,0,False,1,88,88
v2x_0003,v2x_val,108,0.0,0.0,0,0,False,1,104,104
v2x_0003,v2x_val,109,0.0,0.0,0,0,False,1,117,117
v2x_0003,v2x_val,110,0.0,0.0,0,0,False,1,155,155
v2x_0003,v2x_val,111,0.0,0.0,0,0,False,1,173,173
v2x_0003,v2x_val,112,0.0,0.0,0,0,False,1,175,175
v2x_0003,v2x_val,113,0.0,0.0,0,0,False,1,160,160
v2x_0003,v2x_val,114,0.0,0.0,0,0,False,1,119,119
v2x_0003,v2x_val,115,0.0,0.0,0,0,False,1,100,100
v2x_0003,v2x_val,116,0.0,0.0,0,0,False,1,84,84
v2x_0003,v2x_val,117,0.0,0.0,0,0,False,1,92,92
v2x_0003,v2x_val,118,0.0,0.0,0,0,False,1,123,123
v2x_0003,v2x_val,119,0.0,0.0,0,0,False,1,140,140
v2x_0003,v2x_val,120,0.0,0.0,0,0,False,1,128,128
v2x_0003,v2x_val,121,0.0,0.0,0,0,False,1,135,135
v2x_0003,v2x_val,122,0.0,0.0,0,0,False,1,118,118
v2x_0003,v2x_val,123,0.0,0.0,0,0,False,1,109,109
v2x_0003,v2x_val,124,0.0,0.0,0,0,False,1,86,86
v2x_0003,v2x_val,125,0.0,0.0,0,0,False,1,63,63
v2x_0003,v2x_val,126,0.0,0.0,0,0,False,1,36,36
v2x_0003,v2x_val,127,0.0,0.0,0,0,False,1,33,33
v2x_0003,v2x_val,128,0.0,0.0,0,0,False,1,58,58
v2x_0004,v2x_val,1,0.0,0.0,0,0,False,1681,0,0
v2x_0004,v2x_val,2,0.0,0.0,0,0,False,1681,0,0
v2x_0004,v2x_val,3,0.0,0.0,0,0,False,1681,0,0
v2x_0004,v2x_val,4,0.0,0.0,0,0,False,1681,0,0
v2x_0004,v2x_val,5,0.0,0.0,0,0,False,1681,0,0
v2x_0004,v2x_val,6,0.0,0.0,0,0,False,1681,0,0
v2x_0004,v2x_val,7,0.0,0.0,0,0,False,1681,0,0
v2x_0004,v2x_val,8,0.0,0.0,0,0,False,1681,0,0
v2x_0004,v2x_val,9,0.0,0.0,0,0,False,1681,0,0
v2x_0004,v2x_val,10,0.0,0.0,0,0,False,1681,0,0
v2x_0004,v2x_val,11,0.0,0.0,0,0,False,1681,0,0
v2x_0004,v2x_val,12,0.0,0.0,0,0,False,1681,0,0
v2x_0004,v2x_val,13,0.0,0.0,0,0,False,1681,0,0
v2x_0004,v2x_val,14,0.0,0.0,0,0,False,1681,0,0
v2x_0004,v2x_val,15,0.0,0.0,0,0,False,1681,0,0
v2x_0004,v2x_val,16,0.0,0.0,0,0,False,1681,0,0
v2x_0004,v2x_val,17,0.0,0.0,0,0,False,1681,0,0
v2x_0004,v2x_val,18,0.0,0.0,0,0,False,1681,0,0
v2x_0004,v2x_val,19,0.0,0.0,0,0,False,1681,0,0
v2x_0004,v2x_val,20,0.0,0.0,0,0,False,1681,0,0
v2x_0004,v2x_val,21,0.0,0.0,0,0,False,1681,0,0
v2x_0004,v2x_val,22,0.0,0.0,0,0,False,1681,0,0
v2x_0004,v2x_val,23,0.0,0.0,0,0,False,1681,0,0
v2x_0004,v2x_val,24,0.0,0.0,0,0,False,1681,0,0
v2x_0004,v2x_val,25,0.0,0.0,0,0,False,1681,0,0
v2x_0004,v2x_val,26,0.0,0.0,0,0,False,1681,0,0
v2x_0004,v2x_val,27,0.0,0.0,0,0,False,1681,0,0
v2x_0004,v2x_val,28,0.0,0.0,0,0,False,1681,0,0
v2x_0004,v2x_val,29,0.0,0.0,0,0,False,1681,0,0
v2x_0004,v2x_val,30,0.0,0.0,0,0,False,1681,0,0
v2x_0004,v2x_val,31,0.0,0.0,0,0,False,1681,0,0
v2x_0004,v2x_val,32,0.0,0.0,0,0,False,1681,0,0
v2x_0004,v2x_val,33,0.0,0.0,0,0,False,1681,0,0
v2x_0004,v2x_val,34,0.0,0.0,0,0,False,1681,0,0
v2x_0004,v2x_val,35,0.0,0.0,0,0,False,1681,0,0
v2x_0004,v2x_val,36,0.0,0.0,0,0,False,1681,0,0
v2x_0004,v2x_val,37,0.0,0.0,0,0,False,1681,0,0
v2x_0004,v2x_val,38,0.0,0.0,0,0,False,1681,0,0
v2x_0004,v2x_val,39,0.0,0.0,0,0,False,1681,0,0
v2x_0004,v2x_val,40,0.0,0.0,0,0,False,1681,0,0
v2x_0004,v2x_val,41,0.0,0.0,0,0,False,1681,0,0
v2x_0004,v2x_val,42,0.0,0.0,0,0,False,1681,0,0
v2x_0004,v2x_val,43,0.0,0.0,0,0,False,1681,0,0
v2x_0004,v2x_val,44,0.0,0.0,0,0,False,1681,0,0
v2x_0004,v2x_val,45,0.0,0.0,0,0,False,1681,0,0
v2x_0004,v2x_val,46,0.0,0.0,0,0,False,1681,0,0
v2x_0004,v2x_val,47,0.0,0.0,0,0,False,1681,0,0
v2x_0004,v2x_val,48,0.0,0.0,0,0,False,1681,0,0
v2x_0004,v2x_val,49,0.0,0.0,0,0,False,1681,0,0
v2x_0004,v2x_val,50,0.0,0.0,0,0,False,1681,0,0
v2x_0004,v2x_val,51,0.0,0.0,0,0,False,1681,0,0
v2x_0004,v2x_val,52,0.0,0.0,0,0,False,1681,0,0
v2x_0004,v2x_val,53,0.0,0.0,0,0,False,1681,0,0
v2x_0004,v2x_val,54,0.0,0.0,0,0,False,1681,0,0
v2x_0004,v2x_val,55,0.0,0.0,0,0,False,1681,0,0
v2x_0004,v2x_val,56,0.0,0.0,0,0,False,1681,0,0
v2x_0004,v2x_val,57,0.0,0.0,0,0,False,1681,0,0
v2x_0004,v2x_val,58,0.0,0.0,0,0,False,1681,0,0
v2x_0004,v2x_val,59,0.0,0.0,0,0,False,1681,0,0
v2x_0004,v2x_val,60,0.0,0.0,0,0,False,1681,0,0
v2x_0004,v2x_val,61,0.0,0.0,0,0,False,1681,0,0
v2x_0004,v2x_val,62,0.0,0.0,0,0,False,1681,0,0
v2x_0004,v2x_val,63,0.0,0.0,0,0,False,1681,0,0
v2x_0004,v2x_val,64,0.0,0.0,0,0,False,1681,0,0
v2x_0004,v2x_val,65,0.0,0.0,0,0,False,1681,0,0
v2x_0004,v2x_val,66,0.0,0.0,0,0,False,1681,0,0
v2x_0004,v2x_val,67,0.0,0.0,0,0,False,1681,0,0
v2x_0004,v2x_val,68,0.0,0.0,0,0,False,1681,0,0
v2x_0004,v2x_val,69,0.0,0.0,0,0,False,1681,0,0
v2x_0004,v2x_val,70,0.0,0.0,0,0,False,1681,0,0
v2x_0004,v2x_val,71,0.0,0.0,0,0,False,1681,0,0
v2x_0004,v2x_val,72,0.0,0.0,0,0,False,1681,0,0
v2x_0004,v2x_val,73,0.0,0.0,0,0,False,1681,0,0
v2x_0004,v2x_val,74,0.0,0.0,0,0,False,1681,0,0
v2x_0004,v2x_val,75,0.0,0.0,0,0,False,1681,0,0
v2x_0004,v2x_val,76,0.0,0.0,0,0,False,1681,0,0
v2x_0004,v2x_val,77,0.0,0.0,0,0,False,1681,0,0
v2x_0004,v2x_val,78,0.0,0.0,0,0,False,1681,0,0
v2x_0004,v2x_val,79,0.0,0.0,0,0,False,1681,0,0
v2x_0004,v2x_val,80,0.0,0.0,0,0,False,1681,0,0
v2x_0004,v2x_val,81,0.0,0.0,0,0,False,1681,0,0
v2x_0004,v2x_val,82,0.0,0.0,0,0,False,1681,0,0
v2x_0004,v2x_val,83,0.0,0.0,0,0,False,1681,0,0
v2x_0004,v2x_val,84,0.0,0.0,0,0,False,1681,0,0
v2x_0004,v2x_val,85,0.0,0.0,0,0,False,1681,0,0
v2x_0004,v2x_val,86,0.0,0.0,0,0,False,1681,0,0
v2x_0004,v2x_val,87,0.0,0.0,0,0,False,1681,0,0
v2x_0004,v2x_val,88,0.0,0.0,0,0,False,1681,0,0
v2x_0004,v2x_val,89,0.0,0.0,0,0,False,1681,0,0
v2x_0004,v2x_val,90,0.0,0.0,0,0,False,1681,0,0
v2x_0004,v2x_val,91,0.0,0.0,0,0,False,1681,0,0
v2x_0004,v2x_val,92,0.0,0.0,0,0,False,1681,0,0
v2x_0004,v2x_val,93,0.0,0.0,0,0,False,1681,0,0
v2x_0004,v2x_val,94,0.0,0.0,0,0,False,1681,0,0
v2x_0004,v2x_val,95,0.0,0.0,0,0,False,1681,0,0
v2x_0004,v2x_val,96,0.0,0.0,0,0,False,1681,0,0
v2x_0004,v2x_val,97,0.0,0.0,0,0,False,1681,0,0
v2x_0004,v2x_val,98,0.0,0.0,0,0,False,1681,0,0
v2x_0004,v2x_val,99,0.0,0.0,0,0,False,1681,0,0
v2x_0004,v2x_val,100,0.0,0.0,0,0,False,1681,0,0
v2x_0004,v2x_val,101,0.0,0.0,0,0,False,1681,0,0
v2x_0004,v2x_val,102,0.0,0.0,0,0,False,1681,0,0
v2x_0004,v2x_val,103,0.0,0.0,0,0,False,1681,0,0
v2x_0004,v2x_val,104,0.0,0.0,0,0,False,1681,0,0
v2x_0004,v2x_val,105,0.0,0.0,0,0,False,1681,0,0
v2x_0004,v2x_val,106,0.0,0.0,0,0,False,1681,0,0
v2x_0004,v2x_val,107,0.0,0.0,0,0,False,1681,0,0
v2x_0004,v2x_val,108,0.0,0.0,0,0,False,1681,0,0
v2x_0004,v2x_val,109,0.0,0.0,0,0,False,1681,0,0
v2x_0004,v2x_val,110,0.0,0.0,0,0,False,1681,0,0
v2x_0004,v2x_val,111,0.0,0.0,0,0,False,1681,0,0
v2x_0004,v2x_val,112,0.0,0.0,0,0,False,1681,0,0
v2x_0004,v2x_val,113,0.0,0.0,0,0,False,1681,0,0
v2x_0004,v2x_val,114,0.0,0.0,0,0,False,1681,0,0
v2x_0004,v2x_val,115,0.0,0.0,0,0,False,1681,0,0
v2x_0004,v2x_val,116,0.0,0.0,0,0,False,1681,0,0
