condition,robot,frame,fused_record,near_target,actual_r,noage_r,actual_extracted,noage_extracted,reference_r,base_r,base_direction,actual_direction,extra_scalar,integral_change,negative_reversal,positive_reversal
reliable,1,1,False,False,,,False,False,,,,,,,False,False
reliable,1,2,False,False,,,False,False,,,,,,,False,False
reliable,1,3,True,False,0.01103786738763042,0.010723883201276882,False,False,0.003169719856155823,0.011037867387630419,1.2556131228423562,1.2556131228423562,0.0,0.0,False,False
reliable,1,4,True,False,0.0075715592092868425,0.012226323686394883,False,False,0.010927488713754192,0.012472278816203145,0.13379005020353674,-0.37026975980655286,-0.5291091625421297,0.025049352532040103,True,False
reliable,1,5,True,False,0.009674220161564074,0.010987571810385231,False,False,0.002742008978556744,0.009674220161564074,1.267749320891216,1.267749320891216,0.0,0.0,False,False
reliable,1,6,True,False,0.010343591361802549,0.009072435109343064,False,False,0.003101583580152413,0.010343591361802549,1.2117453770842976,1.2117453770842976,0.0,0.0,False,False
reliable,1,7,True,False,0.0029330616297750032,0.008072409995017004,False,False,0.010240155448184811,0.0074889876771550914,-0.3156589437753201,-1.2576255727274332,-0.9419666289521096,-3.552713678800501e-15,False,False
reliable,1,8,True,False,0.004702775726549109,0.008235233869171877,False,False,0.0017044569399834947,0.004702775726549114,1.01791432217101,1.01791432217101,0.0,0.0,False,False
reliable,1,9,True,False,0.00570564602281919,0.007822315487083795,False,False,0.0021591688288021124,0.005705646022819188,0.9752933509549893,0.9752933509549893,0.0,0.0,False,False
reliable,1,10,True,True,0.007429875547247513,0.008419114156488664,False,False,0.002378936930844037,0.007429875547247514,1.1439312318295185,1.1439312318295185,0.0,0.0,False,False
reliable,1,11,True,True,0.007313970959514737,0.007807922659846929,False,False,0.0027161113619655103,0.007313970959514739,0.9952061806308308,0.9952061806308308,0.0,0.0,False,False
reliable,1,12,True,True,0.0081980353328458,0.00808517392631185,False,False,0.0026947446799354706,0.008198035332845802,1.1181245125411898,1.1181245125411898,0.0,0.0,False,False
reliable,1,13,True,True,0.007890377777603515,0.007764104046376623,False,False,0.002853764752792652,0.007890377777603515,1.0220687528318226,1.0220687528318226,0.0,0.0,False,False
reliable,1,14,True,True,0.020472751625394362,0.019626318072761294,False,False,0.007811473999827476,0.02047275161687992,0.9763442140879541,0.9763442145125381,4.1844481606159894e-10,6.139089236967266e-12,False,False
reliable,1,15,True,True,0.04366502182099214,0.041946492670685454,False,False,0.020268024109140133,0.04366502176693098,0.7916736801844326,0.7916736814790509,1.258085795851094e-09,3.653255475910555e-11,False,False
reliable,1,16,True,True,0.08928556789934146,0.08627855525241555,False,False,0.043228371602782215,0.08928556783227537,0.7746781790316257,0.774678179856408,7.969130348292334e-10,2.786926245335053e-11,False,False
reliable,1,17,True,True,0.17509097792041328,0.17025682144493673,False,False,0.0883927122203486,0.17509097785526237,0.7834523747626645,0.7834523752137417,4.359604046694331e-10,1.511679670329613e-11,False,False
reliable,1,18,True,True,0.3244741417232502,0.31701611643165317,False,False,0.17334006814120909,0.3244741417073234,0.828852436202562,0.8288524362752238,7.029649998633009e-11,2.3652191316614335e-12,False,False
reliable,1,19,True,True,0.5315362874280165,0.5220908564019009,True,False,0.32122940030601616,0.5315362874010725,0.8744405344237476,0.8744405345319537,1.0517301350829746e-10,3.0331293032759277e-12,False,False
reliable,1,20,True,True,0.7784091729364798,0.7641256191933384,True,True,0.5262209245537347,0.7739038661280839,1.125507376235564,1.151439749522662,0.02528661151418795,0.0006457617729100917,False,False
reliable,1,21,True,True,0.9190862115974582,0.9109122026816677,True,True,0.7706250812071151,0.9190862115964792,1.218151566493529,1.2181515665066929,1.2892178067488114e-11,2.717825964282383e-13,False,False
reliable,1,22,True,True,0.9797937037892,0.9771607411048086,True,True,0.9098953494814834,0.9797937037891885,1.5689899797542877,1.5689899797548665,5.709784584138981e-13,7.993605777301127e-15,False,False
reliable,1,23,True,True,0.9936098682738692,0.9929489852647643,True,True,0.969995766751308,0.9936098682738557,1.5706365330535137,1.5706365330556349,2.1194888280857246e-12,1.7763568394002505e-15,False,False
reliable,1,24,True,True,0.9968985719366519,0.9967468677919806,True,True,0.9836737695911305,0.9968985719366447,1.6742650953252323,1.6742650953275753,2.3235657717519036e-12,1.9539925233402755e-14,False,False
reliable,1,25,True,True,0.9973238301860681,0.997276692382006,True,True,0.9869295862172852,0.9973238301860583,1.5964414138800471,1.5964414138836729,3.5723719365669204e-12,5.3290705182007514e-14,False,False
reliable,1,26,True,True,0.9977261123327027,0.9977014967518651,True,True,0.9873505918842075,0.9977261123326945,1.7265730455634243,1.7265730455670347,3.6016217534679082e-12,8.881784197001252e-15,False,False
reliable,1,27,True,True,0.997805720905605,0.9977879039384208,True,True,0.9877488512093754,0.9978057209055997,1.7298962723123452,1.7298962723147309,2.3580262214149435e-12,2.7533531010703882e-14,False,False
reliable,1,28,True,True,0.9972417236172133,0.9972240270596996,True,True,0.987827663696549,0.9972417236172005,1.494044813727566,1.4940448137322024,4.563681230165684e-12,7.283063041541027e-14,False,False
reliable,1,29,True,True,0.9974934563366791,0.997477934466898,True,True,0.9872693063810412,0.9974934563366676,1.635413853418167,1.635413853422733,4.548994518354889e-12,1.687538997430238e-14,False,False
reliable,1,30,True,True,0.997590960241634,0.9975780464858102,True,True,0.9875185217733122,0.9975909602416212,1.655165655974118,1.6551656559793793,5.195717744657823e-12,6.572520305780927e-14,False,False
reliable,1,31,True,True,0.9975354741907847,0.9975249856760053,True,True,0.9876150506392176,0.9975354741907726,1.6244772689364266,1.624477268941322,4.827833989000898e-12,6.750155989720952e-14,False,False
reliable,1,32,True,True,0.9972525379412945,0.997243797608878,True,True,0.987560119448877,0.9972525379412762,1.519996547792017,1.5199965477987065,6.607735661394148e-12,8.171241461241152e-14,False,False
reliable,1,33,True,True,0.9974494598474307,0.997441842489129,True,True,0.9872800125618815,0.9974494598474091,1.6171171898502168,1.617117189858668,8.344715164279446e-12,1.0658141036401503e-13,False,False
reliable,1,34,True,True,0.9977434288994498,0.997736808186336,True,True,0.9874749652489564,0.997743428899446,1.7242279856743732,1.7242279856761253,1.7406568619589802e-12,1.1546319456101628e-14,False,False
reliable,1,35,True,True,0.9971853426199342,0.9971797921342311,True,True,0.9877659946104553,0.9971853426199067,1.4788696902676248,1.4788696902774456,9.701757556899227e-12,1.1901590823981678e-13,False,False
reliable,1,36,True,True,0.9973918785905362,0.9973860584125079,True,True,0.9872134891937348,0.9973918785905166,1.6000180096316425,1.6000180096392453,7.538899451228633e-12,6.394884621840902e-14,False,False
reliable,1,37,True,True,0.9978393981446194,0.9978327432232141,True,True,0.9874179598046309,0.9978393981446068,1.772382521188864,1.7723825211947184,5.779778969430491e-12,7.460698725481052e-14,False,False
reliable,1,38,True,True,0.9975103993123313,0.9975045495988473,True,True,0.9878610041631731,0.9975103993123174,1.594021306012933,1.594021306018599,5.597680601636809e-12,6.838973831690964e-14,False,False
reliable,1,39,True,True,0.9974737889450377,0.9974701323531814,True,True,0.987535295319208,0.9974737889450247,1.6061940847845193,1.606194084789664,5.116287573069755e-12,2.842170943040401e-14,False,False
reliable,1,40,True,True,0.9976942914130486,0.9976882675125034,True,True,0.9874990510555874,0.9976942914130338,1.7006878871100515,1.7006878871164528,6.317792903488952e-12,8.348877145181177e-14,False,False
reliable,1,41,True,True,0.9972718322276465,0.9972663913849519,True,True,0.9877173484989181,0.997271832227633,1.5141843921455136,1.5141843921504816,4.9219509592725196e-12,4.618527782440651e-14,False,False
reliable,1,42,True,True,0.9972996221416118,0.9972961528718993,True,True,0.9872991139053701,0.9972996221415973,1.5583582528884374,1.5583582528938522,5.352650052490286e-12,6.217248937900877e-14,False,False
reliable,1,43,True,True,0.997541712660661,0.9975363301481188,True,True,0.9873266259201958,0.9975417126606434,1.6503314119735082,1.650331411980695,7.115859393016779e-12,7.105427357601002e-14,False,False
reliable,1,44,True,True,0.9977357808490572,0.9977297780204325,True,True,0.9875662955340544,0.997735780849044,1.7134257969336053,1.7134257969394373,5.812541477854841e-12,1.9539925233402755e-14,False,False
reliable,1,45,True,True,0.9827572357561368,0.9931860676638484,True,True,0.9877584230405667,0.9932062560061387,0.5943361132165226,-0.34763051573227277,-0.9419666289488167,2.1316282072803006e-14,True,False
reliable,1,46,True,True,0.9577436130725089,0.9895610212297214,True,True,0.9729296633985751,0.9830899288831748,0.48091797841217865,-0.4610486505346564,-0.9419666289469203,8.526512829121202e-14,True,False
reliable,1,47,True,True,0.9169979419645273,0.9867613828170859,True,True,0.9481661769417841,0.9659146055770447,0.4377195657368351,-0.5042470632076557,-0.9419666289446249,1.341149413747189e-13,True,False
reliable,1,48,True,True,0.8495927401752679,0.984172077025518,True,True,0.9078279625448832,0.9354372865991238,0.3859789650262151,-0.5559876639236816,-0.9419666289499402,4.3520742565306136e-14,True,False
reliable,1,49,True,True,0.7893177199098065,0.9857437803365199,True,True,0.8410968127735153,0.9057475956158239,0.5963727002833441,-0.3455939286641052,-0.9419666289475124,6.306066779870889e-14,True,False
reliable,1,50,True,True,0.6587348997038929,0.9825745843616744,True,True,0.7814245427107096,0.8319664159973994,0.3256409168532435,-0.6163257120930983,-0.9419666289464386,9.681144774731365e-14,True,False
reliable,1,51,True,True,0.5384382352847037,0.9830227320754552,True,True,0.6521475507068539,0.7495142958480969,0.46753109405478044,-0.4744355348896613,-0.9419666289445456,1.0391687510491465e-13,True,False
reliable,1,52,True,True,0.3953932697434879,0.9821298710851247,True,True,0.5330538529318531,0.6265090169073594,0.3848607819050853,-0.5571058470384106,-0.941966628943606,1.1013412404281553e-13,True,False
reliable,1,53,True,True,0.261401544575907,0.981249028424232,False,True,0.39143933704605294,0.47583632004652693,0.34453597449834605,-0.5974306544439396,-0.9419666289424118,1.2612133559741778e-13,True,False
reliable,1,54,True,True,0.16962237842944403,0.9830490419779248,False,True,0.25878752913014785,0.34381494769919535,0.40594067414331514,-0.5360259547990374,-0.9419666289425053,1.5276668818842154e-13,True,False
reliable,1,55,True,True,0.095391517392623,0.9840524143846792,False,True,0.1679261546451496,0.21289778573941875,0.29285091927207674,-0.6491157096781434,-0.941966628950276,5.595524044110789e-14,True,False
reliable,1,56,True,True,0.04385664506162759,0.9851686320558634,False,True,0.09443760221869676,0.1052679788192812,0.12060188461950672,-0.8213647443181897,-0.9419666289379132,2.1671553440683056e-13,True,False
reliable,1,57,True,True,0.01443409714159892,0.9842502930586331,False,True,0.04341807861101099,0.036205882215883826,-0.18916558323470056,-1.1311322121650977,-0.9419666289307373,3.4017233474514796e-13,False,False
reliable,1,58,True,True,0.003707577251425674,0.9852471553701918,False,True,0.014289756170183032,0.009455150255607492,-0.41787603914560467,-1.3598426680589304,-0.9419666289139323,6.066258606551855e-13,False,False
reliable,1,59,True,True,0.0035951315461021714,0.9828201794013695,False,True,0.0019166608379689383,0.0035951315461021714,0.6306791664117064,0.6306791664117064,0.0,0.0,False,False
reliable,1,60,True,True,0.0037030182638852784,0.9848986600297652,False,True,0.0018873222627672976,0.003703018263885278,0.6758099877289245,0.6758099877289245,0.0,0.0,False,False
reliable,1,61,True,True,0.003688233814061367,0.982405265514312,False,True,0.0019154800011296107,0.0036882338140613673,0.6569571929752698,0.6569571929752698,0.0,0.0,False,False
reliable,1,62,True,True,0.003690545202483688,0.9821715081958743,False,True,0.0019116456637742164,0.0036905452024836886,0.6595936202036308,0.6595936202036308,0.0,0.0,False,False
reliable,1,63,True,True,0.0037647896038037064,0.98345590398892,False,True,0.0019122456233670166,0.003764789603803707,0.6792715250463335,0.6792715250463335,0.0,0.0,False,False
reliable,1,64,True,True,0.003700272748973731,0.9813160028028493,False,True,0.001931418751147575,0.003700272748973731,0.6519255451383605,0.6519255451383605,0.0,0.0,False,False
reliable,1,65,True,True,0.0037045225724031505,0.979084332504446,False,True,0.001914768529010927,0.003704522572403151,0.66175244461503,0.66175244461503,0.0,0.0,False,False
reliable,1,66,True,True,0.003755152488186084,0.9794707551850668,False,True,0.0019158697162605211,0.0037551524881860843,0.6748017277333638,0.6748017277333638,0.0,0.0,False,False
reliable,1,67,True,False,0.003674416903046864,0.9757940338086583,False,True,0.0019289406955580873,0.003674416903046865,0.6461738450644274,0.6461738450644274,0.0,0.0,False,False
reliable,1,68,True,False,0.003644109968601278,0.9759021921344812,False,True,0.0019080553536010047,0.003644109968601278,0.6487684609095528,0.6487684609095528,0.0,0.0,False,False
reliable,1,69,True,False,0.0036068964708584486,0.9739059270989072,False,True,0.0019001565787413162,0.003606896470858449,0.6426228594233709,0.6426228594233709,0.0,0.0,False,False
reliable,1,70,True,False,0.003587441595196452,0.974010860025856,False,True,0.0018904130285147345,0.0035874415951964514,0.6423456518471768,0.6423456518471768,0.0,0.0,False,False
reliable,1,71,True,False,0.0035639099611903375,0.9742065214369628,False,True,0.0018852993193959474,0.0035639099611903375,0.638454844534893,0.638454844534893,0.0,0.0,False,False
reliable,1,72,True,False,0.0035709433365711672,0.9773562204844526,False,True,0.00187909559914319,0.0035709433365711672,0.643735675074308,0.643735675074308,0.0,0.0,False,False
reliable,1,73,True,False,0.0034377137825935384,0.969709304563845,False,True,0.0018809519560539967,0.003437713782593538,0.6045895572007591,0.6045895572007591,0.0,0.0,False,False
reliable,1,74,True,False,0.0034484337269397895,0.9686114032413771,False,True,0.0018454733459790035,0.00344843372693979,0.6267915500417711,0.6267915500417711,0.0,0.0,False,False
reliable,1,75,True,False,0.003378043426721683,0.9645418814385457,False,True,0.0018483530177537662,0.0033780434267216834,0.6045353907204154,0.6045353907204154,0.0,0.0,False,False
reliable,1,76,True,False,0.0033166500459102808,0.9633284111732624,False,True,0.0018293620794734417,0.003316650045910281,0.5964790604920802,0.5964790604920802,0.0,0.0,False,False
reliable,1,77,True,False,0.0032623192006826685,0.9596847176642058,False,True,0.0018126373219472759,0.0032623192006826685,0.5891088550169652,0.5891088550169652,0.0,0.0,False,False
reliable,1,78,True,True,0.0032123787987864538,0.9582720775316674,False,True,0.0017977077747009362,0.0032123787987864533,0.5819175506137313,0.5819175506137313,0.0,0.0,False,False
reliable,1,79,True,True,0.003173443428521347,0.9609504136617179,False,True,0.0017838753061707579,0.003173443428521347,0.5774221384963392,0.5774221384963392,0.0,0.0,False,False
reliable,1,80,True,True,0.0030669583996152092,0.9505082626429274,False,True,0.001773016699527746,0.003066958399615209,0.5493009561273912,0.5493009561273912,0.0,0.0,False,False
reliable,1,81,True,True,0.003127433286855075,0.9492796543746009,False,True,0.0017429763529327549,0.0031274332868550746,0.5860062692445238,0.5860062692445238,0.0,0.0,False,False
reliable,1,82,True,True,0.003088615272836834,0.946929884448999,False,True,0.001760099302130434,0.003088615272836834,0.5636843743693998,0.5636843743693998,0.0,0.0,False,False
reliable,1,83,True,True,0.0030736743227827443,0.9560454117596193,False,True,0.001749127442667085,0.0030736743227827443,0.5650843831682657,0.5650843831682657,0.0,0.0,False,False
reliable,1,84,True,True,0.003053405491890396,0.9566223289830914,False,True,0.0017448861452513116,0.0030534054918903964,0.5608798816156719,0.5608798816156719,0.0,0.0,False,False
reliable,1,85,True,True,0.00312414681264466,0.9705107114837003,False,True,0.0017391160001204598,0.0031241468126446594,0.5871726948677125,0.5871726948677125,0.0,0.0,False,False
reliable,1,86,True,True,0.0030424896326099894,0.9713539444745503,False,True,0.0017591730174424513,0.0030424896326099894,0.5491187214140671,0.5491187214140671,0.0,0.0,False,False
reliable,1,87,True,True,0.002911088324866938,0.9675995035408416,False,True,0.0017360005747437694,0.0029110883248669385,0.5181208833665245,0.5181208833665245,0.0,0.0,False,False
reliable,1,88,True,True,0.0028851166291911645,0.9638933391195955,False,True,0.0016980527584715354,0.002885116629191164,0.5312729573666948,0.5312729573666948,0.0,0.0,False,False
reliable,1,89,True,True,0.002019237524172032,0.9494036418575617,False,True,0.0016904521515575092,0.002019237524172032,0.17805333477803842,0.17805333477803842,0.0,0.0,False,False
reliable,1,90,True,True,0.0020298803840441363,0.9369700813421986,False,True,0.0014139972120285926,0.002029880384044136,0.3621732169542131,0.3621732169542131,0.0,0.0,False,False
reliable,1,91,True,True,0.002139880098044024,0.9484342881307118,False,True,0.0014177209121072503,0.0021398800980440237,0.4124226538356073,0.4124226538356073,0.0,0.0,False,False
reliable,1,92,True,True,0.002311443263233142,0.9669074209493881,False,True,0.00145565159739225,0.002311443263233142,0.46327589176163464,0.46327589176163464,0.0,0.0,False,False
reliable,1,93,True,True,0.002434177241569043,0.9726599402511013,False,True,0.0015129215003287621,0.002434177241569043,0.47648933850777464,0.47648933850777464,0.0,0.0,False,False
reliable,1,94,True,True,0.002063646447677788,0.9642407397920892,False,True,0.0015526017177636272,0.002063646447677788,0.28505445729654877,0.28505445729654877,0.0,0.0,False,False
reliable,1,95,True,True,0.0023676256556356733,0.9765811018966752,False,True,0.0014294709454818466,0.0023676256556356737,0.505523151588954,0.505523151588954,0.0,0.0,False,False
reliable,1,96,True,True,0.002515554557676758,0.9786871984763176,False,True,0.001531212425622433,0.0025155545576767586,0.49741976062639637,0.49741976062639637,0.0,0.0,False,False
reliable,1,97,True,True,0.002057130267869259,0.9724568607946596,False,True,0.0015783639937226373,0.002057130267869259,0.26540271228403345,0.26540271228403345,0.0,0.0,False,False
reliable,1,98,True,True,0.0024047108684540222,0.9718164084369567,False,True,0.0014272109262301927,0.0024047108684540222,0.5226869132560124,0.5226869132560124,0.0,0.0,False,False
reliable,1,99,True,True,0.0026129074546049867,0.9764727579579183,False,True,0.0015431677916051074,0.0026129074546049867,0.5276982247508712,0.5276982247508712,0.0,0.0,False,False
reliable,1,100,True,True,0.00272390702656691,0.9816870840589843,False,True,0.0016086446490639222,0.00272390702656691,0.5277929486167992,0.5277929486167992,0.0,0.0,False,False
reliable,1,101,True,True,0.0027870527761972214,0.9814354139759058,False,True,0.001642492693030309,0.0027870527761972214,0.5299167629793811,0.5299167629793811,0.0,0.0,False,False
reliable,1,102,True,True,0.0019728583673158063,0.9720366106196654,False,True,0.0016614423298655118,0.0019728583673158063,0.1721093234486739,0.1721093234486739,0.0,0.0,False,False
reliable,1,103,True,True,0.0025737752888606376,0.9863412730796328,False,True,0.0013976547999855016,0.002573775288860638,0.6117565765771928,0.6117565765771928,0.0,0.0,False,False
reliable,1,104,True,True,0.0025763476031642964,0.9773835119530361,False,True,0.0015965416352747188,0.0025763476031642964,0.4795147809597706,0.4795147809597706,0.0,0.0,False,False
reliable,1,105,True,True,0.00204815270329918,0.9791840312464687,False,True,0.001597340015477545,0.0020481527032991794,0.24905014702003747,0.24905014702003747,0.0,0.0,False,False
reliable,1,106,True,True,0.001967279859446211,0.9708777139992048,False,True,0.0014240913682238793,0.001967279859446211,0.32366194372107593,0.32366194372107593,0.0,0.0,False,False
reliable,1,107,True,True,0.002270956115984124,0.9756200660443833,False,True,0.001395676281552955,0.0022709561159841235,0.4876987393418455,0.4876987393418455,0.0,0.0,False,False
reliable,1,108,True,True,0.002342469212100476,0.9673541453334981,False,True,0.0014996027091668718,0.002342469212100476,0.446849868239382,0.446849868239382,0.0,0.0,False,False
reliable,1,109,True,True,0.0026127131431721074,0.9657423256748301,False,True,0.001523049441392343,0.002612713143172108,0.5407665850949499,0.5407665850949499,0.0,0.0,False,False
reliable,1,110,True,True,0.0027078050620483636,0.9666183376329253,False,True,0.0016085847750769995,0.0027078050620483636,0.5218851936313591,0.5218851936313591,0.0,0.0,False,False
reliable,1,111,True,True,0.002703417749168106,0.9696337074385083,False,True,0.0016376257192552912,0.002703417749168106,0.5023374553346605,0.5023374553346605,0.0,0.0,False,False
reliable,1,112,True,True,0.0025855452221113296,0.9619275583198504,False,True,0.0016362971168272895,0.00258554522211133,0.45845182612497126,0.45845182612497126,0.0,0.0,False,False
reliable,1,113,True,True,0.0026231467109090042,0.9642808746510971,False,True,0.0016001914789964702,0.002623146710909004,0.4952764553835678,0.4952764553835678,0.0,0.0,False,False
reliable,1,114,True,True,0.0026182479310493095,0.9677059938982713,False,True,0.001611796584353643,0.0026182479310493095,0.48616450232228736,0.48616450232228736,0.0,0.0,False,False
reliable,1,115,True,True,0.002596614995037794,0.9595474040552934,False,True,0.0016102893656005843,0.0025966149950377936,0.4787831835397016,0.4787831835397016,0.0,0.0,False,False
reliable,1,116,True,True,0.0025118305439059277,0.9398452019448866,False,True,0.00160361666443916,0.002511830543905928,0.44966038071833747,0.44966038071833747,0.0,0.0,False,False
reliable,1,117,True,True,0.0025722200127779645,0.9383064643382508,False,True,0.0015771941934127531,0.002572220012777964,0.49011899737843656,0.49011899737843656,0.0,0.0,False,False
reliable,1,118,True,True,0.0018071550028604987,0.9185077048629754,False,True,0.0015960587248975853,0.0018071550028604987,0.12442794974068594,0.12442794974068594,0.0,0.0,False,False
reliable,1,119,True,True,0.0018027844404428812,0.8980862017459763,False,True,0.001337642559497366,0.001802784440442881,0.2988894737862644,0.2988894737862644,0.0,0.0,False,False
reliable,1,120,True,True,0.00221236453640923,0.9224198810694909,False,True,0.0013360233222565261,0.00221236453640923,0.5052422366361196,0.5052422366361196,0.0,0.0,False,False
reliable,1,121,True,True,0.002308826929499453,0.9169672125256173,False,True,0.0014801169798109312,0.002308826929499453,0.445448730700325,0.445448730700325,0.0,0.0,False,False
reliable,1,122,True,False,0.0016597645857297893,0.6932274976562702,False,True,0.0015120643516245036,0.001659764585729789,0.09334787388271515,0.09334787388271515,0.0,0.0,False,False
reliable,1,123,True,False,0.0035907062666853994,0.9505559051543534,False,True,0.0016431669398725153,0.003590706266684958,0.7836761240920795,0.783676124092203,1.0532933939915676e-87,1.234568003383174e-13,False,False
reliable,1,124,True,False,0.004372353457258569,0.9954454077774666,False,True,0.0035547992040184453,0.0040701613997115565,0.1359014101871603,0.20782364138210005,0.035646075136066414,0.036276156058873354,False,False
reliable,1,125,True,False,0.0038946779337115075,0.9985254247351402,False,True,0.004328629922685982,0.003877778856256336,-0.1104412555008798,-0.10607583168811724,-0.007765016327586476,0.01213044014034903,False,False
reliable,1,126,True,False,0.003821757584775912,0.998710052600953,False,True,0.0038557311543743916,0.0038215893997475374,-0.008928516943612408,-0.00888433989845036,2.9054641445235157e-05,1.512240371681628e-05,False,False
reliable,1,127,False,False,,0.9069710137977326,False,True,,,,,,,False,False
reliable,1,128,False,False,,0.8721117267617412,False,True,,,,,,,False,False
reliable,1,129,False,False,,0.4800351954509108,False,True,,,,,,,False,False
reliable,1,130,False,False,,0.45555824925479727,False,True,,,,,,,False,False
reliable,1,131,False,False,,0.4188952044763807,False,True,,,,,,,False,False
reliable,1,132,False,False,,0.3934975115301825,False,True,,,,,,,False,False
reliable,1,133,False,False,,0.3465423948674887,False,True,,,,,,,False,False
reliable,1,134,False,False,,0.30913237431038454,False,False,,,,,,,False,False
reliable,1,135,False,False,,0.13802244361236937,False,False,,,,,,,False,False
reliable,1,136,False,False,,0.10785389331672747,False,False,,,,,,,False,False
reliable,1,137,False,False,,0.06319703454724339,False,False,,,,,,,False,False
reliable,1,138,False,False,,0.05274783957246868,False,False,,,,,,,False,False
reliable,1,139,False,False,,0.04740044520288249,False,False,,,,,,,False,False
reliable,1,140,False,False,,0.05569069407880331,False,False,,,,,,,False,False
reliable,1,141,False,False,,0.07660966752422992,False,False,,,,,,,False,False
reliable,1,142,False,False,,0.05507799389730102,False,False,,,,,,,False,False
reliable,1,143,False,False,,0.04448028574407824,False,False,,,,,,,False,False
reliable,1,144,False,False,,0.039359497691349096,False,False,,,,,,,False,False
reliable,1,145,False,False,,0.031090340132258223,False,False,,,,,,,False,False
reliable,1,146,False,False,,0.02270562351714461,False,False,,,,,,,False,False
reliable,1,147,False,False,,0.01963044167265528,False,False,,,,,,,False,False
reliable,1,148,False,False,,0.030772866419427714,False,False,,,,,,,False,False
reliable,1,149,False,False,,0.04750602731290256,False,False,,,,,,,False,False
reliable,1,150,False,False,,0.024651669519128377,False,False,,,,,,,False,False
reliable,1,151,False,False,,0.015333393156899857,False,False,,,,,,,False,False
reliable,1,152,False,False,,0.009329502744582954,False,False,,,,,,,False,False
reliable,1,153,False,False,,0.006521667007255785,False,False,,,,,,,False,False
reliable,1,154,False,False,,0.004651992676231528,False,False,,,,,,,False,False
reliable,1,155,False,False,,0.003330613191764317,False,False,,,,,,,False,False
reliable,1,156,False,False,,0.004034920066162884,False,False,,,,,,,False,False
reliable,1,157,False,False,,0.003552189991464286,False,False,,,,,,,False,False
reliable,1,158,False,False,,0.003913724515887655,False,False,,,,,,,False,False
reliable,1,159,False,False,,0.003701053349394626,False,False,,,,,,,False,False
reliable,1,160,False,False,,0.003580626672978916,False,False,,,,,,,False,False
reliable,1,161,False,False,,0.003732013462098456,False,False,,,,,,,False,False
reliable,1,162,False,False,,0.003740566591232681,False,False,,,,,,,False,False
reliable,1,163,False,False,,0.0034015712870067256,False,False,,,,,,,False,False
reliable,1,164,False,False,,0.0035563049768428437,False,False,,,,,,,False,False
reliable,1,165,False,False,,0.0037664296466107246,False,False,,,,,,,False,False
reliable,1,166,False,False,,0.0033405243870740535,False,False,,,,,,,False,False
reliable,1,167,False,False,,0.0033530913413422295,False,False,,,,,,,False,False
reliable,1,168,False,False,,0.0032488451951074027,False,False,,,,,,,False,False
reliable,1,169,False,False,,0.0032933490821268,False,False,,,,,,,False,False
reliable,1,170,False,False,,0.0031837269385544833,False,False,,,,,,,False,False
reliable,1,171,False,False,,0.0031639931616578862,False,False,,,,,,,False,False
reliable,1,172,False,False,,0.0032335516272808994,False,False,,,,,,,False,False
reliable,1,173,False,False,,0.0033056157176066473,False,False,,,,,,,False,False
reliable,1,174,False,False,,0.00306313809407419,False,False,,,,,,,False,False
reliable,1,175,False,False,,0.0030151932902631267,False,False,,,,,,,False,False
reliable,1,176,False,False,,0.0029627238781950345,False,False,,,,,,,False,False
reliable,1,177,False,False,,0.003009625709531185,False,False,,,,,,,False,False
reliable,1,178,False,False,,0.00303786114441318,False,False,,,,,,,False,False
reliable,1,179,False,False,,0.0028975616007352405,False,False,,,,,,,False,False
reliable,1,180,False,False,,0.0030378980560193526,False,False,,,,,,,False,False
reliable,1,181,False,False,,0.0030959997646048875,False,False,,,,,,,False,False
reliable,1,182,False,False,,0.003052943890625326,False,False,,,,,,,False,False
reliable,1,183,False,False,,0.003212882920585352,False,False,,,,,,,False,False
reliable,1,184,False,False,,0.003006811330577082,False,False,,,,,,,False,False
reliable,1,185,False,False,,0.0029906606580866095,False,False,,,,,,,False,False
reliable,1,186,False,False,,0.003056278811503194,False,False,,,,,,,False,False
reliable,1,187,False,False,,0.0034335534309300354,False,False,,,,,,,False,False
reliable,1,188,False,False,,0.008114659984257285,False,False,,,,,,,False,False
reliable,1,189,False,False,,0.0033335319920997585,False,False,,,,,,,False,False
reliable,1,190,False,False,,0.0019891681708637935,False,False,,,,,,,False,False
reliable,1,191,False,False,,0.002836427193754046,False,False,,,,,,,False,False
reliable,1,192,False,False,,0.0030017001377060904,False,False,,,,,,,False,False
reliable,1,193,False,False,,0.00249460800165971,False,False,,,,,,,False,False
reliable,1,194,False,False,,0.003308614385318171,False,False,,,,,,,False,False
reliable,1,195,False,False,,0.0028999172925513435,False,False,,,,,,,False,False
reliable,1,196,False,False,,0.002928283049891858,False,False,,,,,,,False,False
reliable,1,197,False,False,,0.0030509427690253504,False,False,,,,,,,False,False
reliable,1,198,False,False,,0.0030073901978340655,False,False,,,,,,,False,False
reliable,1,199,False,False,,0.003120162121481864,False,False,,,,,,,False,False
reliable,1,200,False,False,,0.0028998934516700583,False,False,,,,,,,False,False
reliable,1,201,False,False,,0.0032107679105652263,False,False,,,,,,,False,False
reliable,1,202,False,False,,0.002920264549239709,False,False,,,,,,,False,False
reliable,1,203,False,False,,0.003027217022750881,False,False,,,,,,,False,False
reliable,1,204,False,False,,0.0028782642760566313,False,False,,,,,,,False,False
reliable,1,205,False,False,,0.0029503109410827866,False,False,,,,,,,False,False
reliable,1,206,False,False,,0.002926926203681213,False,False,,,,,,,False,False
reliable,1,207,False,False,,0.00287604617487113,False,False,,,,,,,False,False
reliable,1,208,False,False,,0.0029452855653139226,False,False,,,,,,,False,False
reliable,1,209,False,False,,0.002908432800033418,False,False,,,,,,,False,False
reliable,1,210,False,False,,0.0028298928615109738,False,False,,,,,,,False,False
reliable,1,211,False,False,,0.002857747067675083,False,False,,,,,,,False,False
reliable,1,212,False,False,,0.0029110960587492764,False,False,,,,,,,False,False
reliable,1,213,False,False,,0.003010442364489072,False,False,,,,,,,False,False
reliable,1,214,False,False,,0.0028970787978458245,False,False,,,,,,,False,False
reliable,1,215,False,False,,0.002878987758947153,False,False,,,,,,,False,False
reliable,1,216,False,False,,0.002864814988470854,False,False,,,,,,,False,False
reliable,1,217,False,False,,0.002892824043108524,False,False,,,,,,,False,False
reliable,1,218,False,False,,0.002836970654578366,False,False,,,,,,,False,False
reliable,1,219,False,False,,0.0028386458173596334,False,False,,,,,,,False,False
reliable,1,220,False,False,,0.002900922576859692,False,False,,,,,,,False,False
reliable,1,221,False,False,,0.0028939055702327803,False,False,,,,,,,False,False
reliable,1,222,False,False,,0.0028649468361251675,False,False,,,,,,,False,False
reliable,1,223,False,False,,0.0028465204075905914,False,False,,,,,,,False,False
reliable,1,224,False,False,,0.0027645833633515,False,False,,,,,,,False,False
reliable,1,225,False,False,,0.0028238250977532255,False,False,,,,,,,False,False
reliable,1,226,False,False,,0.0028225500692128764,False,False,,,,,,,False,False
reliable,1,227,False,False,,0.002882093538538446,False,False,,,,,,,False,False
reliable,1,228,False,False,,0.0028192192840043773,False,False,,,,,,,False,False
reliable,1,229,False,False,,0.0028218512523763605,False,False,,,,,,,False,False
reliable,1,230,False,False,,0.00282848451813926,False,False,,,,,,,False,False
reliable,1,231,False,False,,0.0027462346333619065,False,False,,,,,,,False,False
reliable,1,232,False,False,,0.002785776981084243,False,False,,,,,,,False,False
reliable,1,233,False,False,,0.0028234827110094262,False,False,,,,,,,False,False
reliable,1,234,False,False,,0.002725307880832818,False,False,,,,,,,False,False
reliable,1,235,False,False,,0.002769437262631319,False,False,,,,,,,False,False
reliable,1,236,False,False,,0.0027957488692716696,False,False,,,,,,,False,False
reliable,1,237,False,False,,0.002679678410255067,False,False,,,,,,,False,False
reliable,1,238,False,False,,0.002773251116749125,False,False,,,,,,,False,False
reliable,1,239,False,False,,0.002743469556739715,False,False,,,,,,,False,False
reliable,1,240,False,False,,0.002764655251431155,False,False,,,,,,,False,False
reliable,2,1,False,False,,,False,False,,,,,,,False,False
reliable,2,2,False,False,,,False,False,,,,,,,False,False
reliable,2,3,True,False,0.01103786738763042,0.010723883201276882,False,False,0.003169719856155823,0.011037867387630419,1.2556131228423562,1.2556131228423562,0.0,0.0,False,False
reliable,2,4,True,False,0.0075715592092868425,0.01222632368639497,False,False,0.010927488713754192,0.012472278816203145,0.13379005020353674,-0.37026975980655286,-0.5291091625421297,0.025049352532040103,True,False
reliable,2,5,True,False,0.009674220161564074,0.010987571810385387,False,False,0.002742008978556744,0.009674220161564074,1.267749320891216,1.267749320891216,0.0,0.0,False,False
reliable,2,6,True,False,0.010343591361802549,0.009072435109342936,False,False,0.003101583580152413,0.010343591361802549,1.2117453770842976,1.2117453770842976,0.0,0.0,False,False
reliable,2,7,True,False,0.0029330616297750032,0.008072409995017004,False,False,0.010240155448184811,0.0074889876771550914,-0.3156589437753201,-1.2576255727274332,-0.9419666289521096,-3.552713678800501e-15,False,False
reliable,2,8,True,False,0.004702775726549109,0.008235233869171877,False,False,0.0017044569399834947,0.004702775726549114,1.01791432217101,1.01791432217101,0.0,0.0,False,False
reliable,2,9,True,False,0.00570564602281919,0.007822315487083795,False,False,0.0021591688288021124,0.005705646022819188,0.9752933509549893,0.9752933509549893,0.0,0.0,False,False
reliable,2,10,True,True,0.007429875547247513,0.008419114156488664,False,False,0.002378936930844037,0.007429875547247514,1.1439312318295185,1.1439312318295185,0.0,0.0,False,False
reliable,2,11,True,True,0.007313970959514737,0.007807922659846929,False,False,0.0027161113619655103,0.007313970959514739,0.9952061806308308,0.9952061806308308,0.0,0.0,False,False
reliable,2,12,True,True,0.0081980353328458,0.00808517392631185,False,False,0.0026947446799354706,0.008198035332845802,1.1181245125411898,1.1181245125411898,0.0,0.0,False,False
reliable,2,13,True,True,0.007890377777603515,0.007764104046376623,False,False,0.002853764752792652,0.007890377777603515,1.0220687528318226,1.0220687528318226,0.0,0.0,False,False
reliable,2,14,True,True,0.020472751625394362,0.019626318072761294,False,False,0.007811473999827476,0.02047275161687992,0.9763442140879541,0.9763442145125381,4.1844481606159894e-10,6.139089236967266e-12,False,False
reliable,2,15,True,True,0.04366502182099214,0.041946492670685454,False,False,0.020268024109140133,0.04366502176693098,0.7916736801844326,0.7916736814790509,1.258085795851094e-09,3.653255475910555e-11,False,False
reliable,2,16,True,True,0.08928556789934146,0.08627855525241668,False,False,0.043228371602782215,0.08928556783227537,0.7746781790316257,0.774678179856408,7.969130348292334e-10,2.786926245335053e-11,False,False
reliable,2,17,True,True,0.17509097792041328,0.1702568214449347,False,False,0.0883927122203486,0.17509097785526237,0.7834523747626645,0.7834523752137417,4.359604046694331e-10,1.511679670329613e-11,False,False
reliable,2,18,True,True,0.3244741417232502,0.31701611643165317,False,False,0.17334006814120909,0.3244741417073234,0.828852436202562,0.8288524362752238,7.029649998633009e-11,2.3652191316614335e-12,False,False
reliable,2,19,True,True,0.5315362874280165,0.5220908564019009,True,False,0.32122940030601616,0.5315362874010725,0.8744405344237476,0.8744405345319537,1.0517301350829746e-10,3.0331293032759277e-12,False,False
reliable,2,20,True,True,0.7784091729364798,0.7641256191933384,True,True,0.5262209245537347,0.7739038661280827,1.125507376235557,1.151439749522662,0.02528661151418795,0.0006457617729171972,False,False
reliable,2,21,True,True,0.9190862115974582,0.9109122026816672,True,True,0.7706250812071151,0.9190862115964792,1.218151566493529,1.2181515665066929,1.2892178067488114e-11,2.717825964282383e-13,False,False
reliable,2,22,True,True,0.9797937037892,0.9771607411048086,True,True,0.9098953494814834,0.9797937037891885,1.5689899797542877,1.5689899797548665,5.709784584138981e-13,7.993605777301127e-15,False,False
reliable,2,23,True,True,0.9936098682738692,0.9929489852647643,True,True,0.969995766751308,0.9936098682738557,1.5706365330535208,1.5706365330556349,2.1194888280857246e-12,-5.329070518200751e-15,False,False
reliable,2,24,True,True,0.9968985719366519,0.9967468677919806,True,True,0.9836737695911305,0.9968985719366447,1.6742650953252252,1.6742650953275753,2.3235657717519036e-12,2.6645352591003757e-14,False,False
reliable,2,25,True,True,0.9973238301860681,0.997276692382006,True,True,0.9869295862172852,0.9973238301860583,1.5964414138800471,1.5964414138836729,3.5723719365669204e-12,5.3290705182007514e-14,False,False
reliable,2,26,True,True,0.9977261123327027,0.9977014967518651,True,True,0.9873505918842075,0.9977261123326945,1.7265730455634243,1.7265730455670347,3.6016217534679082e-12,8.881784197001252e-15,False,False
reliable,2,27,True,True,0.997805720905605,0.9977879039384208,True,True,0.9877488512093754,0.9978057209055997,1.7298962723123452,1.7298962723147309,2.3580262214149435e-12,2.7533531010703882e-14,False,False
reliable,2,28,True,True,0.9972417236172133,0.9972240270596996,True,True,0.987827663696549,0.9972417236172005,1.494044813727566,1.4940448137322024,4.563681230165684e-12,7.283063041541027e-14,False,False
reliable,2,29,True,True,0.9974934563366791,0.997477934466898,True,True,0.9872693063810412,0.9974934563366676,1.635413853418167,1.635413853422733,4.548994518354889e-12,1.687538997430238e-14,False,False
reliable,2,30,True,True,0.997590960241634,0.9975780464858102,True,True,0.9875185217733122,0.9975909602416212,1.6551656559741108,1.6551656559793793,5.195717744657823e-12,7.283063041541027e-14,False,False
reliable,2,31,True,True,0.9975354741907847,0.9975249856760053,True,True,0.9876150506392176,0.9975354741907726,1.6244772689364266,1.624477268941322,4.827833989000898e-12,6.750155989720952e-14,False,False
reliable,2,32,True,True,0.9972525379412945,0.997243797608878,True,True,0.987560119448877,0.9972525379412762,1.519996547792017,1.5199965477987065,6.607735661394148e-12,8.171241461241152e-14,False,False
reliable,2,33,True,True,0.9974494598474307,0.997441842489129,True,True,0.9872800125618815,0.9974494598474091,1.6171171898502097,1.617117189858668,8.344715164279446e-12,1.1368683772161603e-13,False,False
reliable,2,34,True,True,0.9977434288994498,0.997736808186336,True,True,0.9874749652489564,0.997743428899446,1.7242279856743803,1.7242279856761253,1.7406568619589802e-12,4.440892098500626e-15,False,False
reliable,2,35,True,True,0.9971853426199342,0.9971797921342311,True,True,0.9877659946104553,0.9971853426199067,1.4788696902676248,1.4788696902774456,9.701757556899227e-12,1.1901590823981678e-13,False,False
reliable,2,36,True,True,0.9973918785905362,0.9973860584125079,True,True,0.9872134891937348,0.9973918785905166,1.6000180096316425,1.6000180096392453,7.538899451228633e-12,6.394884621840902e-14,False,False
reliable,2,37,True,True,0.9978393981446194,0.9978327432232141,True,True,0.9874179598046309,0.9978393981446068,1.772382521188864,1.7723825211947184,5.779778969430491e-12,7.460698725481052e-14,False,False
reliable,2,38,True,True,0.9975103993123313,0.9975045495988473,True,True,0.9878610041631731,0.9975103993123174,1.59402130601294,1.594021306018599,5.597680601636809e-12,6.128431095930864e-14,False,False
reliable,2,39,True,True,0.9974737889450377,0.9974701323531814,True,True,0.987535295319208,0.9974737889450247,1.6061940847845122,1.606194084789664,5.116287573069755e-12,3.552713678800501e-14,False,False
reliable,2,40,True,True,0.9976942914130486,0.9976882675125034,True,True,0.9874990510555874,0.9976942914130338,1.7006878871100515,1.7006878871164528,6.317792903488952e-12,8.348877145181177e-14,False,False
reliable,2,41,True,True,0.9972718322276465,0.9972663913849519,True,True,0.9877173484989181,0.997271832227633,1.5141843921455136,1.5141843921504816,4.9219509592725196e-12,4.618527782440651e-14,False,False
reliable,2,42,True,True,0.9972996221416118,0.9972961528718993,True,True,0.9872991139053701,0.9972996221415973,1.5583582528884303,1.5583582528938522,5.352650052490286e-12,6.927791673660977e-14,False,False
reliable,2,43,True,True,0.997541712660661,0.9975363301481188,True,True,0.9873266259201958,0.9975417126606434,1.6503314119735082,1.650331411980695,7.115859393016779e-12,7.105427357601002e-14,False,False
reliable,2,44,True,True,0.9977357808490572,0.9977297780204325,True,True,0.9875662955340544,0.997735780849044,1.7134257969336053,1.7134257969394373,5.812541477854841e-12,1.9539925233402755e-14,False,False
reliable,2,45,True,True,0.9827572357561368,0.9931860676638484,True,True,0.9877584230405667,0.9932062560061387,0.5943361132165226,-0.34763051573227277,-0.9419666289488167,2.1316282072803006e-14,True,False
reliable,2,46,True,True,0.9577436130725089,0.9895610212297214,True,True,0.9729296633985751,0.9830899288831748,0.48091797841218575,-0.4610486505346564,-0.9419666289469203,7.815970093361102e-14,True,False
reliable,2,47,True,True,0.9169979419645273,0.9867613828170859,True,True,0.9481661769417841,0.9659146055770447,0.4377195657368351,-0.5042470632076557,-0.9419666289446249,1.341149413747189e-13,True,False
reliable,2,48,True,True,0.8495927401752679,0.984172077025518,True,True,0.9078279625448832,0.9354372865991244,0.3859789650262222,-0.5559876639236816,-0.9419666289499402,3.6415315207705135e-14,True,False
reliable,2,49,True,True,0.7893177199098065,0.9857437803365197,True,True,0.8410968127735153,0.9057475956158239,0.5963727002833441,-0.3455939286641052,-0.9419666289475124,6.306066779870889e-14,True,False
reliable,2,50,True,True,0.6587348997038929,0.9825745843616744,True,True,0.7814245427107096,0.8319664159974003,0.3256409168532506,-0.6163257120930983,-0.9419666289464386,8.970602038971265e-14,True,False
reliable,2,51,True,True,0.5384382352847037,0.9830227320754554,True,True,0.6521475507068539,0.7495142958480969,0.46753109405478044,-0.4744355348896613,-0.9419666289445456,1.0391687510491465e-13,True,False
reliable,2,52,True,True,0.3953932697434879,0.9821298710851247,True,True,0.5330538529318531,0.6265090169073594,0.3848607819050853,-0.5571058470384106,-0.941966628943606,1.1013412404281553e-13,True,False
reliable,2,53,True,True,0.261401544575907,0.981249028424232,False,True,0.39143933704605294,0.47583632004652693,0.34453597449834605,-0.5974306544439396,-0.9419666289424118,1.2612133559741778e-13,True,False
reliable,2,54,True,True,0.16962237842944403,0.983049041977925,False,True,0.25878752913014785,0.343814947699197,0.40594067414332224,-0.5360259547990374,-0.9419666289425053,1.4566126083082054e-13,True,False
reliable,2,55,True,True,0.095391517392623,0.9840524143846792,False,True,0.1679261546451496,0.21289778573941875,0.29285091927207674,-0.6491157096781434,-0.941966628950276,5.595524044110789e-14,True,False
reliable,2,56,True,True,0.04385664506162759,0.9851686320558634,False,True,0.09443760221869676,0.10526797881928188,0.12060188461951382,-0.8213647443181897,-0.9419666289379132,2.0961010704922955e-13,True,False
reliable,2,57,True,True,0.01443409714159892,0.9842502930586331,False,True,0.04341807861101099,0.036205882215883826,-0.18916558323470056,-1.1311322121650977,-0.9419666289307373,3.4017233474514796e-13,False,False
reliable,2,58,True,True,0.003707577251425674,0.9852471553701918,False,True,0.014289756170183032,0.009455150255607492,-0.41787603914560467,-1.3598426680589304,-0.9419666289139323,6.066258606551855e-13,False,False
reliable,2,59,True,True,0.0035951315461021714,0.9828201794013695,False,True,0.0019166608379689383,0.0035951315461021714,0.6306791664117064,0.6306791664117064,0.0,0.0,False,False
reliable,2,60,True,True,0.0037030182638852784,0.9848986600297652,False,True,0.0018873222627672976,0.003703018263885278,0.6758099877289245,0.6758099877289245,0.0,0.0,False,False
reliable,2,61,True,True,0.003688233814061367,0.982405265514312,False,True,0.0019154800011296107,0.0036882338140613673,0.6569571929752698,0.6569571929752698,0.0,0.0,False,False
reliable,2,62,True,True,0.003690545202483688,0.9821715081958743,False,True,0.0019116456637742164,0.0036905452024836886,0.6595936202036308,0.6595936202036308,0.0,0.0,False,False
reliable,2,63,True,True,0.0037647896038037064,0.98345590398892,False,True,0.0019122456233670166,0.003764789603803707,0.6792715250463335,0.6792715250463335,0.0,0.0,False,False
reliable,2,64,True,True,0.003700272748973731,0.9813160028028493,False,True,0.001931418751147575,0.003700272748973731,0.6519255451383605,0.6519255451383605,0.0,0.0,False,False
reliable,2,65,True,True,0.0037045225724031505,0.979084332504446,False,True,0.001914768529010927,0.003704522572403151,0.66175244461503,0.66175244461503,0.0,0.0,False,False
reliable,2,66,True,True,0.003755152488186084,0.9794707551850668,False,True,0.0019158697162605211,0.0037551524881860843,0.6748017277333638,0.6748017277333638,0.0,0.0,False,False
reliable,2,67,True,False,0.003674416903046864,0.9757940338086583,False,True,0.0019289406955580873,0.003674416903046865,0.6461738450644274,0.6461738450644274,0.0,0.0,False,False
reliable,2,68,True,False,0.003644109968601278,0.9759021921344812,False,True,0.0019080553536010047,0.003644109968601278,0.6487684609095528,0.6487684609095528,0.0,0.0,False,False
reliable,2,69,True,False,0.0036068964708584486,0.9739059270989074,False,True,0.0019001565787413162,0.003606896470858449,0.6426228594233709,0.6426228594233709,0.0,0.0,False,False
reliable,2,70,True,False,0.003587441595196452,0.974010860025856,False,True,0.0018904130285147345,0.0035874415951964514,0.6423456518471768,0.6423456518471768,0.0,0.0,False,False
reliable,2,71,True,False,0.0035639099611903375,0.9742065214369631,False,True,0.0018852993193959474,0.0035639099611903375,0.638454844534893,0.638454844534893,0.0,0.0,False,False
reliable,2,72,True,False,0.0035709433365711672,0.9773562204844526,False,True,0.00187909559914319,0.0035709433365711672,0.643735675074308,0.643735675074308,0.0,0.0,False,False
reliable,2,73,True,False,0.0034377137825935384,0.969709304563845,False,True,0.0018809519560539967,0.003437713782593538,0.6045895572007591,0.6045895572007591,0.0,0.0,False,False
reliable,2,74,True,False,0.0034484337269397895,0.9686114032413771,False,True,0.0018454733459790035,0.00344843372693979,0.6267915500417711,0.6267915500417711,0.0,0.0,False,False
reliable,2,75,True,False,0.003378043426721683,0.9645418814385459,False,True,0.0018483530177537662,0.0033780434267216834,0.6045353907204154,0.6045353907204154,0.0,0.0,False,False
reliable,2,76,True,False,0.0033166500459102808,0.9633284111732626,False,True,0.0018293620794734417,0.003316650045910281,0.5964790604920802,0.5964790604920802,0.0,0.0,False,False
reliable,2,77,True,False,0.0032623192006826685,0.9596847176642062,False,True,0.0018126373219472759,0.0032623192006826685,0.5891088550169652,0.5891088550169652,0.0,0.0,False,False
reliable,2,78,True,True,0.0032123787987864538,0.9582720775316674,False,True,0.0017977077747009362,0.0032123787987864533,0.5819175506137313,0.5819175506137313,0.0,0.0,False,False
reliable,2,79,True,True,0.003173443428521347,0.9609504136617179,False,True,0.0017838753061707579,0.003173443428521347,0.5774221384963392,0.5774221384963392,0.0,0.0,False,False
reliable,2,80,True,True,0.0030669583996152092,0.9505082626429274,False,True,0.001773016699527746,0.003066958399615209,0.5493009561273912,0.5493009561273912,0.0,0.0,False,False
reliable,2,81,True,True,0.003127433286855075,0.9492796543746009,False,True,0.0017429763529327549,0.0031274332868550746,0.5860062692445238,0.5860062692445238,0.0,0.0,False,False
reliable,2,82,True,True,0.003088615272836834,0.9469298844489987,False,True,0.001760099302130434,0.003088615272836834,0.5636843743693998,0.5636843743693998,0.0,0.0,False,False
reliable,2,83,True,True,0.0030736743227827443,0.9560454117596193,False,True,0.001749127442667085,0.0030736743227827443,0.5650843831682657,0.5650843831682657,0.0,0.0,False,False
reliable,2,84,True,True,0.003053405491890396,0.9566223289830914,False,True,0.0017448861452513116,0.0030534054918903964,0.5608798816156719,0.5608798816156719,0.0,0.0,False,False
reliable,2,85,True,True,0.00312414681264466,0.9705107114837003,False,True,0.0017391160001204598,0.0031241468126446594,0.5871726948677125,0.5871726948677125,0.0,0.0,False,False
reliable,2,86,True,True,0.0030424896326099894,0.9713539444745503,False,True,0.0017591730174424513,0.0030424896326099894,0.5491187214140671,0.5491187214140671,0.0,0.0,False,False
reliable,2,87,True,True,0.002911088324866938,0.9675995035408412,False,True,0.0017360005747437694,0.0029110883248669385,0.5181208833665245,0.5181208833665245,0.0,0.0,False,False
reliable,2,88,True,True,0.0028851166291911645,0.9638933391195955,False,True,0.0016980527584715354,0.002885116629191164,0.5312729573666948,0.5312729573666948,0.0,0.0,False,False
reliable,2,89,True,True,0.002019237524172032,0.9494036418575617,False,True,0.0016904521515575092,0.002019237524172032,0.17805333477803842,0.17805333477803842,0.0,0.0,False,False
reliable,2,90,True,True,0.0020298803840441363,0.9369700813421986,False,True,0.0014139972120285926,0.002029880384044136,0.3621732169542131,0.3621732169542131,0.0,0.0,False,False
reliable,2,91,True,True,0.002139880098044024,0.9484342881307118,False,True,0.0014177209121072503,0.0021398800980440237,0.4124226538356073,0.4124226538356073,0.0,0.0,False,False
reliable,2,92,True,True,0.002311443263233142,0.9669074209493883,False,True,0.00145565159739225,0.002311443263233142,0.46327589176163464,0.46327589176163464,0.0,0.0,False,False
reliable,2,93,True,True,0.002434177241569043,0.972659940251101,False,True,0.0015129215003287621,0.002434177241569043,0.47648933850777464,0.47648933850777464,0.0,0.0,False,False
reliable,2,94,True,True,0.002063646447677788,0.9642407397920892,False,True,0.0015526017177636272,0.002063646447677788,0.28505445729654877,0.28505445729654877,0.0,0.0,False,False
reliable,2,95,True,True,0.0023676256556356733,0.9765811018966755,False,True,0.0014294709454818466,0.0023676256556356737,0.505523151588954,0.505523151588954,0.0,0.0,False,False
reliable,2,96,True,True,0.002515554557676758,0.9786871984763176,False,True,0.001531212425622433,0.0025155545576767586,0.49741976062639637,0.49741976062639637,0.0,0.0,False,False
reliable,2,97,True,True,0.002057130267869259,0.9724568607946599,False,True,0.0015783639937226373,0.002057130267869259,0.26540271228403345,0.26540271228403345,0.0,0.0,False,False
reliable,2,98,True,True,0.0024047108684540222,0.9718164084369567,False,True,0.0014272109262301927,0.0024047108684540222,0.5226869132560124,0.5226869132560124,0.0,0.0,False,False
reliable,2,99,True,True,0.0026129074546049867,0.9764727579579183,False,True,0.0015431677916051074,0.0026129074546049867,0.5276982247508712,0.5276982247508712,0.0,0.0,False,False
reliable,2,100,True,True,0.00272390702656691,0.9816870840589843,False,True,0.0016086446490639222,0.00272390702656691,0.5277929486167992,0.5277929486167992,0.0,0.0,False,False
reliable,2,101,True,True,0.0027870527761972214,0.9814354139759058,False,True,0.001642492693030309,0.0027870527761972214,0.5299167629793811,0.5299167629793811,0.0,0.0,False,False
reliable,2,102,True,True,0.0019728583673158063,0.9720366106196654,False,True,0.0016614423298655118,0.0019728583673158063,0.1721093234486739,0.1721093234486739,0.0,0.0,False,False
reliable,2,103,True,True,0.0025737752888606376,0.9863412730796328,False,True,0.0013976547999855016,0.002573775288860638,0.6117565765771928,0.6117565765771928,0.0,0.0,False,False
reliable,2,104,True,True,0.0025763476031642964,0.9773835119530361,False,True,0.0015965416352747188,0.0025763476031642964,0.4795147809597706,0.4795147809597706,0.0,0.0,False,False
reliable,2,105,True,True,0.00204815270329918,0.9791840312464687,False,True,0.001597340015477545,0.0020481527032991794,0.24905014702003747,0.24905014702003747,0.0,0.0,False,False
reliable,2,106,True,True,0.001967279859446211,0.9708777139992045,False,True,0.0014240913682238793,0.001967279859446211,0.32366194372107593,0.32366194372107593,0.0,0.0,False,False
reliable,2,107,True,True,0.002270956115984124,0.9756200660443832,False,True,0.001395676281552955,0.0022709561159841235,0.4876987393418455,0.4876987393418455,0.0,0.0,False,False
reliable,2,108,True,True,0.002342469212100476,0.9673541453334981,False,True,0.0014996027091668718,0.002342469212100476,0.446849868239382,0.446849868239382,0.0,0.0,False,False
reliable,2,109,True,True,0.0026127131431721074,0.9657423256748301,False,True,0.001523049441392343,0.002612713143172108,0.5407665850949499,0.5407665850949499,0.0,0.0,False,False
reliable,2,110,True,True,0.0027078050620483636,0.966618337632925,False,True,0.0016085847750769995,0.0027078050620483636,0.5218851936313591,0.5218851936313591,0.0,0.0,False,False
reliable,2,111,True,True,0.002703417749168106,0.9696337074385085,False,True,0.0016376257192552912,0.002703417749168106,0.5023374553346605,0.5023374553346605,0.0,0.0,False,False
reliable,2,112,True,True,0.0025855452221113296,0.9619275583198509,False,True,0.0016362971168272895,0.00258554522211133,0.45845182612497126,0.45845182612497126,0.0,0.0,False,False
reliable,2,113,True,True,0.0026231467109090042,0.9642808746510971,False,True,0.0016001914789964702,0.002623146710909004,0.4952764553835678,0.4952764553835678,0.0,0.0,False,False
reliable,2,114,True,True,0.0026182479310493095,0.9677059938982713,False,True,0.001611796584353643,0.0026182479310493095,0.48616450232228736,0.48616450232228736,0.0,0.0,False,False
reliable,2,115,True,True,0.002596614995037794,0.9595474040552929,False,True,0.0016102893656005843,0.0025966149950377936,0.4787831835397016,0.4787831835397016,0.0,0.0,False,False
reliable,2,116,True,True,0.0025118305439059277,0.9398452019448866,False,True,0.00160361666443916,0.002511830543905928,0.44966038071833747,0.44966038071833747,0.0,0.0,False,False
reliable,2,117,True,True,0.0025722200127779645,0.9383064643382504,False,True,0.0015771941934127531,0.002572220012777964,0.49011899737843656,0.49011899737843656,0.0,0.0,False,False
reliable,2,118,True,True,0.0018071550028604987,0.9185077048629754,False,True,0.0015960587248975853,0.0018071550028604987,0.12442794974068594,0.12442794974068594,0.0,0.0,False,False
reliable,2,119,True,True,0.0018027844404428812,0.8980862017459763,False,True,0.001337642559497366,0.001802784440442881,0.2988894737862644,0.2988894737862644,0.0,0.0,False,False
reliable,2,120,True,True,0.00221236453640923,0.9224198810694909,False,True,0.0013360233222565261,0.00221236453640923,0.5052422366361196,0.5052422366361196,0.0,0.0,False,False
reliable,2,121,True,True,0.002308826929499453,0.9169672125256173,False,True,0.0014801169798109312,0.002308826929499453,0.445448730700325,0.445448730700325,0.0,0.0,False,False
reliable,2,122,True,False,0.0016597645857297893,0.6932274976562702,False,True,0.0015120643516245036,0.001659764585729789,0.09334787388271515,0.09334787388271515,0.0,0.0,False,False
reliable,2,123,True,False,0.0035907062666853994,0.9505559051543534,False,True,0.0016431669398725153,0.003590706266684958,0.7836761240920795,0.783676124092203,1.0532933939915676e-87,1.234568003383174e-13,False,False
reliable,2,124,True,False,0.004372353457258569,0.9954454077774666,False,True,0.0035547992040184453,0.0040701613997115565,0.1359014101871603,0.20782364138210005,0.035646075136066414,0.036276156058873354,False,False
reliable,2,125,True,False,0.0038946779337115075,0.9985254247351402,False,True,0.004328629922685982,0.0038777788562562813,-0.11044125550089401,-0.10607583168811724,-0.007765016327586476,0.012130440140363241,False,False
reliable,2,126,True,False,0.003821757584775912,0.998710052600953,False,True,0.0038557311543743916,0.0038215893997475374,-0.008928516943612408,-0.00888433989845036,2.9054641445235157e-05,1.512240371681628e-05,False,False
reliable,2,127,False,False,,0.9069710137977314,False,True,,,,,,,False,False
reliable,2,128,False,False,,0.8721117267617398,False,True,,,,,,,False,False
reliable,2,129,False,False,,0.4800351954509108,False,True,,,,,,,False,False
reliable,2,130,False,False,,0.45555824925479727,False,True,,,,,,,False,False
reliable,2,131,False,False,,0.4188952044763807,False,True,,,,,,,False,False
reliable,2,132,False,False,,0.3934975115301825,False,True,,,,,,,False,False
reliable,2,133,False,False,,0.3465423948674887,False,True,,,,,,,False,False
reliable,2,134,False,False,,0.3091323743103876,False,False,,,,,,,False,False
reliable,2,135,False,False,,0.13802244361236937,False,False,,,,,,,False,False
reliable,2,136,False,False,,0.10785389331672747,False,False,,,,,,,False,False
reliable,2,137,False,False,,0.06319703454724299,False,False,,,,,,,False,False
reliable,2,138,False,False,,0.05274783957246868,False,False,,,,,,,False,False
reliable,2,139,False,False,,0.04740044520288185,False,False,,,,,,,False,False
reliable,2,140,False,False,,0.055690694078802574,False,False,,,,,,,False,False
reliable,2,141,False,False,,0.07660966752423093,False,False,,,,,,,False,False
reliable,2,142,False,False,,0.05507799389730102,False,False,,,,,,,False,False
reliable,2,143,False,False,,0.04448028574407824,False,False,,,,,,,False,False
reliable,2,144,False,False,,0.039359497691348555,False,False,,,,,,,False,False
reliable,2,145,False,False,,0.031090340132257793,False,False,,,,,,,False,False
reliable,2,146,False,False,,0.02270562351714461,False,False,,,,,,,False,False
reliable,2,147,False,False,,0.019630441672655007,False,False,,,,,,,False,False
reliable,2,148,False,False,,0.030772866419427714,False,False,,,,,,,False,False
reliable,2,149,False,False,,0.04750602731290256,False,False,,,,,,,False,False
reliable,2,150,False,False,,0.024651669519128377,False,False,,,,,,,False,False
reliable,2,151,False,False,,0.015333393156899642,False,False,,,,,,,False,False
reliable,2,152,False,False,,0.009329502744582954,False,False,,,,,,,False,False
reliable,2,153,False,False,,0.006521667007255785,False,False,,,,,,,False,False
reliable,2,154,False,False,,0.004651992676231462,False,False,,,,,,,False,False
reliable,2,155,False,False,,0.003330613191764317,False,False,,,,,,,False,False
reliable,2,156,False,False,,0.004034920066162884,False,False,,,,,,,False,False
reliable,2,157,False,False,,0.003552189991464286,False,False,,,,,,,False,False
reliable,2,158,False,False,,0.003913724515887655,False,False,,,,,,,False,False
reliable,2,159,False,False,,0.003701053349394626,False,False,,,,,,,False,False
reliable,2,160,False,False,,0.003580626672978916,False,False,,,,,,,False,False
reliable,2,161,False,False,,0.003732013462098456,False,False,,,,,,,False,False
reliable,2,162,False,False,,0.003740566591232681,False,False,,,,,,,False,False
reliable,2,163,False,False,,0.0034015712870067256,False,False,,,,,,,False,False
reliable,2,164,False,False,,0.0035563049768428437,False,False,,,,,,,False,False
reliable,2,165,False,False,,0.0037664296466107246,False,False,,,,,,,False,False
reliable,2,166,False,False,,0.0033405243870740535,False,False,,,,,,,False,False
reliable,2,167,False,False,,0.0033530913413422295,False,False,,,,,,,False,False
reliable,2,168,False,False,,0.0032488451951074027,False,False,,,,,,,False,False
reliable,2,169,False,False,,0.0032933490821268,False,False,,,,,,,False,False
reliable,2,170,False,False,,0.0031837269385544833,False,False,,,,,,,False,False
reliable,2,171,False,False,,0.0031639931616578862,False,False,,,,,,,False,False
reliable,2,172,False,False,,0.0032335516272808994,False,False,,,,,,,False,False
reliable,2,173,False,False,,0.0033056157176066473,False,False,,,,,,,False,False
reliable,2,174,False,False,,0.00306313809407419,False,False,,,,,,,False,False
reliable,2,175,False,False,,0.0030151932902631267,False,False,,,,,,,False,False
reliable,2,176,False,False,,0.0029627238781950345,False,False,,,,,,,False,False
reliable,2,177,False,False,,0.003009625709531185,False,False,,,,,,,False,False
reliable,2,178,False,False,,0.00303786114441318,False,False,,,,,,,False,False
reliable,2,179,False,False,,0.0028975616007352405,False,False,,,,,,,False,False
reliable,2,180,False,False,,0.0030378980560193526,False,False,,,,,,,False,False
reliable,2,181,False,False,,0.0030959997646048875,False,False,,,,,,,False,False
reliable,2,182,False,False,,0.003052943890625326,False,False,,,,,,,False,False
reliable,2,183,False,False,,0.003212882920585352,False,False,,,,,,,False,False
reliable,2,184,False,False,,0.003006811330577082,False,False,,,,,,,False,False
reliable,2,185,False,False,,0.0029906606580866095,False,False,,,,,,,False,False
reliable,2,186,False,False,,0.003056278811503194,False,False,,,,,,,False,False
reliable,2,187,False,False,,0.0034335534309300354,False,False,,,,,,,False,False
reliable,2,188,False,False,,0.008114659984257285,False,False,,,,,,,False,False
reliable,2,189,False,False,,0.003333531992099806,False,False,,,,,,,False,False
reliable,2,190,False,False,,0.0019891681708637935,False,False,,,,,,,False,False
reliable,2,191,False,False,,0.002836427193754046,False,False,,,,,,,False,False
reliable,2,192,False,False,,0.0030017001377060904,False,False,,,,,,,False,False
reliable,2,193,False,False,,0.0024946080016596747,False,False,,,,,,,False,False
reliable,2,194,False,False,,0.003308614385318171,False,False,,,,,,,False,False
reliable,2,195,False,False,,0.0028999172925513435,False,False,,,,,,,False,False
reliable,2,196,False,False,,0.002928283049891858,False,False,,,,,,,False,False
reliable,2,197,False,False,,0.0030509427690253504,False,False,,,,,,,False,False
reliable,2,198,False,False,,0.0030073901978340655,False,False,,,,,,,False,False
reliable,2,199,False,False,,0.003120162121481864,False,False,,,,,,,False,False
reliable,2,200,False,False,,0.0028998934516700583,False,False,,,,,,,False,False
reliable,2,201,False,False,,0.0032107679105652263,False,False,,,,,,,False,False
reliable,2,202,False,False,,0.002920264549239709,False,False,,,,,,,False,False
reliable,2,203,False,False,,0.003027217022750881,False,False,,,,,,,False,False
reliable,2,204,False,False,,0.0028782642760566313,False,False,,,,,,,False,False
reliable,2,205,False,False,,0.0029503109410827866,False,False,,,,,,,False,False
reliable,2,206,False,False,,0.002926926203681213,False,False,,,,,,,False,False
reliable,2,207,False,False,,0.00287604617487113,False,False,,,,,,,False,False
reliable,2,208,False,False,,0.0029452855653139226,False,False,,,,,,,False,False
reliable,2,209,False,False,,0.002908432800033418,False,False,,,,,,,False,False
reliable,2,210,False,False,,0.0028298928615109738,False,False,,,,,,,False,False
reliable,2,211,False,False,,0.002857747067675083,False,False,,,,,,,False,False
reliable,2,212,False,False,,0.0029110960587492764,False,False,,,,,,,False,False
reliable,2,213,False,False,,0.003010442364489072,False,False,,,,,,,False,False
reliable,2,214,False,False,,0.0028970787978458245,False,False,,,,,,,False,False
reliable,2,215,False,False,,0.002878987758947153,False,False,,,,,,,False,False
reliable,2,216,False,False,,0.002864814988470854,False,False,,,,,,,False,False
reliable,2,217,False,False,,0.002892824043108524,False,False,,,,,,,False,False
reliable,2,218,False,False,,0.002836970654578366,False,False,,,,,,,False,False
reliable,2,219,False,False,,0.0028386458173596334,False,False,,,,,,,False,False
reliable,2,220,False,False,,0.002900922576859692,False,False,,,,,,,False,False
reliable,2,221,False,False,,0.0028939055702327803,False,False,,,,,,,False,False
reliable,2,222,False,False,,0.0028649468361251675,False,False,,,,,,,False,False
reliable,2,223,False,False,,0.0028465204075905914,False,False,,,,,,,False,False
reliable,2,224,False,False,,0.0027645833633515,False,False,,,,,,,False,False
reliable,2,225,False,False,,0.0028238250977532255,False,False,,,,,,,False,False
reliable,2,226,False,False,,0.0028225500692128764,False,False,,,,,,,False,False
reliable,2,227,False,False,,0.002882093538538446,False,False,,,,,,,False,False
reliable,2,228,False,False,,0.0028192192840043773,False,False,,,,,,,False,False
reliable,2,229,False,False,,0.0028218512523763605,False,False,,,,,,,False,False
reliable,2,230,False,False,,0.00282848451813926,False,False,,,,,,,False,False
reliable,2,231,False,False,,0.0027462346333619065,False,False,,,,,,,False,False
reliable,2,232,False,False,,0.002785776981084243,False,False,,,,,,,False,False
reliable,2,233,False,False,,0.0028234827110094262,False,False,,,,,,,False,False
reliable,2,234,False,False,,0.002725307880832818,False,False,,,,,,,False,False
reliable,2,235,False,False,,0.002769437262631319,False,False,,,,,,,False,False
reliable,2,236,False,False,,0.0027957488692716696,False,False,,,,,,,False,False
reliable,2,237,False,False,,0.002679678410255067,False,False,,,,,,,False,False
reliable,2,238,False,False,,0.002773251116749125,False,False,,,,,,,False,False
reliable,2,239,False,False,,0.002743469556739715,False,False,,,,,,,False,False
reliable,2,240,False,False,,0.002764655251431155,False,False,,,,,,,False,False
intermittent,1,1,False,False,,,False,False,,,,,,,False,False
intermittent,1,2,False,False,,,False,False,,,,,,,False,False
intermittent,1,3,True,False,0.01103786738763042,0.010723883201276882,False,False,0.003169719856155823,0.011037867387630419,1.2556131228423562,1.2556131228423562,0.0,0.0,False,False
intermittent,1,4,True,False,0.0075715592092868425,0.012226323686394883,False,False,0.010927488713754192,0.012472278816203145,0.13379005020353674,-0.37026975980655286,-0.5291091625421297,0.025049352532040103,True,False
intermittent,1,5,True,False,0.009674220161564074,0.010987571810385231,False,False,0.002742008978556744,0.009674220161564074,1.267749320891216,1.267749320891216,0.0,0.0,False,False
intermittent,1,6,True,False,0.010343591361802549,0.009072435109343064,False,False,0.003101583580152413,0.010343591361802549,1.2117453770842976,1.2117453770842976,0.0,0.0,False,False
intermittent,1,7,True,False,0.0029330616297750032,0.008072409995017004,False,False,0.010240155448184811,0.0074889876771550914,-0.3156589437753201,-1.2576255727274332,-0.9419666289521096,-3.552713678800501e-15,False,False
intermittent,1,8,True,False,0.004702775726549109,0.008235233869171877,False,False,0.0017044569399834947,0.004702775726549114,1.01791432217101,1.01791432217101,0.0,0.0,False,False
intermittent,1,9,True,False,0.00570564602281919,0.007822315487083795,False,False,0.0021591688288021124,0.005705646022819188,0.9752933509549893,0.9752933509549893,0.0,0.0,False,False
intermittent,1,10,True,True,0.0069880402290341025,0.008276326790294773,False,False,0.002378936930844037,0.006988040229034104,1.0821772287768878,1.0821772287768878,0.0,0.0,False,False
intermittent,1,11,True,True,0.006978768899594169,0.007613709044855448,False,False,0.002633750911155069,0.006978768899594169,0.978829502777109,0.978829502777109,0.0,0.0,False,False
intermittent,1,12,True,True,0.008277332048021347,0.008136233552303926,False,False,0.0026319956456353345,0.008277332048021347,1.151454654928746,1.151454654928746,0.0,0.0,False,False
intermittent,1,13,True,True,0.008065106348278422,0.007931149679887691,False,False,0.0028676069459165664,0.008065106348278422,1.039295111529042,1.039295111529042,0.0,0.0,False,False
intermittent,1,14,True,True,0.021318026005434927,0.007735461126048105,False,False,0.00798445528479564,0.021318025986401975,0.9955884784947342,0.9955884794069921,9.00290589432845e-10,1.1967316027039487e-11,False,False
intermittent,1,15,True,True,0.0456478870024603,0.018680733897664913,False,False,0.02110484574538029,0.045647886875421276,0.7968464933645505,0.796846496280687,2.8399290711293306e-09,7.620748476711015e-11,False,False
intermittent,1,16,True,True,0.09324589594887797,0.041448911157993304,False,False,0.04519140813243568,0.09324589577563487,0.7759726497952228,0.7759726518441983,1.9837369434732437e-09,6.52384812838136e-11,False,False
intermittent,1,17,True,True,0.1820226245489881,0.08630155666674279,False,False,0.09231343698938921,0.18202262436688277,0.7830057246448647,0.7830057258679478,1.1839081966452565e-09,3.9174885557713424e-11,False,False
intermittent,1,18,False,True,0.5853495342938926,0.3562284003734688,True,True,,,,,,,False,False
intermittent,1,19,True,True,0.37402708604494705,0.17949076203542685,True,False,0.3301959337787554,0.37402708604078116,0.1923201297826963,0.1923201298004894,2.1730386652860168e-11,-3.937294934530655e-12,False,False
intermittent,1,20,True,True,0.6252414040869877,0.3390259998324148,True,True,0.37028681518449424,0.6196956850196003,1.0192433378109231,1.0428423192613958,0.02294682182466083,0.0006521596258117768,False,False
intermittent,1,21,True,True,0.8302667570556972,0.555212397262993,True,True,0.6189889900461162,0.8302667570519672,1.102259784069557,1.1022597840960249,2.5893236128145755e-11,5.74651437545981e-13,False,False
intermittent,1,22,True,True,0.9508975478614654,0.7877804851648975,True,True,0.8219640894851392,0.9508975478614086,1.4337859175760914,1.4337859175773076,1.1902932363982934e-12,2.5757174171303632e-14,False,False
intermittent,1,23,True,True,0.9864854658237695,0.9262740766721365,True,True,0.94138857238285,0.9864854658237232,1.5139565784804123,1.5139565784838744,3.397257915288672e-12,6.483702463810914e-14,False,False
intermittent,1,24,True,True,0.9954019637318123,0.9802245512281033,True,True,0.9766206111655317,0.9954019637317983,1.6452738838450571,1.6452738838481158,2.9708160447069648e-12,8.79296635503124e-14,False,False
intermittent,1,25,True,True,0.996974170558824,0.9934672094628438,True,True,0.9854479440944941,0.9969741705588121,1.582175592738884,1.5821755927428267,3.878699690599342e-12,6.394884621840902e-14,False,False
intermittent,1,26,True,True,0.997637290397469,0.9969472651682707,True,True,0.9870044288532358,0.9976372903974606,1.7155147684633674,1.7155147684669858,3.611289208457495e-12,7.105427357601002e-15,False,False
intermittent,1,27,True,True,0.9977710315405839,0.9976533536534062,True,True,0.9876609174934943,0.9977710315405788,1.7214171450890374,1.7214171450913054,2.279538827146423e-12,-1.1546319456101628e-14,False,False
intermittent,1,28,True,True,0.9972213274114908,0.9972100459167685,True,True,0.987793321225178,0.9972213274114787,1.4895091668762834,1.4895091668806952,4.345104881797462e-12,6.661338147750939e-14,False,False
intermittent,1,29,True,True,0.9974813591215748,0.9975023982173155,True,True,0.9872491141373759,0.9974813591215637,1.6321923846646396,1.6321923846689783,4.3184006980134275e-12,2.042810365310288e-14,False,False
intermittent,1,30,True,True,0.9975834920146988,0.9976128517740999,True,True,0.987506545530359,0.9975834920146869,1.6530340693286174,1.65303406933359,4.949626572278717e-12,2.3092638912203256e-14,False,False
intermittent,1,31,True,True,0.9975306425066667,0.9975587569022504,True,True,0.9876076570945519,0.9975306425066551,1.6231181385211046,1.6231181385257838,4.629515721010952e-12,4.973799150320701e-14,False,False
intermittent,1,32,True,True,0.9958968558021577,0.9959273108776786,True,True,0.9828949156698595,0.9958968558021322,1.4407636722403607,1.4407636722466213,6.377725301572591e-12,-1.1723955140041653e-13,False,False
intermittent,1,33,True,True,0.9970634154181053,0.9970878949480906,True,True,0.985937887244136,0.9970634154180249,1.5774579592285427,1.5774579592559856,2.706181763354144e-11,3.810285420513537e-13,False,False
intermittent,1,34,True,True,0.997623101424609,0.9976419095341341,True,True,0.9870927812639242,0.9976231014246015,1.702601741270768,1.7026017412739256,3.1159691652436693e-12,4.1744385725905886e-14,False,False
intermittent,1,35,True,True,0.9971307590537537,0.9971419633441185,True,True,0.987646870410363,0.9971307590537177,1.469418621523496,1.46941862153611,1.2459580752135299e-11,1.545430450278218e-13,False,False
intermittent,1,36,True,True,0.9973675614665359,0.9973747618071126,True,True,0.9871594514632162,0.9973675614665141,1.5949851941021063,1.5949851941104802,8.288749014097209e-12,8.526512829121202e-14,False,False
intermittent,1,37,True,True,0.9978235927932166,0.9978307082562297,True,True,0.9873938858518707,0.9978235927932033,1.7670139654739891,1.7670139654800046,5.985221321101143e-12,3.019806626980426e-14,False,False
intermittent,1,38,True,True,0.997501483682924,0.9975034578356601,True,True,0.9878453568652844,0.9975014836829097,1.5917416373141213,1.5917416373198412,5.685181123139624e-12,3.4638958368304884e-14,False,False
intermittent,1,39,True,True,0.997465820324166,0.9974657086717046,True,True,0.9875264688460949,0.9974658203241527,1.6037534886559452,1.6037534886612093,5.1981798437521585e-12,6.572520305780927e-14,False,False
intermittent,1,40,True,True,0.9976890637581801,0.997687764197223,True,True,0.9874911621209242,0.9976890637581654,1.6990568043104606,1.699056804316945,6.433777710312606e-12,5.062616992290714e-14,False,False
intermittent,1,41,True,True,0.9972649397303162,0.9972635025783019,True,True,0.9877121731205983,0.9972649397303022,1.5120807546804729,1.512080754685496,5.017852231439719e-12,5.329070518200751e-15,False,False
intermittent,1,42,True,True,0.9972921927269793,0.9972906042948646,True,True,0.9872922903330132,0.9972921927269642,1.556147349857616,1.5561473498631246,5.45008080729172e-12,5.861977570020827e-14,False,False
intermittent,1,43,True,True,0.9975346205915038,0.9975331010885946,True,True,0.9873192707997094,0.9975346205914858,1.6480311337607745,1.6480311337680928,7.22153467773073e-12,9.681144774731365e-14,False,False
intermittent,1,44,True,True,0.9977289219806932,0.99773033323157,True,True,0.9875592743855889,0.9977289219806796,1.71096589608468,1.7109658960906386,5.876930947882061e-12,8.171241461241152e-14,False,False
intermittent,1,45,True,True,0.9967347460139466,0.9967333294818622,True,True,0.9830054344580359,0.996734746013936,1.6634261025674366,1.6634261025706538,3.3194002199551707e-12,-1.021405182655144e-13,False,False
intermittent,1,46,True,True,0.9783362926080036,0.9914380717564516,True,True,0.9867673985538072,0.9914410477563902,0.4404309519389855,-0.501535676994891,-0.9419666289341163,2.398081733190338e-13,True,False
intermittent,1,47,True,True,0.9479825029833351,0.9877470264696848,True,True,0.9685529296819235,0.9790557108362796,0.41722522380100235,-0.5247414051371814,-0.9419666289383702,1.865174681370263e-13,True,False
intermittent,1,48,True,True,0.8966042678567503,0.9847159348017516,True,True,0.938502677953501,0.9569758897161188,0.3767254551350394,-0.5652411738141887,-0.9419666289492814,5.3290705182007514e-14,True,False
intermittent,1,49,True,True,0.6847073854619213,0.9540711264081951,True,True,0.7693585073433317,0.8478009994096186,0.5127645235998619,-0.42920210534725733,-0.9419666289470322,-8.704148513061227e-14,True,False
intermittent,1,50,True,True,0.5225134906866796,0.9580113959259068,True,True,0.6778603116073036,0.737319243847399,0.2881255548819456,-0.653841074050483,-0.9419666289327243,2.957634137601417e-13,True,False
intermittent,1,51,True,True,0.39273832979398643,0.9668638029152097,True,True,0.5172883557798127,0.6239036070347272,0.4369694040543044,-0.5049972248835686,-0.9419666289380257,1.5276668818842154e-13,True,False
intermittent,1,52,True,True,0.11391183951120333,0.89436002805854,False,True,0.2014294259163041,0.24797810018535843,0.26795926156912553,-0.6740073673716471,-0.9419666289405355,-2.3714363805993344e-13,True,False
intermittent,1,53,False,True,0.7134126408553801,0.9946631234853103,True,True,,,,,,,False,False
intermittent,1,54,True,True,0.1034185721407149,0.9701336087431766,False,True,0.27746748190690546,0.22831715885388704,-0.26077924541986863,-1.2027458743704547,-0.9419666289505976,1.1546319456101628e-14,False,False
intermittent,1,55,True,True,0.051010245245868724,0.9766210107570498,False,True,0.10238438641930775,0.12116915716201779,0.18960283077624518,-0.7523637981746485,-0.9419666289509177,2.398081733190338e-14,True,False
intermittent,1,56,True,True,0.018611439503987696,0.9813420214948382,False,True,0.05050014279341005,0.04638758663497935,-0.08926620358138404,-1.0312328325181437,-0.9419666289369968,2.3714363805993344e-13,False,False
intermittent,1,57,False,True,0.08580899256601111,0.999018378821109,True,True,,,,,,,False,False
intermittent,1,58,False,True,0.10556258847739768,0.9995038341336088,False,True,,,,,,,False,False
intermittent,1,59,True,True,0.00440239869296477,0.9867163616624859,False,True,0.03422246196510428,0.0112149752303657,-1.1391756776675317,-2.0811423066095456,-0.9419666289429929,9.78772618509538e-13,False,False
intermittent,1,60,True,True,0.003996981757246207,0.9875811274428399,False,True,0.0020889106536779102,0.003996981757246208,0.650810699415203,0.650810699415203,0.0,0.0,False,False
intermittent,1,61,True,True,0.0038306450245671974,0.9848014804773686,False,True,0.001990199903822387,0.0038306450245671974,0.6566439326170874,0.6566439326170874,0.0,0.0,False,False
intermittent,1,62,True,True,0.003771909329041763,0.9840954800289407,False,True,0.0019482690040630484,0.003771909329041763,0.6624689100302001,0.6624689100302001,0.0,0.0,False,False
intermittent,1,63,True,True,0.0038208030385629313,0.9848888689910393,False,True,0.001933247471856487,0.003820803038562931,0.6831524056011293,0.6831524056011293,0.0,0.0,False,False
intermittent,1,64,True,True,0.0037441579801307974,0.9825230373114235,False,True,0.0019457599497376022,0.003744157980130798,0.6563476623393427,0.6563476623393427,0.0,0.0,False,False
intermittent,1,65,True,True,0.003744104243263685,0.9801468579195652,False,True,0.0019261097467371973,0.0037441042432636846,0.6665032714008108,0.6665032714008108,0.0,0.0,False,False
intermittent,1,66,True,True,0.003794705487768821,0.935702470169028,False,True,0.0019260959000382356,0.0037947054877688216,0.6799856684741892,0.6799856684741892,0.0,0.0,False,False
intermittent,1,67,False,False,0.013690646846596035,0.9955278489355774,False,True,,,,,,,False,False
intermittent,1,68,False,False,0.015648494003390027,0.9991167113915554,False,True,,,,,,,False,False
intermittent,1,69,True,False,0.00400854232556095,0.9812815101608412,False,True,0.003953131658256394,0.00400854232556095,0.013975207858903715,0.013975207858903715,0.0,0.0,False,False
intermittent,1,70,True,False,0.003716773281664031,0.9804043912724045,False,True,0.0019930816733497907,0.0037167732816640307,0.6249025011225111,0.6249025011225111,0.0,0.0,False,False
intermittent,1,71,True,False,0.003662645993428678,0.9796801312935527,False,True,0.0019190405377149157,0.003662645993428678,0.6481089796871462,0.6481089796871462,0.0,0.0,False,False
intermittent,1,72,True,False,0.0036589240102968138,0.9814569984169788,False,True,0.0019049914042970151,0.003658924010296814,0.6544504475824988,0.6544504475824988,0.0,0.0,False,False
intermittent,1,73,True,False,0.0035126980782798833,0.9738401925643942,False,True,0.0019040215609777943,0.0035126980782798837,0.6140292106886314,0.6140292106886314,0.0,0.0,False,False
intermittent,1,74,True,False,0.003523825565837457,0.9722365607804543,False,True,0.0018655237502739406,0.003523825565837457,0.6376681458780924,0.6376681458780924,0.0,0.0,False,False
intermittent,1,75,True,False,0.0034516113207463325,0.9679882380938026,False,True,0.0018684809989252674,0.003451611320746333,0.6153027238559288,0.6153027238559288,0.0,0.0,False,False
intermittent,1,76,True,False,0.0033902772127564615,0.9664879476041295,False,True,0.0018492057521685805,0.003390277212756461,0.6077005875520474,0.6077005875520474,0.0,0.0,False,False
intermittent,1,77,True,False,0.0033363795906246677,0.9627449725911011,False,True,0.001832676707440756,0.0033363795906246677,0.6006162839453344,0.6006162839453344,0.0,0.0,False,False
intermittent,1,78,True,True,0.0032859881116281344,0.9611984245309546,False,True,0.0018180286822125317,0.003285988111628135,0.5933863448223438,0.5933863448223438,0.0,0.0,False,False
intermittent,1,79,True,True,0.003247312775895008,0.9634470511055295,False,True,0.0018042268143049225,0.003247312775895008,0.5891424141949617,0.5891424141949617,0.0,0.0,False,False
intermittent,1,80,True,True,0.0031367629105915856,0.9531821309234106,False,True,0.0017935624304939474,0.003136762910591585,0.5603340413443441,0.5603340413443441,0.0,0.0,False,False
intermittent,1,81,True,True,0.0032010910787301583,0.9517375820177227,False,True,0.001762726200369559,0.003201091078730158,0.5980720695905504,0.5980720695905504,0.0,0.0,False,False
intermittent,1,82,True,True,0.0031613526340471846,0.9492554432368842,False,True,0.0017807340623150739,0.0031613526340471846,0.5753583497214603,0.5753583497214603,0.0,0.0,False,False
intermittent,1,83,True,True,0.0031464910843713085,0.9579570156321149,False,True,0.0017696312635447594,0.003146491084371308,0.576896944057375,0.576896944057375,0.0,0.0,False,False
intermittent,1,84,True,True,0.003125643342608101,0.9582249891953374,False,True,0.0017654611834859138,0.0031256433426081007,0.5725916985427473,0.5725916985427473,0.0,0.0,False,False
intermittent,1,85,True,True,0.0032001929065083087,0.9049075159505199,False,True,0.0017595948707746381,0.0032001929065083087,0.5995716754779998,0.5995716754779998,0.0,0.0,False,False
intermittent,1,86,False,True,0.009657688641608077,0.9945257082905573,False,True,,,,,,,False,False
intermittent,1,87,True,True,0.0032948372671130093,0.9637876760045231,False,True,0.00309891511127349,0.0032948372671130093,0.06150124327880491,0.06150124327880491,0.0,0.0,False,False
intermittent,1,88,True,True,0.0029986985527811452,0.9613633247717458,False,True,0.0018066581086024394,0.002998698552781145,0.5078945005410729,0.5078945005410729,0.0,0.0,False,False
intermittent,1,89,True,True,0.002070690676059589,0.9475591593136388,False,True,0.0017234462191454433,0.002070690676059589,0.18390421396971046,0.18390421396971046,0.0,0.0,False,False
intermittent,1,90,True,True,0.0020798072547518805,0.9354800518480053,False,True,0.001431910112080411,0.0020798072547518805,0.3739149645423705,0.3739149645423705,0.0,0.0,False,False
intermittent,1,91,True,True,0.0021954411308000754,0.9474648817907318,False,True,0.0014350607294209689,0.002195441130800075,0.42593759184642366,0.42593759184642366,0.0,0.0,False,False
intermittent,1,92,True,True,0.0023693828784554605,0.9663728675551051,False,True,0.0014744410631632088,0.00236938287845546,0.4752472198419735,0.4752472198419735,0.0,0.0,False,False
intermittent,1,93,True,True,0.0024914611349987326,0.9723071565405362,False,True,0.0015317810070369915,0.0024914611349987326,0.4873998388841727,0.4873998388841727,0.0,0.0,False,False
intermittent,1,94,False,True,0.004469271502506987,0.9969653929589302,False,True,,,,,,,False,False
intermittent,1,95,True,True,0.002642765631345224,0.9880013676225111,False,True,0.0021047527876819987,0.002642765631345224,0.2281672297538897,0.2281672297538897,0.0,0.0,False,False
intermittent,1,96,True,True,0.002671033261155951,0.9864573511842413,False,True,0.0016178187880713172,0.0026710332611559508,0.5024420498330366,0.5024420498330366,0.0,0.0,False,False
intermittent,1,97,False,True,0.0044303312639091185,0.9984700584850413,False,True,,,,,,,False,False
intermittent,1,98,False,True,0.007554407189649897,0.9995031656546739,False,True,,,,,,,False,False
intermittent,1,99,False,True,0.009333395186125273,0.9997031416858212,False,True,,,,,,,False,False
intermittent,1,100,False,True,0.009906787195023373,0.9997030430429495,False,True,,,,,,,False,False
intermittent,1,101,False,True,0.010139566079573451,0.9994329697981731,False,True,,,,,,,False,False
intermittent,1,102,False,True,0.005537665018475091,0.9986663188143555,False,True,,,,,,,False,False
intermittent,1,103,False,True,0.009232573181264738,0.9997854315859774,False,True,,,,,,,False,False
intermittent,1,104,False,True,0.009727134354265405,0.9990580905558751,False,True,,,,,,,False,False
intermittent,1,105,False,True,0.005688854804726817,0.9991845862402081,False,True,,,,,,,False,False
intermittent,1,106,False,True,0.005075633884605641,0.9992416828604811,False,True,,,,,,,False,False
intermittent,1,107,False,True,0.0076321424196917126,0.9996943704478466,False,True,,,,,,,False,False
intermittent,1,108,False,True,0.00903302167354,0.9992669003441491,False,True,,,,,,,False,False
intermittent,1,109,False,True,0.009967418705538243,0.9993522692732973,False,True,,,,,,,False,False
intermittent,1,110,False,True,0.010217872815758528,0.9993437185550907,False,True,,,,,,,False,False
intermittent,1,111,False,True,0.010249056000542402,0.9994509893226573,False,True,,,,,,,False,False
intermittent,1,112,False,True,0.009978396891384952,0.9992462558493808,False,True,,,,,,,False,False
intermittent,1,113,False,True,0.010086988122504019,0.9995975844649715,False,True,,,,,,,False,False
intermittent,1,114,False,True,0.010105374798392583,0.999693790867702,False,True,,,,,,,False,False
intermittent,1,115,False,True,0.01008577379095199,0.9993813438124363,False,True,,,,,,,False,False
intermittent,1,116,False,True,0.009870410246485214,0.9989379056112708,False,True,,,,,,,False,False
intermittent,1,117,False,True,0.010059415086756876,0.9995149343040487,False,True,,,,,,,False,False
intermittent,1,118,False,True,0.0054895518201742285,0.9967209921991212,False,True,,,,,,,False,False
intermittent,1,119,False,True,0.004920070845566095,0.9956243429736604,False,True,,,,,,,False,False
intermittent,1,120,False,True,0.007976691960521214,0.9994008263651885,False,True,,,,,,,False,False
intermittent,1,121,False,True,0.009254016318126303,0.9992539664301655,False,True,,,,,,,False,False
intermittent,1,122,False,False,0.0052242241827939314,0.9052709617764142,False,True,,,,,,,False,False
intermittent,1,123,False,False,0.008335848300708616,0.9893579253133089,False,True,,,,,,,False,False
intermittent,1,124,False,True,0.009829700662835927,0.9989955313775503,False,True,,,,,,,False,False
intermittent,1,125,False,False,0.0054418490120431975,0.903121539595455,False,True,,,,,,,False,False
intermittent,1,126,False,False,0.008312832077171768,0.9888915571515553,False,True,,,,,,,False,False
intermittent,1,127,False,True,0.00489696804019459,0.9921505074964183,False,True,,,,,,,False,False
intermittent,1,128,False,True,0.008474493587788682,0.998110449975826,False,True,,,,,,,False,False
intermittent,1,129,False,True,0.005371004274463558,0.9953988879652371,False,True,,,,,,,False,False
intermittent,1,130,False,True,0.008381125494578121,0.9990665738795786,False,True,,,,,,,False,False
intermittent,1,131,False,True,0.009651092910749429,0.9996142357059163,False,True,,,,,,,False,False
intermittent,1,132,False,True,0.010065780635684496,0.9995970976851921,False,True,,,,,,,False,False
intermittent,1,133,False,True,0.010046159414734789,0.9995876332499221,False,True,,,,,,,False,False
intermittent,1,134,False,True,0.009995491138352219,0.9991431329696566,False,True,,,,,,,False,False
intermittent,1,135,False,True,0.0055385478400244315,0.996735233248645,False,True,,,,,,,False,False
intermittent,1,136,False,True,0.008483812035347057,0.9987113779755097,False,True,,,,,,,False,False
intermittent,1,137,False,True,0.005342688148465794,0.9958231533405835,False,True,,,,,,,False,False
intermittent,1,138,False,True,0.008322656974880051,0.999460963425677,False,True,,,,,,,False,False
intermittent,1,139,False,True,0.005349159683391968,0.995927423336381,False,True,,,,,,,False,False
intermittent,1,140,False,True,0.008049609918996519,0.9988936189723142,False,True,,,,,,,False,False
intermittent,1,141,False,True,0.009659839967516912,0.9996798375064697,False,True,,,,,,,False,False
intermittent,1,142,False,True,0.005526371120553711,0.9965687862518997,False,True,,,,,,,False,False
intermittent,1,143,False,True,0.005183176796885853,0.9959898057390222,False,True,,,,,,,False,False
intermittent,1,144,False,True,0.007109849144952283,0.9992273097180022,False,True,,,,,,,False,False
intermittent,1,145,True,True,0.0029937743476918877,0.6399670949628044,False,True,0.002656706435310302,0.0029937743476918877,0.11978576449780576,0.11978576449780576,0.0,0.0,False,False
intermittent,1,146,True,True,0.0028785827369803775,0.21242720363826223,False,False,0.0017220288252099436,0.002878582736980378,0.5149541431683033,0.5149541431683033,0.0,0.0,False,False
intermittent,1,147,False,True,0.004523876490701079,0.8790398966226176,False,True,,,,,,,False,False
intermittent,1,148,True,True,0.00379665333906099,0.682233360576263,False,True,0.003072577064806962,0.0037966533390608923,0.21232990598024415,0.2123299059802699,2.5770739192255916e-156,2.5757174171303632e-14,False,False
intermittent,1,149,True,False,0.0048057291357003215,0.8073588338525147,False,True,0.0037586868056704355,0.004805729135700497,0.24679067888814465,0.24679067888810824,2.106954337153234e-145,-3.6415315207705135e-14,False,False
intermittent,1,150,True,False,0.0030109639455091503,0.8541771931877247,False,True,0.0021827354025626073,0.0030109639455091503,0.3225117980949346,0.3225117980949346,0.0,0.0,False,False
intermittent,1,151,True,True,0.002844696265901561,0.8781581187629179,False,True,0.001726971692945981,0.0028446962659015615,0.500207178540399,0.500207178540399,0.0,0.0,False,False
intermittent,1,152,True,True,0.002732517962073723,0.871070093381088,False,True,0.0016785551247390847,0.002732517962073723,0.4883464286024859,0.4883464286024859,0.0,0.0,False,False
intermittent,1,153,True,True,0.0028133709069441152,0.9012856024752359,False,True,0.0016450895567400603,0.0028133709069441152,0.5377594425475118,0.5377594425475118,0.0,0.0,False,False
intermittent,1,154,True,True,0.0015721658941497377,0.953724095279388,False,True,0.002785237197874673,0.0015721701494468517,-0.5730918297170557,-0.5730945406217631,4.9167144768443414e-05,-5.1878049475817534e-05,False,False
intermittent,1,155,True,True,0.0019019151614854016,0.9520977435904444,False,True,0.0012476136261810906,0.0019019151614854018,0.4222840641789576,0.4222840641789576,0.0,0.0,False,False
intermittent,1,156,True,True,0.0024115212788330086,0.9616026818580259,False,True,0.0013722817599278057,0.002411521278833008,0.5648241212676002,0.5648241212676002,0.0,0.0,False,False
intermittent,1,157,True,True,0.002084198785938361,0.9636145173760173,False,True,0.0015453532980380337,0.002084198785938361,0.29967177515395527,0.29967177515395527,0.0,0.0,False,False
intermittent,1,158,True,True,0.0023844263756437807,0.970756011360626,False,True,0.001436575951553905,0.002384426375643781,0.5076457762024598,0.5076457762024598,0.0,0.0,False,False
intermittent,1,159,True,True,0.0021347613083956656,0.98030726842069,False,True,0.001536640035524843,0.0021347613083956656,0.3293558246367434,0.3293558246367434,0.0,0.0,False,False
intermittent,1,160,True,True,0.002100644387860317,0.9806054230957297,False,True,0.001453908375293679,0.002100644387860317,0.3686366750232333,0.3686366750232333,0.0,0.0,False,False
intermittent,1,161,True,True,0.0022513211738303227,0.9867230161906652,False,True,0.0014422361359101188,0.002251321173830323,0.44613303301707674,0.44613303301707674,0.0,0.0,False,False
intermittent,1,162,True,True,0.002378978206003449,0.9501191685617913,False,True,0.001493100946344604,0.0023789782060034486,0.46670353666437236,0.46670353666437236,0.0,0.0,False,False
intermittent,1,163,True,True,0.002065171305972771,0.9502213749283495,False,True,0.0015348820524848682,0.0020651713059727708,0.2972908860670387,0.2972908860670387,0.0,0.0,False,False
intermittent,1,164,True,True,0.002298801698708113,0.9558685514529366,False,True,0.0014299993013166625,0.0022988016987081136,0.47558445619707257,0.47558445619707257,0.0,0.0,False,False
intermittent,1,165,True,True,0.002546986886133565,0.9718579724265707,False,True,0.0015087754542632112,0.002546986886133565,0.5246530040258355,0.5246530040258355,0.0,0.0,False,False
intermittent,1,166,True,True,0.002059409975492736,0.9708305952253306,False,True,0.0015882034798513735,0.002059409975492736,0.2602880990332377,0.2602880990332377,0.0,0.0,False,False
intermittent,1,167,True,True,0.0020792684072904934,0.9748728490518275,False,True,0.001428002006841516,0.002079268407290493,0.37639224582448705,0.37639224582448705,0.0,0.0,False,False
intermittent,1,168,True,True,0.002063108389016959,0.9736604389856807,False,True,0.001434874699617299,0.002063108389016959,0.36376557857411296,0.36376557857411296,0.0,0.0,False,False
intermittent,1,169,True,True,0.0021020297581555913,0.9803699955020901,False,True,0.0014292844643880454,0.0021020297581555913,0.38640342019084173,0.38640342019084173,0.0,0.0,False,False
intermittent,1,170,True,True,0.0020730404901838973,0.9792364192513315,False,True,0.0014427119372636393,0.0020730404901838978,0.36312317180786113,0.36312317180786113,0.0,0.0,False,False
intermittent,1,171,True,True,0.002079144194724392,0.9799008400046885,False,True,0.0014327228493686687,0.0020791441947243918,0.37302719838302956,0.37302719838302956,0.0,0.0,False,False
intermittent,1,172,True,True,0.0021806745077725077,0.9860462796773862,False,True,0.0014348318135002848,0.0021806745077725077,0.4193337904428054,0.4193337904428054,0.0,0.0,False,False
intermittent,1,173,False,True,0.005274287505952277,0.9990478045549158,False,True,,,,,,,False,False
intermittent,1,174,True,True,0.0021760496550471144,0.9881491233120956,False,True,0.002286963401683032,0.002176049655047114,-0.04982492580715103,-0.04982492580715103,0.0,0.0,False,False
intermittent,1,175,True,True,0.002055320955178853,0.9887428511630524,False,True,0.001467910518813771,0.0020553209551788525,0.3371804915446992,0.3371804915446992,0.0,0.0,False,False
intermittent,1,176,True,True,0.002025414338135823,0.9888151623073286,False,True,0.0014265827661825094,0.0020254143381358233,0.35109224756723556,0.35109224756723556,0.0,0.0,False,False
intermittent,1,177,True,True,0.0020472779892859684,0.9899727174662509,False,True,0.0014161595297032413,0.002047277989285969,0.36919466287576075,0.36919466287576075,0.0,0.0,False,False
intermittent,1,178,True,True,0.002064818154554704,0.9912022624316301,False,True,0.0014237870552835817,0.0020648181545547045,0.3723640510358077,0.3723640510358077,0.0,0.0,False,False
intermittent,1,179,True,True,0.002004182475162881,0.989608348539699,False,True,0.001429876953406405,0.002004182475162881,0.33822313388051395,0.33822313388051395,0.0,0.0,False,False
intermittent,1,180,True,True,0.0020801134145679604,0.9916078108575874,False,True,0.0014087130387826293,0.0020801134145679604,0.3904184429701214,0.3904184429701214,0.0,0.0,False,False
intermittent,1,181,True,True,0.002107210964280305,0.9951787651452882,False,True,0.0014351664162595102,0.002107210964280305,0.38475768023620915,0.38475768023620915,0.0,0.0,False,False
intermittent,1,182,True,True,0.0020889467617751967,0.9768754898956683,False,True,0.001444490023692174,0.0020889467617751967,0.3695492600789443,0.3695492600789443,0.0,0.0,False,False
intermittent,1,183,True,True,0.00222578533249865,0.9394715024766218,False,True,0.0014382123698863615,0.00222578533249865,0.43749789765450053,0.43749789765450053,0.0,0.0,False,False
intermittent,1,184,True,True,0.0020712050759008485,0.9214138325530943,False,True,0.0014846027998365555,0.002071205075900848,0.3335709856111482,0.3335709856111482,0.0,0.0,False,False
intermittent,1,185,True,True,0.0020636306752962836,0.9233888256508522,False,True,0.0014320880683822569,0.0020636306752962836,0.36596597671493036,0.36596597671493036,0.0,0.0,False,False
intermittent,1,186,True,True,0.0020973451046850766,0.9588110730474735,False,True,0.0014294654794134113,0.0020973451046850766,0.38404078474329406,0.38404078474329406,0.0,0.0,False,False
intermittent,1,187,False,True,0.004385370549878469,0.998067626282329,False,True,,,,,,,False,False
intermittent,1,188,True,True,0.0033252236088298728,0.9988259338737026,False,True,0.00237142154699681,0.0033252235792005477,0.33900385612022,0.33900386506042424,1.5202434878099575e-07,-1.4308414453267915e-07,False,False
intermittent,1,189,True,True,0.0017350683645623397,0.9933673105959361,False,True,0.0032919713727415745,0.001735067636627547,-0.6420010177048594,-0.6420005974331437,1.3336653029660902e-06,-9.13393587431699e-07,False,False
intermittent,1,190,True,True,0.0013160494987513917,0.9892381776753002,False,True,0.001717717680916717,0.0013160463500033386,-0.26676670887479226,-0.2667643131433306,6.149344136465936e-06,-3.7536126749060372e-06,False,False
intermittent,1,191,True,False,0.0014369532551906105,0.9883727740097098,False,True,0.001302889003763878,0.0012659402750262567,-0.028805959137951476,0.09807521591071078,0.29209207134163906,-0.1652108962929768,False,True
intermittent,1,192,True,False,0.0016526348167923532,0.9907776862758293,False,True,0.0014225837226386844,0.0016526320098522668,0.15012483577196267,0.1501265370485948,1.3765387627640128e-05,-1.2064110995524402e-05,False,False
intermittent,1,193,True,False,0.0017507155069412597,0.9953728470237877,False,True,0.0016361084686244063,0.001750711638358271,0.06781661623728219,0.06781882983047494,1.7589273546602118e-05,-1.537568035381298e-05,False,False
intermittent,1,194,True,False,0.002514437845213033,0.9899692577210143,False,True,0.0013165797479215303,0.002514437845213033,0.6482121411007435,0.6482121411007435,0.0,0.0,False,False
intermittent,1,195,True,True,0.001850456150056813,0.9772437993175399,False,True,0.0015780132986296922,0.0018504561500568134,0.15953843707165305,0.15953843707165305,0.0,0.0,False,False
intermittent,1,196,True,True,0.001974794913563047,0.9697496453228848,False,True,0.0013535807501608543,0.001974794913563047,0.3783333128993398,0.3783333128993398,0.0,0.0,False,False
intermittent,1,197,True,True,0.0020688156317449657,0.9741531994093551,False,True,0.0013983409788316903,0.0020688156317449657,0.39236140515634155,0.39236140515634155,0.0,0.0,False,False
intermittent,1,198,True,True,0.0020541745441016285,0.9731697265568725,False,True,0.0014312612550901889,0.0020541745441016285,0.36194203420868565,0.36194203420868565,0.0,0.0,False,False
intermittent,1,199,True,True,0.0021193494260202104,0.9736326230699822,False,True,0.0014261846107316025,0.00211934942602021,0.39680078876081826,0.39680078876081826,0.0,0.0,False,False
intermittent,1,200,False,True,0.004027519551988592,0.9971196285471008,False,True,,,,,,,False,False
intermittent,1,201,True,True,0.002304566023574887,0.9794096044615849,False,True,0.001997803312723084,0.0023045660235748865,0.1431515733551647,0.1431515733551647,0.0,0.0,False,False
intermittent,1,202,True,True,0.0020313636796448144,0.9740069514373098,False,True,0.001510667381150304,0.002031363679644815,0.2966774235444234,0.2966774235444234,0.0,0.0,False,False
intermittent,1,203,True,True,0.002080453507899798,0.9797246572575523,False,True,0.0014182391109422818,0.0020804535078997976,0.3838332381028957,0.3838332381028957,0.0,0.0,False,False
intermittent,1,204,True,True,0.002014525886450848,0.9008936361409325,False,True,0.0014352838079118289,0.002014525886450848,0.3396015133829655,0.3396015133829655,0.0,0.0,False,False
intermittent,1,205,True,True,0.002058052398677137,0.9202837642457762,False,True,0.0014123455913287804,0.002058052398677137,0.3771550650757973,0.3771550650757973,0.0,0.0,False,False
intermittent,1,206,False,True,0.00420921359750305,0.9955808726935894,False,True,,,,,,,False,False
intermittent,1,207,True,True,0.0021313182926075863,0.9739476626578015,False,True,0.0020424628578112974,0.002131318292607586,0.04267338332619186,0.04267338332619186,0.0,0.0,False,False
intermittent,1,208,True,True,0.0020803593562587716,0.9796196056852472,False,True,0.0014527346721162004,0.0020803593562587716,0.35972162064472535,0.35972162064472535,0.0,0.0,False,False
intermittent,1,209,True,True,0.002064922707484575,0.9803232692084196,False,True,0.001435251310094038,0.002064922707484575,0.36438360838922446,0.36438360838922446,0.0,0.0,False,False
intermittent,1,210,True,True,0.002031487159103144,0.9758828149699939,False,True,0.0014299131764414989,0.0020314871591031436,0.35175700582808567,0.35175700582808567,0.0,0.0,False,False
intermittent,1,211,True,True,0.002052572030451897,0.9757433977512954,False,True,0.0014182822407788746,0.002052572030451897,0.3702825984695064,0.3702825984695064,0.0,0.0,False,False
intermittent,1,212,True,True,0.0020851311594273065,0.9817416860047671,False,True,0.0014256278624781846,0.0020851311594273065,0.38088010057721977,0.38088010057721977,0.0,0.0,False,False
intermittent,1,213,True,True,0.002199839242643979,0.9897822907686094,False,True,0.0014368974461353157,0.002199839242643979,0.42666237993103984,0.42666237993103984,0.0,0.0,False,False
intermittent,1,214,True,True,0.001374056474677619,0.9944734143404586,False,True,0.0021778408502175087,0.0013740530947550082,-0.4613743326140334,-0.4613718694129748,2.9087781644296223e-06,-4.455771058786695e-07,False,False
intermittent,1,215,True,True,0.0012571300875694673,0.9969518492174169,False,True,0.0013603159099308427,0.0012571230033209227,-0.07899450813043796,-0.07898886576644748,8.398551936747352e-06,-2.756187946317823e-06,False,False
intermittent,1,216,True,True,0.0018929796114495953,0.9839120950168098,False,True,0.0011156054124949431,0.0018929796114495953,0.5295334186664054,0.5295334186664054,0.0,0.0,False,False
intermittent,1,217,True,True,0.002037907003972037,0.9777202797833467,False,True,0.001369052707617667,0.0020379070039720374,0.3984742519987652,0.3984742519987652,0.0,0.0,False,False
intermittent,1,218,True,True,0.002031765772365192,0.9050661076440113,False,True,0.0014205228155769966,0.0020317657723651914,0.358492569625378,0.358492569625378,0.0,0.0,False,False
intermittent,1,219,True,True,0.0020402439892179647,0.911859218136826,False,True,0.0014183795521208777,0.0020402439892179647,0.3641772854642733,0.3641772854642733,0.0,0.0,False,False
intermittent,1,220,True,True,0.0020730461696897317,0.9395649620310864,False,True,0.0014213375676902147,0.002073046169689732,0.3780735770683741,0.3780735770683741,0.0,0.0,False,False
intermittent,1,221,True,True,0.0020701218543692558,0.9564488550401399,False,True,0.0014327248132001724,0.0020701218543692558,0.3686678928084106,0.3686678928084106,0.0,0.0,False,False
intermittent,1,222,False,True,0.004220152675537447,0.9977701105094896,False,True,,,,,,,False,False
intermittent,1,223,True,True,0.0021355314720518143,0.9833212629931396,False,True,0.0020451208274946085,0.0021355314720518143,0.04334927667667632,0.04334927667667632,0.0,0.0,False,False
intermittent,1,224,False,True,0.00404219857466151,0.9981497029248041,False,True,,,,,,,False,False
intermittent,1,225,True,True,0.00212651975358553,0.985932666461305,False,True,0.002001447970894438,0.0021265197535855302,0.06074115132302804,0.06074115132302804,0.0,0.0,False,False
intermittent,1,226,True,True,0.0020453071603402317,0.9827273063263819,False,True,0.001451097302232715,0.002045307160340232,0.3438231989706546,0.3438231989706546,0.0,0.0,False,False
intermittent,1,227,False,True,0.004298418144787819,0.9993070331208923,False,True,,,,,,,False,False
intermittent,1,228,True,True,0.00213498420351786,0.988823544967277,False,True,0.002064038928501373,0.00213498420351786,0.033865634221910135,0.033865634221910135,0.0,0.0,False,False
intermittent,1,229,True,True,0.0020563655503417384,0.9861245719691895,False,True,0.001453984326367575,0.002056365550341738,0.34723596964488745,0.34723596964488745,0.0,0.0,False,False
intermittent,1,230,True,True,0.0020605889783223007,0.9852003881039872,False,True,0.0014269454639948415,0.0020605889783223007,0.36809048361414654,0.36809048361414654,0.0,0.0,False,False
intermittent,1,231,True,True,0.002022080875177257,0.9796225899718052,False,True,0.0014284109610197434,0.002022080875177257,0.34815920299826786,0.34815920299826786,0.0,0.0,False,False
intermittent,1,232,True,True,0.0020490544661384514,0.9792714045425015,False,True,0.0014149929929992225,0.002049054466138451,0.3708890331887442,0.3708890331887442,0.0,0.0,False,False
intermittent,1,233,True,True,0.002074557422848219,0.9832868267520617,False,True,0.0014244050236495187,0.002074557422848219,0.3766449333161379,0.3766449333161379,0.0,0.0,False,False
intermittent,1,234,True,True,0.0020273344830542242,0.9784607287672441,False,True,0.0014332472716058263,0.0020273344830542247,0.3473742954882173,0.3473742954882173,0.0,0.0,False,False
intermittent,1,235,True,True,0.0020572944779526777,0.9797685917871817,False,True,0.0014168310451128914,0.0020572944779526773,0.3736106179054026,0.3736106179054026,0.0,0.0,False,False
intermittent,1,236,True,True,0.0020771904617258473,0.9840270523070389,False,True,0.001427267923315928,0.0020771904617258473,0.37590523074036053,0.37590523074036053,0.0,0.0,False,False
intermittent,1,237,True,True,0.002018271398187359,0.9779864834006398,False,True,0.0014341570919341122,0.0020182713981873593,0.3422492417083056,0.3422492417083056,0.0,0.0,False,False
intermittent,1,238,True,True,0.0020761240750467817,0.983240625567088,False,True,0.0014136587022473399,0.002076124075046782,0.38498518533079906,0.38498518533079906,0.0,0.0,False,False
intermittent,1,239,True,True,0.0020652565748839925,0.9837788883390572,False,True,0.0014337886819393033,0.0020652565748839925,0.3655666739966694,0.3655666739966694,0.0,0.0,False,False
intermittent,1,240,True,True,0.0020828036359988593,0.9871714995698542,False,True,0.0014300288408305478,0.0020828036359988597,0.37667419893010834,0.37667419893010834,0.0,0.0,False,False
intermittent,2,1,False,False,,,False,False,,,,,,,False,False
intermittent,2,2,False,False,,,False,False,,,,,,,False,False
intermittent,2,3,True,False,0.01103786738763042,0.010723883201276882,False,False,0.003169719856155823,0.011037867387630419,1.2556131228423562,1.2556131228423562,0.0,0.0,False,False
intermittent,2,4,True,False,0.0075715592092868425,0.01222632368639497,False,False,0.010927488713754192,0.012472278816203145,0.13379005020353674,-0.37026975980655286,-0.5291091625421297,0.025049352532040103,True,False
intermittent,2,5,True,False,0.009674220161564074,0.010987571810385387,False,False,0.002742008978556744,0.009674220161564074,1.267749320891216,1.267749320891216,0.0,0.0,False,False
intermittent,2,6,True,False,0.010343591361802549,0.009072435109342936,False,False,0.003101583580152413,0.010343591361802549,1.2117453770842976,1.2117453770842976,0.0,0.0,False,False
intermittent,2,7,True,False,0.0029330616297750032,0.008072409995017004,False,False,0.010240155448184811,0.0074889876771550914,-0.3156589437753201,-1.2576255727274332,-0.9419666289521096,-3.552713678800501e-15,False,False
intermittent,2,8,False,False,,,False,False,,,,,,,False,False
intermittent,2,9,False,False,,,False,False,,,,,,,False,False
intermittent,2,10,True,True,0.0069880402290341025,0.008276326790294773,False,False,0.002378936930844037,0.006988040229034104,1.0821772287768878,1.0821772287768878,0.0,0.0,False,False
intermittent,2,11,True,True,0.006978768899594169,0.007613709044855448,False,False,0.002633750911155069,0.006978768899594169,0.978829502777109,0.978829502777109,0.0,0.0,False,False
intermittent,2,12,True,True,0.008277332048021347,0.008136233552303926,False,False,0.0026319956456353345,0.008277332048021347,1.151454654928746,1.151454654928746,0.0,0.0,False,False
intermittent,2,13,True,True,0.008065106348278422,0.007931149679887691,False,False,0.0028676069459165664,0.008065106348278422,1.039295111529042,1.039295111529042,0.0,0.0,False,False
intermittent,2,14,True,True,0.021318026005434927,0.007735461126048105,False,False,0.00798445528479564,0.021318025986401975,0.9955884784947342,0.9955884794069921,9.00290589432845e-10,1.1967316027039487e-11,False,False
intermittent,2,15,True,True,0.0456478870024603,0.018680733897664652,False,False,0.02110484574538029,0.045647886875421886,0.7968464933645647,0.796846496280687,2.8399290711293306e-09,7.619327391239494e-11,False,False
intermittent,2,16,True,True,0.09324589594887797,0.041448911157993304,False,False,0.04519140813243568,0.09324589577563368,0.7759726497952086,0.7759726518441983,1.9837369434732437e-09,6.52526921385288e-11,False,False
intermittent,2,17,True,True,0.1820226245489881,0.08630155666674391,False,False,0.09231343698938921,0.18202262436688277,0.7830057246448647,0.7830057258679478,1.1839081966452565e-09,3.9174885557713424e-11,False,False
intermittent,2,18,False,True,0.1802023983034982,0.08543854110007647,False,False,,,,,,,False,False
intermittent,2,19,True,True,0.37402708604494705,0.17949076203542685,True,False,0.3301959337787554,0.37402708604078116,0.1923201297826963,0.1923201298004894,2.1730386652860168e-11,-3.937294934530655e-12,False,False
intermittent,2,20,True,True,0.6252414040869877,0.3390259998324148,True,True,0.37028681518449424,0.6196956850196003,1.0192433378109231,1.0428423192613958,0.02294682182466083,0.0006521596258117768,False,False
intermittent,2,21,True,True,0.8302667570556972,0.555212397262993,True,True,0.6189889900461162,0.8302667570519672,1.102259784069557,1.1022597840960249,2.5893236128145755e-11,5.74651437545981e-13,False,False
intermittent,2,22,True,True,0.9508975478614654,0.7877804851648988,True,True,0.8219640894851392,0.950897547861409,1.4337859175760985,1.4337859175773076,1.1902932363982934e-12,1.865174681370263e-14,False,False
intermittent,2,23,True,True,0.9864854658237695,0.9262740766721359,True,True,0.94138857238285,0.9864854658237232,1.5139565784804123,1.5139565784838744,3.397257915288672e-12,6.483702463810914e-14,False,False
intermittent,2,24,True,True,0.9954019637318123,0.9802245512281033,True,True,0.9766206111655317,0.9954019637317983,1.6452738838450571,1.6452738838481158,2.9708160447069648e-12,8.79296635503124e-14,False,False
intermittent,2,25,True,True,0.996974170558824,0.9934672094628438,True,True,0.9854479440944941,0.9969741705588121,1.5821755927388912,1.5821755927428267,3.878699690599342e-12,5.684341886080802e-14,False,False
intermittent,2,26,True,True,0.997637290397469,0.9969472651682707,True,True,0.9870044288532358,0.9976372903974606,1.7155147684633674,1.7155147684669858,3.611289208457495e-12,7.105427357601002e-15,False,False
intermittent,2,27,True,True,0.9977710315405839,0.9976533536534062,True,True,0.9876609174934943,0.9977710315405788,1.7214171450890303,1.7214171450913054,2.279538827146423e-12,-4.440892098500626e-15,False,False
intermittent,2,28,True,True,0.9972213274114908,0.9972100459167685,True,True,0.987793321225178,0.9972213274114787,1.4895091668762834,1.4895091668806952,4.345104881797462e-12,6.661338147750939e-14,False,False
intermittent,2,29,True,True,0.9974813591215748,0.9975023982173155,True,True,0.9872491141373759,0.9974813591215637,1.6321923846646325,1.6321923846689783,4.3184006980134275e-12,2.7533531010703882e-14,False,False
intermittent,2,30,True,True,0.9975834920146988,0.9976128517740999,True,True,0.987506545530359,0.9975834920146869,1.6530340693286174,1.65303406933359,4.949626572278717e-12,2.3092638912203256e-14,False,False
intermittent,2,31,False,True,0.9876076570945518,0.9876367232563589,True,True,,,,,,,False,False
intermittent,2,32,True,True,0.9958968558021577,0.9959273108776786,True,True,0.9828949156698595,0.9958968558021322,1.4407636722403607,1.4407636722466213,6.377725301572591e-12,-1.1723955140041653e-13,False,False
intermittent,2,33,True,True,0.9970634154181053,0.9970878949480906,True,True,0.985937887244136,0.9970634154180249,1.5774579592285427,1.5774579592559856,2.706181763354144e-11,3.810285420513537e-13,False,False
intermittent,2,34,True,True,0.997623101424609,0.9976419095341341,True,True,0.9870927812639242,0.9976231014246015,1.7026017412707608,1.7026017412739256,3.1159691652436693e-12,4.884981308350689e-14,False,False
intermittent,2,35,True,True,0.9971307590537537,0.9971419633441183,True,True,0.987646870410363,0.9971307590537177,1.4694186215234888,1.46941862153611,1.2459580752135299e-11,1.616484723854228e-13,False,False
intermittent,2,36,True,True,0.9973675614665359,0.9973747618071124,True,True,0.9871594514632162,0.9973675614665141,1.5949851941021063,1.5949851941104802,8.288749014097209e-12,8.526512829121202e-14,False,False
intermittent,2,37,True,True,0.9978235927932166,0.9978307082562297,True,True,0.9873938858518707,0.9978235927932033,1.767013965473982,1.7670139654800046,5.985221321101143e-12,3.730349362740526e-14,False,False
intermittent,2,38,True,True,0.997501483682924,0.9975034578356601,True,True,0.9878453568652844,0.9975014836829097,1.5917416373141213,1.5917416373198412,5.685181123139624e-12,3.4638958368304884e-14,False,False
intermittent,2,39,True,True,0.997465820324166,0.9974657086717046,True,True,0.9875264688460949,0.9974658203241527,1.6037534886559381,1.6037534886612093,5.1981798437521585e-12,7.283063041541027e-14,False,False
intermittent,2,40,True,True,0.9976890637581801,0.997687764197223,True,True,0.9874911621209242,0.9976890637581654,1.6990568043104677,1.699056804316945,6.433777710312606e-12,4.3520742565306136e-14,False,False
intermittent,2,41,True,True,0.9972649397303162,0.9972635025783019,True,True,0.9877121731205983,0.9972649397303022,1.5120807546804729,1.512080754685496,5.017852231439719e-12,5.329070518200751e-15,False,False
intermittent,2,42,True,True,0.9972921927269793,0.9972906042948646,True,True,0.9872922903330132,0.9972921927269642,1.556147349857616,1.5561473498631246,5.45008080729172e-12,5.861977570020827e-14,False,False
intermittent,2,43,True,True,0.9975346205915038,0.9975331010885946,True,True,0.9873192707997094,0.9975346205914858,1.6480311337607745,1.6480311337680928,7.22153467773073e-12,9.681144774731365e-14,False,False
intermittent,2,44,False,True,0.9875592743855888,0.9875577700777086,True,True,,,,,,,False,False
intermittent,2,45,True,True,0.9967347460139466,0.9967333294818624,True,True,0.9830054344580359,0.996734746013936,1.6634261025674366,1.6634261025706538,3.3194002199551707e-12,-1.021405182655144e-13,False,False
intermittent,2,46,True,True,0.9783362926080036,0.9914380717564516,True,True,0.9867673985538072,0.9914410477563902,0.4404309519389926,-0.501535676994891,-0.9419666289341163,2.327027459614328e-13,True,False
intermittent,2,47,True,True,0.9479825029833351,0.987747026469685,True,True,0.9685529296819235,0.9790557108362796,0.41722522380100235,-0.5247414051371814,-0.9419666289383702,1.865174681370263e-13,True,False
intermittent,2,48,False,True,0.6041308261743512,0.8154526040184509,True,True,,,,,,,False,False
intermittent,2,49,True,True,0.6847073854619213,0.9540711264081951,True,True,0.7693585073433317,0.8478009994096177,0.5127645235998548,-0.42920210534725733,-0.9419666289470322,-7.993605777301127e-14,True,False
intermittent,2,50,True,True,0.5225134906866796,0.9580113959259068,True,True,0.6778603116073036,0.737319243847399,0.2881255548819456,-0.653841074050483,-0.9419666289327243,2.957634137601417e-13,True,False
intermittent,2,51,False,True,0.09679063905772384,0.6477831585271017,False,True,,,,,,,False,False
intermittent,2,52,True,True,0.11391183951120333,0.8943600280585406,False,True,0.2014294259163041,0.24797810018535707,0.2679592615691184,-0.6740073673716471,-0.9419666289405355,-2.3003821070233244e-13,True,False
intermittent,2,53,True,True,0.05988149987702975,0.9167287916869303,False,True,0.1127727211160913,0.14043620761365325,0.25105501190400004,-0.6909116170076394,-0.9419666289122602,6.208367153703875e-13,True,False
intermittent,2,54,True,True,0.1034185721407149,0.9701336087431766,False,True,0.27746748190690546,0.22831715885388953,-0.2607792454198544,-1.2027458743704547,-0.9419666289505976,-2.6645352591003757e-15,False,False
intermittent,2,55,True,True,0.051010245245868724,0.9766210107570502,False,True,0.10238438641930775,0.12116915716201933,0.1896028307762594,-0.7523637981746485,-0.9419666289509177,9.769962616701378e-15,True,False
intermittent,2,56,True,True,0.018611439503987696,0.9813420214948384,False,True,0.05050014279341005,0.04638758663497935,-0.08926620358138404,-1.0312328325181437,-0.9419666289369968,2.3714363805993344e-13,False,False
intermittent,2,57,True,True,0.004867382774193787,0.982060920443168,False,True,0.01842532510894782,0.01239055284366097,-0.40292099807335635,-1.3448876269894714,-0.9419666289166603,5.453415496958769e-13,False,False
intermittent,2,58,True,True,0.01075232374166267,0.9869222039855658,False,True,0.009548001726049676,0.010752323741662668,0.12000667555524203,0.12000667555524203,0.0,0.0,False,False
intermittent,2,59,True,True,0.00440239869296477,0.9867163616624857,False,True,0.03422246196510428,0.0112149752303657,-1.1391756776675317,-2.0811423066095456,-0.9419666289429929,9.78772618509538e-13,False,False
intermittent,2,60,True,True,0.003996981757246207,0.9875811274428399,False,True,0.0020889106536779102,0.003996981757246208,0.650810699415203,0.650810699415203,0.0,0.0,False,False
intermittent,2,61,True,True,0.0038306450245671974,0.9848014804773684,False,True,0.001990199903822387,0.0038306450245671974,0.6566439326170874,0.6566439326170874,0.0,0.0,False,False
intermittent,2,62,True,True,0.003771909329041763,0.9840954800289407,False,True,0.0019482690040630484,0.003771909329041763,0.6624689100302001,0.6624689100302001,0.0,0.0,False,False
intermittent,2,63,True,True,0.0038208030385629313,0.9848888689910393,False,True,0.001933247471856487,0.003820803038562931,0.6831524056011293,0.6831524056011293,0.0,0.0,False,False
intermittent,2,64,True,True,0.0037441579801307974,0.9825230373114235,False,True,0.0019457599497376022,0.003744157980130798,0.6563476623393427,0.6563476623393427,0.0,0.0,False,False
intermittent,2,65,False,False,,0.7808319781841738,False,True,,,,,,,False,False
intermittent,2,66,True,True,0.003794705487768821,0.9357024701690276,False,True,0.0019260959000382356,0.0037947054877688216,0.6799856684741892,0.6799856684741892,0.0,0.0,False,False
intermittent,2,67,True,False,0.003713700040378073,0.9390447268529027,False,True,0.001939091231932191,0.0037137000403780736,0.6515889081619441,0.6515889081619441,0.0,0.0,False,False
intermittent,2,68,True,False,0.00397328221230721,0.9718108835538549,False,True,0.0036948981891211964,0.00397328221230721,0.07291896200667569,0.07291896200667569,0.0,0.0,False,False
intermittent,2,69,True,False,0.00400854232556095,0.9812815101608412,False,True,0.003953131658256394,0.00400854232556095,0.013975207858903715,0.013975207858903715,0.0,0.0,False,False
intermittent,2,70,True,False,0.003716773281664031,0.9804043912724045,False,True,0.0019930816733497907,0.0037167732816640307,0.6249025011225111,0.6249025011225111,0.0,0.0,False,False
intermittent,2,71,True,False,0.003662645993428678,0.9796801312935527,False,True,0.0019190405377149157,0.003662645993428678,0.6481089796871462,0.6481089796871462,0.0,0.0,False,False
intermittent,2,72,True,False,0.0036589240102968138,0.9814569984169788,False,True,0.0019049914042970151,0.003658924010296814,0.6544504475824988,0.6544504475824988,0.0,0.0,False,False
intermittent,2,73,True,False,0.0035126980782798833,0.9738401925643942,False,True,0.0019040215609777943,0.0035126980782798837,0.6140292106886314,0.6140292106886314,0.0,0.0,False,False
intermittent,2,74,True,False,0.003523825565837457,0.9722365607804543,False,True,0.0018655237502739406,0.003523825565837457,0.6376681458780924,0.6376681458780924,0.0,0.0,False,False
intermittent,2,75,True,False,0.0034516113207463325,0.9679882380938026,False,True,0.0018684809989252674,0.003451611320746333,0.6153027238559288,0.6153027238559288,0.0,0.0,False,False
intermittent,2,76,True,False,0.0033902772127564615,0.9664879476041295,False,True,0.0018492057521685805,0.003390277212756461,0.6077005875520474,0.6077005875520474,0.0,0.0,False,False
intermittent,2,77,True,False,0.0033363795906246677,0.9627449725911009,False,True,0.001832676707440756,0.0033363795906246677,0.6006162839453344,0.6006162839453344,0.0,0.0,False,False
intermittent,2,78,True,True,0.0032859881116281344,0.9611984245309545,False,True,0.0018180286822125317,0.003285988111628135,0.5933863448223438,0.5933863448223438,0.0,0.0,False,False
intermittent,2,79,True,True,0.003247312775895008,0.9634470511055295,False,True,0.0018042268143049225,0.003247312775895008,0.5891424141949617,0.5891424141949617,0.0,0.0,False,False
intermittent,2,80,True,True,0.0031367629105915856,0.9531821309234106,False,True,0.0017935624304939474,0.003136762910591585,0.5603340413443441,0.5603340413443441,0.0,0.0,False,False
intermittent,2,81,True,True,0.0032010910787301583,0.951737582017723,False,True,0.001762726200369559,0.003201091078730158,0.5980720695905504,0.5980720695905504,0.0,0.0,False,False
intermittent,2,82,True,True,0.0031613526340471846,0.9492554432368842,False,True,0.0017807340623150739,0.0031613526340471846,0.5753583497214603,0.5753583497214603,0.0,0.0,False,False
intermittent,2,83,True,True,0.0031464910843713085,0.9579570156321149,False,True,0.0017696312635447594,0.003146491084371308,0.576896944057375,0.576896944057375,0.0,0.0,False,False
intermittent,2,84,False,False,,0.6475320967431307,False,True,,,,,,,False,False
intermittent,2,85,True,True,0.0032001929065083087,0.9049075159505193,False,True,0.0017595948707746381,0.0032001929065083087,0.5995716754779998,0.5995716754779998,0.0,0.0,False,False
intermittent,2,86,True,True,0.003114629633859339,0.9198965977801409,False,True,0.0017804838749395887,0.0031146296338593385,0.5605624996847345,0.5605624996847345,0.0,0.0,False,False
intermittent,2,87,True,True,0.0032948372671130093,0.9637876760045231,False,True,0.00309891511127349,0.0032948372671130093,0.06150124327880491,0.06150124327880491,0.0,0.0,False,False
intermittent,2,88,True,True,0.0029986985527811452,0.9613633247717458,False,True,0.0018066581086024394,0.002998698552781145,0.5078945005410729,0.5078945005410729,0.0,0.0,False,False
intermittent,2,89,True,True,0.002070690676059589,0.9475591593136388,False,True,0.0017234462191454433,0.002070690676059589,0.18390421396971046,0.18390421396971046,0.0,0.0,False,False
intermittent,2,90,True,True,0.0020798072547518805,0.9354800518480053,False,True,0.001431910112080411,0.0020798072547518805,0.3739149645423705,0.3739149645423705,0.0,0.0,False,False
intermittent,2,91,True,True,0.0021954411308000754,0.9474648817907318,False,True,0.0014350607294209689,0.002195441130800075,0.42593759184642366,0.42593759184642366,0.0,0.0,False,False
intermittent,2,92,True,True,0.0023693828784554605,0.9663728675551054,False,True,0.0014744410631632088,0.00236938287845546,0.4752472198419735,0.4752472198419735,0.0,0.0,False,False
intermittent,2,93,True,True,0.0024914611349987326,0.9723071565405362,False,True,0.0015317810070369915,0.0024914611349987326,0.4873998388841727,0.4873998388841727,0.0,0.0,False,False
intermittent,2,94,True,True,0.002115381094996307,0.9638937783954465,False,True,0.0015707803489768603,0.002115381094996307,0.2982080559392859,0.2982080559392859,0.0,0.0,False,False
intermittent,2,95,True,True,0.002642765631345224,0.9880013676225109,False,True,0.0021047527876819987,0.002642765631345224,0.2281672297538897,0.2281672297538897,0.0,0.0,False,False
intermittent,2,96,True,True,0.002671033261155951,0.9864573511842415,False,True,0.0016178187880713172,0.0026710332611559508,0.5024420498330366,0.5024420498330366,0.0,0.0,False,False
intermittent,2,97,False,False,,0.8066581398713579,False,True,,,,,,,False,False
intermittent,2,98,False,False,,0.2839259004331738,False,False,,,,,,,False,False
intermittent,2,99,False,False,,0.037627624471847886,False,False,,,,,,,False,False
intermittent,2,100,False,False,,0.003854356811719411,False,False,,,,,,,False,False
intermittent,2,101,False,False,,,False,False,,,,,,,False,False
intermittent,2,102,False,False,,,False,False,,,,,,,False,False
intermittent,2,103,False,False,,,False,False,,,,,,,False,False
intermittent,2,104,False,False,,,False,False,,,,,,,False,False
intermittent,2,105,False,False,,,False,False,,,,,,,False,False
intermittent,2,106,False,False,,,False,False,,,,,,,False,False
intermittent,2,107,False,False,,,False,False,,,,,,,False,False
intermittent,2,108,False,False,,,False,False,,,,,,,False,False
intermittent,2,109,False,False,,,False,False,,,,,,,False,False
intermittent,2,110,False,False,,,False,False,,,,,,,False,False
intermittent,2,111,False,False,,,False,False,,,,,,,False,False
intermittent,2,112,False,False,,,False,False,,,,,,,False,False
intermittent,2,113,False,False,,,False,False,,,,,,,False,False
intermittent,2,114,False,False,,,False,False,,,,,,,False,False
intermittent,2,115,False,False,,,False,False,,,,,,,False,False
intermittent,2,116,False,False,,,False,False,,,,,,,False,False
intermittent,2,117,False,False,,,False,False,,,,,,,False,False
intermittent,2,118,False,False,,,False,False,,,,,,,False,False
intermittent,2,119,False,False,,,False,False,,,,,,,False,False
intermittent,2,120,False,False,,,False,False,,,,,,,False,False
intermittent,2,121,False,False,,,False,False,,,,,,,False,False
intermittent,2,122,False,False,,,False,False,,,,,,,False,False
intermittent,2,123,False,False,,,False,False,,,,,,,False,False
intermittent,2,124,False,False,,,False,False,,,,,,,False,False
intermittent,2,125,False,False,,,False,False,,,,,,,False,False
intermittent,2,126,False,False,,,False,False,,,,,,,False,False
intermittent,2,127,False,False,,,False,False,,,,,,,False,False
intermittent,2,128,False,False,,,False,False,,,,,,,False,False
intermittent,2,129,False,False,,,False,False,,,,,,,False,False
intermittent,2,130,False,False,,,False,False,,,,,,,False,False
intermittent,2,131,False,False,,,False,False,,,,,,,False,False
intermittent,2,132,False,False,,,False,False,,,,,,,False,False
intermittent,2,133,False,False,,,False,False,,,,,,,False,False
intermittent,2,134,False,False,,,False,False,,,,,,,False,False
intermittent,2,135,False,False,,,False,False,,,,,,,False,False
intermittent,2,136,False,False,,,False,False,,,,,,,False,False
intermittent,2,137,False,False,,,False,False,,,,,,,False,False
intermittent,2,138,False,False,,,False,False,,,,,,,False,False
intermittent,2,139,False,False,,,False,False,,,,,,,False,False
intermittent,2,140,False,False,,,False,False,,,,,,,False,False
intermittent,2,141,False,False,,,False,False,,,,,,,False,False
intermittent,2,142,False,False,,,False,False,,,,,,,False,False
intermittent,2,143,False,False,,,False,False,,,,,,,False,False
intermittent,2,144,False,False,,,False,False,,,,,,,False,False
intermittent,2,145,False,False,,,False,False,,,,,,,False,False
intermittent,2,146,False,False,,,False,False,,,,,,,False,False
intermittent,2,147,True,True,0.0021282954162963478,0.07858768354921779,False,False,0.0016885346587043218,0.0021282954162963478,0.23190089994677798,0.23190089994677798,0.0,0.0,False,False
intermittent,2,148,True,True,0.00379665333906099,0.6822333605762662,False,True,0.003072577064806962,0.0037966533390608923,0.21232990598024415,0.2123299059802699,2.5770739192255916e-156,2.5757174171303632e-14,False,False
intermittent,2,149,True,False,0.0048057291357003215,0.8073588338525147,False,True,0.0037586868056704355,0.004805729135700428,0.24679067888813044,0.24679067888810824,2.106954337153234e-145,-2.220446049250313e-14,False,False
intermittent,2,150,True,False,0.0030109639455091503,0.8541771931877264,False,True,0.0021827354025626073,0.0030109639455091503,0.3225117980949346,0.3225117980949346,0.0,0.0,False,False
intermittent,2,151,True,True,0.002844696265901561,0.8781581187629164,False,True,0.001726971692945981,0.0028446962659015615,0.500207178540399,0.500207178540399,0.0,0.0,False,False
intermittent,2,152,True,True,0.002732517962073723,0.871070093381088,False,True,0.0016785551247390847,0.002732517962073723,0.4883464286024859,0.4883464286024859,0.0,0.0,False,False
intermittent,2,153,True,True,0.0028133709069441152,0.9012856024752347,False,True,0.0016450895567400603,0.0028133709069441152,0.5377594425475118,0.5377594425475118,0.0,0.0,False,False
intermittent,2,154,True,True,0.0015721658941497377,0.9537240952793872,False,True,0.002785237197874673,0.0015721701494468296,-0.57309182971707,-0.5730945406217631,4.9167144768443414e-05,-5.187804946160668e-05,False,False
intermittent,2,155,True,True,0.0019019151614854016,0.9520977435904439,False,True,0.0012476136261810906,0.0019019151614854018,0.4222840641789576,0.4222840641789576,0.0,0.0,False,False
intermittent,2,156,True,True,0.0024115212788330086,0.9616026818580259,False,True,0.0013722817599278057,0.002411521278833008,0.5648241212676002,0.5648241212676002,0.0,0.0,False,False
intermittent,2,157,True,True,0.002084198785938361,0.9636145173760173,False,True,0.0015453532980380337,0.002084198785938361,0.29967177515395527,0.29967177515395527,0.0,0.0,False,False
intermittent,2,158,True,True,0.0023844263756437807,0.970756011360626,False,True,0.001436575951553905,0.002384426375643781,0.5076457762024598,0.5076457762024598,0.0,0.0,False,False
intermittent,2,159,True,True,0.0021347613083956656,0.98030726842069,False,True,0.001536640035524843,0.0021347613083956656,0.3293558246367434,0.3293558246367434,0.0,0.0,False,False
intermittent,2,160,True,True,0.002100644387860317,0.9806054230957297,False,True,0.001453908375293679,0.002100644387860317,0.3686366750232333,0.3686366750232333,0.0,0.0,False,False
intermittent,2,161,False,False,,0.7687638597712944,False,True,,,,,,,False,False
intermittent,2,162,True,True,0.002378978206003449,0.9501191685617916,False,True,0.001493100946344604,0.0023789782060034486,0.46670353666437236,0.46670353666437236,0.0,0.0,False,False
intermittent,2,163,True,True,0.002065171305972771,0.9502213749283492,False,True,0.0015348820524848682,0.0020651713059727708,0.2972908860670387,0.2972908860670387,0.0,0.0,False,False
intermittent,2,164,True,True,0.002298801698708113,0.955868551452937,False,True,0.0014299993013166625,0.0022988016987081136,0.47558445619707257,0.47558445619707257,0.0,0.0,False,False
intermittent,2,165,True,True,0.002546986886133565,0.9718579724265707,False,True,0.0015087754542632112,0.002546986886133565,0.5246530040258355,0.5246530040258355,0.0,0.0,False,False
intermittent,2,166,True,True,0.002059409975492736,0.9708305952253303,False,True,0.0015882034798513735,0.002059409975492736,0.2602880990332377,0.2602880990332377,0.0,0.0,False,False
intermittent,2,167,True,True,0.0020792684072904934,0.9748728490518275,False,True,0.001428002006841516,0.002079268407290493,0.37639224582448705,0.37639224582448705,0.0,0.0,False,False
intermittent,2,168,True,True,0.002063108389016959,0.9736604389856804,False,True,0.001434874699617299,0.002063108389016959,0.36376557857411296,0.36376557857411296,0.0,0.0,False,False
intermittent,2,169,True,True,0.0021020297581555913,0.9803699955020901,False,True,0.0014292844643880454,0.0021020297581555913,0.38640342019084173,0.38640342019084173,0.0,0.0,False,False
intermittent,2,170,True,True,0.0020730404901838973,0.9792364192513315,False,True,0.0014427119372636393,0.0020730404901838978,0.36312317180786113,0.36312317180786113,0.0,0.0,False,False
intermittent,2,171,True,True,0.002079144194724392,0.9799008400046885,False,True,0.0014327228493686687,0.0020791441947243918,0.37302719838302956,0.37302719838302956,0.0,0.0,False,False
intermittent,2,172,True,True,0.0021806745077725077,0.9860462796773862,False,True,0.0014348318135002848,0.0021806745077725077,0.4193337904428054,0.4193337904428054,0.0,0.0,False,False
intermittent,2,173,True,True,0.0022985190137507177,0.9915075803673468,False,True,0.0014694706731688406,0.0022985190137507195,0.448193372068042,0.448193372068042,0.0,0.0,False,False
intermittent,2,174,True,True,0.0021760496550471144,0.9881491233120958,False,True,0.002286963401683032,0.002176049655047114,-0.04982492580715103,-0.04982492580715103,0.0,0.0,False,False
intermittent,2,175,True,True,0.002055320955178853,0.9887428511630526,False,True,0.001467910518813771,0.0020553209551788525,0.3371804915446992,0.3371804915446992,0.0,0.0,False,False
intermittent,2,176,True,True,0.002025414338135823,0.9888151623073286,False,True,0.0014265827661825094,0.0020254143381358233,0.35109224756723556,0.35109224756723556,0.0,0.0,False,False
intermittent,2,177,True,True,0.0020472779892859684,0.9899727174662507,False,True,0.0014161595297032413,0.002047277989285969,0.36919466287576075,0.36919466287576075,0.0,0.0,False,False
intermittent,2,178,True,True,0.002064818154554704,0.9912022624316301,False,True,0.0014237870552835817,0.0020648181545547045,0.3723640510358077,0.3723640510358077,0.0,0.0,False,False
intermittent,2,179,True,True,0.002004182475162881,0.989608348539699,False,True,0.001429876953406405,0.002004182475162881,0.33822313388051395,0.33822313388051395,0.0,0.0,False,False
intermittent,2,180,True,True,0.0020801134145679604,0.9916078108575874,False,True,0.0014087130387826293,0.0020801134145679604,0.3904184429701214,0.3904184429701214,0.0,0.0,False,False
intermittent,2,181,True,True,0.002107210964280305,0.9951787651452882,False,True,0.0014351664162595102,0.002107210964280305,0.38475768023620915,0.38475768023620915,0.0,0.0,False,False
intermittent,2,182,False,False,,0.8696065264173897,False,True,,,,,,,False,False
intermittent,2,183,True,True,0.00222578533249865,0.9394715024766228,False,True,0.0014382123698863615,0.00222578533249865,0.43749789765450053,0.43749789765450053,0.0,0.0,False,False
intermittent,2,184,True,True,0.0020712050759008485,0.9214138325530953,False,True,0.0014846027998365555,0.002071205075900848,0.3335709856111482,0.3335709856111482,0.0,0.0,False,False
intermittent,2,185,True,True,0.0020636306752962836,0.9233888256508535,False,True,0.0014320880683822569,0.0020636306752962836,0.36596597671493036,0.36596597671493036,0.0,0.0,False,False
intermittent,2,186,True,True,0.0020973451046850766,0.958811073047473,False,True,0.0014294654794134113,0.0020973451046850766,0.38404078474329406,0.38404078474329406,0.0,0.0,False,False
intermittent,2,187,True,True,0.0020977941659518725,0.9898004544174321,False,True,0.0020763716536382534,0.0019360536352153203,-0.07011088067286053,0.010285889634964906,0.08142057798523483,-0.001023807677409394,False,True
intermittent,2,188,True,True,0.0033252236088298728,0.9988259338737026,False,True,0.00237142154699681,0.0033252235792005013,0.3390038561202058,0.33900386506042424,1.5202434878099575e-07,-1.4308413032182443e-07,False,False
intermittent,2,189,True,True,0.0017350683645623397,0.9933673105959361,False,True,0.0032919713727415745,0.0017350676366275715,-0.6420010177048452,-0.6420005974331437,1.3336653029660902e-06,-9.133936016425537e-07,False,False
intermittent,2,190,True,True,0.0013160494987513917,0.9892381776753002,False,True,0.001717717680916717,0.0013160463500033572,-0.26676670887477805,-0.2667643131433306,6.149344136465936e-06,-3.753612689116892e-06,False,False
intermittent,2,191,True,False,0.0014369532551906105,0.9883727740097098,False,True,0.001302889003763878,0.0012659402750262567,-0.028805959137951476,0.09807521591071078,0.29209207134163906,-0.1652108962929768,False,True
intermittent,2,192,True,False,0.0016526348167923532,0.9907776862758293,False,True,0.0014225837226386844,0.0016526320098522668,0.15012483577196267,0.1501265370485948,1.3765387627640128e-05,-1.2064110995524402e-05,False,False
intermittent,2,193,True,False,0.0017507155069412597,0.9953728470237877,False,True,0.0016361084686244063,0.001750711638358271,0.06781661623728219,0.06781882983047494,1.7589273546602118e-05,-1.537568035381298e-05,False,False
intermittent,2,194,True,False,0.002514437845213033,0.9899692577210141,False,True,0.0013165797479215303,0.002514437845213033,0.6482121411007435,0.6482121411007435,0.0,0.0,False,False
intermittent,2,195,True,True,0.001850456150056813,0.9772437993175401,False,True,0.0015780132986296922,0.0018504561500568134,0.15953843707165305,0.15953843707165305,0.0,0.0,False,False
intermittent,2,196,True,True,0.001974794913563047,0.9697496453228848,False,True,0.0013535807501608543,0.001974794913563047,0.3783333128993398,0.3783333128993398,0.0,0.0,False,False
intermittent,2,197,True,True,0.0020688156317449657,0.9741531994093551,False,True,0.0013983409788316903,0.0020688156317449657,0.39236140515634155,0.39236140515634155,0.0,0.0,False,False
intermittent,2,198,True,True,0.0020541745441016285,0.973169726556873,False,True,0.0014312612550901889,0.0020541745441016285,0.36194203420868565,0.36194203420868565,0.0,0.0,False,False
intermittent,2,199,False,False,,0.7249030669778973,False,True,,,,,,,False,False
intermittent,2,200,True,True,0.0020078881834349038,0.8868851445719972,False,True,0.0014486471897457924,0.0020078881834349038,0.3270135755848109,0.3270135755848109,0.0,0.0,False,False
intermittent,2,201,True,True,0.002304566023574887,0.9794096044615849,False,True,0.001997803312723084,0.0023045660235748865,0.1431515733551647,0.1431515733551647,0.0,0.0,False,False
intermittent,2,202,True,True,0.0020313636796448144,0.9740069514373098,False,True,0.001510667381150304,0.002031363679644815,0.2966774235444234,0.2966774235444234,0.0,0.0,False,False
intermittent,2,203,False,False,,0.7296218942373817,False,False,,,,,,,False,False
intermittent,2,204,True,True,0.002014525886450848,0.9008936361409325,False,True,0.0014352838079118289,0.002014525886450848,0.3396015133829655,0.3396015133829655,0.0,0.0,False,False
intermittent,2,205,True,True,0.002058052398677137,0.9202837642457762,False,True,0.0014123455913287804,0.002058052398677137,0.3771550650757973,0.3771550650757973,0.0,0.0,False,False
intermittent,2,206,True,True,0.0020527745817012486,0.9333503545829435,False,True,0.0014275309671404764,0.0020527745817012486,0.3638723105148536,0.3638723105148536,0.0,0.0,False,False
intermittent,2,207,True,True,0.0021313182926075863,0.9739476626578015,False,True,0.0020424628578112974,0.002131318292607586,0.04267338332619186,0.04267338332619186,0.0,0.0,False,False
intermittent,2,208,True,True,0.0020803593562587716,0.979619605685247,False,True,0.0014527346721162004,0.0020803593562587716,0.35972162064472535,0.35972162064472535,0.0,0.0,False,False
intermittent,2,209,True,True,0.002064922707484575,0.9803232692084192,False,True,0.001435251310094038,0.002064922707484575,0.36438360838922446,0.36438360838922446,0.0,0.0,False,False
intermittent,2,210,True,True,0.002031487159103144,0.9758828149699936,False,True,0.0014299131764414989,0.0020314871591031436,0.35175700582808567,0.35175700582808567,0.0,0.0,False,False
intermittent,2,211,True,True,0.002052572030451897,0.9757433977512954,False,True,0.0014182822407788746,0.002052572030451897,0.3702825984695064,0.3702825984695064,0.0,0.0,False,False
intermittent,2,212,True,True,0.0020851311594273065,0.9817416860047671,False,True,0.0014256278624781846,0.0020851311594273065,0.38088010057721977,0.38088010057721977,0.0,0.0,False,False
intermittent,2,213,True,True,0.002199839242643979,0.9897822907686094,False,True,0.0014368974461353157,0.002199839242643979,0.42666237993103984,0.42666237993103984,0.0,0.0,False,False
intermittent,2,214,True,True,0.001374056474677619,0.9944734143404586,False,True,0.0021778408502175087,0.0013740530947549889,-0.4613743326140476,-0.4613718694129748,2.9087781644296223e-06,-4.455770916678148e-07,False,False
intermittent,2,215,True,True,0.0012571300875694673,0.9969518492174169,False,True,0.0013603159099308427,0.0012571230033209405,-0.07899450813042375,-0.07898886576644748,8.398551936747352e-06,-2.7561879605286776e-06,False,False
intermittent,2,216,True,True,0.0018929796114495953,0.9839120950168095,False,True,0.0011156054124949431,0.0018929796114495953,0.5295334186664054,0.5295334186664054,0.0,0.0,False,False
intermittent,2,217,False,False,,0.7897825582430943,False,True,,,,,,,False,False
intermittent,2,218,True,True,0.002031765772365192,0.9050661076440125,False,True,0.0014205228155769966,0.0020317657723651914,0.358492569625378,0.358492569625378,0.0,0.0,False,False
intermittent,2,219,True,True,0.0020402439892179647,0.9118592181368274,False,True,0.0014183795521208777,0.0020402439892179647,0.3641772854642733,0.3641772854642733,0.0,0.0,False,False
intermittent,2,220,True,True,0.0020730461696897317,0.9395649620310864,False,True,0.0014213375676902147,0.002073046169689732,0.3780735770683741,0.3780735770683741,0.0,0.0,False,False
intermittent,2,221,True,True,0.0020701218543692558,0.9564488550401404,False,True,0.0014327248132001724,0.0020701218543692558,0.3686678928084106,0.3686678928084106,0.0,0.0,False,False
intermittent,2,222,True,True,0.0020554460561003824,0.9631664259620504,False,True,0.0014317133029215024,0.0020554460561003824,0.36224586448749285,0.36224586448749285,0.0,0.0,False,False
intermittent,2,223,True,True,0.0021355314720518143,0.9833212629931396,False,True,0.0020451208274946085,0.0021355314720518143,0.04334927667667632,0.04334927667667632,0.0,0.0,False,False
intermittent,2,224,True,True,0.0020115513512154286,0.9764717996423513,False,True,0.0014541707902846408,0.0020115513512154286,0.3250287544317487,0.3250287544317487,0.0,0.0,False,False
intermittent,2,225,True,True,0.00212651975358553,0.985932666461305,False,True,0.002001447970894438,0.0021265197535855302,0.06074115132302804,0.06074115132302804,0.0,0.0,False,False
intermittent,2,226,True,True,0.0020453071603402317,0.9827273063263818,False,True,0.001451097302232715,0.002045307160340232,0.3438231989706546,0.3438231989706546,0.0,0.0,False,False
intermittent,2,227,True,True,0.002074460287651541,0.985258340234603,False,True,0.0014231011664730213,0.002074460287651541,0.377515107360086,0.377515107360086,0.0,0.0,False,False
intermittent,2,228,True,True,0.00213498420351786,0.988823544967277,False,True,0.002064038928501373,0.00213498420351786,0.033865634221910135,0.033865634221910135,0.0,0.0,False,False
intermittent,2,229,True,True,0.0020563655503417384,0.9861245719691892,False,True,0.001453984326367575,0.002056365550341738,0.34723596964488745,0.34723596964488745,0.0,0.0,False,False
intermittent,2,230,True,True,0.0020605889783223007,0.985200388103987,False,True,0.0014269454639948415,0.0020605889783223007,0.36809048361414654,0.36809048361414654,0.0,0.0,False,False
intermittent,2,231,True,True,0.002022080875177257,0.9796225899718052,False,True,0.0014284109610197434,0.002022080875177257,0.34815920299826786,0.34815920299826786,0.0,0.0,False,False
intermittent,2,232,True,True,0.0020490544661384514,0.9792714045425015,False,True,0.0014149929929992225,0.002049054466138451,0.3708890331887442,0.3708890331887442,0.0,0.0,False,False
intermittent,2,233,True,True,0.002074557422848219,0.9832868267520619,False,True,0.0014244050236495187,0.002074557422848219,0.3766449333161379,0.3766449333161379,0.0,0.0,False,False
intermittent,2,234,True,True,0.0020273344830542242,0.9784607287672439,False,True,0.0014332472716058263,0.0020273344830542247,0.3473742954882173,0.3473742954882173,0.0,0.0,False,False
intermittent,2,235,True,True,0.0020572944779526777,0.9797685917871815,False,True,0.0014168310451128914,0.0020572944779526773,0.3736106179054026,0.3736106179054026,0.0,0.0,False,False
intermittent,2,236,True,True,0.0020771904617258473,0.9840270523070387,False,True,0.001427267923315928,0.0020771904617258473,0.37590523074036053,0.37590523074036053,0.0,0.0,False,False
intermittent,2,237,True,True,0.002018271398187359,0.9779864834006398,False,True,0.0014341570919341122,0.0020182713981873593,0.3422492417083056,0.3422492417083056,0.0,0.0,False,False
intermittent,2,238,True,True,0.0020761240750467817,0.983240625567088,False,True,0.0014136587022473399,0.002076124075046782,0.38498518533079906,0.38498518533079906,0.0,0.0,False,False
intermittent,2,239,True,True,0.0020652565748839925,0.9837788883390572,False,True,0.0014337886819393033,0.0020652565748839925,0.3655666739966694,0.3655666739966694,0.0,0.0,False,False
intermittent,2,240,True,True,0.0020828036359988593,0.9871714995698542,False,True,0.0014300288408305478,0.0020828036359988597,0.37667419893010834,0.37667419893010834,0.0,0.0,False,False
