dataset,cohort,sequence,scene,recording,condition,arm,frames,ospa,gospa,loc2,miss2,false2,countError,wire_bytes,raw_payload_bytes,delivered_raw_bytes,split_branches
v2v,development,test_0000,testoutput_CAV_data_2022-03-15-09-54-40_0,testoutput_CAV_data_2022-03-15-09-54-40,intermittent,marked_lineage,147,2.5395482514421954,3.1271579668644116,1.2141880055959131,16.653061224489797,6.122448979591836,0.2891156462585034,,,,
v2v,development,test_0000,testoutput_CAV_data_2022-03-15-09-54-40_0,testoutput_CAV_data_2022-03-15-09-54-40,intermittent,marked_er,147,2.6175947589940143,3.307663128448342,1.3339431341298043,14.204081632653061,10.53061224489796,0.2755102040816326,,,,
v2v,development,test_0000,testoutput_CAV_data_2022-03-15-09-54-40_0,testoutput_CAV_data_2022-03-15-09-54-40,intermittent,marked_asymmetric,147,2.4132499879515246,2.986878221061812,1.2732600814521653,15.183673469387756,6.122448979591836,0.2687074829931973,,,,
v2v,development,test_0000,testoutput_CAV_data_2022-03-15-09-54-40_0,testoutput_CAV_data_2022-03-15-09-54-40,intermittent,marked_gaussian_evidence_guarded_scalar,147,2.4132518976183985,2.9868809486308465,1.2732659723583635,15.183673469387756,6.122448979591836,0.2687074829931973,4854528,1015776,754400,0
v2v,development,test_0000,testoutput_CAV_data_2022-03-15-09-54-40_0,testoutput_CAV_data_2022-03-15-09-54-40,intermittent,marked_gaussian_evidence_no_curvature,147,2.2984410097241676,2.848731911625065,1.2760808223640328,13.959183673469388,6.122448979591836,0.25170068027210885,,,,
v2v,development,test_0000,testoutput_CAV_data_2022-03-15-09-54-40_0,testoutput_CAV_data_2022-03-15-09-54-40,intermittent,marked_gaussian_evidence_fixed_025,147,2.532670641536666,3.1650230524457665,1.234474451780692,14.938775510204081,8.571428571428571,0.272108843537415,,,,
v2v,development,test_0000,testoutput_CAV_data_2022-03-15-09-54-40_0,testoutput_CAV_data_2022-03-15-09-54-40,intermittent,marked_gaussian_evidence,147,2.298442285887365,2.848733695505098,1.2760828103021666,13.959183673469388,6.122448979591836,0.25170068027210885,4854528,1016128,754400,0
v2v,development,test_0000,testoutput_CAV_data_2022-03-15-09-54-40_0,testoutput_CAV_data_2022-03-15-09-54-40,reliable,marked_lineage,147,2.1112403445538552,2.5475354198425153,0.1435112359521936,16.163265306122447,4.408163265306122,0.24489795918367346,,,,
v2v,development,test_0000,testoutput_CAV_data_2022-03-15-09-54-40_0,testoutput_CAV_data_2022-03-15-09-54-40,reliable,marked_er,147,2.242465426652271,2.7810313707372782,0.2633034218581524,13.714285714285714,9.306122448979592,0.23809523809523808,,,,
v2v,development,test_0000,testoutput_CAV_data_2022-03-15-09-54-40_0,testoutput_CAV_data_2022-03-15-09-54-40,reliable,marked_asymmetric,147,1.979611037311224,2.4072117203215764,0.20249777447904754,14.693877551020408,4.408163265306122,0.22448979591836735,,,,
v2v,development,test_0000,testoutput_CAV_data_2022-03-15-09-54-40_0,testoutput_CAV_data_2022-03-15-09-54-40,reliable,marked_gaussian_evidence_guarded_scalar,147,2.035972427106574,2.463565344850831,0.20281919471732632,14.693877551020408,4.8979591836734695,0.23129251700680273,4854528,1003104,1003104,0
v2v,development,test_0000,testoutput_CAV_data_2022-03-15-09-54-40_0,testoutput_CAV_data_2022-03-15-09-54-40,reliable,marked_gaussian_evidence_no_curvature,147,1.9973690403082813,2.3800081941575324,0.19031832966701753,13.714285714285714,4.8979591836734695,0.23129251700680273,,,,
v2v,development,test_0000,testoutput_CAV_data_2022-03-15-09-54-40_0,testoutput_CAV_data_2022-03-15-09-54-40,reliable,marked_gaussian_evidence_fixed_025,147,2.1689412707612203,2.640040697651397,0.1629126955975226,14.693877551020408,6.857142857142857,0.24489795918367346,,,,
v2v,development,test_0000,testoutput_CAV_data_2022-03-15-09-54-40_0,testoutput_CAV_data_2022-03-15-09-54-40,reliable,marked_gaussian_evidence,147,2.0540325088014852,2.4366771750925214,0.19032083902876012,13.714285714285714,5.387755102040816,0.23809523809523808,4854528,1001696,1001696,0
v2v,development,test_0001,testoutput_CAV_data_2022-03-15-10-29-43_3,testoutput_CAV_data_2022-03-15-10-29-43,intermittent,marked_lineage,114,4.671126059490567,4.530136575509032,0.8845635720473002,19.57894736842105,23.36842105263158,0.543859649122807,,,,
v2v,development,test_0001,testoutput_CAV_data_2022-03-15-10-29-43_3,testoutput_CAV_data_2022-03-15-10-29-43,intermittent,marked_er,114,5.202650085354024,4.925947904739759,0.8845522310610672,19.57894736842105,27.157894736842106,0.5964912280701754,,,,
v2v,development,test_0001,testoutput_CAV_data_2022-03-15-10-29-43_3,testoutput_CAV_data_2022-03-15-10-29-43,intermittent,marked_asymmetric,114,4.4871998711539325,4.32972941346079,0.8846721525007876,18.94736842105263,21.473684210526315,0.5263157894736842,,,,
v2v,development,test_0001,testoutput_CAV_data_2022-03-15-10-29-43_3,testoutput_CAV_data_2022-03-15-10-29-43,intermittent,marked_gaussian_evidence_guarded_scalar,114,4.487199868596875,4.329729410357748,0.8846721147567078,18.94736842105263,21.473684210526315,0.5263157894736842,3764736,726784,531584,0
v2v,development,test_0001,testoutput_CAV_data_2022-03-15-10-29-43_3,testoutput_CAV_data_2022-03-15-10-29-43,intermittent,marked_gaussian_evidence_no_curvature,114,4.491388169430222,4.352179450121221,0.8622860166126227,18.94736842105263,22.105263157894736,0.5350877192982456,,,,
v2v,development,test_0001,testoutput_CAV_data_2022-03-15-10-29-43_3,testoutput_CAV_data_2022-03-15-10-29-43,intermittent,marked_gaussian_evidence_fixed_025,114,4.986818121589384,4.762143375396295,0.8751624249634236,19.57894736842105,25.57894736842105,0.5745614035087719,,,,
v2v,development,test_0001,testoutput_CAV_data_2022-03-15-10-29-43_3,testoutput_CAV_data_2022-03-15-10-29-43,intermittent,marked_gaussian_evidence,114,4.491388169980095,4.352179450052706,0.862286002902925,18.94736842105263,22.105263157894736,0.5350877192982456,3764736,786976,573472,0
v2v,development,test_0001,testoutput_CAV_data_2022-03-15-10-29-43_3,testoutput_CAV_data_2022-03-15-10-29-43,reliable,marked_lineage,114,4.266652951077348,4.3122586637801295,0.8709107637021682,21.473684210526315,20.210526315789473,0.543859649122807,,,,
v2v,development,test_0001,testoutput_CAV_data_2022-03-15-10-29-43_3,testoutput_CAV_data_2022-03-15-10-29-43,reliable,marked_er,114,5.284570949201942,4.994748901378376,0.8812895059693315,20.210526315789473,27.157894736842106,0.6228070175438597,,,,
v2v,development,test_0001,testoutput_CAV_data_2022-03-15-10-29-43_3,testoutput_CAV_data_2022-03-15-10-29-43,reliable,marked_asymmetric,114,4.048104151053303,3.9357250864807325,0.8950412149618395,18.94736842105263,16.42105263157895,0.45614035087719296,,,,
v2v,development,test_0001,testoutput_CAV_data_2022-03-15-10-29-43_3,testoutput_CAV_data_2022-03-15-10-29-43,reliable,marked_gaussian_evidence_guarded_scalar,114,4.048104147664298,3.9357250824380894,0.8950411671475578,18.94736842105263,16.42105263157895,0.45614035087719296,3764736,730304,730304,0
v2v,development,test_0001,testoutput_CAV_data_2022-03-15-10-29-43_3,testoutput_CAV_data_2022-03-15-10-29-43,reliable,marked_gaussian_evidence_no_curvature,114,4.037052223160187,3.92203920439619,0.8615224688226395,18.94736842105263,16.42105263157895,0.45614035087719296,,,,
v2v,development,test_0001,testoutput_CAV_data_2022-03-15-10-29-43_3,testoutput_CAV_data_2022-03-15-10-29-43,reliable,marked_gaussian_evidence_fixed_025,114,4.775347042106354,4.50045714446888,0.8667178783592937,20.842105263157894,19.57894736842105,0.5263157894736842,,,,
v2v,development,test_0001,testoutput_CAV_data_2022-03-15-10-29-43_3,testoutput_CAV_data_2022-03-15-10-29-43,reliable,marked_gaussian_evidence,114,4.037052225727778,3.9220392071945795,0.8615224587847625,18.94736842105263,16.42105263157895,0.45614035087719296,3764736,700032,700032,0
v2v,development,test_0002,testoutput_CAV_data_2022-03-15-10-29-43_4,testoutput_CAV_data_2022-03-15-10-29-43,intermittent,marked_lineage,144,3.954912228731807,3.4963648789971296,0.1023588537686483,22.5,11.25,0.3020833333333333,,,,
v2v,development,test_0002,testoutput_CAV_data_2022-03-15-10-29-43_4,testoutput_CAV_data_2022-03-15-10-29-43,intermittent,marked_er,144,4.192447439076712,3.7214945421485774,0.11112508125955875,20.0,14.0,0.3472222222222222,,,,
v2v,development,test_0002,testoutput_CAV_data_2022-03-15-10-29-43_4,testoutput_CAV_data_2022-03-15-10-29-43,intermittent,marked_asymmetric,144,4.092658078600703,3.547163657763145,0.10234618307487765,22.5,10.25,0.2951388888888889,,,,
v2v,development,test_0002,testoutput_CAV_data_2022-03-15-10-29-43_4,testoutput_CAV_data_2022-03-15-10-29-43,intermittent,marked_gaussian_evidence_guarded_scalar,144,4.092658065279272,3.547163626694582,0.10234571010076057,22.5,10.25,0.2951388888888889,4755456,512224,404768,0
v2v,development,test_0002,testoutput_CAV_data_2022-03-15-10-29-43_4,testoutput_CAV_data_2022-03-15-10-29-43,intermittent,marked_gaussian_evidence_no_curvature,144,4.036525444108323,3.5340761547243553,0.0983341750412885,22.0,11.0,0.2986111111111111,,,,
v2v,development,test_0002,testoutput_CAV_data_2022-03-15-10-29-43_4,testoutput_CAV_data_2022-03-15-10-29-43,intermittent,marked_gaussian_evidence_fixed_025,144,4.208256087821075,3.724824738379679,0.10209018274518258,21.5,13.25,0.3368055555555556,,,,
v2v,development,test_0002,testoutput_CAV_data_2022-03-15-10-29-43_4,testoutput_CAV_data_2022-03-15-10-29-43,intermittent,marked_gaussian_evidence,144,4.063124806782223,3.560748409955118,0.09833390700661696,22.0,11.25,0.3020833333333333,4755456,507648,401248,0
v2v,development,test_0002,testoutput_CAV_data_2022-03-15-10-29-43_4,testoutput_CAV_data_2022-03-15-10-29-43,reliable,marked_lineage,144,3.95051734733339,3.5041893371967965,0.08339223829578074,23.0,11.0,0.3055555555555556,,,,
v2v,development,test_0002,testoutput_CAV_data_2022-03-15-10-29-43_4,testoutput_CAV_data_2022-03-15-10-29-43,reliable,marked_er,144,4.0016379766126455,3.5241810254457397,0.09728976631288716,19.5,12.0,0.3541666666666667,,,,
v2v,development,test_0002,testoutput_CAV_data_2022-03-15-10-29-43_4,testoutput_CAV_data_2022-03-15-10-29-43,reliable,marked_asymmetric,144,3.926974960639229,3.4676265610767056,0.08554223387384982,22.5,10.5,0.2916666666666667,,,,
v2v,development,test_0002,testoutput_CAV_data_2022-03-15-10-29-43_4,testoutput_CAV_data_2022-03-15-10-29-43,reliable,marked_gaussian_evidence_guarded_scalar,144,3.9269747205540946,3.4676263209915614,0.08554200387392989,22.5,10.5,0.2916666666666667,4755456,459776,459776,0
v2v,development,test_0002,testoutput_CAV_data_2022-03-15-10-29-43_4,testoutput_CAV_data_2022-03-15-10-29-43,reliable,marked_gaussian_evidence_no_curvature,144,3.898063466473439,3.4631169682768452,0.08438529492901009,22.5,10.5,0.2916666666666667,,,,
v2v,development,test_0002,testoutput_CAV_data_2022-03-15-10-29-43_4,testoutput_CAV_data_2022-03-15-10-29-43,reliable,marked_gaussian_evidence_fixed_025,144,4.094600363817548,3.63557299431951,0.08511434019889359,22.0,12.0,0.3333333333333333,,,,
v2v,development,test_0002,testoutput_CAV_data_2022-03-15-10-29-43_4,testoutput_CAV_data_2022-03-15-10-29-43,reliable,marked_gaussian_evidence,144,3.898063466473439,3.4631169682768452,0.08438529492901009,22.5,10.5,0.2916666666666667,4755456,478784,478784,0
v2v,development,test_0003,testoutput_CAV_data_2022-03-17-10-50-46_0,testoutput_CAV_data_2022-03-17-10-50-46,intermittent,marked_lineage,198,6.889729521033739,16.738350711820754,13.273366641957713,268.90909090909093,66.18181818181819,3.4823232323232323,,,,
v2v,development,test_0003,testoutput_CAV_data_2022-03-17-10-50-46_0,testoutput_CAV_data_2022-03-17-10-50-46,intermittent,marked_er,198,6.705566631599712,16.461443399140787,12.923606215916962,255.63636363636363,70.54545454545455,3.313131313131313,,,,
v2v,development,test_0003,testoutput_CAV_data_2022-03-17-10-50-46_0,testoutput_CAV_data_2022-03-17-10-50-46,intermittent,marked_asymmetric,198,6.700680570668571,16.31404133910915,11.832249439633204,270.72727272727275,60.72727272727273,3.477272727272727,,,,
v2v,development,test_0003,testoutput_CAV_data_2022-03-17-10-50-46_0,testoutput_CAV_data_2022-03-17-10-50-46,intermittent,marked_gaussian_evidence_guarded_scalar,198,6.712785816591965,16.40317397601031,10.771406567340245,268.1818181818182,62.54545454545455,3.4065656565656566,11699712,8936224,6249024,0
v2v,development,test_0003,testoutput_CAV_data_2022-03-17-10-50-46_0,testoutput_CAV_data_2022-03-17-10-50-46,intermittent,marked_gaussian_evidence_no_curvature,198,6.573380283646044,16.017474879209832,10.327618725414343,265.09090909090907,57.81818181818182,3.3585858585858586,,,,
v2v,development,test_0003,testoutput_CAV_data_2022-03-17-10-50-46_0,testoutput_CAV_data_2022-03-17-10-50-46,intermittent,marked_gaussian_evidence_fixed_025,198,6.765001500438266,16.57476545125237,13.464649995520482,260.0,69.27272727272727,3.351010101010101,,,,
v2v,development,test_0003,testoutput_CAV_data_2022-03-17-10-50-46_0,testoutput_CAV_data_2022-03-17-10-50-46,intermittent,marked_gaussian_evidence,198,6.629738284342926,16.1817846794556,10.327580337150478,262.90909090909093,60.36363636363637,3.3333333333333335,10798592,6707008,4713952,0
v2v,development,test_0003,testoutput_CAV_data_2022-03-17-10-50-46_0,testoutput_CAV_data_2022-03-17-10-50-46,reliable,marked_lineage,198,6.4276549784294845,15.795180802434816,12.030246211614955,251.27272727272728,58.54545454545455,3.272727272727273,,,,
v2v,development,test_0003,testoutput_CAV_data_2022-03-17-10-50-46_0,testoutput_CAV_data_2022-03-17-10-50-46,reliable,marked_er,198,6.3867776624809665,15.9818794752686,12.197885488990838,247.63636363636363,69.0909090909091,3.217171717171717,,,,
v2v,development,test_0003,testoutput_CAV_data_2022-03-17-10-50-46_0,testoutput_CAV_data_2022-03-17-10-50-46,reliable,marked_asymmetric,198,6.2273227914264915,15.56610600714813,16.077241740683927,254.54545454545453,56.36363636363637,3.2676767676767677,,,,
v2v,development,test_0003,testoutput_CAV_data_2022-03-17-10-50-46_0,testoutput_CAV_data_2022-03-17-10-50-46,reliable,marked_gaussian_evidence_guarded_scalar,198,6.280622916377265,15.70235311463642,12.363729592584807,256.3636363636364,60.0,3.2626262626262625,13256192,9936608,9936608,0
v2v,development,test_0003,testoutput_CAV_data_2022-03-17-10-50-46_0,testoutput_CAV_data_2022-03-17-10-50-46,reliable,marked_gaussian_evidence_no_curvature,198,6.074512900461867,15.172477466382077,15.013479126871314,245.0909090909091,53.45454545454545,3.1464646464646466,,,,
v2v,development,test_0003,testoutput_CAV_data_2022-03-17-10-50-46_0,testoutput_CAV_data_2022-03-17-10-50-46,reliable,marked_gaussian_evidence_fixed_025,198,6.317054702505234,15.848552430951552,14.169458192979336,244.0,66.18181818181819,3.106060606060606,,,,
v2v,development,test_0003,testoutput_CAV_data_2022-03-17-10-50-46_0,testoutput_CAV_data_2022-03-17-10-50-46,reliable,marked_gaussian_evidence,198,6.122249479331334,15.250273261067981,11.934718309063507,241.8181818181818,55.63636363636363,3.121212121212121,10814976,7731328,7731328,0
v2v,development,test_0004,testoutput_CAV_data_2022-03-17-10-50-46_1,testoutput_CAV_data_2022-03-17-10-50-46,intermittent,marked_lineage,180,5.196199370650485,21.68809697083468,58.2769063489444,361.2,67.8,4.075,,,,
v2v,development,test_0004,testoutput_CAV_data_2022-03-17-10-50-46_1,testoutput_CAV_data_2022-03-17-10-50-46,intermittent,marked_er,180,5.179138928084923,21.653094617692346,57.736030624383964,358.6,69.4,4.016666666666667,,,,
v2v,development,test_0004,testoutput_CAV_data_2022-03-17-10-50-46_1,testoutput_CAV_data_2022-03-17-10-50-46,intermittent,marked_asymmetric,180,5.226589387384028,21.423333123777773,56.40607808441449,367.8,52.8,4.375,,,,
v2v,development,test_0004,testoutput_CAV_data_2022-03-17-10-50-46_1,testoutput_CAV_data_2022-03-17-10-50-46,intermittent,marked_gaussian_evidence_guarded_scalar,180,5.154998800864758,21.177913489040694,57.341295484783224,355.6,53.2,4.2,13906944,10950976,8102080,0
v2v,development,test_0004,testoutput_CAV_data_2022-03-17-10-50-46_1,testoutput_CAV_data_2022-03-17-10-50-46,intermittent,marked_gaussian_evidence_no_curvature,180,5.233483479484172,21.408302948529126,56.00109009570774,368.2,51.6,4.397222222222222,,,,
v2v,development,test_0004,testoutput_CAV_data_2022-03-17-10-50-46_1,testoutput_CAV_data_2022-03-17-10-50-46,intermittent,marked_gaussian_evidence_fixed_025,180,5.022675684934023,22.074315738233565,59.29649126411814,332.8,107.4,3.1305555555555555,,,,
v2v,development,test_0004,testoutput_CAV_data_2022-03-17-10-50-46_1,testoutput_CAV_data_2022-03-17-10-50-46,intermittent,marked_gaussian_evidence,180,5.157977066480075,21.18528848483337,57.55235961007309,354.8,53.2,4.188888888888889,13792256,10893952,8055264,0
v2v,development,test_0004,testoutput_CAV_data_2022-03-17-10-50-46_1,testoutput_CAV_data_2022-03-17-10-50-46,reliable,marked_lineage,180,5.116871531476196,22.42015663073348,61.49916915327948,350.8,104.0,3.4277777777777776,,,,
v2v,development,test_0004,testoutput_CAV_data_2022-03-17-10-50-46_1,testoutput_CAV_data_2022-03-17-10-50-46,reliable,marked_er,180,5.112904317200598,22.473488765532725,59.79748842292349,350.8,107.6,3.3777777777777778,,,,
v2v,development,test_0004,testoutput_CAV_data_2022-03-17-10-50-46_1,testoutput_CAV_data_2022-03-17-10-50-46,reliable,marked_asymmetric,180,5.2169768477216865,21.213215028754995,58.75442330297585,366.4,44.0,4.477777777777778,,,,
v2v,development,test_0004,testoutput_CAV_data_2022-03-17-10-50-46_1,testoutput_CAV_data_2022-03-17-10-50-46,reliable,marked_gaussian_evidence_guarded_scalar,180,5.004198076160943,20.65008873163957,59.200873973188216,333.6,51.2,3.922222222222222,14005248,10450080,10450080,0
v2v,development,test_0004,testoutput_CAV_data_2022-03-17-10-50-46_1,testoutput_CAV_data_2022-03-17-10-50-46,reliable,marked_gaussian_evidence_no_curvature,180,5.19076158853357,21.057319318212215,59.7882008728571,362.0,41.2,4.455555555555556,,,,
v2v,development,test_0004,testoutput_CAV_data_2022-03-17-10-50-46_1,testoutput_CAV_data_2022-03-17-10-50-46,reliable,marked_gaussian_evidence_fixed_025,180,4.896036070579665,22.29539857414641,59.98699105138274,314.4,132.8,2.533333333333333,,,,
v2v,development,test_0004,testoutput_CAV_data_2022-03-17-10-50-46_1,testoutput_CAV_data_2022-03-17-10-50-46,reliable,marked_gaussian_evidence,180,5.001597884237048,20.589116185493626,61.14520940674198,331.2,48.8,3.922222222222222,14054400,10565536,10565536,0
v2v,development,test_0005,testoutput_CAV_data_2022-03-17-11-02-23_1,testoutput_CAV_data_2022-03-17-11-02-23,intermittent,marked_lineage,310,5.025026208561458,15.31360181388053,15.660450665677375,168.8516129032258,81.29032258064517,1.8225806451612903,,,,
v2v,development,test_0005,testoutput_CAV_data_2022-03-17-11-02-23_1,testoutput_CAV_data_2022-03-17-11-02-23,intermittent,marked_er,310,4.975879793912573,15.139858869905032,16.038598072598283,158.7483870967742,85.58709677419355,1.7225806451612904,,,,
v2v,development,test_0005,testoutput_CAV_data_2022-03-17-11-02-23_1,testoutput_CAV_data_2022-03-17-11-02-23,intermittent,marked_asymmetric,310,5.032249934750007,15.34861589404967,16.76404060053116,175.3548387096774,75.36774193548388,1.9080645161290322,,,,
v2v,development,test_0005,testoutput_CAV_data_2022-03-17-11-02-23_1,testoutput_CAV_data_2022-03-17-11-02-23,intermittent,marked_gaussian_evidence_guarded_scalar,310,5.024268753990188,15.441398637151126,17.684100337156096,166.8774193548387,85.35483870967742,1.8290322580645162,19871232,14811936,11360960,0
v2v,development,test_0005,testoutput_CAV_data_2022-03-17-11-02-23_1,testoutput_CAV_data_2022-03-17-11-02-23,intermittent,marked_gaussian_evidence_no_curvature,310,5.005076054896477,15.23035104531178,16.594109590209538,171.63870967741934,74.90322580645162,1.8725806451612903,,,,
v2v,development,test_0005,testoutput_CAV_data_2022-03-17-11-02-23_1,testoutput_CAV_data_2022-03-17-11-02-23,intermittent,marked_gaussian_evidence_fixed_025,310,4.986674184858402,15.398202366398433,20.556198880322423,158.7483870967742,88.95483870967742,1.7338709677419355,,,,
v2v,development,test_0005,testoutput_CAV_data_2022-03-17-11-02-23_1,testoutput_CAV_data_2022-03-17-11-02-23,intermittent,marked_gaussian_evidence,310,5.011448071101461,15.427610468183165,17.89637976548887,163.74193548387098,88.02580645161291,1.7903225806451613,20559360,14860864,11326464,0
v2v,development,test_0005,testoutput_CAV_data_2022-03-17-11-02-23_1,testoutput_CAV_data_2022-03-17-11-02-23,reliable,marked_lineage,310,4.69068954888509,14.240416458362985,17.180222627856253,137.03225806451613,72.23225806451613,1.732258064516129,,,,
v2v,development,test_0005,testoutput_CAV_data_2022-03-17-11-02-23_1,testoutput_CAV_data_2022-03-17-11-02-23,reliable,marked_er,310,4.5987112713477485,14.142873237122231,18.57152141874515,128.20645161290324,77.10967741935484,1.5935483870967742,,,,
v2v,development,test_0005,testoutput_CAV_data_2022-03-17-11-02-23_1,testoutput_CAV_data_2022-03-17-11-02-23,reliable,marked_asymmetric,310,4.76664846080268,14.494970343702487,13.516733481401943,150.03870967741935,70.3741935483871,1.8741935483870968,,,,
v2v,development,test_0005,testoutput_CAV_data_2022-03-17-11-02-23_1,testoutput_CAV_data_2022-03-17-11-02-23,reliable,marked_gaussian_evidence_guarded_scalar,310,4.617581671968873,14.45132137899513,14.644181703456463,137.4967741935484,85.00645161290322,1.6516129032258065,19985920,14997440,14997440,0
v2v,development,test_0005,testoutput_CAV_data_2022-03-17-11-02-23_1,testoutput_CAV_data_2022-03-17-11-02-23,reliable,marked_gaussian_evidence_no_curvature,310,4.694694679802807,14.217593289830681,14.085662824837751,142.14193548387098,69.21290322580646,1.8064516129032258,,,,
v2v,development,test_0005,testoutput_CAV_data_2022-03-17-11-02-23_1,testoutput_CAV_data_2022-03-17-11-02-23,reliable,marked_gaussian_evidence_fixed_025,310,4.602838595421207,14.357148518912958,19.10800068741757,125.65161290322581,87.79354838709678,1.5838709677419356,,,,
v2v,development,test_0005,testoutput_CAV_data_2022-03-17-11-02-23_1,testoutput_CAV_data_2022-03-17-11-02-23,reliable,marked_gaussian_evidence,310,4.586088315855473,14.251478335838836,15.330175384587886,132.38709677419354,82.68387096774194,1.6516129032258065,20461056,14998496,14998496,0
v2v,development,test_0006,testoutput_CAV_data_2022-03-17-11-02-23_2,testoutput_CAV_data_2022-03-17-11-02-23,intermittent,marked_lineage,304,5.631264060964536,11.128587631569753,2.3966195186032224,67.5,90.23684210526316,1.2105263157894737,,,,
v2v,development,test_0006,testoutput_CAV_data_2022-03-17-11-02-23_2,testoutput_CAV_data_2022-03-17-11-02-23,intermittent,marked_er,304,5.647541517762509,11.097720026546046,2.544149703439215,64.53947368421052,92.01315789473684,1.256578947368421,,,,
v2v,development,test_0006,testoutput_CAV_data_2022-03-17-11-02-23_2,testoutput_CAV_data_2022-03-17-11-02-23,intermittent,marked_asymmetric,304,5.493182804098003,10.76696987015027,2.7264821323378747,67.61842105263158,81.35526315789474,1.1842105263157894,,,,
v2v,development,test_0006,testoutput_CAV_data_2022-03-17-11-02-23_2,testoutput_CAV_data_2022-03-17-11-02-23,intermittent,marked_gaussian_evidence_guarded_scalar,304,5.519530165479254,10.83168338710257,2.700882878056794,65.36842105263158,85.73684210526316,1.2401315789473684,12824576,7742336,6115264,0
v2v,development,test_0006,testoutput_CAV_data_2022-03-17-11-02-23_2,testoutput_CAV_data_2022-03-17-11-02-23,intermittent,marked_gaussian_evidence_no_curvature,304,5.467687729548836,10.67717802828288,2.31389359974698,65.96052631578948,80.28947368421052,1.169407894736842,,,,
v2v,development,test_0006,testoutput_CAV_data_2022-03-17-11-02-23_2,testoutput_CAV_data_2022-03-17-11-02-23,intermittent,marked_gaussian_evidence_fixed_025,304,5.849235671625639,11.674837741685492,2.475133243408202,62.526315789473685,107.52631578947368,1.4210526315789473,,,,
v2v,development,test_0006,testoutput_CAV_data_2022-03-17-11-02-23_2,testoutput_CAV_data_2022-03-17-11-02-23,intermittent,marked_gaussian_evidence,304,5.547432849060025,10.922876787450804,2.32710535462426,66.07894736842105,87.51315789473684,1.2351973684210527,12660736,7543104,5880832,0
v2v,development,test_0006,testoutput_CAV_data_2022-03-17-11-02-23_2,testoutput_CAV_data_2022-03-17-11-02-23,reliable,marked_lineage,304,5.849564381847548,11.43724774412391,2.686107317219919,69.15789473684211,92.60526315789474,1.299342105263158,,,,
v2v,development,test_0006,testoutput_CAV_data_2022-03-17-11-02-23_2,testoutput_CAV_data_2022-03-17-11-02-23,reliable,marked_er,304,5.85709614469049,11.50762819631515,2.8662666653689675,66.78947368421052,98.28947368421052,1.3519736842105263,,,,
v2v,development,test_0006,testoutput_CAV_data_2022-03-17-11-02-23_2,testoutput_CAV_data_2022-03-17-11-02-23,reliable,marked_asymmetric,304,5.390085124002655,10.540627950312949,4.102441179889945,66.07894736842105,75.07894736842105,1.105263157894737,,,,
v2v,development,test_0006,testoutput_CAV_data_2022-03-17-11-02-23_2,testoutput_CAV_data_2022-03-17-11-02-23,reliable,marked_gaussian_evidence_guarded_scalar,304,5.529563380703039,10.900735448280079,4.340236685247061,67.73684210526316,82.1842105263158,1.1611842105263157,12562432,7416032,7416032,0
v2v,development,test_0006,testoutput_CAV_data_2022-03-17-11-02-23_2,testoutput_CAV_data_2022-03-17-11-02-23,reliable,marked_gaussian_evidence_no_curvature,304,5.3998843290857135,10.565371516813345,3.888077094056049,64.42105263157895,77.44736842105263,1.1151315789473684,,,,
v2v,development,test_0006,testoutput_CAV_data_2022-03-17-11-02-23_2,testoutput_CAV_data_2022-03-17-11-02-23,reliable,marked_gaussian_evidence_fixed_025,304,5.883786637480419,11.467200261719308,2.874464091632731,55.421052631578945,105.39473684210526,1.3914473684210527,,,,
v2v,development,test_0006,testoutput_CAV_data_2022-03-17-11-02-23_2,testoutput_CAV_data_2022-03-17-11-02-23,reliable,marked_gaussian_evidence,304,5.4765182937340855,10.770003801373571,4.905353438209171,64.65789473684211,80.52631578947368,1.1151315789473684,13021184,7949312,7949312,0
v2v,development,test_0007,testoutput_CAV_data_2022-03-17-11-51-42_0,testoutput_CAV_data_2022-03-17-11-51-42,intermittent,marked_lineage,221,3.9074112277399946,12.278713486332537,34.37415722564026,145.6289592760181,58.31674208144796,1.7194570135746607,,,,
v2v,development,test_0007,testoutput_CAV_data_2022-03-17-11-51-42_0,testoutput_CAV_data_2022-03-17-11-51-42,intermittent,marked_er,221,3.9323992004626063,12.468685585257019,33.38296932738028,137.3212669683258,64.99547511312217,1.6018099547511313,,,,
v2v,development,test_0007,testoutput_CAV_data_2022-03-17-11-51-42_0,testoutput_CAV_data_2022-03-17-11-51-42,intermittent,marked_asymmetric,221,3.6837244482738805,12.017584059125294,33.31792637074069,140.9049773755656,63.69230769230769,1.4434389140271493,,,,
v2v,development,test_0007,testoutput_CAV_data_2022-03-17-11-51-42_0,testoutput_CAV_data_2022-03-17-11-51-42,intermittent,marked_gaussian_evidence_guarded_scalar,221,3.6309403577162063,11.898613971592292,33.18062223703642,140.579185520362,61.90045248868778,1.4502262443438914,14867712,10756832,6545440,0
v2v,development,test_0007,testoutput_CAV_data_2022-03-17-11-51-42_0,testoutput_CAV_data_2022-03-17-11-51-42,intermittent,marked_gaussian_evidence_no_curvature,221,3.52685815435193,11.73784747733025,30.1099562851968,141.06787330316743,65.15837104072398,1.3529411764705883,,,,
v2v,development,test_0007,testoutput_CAV_data_2022-03-17-11-51-42_0,testoutput_CAV_data_2022-03-17-11-51-42,intermittent,marked_gaussian_evidence_fixed_025,221,3.6402112806968328,12.013332915858042,32.921940912794014,133.24886877828055,71.34841628959276,1.2850678733031675,,,,
v2v,development,test_0007,testoutput_CAV_data_2022-03-17-11-51-42_0,testoutput_CAV_data_2022-03-17-11-51-42,intermittent,marked_gaussian_evidence,221,3.6677597469572776,12.074982670543115,29.543906028110236,144.81447963800906,68.90497737556561,1.4298642533936652,12492032,8916224,5521472,0
v2v,development,test_0007,testoutput_CAV_data_2022-03-17-11-51-42_0,testoutput_CAV_data_2022-03-17-11-51-42,reliable,marked_lineage,221,3.2166540403924393,10.221454709826489,17.01539671293788,82.09954751131222,53.755656108597286,1.0723981900452488,,,,
v2v,development,test_0007,testoutput_CAV_data_2022-03-17-11-51-42_0,testoutput_CAV_data_2022-03-17-11-51-42,reliable,marked_er,221,3.050297448472989,9.642136580789664,15.658753550441677,70.04524886877829,52.126696832579185,0.9819004524886877,,,,
v2v,development,test_0007,testoutput_CAV_data_2022-03-17-11-51-42_0,testoutput_CAV_data_2022-03-17-11-51-42,reliable,marked_asymmetric,221,2.9723198672525553,9.439394061155149,15.26475761863361,75.58371040723982,40.39819004524887,0.8959276018099548,,,,
v2v,development,test_0007,testoutput_CAV_data_2022-03-17-11-51-42_0,testoutput_CAV_data_2022-03-17-11-51-42,reliable,marked_gaussian_evidence_guarded_scalar,221,3.0741824718402118,9.568116538037362,14.321056441964203,83.72850678733032,37.14027149321267,1.0452488687782806,14163200,10761056,10761056,0
v2v,development,test_0007,testoutput_CAV_data_2022-03-17-11-51-42_0,testoutput_CAV_data_2022-03-17-11-51-42,reliable,marked_gaussian_evidence_no_curvature,221,2.869301624837401,9.029110009132896,10.480716414812704,63.203619909502265,48.86877828054298,0.8687782805429864,,,,
v2v,development,test_0007,testoutput_CAV_data_2022-03-17-11-51-42_0,testoutput_CAV_data_2022-03-17-11-51-42,reliable,marked_gaussian_evidence_fixed_025,221,3.0332287587245044,9.753643552142602,10.809770776124783,74.60633484162896,52.77828054298642,0.8642533936651584,,,,
v2v,development,test_0007,testoutput_CAV_data_2022-03-17-11-51-42_0,testoutput_CAV_data_2022-03-17-11-51-42,reliable,marked_gaussian_evidence,221,2.889940560312305,8.985144534339545,10.539414288708471,67.76470588235294,45.61085972850679,0.9864253393665159,12754176,8754304,8754304,0
v2v,development,test_0008,testoutput_CAV_data_2022-03-21-09-35-07_7,testoutput_CAV_data_2022-03-21-09-35-07,intermittent,marked_lineage,375,0.9957374762896873,3.1468916861936806,2.717947428448875,10.656,8.448,0.25466666666666665,,,,
v2v,development,test_0008,testoutput_CAV_data_2022-03-21-09-35-07_7,testoutput_CAV_data_2022-03-21-09-35-07,intermittent,marked_er,375,0.9784445016213171,3.101282878428291,2.719683423779227,10.272,8.352,0.248,,,,
v2v,development,test_0008,testoutput_CAV_data_2022-03-21-09-35-07_7,testoutput_CAV_data_2022-03-21-09-35-07,intermittent,marked_asymmetric,375,0.9783812306520331,3.103890115156519,2.7680242235956323,9.888,8.352,0.24266666666666667,,,,
v2v,development,test_0008,testoutput_CAV_data_2022-03-21-09-35-07_7,testoutput_CAV_data_2022-03-21-09-35-07,intermittent,marked_gaussian_evidence_guarded_scalar,375,0.9857109235185262,3.1270900835811903,2.8980294572939145,9.984,8.352,0.244,17512192,12899104,9067904,0
v2v,development,test_0008,testoutput_CAV_data_2022-03-21-09-35-07_7,testoutput_CAV_data_2022-03-21-09-35-07,intermittent,marked_gaussian_evidence_no_curvature,375,1.010776400997401,3.1948165279048073,3.077245923816985,10.56,9.504,0.26266666666666666,,,,
v2v,development,test_0008,testoutput_CAV_data_2022-03-21-09-35-07_7,testoutput_CAV_data_2022-03-21-09-35-07,intermittent,marked_gaussian_evidence_fixed_025,375,0.9744503350877676,3.0928140150929617,2.7871727278590903,10.08,8.352,0.24533333333333332,,,,
v2v,development,test_0008,testoutput_CAV_data_2022-03-21-09-35-07_7,testoutput_CAV_data_2022-03-21-09-35-07,intermittent,marked_gaussian_evidence,375,0.9903393894133941,3.141434803827554,2.9417421509378885,9.888,9.888,0.264,19887872,13814656,9744448,0
v2v,development,test_0008,testoutput_CAV_data_2022-03-21-09-35-07_7,testoutput_CAV_data_2022-03-21-09-35-07,reliable,marked_lineage,375,0.8270669190722366,2.707275335973315,2.6361196436986027,6.336,8.256,0.192,,,,
v2v,development,test_0008,testoutput_CAV_data_2022-03-21-09-35-07_7,testoutput_CAV_data_2022-03-21-09-35-07,reliable,marked_er,375,0.8208861468205313,2.6898326972237525,2.63683612366328,6.336,8.064,0.18933333333333333,,,,
v2v,development,test_0008,testoutput_CAV_data_2022-03-21-09-35-07_7,testoutput_CAV_data_2022-03-21-09-35-07,reliable,marked_asymmetric,375,0.8215510090586232,2.6929973432461516,2.6875439086544293,5.952,8.064,0.184,,,,
v2v,development,test_0008,testoutput_CAV_data_2022-03-21-09-35-07_7,testoutput_CAV_data_2022-03-21-09-35-07,reliable,marked_gaussian_evidence_guarded_scalar,375,0.8254245147932215,2.7079278802179965,2.8182424664455286,5.952,8.064,0.184,12809984,10786048,10786048,0
v2v,development,test_0008,testoutput_CAV_data_2022-03-21-09-35-07_7,testoutput_CAV_data_2022-03-21-09-35-07,reliable,marked_gaussian_evidence_no_curvature,375,0.8597134164000146,2.7978837248078894,3.087522925458057,7.296,8.832,0.208,,,,
v2v,development,test_0008,testoutput_CAV_data_2022-03-21-09-35-07_7,testoutput_CAV_data_2022-03-21-09-35-07,reliable,marked_gaussian_evidence_fixed_025,375,0.8235767327020284,2.6996033568981295,2.703374039501646,6.336,8.064,0.18933333333333333,,,,
v2v,development,test_0008,testoutput_CAV_data_2022-03-21-09-35-07_7,testoutput_CAV_data_2022-03-21-09-35-07,reliable,marked_gaussian_evidence,375,0.8301047827587411,2.7159118729812035,2.8174220302493196,5.952,9.6,0.20533333333333334,16709376,12009952,12009952,0
v2v,seen_transfer,train_0001,testoutput_CAV_data_2022-03-15-09-54-40_1,testoutput_CAV_data_2022-03-15-09-54-40,intermittent,marked_lineage,405,4.37468549306821,6.086674109047456,3.61552834442582,4.177777777777778,59.91111111111111,0.8185185185185185,,,,
v2v,seen_transfer,train_0001,testoutput_CAV_data_2022-03-15-09-54-40_1,testoutput_CAV_data_2022-03-15-09-54-40,intermittent,marked_er,405,4.441929844135956,6.181103314319057,3.616012117976045,4.177777777777778,61.06666666666667,0.8345679012345679,,,,
v2v,seen_transfer,train_0001,testoutput_CAV_data_2022-03-15-09-54-40_1,testoutput_CAV_data_2022-03-15-09-54-40,intermittent,marked_asymmetric,405,4.214056635209934,5.849782475381391,3.7830676239167156,3.8222222222222224,57.06666666666667,0.7790123456790123,,,,
v2v,seen_transfer,train_0001,testoutput_CAV_data_2022-03-15-09-54-40_1,testoutput_CAV_data_2022-03-15-09-54-40,intermittent,marked_gaussian_evidence_guarded_scalar,405,4.238564725828149,5.872947036154152,3.782856276310625,3.8222222222222224,57.06666666666667,0.7790123456790123,13374720,4585728,3177376,0
v2v,seen_transfer,train_0001,testoutput_CAV_data_2022-03-15-09-54-40_1,testoutput_CAV_data_2022-03-15-09-54-40,intermittent,marked_gaussian_evidence_no_curvature,405,4.264893596106638,5.918822702201348,3.623745954716105,4.0,58.044444444444444,0.7901234567901234,,,,
v2v,seen_transfer,train_0001,testoutput_CAV_data_2022-03-15-09-54-40_1,testoutput_CAV_data_2022-03-15-09-54-40,intermittent,marked_gaussian_evidence_fixed_025,405,4.343808190049482,6.070838195312178,3.6163333555355397,4.0,60.08888888888889,0.8185185185185185,,,,
v2v,seen_transfer,train_0001,testoutput_CAV_data_2022-03-15-09-54-40_1,testoutput_CAV_data_2022-03-15-09-54-40,intermittent,marked_gaussian_evidence,405,4.297058559993291,5.959202773508073,3.6231632661140782,4.0,58.4,0.7950617283950617,13374720,4580096,3175264,0
v2v,seen_transfer,train_0001,testoutput_CAV_data_2022-03-15-09-54-40_1,testoutput_CAV_data_2022-03-15-09-54-40,reliable,marked_lineage,405,3.700152391707231,4.824600187488498,0.6061280333100442,1.9555555555555555,41.06666666666667,0.5876543209876544,,,,
v2v,seen_transfer,train_0001,testoutput_CAV_data_2022-03-15-09-54-40_1,testoutput_CAV_data_2022-03-15-09-54-40,reliable,marked_er,405,3.8929865203315157,5.1500030466110225,0.6068295659276624,1.9555555555555555,45.68888888888889,0.6518518518518519,,,,
v2v,seen_transfer,train_0001,testoutput_CAV_data_2022-03-15-09-54-40_1,testoutput_CAV_data_2022-03-15-09-54-40,reliable,marked_asymmetric,405,3.752457896426865,4.916333187589803,0.7730699437269241,1.6,42.84444444444444,0.6123456790123457,,,,
v2v,seen_transfer,train_0001,testoutput_CAV_data_2022-03-15-09-54-40_1,testoutput_CAV_data_2022-03-15-09-54-40,reliable,marked_gaussian_evidence_guarded_scalar,405,3.7697330919637837,4.946065498873661,0.7758371522523457,1.6,43.2,0.6172839506172839,13374720,4730048,4730048,0
v2v,seen_transfer,train_0001,testoutput_CAV_data_2022-03-15-09-54-40_1,testoutput_CAV_data_2022-03-15-09-54-40,reliable,marked_gaussian_evidence_no_curvature,405,3.887292194759983,5.079679844795783,0.5856080627071956,1.7777777777777777,44.62222222222222,0.6345679012345679,,,,
v2v,seen_transfer,train_0001,testoutput_CAV_data_2022-03-15-09-54-40_1,testoutput_CAV_data_2022-03-15-09-54-40,reliable,marked_gaussian_evidence_fixed_025,405,3.857002216238211,5.1107186550165595,0.601106871011501,1.7777777777777777,45.68888888888889,0.6493827160493827,,,,
v2v,seen_transfer,train_0001,testoutput_CAV_data_2022-03-15-09-54-40_1,testoutput_CAV_data_2022-03-15-09-54-40,reliable,marked_gaussian_evidence,405,3.9068683016236667,5.1235129485532545,0.584801610667442,1.7777777777777777,45.51111111111111,0.6469135802469136,13374720,4506880,4506880,0
v2v,seen_transfer,train_0002,testoutput_CAV_data_2022-03-15-09-54-40_2,testoutput_CAV_data_2022-03-15-09-54-40,intermittent,marked_lineage,157,2.239410522937303,3.0792987092130804,0.6993753768190931,5.961783439490445,20.40764331210191,0.34076433121019106,,,,
v2v,seen_transfer,train_0002,testoutput_CAV_data_2022-03-15-09-54-40_2,testoutput_CAV_data_2022-03-15-09-54-40,intermittent,marked_er,157,2.267491488856701,3.126536517390598,0.6993744985026428,5.961783439490445,20.866242038216562,0.3471337579617834,,,,
v2v,seen_transfer,train_0002,testoutput_CAV_data_2022-03-15-09-54-40_2,testoutput_CAV_data_2022-03-15-09-54-40,intermittent,marked_asymmetric,157,2.094408419303439,2.851955042238934,0.699660206622835,5.732484076433121,16.96815286624204,0.2961783439490446,,,,
v2v,seen_transfer,train_0002,testoutput_CAV_data_2022-03-15-09-54-40_2,testoutput_CAV_data_2022-03-15-09-54-40,intermittent,marked_gaussian_evidence_guarded_scalar,157,2.0944081806971053,2.8519545684383227,0.699660340165271,5.732484076433121,16.96815286624204,0.2961783439490446,5184768,1071680,782720,0
v2v,seen_transfer,train_0002,testoutput_CAV_data_2022-03-15-09-54-40_2,testoutput_CAV_data_2022-03-15-09-54-40,intermittent,marked_gaussian_evidence_no_curvature,157,2.0942074150442656,2.8503980792946115,0.6867298938753321,5.503184713375796,16.96815286624204,0.2929936305732484,,,,
v2v,seen_transfer,train_0002,testoutput_CAV_data_2022-03-15-09-54-40_2,testoutput_CAV_data_2022-03-15-09-54-40,intermittent,marked_gaussian_evidence_fixed_025,157,2.2480854664179932,3.0991247662313675,0.6941473633800299,5.732484076433121,20.866242038216562,0.34394904458598724,,,,
v2v,seen_transfer,train_0002,testoutput_CAV_data_2022-03-15-09-54-40_2,testoutput_CAV_data_2022-03-15-09-54-40,intermittent,marked_gaussian_evidence,157,2.0942075076796547,2.8503982244018933,0.6867301808340944,5.503184713375796,16.96815286624204,0.2929936305732484,5184768,1068160,784480,0
v2v,seen_transfer,train_0002,testoutput_CAV_data_2022-03-15-09-54-40_2,testoutput_CAV_data_2022-03-15-09-54-40,reliable,marked_lineage,157,2.1769834268802613,2.952166210896299,0.5944209516325677,6.420382165605096,17.88535031847134,0.3248407643312102,,,,
v2v,seen_transfer,train_0002,testoutput_CAV_data_2022-03-15-09-54-40_2,testoutput_CAV_data_2022-03-15-09-54-40,reliable,marked_er,157,2.0725408397281098,2.7669040699744336,0.5944701645568033,6.420382165605096,14.21656050955414,0.27388535031847133,,,,
v2v,seen_transfer,train_0002,testoutput_CAV_data_2022-03-15-09-54-40_2,testoutput_CAV_data_2022-03-15-09-54-40,reliable,marked_asymmetric,157,1.929439110053756,2.609219752584358,0.5947098926969935,5.961783439490445,13.299363057324841,0.25477707006369427,,,,
v2v,seen_transfer,train_0002,testoutput_CAV_data_2022-03-15-09-54-40_2,testoutput_CAV_data_2022-03-15-09-54-40,reliable,marked_gaussian_evidence_guarded_scalar,157,1.9294402660700851,2.609221910578403,0.5947115385185243,5.961783439490445,13.299363057324841,0.25477707006369427,5184768,1256480,1256480,0
v2v,seen_transfer,train_0002,testoutput_CAV_data_2022-03-15-09-54-40_2,testoutput_CAV_data_2022-03-15-09-54-40,reliable,marked_gaussian_evidence_no_curvature,157,1.9113140805076438,2.5832260012032244,0.5910170331321968,5.503184713375796,13.299363057324841,0.2484076433121019,,,,
v2v,seen_transfer,train_0002,testoutput_CAV_data_2022-03-15-09-54-40_2,testoutput_CAV_data_2022-03-15-09-54-40,reliable,marked_gaussian_evidence_fixed_025,157,2.0643872375644805,2.7809420840284176,0.5935626076342271,5.961783439490445,15.59235668789809,0.28662420382165604,,,,
v2v,seen_transfer,train_0002,testoutput_CAV_data_2022-03-15-09-54-40_2,testoutput_CAV_data_2022-03-15-09-54-40,reliable,marked_gaussian_evidence,157,1.9113148813931273,2.583227510203852,0.5910195245130236,5.503184713375796,13.299363057324841,0.2484076433121019,5184768,1326528,1326528,0
v2v,seen_transfer,train_0003,testoutput_CAV_data_2022-03-15-10-09-50_0,testoutput_CAV_data_2022-03-15-10-09-50,intermittent,marked_lineage,1244,2.0478309442913245,3.0367482672664554,1.671270593368242,11.430868167202572,12.84887459807074,0.3195337620578778,,,,
v2v,seen_transfer,train_0003,testoutput_CAV_data_2022-03-15-10-09-50_0,testoutput_CAV_data_2022-03-15-10-09-50,intermittent,marked_er,1244,2.083934225857947,3.084279539143878,1.5774296551137617,11.37299035369775,13.39871382636656,0.3247588424437299,,,,
v2v,seen_transfer,train_0003,testoutput_CAV_data_2022-03-15-10-09-50_0,testoutput_CAV_data_2022-03-15-10-09-50,intermittent,marked_asymmetric,1244,1.9050583012444804,2.770645883426576,1.330122159899895,12.183279742765274,8.942122186495176,0.28135048231511256,,,,
v2v,seen_transfer,train_0003,testoutput_CAV_data_2022-03-15-10-09-50_0,testoutput_CAV_data_2022-03-15-10-09-50,intermittent,marked_gaussian_evidence_guarded_scalar,1244,1.9115745636662773,2.7836868831471504,1.3710330828870196,12.241157556270096,9.0,0.2829581993569132,41081856,15501440,10428032,0
v2v,seen_transfer,train_0003,testoutput_CAV_data_2022-03-15-10-09-50_0,testoutput_CAV_data_2022-03-15-10-09-50,intermittent,marked_gaussian_evidence_no_curvature,1244,1.945746741593928,2.8342711595226397,1.401192487031608,12.154340836012862,9.578778135048232,0.28818327974276525,,,,
v2v,seen_transfer,train_0003,testoutput_CAV_data_2022-03-15-10-09-50_0,testoutput_CAV_data_2022-03-15-10-09-50,intermittent,marked_gaussian_evidence_fixed_025,1244,2.031355295156131,2.9996564389619307,1.6272865356745967,11.344051446945338,12.270096463022508,0.3102893890675241,,,,
v2v,seen_transfer,train_0003,testoutput_CAV_data_2022-03-15-10-09-50_0,testoutput_CAV_data_2022-03-15-10-09-50,intermittent,marked_gaussian_evidence,1244,1.9577377688030597,2.851334613866083,1.4234337605971379,12.212218649517684,9.636655948553054,0.2889871382636656,41081856,16029088,10856768,0
v2v,seen_transfer,train_0003,testoutput_CAV_data_2022-03-15-10-09-50_0,testoutput_CAV_data_2022-03-15-10-09-50,reliable,marked_lineage,1244,1.577093283275863,2.3872884773441863,0.9143465968064992,6.2508038585209,11.517684887459808,0.23392282958199356,,,,
v2v,seen_transfer,train_0003,testoutput_CAV_data_2022-03-15-10-09-50_0,testoutput_CAV_data_2022-03-15-10-09-50,reliable,marked_er,1244,1.6412126094247887,2.494318832717412,1.0811179993505677,5.729903536977492,13.080385852090032,0.24678456591639872,,,,
v2v,seen_transfer,train_0003,testoutput_CAV_data_2022-03-15-10-09-50_0,testoutput_CAV_data_2022-03-15-10-09-50,reliable,marked_asymmetric,1244,1.510564273785322,2.2483000515773215,0.9719318163661127,6.713826366559486,9.086816720257234,0.20819935691318328,,,,
v2v,seen_transfer,train_0003,testoutput_CAV_data_2022-03-15-10-09-50_0,testoutput_CAV_data_2022-03-15-10-09-50,reliable,marked_gaussian_evidence_guarded_scalar,1244,1.5223304444493584,2.2656115650148028,0.9707263939034079,6.771704180064309,9.260450160771704,0.21141479099678456,41081856,14786528,14786528,0
v2v,seen_transfer,train_0003,testoutput_CAV_data_2022-03-15-10-09-50_0,testoutput_CAV_data_2022-03-15-10-09-50,reliable,marked_gaussian_evidence_no_curvature,1244,1.54602578887809,2.2837728201009178,0.9643662155100986,6.713826366559486,9.37620578778135,0.21221864951768488,,,,
v2v,seen_transfer,train_0003,testoutput_CAV_data_2022-03-15-10-09-50_0,testoutput_CAV_data_2022-03-15-10-09-50,reliable,marked_gaussian_evidence_fixed_025,1244,1.6317369423302674,2.439448018498997,0.9770050422739129,6.077170418006431,11.864951768488746,0.24115755627009647,,,,
v2v,seen_transfer,train_0003,testoutput_CAV_data_2022-03-15-10-09-50_0,testoutput_CAV_data_2022-03-15-10-09-50,reliable,marked_gaussian_evidence,1244,1.5522735713547935,2.292307033785961,0.9539751087813962,6.771704180064309,9.434083601286174,0.21382636655948553,41081856,15497920,15497920,0
v2v,seen_transfer,train_0004,testoutput_CAV_data_2022-03-15-10-09-50_2,testoutput_CAV_data_2022-03-15-10-09-50,intermittent,marked_lineage,133,3.1233330034736673,3.7044816152925164,1.226288317675554,27.06766917293233,5.413533834586466,0.3007518796992481,,,,
v2v,seen_transfer,train_0004,testoutput_CAV_data_2022-03-15-10-09-50_2,testoutput_CAV_data_2022-03-15-10-09-50,intermittent,marked_er,133,2.873699644961336,3.486418442454257,1.237496477946858,24.360902255639097,5.954887218045113,0.2556390977443609,,,,
v2v,seen_transfer,train_0004,testoutput_CAV_data_2022-03-15-10-09-50_2,testoutput_CAV_data_2022-03-15-10-09-50,intermittent,marked_asymmetric,133,3.02072903918774,3.6427042989200498,1.6206211944425144,25.984962406015036,5.954887218045113,0.2781954887218045,,,,
v2v,seen_transfer,train_0004,testoutput_CAV_data_2022-03-15-10-09-50_2,testoutput_CAV_data_2022-03-15-10-09-50,intermittent,marked_gaussian_evidence_guarded_scalar,133,3.0100967906856284,3.649070812378417,1.227568754348172,25.984962406015036,6.496240601503759,0.2706766917293233,4392192,487936,394080,0
v2v,seen_transfer,train_0004,testoutput_CAV_data_2022-03-15-10-09-50_2,testoutput_CAV_data_2022-03-15-10-09-50,intermittent,marked_gaussian_evidence_no_curvature,133,3.0123547826542914,3.614718072154265,1.59317919075431,25.44360902255639,5.954887218045113,0.2857142857142857,,,,
v2v,seen_transfer,train_0004,testoutput_CAV_data_2022-03-15-10-09-50_2,testoutput_CAV_data_2022-03-15-10-09-50,intermittent,marked_gaussian_evidence_fixed_025,133,2.9255668476377705,3.4636978879232996,1.2285128515751353,25.172932330827066,4.330827067669173,0.2894736842105263,,,,
v2v,seen_transfer,train_0004,testoutput_CAV_data_2022-03-15-10-09-50_2,testoutput_CAV_data_2022-03-15-10-09-50,intermittent,marked_gaussian_evidence,133,3.0016782698472215,3.542372292135308,1.197892471817824,25.44360902255639,4.87218045112782,0.3007518796992481,4392192,489696,396192,0
v2v,seen_transfer,train_0004,testoutput_CAV_data_2022-03-15-10-09-50_2,testoutput_CAV_data_2022-03-15-10-09-50,reliable,marked_lineage,133,3.2582476292630123,3.8453920729977824,1.280690328593694,27.06766917293233,7.037593984962406,0.2932330827067669,,,,
v2v,seen_transfer,train_0004,testoutput_CAV_data_2022-03-15-10-09-50_2,testoutput_CAV_data_2022-03-15-10-09-50,reliable,marked_er,133,3.2952889706135196,3.88893303932645,1.277146963915836,26.526315789473685,8.661654135338345,0.2781954887218045,,,,
v2v,seen_transfer,train_0004,testoutput_CAV_data_2022-03-15-10-09-50_2,testoutput_CAV_data_2022-03-15-10-09-50,reliable,marked_asymmetric,133,3.7437542875601304,4.1503890908266285,1.6310134771643303,29.774436090225564,6.496240601503759,0.3383458646616541,,,,
v2v,seen_transfer,train_0004,testoutput_CAV_data_2022-03-15-10-09-50_2,testoutput_CAV_data_2022-03-15-10-09-50,reliable,marked_gaussian_evidence_guarded_scalar,133,3.733127725106177,4.182986278952472,1.2381699588836044,29.774436090225564,7.578947368421052,0.3233082706766917,4392192,562208,562208,0
v2v,seen_transfer,train_0004,testoutput_CAV_data_2022-03-15-10-09-50_2,testoutput_CAV_data_2022-03-15-10-09-50,reliable,marked_gaussian_evidence_no_curvature,133,3.6808262701026075,4.067056958702264,1.5959073550531655,29.23308270676692,5.954887218045113,0.3383458646616541,,,,
v2v,seen_transfer,train_0004,testoutput_CAV_data_2022-03-15-10-09-50_2,testoutput_CAV_data_2022-03-15-10-09-50,reliable,marked_gaussian_evidence_fixed_025,133,3.5133395731534645,4.017993402150835,1.2620082526511538,28.150375939849624,7.578947368421052,0.3007518796992481,,,,
v2v,seen_transfer,train_0004,testoutput_CAV_data_2022-03-15-10-09-50_2,testoutput_CAV_data_2022-03-15-10-09-50,reliable,marked_gaussian_evidence,133,3.6327767482799573,3.9703391222375717,1.200798940049165,29.23308270676692,4.87218045112782,0.3383458646616541,4392192,584736,584736,0
v2v,previous_train_probes,train_0005,testoutput_CAV_data_2022-03-15-10-29-43_0,testoutput_CAV_data_2022-03-15-10-29-43,intermittent,marked_lineage,217,5.319186928650696,12.003433204567536,11.202511067478298,89.91705069124424,58.72811059907834,0.9769585253456221,,,,
v2v,previous_train_probes,train_0005,testoutput_CAV_data_2022-03-15-10-29-43_0,testoutput_CAV_data_2022-03-15-10-29-43,intermittent,marked_er,217,5.319733009153338,11.968629600879165,11.66452548048834,89.41935483870968,58.3963133640553,1.0069124423963134,,,,
v2v,previous_train_probes,train_0005,testoutput_CAV_data_2022-03-15-10-29-43_0,testoutput_CAV_data_2022-03-15-10-29-43,intermittent,marked_asymmetric,217,5.3388461505211495,11.84933893730903,9.269406280255463,97.71428571428571,51.76036866359447,1.043778801843318,,,,
v2v,previous_train_probes,train_0005,testoutput_CAV_data_2022-03-15-10-29-43_0,testoutput_CAV_data_2022-03-15-10-29-43,intermittent,marked_gaussian_evidence_guarded_scalar,217,5.418315769903196,12.091008640472895,9.362749953957028,97.21658986175115,55.244239631336406,1.0391705069124424,7985408,4479712,3408992,0
v2v,previous_train_probes,train_0005,testoutput_CAV_data_2022-03-15-10-29-43_0,testoutput_CAV_data_2022-03-15-10-29-43,intermittent,marked_gaussian_evidence_no_curvature,217,5.328024610835234,11.848392746044594,9.361450686620191,96.88479262672811,51.76036866359447,1.0276497695852536,,,,
v2v,previous_train_probes,train_0005,testoutput_CAV_data_2022-03-15-10-29-43_0,testoutput_CAV_data_2022-03-15-10-29-43,intermittent,marked_gaussian_evidence_fixed_025,217,5.4086825852403955,12.526196310843002,11.556107241078701,92.40552995391705,71.66820276497695,0.8963133640552995,,,,
v2v,previous_train_probes,train_0005,testoutput_CAV_data_2022-03-15-10-29-43_0,testoutput_CAV_data_2022-03-15-10-29-43,intermittent,marked_gaussian_evidence,217,5.410700286657091,12.08397885478145,9.585408941423012,96.0552995391705,55.74193548387097,1.0253456221198156,8050944,4486400,3414976,0
v2v,previous_train_probes,train_0005,testoutput_CAV_data_2022-03-15-10-29-43_0,testoutput_CAV_data_2022-03-15-10-29-43,reliable,marked_lineage,217,4.9674020488426045,11.03384513370049,8.129377933552659,80.29493087557604,54.08294930875576,1.055299539170507,,,,
v2v,previous_train_probes,train_0005,testoutput_CAV_data_2022-03-15-10-29-43_0,testoutput_CAV_data_2022-03-15-10-29-43,reliable,marked_er,217,5.2045790385900395,11.370564704589874,12.549746580758052,81.95391705069125,49.43778801843318,1.096774193548387,,,,
v2v,previous_train_probes,train_0005,testoutput_CAV_data_2022-03-15-10-29-43_0,testoutput_CAV_data_2022-03-15-10-29-43,reliable,marked_asymmetric,217,5.268582524809515,10.940780383436579,7.010457539601032,107.83410138248848,20.23963133640553,1.2811059907834101,,,,
v2v,previous_train_probes,train_0005,testoutput_CAV_data_2022-03-15-10-29-43_0,testoutput_CAV_data_2022-03-15-10-29-43,reliable,marked_gaussian_evidence_guarded_scalar,217,5.410224411064989,11.616360745348835,19.5551963432283,103.52073732718894,25.548387096774192,1.1751152073732718,10017024,6664224,6664224,0
v2v,previous_train_probes,train_0005,testoutput_CAV_data_2022-03-15-10-29-43_0,testoutput_CAV_data_2022-03-15-10-29-43,reliable,marked_gaussian_evidence_no_curvature,217,4.960994685291699,10.781609926981242,6.537476474581247,93.23502304147465,38.15668202764977,1.0783410138248848,,,,
v2v,previous_train_probes,train_0005,testoutput_CAV_data_2022-03-15-10-29-43_0,testoutput_CAV_data_2022-03-15-10-29-43,reliable,marked_gaussian_evidence_fixed_025,217,4.647040691600472,10.68414653754454,8.322162891761593,74.3225806451613,60.71889400921659,0.9354838709677419,,,,
v2v,previous_train_probes,train_0005,testoutput_CAV_data_2022-03-15-10-29-43_0,testoutput_CAV_data_2022-03-15-10-29-43,reliable,marked_gaussian_evidence,217,5.0492089091388,11.199554648375448,7.581898983763861,88.92165898617512,48.11059907834101,1.0,8198400,4582144,4582144,0
v2v,seen_transfer,train_0006,testoutput_CAV_data_2022-03-15-10-29-43_2,testoutput_CAV_data_2022-03-15-10-29-43,intermittent,marked_lineage,122,0.6240660864899865,1.0186231123293918,0.5768447994998785,3.540983606557377,0.0,0.04918032786885246,,,,
v2v,seen_transfer,train_0006,testoutput_CAV_data_2022-03-15-10-29-43_2,testoutput_CAV_data_2022-03-15-10-29-43,intermittent,marked_er,122,0.624066099566724,1.0186231384828668,0.5768448510085654,3.540983606557377,0.0,0.04918032786885246,,,,
v2v,seen_transfer,train_0006,testoutput_CAV_data_2022-03-15-10-29-43_2,testoutput_CAV_data_2022-03-15-10-29-43,intermittent,marked_asymmetric,122,0.6002552211937519,0.9893982709559898,0.5798826735534397,2.9508196721311477,0.0,0.040983606557377046,,,,
v2v,seen_transfer,train_0006,testoutput_CAV_data_2022-03-15-10-29-43_2,testoutput_CAV_data_2022-03-15-10-29-43,intermittent,marked_gaussian_evidence_guarded_scalar,122,0.600254129288863,0.9893963796904124,0.5798799035329667,2.9508196721311477,0.0,0.040983606557377046,4028928,596352,466752,0
v2v,seen_transfer,train_0006,testoutput_CAV_data_2022-03-15-10-29-43_2,testoutput_CAV_data_2022-03-15-10-29-43,intermittent,marked_gaussian_evidence_no_curvature,122,0.6015707098388943,0.992091476523366,0.5866760261564321,2.9508196721311477,0.0,0.040983606557377046,,,,
v2v,seen_transfer,train_0006,testoutput_CAV_data_2022-03-15-10-29-43_2,testoutput_CAV_data_2022-03-15-10-29-43,intermittent,marked_gaussian_evidence_fixed_025,122,0.6005129136750431,0.989891877503159,0.5813100162047088,2.9508196721311477,0.0,0.040983606557377046,,,,
v2v,seen_transfer,train_0006,testoutput_CAV_data_2022-03-15-10-29-43_2,testoutput_CAV_data_2022-03-15-10-29-43,intermittent,marked_gaussian_evidence,122,0.6017145372465977,0.9923371881114819,0.5866202390697767,2.9508196721311477,0.0,0.040983606557377046,4028928,596352,466752,0
v2v,seen_transfer,train_0006,testoutput_CAV_data_2022-03-15-10-29-43_2,testoutput_CAV_data_2022-03-15-10-29-43,reliable,marked_lineage,122,0.6192208653350249,1.0100093019468626,0.5554465243510267,3.540983606557377,0.0,0.04918032786885246,,,,
v2v,seen_transfer,train_0006,testoutput_CAV_data_2022-03-15-10-29-43_2,testoutput_CAV_data_2022-03-15-10-29-43,reliable,marked_er,122,0.6192216668545404,1.0100109049858936,0.5554498082103189,3.540983606557377,0.0,0.04918032786885246,,,,
v2v,seen_transfer,train_0006,testoutput_CAV_data_2022-03-15-10-29-43_2,testoutput_CAV_data_2022-03-15-10-29-43,reliable,marked_asymmetric,122,0.5953762058027013,0.9807259885757981,0.5584430963028421,2.9508196721311477,0.0,0.040983606557377046,,,,
v2v,seen_transfer,train_0006,testoutput_CAV_data_2022-03-15-10-29-43_2,testoutput_CAV_data_2022-03-15-10-29-43,reliable,marked_gaussian_evidence_guarded_scalar,122,0.5953747016764852,0.9807233833014833,0.5584397834753181,2.9508196721311477,0.0,0.040983606557377046,4028928,597408,597408,0
v2v,seen_transfer,train_0006,testoutput_CAV_data_2022-03-15-10-29-43_2,testoutput_CAV_data_2022-03-15-10-29-43,reliable,marked_gaussian_evidence_no_curvature,122,0.5969006525462773,0.9838071272590118,0.5660756398641287,2.9508196721311477,0.0,0.040983606557377046,,,,
v2v,seen_transfer,train_0006,testoutput_CAV_data_2022-03-15-10-29-43_2,testoutput_CAV_data_2022-03-15-10-29-43,reliable,marked_gaussian_evidence_fixed_025,122,0.5957839217882528,0.9814946239361707,0.5604990436155114,2.9508196721311477,0.0,0.040983606557377046,,,,
v2v,seen_transfer,train_0006,testoutput_CAV_data_2022-03-15-10-29-43_2,testoutput_CAV_data_2022-03-15-10-29-43,reliable,marked_gaussian_evidence,122,0.5970297001884015,0.9840268786446923,0.5659816553861161,2.9508196721311477,0.0,0.040983606557377046,4028928,597408,597408,0
v2v,seen_transfer,train_0007,testoutput_CAV_data_2022-03-15-16-00-17_0,testoutput_CAV_data_2022-03-15-16-00-17,intermittent,marked_lineage,148,4.697964184939625,4.5336080183819165,1.1576636768905233,13.378378378378379,26.756756756756758,0.4358108108108108,,,,
v2v,seen_transfer,train_0007,testoutput_CAV_data_2022-03-15-16-00-17_0,testoutput_CAV_data_2022-03-15-16-00-17,intermittent,marked_er,148,4.824324577954271,4.832274157930928,1.8546962796414332,12.405405405405405,32.108108108108105,0.48986486486486486,,,,
v2v,seen_transfer,train_0007,testoutput_CAV_data_2022-03-15-16-00-17_0,testoutput_CAV_data_2022-03-15-16-00-17,intermittent,marked_asymmetric,148,4.624570301693558,4.286187166573551,0.907276508567898,16.2972972972973,21.405405405405407,0.4155405405405405,,,,
v2v,seen_transfer,train_0007,testoutput_CAV_data_2022-03-15-16-00-17_0,testoutput_CAV_data_2022-03-15-16-00-17,intermittent,marked_gaussian_evidence_guarded_scalar,148,4.472384220118768,4.207857805516047,0.9237569079557304,15.08108108108108,22.135135135135137,0.40878378378378377,4887552,1020064,666240,0
v2v,seen_transfer,train_0007,testoutput_CAV_data_2022-03-15-16-00-17_0,testoutput_CAV_data_2022-03-15-16-00-17,intermittent,marked_gaussian_evidence_no_curvature,148,4.57965039605383,4.25560476657703,0.9072912126763153,16.2972972972973,21.405405405405407,0.4155405405405405,,,,
v2v,seen_transfer,train_0007,testoutput_CAV_data_2022-03-15-16-00-17_0,testoutput_CAV_data_2022-03-15-16-00-17,intermittent,marked_gaussian_evidence_fixed_025,148,4.984322571230623,5.024947382301222,4.3663228871433315,9.972972972972974,33.32432432432432,0.5135135135135135,,,,
v2v,seen_transfer,train_0007,testoutput_CAV_data_2022-03-15-16-00-17_0,testoutput_CAV_data_2022-03-15-16-00-17,intermittent,marked_gaussian_evidence,148,4.476788325878475,4.219689665426573,0.9237564285355725,15.08108108108108,22.37837837837838,0.41216216216216217,4887552,1018304,666240,0
v2v,seen_transfer,train_0007,testoutput_CAV_data_2022-03-15-16-00-17_0,testoutput_CAV_data_2022-03-15-16-00-17,reliable,marked_lineage,148,2.3966067255680596,2.3364084628409576,2.9070589984319155,4.378378378378378,9.72972972972973,0.19594594594594594,,,,
v2v,seen_transfer,train_0007,testoutput_CAV_data_2022-03-15-16-00-17_0,testoutput_CAV_data_2022-03-15-16-00-17,reliable,marked_er,148,2.615360252928068,2.635090807247016,5.464336284011109,3.4054054054054053,12.162162162162161,0.21621621621621623,,,,
v2v,seen_transfer,train_0007,testoutput_CAV_data_2022-03-15-16-00-17_0,testoutput_CAV_data_2022-03-15-16-00-17,reliable,marked_asymmetric,148,2.756405792501183,2.431250469339739,2.983288687536823,9.243243243243244,4.864864864864865,0.16891891891891891,,,,
v2v,seen_transfer,train_0007,testoutput_CAV_data_2022-03-15-16-00-17_0,testoutput_CAV_data_2022-03-15-16-00-17,reliable,marked_gaussian_evidence_guarded_scalar,148,2.7740044314666785,2.478554247912452,2.983284468839419,9.243243243243244,5.837837837837838,0.18243243243243243,4887552,790912,790912,0
v2v,seen_transfer,train_0007,testoutput_CAV_data_2022-03-15-16-00-17_0,testoutput_CAV_data_2022-03-15-16-00-17,reliable,marked_gaussian_evidence_no_curvature,148,2.7732586003448696,2.47780841795491,2.9820612262694555,9.243243243243244,5.837837837837838,0.18243243243243243,,,,
v2v,seen_transfer,train_0007,testoutput_CAV_data_2022-03-15-16-00-17_0,testoutput_CAV_data_2022-03-15-16-00-17,reliable,marked_gaussian_evidence_fixed_025,148,2.958950083448223,3.0463408990844996,2.2622253241123897,3.4054054054054053,19.45945945945946,0.30405405405405406,,,,
v2v,seen_transfer,train_0007,testoutput_CAV_data_2022-03-15-16-00-17_0,testoutput_CAV_data_2022-03-15-16-00-17,reliable,marked_gaussian_evidence,148,2.7584678364361572,2.4780490698029474,2.9881816364179783,8.756756756756756,6.324324324324325,0.19594594594594594,4887552,844416,844416,0
v2v,seen_transfer,train_0008,testoutput_CAV_data_2022-03-17-10-43-13,testoutput_CAV_data_2022-03-17-10-43-13,intermittent,marked_lineage,410,6.146827079440068,16.618936824393614,18.579413809714662,97.28780487804877,184.9170731707317,2.5585365853658537,,,,
v2v,seen_transfer,train_0008,testoutput_CAV_data_2022-03-17-10-43-13,testoutput_CAV_data_2022-03-17-10-43-13,intermittent,marked_er,410,6.129732126858733,16.586358769598228,21.58619341250343,89.5609756097561,188.86829268292684,2.5036585365853656,,,,
v2v,seen_transfer,train_0008,testoutput_CAV_data_2022-03-17-10-43-13,testoutput_CAV_data_2022-03-17-10-43-13,intermittent,marked_asymmetric,410,5.8090059814865285,15.57001302748317,18.979411160310374,92.01951219512195,158.8390243902439,2.2134146341463414,,,,
v2v,seen_transfer,train_0008,testoutput_CAV_data_2022-03-17-10-43-13,testoutput_CAV_data_2022-03-17-10-43-13,intermittent,marked_gaussian_evidence_guarded_scalar,410,5.822099620871372,15.605014047117189,18.954741875861053,90.08780487804879,161.38536585365853,2.2463414634146344,40622592,32448608,21701216,0
v2v,seen_transfer,train_0008,testoutput_CAV_data_2022-03-17-10-43-13,testoutput_CAV_data_2022-03-17-10-43-13,intermittent,marked_gaussian_evidence_no_curvature,410,5.807704356829435,15.592046866697606,18.85245367101611,89.1219512195122,161.73658536585367,2.19390243902439,,,,
v2v,seen_transfer,train_0008,testoutput_CAV_data_2022-03-17-10-43-13,testoutput_CAV_data_2022-03-17-10-43-13,intermittent,marked_gaussian_evidence_fixed_025,410,6.228400386225304,16.886225774900197,19.40945194724648,90.70243902439024,197.82439024390243,2.6390243902439026,,,,
v2v,seen_transfer,train_0008,testoutput_CAV_data_2022-03-17-10-43-13,testoutput_CAV_data_2022-03-17-10-43-13,intermittent,marked_gaussian_evidence,410,5.812014805067808,15.584588348553943,18.998953046653302,88.15609756097561,161.4731707317073,2.196341463414634,40933888,32678112,21828992,0
v2v,seen_transfer,train_0008,testoutput_CAV_data_2022-03-17-10-43-13,testoutput_CAV_data_2022-03-17-10-43-13,reliable,marked_lineage,410,6.020302837267825,16.249171988672995,21.182981836010136,96.05853658536586,174.02926829268293,2.419512195121951,,,,
v2v,seen_transfer,train_0008,testoutput_CAV_data_2022-03-17-10-43-13,testoutput_CAV_data_2022-03-17-10-43-13,reliable,marked_er,410,5.870869849715746,15.826001477366018,22.527693901566014,79.55121951219512,171.74634146341464,2.148780487804878,,,,
v2v,seen_transfer,train_0008,testoutput_CAV_data_2022-03-17-10-43-13,testoutput_CAV_data_2022-03-17-10-43-13,reliable,marked_asymmetric,410,5.248193632856754,14.16255380734929,18.506597352989353,88.15609756097561,126.26341463414634,1.7585365853658537,,,,
v2v,seen_transfer,train_0008,testoutput_CAV_data_2022-03-17-10-43-13,testoutput_CAV_data_2022-03-17-10-43-13,reliable,marked_gaussian_evidence_guarded_scalar,410,5.354878066483733,14.422576579410846,20.435828593326747,83.41463414634147,134.69268292682926,1.8146341463414635,36362752,28263680,28263680,0
v2v,seen_transfer,train_0008,testoutput_CAV_data_2022-03-17-10-43-13,testoutput_CAV_data_2022-03-17-10-43-13,reliable,marked_gaussian_evidence_no_curvature,410,5.211671055266406,14.05394652776156,16.295359916020075,83.06341463414634,128.1951219512195,1.6951219512195121,,,,
v2v,seen_transfer,train_0008,testoutput_CAV_data_2022-03-17-10-43-13,testoutput_CAV_data_2022-03-17-10-43-13,reliable,marked_gaussian_evidence_fixed_025,410,5.972900818837832,16.204445541267216,19.053594569016983,81.30731707317074,186.49756097560976,2.368292682926829,,,,
v2v,seen_transfer,train_0008,testoutput_CAV_data_2022-03-17-10-43-13,testoutput_CAV_data_2022-03-17-10-43-13,reliable,marked_gaussian_evidence,410,5.171427086201571,14.041286231222143,17.967297990030435,79.55121951219512,131.18048780487806,1.6878048780487804,36166144,27498784,27498784,0
v2v,seen_transfer,train_0009,testoutput_CAV_data_2022-03-17-10-50-46_3,testoutput_CAV_data_2022-03-17-10-50-46,intermittent,marked_lineage,315,7.035318151061923,20.90217084005054,34.35410935759104,385.7142857142857,48.34285714285714,4.698412698412699,,,,
v2v,seen_transfer,train_0009,testoutput_CAV_data_2022-03-17-10-50-46_3,testoutput_CAV_data_2022-03-17-10-50-46,intermittent,marked_er,315,6.899817486534744,20.60948197447282,37.00288609244344,372.9142857142857,48.8,4.514285714285714,,,,
v2v,seen_transfer,train_0009,testoutput_CAV_data_2022-03-17-10-50-46_3,testoutput_CAV_data_2022-03-17-10-50-46,intermittent,marked_asymmetric,315,7.058866410825272,20.681404953684343,31.111603481624837,390.4,37.48571428571429,4.901587301587302,,,,
v2v,seen_transfer,train_0009,testoutput_CAV_data_2022-03-17-10-50-46_3,testoutput_CAV_data_2022-03-17-10-50-46,intermittent,marked_gaussian_evidence_guarded_scalar,315,7.0107517755466295,20.561749919658816,32.83828133682074,384.0,36.91428571428571,4.82063492063492,20429568,15260352,11499008,0
v2v,seen_transfer,train_0009,testoutput_CAV_data_2022-03-17-10-50-46_3,testoutput_CAV_data_2022-03-17-10-50-46,intermittent,marked_gaussian_evidence_no_curvature,315,7.01370953064697,20.58618161032537,31.250349344551807,386.2857142857143,38.05714285714286,4.836507936507936,,,,
v2v,seen_transfer,train_0009,testoutput_CAV_data_2022-03-17-10-50-46_3,testoutput_CAV_data_2022-03-17-10-50-46,intermittent,marked_gaussian_evidence_fixed_025,315,6.986074910523228,20.833921627199004,34.76276290830223,379.77142857142854,49.371428571428574,4.617460317460317,,,,
v2v,seen_transfer,train_0009,testoutput_CAV_data_2022-03-17-10-50-46_3,testoutput_CAV_data_2022-03-17-10-50-46,intermittent,marked_gaussian_evidence,315,6.995959839588148,20.554005703597923,31.268251811470645,383.8857142857143,39.2,4.787301587301587,20495104,15230784,11476480,0
v2v,seen_transfer,train_0009,testoutput_CAV_data_2022-03-17-10-50-46_3,testoutput_CAV_data_2022-03-17-10-50-46,reliable,marked_lineage,315,6.814574479885028,20.27869058566972,37.02990294769797,363.42857142857144,42.51428571428571,4.476190476190476,,,,
v2v,seen_transfer,train_0009,testoutput_CAV_data_2022-03-17-10-50-46_3,testoutput_CAV_data_2022-03-17-10-50-46,reliable,marked_er,315,6.5927315793885315,19.768351817196187,37.23103775470027,342.4,44.114285714285714,4.161904761904762,,,,
v2v,seen_transfer,train_0009,testoutput_CAV_data_2022-03-17-10-50-46_3,testoutput_CAV_data_2022-03-17-10-50-46,reliable,marked_asymmetric,315,6.855312126867352,19.995111256283632,32.01654008688972,371.2,28.34285714285714,4.761904761904762,,,,
v2v,seen_transfer,train_0009,testoutput_CAV_data_2022-03-17-10-50-46_3,testoutput_CAV_data_2022-03-17-10-50-46,reliable,marked_gaussian_evidence_guarded_scalar,315,6.804104212423584,19.897269235282565,33.486703105157325,362.2857142857143,29.942857142857143,4.6158730158730155,21183232,15461344,15461344,0
v2v,seen_transfer,train_0009,testoutput_CAV_data_2022-03-17-10-50-46_3,testoutput_CAV_data_2022-03-17-10-50-46,reliable,marked_gaussian_evidence_no_curvature,315,6.818533151576695,19.92216212500345,30.57455170169874,368.45714285714286,29.714285714285715,4.704761904761905,,,,
v2v,seen_transfer,train_0009,testoutput_CAV_data_2022-03-17-10-50-46_3,testoutput_CAV_data_2022-03-17-10-50-46,reliable,marked_gaussian_evidence_fixed_025,315,6.699842981399354,19.945386035031692,35.67402624557702,353.37142857142857,40.22857142857143,4.368253968253968,,,,
v2v,seen_transfer,train_0009,testoutput_CAV_data_2022-03-17-10-50-46_3,testoutput_CAV_data_2022-03-17-10-50-46,reliable,marked_gaussian_evidence,315,6.777437073779751,19.771252496731897,31.328286208341037,360.9142857142857,28.114285714285714,4.622222222222222,21592832,15828832,15828832,0
v2v,previous_train_probes,train_0010,testoutput_CAV_data_2022-03-17-11-51-42_1,testoutput_CAV_data_2022-03-17-11-51-42,intermittent,marked_lineage,119,4.836136576571376,16.702688247004687,49.51835529248468,203.5966386554622,41.747899159663866,2.2899159663865545,,,,
v2v,previous_train_probes,train_0010,testoutput_CAV_data_2022-03-17-11-51-42_1,testoutput_CAV_data_2022-03-17-11-51-42,intermittent,marked_er,119,4.751105512578709,16.56211634574062,50.24730364025235,196.3361344537815,44.470588235294116,2.1512605042016806,,,,
v2v,previous_train_probes,train_0010,testoutput_CAV_data_2022-03-17-11-51-42_1,testoutput_CAV_data_2022-03-17-11-51-42,intermittent,marked_asymmetric,119,4.70371794635603,16.497004746941386,54.83310017175059,183.32773109243698,46.285714285714285,1.9873949579831933,,,,
v2v,previous_train_probes,train_0010,testoutput_CAV_data_2022-03-17-11-51-42_1,testoutput_CAV_data_2022-03-17-11-51-42,intermittent,marked_gaussian_evidence_guarded_scalar,119,4.615036051550171,16.19445981652684,54.79275286829266,176.0672268907563,44.168067226890756,1.9327731092436975,8402688,6752640,4849248,0
v2v,previous_train_probes,train_0010,testoutput_CAV_data_2022-03-17-11-51-42_1,testoutput_CAV_data_2022-03-17-11-51-42,intermittent,marked_gaussian_evidence_no_curvature,119,4.549608749854606,15.971273546558326,51.55627240861953,173.34453781512605,42.95798319327731,1.9285714285714286,,,,
v2v,previous_train_probes,train_0010,testoutput_CAV_data_2022-03-17-11-51-42_1,testoutput_CAV_data_2022-03-17-11-51-42,intermittent,marked_gaussian_evidence_fixed_025,119,4.558105108303373,16.085856938130522,48.98251698925095,178.48739495798318,44.773109243697476,1.915966386554622,,,,
v2v,previous_train_probes,train_0010,testoutput_CAV_data_2022-03-17-11-51-42_1,testoutput_CAV_data_2022-03-17-11-51-42,intermittent,marked_gaussian_evidence,119,4.496628994278866,15.899186215626845,51.39723125903685,169.109243697479,44.773109243697476,1.8445378151260505,8435456,6886400,4651072,0
v2v,previous_train_probes,train_0010,testoutput_CAV_data_2022-03-17-11-51-42_1,testoutput_CAV_data_2022-03-17-11-51-42,reliable,marked_lineage,119,4.57962833391492,15.93210997437849,54.81339823981245,170.01680672268907,43.563025210084035,1.8907563025210083,,,,
v2v,previous_train_probes,train_0010,testoutput_CAV_data_2022-03-17-11-51-42_1,testoutput_CAV_data_2022-03-17-11-51-42,reliable,marked_er,119,4.460215514271329,15.726473746709955,55.706948833199384,159.7310924369748,46.588235294117645,1.7058823529411764,,,,
v2v,previous_train_probes,train_0010,testoutput_CAV_data_2022-03-17-11-51-42_1,testoutput_CAV_data_2022-03-17-11-51-42,reliable,marked_asymmetric,119,4.379116210041643,15.15344097583842,44.103495335735424,163.96638655462183,35.09243697478992,1.8571428571428572,,,,
v2v,previous_train_probes,train_0010,testoutput_CAV_data_2022-03-17-11-51-42_1,testoutput_CAV_data_2022-03-17-11-51-42,reliable,marked_gaussian_evidence_guarded_scalar,119,4.315292002071922,15.007532165514522,48.375495837442166,156.7058823529412,33.88235294117647,1.7899159663865547,8304384,6797344,6797344,0
v2v,previous_train_probes,train_0010,testoutput_CAV_data_2022-03-17-11-51-42_1,testoutput_CAV_data_2022-03-17-11-51-42,reliable,marked_gaussian_evidence_no_curvature,119,4.390784146973699,15.204463331272512,42.60523109755334,163.3613445378151,38.11764705882353,1.8571428571428572,,,,
v2v,previous_train_probes,train_0010,testoutput_CAV_data_2022-03-17-11-51-42_1,testoutput_CAV_data_2022-03-17-11-51-42,reliable,marked_gaussian_evidence_fixed_025,119,4.258318550510702,15.156172283404642,54.97044655802439,143.39495798319328,45.378151260504204,1.596638655462185,,,,
v2v,previous_train_probes,train_0010,testoutput_CAV_data_2022-03-17-11-51-42_1,testoutput_CAV_data_2022-03-17-11-51-42,reliable,marked_gaussian_evidence,119,4.311498642698426,15.052664226109886,46.872091217563735,156.10084033613447,37.51260504201681,1.7647058823529411,7976704,6334816,6334816,0
v2v,seen_transfer,train_0011,testoutput_CAV_data_2022-03-17-11-51-42_7,testoutput_CAV_data_2022-03-17-11-51-42,intermittent,marked_lineage,107,3.594772909223813,8.077521750108103,6.0718517686720554,75.70093457943925,13.457943925233645,1.0794392523364487,,,,
v2v,seen_transfer,train_0011,testoutput_CAV_data_2022-03-17-11-51-42_7,testoutput_CAV_data_2022-03-17-11-51-42,intermittent,marked_er,107,3.2026232208944223,7.327376249634622,6.922110550163249,56.85981308411215,16.149532710280372,0.8364485981308412,,,,
v2v,seen_transfer,train_0011,testoutput_CAV_data_2022-03-17-11-51-42_7,testoutput_CAV_data_2022-03-17-11-51-42,intermittent,marked_asymmetric,107,3.5116003761855565,7.9672469842555165,5.859896075588127,69.64485981308411,15.476635514018692,0.985981308411215,,,,
v2v,seen_transfer,train_0011,testoutput_CAV_data_2022-03-17-11-51-42_7,testoutput_CAV_data_2022-03-17-11-51-42,intermittent,marked_gaussian_evidence_guarded_scalar,107,3.500481241661205,7.977605910702706,6.680886707735777,68.97196261682242,15.476635514018692,0.9766355140186916,3828480,2275488,1695744,0
v2v,seen_transfer,train_0011,testoutput_CAV_data_2022-03-17-11-51-42_7,testoutput_CAV_data_2022-03-17-11-51-42,intermittent,marked_gaussian_evidence_no_curvature,107,3.3648082609968646,7.656386634377605,5.975170294973782,63.25233644859813,15.813084112149532,0.9018691588785047,,,,
v2v,seen_transfer,train_0011,testoutput_CAV_data_2022-03-17-11-51-42_7,testoutput_CAV_data_2022-03-17-11-51-42,intermittent,marked_gaussian_evidence_fixed_025,107,3.505429680855639,7.944006201792488,6.32664502432466,71.32710280373831,14.80373831775701,1.0,,,,
v2v,seen_transfer,train_0011,testoutput_CAV_data_2022-03-17-11-51-42_7,testoutput_CAV_data_2022-03-17-11-51-42,intermittent,marked_gaussian_evidence,107,3.3701168597998334,7.690700997925357,6.315877757498307,63.25233644859813,16.485981308411215,0.9112149532710281,3779328,2236768,1671104,0
v2v,seen_transfer,train_0011,testoutput_CAV_data_2022-03-17-11-51-42_7,testoutput_CAV_data_2022-03-17-11-51-42,reliable,marked_lineage,107,3.261621942904003,7.398678316572255,5.461615961084126,65.94392523364486,12.785046728971963,0.9439252336448598,,,,
v2v,seen_transfer,train_0011,testoutput_CAV_data_2022-03-17-11-51-42_7,testoutput_CAV_data_2022-03-17-11-51-42,reliable,marked_er,107,2.822008511750176,6.596992973893912,6.206932405664099,47.10280373831776,17.49532710280374,0.7102803738317757,,,,
v2v,seen_transfer,train_0011,testoutput_CAV_data_2022-03-17-11-51-42_7,testoutput_CAV_data_2022-03-17-11-51-42,reliable,marked_asymmetric,107,2.857387049494348,6.619070486299451,5.117582232770636,50.467289719626166,14.130841121495328,0.7102803738317757,,,,
v2v,seen_transfer,train_0011,testoutput_CAV_data_2022-03-17-11-51-42_7,testoutput_CAV_data_2022-03-17-11-51-42,reliable,marked_gaussian_evidence_guarded_scalar,107,2.98898763692925,6.929047298158585,6.08219946348068,53.83177570093458,13.457943925233645,0.7476635514018691,3877632,2156160,2156160,0
v2v,seen_transfer,train_0011,testoutput_CAV_data_2022-03-17-11-51-42_7,testoutput_CAV_data_2022-03-17-11-51-42,reliable,marked_gaussian_evidence_no_curvature,107,2.673545579385639,6.235132179580932,5.335705475560053,45.757009345794394,12.11214953271028,0.616822429906542,,,,
v2v,seen_transfer,train_0011,testoutput_CAV_data_2022-03-17-11-51-42_7,testoutput_CAV_data_2022-03-17-11-51-42,reliable,marked_gaussian_evidence_fixed_025,107,3.0271017802195397,6.997398287569186,5.3728454180577305,56.52336448598131,14.80373831775701,0.7850467289719626,,,,
v2v,seen_transfer,train_0011,testoutput_CAV_data_2022-03-17-11-51-42_7,testoutput_CAV_data_2022-03-17-11-51-42,reliable,marked_gaussian_evidence,107,2.8569845664321893,6.652707260915998,5.979493216458244,52.48598130841121,12.785046728971963,0.719626168224299,3795712,2128704,2128704,0
v2v,seen_transfer,train_0012,testoutput_CAV_data_2022-03-17-12-04-22_0,testoutput_CAV_data_2022-03-17-12-04-22,intermittent,marked_lineage,124,6.44054486116136,17.736169155674588,23.911238171573498,210.48387096774192,92.3225806451613,1.8669354838709677,,,,
v2v,seen_transfer,train_0012,testoutput_CAV_data_2022-03-17-12-04-22_0,testoutput_CAV_data_2022-03-17-12-04-22,intermittent,marked_er,124,6.089706192391244,17.173892637585094,22.830822066355662,187.25806451612902,97.83870967741936,1.6290322580645162,,,,
v2v,seen_transfer,train_0012,testoutput_CAV_data_2022-03-17-12-04-22_0,testoutput_CAV_data_2022-03-17-12-04-22,intermittent,marked_asymmetric,124,5.899925094753281,16.12936319933388,19.843334840755848,178.5483870967742,76.64516129032258,1.657258064516129,,,,
v2v,seen_transfer,train_0012,testoutput_CAV_data_2022-03-17-12-04-22_0,testoutput_CAV_data_2022-03-17-12-04-22,intermittent,marked_gaussian_evidence_guarded_scalar,124,5.333784234993523,14.59417699822064,18.660342693882196,140.80645161290323,67.06451612903226,1.4516129032258065,6831104,4821536,3544768,0
v2v,seen_transfer,train_0012,testoutput_CAV_data_2022-03-17-12-04-22_0,testoutput_CAV_data_2022-03-17-12-04-22,intermittent,marked_gaussian_evidence_no_curvature,124,5.50906893183701,15.093429591439063,17.625363093389534,153.58064516129033,68.51612903225806,1.6088709677419355,,,,
v2v,seen_transfer,train_0012,testoutput_CAV_data_2022-03-17-12-04-22_0,testoutput_CAV_data_2022-03-17-12-04-22,intermittent,marked_gaussian_evidence_fixed_025,124,5.513859650875392,15.531688252760611,21.869457724066635,146.90322580645162,85.06451612903226,1.3508064516129032,,,,
v2v,seen_transfer,train_0012,testoutput_CAV_data_2022-03-17-12-04-22_0,testoutput_CAV_data_2022-03-17-12-04-22,intermittent,marked_gaussian_evidence,124,5.348671781855154,14.66513196973398,17.88503135062331,146.03225806451613,64.74193548387096,1.5080645161290323,6667264,4608224,3415232,0
v2v,seen_transfer,train_0012,testoutput_CAV_data_2022-03-17-12-04-22_0,testoutput_CAV_data_2022-03-17-12-04-22,reliable,marked_lineage,124,6.439173087870362,17.50829025852619,15.174476355323247,216.58064516129033,84.7741935483871,2.153225806451613,,,,
v2v,seen_transfer,train_0012,testoutput_CAV_data_2022-03-17-12-04-22_0,testoutput_CAV_data_2022-03-17-12-04-22,reliable,marked_er,124,6.163941334322898,17.07959483833485,14.745009998332996,198.0,93.48387096774194,1.7580645161290323,,,,
v2v,seen_transfer,train_0012,testoutput_CAV_data_2022-03-17-12-04-22_0,testoutput_CAV_data_2022-03-17-12-04-22,reliable,marked_asymmetric,124,5.552685631495103,14.975904305150685,14.80311413949629,159.67741935483872,66.7741935483871,1.564516129032258,,,,
v2v,seen_transfer,train_0012,testoutput_CAV_data_2022-03-17-12-04-22_0,testoutput_CAV_data_2022-03-17-12-04-22,reliable,marked_gaussian_evidence_guarded_scalar,124,5.440084854794329,14.594989392003146,15.059164895448083,149.80645161290323,60.96774193548387,1.5564516129032258,7748608,5540672,5540672,0
v2v,seen_transfer,train_0012,testoutput_CAV_data_2022-03-17-12-04-22_0,testoutput_CAV_data_2022-03-17-12-04-22,reliable,marked_gaussian_evidence_no_curvature,124,5.308013638270897,14.303730192856431,15.295631820885928,142.83870967741936,62.70967741935484,1.564516129032258,,,,
v2v,seen_transfer,train_0012,testoutput_CAV_data_2022-03-17-12-04-22_0,testoutput_CAV_data_2022-03-17-12-04-22,reliable,marked_gaussian_evidence_fixed_025,124,6.3159871699249415,17.616311079800454,16.005283898392143,203.80645161290323,102.7741935483871,1.9516129032258065,,,,
v2v,seen_transfer,train_0012,testoutput_CAV_data_2022-03-17-12-04-22_0,testoutput_CAV_data_2022-03-17-12-04-22,reliable,marked_gaussian_evidence,124,5.466903655214297,14.73680504766568,14.972092834770834,152.70967741935485,60.96774193548387,1.5806451612903225,7388160,5325952,5325952,0
v2v,seen_transfer,train_0013,testoutput_CAV_data_2022-03-17-12-14-33_0,testoutput_CAV_data_2022-03-17-12-14-33,intermittent,marked_lineage,89,3.330381569101022,6.658173596566671,2.149558129645574,45.70786516853933,22.651685393258425,0.8595505617977528,,,,
v2v,seen_transfer,train_0013,testoutput_CAV_data_2022-03-17-12-14-33_0,testoutput_CAV_data_2022-03-17-12-14-33,intermittent,marked_er,89,3.306867110154972,6.643312758349618,2.1437536751196538,45.70786516853933,22.651685393258425,0.8595505617977528,,,,
v2v,seen_transfer,train_0013,testoutput_CAV_data_2022-03-17-12-14-33_0,testoutput_CAV_data_2022-03-17-12-14-33,intermittent,marked_asymmetric,89,3.0656509732957833,6.17132026581866,2.335045877461717,40.853932584269664,21.43820224719101,0.7191011235955056,,,,
v2v,seen_transfer,train_0013,testoutput_CAV_data_2022-03-17-12-14-33_0,testoutput_CAV_data_2022-03-17-12-14-33,intermittent,marked_gaussian_evidence_guarded_scalar,89,3.0523870819855397,6.113302450295304,2.3269448917698945,40.04494382022472,20.629213483146067,0.7191011235955056,2939136,1380960,999104,0
v2v,seen_transfer,train_0013,testoutput_CAV_data_2022-03-17-12-14-33_0,testoutput_CAV_data_2022-03-17-12-14-33,intermittent,marked_gaussian_evidence_no_curvature,89,3.005561009371608,6.028030257108972,2.274866790979208,38.42696629213483,20.629213483146067,0.6966292134831461,,,,
v2v,seen_transfer,train_0013,testoutput_CAV_data_2022-03-17-12-14-33_0,testoutput_CAV_data_2022-03-17-12-14-33,intermittent,marked_gaussian_evidence_fixed_025,89,3.362029791823123,6.662636595327944,2.2535955406253394,43.28089887640449,23.0561797752809,0.8426966292134831,,,,
v2v,seen_transfer,train_0013,testoutput_CAV_data_2022-03-17-12-14-33_0,testoutput_CAV_data_2022-03-17-12-14-33,intermittent,marked_gaussian_evidence,89,2.954831936796052,5.91689283881608,2.288247362914534,36.80898876404494,20.629213483146067,0.6741573033707865,2939136,1413696,1025504,0
v2v,seen_transfer,train_0013,testoutput_CAV_data_2022-03-17-12-14-33_0,testoutput_CAV_data_2022-03-17-12-14-33,reliable,marked_lineage,89,3.6167826955801643,7.255735709786079,1.542468037436258,46.92134831460674,29.123595505617978,0.9213483146067416,,,,
v2v,seen_transfer,train_0013,testoutput_CAV_data_2022-03-17-12-14-33_0,testoutput_CAV_data_2022-03-17-12-14-33,reliable,marked_er,89,3.6945394220563474,7.4059764810741795,1.5310748851541753,47.73033707865169,29.93258426966292,0.9438202247191011,,,,
v2v,seen_transfer,train_0013,testoutput_CAV_data_2022-03-17-12-14-33_0,testoutput_CAV_data_2022-03-17-12-14-33,reliable,marked_asymmetric,89,2.7641095926731785,5.620383420268867,1.748599254728654,39.640449438202246,17.797752808988765,0.6404494382022472,,,,
v2v,seen_transfer,train_0013,testoutput_CAV_data_2022-03-17-12-14-33_0,testoutput_CAV_data_2022-03-17-12-14-33,reliable,marked_gaussian_evidence_guarded_scalar,89,2.7508011221355484,5.562208096330369,1.7398168416774862,38.831460674157306,16.98876404494382,0.6404494382022472,2939136,1414048,1414048,0
v2v,seen_transfer,train_0013,testoutput_CAV_data_2022-03-17-12-14-33_0,testoutput_CAV_data_2022-03-17-12-14-33,reliable,marked_gaussian_evidence_no_curvature,89,2.907921028015545,5.881303284232887,1.7283607609608163,38.02247191011236,21.03370786516854,0.6629213483146067,,,,
v2v,seen_transfer,train_0013,testoutput_CAV_data_2022-03-17-12-14-33_0,testoutput_CAV_data_2022-03-17-12-14-33,reliable,marked_gaussian_evidence_fixed_025,89,3.6013941242060414,7.139783451017926,1.6856277478039514,42.06741573033708,29.93258426966292,0.8876404494382022,,,,
v2v,seen_transfer,train_0013,testoutput_CAV_data_2022-03-17-12-14-33_0,testoutput_CAV_data_2022-03-17-12-14-33,reliable,marked_gaussian_evidence,89,2.857193966456996,5.770170696467213,1.741714113577808,36.40449438202247,21.03370786516854,0.6404494382022472,2939136,1468960,1468960,0
v2v,seen_transfer,train_0014,testoutput_CAV_data_2022-03-17-12-14-33_1,testoutput_CAV_data_2022-03-17-12-14-33,intermittent,marked_lineage,80,5.681667031666639,17.823749371849335,15.424806302185226,301.5,7.65,4.08125,,,,
v2v,seen_transfer,train_0014,testoutput_CAV_data_2022-03-17-12-14-33_1,testoutput_CAV_data_2022-03-17-12-14-33,intermittent,marked_er,80,5.681679622387567,17.823816014910893,15.427181028564632,301.5,7.65,4.08125,,,,
v2v,seen_transfer,train_0014,testoutput_CAV_data_2022-03-17-12-14-33_1,testoutput_CAV_data_2022-03-17-12-14-33,intermittent,marked_asymmetric,80,5.185507226599304,16.120147282676974,12.998223876044833,253.35,2.7,3.48125,,,,
v2v,seen_transfer,train_0014,testoutput_CAV_data_2022-03-17-12-14-33_1,testoutput_CAV_data_2022-03-17-12-14-33,intermittent,marked_gaussian_evidence_guarded_scalar,80,5.180441319767857,16.089512607248807,12.21818626604637,253.35,2.7,3.48125,3985408,2811264,1958304,0
v2v,seen_transfer,train_0014,testoutput_CAV_data_2022-03-17-12-14-33_1,testoutput_CAV_data_2022-03-17-12-14-33,intermittent,marked_gaussian_evidence_no_curvature,80,5.512771537227605,17.307768989574335,15.744493099911647,283.95,6.75,3.85,,,,
v2v,seen_transfer,train_0014,testoutput_CAV_data_2022-03-17-12-14-33_1,testoutput_CAV_data_2022-03-17-12-14-33,intermittent,marked_gaussian_evidence_fixed_025,80,4.948835848912545,15.345634101800211,11.605548571086938,234.45,2.7,3.21875,,,,
v2v,seen_transfer,train_0014,testoutput_CAV_data_2022-03-17-12-14-33_1,testoutput_CAV_data_2022-03-17-12-14-33,intermittent,marked_gaussian_evidence,80,4.945019247353402,15.322175039601678,9.210936196942225,235.35,2.7,3.23125,3772416,2565216,1820320,0
v2v,seen_transfer,train_0014,testoutput_CAV_data_2022-03-17-12-14-33_1,testoutput_CAV_data_2022-03-17-12-14-33,reliable,marked_lineage,80,5.764384888650997,17.808561690258223,9.743371528705914,312.3,1.8,4.3125,,,,
v2v,seen_transfer,train_0014,testoutput_CAV_data_2022-03-17-12-14-33_1,testoutput_CAV_data_2022-03-17-12-14-33,reliable,marked_er,80,5.76437998362866,17.808531909724287,9.742378149184173,312.3,1.8,4.3125,,,,
v2v,seen_transfer,train_0014,testoutput_CAV_data_2022-03-17-12-14-33_1,testoutput_CAV_data_2022-03-17-12-14-33,reliable,marked_asymmetric,80,5.583923936260527,17.30348215344522,11.219533712567552,292.5,1.8,4.0375,,,,
v2v,seen_transfer,train_0014,testoutput_CAV_data_2022-03-17-12-14-33_1,testoutput_CAV_data_2022-03-17-12-14-33,reliable,marked_gaussian_evidence_guarded_scalar,80,5.410637687244713,16.779636621046564,10.904889294887811,276.3,1.8,3.8125,5640192,4627936,4627936,0
v2v,seen_transfer,train_0014,testoutput_CAV_data_2022-03-17-12-14-33_1,testoutput_CAV_data_2022-03-17-12-14-33,reliable,marked_gaussian_evidence_no_curvature,80,5.535686403266905,17.133309423517098,9.182885903737247,288.9,1.8,3.9875,,,,
v2v,seen_transfer,train_0014,testoutput_CAV_data_2022-03-17-12-14-33_1,testoutput_CAV_data_2022-03-17-12-14-33,reliable,marked_gaussian_evidence_fixed_025,80,5.239468559131746,16.166918196396495,8.242249027058724,259.2,1.8,3.575,,,,
v2v,seen_transfer,train_0014,testoutput_CAV_data_2022-03-17-12-14-33_1,testoutput_CAV_data_2022-03-17-12-14-33,reliable,marked_gaussian_evidence,80,4.99726397337662,15.42772054245275,7.505532677735421,238.5,1.8,3.2875,4100096,2961920,2961920,0
v2v,previous_train_probes,train_0015,testoutput_CAV_data_2022-03-17-14-44-47_1,testoutput_CAV_data_2022-03-17-14-44-47,intermittent,marked_lineage,145,4.058142499181037,11.292994512121961,4.605108964674785,86.89655172413794,61.324137931034485,1.4379310344827587,,,,
v2v,previous_train_probes,train_0015,testoutput_CAV_data_2022-03-17-14-44-47_1,testoutput_CAV_data_2022-03-17-14-44-47,intermittent,marked_er,145,4.038796805357799,11.219744107508063,4.571754533956116,84.41379310344827,62.56551724137931,1.4551724137931035,,,,
v2v,previous_train_probes,train_0015,testoutput_CAV_data_2022-03-17-14-44-47_1,testoutput_CAV_data_2022-03-17-14-44-47,intermittent,marked_asymmetric,145,3.9117585431881614,10.82898605100572,4.394912217896914,84.41379310344827,55.61379310344827,1.393103448275862,,,,
v2v,previous_train_probes,train_0015,testoutput_CAV_data_2022-03-17-14-44-47_1,testoutput_CAV_data_2022-03-17-14-44-47,intermittent,marked_gaussian_evidence_guarded_scalar,145,3.919132269636413,10.851085339567234,4.408407671464216,83.91724137931034,56.855172413793106,1.403448275862069,5902592,3995680,2992832,0
v2v,previous_train_probes,train_0015,testoutput_CAV_data_2022-03-17-14-44-47_1,testoutput_CAV_data_2022-03-17-14-44-47,intermittent,marked_gaussian_evidence_no_curvature,145,3.9383156133373163,10.831008551575872,4.367128303052993,82.92413793103448,56.60689655172414,1.4206896551724137,,,,
v2v,previous_train_probes,train_0015,testoutput_CAV_data_2022-03-17-14-44-47_1,testoutput_CAV_data_2022-03-17-14-44-47,intermittent,marked_gaussian_evidence_fixed_025,145,3.9580914390528936,10.972670852160144,4.384028852410746,83.66896551724138,60.57931034482758,1.4379310344827587,,,,
v2v,previous_train_probes,train_0015,testoutput_CAV_data_2022-03-17-14-44-47_1,testoutput_CAV_data_2022-03-17-14-44-47,intermittent,marked_gaussian_evidence,145,3.9446190021591363,10.858080601657052,4.369566681988874,81.93103448275862,58.3448275862069,1.4310344827586208,6050048,4052704,3036480,0
v2v,previous_train_probes,train_0015,testoutput_CAV_data_2022-03-17-14-44-47_1,testoutput_CAV_data_2022-03-17-14-44-47,reliable,marked_lineage,145,4.01487643230928,11.156636466890403,3.5618353550554525,73.98620689655172,64.55172413793103,1.3310344827586207,,,,
v2v,previous_train_probes,train_0015,testoutput_CAV_data_2022-03-17-14-44-47_1,testoutput_CAV_data_2022-03-17-14-44-47,reliable,marked_er,145,3.9411405042194025,10.780002802807271,3.1171766624831996,65.04827586206896,65.04827586206896,1.3517241379310345,,,,
v2v,previous_train_probes,train_0015,testoutput_CAV_data_2022-03-17-14-44-47_1,testoutput_CAV_data_2022-03-17-14-44-47,reliable,marked_asymmetric,145,3.7436636586405445,10.291644586732598,4.070841946242649,71.00689655172414,51.144827586206894,1.2275862068965517,,,,
v2v,previous_train_probes,train_0015,testoutput_CAV_data_2022-03-17-14-44-47_1,testoutput_CAV_data_2022-03-17-14-44-47,reliable,marked_gaussian_evidence_guarded_scalar,145,3.7552911536243645,10.32496408531104,3.890143857756955,70.01379310344828,53.13103448275862,1.2413793103448276,5968128,3929152,3929152,0
v2v,previous_train_probes,train_0015,testoutput_CAV_data_2022-03-17-14-44-47_1,testoutput_CAV_data_2022-03-17-14-44-47,reliable,marked_gaussian_evidence_no_curvature,145,3.723893693300656,10.170881169870848,3.4890628925627496,68.52413793103449,51.641379310344824,1.2413793103448276,,,,
v2v,previous_train_probes,train_0015,testoutput_CAV_data_2022-03-17-14-44-47_1,testoutput_CAV_data_2022-03-17-14-44-47,reliable,marked_gaussian_evidence_fixed_025,145,3.7903883645718963,10.373422772372665,2.813609739850096,65.54482758620689,59.58620689655172,1.3103448275862069,,,,
v2v,previous_train_probes,train_0015,testoutput_CAV_data_2022-03-17-14-44-47_1,testoutput_CAV_data_2022-03-17-14-44-47,reliable,marked_gaussian_evidence,145,3.8003427089908395,10.39863382982608,3.3589247172707943,66.53793103448275,57.10344827586207,1.2758620689655173,6197504,4039680,4039680,0
v2v,seen_transfer,train_0016,testoutput_CAV_data_2022-03-17-14-44-47_2,testoutput_CAV_data_2022-03-17-14-44-47,intermittent,marked_lineage,293,3.931003006432881,12.77063159672615,7.251483815770275,108.4914675767918,79.49488054607508,1.6689419795221843,,,,
v2v,seen_transfer,train_0016,testoutput_CAV_data_2022-03-17-14-44-47_2,testoutput_CAV_data_2022-03-17-14-44-47,intermittent,marked_er,293,3.938058381545364,12.77085732857439,7.258372298255586,103.20819112627986,83.91808873720136,1.7286689419795223,,,,
v2v,seen_transfer,train_0016,testoutput_CAV_data_2022-03-17-14-44-47_2,testoutput_CAV_data_2022-03-17-14-44-47,intermittent,marked_asymmetric,293,3.8104170055730857,12.236570028836315,6.873128530430079,100.87372013651877,75.56313993174061,1.7030716723549488,,,,
v2v,seen_transfer,train_0016,testoutput_CAV_data_2022-03-17-14-44-47_2,testoutput_CAV_data_2022-03-17-14-44-47,intermittent,marked_gaussian_evidence_guarded_scalar,293,3.8504139425085357,12.35546002983209,6.854557271952251,99.89078498293516,79.24914675767918,1.7474402730375427,20292864,15300480,10988000,0
v2v,seen_transfer,train_0016,testoutput_CAV_data_2022-03-17-14-44-47_2,testoutput_CAV_data_2022-03-17-14-44-47,intermittent,marked_gaussian_evidence_no_curvature,293,3.8592284802728845,12.332521920455287,6.320442810406192,98.78498293515358,79.12627986348123,1.7610921501706485,,,,
v2v,seen_transfer,train_0016,testoutput_CAV_data_2022-03-17-14-44-47_2,testoutput_CAV_data_2022-03-17-14-44-47,intermittent,marked_gaussian_evidence_fixed_025,293,3.948816825557083,12.718260420285379,6.630976434964805,102.47098976109216,85.26962457337883,1.7815699658703072,,,,
v2v,seen_transfer,train_0016,testoutput_CAV_data_2022-03-17-14-44-47_2,testoutput_CAV_data_2022-03-17-14-44-47,intermittent,marked_gaussian_evidence,293,3.8502103678724313,12.333828037162137,6.3658793091472345,98.66211604095564,80.35494880546075,1.7559726962457338,20292864,15411712,11035168,0
v2v,seen_transfer,train_0016,testoutput_CAV_data_2022-03-17-14-44-47_2,testoutput_CAV_data_2022-03-17-14-44-47,reliable,marked_lineage,293,3.4095822069834205,11.25411211464496,4.969052328037136,60.9419795221843,81.33788395904436,1.1228668941979523,,,,
v2v,seen_transfer,train_0016,testoutput_CAV_data_2022-03-17-14-44-47_2,testoutput_CAV_data_2022-03-17-14-44-47,reliable,marked_er,293,3.313065614847967,10.779483995184483,5.366643917163528,49.8839590443686,82.5665529010239,1.1843003412969284,,,,
v2v,seen_transfer,train_0016,testoutput_CAV_data_2022-03-17-14-44-47_2,testoutput_CAV_data_2022-03-17-14-44-47,reliable,marked_asymmetric,293,3.2151062311946004,10.425171238482154,4.756141101326608,51.60409556313993,74.21160409556315,1.1262798634812288,,,,
v2v,seen_transfer,train_0016,testoutput_CAV_data_2022-03-17-14-44-47_2,testoutput_CAV_data_2022-03-17-14-44-47,reliable,marked_gaussian_evidence_guarded_scalar,293,3.2330354183858496,10.48483405052633,4.8949108438693285,51.11262798634812,76.17747440273038,1.1467576791808873,19440896,14576064,14576064,0
v2v,seen_transfer,train_0016,testoutput_CAV_data_2022-03-17-14-44-47_2,testoutput_CAV_data_2022-03-17-14-44-47,reliable,marked_gaussian_evidence_no_curvature,293,3.2315552790370723,10.357699724461673,4.7271638318237095,47.42662116040955,76.91467576791808,1.1877133105802047,,,,
v2v,seen_transfer,train_0016,testoutput_CAV_data_2022-03-17-14-44-47_2,testoutput_CAV_data_2022-03-17-14-44-47,reliable,marked_gaussian_evidence_fixed_025,293,3.3055739998744613,10.77982809329781,4.357213135935759,51.84982935153584,83.0580204778157,1.1706484641638226,,,,
v2v,seen_transfer,train_0016,testoutput_CAV_data_2022-03-17-14-44-47_2,testoutput_CAV_data_2022-03-17-14-44-47,reliable,marked_gaussian_evidence,293,3.250003774335152,10.423894883088371,4.431553929411212,47.18088737201365,79.12627986348123,1.2013651877133107,19588352,15030496,15030496,0
v2v,seen_transfer,train_0017,testoutput_CAV_data_2022-03-17-14-44-47_3,testoutput_CAV_data_2022-03-17-14-44-47,intermittent,marked_lineage,111,4.107336001178651,9.49549775489362,8.258109684568046,56.432432432432435,53.513513513513516,1.0135135135135136,,,,
v2v,seen_transfer,train_0017,testoutput_CAV_data_2022-03-17-14-44-47_3,testoutput_CAV_data_2022-03-17-14-44-47,intermittent,marked_er,111,3.93675514641226,9.171826819791368,8.295019745678445,52.21621621621622,54.16216216216216,0.954954954954955,,,,
v2v,seen_transfer,train_0017,testoutput_CAV_data_2022-03-17-14-44-47_3,testoutput_CAV_data_2022-03-17-14-44-47,intermittent,marked_asymmetric,111,4.101953825632859,9.412018491755392,8.40559498205738,50.270270270270274,55.45945945945946,0.963963963963964,,,,
v2v,seen_transfer,train_0017,testoutput_CAV_data_2022-03-17-14-44-47_3,testoutput_CAV_data_2022-03-17-14-44-47,intermittent,marked_gaussian_evidence_guarded_scalar,111,4.05416504446938,9.320130111796466,8.409305699880628,48.32432432432432,57.08108108108108,0.9774774774774775,3731200,2321504,1563040,0
v2v,seen_transfer,train_0017,testoutput_CAV_data_2022-03-17-14-44-47_3,testoutput_CAV_data_2022-03-17-14-44-47,intermittent,marked_gaussian_evidence_no_curvature,111,4.032044860230111,9.201402467036221,8.850459269712486,44.75675675675676,56.108108108108105,0.9864864864864865,,,,
v2v,seen_transfer,train_0017,testoutput_CAV_data_2022-03-17-14-44-47_3,testoutput_CAV_data_2022-03-17-14-44-47,intermittent,marked_gaussian_evidence_fixed_025,111,4.054117431982152,9.270068528925512,8.487944078620728,47.027027027027025,54.810810810810814,1.0,,,,
v2v,seen_transfer,train_0017,testoutput_CAV_data_2022-03-17-14-44-47_3,testoutput_CAV_data_2022-03-17-14-44-47,intermittent,marked_gaussian_evidence,111,4.024727007827891,9.209483235883205,8.845499954215828,44.108108108108105,57.729729729729726,1.0,3731200,2323968,1538048,0
v2v,seen_transfer,train_0017,testoutput_CAV_data_2022-03-17-14-44-47_3,testoutput_CAV_data_2022-03-17-14-44-47,reliable,marked_lineage,111,3.9451878246116605,8.940563080707003,0.9791446752122118,49.2972972972973,51.24324324324324,1.054054054054054,,,,
v2v,seen_transfer,train_0017,testoutput_CAV_data_2022-03-17-14-44-47_3,testoutput_CAV_data_2022-03-17-14-44-47,reliable,marked_er,111,3.734165107567933,8.428293811675474,0.9978760637393005,41.513513513513516,51.24324324324324,0.963963963963964,,,,
v2v,seen_transfer,train_0017,testoutput_CAV_data_2022-03-17-14-44-47_3,testoutput_CAV_data_2022-03-17-14-44-47,reliable,marked_asymmetric,111,3.9033894168689907,8.787125877544556,1.0083049732007214,47.351351351351354,48.0,0.9819819819819819,,,,
v2v,seen_transfer,train_0017,testoutput_CAV_data_2022-03-17-14-44-47_3,testoutput_CAV_data_2022-03-17-14-44-47,reliable,marked_gaussian_evidence_guarded_scalar,111,3.8646963389102242,8.798011225350017,1.0082739736793693,46.7027027027027,50.5945945945946,0.972972972972973,3780352,2175424,2175424,0
v2v,seen_transfer,train_0017,testoutput_CAV_data_2022-03-17-14-44-47_3,testoutput_CAV_data_2022-03-17-14-44-47,reliable,marked_gaussian_evidence_no_curvature,111,3.8272512986667193,8.668426091719516,0.8902414863081441,46.7027027027027,48.0,0.954954954954955,,,,
v2v,seen_transfer,train_0017,testoutput_CAV_data_2022-03-17-14-44-47_3,testoutput_CAV_data_2022-03-17-14-44-47,reliable,marked_gaussian_evidence_fixed_025,111,3.9893757524936446,8.923221730180273,0.9517047835301101,45.4054054054054,52.54054054054054,1.054054054054054,,,,
v2v,seen_transfer,train_0017,testoutput_CAV_data_2022-03-17-14-44-47_3,testoutput_CAV_data_2022-03-17-14-44-47,reliable,marked_gaussian_evidence,111,3.825204148720432,8.71700367044097,0.8884777020110175,46.054054054054056,50.5945945945946,0.963963963963964,3747584,2168384,2168384,0
v2v,seen_transfer,train_0018,testoutput_CAV_data_2022-03-17-14-44-47_5,testoutput_CAV_data_2022-03-17-14-44-47,intermittent,marked_lineage,183,2.4094171005276155,5.364017156699455,3.6546309138231883,29.114754098360656,14.950819672131148,0.5737704918032787,,,,
v2v,seen_transfer,train_0018,testoutput_CAV_data_2022-03-17-14-44-47_5,testoutput_CAV_data_2022-03-17-14-44-47,intermittent,marked_er,183,2.381767458378516,5.3213794244738475,3.6561490712549114,28.721311475409838,14.950819672131148,0.5683060109289617,,,,
v2v,seen_transfer,train_0018,testoutput_CAV_data_2022-03-17-14-44-47_5,testoutput_CAV_data_2022-03-17-14-44-47,intermittent,marked_asymmetric,183,2.5500455995532603,5.642458497185024,2.7600079043937535,30.491803278688526,18.098360655737704,0.6092896174863388,,,,
v2v,seen_transfer,train_0018,testoutput_CAV_data_2022-03-17-14-44-47_5,testoutput_CAV_data_2022-03-17-14-44-47,intermittent,marked_gaussian_evidence_guarded_scalar,183,2.481955948824463,5.475680217738756,2.472801707430775,27.540983606557376,19.081967213114755,0.5765027322404371,6223616,3554944,2480096,0
v2v,seen_transfer,train_0018,testoutput_CAV_data_2022-03-17-14-44-47_5,testoutput_CAV_data_2022-03-17-14-44-47,intermittent,marked_gaussian_evidence_no_curvature,183,2.5002835711374294,5.573357428534629,2.9135741671846223,28.524590163934427,18.885245901639344,0.5819672131147541,,,,
v2v,seen_transfer,train_0018,testoutput_CAV_data_2022-03-17-14-44-47_5,testoutput_CAV_data_2022-03-17-14-44-47,intermittent,marked_gaussian_evidence_fixed_025,183,2.3944509719575695,5.393874035721605,3.6737877976263116,26.75409836065574,17.704918032786885,0.5628415300546448,,,,
v2v,seen_transfer,train_0018,testoutput_CAV_data_2022-03-17-14-44-47_5,testoutput_CAV_data_2022-03-17-14-44-47,intermittent,marked_gaussian_evidence,183,2.501017812843611,5.616890738658272,3.2029769065095777,26.557377049180328,21.24590163934426,0.5655737704918032,6207232,3509888,2422368,0
v2v,seen_transfer,train_0018,testoutput_CAV_data_2022-03-17-14-44-47_5,testoutput_CAV_data_2022-03-17-14-44-47,reliable,marked_lineage,183,2.3277367269120814,5.194328505046595,3.8135626726450904,29.114754098360656,11.40983606557377,0.5191256830601093,,,,
v2v,seen_transfer,train_0018,testoutput_CAV_data_2022-03-17-14-44-47_5,testoutput_CAV_data_2022-03-17-14-44-47,reliable,marked_er,183,2.3006747057384476,5.134178115273131,3.8137985111659694,28.721311475409838,11.01639344262295,0.5191256830601093,,,,
v2v,seen_transfer,train_0018,testoutput_CAV_data_2022-03-17-14-44-47_5,testoutput_CAV_data_2022-03-17-14-44-47,reliable,marked_asymmetric,183,2.4544488486157583,5.456417874307488,3.5189326862809187,28.721311475409838,15.344262295081966,0.5355191256830601,,,,
v2v,seen_transfer,train_0018,testoutput_CAV_data_2022-03-17-14-44-47_5,testoutput_CAV_data_2022-03-17-14-44-47,reliable,marked_gaussian_evidence_guarded_scalar,183,2.505348069095405,5.558622283766962,3.175824731993776,26.360655737704917,18.885245901639344,0.5409836065573771,6223616,3558816,3558816,0
v2v,seen_transfer,train_0018,testoutput_CAV_data_2022-03-17-14-44-47_5,testoutput_CAV_data_2022-03-17-14-44-47,reliable,marked_gaussian_evidence_no_curvature,183,2.469583710621127,5.4726002798947535,1.9242291010494854,28.721311475409838,17.704918032786885,0.546448087431694,,,,
v2v,seen_transfer,train_0018,testoutput_CAV_data_2022-03-17-14-44-47_5,testoutput_CAV_data_2022-03-17-14-44-47,reliable,marked_gaussian_evidence_fixed_025,183,2.33307511163441,5.148639588230247,3.2267012818133103,24.39344262295082,15.737704918032787,0.5245901639344263,,,,
v2v,seen_transfer,train_0018,testoutput_CAV_data_2022-03-17-14-44-47_5,testoutput_CAV_data_2022-03-17-14-44-47,reliable,marked_gaussian_evidence,183,2.451295447926348,5.449385336348056,3.0987679340646097,23.60655737704918,20.065573770491802,0.5191256830601093,6190848,3516928,3516928,0
v2v,seen_transfer,train_0019,testoutput_CAV_data_2022-03-17-14-44-47_6,testoutput_CAV_data_2022-03-17-14-44-47,intermittent,marked_lineage,177,3.34221574798522,10.037967488986032,6.916231156483617,60.610169491525426,66.30508474576271,1.1073446327683616,,,,
v2v,seen_transfer,train_0019,testoutput_CAV_data_2022-03-17-14-44-47_6,testoutput_CAV_data_2022-03-17-14-44-47,intermittent,marked_er,177,3.2534885579293933,9.71072803063357,7.176359537028745,55.728813559322035,65.49152542372882,1.1073446327683616,,,,
v2v,seen_transfer,train_0019,testoutput_CAV_data_2022-03-17-14-44-47_6,testoutput_CAV_data_2022-03-17-14-44-47,intermittent,marked_asymmetric,177,3.168633335714353,9.53633944031801,7.660105640049385,55.32203389830509,62.644067796610166,1.0225988700564972,,,,
v2v,seen_transfer,train_0019,testoutput_CAV_data_2022-03-17-14-44-47_6,testoutput_CAV_data_2022-03-17-14-44-47,intermittent,marked_gaussian_evidence_guarded_scalar,177,3.146900673541282,9.471095791969733,6.956529194802337,54.30508474576271,63.05084745762712,1.0141242937853108,8859904,5796800,4304704,0
v2v,seen_transfer,train_0019,testoutput_CAV_data_2022-03-17-14-44-47_6,testoutput_CAV_data_2022-03-17-14-44-47,intermittent,marked_gaussian_evidence_no_curvature,177,3.1152945810549064,9.340768352394912,5.709581097481884,53.49152542372882,64.27118644067797,1.0141242937853108,,,,
v2v,seen_transfer,train_0019,testoutput_CAV_data_2022-03-17-14-44-47_6,testoutput_CAV_data_2022-03-17-14-44-47,intermittent,marked_gaussian_evidence_fixed_025,177,3.280674895836946,9.802661671622413,5.835700048112298,55.32203389830509,68.94915254237289,1.0988700564971752,,,,
v2v,seen_transfer,train_0019,testoutput_CAV_data_2022-03-17-14-44-47_6,testoutput_CAV_data_2022-03-17-14-44-47,intermittent,marked_gaussian_evidence,177,3.097457340242455,9.284704082455908,5.326842427079573,53.49152542372882,63.86440677966102,1.002824858757062,8909056,5967168,4408896,0
v2v,seen_transfer,train_0019,testoutput_CAV_data_2022-03-17-14-44-47_6,testoutput_CAV_data_2022-03-17-14-44-47,reliable,marked_lineage,177,2.847267556580979,8.714609899164467,3.29750139064343,46.779661016949156,58.983050847457626,0.8700564971751412,,,,
v2v,seen_transfer,train_0019,testoutput_CAV_data_2022-03-17-14-44-47_6,testoutput_CAV_data_2022-03-17-14-44-47,reliable,marked_er,177,2.855802578730547,8.659121872817332,3.4887511874462773,44.33898305084746,59.79661016949152,0.903954802259887,,,,
v2v,seen_transfer,train_0019,testoutput_CAV_data_2022-03-17-14-44-47_6,testoutput_CAV_data_2022-03-17-14-44-47,reliable,marked_asymmetric,177,2.6908552639718373,8.355558087842518,5.096133314948505,44.33898305084746,53.69491525423729,0.7853107344632768,,,,
v2v,seen_transfer,train_0019,testoutput_CAV_data_2022-03-17-14-44-47_6,testoutput_CAV_data_2022-03-17-14-44-47,reliable,marked_gaussian_evidence_guarded_scalar,177,2.554508108684645,7.9648701653213,3.38687450329942,43.11864406779661,51.66101694915254,0.7288135593220338,8810752,5748224,5748224,0
v2v,seen_transfer,train_0019,testoutput_CAV_data_2022-03-17-14-44-47_6,testoutput_CAV_data_2022-03-17-14-44-47,reliable,marked_gaussian_evidence_no_curvature,177,2.5384337702273365,7.891221823606815,3.074744744911907,40.271186440677965,54.91525423728814,0.7457627118644068,,,,
v2v,seen_transfer,train_0019,testoutput_CAV_data_2022-03-17-14-44-47_6,testoutput_CAV_data_2022-03-17-14-44-47,reliable,marked_gaussian_evidence_fixed_025,177,2.646371175657724,8.17654965089047,2.6138789254883776,43.11864406779661,54.91525423728814,0.751412429378531,,,,
v2v,seen_transfer,train_0019,testoutput_CAV_data_2022-03-17-14-44-47_6,testoutput_CAV_data_2022-03-17-14-44-47,reliable,marked_gaussian_evidence,177,2.569630948183905,7.991056226186419,2.6858730094188714,41.08474576271186,55.32203389830509,0.7401129943502824,8532224,5619392,5619392,0
v2v,previous_train_probes,train_0020,testoutput_CAV_data_2022-03-17-14-59-30_0,testoutput_CAV_data_2022-03-17-14-59-30,intermittent,marked_lineage,275,3.0279913469746216,8.37795242441491,7.634293512831015,63.75272727272727,33.12,0.8654545454545455,,,,
v2v,previous_train_probes,train_0020,testoutput_CAV_data_2022-03-17-14-59-30_0,testoutput_CAV_data_2022-03-17-14-59-30,intermittent,marked_er,275,2.887633310870962,8.073627502370373,7.903582151358123,57.86181818181818,34.42909090909091,0.7981818181818182,,,,
v2v,previous_train_probes,train_0020,testoutput_CAV_data_2022-03-17-14-59-30_0,testoutput_CAV_data_2022-03-17-14-59-30,intermittent,marked_asymmetric,275,2.9165458294578896,8.124031044160573,8.12490836460396,61.92,31.156363636363636,0.8345454545454546,,,,
v2v,previous_train_probes,train_0020,testoutput_CAV_data_2022-03-17-14-59-30_0,testoutput_CAV_data_2022-03-17-14-59-30,intermittent,marked_gaussian_evidence_guarded_scalar,275,2.906119211395922,8.090825330586245,8.595069343580056,59.694545454545455,31.94181818181818,0.8254545454545454,13112064,9060128,6686336,0
v2v,previous_train_probes,train_0020,testoutput_CAV_data_2022-03-17-14-59-30_0,testoutput_CAV_data_2022-03-17-14-59-30,intermittent,marked_gaussian_evidence_no_curvature,275,2.9287253415286463,8.153598692198322,7.819157300147133,61.658181818181816,32.46545454545455,0.8381818181818181,,,,
v2v,previous_train_probes,train_0020,testoutput_CAV_data_2022-03-17-14-59-30_0,testoutput_CAV_data_2022-03-17-14-59-30,intermittent,marked_gaussian_evidence_fixed_025,275,2.934785055910889,8.132067472708634,7.401547782342311,58.77818181818182,34.167272727272724,0.8363636363636363,,,,
v2v,previous_train_probes,train_0020,testoutput_CAV_data_2022-03-17-14-59-30_0,testoutput_CAV_data_2022-03-17-14-59-30,intermittent,marked_gaussian_evidence,275,2.942331460893575,8.184965403065462,8.281154482837248,60.087272727272726,33.25090909090909,0.8418181818181818,13325056,9390656,6915488,0
v2v,previous_train_probes,train_0020,testoutput_CAV_data_2022-03-17-14-59-30_0,testoutput_CAV_data_2022-03-17-14-59-30,reliable,marked_lineage,275,2.42990538395827,6.749604793095075,5.179748447578856,30.894545454545455,32.20363636363636,0.6290909090909091,,,,
v2v,previous_train_probes,train_0020,testoutput_CAV_data_2022-03-17-14-59-30_0,testoutput_CAV_data_2022-03-17-14-59-30,reliable,marked_er,275,2.4886497281274824,6.906597906521558,5.187977938712463,26.705454545454547,36.916363636363634,0.6290909090909091,,,,
v2v,previous_train_probes,train_0020,testoutput_CAV_data_2022-03-17-14-59-30_0,testoutput_CAV_data_2022-03-17-14-59-30,reliable,marked_asymmetric,275,2.5042475685659213,6.918616543507236,5.740172315767534,32.20363636363636,31.156363636363636,0.6763636363636364,,,,
v2v,previous_train_probes,train_0020,testoutput_CAV_data_2022-03-17-14-59-30_0,testoutput_CAV_data_2022-03-17-14-59-30,reliable,marked_gaussian_evidence_guarded_scalar,275,2.4365654856379115,6.755474901929718,6.605892262540742,28.53818181818182,31.68,0.6327272727272727,13554432,9071392,9071392,0
v2v,previous_train_probes,train_0020,testoutput_CAV_data_2022-03-17-14-59-30_0,testoutput_CAV_data_2022-03-17-14-59-30,reliable,marked_gaussian_evidence_no_curvature,275,2.4861855178052363,6.8724647115968365,5.625020819807994,31.418181818181818,31.94181818181818,0.6618181818181819,,,,
v2v,previous_train_probes,train_0020,testoutput_CAV_data_2022-03-17-14-59-30_0,testoutput_CAV_data_2022-03-17-14-59-30,reliable,marked_gaussian_evidence_fixed_025,275,2.4432227083175677,6.764374535680663,5.385688450962459,27.490909090909092,34.29818181818182,0.6327272727272727,,,,
v2v,previous_train_probes,train_0020,testoutput_CAV_data_2022-03-17-14-59-30_0,testoutput_CAV_data_2022-03-17-14-59-30,reliable,marked_gaussian_evidence,275,2.484469370545503,6.8587288000529725,6.446423806581287,28.276363636363637,33.25090909090909,0.6509090909090909,13390592,8779584,8779584,0
v2v,seen_transfer,train_0021,testoutput_CAV_data_2022-03-17-15-55-26_0,testoutput_CAV_data_2022-03-17-15-55-26,intermittent,marked_lineage,286,4.901932792098936,9.53111286691126,9.40877483875368,55.63636363636363,54.62937062937063,1.1083916083916083,,,,
v2v,seen_transfer,train_0021,testoutput_CAV_data_2022-03-17-15-55-26_0,testoutput_CAV_data_2022-03-17-15-55-26,intermittent,marked_er,286,5.100372125101885,9.908707818189121,8.1621413351882,51.86013986013986,65.07692307692308,1.1835664335664335,,,,
v2v,seen_transfer,train_0021,testoutput_CAV_data_2022-03-17-15-55-26_0,testoutput_CAV_data_2022-03-17-15-55-26,intermittent,marked_asymmetric,286,4.681863379371641,9.059432777153381,8.121689329805424,54.75524475524475,48.20979020979021,1.0,,,,
v2v,seen_transfer,train_0021,testoutput_CAV_data_2022-03-17-15-55-26_0,testoutput_CAV_data_2022-03-17-15-55-26,intermittent,marked_gaussian_evidence_guarded_scalar,286,4.678010156219332,9.032463171818156,8.364239338615599,54.62937062937063,47.45454545454545,1.0017482517482517,9674240,6225120,4569408,0
v2v,seen_transfer,train_0021,testoutput_CAV_data_2022-03-17-15-55-26_0,testoutput_CAV_data_2022-03-17-15-55-26,intermittent,marked_gaussian_evidence_no_curvature,286,4.691289375778485,9.11969491217678,8.161387112947756,54.0,49.84615384615385,0.9947552447552448,,,,
v2v,seen_transfer,train_0021,testoutput_CAV_data_2022-03-17-15-55-26_0,testoutput_CAV_data_2022-03-17-15-55-26,intermittent,marked_gaussian_evidence_fixed_025,286,4.925864359813382,9.576493813630812,9.566577314735028,51.10489510489511,60.54545454545455,1.1381118881118881,,,,
v2v,seen_transfer,train_0021,testoutput_CAV_data_2022-03-17-15-55-26_0,testoutput_CAV_data_2022-03-17-15-55-26,intermittent,marked_gaussian_evidence,286,4.730991568069535,9.151132184912866,8.105731251561801,53.62237762237762,50.22377622377623,1.0122377622377623,9985536,6476096,4751040,0
v2v,seen_transfer,train_0021,testoutput_CAV_data_2022-03-17-15-55-26_0,testoutput_CAV_data_2022-03-17-15-55-26,reliable,marked_lineage,286,4.3511925635981505,8.538945444445439,6.508136357177749,41.79020979020979,51.86013986013986,0.8181818181818182,,,,
v2v,seen_transfer,train_0021,testoutput_CAV_data_2022-03-17-15-55-26_0,testoutput_CAV_data_2022-03-17-15-55-26,reliable,marked_er,286,4.462179960011419,8.600193575931277,6.139303334982253,32.97902097902098,57.65034965034965,0.8811188811188811,,,,
v2v,seen_transfer,train_0021,testoutput_CAV_data_2022-03-17-15-55-26_0,testoutput_CAV_data_2022-03-17-15-55-26,reliable,marked_asymmetric,286,3.892966514037672,7.435014839807975,6.25195405659553,39.77622377622377,32.97902097902098,0.6888111888111889,,,,
v2v,seen_transfer,train_0021,testoutput_CAV_data_2022-03-17-15-55-26_0,testoutput_CAV_data_2022-03-17-15-55-26,reliable,marked_gaussian_evidence_guarded_scalar,286,3.946024775330004,7.561375773017448,6.813374113781376,38.51748251748252,35.74825174825175,0.7027972027972028,9543168,6049120,6049120,0
v2v,seen_transfer,train_0021,testoutput_CAV_data_2022-03-17-15-55-26_0,testoutput_CAV_data_2022-03-17-15-55-26,reliable,marked_gaussian_evidence_no_curvature,286,4.134770254363933,7.8935873350431764,6.18495344676332,41.28671328671329,38.76923076923077,0.7692307692307693,,,,
v2v,seen_transfer,train_0021,testoutput_CAV_data_2022-03-17-15-55-26_0,testoutput_CAV_data_2022-03-17-15-55-26,reliable,marked_gaussian_evidence_fixed_025,286,4.295335901423062,8.325820302286296,6.501734511781262,34.23776223776224,53.62237762237762,0.8286713286713286,,,,
v2v,seen_transfer,train_0021,testoutput_CAV_data_2022-03-17-15-55-26_0,testoutput_CAV_data_2022-03-17-15-55-26,reliable,marked_gaussian_evidence,286,4.016663142968407,7.736303684158925,6.333510403451135,36.25174825174825,41.03496503496503,0.7237762237762237,9707008,6199776,6199776,0
v2v,seen_transfer,train_0022,testoutput_CAV_data_2022-03-17-15-55-26_1,testoutput_CAV_data_2022-03-17-15-55-26,intermittent,marked_lineage,229,3.7023956790213535,14.93675566297861,32.74674402196068,166.16593886462883,71.37117903930131,1.9104803493449782,,,,
v2v,seen_transfer,train_0022,testoutput_CAV_data_2022-03-17-15-55-26_1,testoutput_CAV_data_2022-03-17-15-55-26,intermittent,marked_er,229,3.470906633669104,14.0791027251427,31.614450433171818,147.9301310043668,70.11353711790393,1.7314410480349345,,,,
v2v,seen_transfer,train_0022,testoutput_CAV_data_2022-03-17-15-55-26_1,testoutput_CAV_data_2022-03-17-15-55-26,intermittent,marked_asymmetric,229,3.604061660546273,14.5610169713568,32.789724363724766,165.37991266375545,63.9825327510917,1.8624454148471616,,,,
v2v,seen_transfer,train_0022,testoutput_CAV_data_2022-03-17-15-55-26_1,testoutput_CAV_data_2022-03-17-15-55-26,intermittent,marked_gaussian_evidence_guarded_scalar,229,3.509275935542029,14.302546860218257,35.69638133509424,154.06113537117903,68.06986899563319,1.7183406113537119,17327360,13384320,9341920,0
v2v,seen_transfer,train_0022,testoutput_CAV_data_2022-03-17-15-55-26_1,testoutput_CAV_data_2022-03-17-15-55-26,intermittent,marked_gaussian_evidence_no_curvature,229,3.595254792291093,14.563539173932764,34.692088276784595,156.73362445414847,72.94323144104804,1.8056768558951966,,,,
v2v,seen_transfer,train_0022,testoutput_CAV_data_2022-03-17-15-55-26_1,testoutput_CAV_data_2022-03-17-15-55-26,intermittent,marked_gaussian_evidence_fixed_025,229,3.5160909817999815,14.268570515227703,31.122771247403108,151.23144104803492,71.21397379912663,1.7489082969432315,,,,
v2v,seen_transfer,train_0022,testoutput_CAV_data_2022-03-17-15-55-26_1,testoutput_CAV_data_2022-03-17-15-55-26,intermittent,marked_gaussian_evidence,229,3.4800692220051177,14.119677937693721,33.041920870003494,147.77292576419214,69.48471615720524,1.7074235807860263,18343168,14373440,10062464,0
v2v,seen_transfer,train_0022,testoutput_CAV_data_2022-03-17-15-55-26_1,testoutput_CAV_data_2022-03-17-15-55-26,reliable,marked_lineage,229,3.412232318716907,13.640860302715614,10.59348355921177,146.8296943231441,64.13973799126637,1.6375545851528384,,,,
v2v,seen_transfer,train_0022,testoutput_CAV_data_2022-03-17-15-55-26_1,testoutput_CAV_data_2022-03-17-15-55-26,reliable,marked_er,229,3.1975350056398395,12.848900348821996,11.900995136386872,122.3056768558952,66.65502183406113,1.445414847161572,,,,
v2v,seen_transfer,train_0022,testoutput_CAV_data_2022-03-17-15-55-26_1,testoutput_CAV_data_2022-03-17-15-55-26,reliable,marked_asymmetric,229,3.303791989489048,13.159540760241356,10.290719159809667,138.65502183406113,59.737991266375545,1.5589519650655022,,,,
v2v,seen_transfer,train_0022,testoutput_CAV_data_2022-03-17-15-55-26_1,testoutput_CAV_data_2022-03-17-15-55-26,reliable,marked_gaussian_evidence_guarded_scalar,229,3.1975571864813426,12.860405117021957,11.088043153863092,127.02183406113537,63.82532751091703,1.4279475982532752,17114368,13546240,13546240,0
v2v,seen_transfer,train_0022,testoutput_CAV_data_2022-03-17-15-55-26_1,testoutput_CAV_data_2022-03-17-15-55-26,reliable,marked_gaussian_evidence_no_curvature,229,3.1801245224171932,12.727522096529755,10.418709043136037,127.65065502183405,60.68122270742358,1.4716157205240175,,,,
v2v,seen_transfer,train_0022,testoutput_CAV_data_2022-03-17-15-55-26_1,testoutput_CAV_data_2022-03-17-15-55-26,reliable,marked_gaussian_evidence_fixed_025,229,3.2607950794184912,13.077964069194715,11.388551054344896,130.48034934497818,66.3406113537118,1.5109170305676856,,,,
v2v,seen_transfer,train_0022,testoutput_CAV_data_2022-03-17-15-55-26_1,testoutput_CAV_data_2022-03-17-15-55-26,reliable,marked_gaussian_evidence,229,3.1099419745051216,12.398294206272489,10.743187075330301,114.13100436681222,63.82532751091703,1.4148471615720524,17835264,13908800,13908800,0
v2v,seen_transfer,train_0023,testoutput_CAV_data_2022-03-17-16-06-11_0,testoutput_CAV_data_2022-03-17-16-06-11,intermittent,marked_lineage,120,3.9905872126487125,14.62250061509596,20.22068097993439,206.4,24.0,2.65,,,,
v2v,seen_transfer,train_0023,testoutput_CAV_data_2022-03-17-16-06-11_0,testoutput_CAV_data_2022-03-17-16-06-11,intermittent,marked_er,120,3.7949484543995955,13.929548437325078,20.40343285849354,182.4,25.5,2.3208333333333333,,,,
v2v,seen_transfer,train_0023,testoutput_CAV_data_2022-03-17-16-06-11_0,testoutput_CAV_data_2022-03-17-16-06-11,intermittent,marked_asymmetric,120,3.742952492704613,13.464740718769322,22.536147053047298,181.8,15.3,2.4291666666666667,,,,
v2v,seen_transfer,train_0023,testoutput_CAV_data_2022-03-17-16-06-11_0,testoutput_CAV_data_2022-03-17-16-06-11,intermittent,marked_gaussian_evidence_guarded_scalar,120,3.730748477240729,13.624384439743826,21.343729685714045,177.0,22.5,2.2875,7927808,6008224,4322880,0
v2v,seen_transfer,train_0023,testoutput_CAV_data_2022-03-17-16-06-11_0,testoutput_CAV_data_2022-03-17-16-06-11,intermittent,marked_gaussian_evidence_no_curvature,120,3.614508009862578,12.881193773426967,18.381318457191252,169.2,14.1,2.279166666666667,,,,
v2v,seen_transfer,train_0023,testoutput_CAV_data_2022-03-17-16-06-11_0,testoutput_CAV_data_2022-03-17-16-06-11,intermittent,marked_gaussian_evidence_fixed_025,120,3.7875165044794685,13.75720571012186,16.573841199674526,179.4,24.3,2.3291666666666666,,,,
v2v,seen_transfer,train_0023,testoutput_CAV_data_2022-03-17-16-06-11_0,testoutput_CAV_data_2022-03-17-16-06-11,intermittent,marked_gaussian_evidence,120,3.625359852126308,13.150965989748782,18.412411898233096,168.6,20.7,2.1958333333333333,7813120,6563328,4667136,0
v2v,seen_transfer,train_0023,testoutput_CAV_data_2022-03-17-16-06-11_0,testoutput_CAV_data_2022-03-17-16-06-11,reliable,marked_lineage,120,3.811356493967971,13.880639009415635,18.455029923749418,189.0,17.4,2.4,,,,
v2v,seen_transfer,train_0023,testoutput_CAV_data_2022-03-17-16-06-11_0,testoutput_CAV_data_2022-03-17-16-06-11,reliable,marked_er,120,3.566664336087561,13.302890162770359,19.831921747950062,162.0,25.8,1.975,,,,
v2v,seen_transfer,train_0023,testoutput_CAV_data_2022-03-17-16-06-11_0,testoutput_CAV_data_2022-03-17-16-06-11,reliable,marked_asymmetric,120,3.6044358851175433,12.942306823346488,18.499739403330686,172.8,10.2,2.2916666666666665,,,,
v2v,seen_transfer,train_0023,testoutput_CAV_data_2022-03-17-16-06-11_0,testoutput_CAV_data_2022-03-17-16-06-11,reliable,marked_gaussian_evidence_guarded_scalar,120,3.5880930298814158,13.064662611957155,19.710955608036183,168.6,14.4,2.191666666666667,7944192,5901568,5901568,0
v2v,seen_transfer,train_0023,testoutput_CAV_data_2022-03-17-16-06-11_0,testoutput_CAV_data_2022-03-17-16-06-11,reliable,marked_gaussian_evidence_no_curvature,120,3.3890994064797693,12.01671627331756,13.303875942628327,156.6,7.8,2.1166666666666667,,,,
v2v,seen_transfer,train_0023,testoutput_CAV_data_2022-03-17-16-06-11_0,testoutput_CAV_data_2022-03-17-16-06-11,reliable,marked_gaussian_evidence_fixed_025,120,3.6155728509784115,13.207639101428054,16.119662388615946,165.0,22.8,2.058333333333333,,,,
v2v,seen_transfer,train_0023,testoutput_CAV_data_2022-03-17-16-06-11_0,testoutput_CAV_data_2022-03-17-16-06-11,reliable,marked_gaussian_evidence,120,3.393818877078736,12.286077662378382,13.988883102763454,152.4,15.0,1.9916666666666667,7829504,6233856,6233856,0
v2v,seen_transfer,train_0024,testoutput_CAV_data_2022-03-21-09-35-07_2,testoutput_CAV_data_2022-03-21-09-35-07,intermittent,marked_lineage,168,1.6814573234338075,3.5849812475197007,3.29306710824299,22.071428571428573,0.42857142857142855,0.30654761904761907,,,,
v2v,seen_transfer,train_0024,testoutput_CAV_data_2022-03-21-09-35-07_2,testoutput_CAV_data_2022-03-21-09-35-07,intermittent,marked_er,168,1.6602680908400604,3.5829241178963556,3.3385378314538885,20.785714285714285,1.7142857142857142,0.29464285714285715,,,,
v2v,seen_transfer,train_0024,testoutput_CAV_data_2022-03-21-09-35-07_2,testoutput_CAV_data_2022-03-21-09-35-07,intermittent,marked_asymmetric,168,1.6538159248383713,3.553377888996097,3.317332198285676,21.214285714285715,0.8571428571428571,0.3005952380952381,,,,
v2v,seen_transfer,train_0024,testoutput_CAV_data_2022-03-21-09-35-07_2,testoutput_CAV_data_2022-03-21-09-35-07,intermittent,marked_gaussian_evidence_guarded_scalar,168,1.6518242148478008,3.548039584146317,3.290958186753365,21.214285714285715,0.8571428571428571,0.3005952380952381,5548032,2245952,1494720,0
v2v,seen_transfer,train_0024,testoutput_CAV_data_2022-03-21-09-35-07_2,testoutput_CAV_data_2022-03-21-09-35-07,intermittent,marked_gaussian_evidence_no_curvature,168,1.6876563323576808,3.6160315675177217,3.309992129171772,21.214285714285715,1.5,0.30952380952380953,,,,
v2v,seen_transfer,train_0024,testoutput_CAV_data_2022-03-21-09-35-07_2,testoutput_CAV_data_2022-03-21-09-35-07,intermittent,marked_gaussian_evidence_fixed_025,168,1.70390192997729,3.6197812381736134,3.3141637295870074,22.285714285714285,0.42857142857142855,0.30952380952380953,,,,
v2v,seen_transfer,train_0024,testoutput_CAV_data_2022-03-21-09-35-07_2,testoutput_CAV_data_2022-03-21-09-35-07,intermittent,marked_gaussian_evidence,168,1.665518036442392,3.573334843631779,3.299994443881984,21.214285714285715,1.0714285714285714,0.30357142857142855,5548032,2241024,1489792,0
v2v,seen_transfer,train_0024,testoutput_CAV_data_2022-03-21-09-35-07_2,testoutput_CAV_data_2022-03-21-09-35-07,reliable,marked_lineage,168,1.6430412830118928,3.489740877827847,2.688604821576676,21.857142857142858,0.0,0.30357142857142855,,,,
v2v,seen_transfer,train_0024,testoutput_CAV_data_2022-03-21-09-35-07_2,testoutput_CAV_data_2022-03-21-09-35-07,reliable,marked_er,168,1.529200237219109,3.2835581781092356,2.756494027417926,19.285714285714285,0.0,0.26785714285714285,,,,
v2v,seen_transfer,train_0024,testoutput_CAV_data_2022-03-21-09-35-07_2,testoutput_CAV_data_2022-03-21-09-35-07,reliable,marked_asymmetric,168,1.5381870160985431,3.305374542120243,2.7157154793684084,19.285714285714285,0.42857142857142855,0.27380952380952384,,,,
v2v,seen_transfer,train_0024,testoutput_CAV_data_2022-03-21-09-35-07_2,testoutput_CAV_data_2022-03-21-09-35-07,reliable,marked_gaussian_evidence_guarded_scalar,168,1.538468406353941,3.306109810748234,2.7184795462323375,19.285714285714285,0.42857142857142855,0.27380952380952384,5548032,2213568,2213568,0
v2v,seen_transfer,train_0024,testoutput_CAV_data_2022-03-21-09-35-07_2,testoutput_CAV_data_2022-03-21-09-35-07,reliable,marked_gaussian_evidence_no_curvature,168,1.5231464785860818,3.273381661436469,2.714091395402362,18.857142857142858,0.42857142857142855,0.26785714285714285,,,,
v2v,seen_transfer,train_0024,testoutput_CAV_data_2022-03-21-09-35-07_2,testoutput_CAV_data_2022-03-21-09-35-07,reliable,marked_gaussian_evidence_fixed_025,168,1.562774866231381,3.34000496705609,2.7069782042425183,20.142857142857142,0.0,0.27976190476190477,,,,
v2v,seen_transfer,train_0024,testoutput_CAV_data_2022-03-21-09-35-07_2,testoutput_CAV_data_2022-03-21-09-35-07,reliable,marked_gaussian_evidence,168,1.5406875157759738,3.308182518111672,2.6847969274515644,19.285714285714285,0.42857142857142855,0.27380952380952384,5548032,2206880,2206880,0
v2v,previous_train_probes,train_0025,testoutput_CAV_data_2022-03-21-09-35-07_3,testoutput_CAV_data_2022-03-21-09-35-07,intermittent,marked_lineage,450,3.5221478991580972,9.002789601285167,9.130976145532536,13.84,96.72,1.2866666666666666,,,,
v2v,previous_train_probes,train_0025,testoutput_CAV_data_2022-03-21-09-35-07_3,testoutput_CAV_data_2022-03-21-09-35-07,intermittent,marked_er,450,3.709076786440997,9.2857769743548,5.501152715652124,10.08,106.16,1.4655555555555555,,,,
v2v,previous_train_probes,train_0025,testoutput_CAV_data_2022-03-21-09-35-07_3,testoutput_CAV_data_2022-03-21-09-35-07,intermittent,marked_asymmetric,450,3.378120870459003,8.576090292761924,8.606541154431905,12.8,89.92,1.2066666666666668,,,,
v2v,previous_train_probes,train_0025,testoutput_CAV_data_2022-03-21-09-35-07_3,testoutput_CAV_data_2022-03-21-09-35-07,intermittent,marked_gaussian_evidence_guarded_scalar,450,3.368088205246944,8.553497357189968,7.4282428537608896,11.6,93.2,1.26,17334784,11195296,8269344,0
v2v,previous_train_probes,train_0025,testoutput_CAV_data_2022-03-21-09-35-07_3,testoutput_CAV_data_2022-03-21-09-35-07,intermittent,marked_gaussian_evidence_no_curvature,450,3.3885741926299424,8.55869704215105,6.843175291265706,10.8,93.04,1.2644444444444445,,,,
v2v,previous_train_probes,train_0025,testoutput_CAV_data_2022-03-21-09-35-07_3,testoutput_CAV_data_2022-03-21-09-35-07,intermittent,marked_gaussian_evidence_fixed_025,450,3.662508434795294,9.167001839416354,6.19145924827224,8.72,104.24,1.4577777777777778,,,,
v2v,previous_train_probes,train_0025,testoutput_CAV_data_2022-03-21-09-35-07_3,testoutput_CAV_data_2022-03-21-09-35-07,intermittent,marked_gaussian_evidence,450,3.3744779363081814,8.526637960635487,7.329821858862045,10.32,93.44,1.281111111111111,16941568,11037952,8110592,0
v2v,previous_train_probes,train_0025,testoutput_CAV_data_2022-03-21-09-35-07_3,testoutput_CAV_data_2022-03-21-09-35-07,reliable,marked_lineage,450,3.799422234595937,9.573983959320467,7.466680055518463,12.8,106.88,1.4355555555555555,,,,
v2v,previous_train_probes,train_0025,testoutput_CAV_data_2022-03-21-09-35-07_3,testoutput_CAV_data_2022-03-21-09-35-07,reliable,marked_er,450,3.967030773138522,9.877533917715947,4.0463606963912,8.32,119.52,1.6466666666666667,,,,
v2v,previous_train_probes,train_0025,testoutput_CAV_data_2022-03-21-09-35-07_3,testoutput_CAV_data_2022-03-21-09-35-07,reliable,marked_asymmetric,450,3.3441515407785323,8.450947446223582,5.0549353151379295,11.36,92.96,1.2577777777777779,,,,
v2v,previous_train_probes,train_0025,testoutput_CAV_data_2022-03-21-09-35-07_3,testoutput_CAV_data_2022-03-21-09-35-07,reliable,marked_gaussian_evidence_guarded_scalar,450,3.2888751093405446,8.349876266186222,4.826089478168194,10.72,94.4,1.2866666666666666,17269248,10853856,10853856,0
v2v,previous_train_probes,train_0025,testoutput_CAV_data_2022-03-21-09-35-07_3,testoutput_CAV_data_2022-03-21-09-35-07,reliable,marked_gaussian_evidence_no_curvature,450,3.343222869294924,8.443328587209962,5.479734009566061,10.56,93.6,1.268888888888889,,,,
v2v,previous_train_probes,train_0025,testoutput_CAV_data_2022-03-21-09-35-07_3,testoutput_CAV_data_2022-03-21-09-35-07,reliable,marked_gaussian_evidence_fixed_025,450,3.6983804564822096,9.368167184411986,4.8447588259788406,9.44,112.48,1.5377777777777777,,,,
v2v,previous_train_probes,train_0025,testoutput_CAV_data_2022-03-21-09-35-07_3,testoutput_CAV_data_2022-03-21-09-35-07,reliable,marked_gaussian_evidence,450,3.302490233627834,8.328892410415127,5.245568367797584,8.32,95.36,1.3288888888888888,17220096,10916512,10916512,0
v2v,seen_transfer,train_0026,testoutput_CAV_data_2022-03-21-09-35-07_4,testoutput_CAV_data_2022-03-21-09-35-07,intermittent,marked_lineage,135,4.857536493673129,9.300823128149545,2.2920063361163425,32.53333333333333,78.13333333333334,0.9962962962962963,,,,
v2v,seen_transfer,train_0026,testoutput_CAV_data_2022-03-21-09-35-07_4,testoutput_CAV_data_2022-03-21-09-35-07,intermittent,marked_er,135,5.4201533417942285,10.305775301454394,2.2920109308409566,32.53333333333333,93.86666666666666,1.2148148148148148,,,,
v2v,seen_transfer,train_0026,testoutput_CAV_data_2022-03-21-09-35-07_4,testoutput_CAV_data_2022-03-21-09-35-07,intermittent,marked_asymmetric,135,4.490793926261135,8.74391183234189,2.2561452534282602,33.06666666666667,72.8,0.9222222222222223,,,,
v2v,seen_transfer,train_0026,testoutput_CAV_data_2022-03-21-09-35-07_4,testoutput_CAV_data_2022-03-21-09-35-07,intermittent,marked_gaussian_evidence_guarded_scalar,135,4.520194670065314,8.804638623433732,2.2561443861066426,33.06666666666667,74.93333333333334,0.9518518518518518,4458240,2019616,1490912,0
v2v,seen_transfer,train_0026,testoutput_CAV_data_2022-03-21-09-35-07_4,testoutput_CAV_data_2022-03-21-09-35-07,intermittent,marked_gaussian_evidence_no_curvature,135,4.600864698166689,8.948214622125287,2.4014196672938315,32.53333333333333,77.6,0.9962962962962963,,,,
v2v,seen_transfer,train_0026,testoutput_CAV_data_2022-03-21-09-35-07_4,testoutput_CAV_data_2022-03-21-09-35-07,intermittent,marked_gaussian_evidence_fixed_025,135,5.313509590509825,10.152477659969854,2.3011782911225467,32.266666666666666,94.4,1.2333333333333334,,,,
v2v,seen_transfer,train_0026,testoutput_CAV_data_2022-03-21-09-35-07_4,testoutput_CAV_data_2022-03-21-09-35-07,intermittent,marked_gaussian_evidence,135,4.643178438553439,9.02550403068078,2.401423310874708,32.53333333333333,78.66666666666667,1.011111111111111,4458240,1855584,1371936,0
v2v,seen_transfer,train_0026,testoutput_CAV_data_2022-03-21-09-35-07_4,testoutput_CAV_data_2022-03-21-09-35-07,reliable,marked_lineage,135,4.448410336918801,8.569771634171614,1.5537478350817775,31.466666666666665,70.4,0.9111111111111111,,,,
v2v,seen_transfer,train_0026,testoutput_CAV_data_2022-03-21-09-35-07_4,testoutput_CAV_data_2022-03-21-09-35-07,reliable,marked_er,135,5.136358098099189,9.85556280220121,1.5536942776446765,31.466666666666665,91.73333333333333,1.1777777777777778,,,,
v2v,seen_transfer,train_0026,testoutput_CAV_data_2022-03-21-09-35-07_4,testoutput_CAV_data_2022-03-21-09-35-07,reliable,marked_asymmetric,135,4.432596437850851,8.576207441707405,1.5366126317056104,32.0,69.33333333333333,0.8592592592592593,,,,
v2v,seen_transfer,train_0026,testoutput_CAV_data_2022-03-21-09-35-07_4,testoutput_CAV_data_2022-03-21-09-35-07,reliable,marked_gaussian_evidence_guarded_scalar,135,4.349578366194005,8.420658501019858,1.5366922830640075,32.0,67.2,0.8444444444444444,4458240,2087904,2087904,0
v2v,seen_transfer,train_0026,testoutput_CAV_data_2022-03-21-09-35-07_4,testoutput_CAV_data_2022-03-21-09-35-07,reliable,marked_gaussian_evidence_no_curvature,135,4.534264293673606,8.72926491839942,1.4739256447774811,31.466666666666665,71.46666666666667,0.9111111111111111,,,,
v2v,seen_transfer,train_0026,testoutput_CAV_data_2022-03-21-09-35-07_4,testoutput_CAV_data_2022-03-21-09-35-07,reliable,marked_gaussian_evidence_fixed_025,135,5.125993762618474,9.775608195086638,1.5402182546698817,32.0,88.0,1.1333333333333333,,,,
v2v,seen_transfer,train_0026,testoutput_CAV_data_2022-03-21-09-35-07_4,testoutput_CAV_data_2022-03-21-09-35-07,reliable,marked_gaussian_evidence,135,4.451848499736678,8.567409808606879,1.4961618665102496,31.466666666666665,68.8,0.8740740740740741,4458240,1984768,1984768,0
v2v,seen_transfer,train_0027,testoutput_CAV_data_2022-03-21-09-35-07_5,testoutput_CAV_data_2022-03-21-09-35-07,intermittent,marked_lineage,143,5.822145477295078,15.834195380163374,13.925209342250744,165.9020979020979,88.36363636363636,1.5174825174825175,,,,
v2v,seen_transfer,train_0027,testoutput_CAV_data_2022-03-21-09-35-07_5,testoutput_CAV_data_2022-03-21-09-35-07,intermittent,marked_er,143,5.746245542413055,15.83507680668973,14.188344631036617,151.8041958041958,100.6993006993007,1.465034965034965,,,,
v2v,seen_transfer,train_0027,testoutput_CAV_data_2022-03-21-09-35-07_5,testoutput_CAV_data_2022-03-21-09-35-07,intermittent,marked_asymmetric,143,5.63830443049915,15.24672758521888,13.697299992151018,154.5734265734266,81.56643356643356,1.4965034965034965,,,,
v2v,seen_transfer,train_0027,testoutput_CAV_data_2022-03-21-09-35-07_5,testoutput_CAV_data_2022-03-21-09-35-07,intermittent,marked_gaussian_evidence_guarded_scalar,143,5.603444780382857,15.120017250905077,13.469258763648659,152.55944055944056,80.55944055944056,1.4895104895104896,7278336,4931168,3465824,0
v2v,seen_transfer,train_0027,testoutput_CAV_data_2022-03-21-09-35-07_5,testoutput_CAV_data_2022-03-21-09-35-07,intermittent,marked_gaussian_evidence_no_curvature,143,5.53902091986229,15.134435129895587,13.504571340574785,148.02797202797203,84.08391608391608,1.3636363636363635,,,,
v2v,seen_transfer,train_0027,testoutput_CAV_data_2022-03-21-09-35-07_5,testoutput_CAV_data_2022-03-21-09-35-07,intermittent,marked_gaussian_evidence_fixed_025,143,5.761020505890768,15.786587023726236,15.753679100571517,159.6083916083916,90.12587412587412,1.4685314685314685,,,,
v2v,seen_transfer,train_0027,testoutput_CAV_data_2022-03-21-09-35-07_5,testoutput_CAV_data_2022-03-21-09-35-07,intermittent,marked_gaussian_evidence,143,5.456823593154111,15.006845907262191,19.877778183962796,136.6993006993007,85.84615384615384,1.2517482517482517,7442176,4895616,3429216,0
v2v,seen_transfer,train_0027,testoutput_CAV_data_2022-03-21-09-35-07_5,testoutput_CAV_data_2022-03-21-09-35-07,reliable,marked_lineage,143,5.535010888822236,15.14301341605497,11.380464970223441,152.55944055944056,86.0979020979021,1.4125874125874125,,,,
v2v,seen_transfer,train_0027,testoutput_CAV_data_2022-03-21-09-35-07_5,testoutput_CAV_data_2022-03-21-09-35-07,reliable,marked_er,143,5.538407044279432,15.386100496446256,13.91013541491249,141.98601398601397,99.6923076923077,1.3286713286713288,,,,
v2v,seen_transfer,train_0027,testoutput_CAV_data_2022-03-21-09-35-07_5,testoutput_CAV_data_2022-03-21-09-35-07,reliable,marked_asymmetric,143,5.2922302699421175,14.37594855932415,12.258779227535335,140.979020979021,73.00699300699301,1.2657342657342658,,,,
v2v,seen_transfer,train_0027,testoutput_CAV_data_2022-03-21-09-35-07_5,testoutput_CAV_data_2022-03-21-09-35-07,reliable,marked_gaussian_evidence_guarded_scalar,143,5.2914953060403125,14.377792663419205,14.287605010976796,135.44055944055944,72.5034965034965,1.2237762237762237,7835392,4884352,4884352,0
v2v,seen_transfer,train_0027,testoutput_CAV_data_2022-03-21-09-35-07_5,testoutput_CAV_data_2022-03-21-09-35-07,reliable,marked_gaussian_evidence_no_curvature,143,5.213313263831056,14.19413584160748,12.887698020449289,130.9090909090909,75.02097902097903,1.1958041958041958,,,,
v2v,seen_transfer,train_0027,testoutput_CAV_data_2022-03-21-09-35-07_5,testoutput_CAV_data_2022-03-21-09-35-07,reliable,marked_gaussian_evidence_fixed_025,143,5.500925612973387,15.229355485678793,12.031225340992437,145.006993006993,93.65034965034965,1.3146853146853146,,,,
v2v,seen_transfer,train_0027,testoutput_CAV_data_2022-03-21-09-35-07_5,testoutput_CAV_data_2022-03-21-09-35-07,reliable,marked_gaussian_evidence,143,5.09276192169095,14.014608826964297,14.961981312297691,121.84615384615384,76.02797202797203,1.055944055944056,7671552,4572832,4572832,0
v2v,seen_transfer,train_0028,testoutput_CAV_data_2022-03-21-09-35-07_6,testoutput_CAV_data_2022-03-21-09-35-07,intermittent,marked_lineage,149,3.3191774960779883,7.508089683243289,3.7422394811042174,54.12080536912752,26.093959731543624,0.697986577181208,,,,
v2v,seen_transfer,train_0028,testoutput_CAV_data_2022-03-21-09-35-07_6,testoutput_CAV_data_2022-03-21-09-35-07,intermittent,marked_er,149,3.376248747323203,7.739610910464896,4.1586153848954375,52.18791946308725,30.926174496644297,0.6845637583892618,,,,
v2v,seen_transfer,train_0028,testoutput_CAV_data_2022-03-21-09-35-07_6,testoutput_CAV_data_2022-03-21-09-35-07,intermittent,marked_asymmetric,149,3.3449501660819236,7.563632572446854,3.6304543093115806,47.11409395973154,30.44295302013423,0.6879194630872483,,,,
v2v,seen_transfer,train_0028,testoutput_CAV_data_2022-03-21-09-35-07_6,testoutput_CAV_data_2022-03-21-09-35-07,intermittent,marked_gaussian_evidence_guarded_scalar,149,3.335517090577321,7.5603307305716365,5.217016897705201,45.422818791946305,30.926174496644297,0.6845637583892618,4920576,3271520,2464000,0
v2v,seen_transfer,train_0028,testoutput_CAV_data_2022-03-21-09-35-07_6,testoutput_CAV_data_2022-03-21-09-35-07,intermittent,marked_gaussian_evidence_no_curvature,149,3.1679420287788753,7.112937729943754,3.9753168172576068,40.83221476510067,29.959731543624162,0.6677852348993288,,,,
v2v,seen_transfer,train_0028,testoutput_CAV_data_2022-03-21-09-35-07_6,testoutput_CAV_data_2022-03-21-09-35-07,intermittent,marked_gaussian_evidence_fixed_025,149,3.354292075091761,7.623010762929105,5.105052205921808,47.355704697986575,32.13422818791946,0.7013422818791947,,,,
v2v,seen_transfer,train_0028,testoutput_CAV_data_2022-03-21-09-35-07_6,testoutput_CAV_data_2022-03-21-09-35-07,intermittent,marked_gaussian_evidence,149,3.163134957241484,7.107627977192467,3.0463335091044876,39.14093959731544,32.13422818791946,0.6610738255033557,4920576,3378528,2549536,0
v2v,seen_transfer,train_0028,testoutput_CAV_data_2022-03-21-09-35-07_6,testoutput_CAV_data_2022-03-21-09-35-07,reliable,marked_lineage,149,3.266677064613993,7.265602552393815,3.6618754473450186,49.77181208053691,25.610738255033556,0.738255033557047,,,,
v2v,seen_transfer,train_0028,testoutput_CAV_data_2022-03-21-09-35-07_6,testoutput_CAV_data_2022-03-21-09-35-07,reliable,marked_er,149,3.3034690978607117,7.458246054257592,3.796260644114479,46.38926174496644,30.926174496644297,0.6845637583892618,,,,
v2v,seen_transfer,train_0028,testoutput_CAV_data_2022-03-21-09-35-07_6,testoutput_CAV_data_2022-03-21-09-35-07,reliable,marked_asymmetric,149,3.168952119166374,7.078020367167687,3.1081708730036968,41.07382550335571,28.51006711409396,0.6577181208053692,,,,
v2v,seen_transfer,train_0028,testoutput_CAV_data_2022-03-21-09-35-07_6,testoutput_CAV_data_2022-03-21-09-35-07,reliable,marked_gaussian_evidence_guarded_scalar,149,3.125004347906445,7.0545542456035015,4.011092696915585,39.624161073825505,29.959731543624162,0.6308724832214765,4920576,3239840,3239840,0
v2v,seen_transfer,train_0028,testoutput_CAV_data_2022-03-21-09-35-07_6,testoutput_CAV_data_2022-03-21-09-35-07,reliable,marked_gaussian_evidence_no_curvature,149,2.9958985150795767,6.636680224043679,2.504523377766089,35.2751677852349,28.51006711409396,0.6442953020134228,,,,
v2v,seen_transfer,train_0028,testoutput_CAV_data_2022-03-21-09-35-07_6,testoutput_CAV_data_2022-03-21-09-35-07,reliable,marked_gaussian_evidence_fixed_025,149,3.259276019340162,7.274301805963088,4.4963539790425555,45.422818791946305,28.993288590604028,0.7248322147651006,,,,
v2v,seen_transfer,train_0028,testoutput_CAV_data_2022-03-21-09-35-07_6,testoutput_CAV_data_2022-03-21-09-35-07,reliable,marked_gaussian_evidence,149,2.9803784744594073,6.649453510370746,2.3659256601415257,32.85906040268456,31.409395973154364,0.6241610738255033,4920576,3412672,3412672,0
v2v,seen_transfer,train_0029,testoutput_CAV_data_2022-03-21-09-35-07_8,testoutput_CAV_data_2022-03-21-09-35-07,intermittent,marked_lineage,165,5.3286762100331435,14.403762107586337,12.417133914014277,168.0,36.43636363636364,2.0090909090909093,,,,
v2v,seen_transfer,train_0029,testoutput_CAV_data_2022-03-21-09-35-07_8,testoutput_CAV_data_2022-03-21-09-35-07,intermittent,marked_er,165,5.314791416068149,14.401770328135937,13.411928608860922,165.8181818181818,37.30909090909091,1.990909090909091,,,,
v2v,seen_transfer,train_0029,testoutput_CAV_data_2022-03-21-09-35-07_8,testoutput_CAV_data_2022-03-21-09-35-07,intermittent,marked_asymmetric,165,5.164214365535948,13.981887165614872,13.544644967546512,155.56363636363636,36.21818181818182,1.887878787878788,,,,
v2v,seen_transfer,train_0029,testoutput_CAV_data_2022-03-21-09-35-07_8,testoutput_CAV_data_2022-03-21-09-35-07,intermittent,marked_gaussian_evidence_guarded_scalar,165,5.173022714599494,13.985052195371761,13.781542845973894,155.78181818181818,36.21818181818182,1.903030303030303,7644416,5127936,3664096,0
v2v,seen_transfer,train_0029,testoutput_CAV_data_2022-03-21-09-35-07_8,testoutput_CAV_data_2022-03-21-09-35-07,intermittent,marked_gaussian_evidence_no_curvature,165,5.141111928614973,14.02752301431823,12.178310822587365,155.78181818181818,38.836363636363636,1.8666666666666667,,,,
v2v,seen_transfer,train_0029,testoutput_CAV_data_2022-03-21-09-35-07_8,testoutput_CAV_data_2022-03-21-09-35-07,intermittent,marked_gaussian_evidence_fixed_025,165,5.243875601670806,14.225005861695132,12.753792369051999,161.6727272727273,37.74545454545454,1.9393939393939394,,,,
v2v,seen_transfer,train_0029,testoutput_CAV_data_2022-03-21-09-35-07_8,testoutput_CAV_data_2022-03-21-09-35-07,intermittent,marked_gaussian_evidence,165,5.031005060163097,13.819792391717234,11.96430707409618,151.2,40.14545454545455,1.7969696969696969,8103168,5699936,4101280,0
v2v,seen_transfer,train_0029,testoutput_CAV_data_2022-03-21-09-35-07_8,testoutput_CAV_data_2022-03-21-09-35-07,reliable,marked_lineage,165,5.236919030850854,14.134023888219692,15.00871519006185,158.83636363636364,34.472727272727276,1.9212121212121211,,,,
v2v,seen_transfer,train_0029,testoutput_CAV_data_2022-03-21-09-35-07_8,testoutput_CAV_data_2022-03-21-09-35-07,reliable,marked_er,165,5.1343226889156615,13.973459006619974,13.75008367206238,152.72727272727272,37.527272727272724,1.8181818181818181,,,,
v2v,seen_transfer,train_0029,testoutput_CAV_data_2022-03-21-09-35-07_8,testoutput_CAV_data_2022-03-21-09-35-07,reliable,marked_asymmetric,165,4.943599225704433,13.37504938983824,12.822067507235271,141.8181818181818,34.90909090909091,1.7272727272727273,,,,
v2v,seen_transfer,train_0029,testoutput_CAV_data_2022-03-21-09-35-07_8,testoutput_CAV_data_2022-03-21-09-35-07,reliable,marked_gaussian_evidence_guarded_scalar,165,4.896865350700128,13.3037979057838,13.105300535649798,138.76363636363635,36.21818181818182,1.6787878787878787,8152320,5662272,5662272,0
v2v,seen_transfer,train_0029,testoutput_CAV_data_2022-03-21-09-35-07_8,testoutput_CAV_data_2022-03-21-09-35-07,reliable,marked_gaussian_evidence_no_curvature,165,4.80189097662792,13.176316335277395,13.041504496840428,134.83636363636364,37.527272727272724,1.606060606060606,,,,
v2v,seen_transfer,train_0029,testoutput_CAV_data_2022-03-21-09-35-07_8,testoutput_CAV_data_2022-03-21-09-35-07,reliable,marked_gaussian_evidence_fixed_025,165,5.051421477001269,13.721572497267307,13.419083959672717,147.92727272727274,36.654545454545456,1.7757575757575759,,,,
v2v,seen_transfer,train_0029,testoutput_CAV_data_2022-03-21-09-35-07_8,testoutput_CAV_data_2022-03-21-09-35-07,reliable,marked_gaussian_evidence,165,4.627110258239369,12.786469603713229,13.687933385253132,126.98181818181818,37.96363636363636,1.5151515151515151,8070400,5277184,5277184,0
v2v,previous_train_probes,train_0030,testoutput_CAV_data_2022-03-21-09-35-07_9,testoutput_CAV_data_2022-03-21-09-35-07,intermittent,marked_lineage,151,4.379124263854945,9.42806517187527,3.5922841179921043,60.079470198675494,46.01324503311258,1.3013245033112584,,,,
v2v,previous_train_probes,train_0030,testoutput_CAV_data_2022-03-21-09-35-07_9,testoutput_CAV_data_2022-03-21-09-35-07,intermittent,marked_er,151,4.723746816014229,10.176027290926564,3.6160924457115873,58.88741721854305,59.36423841059602,1.4569536423841059,,,,
v2v,previous_train_probes,train_0030,testoutput_CAV_data_2022-03-21-09-35-07_9,testoutput_CAV_data_2022-03-21-09-35-07,intermittent,marked_asymmetric,151,4.427734271894309,9.424272355090181,3.5668810736566194,57.93377483443709,45.5364238410596,1.2980132450331126,,,,
v2v,previous_train_probes,train_0030,testoutput_CAV_data_2022-03-21-09-35-07_9,testoutput_CAV_data_2022-03-21-09-35-07,intermittent,marked_gaussian_evidence_guarded_scalar,151,4.353692041883216,9.313859166165868,3.5676696179157186,57.93377483443709,44.58278145695364,1.2649006622516556,4986624,2785536,1982560,0
v2v,previous_train_probes,train_0030,testoutput_CAV_data_2022-03-21-09-35-07_9,testoutput_CAV_data_2022-03-21-09-35-07,intermittent,marked_gaussian_evidence_no_curvature,151,4.430661724651279,9.429497894026834,3.7024749851158223,56.026490066225165,47.205298013245034,1.281456953642384,,,,
v2v,previous_train_probes,train_0030,testoutput_CAV_data_2022-03-21-09-35-07_9,testoutput_CAV_data_2022-03-21-09-35-07,intermittent,marked_gaussian_evidence_fixed_025,151,4.687327281252636,10.01690289426431,3.5961565838254783,59.36423841059602,54.59602649006622,1.423841059602649,,,,
v2v,previous_train_probes,train_0030,testoutput_CAV_data_2022-03-21-09-35-07_9,testoutput_CAV_data_2022-03-21-09-35-07,intermittent,marked_gaussian_evidence,151,4.447436853575395,9.472752000810798,3.722698437140052,55.549668874172184,48.158940397350996,1.2748344370860927,4986624,2761248,1956160,0
v2v,previous_train_probes,train_0030,testoutput_CAV_data_2022-03-21-09-35-07_9,testoutput_CAV_data_2022-03-21-09-35-07,reliable,marked_lineage,151,4.52629516807244,9.69556987646718,2.9795391148355805,59.602649006622514,51.019867549668874,1.3774834437086092,,,,
v2v,previous_train_probes,train_0030,testoutput_CAV_data_2022-03-21-09-35-07_9,testoutput_CAV_data_2022-03-21-09-35-07,reliable,marked_er,151,4.83255130554087,10.39371458962557,2.9005642128799094,57.6953642384106,64.37086092715232,1.4966887417218544,,,,
v2v,previous_train_probes,train_0030,testoutput_CAV_data_2022-03-21-09-35-07_9,testoutput_CAV_data_2022-03-21-09-35-07,reliable,marked_asymmetric,151,4.161504148213736,8.899707172958989,2.854492010156357,55.788079470198674,40.52980132450331,1.1788079470198676,,,,
v2v,previous_train_probes,train_0030,testoutput_CAV_data_2022-03-21-09-35-07_9,testoutput_CAV_data_2022-03-21-09-35-07,reliable,marked_gaussian_evidence_guarded_scalar,151,4.2102812582309905,9.00093734922891,2.8739016048253276,55.788079470198674,41.96026490066225,1.1986754966887416,4986624,2569760,2569760,0
v2v,previous_train_probes,train_0030,testoutput_CAV_data_2022-03-21-09-35-07_9,testoutput_CAV_data_2022-03-21-09-35-07,reliable,marked_gaussian_evidence_no_curvature,151,4.2252944363774425,9.040992793854569,3.0297701394593903,54.35761589403973,43.390728476821195,1.185430463576159,,,,
v2v,previous_train_probes,train_0030,testoutput_CAV_data_2022-03-21-09-35-07_9,testoutput_CAV_data_2022-03-21-09-35-07,reliable,marked_gaussian_evidence_fixed_025,151,4.519424552435708,9.706253159647714,2.9085168776935784,58.17218543046358,52.450331125827816,1.3642384105960266,,,,
v2v,previous_train_probes,train_0030,testoutput_CAV_data_2022-03-21-09-35-07_9,testoutput_CAV_data_2022-03-21-09-35-07,reliable,marked_gaussian_evidence,151,4.234059596899596,9.06206834172215,3.004429481712416,53.88079470198676,44.34437086092715,1.1920529801324504,4986624,2598624,2598624,0
v2v,seen_transfer,train_0031,testoutput_CAV_data_2022-03-21-09-50-20_10,testoutput_CAV_data_2022-03-21-09-50-20,intermittent,marked_lineage,108,2.9747020198433898,5.681826546052207,2.1431607883959827,17.0,31.0,0.6481481481481481,,,,
v2v,seen_transfer,train_0031,testoutput_CAV_data_2022-03-21-09-50-20_10,testoutput_CAV_data_2022-03-21-09-50-20,intermittent,marked_er,108,2.9747225533771906,5.681872433305194,2.143267245336506,17.0,31.0,0.6481481481481481,,,,
v2v,seen_transfer,train_0031,testoutput_CAV_data_2022-03-21-09-50-20_10,testoutput_CAV_data_2022-03-21-09-50-20,intermittent,marked_asymmetric,108,2.8479874450260647,5.447899144024842,2.1539501170569535,16.333333333333332,29.0,0.6111111111111112,,,,
v2v,seen_transfer,train_0031,testoutput_CAV_data_2022-03-21-09-50-20_10,testoutput_CAV_data_2022-03-21-09-50-20,intermittent,marked_gaussian_evidence_guarded_scalar,108,2.861952220718799,5.480237871477571,2.1525320464696627,16.333333333333332,29.666666666666668,0.6203703703703703,3566592,1505376,1181248,0
v2v,seen_transfer,train_0031,testoutput_CAV_data_2022-03-21-09-50-20_10,testoutput_CAV_data_2022-03-21-09-50-20,intermittent,marked_gaussian_evidence_no_curvature,108,2.8666619951989674,5.507902516156026,2.1951183694218352,16.333333333333332,29.666666666666668,0.6111111111111112,,,,
v2v,seen_transfer,train_0031,testoutput_CAV_data_2022-03-21-09-50-20_10,testoutput_CAV_data_2022-03-21-09-50-20,intermittent,marked_gaussian_evidence_fixed_025,108,3.1769181782281843,6.028400471234555,2.154057531193454,16.333333333333332,34.666666666666664,0.6898148148148148,,,,
v2v,seen_transfer,train_0031,testoutput_CAV_data_2022-03-21-09-50-20_10,testoutput_CAV_data_2022-03-21-09-50-20,intermittent,marked_gaussian_evidence,108,2.9076602288296516,5.576886533389434,2.1933382620446866,16.333333333333332,30.333333333333332,0.6203703703703703,3566592,1501152,1178080,0
v2v,seen_transfer,train_0031,testoutput_CAV_data_2022-03-21-09-50-20_10,testoutput_CAV_data_2022-03-21-09-50-20,reliable,marked_lineage,108,2.6778752455061947,5.2515632954919225,2.1712638489819587,10.0,32.666666666666664,0.5555555555555556,,,,
v2v,seen_transfer,train_0031,testoutput_CAV_data_2022-03-21-09-50-20_10,testoutput_CAV_data_2022-03-21-09-50-20,reliable,marked_er,108,2.677893936161713,5.2516050484944214,2.171360146391044,10.0,32.666666666666664,0.5555555555555556,,,,
v2v,seen_transfer,train_0031,testoutput_CAV_data_2022-03-21-09-50-20_10,testoutput_CAV_data_2022-03-21-09-50-20,reliable,marked_asymmetric,108,2.551165635770277,5.050063805427528,2.1821624025626587,9.333333333333334,31.333333333333332,0.5092592592592593,,,,
v2v,seen_transfer,train_0031,testoutput_CAV_data_2022-03-21-09-50-20_10,testoutput_CAV_data_2022-03-21-09-50-20,reliable,marked_gaussian_evidence_guarded_scalar,108,2.5468276558994796,5.017686740458306,2.1824864721652806,8.666666666666666,31.333333333333332,0.5185185185185185,3566592,1354016,1354016,0
v2v,seen_transfer,train_0031,testoutput_CAV_data_2022-03-21-09-50-20_10,testoutput_CAV_data_2022-03-21-09-50-20,reliable,marked_gaussian_evidence_no_curvature,108,2.589283820438389,5.092254148595652,2.215120120317881,8.666666666666666,32.0,0.5277777777777778,,,,
v2v,seen_transfer,train_0031,testoutput_CAV_data_2022-03-21-09-50-20_10,testoutput_CAV_data_2022-03-21-09-50-20,reliable,marked_gaussian_evidence_fixed_025,108,2.862538778614496,5.594291523328779,2.1763655789465037,9.333333333333334,36.666666666666664,0.5833333333333334,,,,
v2v,seen_transfer,train_0031,testoutput_CAV_data_2022-03-21-09-50-20_10,testoutput_CAV_data_2022-03-21-09-50-20,reliable,marked_gaussian_evidence,108,2.603157747768478,5.124311763133731,2.211395001293621,8.666666666666666,32.666666666666664,0.5370370370370371,3566592,1349440,1349440,0
v2v,new_validation,val_0000,testoutput_CAV_data_2022-03-15-15-20-01_0,testoutput_CAV_data_2022-03-15-15-20-01,intermittent,marked_lineage,409,3.020040460703199,5.165025839325542,5.021928933687175,15.227383863080684,22.09290953545232,0.4767726161369193,,,,
v2v,new_validation,val_0000,testoutput_CAV_data_2022-03-15-15-20-01_0,testoutput_CAV_data_2022-03-15-15-20-01,intermittent,marked_er,409,3.1000532099887823,5.326422037598211,5.028997252349712,14.69926650366748,24.82151589242054,0.49266503667481665,,,,
v2v,new_validation,val_0000,testoutput_CAV_data_2022-03-15-15-20-01_0,testoutput_CAV_data_2022-03-15-15-20-01,intermittent,marked_asymmetric,409,2.9609311794177486,5.060039822536681,4.843393308471814,15.315403422982886,21.65281173594132,0.4669926650366748,,,,
v2v,new_validation,val_0000,testoutput_CAV_data_2022-03-15-15-20-01_0,testoutput_CAV_data_2022-03-15-15-20-01,intermittent,marked_gaussian_evidence_guarded_scalar,409,3.028699816849706,5.1695742129686595,4.945783218429606,15.051344743276283,22.797066014669927,0.48655256723716384,13506816,4584928,3319168,0
v2v,new_validation,val_0000,testoutput_CAV_data_2022-03-15-15-20-01_0,testoutput_CAV_data_2022-03-15-15-20-01,intermittent,marked_gaussian_evidence_no_curvature,409,3.013997770420315,5.147520909797861,4.870280090887885,14.34718826405868,23.941320293398533,0.4877750611246944,,,,
v2v,new_validation,val_0000,testoutput_CAV_data_2022-03-15-15-20-01_0,testoutput_CAV_data_2022-03-15-15-20-01,intermittent,marked_gaussian_evidence_fixed_025,409,3.1462977282877236,5.362273200393736,5.02800521596282,14.52322738386308,25.34963325183374,0.5146699266503667,,,,
v2v,new_validation,val_0000,testoutput_CAV_data_2022-03-15-15-20-01_0,testoutput_CAV_data_2022-03-15-15-20-01,intermittent,marked_gaussian_evidence,409,3.054574397703049,5.209683185021723,4.987462412206425,14.17114914425428,24.557457212713935,0.5012224938875306,13506816,5340672,3846112,0
v2v,new_validation,val_0000,testoutput_CAV_data_2022-03-15-15-20-01_0,testoutput_CAV_data_2022-03-15-15-20-01,reliable,marked_lineage,409,2.6327719700751766,4.54716316759557,2.92310063040034,12.32273838630807,20.420537897310513,0.4449877750611247,,,,
v2v,new_validation,val_0000,testoutput_CAV_data_2022-03-15-15-20-01_0,testoutput_CAV_data_2022-03-15-15-20-01,reliable,marked_er,409,2.662822037924435,4.626968250520191,2.923500890054937,11.970660146699267,22.00488997555012,0.45232273838630804,,,,
v2v,new_validation,val_0000,testoutput_CAV_data_2022-03-15-15-20-01_0,testoutput_CAV_data_2022-03-15-15-20-01,reliable,marked_asymmetric,409,2.7264487677347726,4.693124686062081,2.889809861184129,12.146699266503667,22.709046454767726,0.4743276283618582,,,,
v2v,new_validation,val_0000,testoutput_CAV_data_2022-03-15-15-20-01_0,testoutput_CAV_data_2022-03-15-15-20-01,reliable,marked_gaussian_evidence_guarded_scalar,409,2.808571685317762,4.819285152684752,2.890010688167779,12.146699266503667,23.765281173594133,0.4938875305623472,13506816,4217088,4217088,0
v2v,new_validation,val_0000,testoutput_CAV_data_2022-03-15-15-20-01_0,testoutput_CAV_data_2022-03-15-15-20-01,reliable,marked_gaussian_evidence_no_curvature,409,2.7302140863774063,4.69948022999946,2.849986526619072,11.970660146699267,23.237163814180928,0.4841075794621027,,,,
v2v,new_validation,val_0000,testoutput_CAV_data_2022-03-15-15-20-01_0,testoutput_CAV_data_2022-03-15-15-20-01,reliable,marked_gaussian_evidence_fixed_025,409,2.766090334374464,4.762224540906468,2.9072274658414927,12.146699266503667,23.237163814180928,0.48166259168704156,,,,
v2v,new_validation,val_0000,testoutput_CAV_data_2022-03-15-15-20-01_0,testoutput_CAV_data_2022-03-15-15-20-01,reliable,marked_gaussian_evidence,409,2.7891469300589606,4.791739410506965,2.848362636545604,11.970660146699267,24.117359413202934,0.5012224938875306,13506816,4677504,4677504,0
v2v,new_validation,val_0001,testoutput_CAV_data_2022-03-21-09-35-07_0,testoutput_CAV_data_2022-03-21-09-35-07,intermittent,marked_lineage,117,6.33599461454841,17.79587764456959,6.494102873550796,342.7692307692308,3.3846153846153846,4.730769230769231,,,,
v2v,new_validation,val_0001,testoutput_CAV_data_2022-03-21-09-35-07_0,testoutput_CAV_data_2022-03-21-09-35-07,intermittent,marked_er,117,6.367936498025701,17.89163763453055,5.854274669059982,348.0,2.769230769230769,4.794871794871795,,,,
v2v,new_validation,val_0001,testoutput_CAV_data_2022-03-21-09-35-07_0,testoutput_CAV_data_2022-03-21-09-35-07,intermittent,marked_asymmetric,117,6.346587248033296,17.752523476874202,5.563870654679188,341.2307692307692,2.1538461538461537,4.7094017094017095,,,,
v2v,new_validation,val_0001,testoutput_CAV_data_2022-03-21-09-35-07_0,testoutput_CAV_data_2022-03-21-09-35-07,intermittent,marked_gaussian_evidence_guarded_scalar,117,6.101146082300409,17.19998721619277,6.000052781811628,326.46153846153845,2.1538461538461537,4.504273504273504,4912384,3197664,2240320,0
v2v,new_validation,val_0001,testoutput_CAV_data_2022-03-21-09-35-07_0,testoutput_CAV_data_2022-03-21-09-35-07,intermittent,marked_gaussian_evidence_no_curvature,117,6.336311159084773,17.72139475148202,5.570240256816267,339.6923076923077,2.1538461538461537,4.688034188034188,,,,
v2v,new_validation,val_0001,testoutput_CAV_data_2022-03-21-09-35-07_0,testoutput_CAV_data_2022-03-21-09-35-07,intermittent,marked_gaussian_evidence_fixed_025,117,6.196138997400858,17.431269898302112,6.035282236183193,329.84615384615387,3.3846153846153846,4.534188034188034,,,,
v2v,new_validation,val_0001,testoutput_CAV_data_2022-03-21-09-35-07_0,testoutput_CAV_data_2022-03-21-09-35-07,intermittent,marked_gaussian_evidence,117,6.1086020015562505,17.187296895916354,6.019148293743683,324.3076923076923,2.1538461538461537,4.4743589743589745,4863232,3192032,2223072,0
v2v,new_validation,val_0001,testoutput_CAV_data_2022-03-21-09-35-07_0,testoutput_CAV_data_2022-03-21-09-35-07,reliable,marked_lineage,117,6.657683879963222,18.520314260991373,4.496008931644465,366.7692307692308,2.4615384615384617,5.05982905982906,,,,
v2v,new_validation,val_0001,testoutput_CAV_data_2022-03-21-09-35-07_0,testoutput_CAV_data_2022-03-21-09-35-07,reliable,marked_er,117,6.6623157161156605,18.55359420314291,4.544346134063492,366.7692307692308,3.076923076923077,5.051282051282051,,,,
v2v,new_validation,val_0001,testoutput_CAV_data_2022-03-21-09-35-07_0,testoutput_CAV_data_2022-03-21-09-35-07,reliable,marked_asymmetric,117,6.256562009153001,17.481765216210956,4.2971334979783276,332.3076923076923,1.8461538461538463,4.589743589743589,,,,
v2v,new_validation,val_0001,testoutput_CAV_data_2022-03-21-09-35-07_0,testoutput_CAV_data_2022-03-21-09-35-07,reliable,marked_gaussian_evidence_guarded_scalar,117,6.2477263385083734,17.476423188555824,4.6681453727804545,331.0769230769231,2.4615384615384617,4.581196581196581,4601088,3072000,3072000,0
v2v,new_validation,val_0001,testoutput_CAV_data_2022-03-21-09-35-07_0,testoutput_CAV_data_2022-03-21-09-35-07,reliable,marked_gaussian_evidence_no_curvature,117,6.260202404067912,17.49540938927258,4.3741270777873655,332.3076923076923,1.8461538461538463,4.589743589743589,,,,
v2v,new_validation,val_0001,testoutput_CAV_data_2022-03-21-09-35-07_0,testoutput_CAV_data_2022-03-21-09-35-07,reliable,marked_gaussian_evidence_fixed_025,117,6.131758972758179,17.162910305427367,4.71957718483429,318.7692307692308,3.076923076923077,4.401709401709402,,,,
v2v,new_validation,val_0001,testoutput_CAV_data_2022-03-21-09-35-07_0,testoutput_CAV_data_2022-03-21-09-35-07,reliable,marked_gaussian_evidence,117,6.136861714959961,17.159410272673348,4.756409995691158,320.0,2.4615384615384617,4.427350427350428,4322560,2956896,2956896,0
v2v,new_validation,val_0002,testoutput_CAV_data_2022-03-21-09-35-07_10,testoutput_CAV_data_2022-03-21-09-35-07,intermittent,marked_lineage,222,5.18895384338086,12.519881505212062,15.027493281277689,149.02702702702703,32.5945945945946,2.108108108108108,,,,
v2v,new_validation,val_0002,testoutput_CAV_data_2022-03-21-09-35-07_10,testoutput_CAV_data_2022-03-21-09-35-07,intermittent,marked_er,222,5.118543121085065,12.361626436659714,15.578219086341198,140.75675675675674,33.24324324324324,1.9797297297297298,,,,
v2v,new_validation,val_0002,testoutput_CAV_data_2022-03-21-09-35-07_10,testoutput_CAV_data_2022-03-21-09-35-07,intermittent,marked_asymmetric,222,4.737952702445208,11.664103025819122,16.175626149868783,141.56756756756758,22.864864864864863,1.8693693693693694,,,,
v2v,new_validation,val_0002,testoutput_CAV_data_2022-03-21-09-35-07_10,testoutput_CAV_data_2022-03-21-09-35-07,intermittent,marked_gaussian_evidence_guarded_scalar,222,4.7270145738134675,11.633823822958435,16.02876382589083,140.9189189189189,22.864864864864863,1.8603603603603605,8461824,6269600,4612352,0
v2v,new_validation,val_0002,testoutput_CAV_data_2022-03-21-09-35-07_10,testoutput_CAV_data_2022-03-21-09-35-07,intermittent,marked_gaussian_evidence_no_curvature,222,4.677557016374095,11.557427609672615,15.727699941373979,135.24324324324326,25.2972972972973,1.7567567567567568,,,,
v2v,new_validation,val_0002,testoutput_CAV_data_2022-03-21-09-35-07_10,testoutput_CAV_data_2022-03-21-09-35-07,intermittent,marked_gaussian_evidence_fixed_025,222,5.030443427469545,12.233221912449826,15.437342819983098,144.32432432432432,30.486486486486488,1.9954954954954955,,,,
v2v,new_validation,val_0002,testoutput_CAV_data_2022-03-21-09-35-07_10,testoutput_CAV_data_2022-03-21-09-35-07,intermittent,marked_gaussian_evidence,222,4.6256904018586,11.452325965481164,16.429203542247016,129.8918918918919,25.945945945945947,1.6689189189189189,8363520,6274176,4606368,0
v2v,new_validation,val_0002,testoutput_CAV_data_2022-03-21-09-35-07_10,testoutput_CAV_data_2022-03-21-09-35-07,reliable,marked_lineage,222,4.875227122880696,11.850770166650406,11.912628628835634,144.32432432432432,28.864864864864863,2.108108108108108,,,,
v2v,new_validation,val_0002,testoutput_CAV_data_2022-03-21-09-35-07_10,testoutput_CAV_data_2022-03-21-09-35-07,reliable,marked_er,222,4.937712531345444,11.950005224903117,12.19617619659614,135.56756756756758,33.729729729729726,2.018018018018018,,,,
v2v,new_validation,val_0002,testoutput_CAV_data_2022-03-21-09-35-07_10,testoutput_CAV_data_2022-03-21-09-35-07,reliable,marked_asymmetric,222,4.498702057118981,11.13040760086367,13.009611278063378,131.02702702702703,23.675675675675677,1.8423423423423424,,,,
v2v,new_validation,val_0002,testoutput_CAV_data_2022-03-21-09-35-07_10,testoutput_CAV_data_2022-03-21-09-35-07,reliable,marked_gaussian_evidence_guarded_scalar,222,4.524011930614422,11.13248946998761,13.270152966034148,129.0810810810811,24.0,1.8288288288288288,9379328,6579360,6579360,0
v2v,new_validation,val_0002,testoutput_CAV_data_2022-03-21-09-35-07_10,testoutput_CAV_data_2022-03-21-09-35-07,reliable,marked_gaussian_evidence_no_curvature,222,4.471343478291089,11.077586757885063,12.840360835845523,127.78378378378379,24.64864864864865,1.7747747747747749,,,,
v2v,new_validation,val_0002,testoutput_CAV_data_2022-03-21-09-35-07_10,testoutput_CAV_data_2022-03-21-09-35-07,reliable,marked_gaussian_evidence_fixed_025,222,4.766038989028195,11.643458698490427,12.940433273217462,132.64864864864865,29.83783783783784,1.9144144144144144,,,,
v2v,new_validation,val_0002,testoutput_CAV_data_2022-03-21-09-35-07_10,testoutput_CAV_data_2022-03-21-09-35-07,reliable,marked_gaussian_evidence,222,4.4525917471455605,11.019536653706211,13.286201141418609,121.62162162162163,26.594594594594593,1.6891891891891893,9821696,6505792,6505792,0
v2v,development,test_0001,testoutput_CAV_data_2022-03-15-10-29-43_3,testoutput_CAV_data_2022-03-15-10-29-43,reliable,marked_gaussian_evidence_assoc_split,114,3.4787776201622225,3.3616601685641543,0.6864921457555748,13.894736842105264,16.42105263157895,0.38596491228070173,3764736,835552,835552,2
v2v,development,test_0001,testoutput_CAV_data_2022-03-15-10-29-43_3,testoutput_CAV_data_2022-03-15-10-29-43,intermittent,marked_gaussian_evidence_assoc_split,114,3.9328045742203943,3.7913499522331344,0.6858666440904524,13.894736842105264,22.105263157894736,0.4649122807017544,3764736,937472,685088,2
v2v,development,test_0008,testoutput_CAV_data_2022-03-21-09-35-07_7,testoutput_CAV_data_2022-03-21-09-35-07,reliable,marked_gaussian_evidence_assoc_split,375,0.8301047827587411,2.7159118729812035,2.8174220302493196,5.952,9.6,0.20533333333333334,24573696,14189216,14189216,0
v2v,development,test_0008,testoutput_CAV_data_2022-03-21-09-35-07_7,testoutput_CAV_data_2022-03-21-09-35-07,intermittent,marked_gaussian_evidence_assoc_split,375,0.9903393894133941,3.141434803827554,2.9417421509378885,9.888,9.888,0.264,24622848,16322048,11513024,0
v2v,development,test_0000,testoutput_CAV_data_2022-03-15-09-54-40_0,testoutput_CAV_data_2022-03-15-09-54-40,reliable,marked_gaussian_evidence_assoc_split,147,2.0540325088014852,2.4366771750925214,0.19032083902876012,13.714285714285714,5.387755102040816,0.23809523809523808,4854528,1182112,1182112,0
v2v,development,test_0000,testoutput_CAV_data_2022-03-15-09-54-40_0,testoutput_CAV_data_2022-03-15-09-54-40,intermittent,marked_gaussian_evidence_assoc_split,147,2.298442285887365,2.848733695505098,1.2760828103021666,13.959183673469388,6.122448979591836,0.25170068027210885,4854528,1199168,890336,0
v2v,development,test_0002,testoutput_CAV_data_2022-03-15-10-29-43_4,testoutput_CAV_data_2022-03-15-10-29-43,reliable,marked_gaussian_evidence_assoc_split,144,3.898063466473439,3.4631169682768452,0.08438529492901009,22.5,10.5,0.2916666666666667,4755456,564160,564160,0
v2v,development,test_0002,testoutput_CAV_data_2022-03-15-10-29-43_4,testoutput_CAV_data_2022-03-15-10-29-43,intermittent,marked_gaussian_evidence_assoc_split,144,4.063124806782223,3.560748409955118,0.09833390700661696,22.0,11.25,0.3020833333333333,4755456,598272,472992,0
v2v,development,test_0003,testoutput_CAV_data_2022-03-17-10-50-46_0,testoutput_CAV_data_2022-03-17-10-50-46,reliable,marked_gaussian_evidence_assoc_split,198,6.24991888940896,15.5360210263037,13.128329928655514,242.36363636363637,59.63636363636363,3.0934343434343434,11617792,8859744,8859744,5
v2v,development,test_0003,testoutput_CAV_data_2022-03-17-10-50-46_0,testoutput_CAV_data_2022-03-17-10-50-46,intermittent,marked_gaussian_evidence_assoc_split,198,6.644199605703864,16.16227533173366,10.650625820339846,260.1818181818182,60.90909090909091,3.303030303030303,11355648,8053952,5644672,4
v2v,development,test_0004,testoutput_CAV_data_2022-03-17-10-50-46_1,testoutput_CAV_data_2022-03-17-10-50-46,reliable,marked_gaussian_evidence_assoc_split,180,5.001597884237048,20.589116185493626,61.14520940674198,331.2,48.8,3.922222222222222,15381504,12484448,12484448,0
v2v,development,test_0004,testoutput_CAV_data_2022-03-17-10-50-46_1,testoutput_CAV_data_2022-03-17-10-50-46,intermittent,marked_gaussian_evidence_assoc_split,180,5.157977066480075,21.18528848483337,57.55235961007309,354.8,53.2,4.188888888888889,15856640,12872576,9518368,0
v2v,development,test_0005,testoutput_CAV_data_2022-03-17-11-02-23_1,testoutput_CAV_data_2022-03-17-11-02-23,reliable,marked_gaussian_evidence_assoc_split,310,4.572030917517901,14.234458773140094,14.453917367371034,129.36774193548388,86.63225806451612,1.6258064516129032,23180800,17756000,17756000,11
v2v,development,test_0005,testoutput_CAV_data_2022-03-17-11-02-23_1,testoutput_CAV_data_2022-03-17-11-02-23,intermittent,marked_gaussian_evidence_assoc_split,310,5.01046459472787,15.434323614024864,18.25058295090094,162.0,89.88387096774194,1.7951612903225806,23623168,17756000,13563776,6
v2v,development,test_0006,testoutput_CAV_data_2022-03-17-11-02-23_2,testoutput_CAV_data_2022-03-17-11-02-23,reliable,marked_gaussian_evidence_assoc_split,304,5.668170939357905,11.304761653044885,4.638596489769514,66.78947368421052,91.42105263157895,1.243421052631579,13922304,8829088,8829088,2
v2v,development,test_0006,testoutput_CAV_data_2022-03-17-11-02-23_2,testoutput_CAV_data_2022-03-17-11-02-23,intermittent,marked_gaussian_evidence_assoc_split,304,5.713667294532063,11.344746218354773,2.3271053546278253,66.07894736842105,96.27631578947368,1.356907894736842,13496320,8817024,6856768,6
v2v,development,test_0007,testoutput_CAV_data_2022-03-17-11-51-42_0,testoutput_CAV_data_2022-03-17-11-51-42,reliable,marked_gaussian_evidence_assoc_split,221,2.881061401498783,8.993593787576447,10.519253651956518,66.78733031674209,46.588235294117645,0.9592760180995475,14441728,10351328,10351328,5
v2v,development,test_0007,testoutput_CAV_data_2022-03-17-11-51-42_0,testoutput_CAV_data_2022-03-17-11-51-42,intermittent,marked_gaussian_evidence_assoc_split,221,3.9744603419248006,12.757390102991977,29.634933133762054,149.70135746606334,69.39366515837104,1.4592760180995474,14703872,10427456,6475328,5
v2v,development,test_0000,testoutput_CAV_data_2022-03-15-09-54-40_0,testoutput_CAV_data_2022-03-15-09-54-40,reliable,marked_gaussian_evidence_guarded_scalar_assoc_split,147,2.035972427106574,2.463565344850831,0.20281919471732632,14.693877551020408,4.8979591836734695,0.23129251700680273,4854528,1183776,1183776,0
v2v,development,test_0000,testoutput_CAV_data_2022-03-15-09-54-40_0,testoutput_CAV_data_2022-03-15-09-54-40,intermittent,marked_gaussian_evidence_guarded_scalar_assoc_split,147,2.4132518976183985,2.9868809486308465,1.2732659723583635,15.183673469387756,6.122448979591836,0.2687074829931973,4854528,1198752,890336,0
v2v,development,test_0001,testoutput_CAV_data_2022-03-15-10-29-43_3,testoutput_CAV_data_2022-03-15-10-29-43,reliable,marked_gaussian_evidence_guarded_scalar_assoc_split,114,3.4937329990269044,3.3809081766426052,0.7164025480611534,13.894736842105264,16.42105263157895,0.38596491228070173,3764736,870496,870496,2
v2v,development,test_0001,testoutput_CAV_data_2022-03-15-10-29-43_3,testoutput_CAV_data_2022-03-15-10-29-43,intermittent,marked_gaussian_evidence_guarded_scalar_assoc_split,114,3.932739834578163,3.7748774877859503,0.7042531846489382,13.894736842105264,21.473684210526315,0.45614035087719296,3764736,866336,635584,2
v2v,development,test_0002,testoutput_CAV_data_2022-03-15-10-29-43_4,testoutput_CAV_data_2022-03-15-10-29-43,reliable,marked_gaussian_evidence_guarded_scalar_assoc_split,144,3.9269747205540946,3.4676263209915614,0.08554200387392989,22.5,10.5,0.2916666666666667,4755456,541696,541696,0
v2v,development,test_0002,testoutput_CAV_data_2022-03-15-10-29-43_4,testoutput_CAV_data_2022-03-15-10-29-43,intermittent,marked_gaussian_evidence_guarded_scalar_assoc_split,144,4.092658065279272,3.547163626694582,0.10234571010076057,22.5,10.25,0.2951388888888889,4755456,603680,477152,0
v2v,development,test_0003,testoutput_CAV_data_2022-03-17-10-50-46_0,testoutput_CAV_data_2022-03-17-10-50-46,reliable,marked_gaussian_evidence_guarded_scalar_assoc_split,198,6.358034004059336,15.807078152167273,11.029074808288165,257.09090909090907,61.63636363636363,3.2702020202020203,15369728,11656928,11656928,5
v2v,development,test_0003,testoutput_CAV_data_2022-03-17-10-50-46_0,testoutput_CAV_data_2022-03-17-10-50-46,intermittent,marked_gaussian_evidence_guarded_scalar_assoc_split,198,6.725751422114764,16.43102927795552,11.111461055239987,268.1818181818182,63.27272727272727,3.426767676767677,13665792,10299104,7162656,3
v2v,development,test_0004,testoutput_CAV_data_2022-03-17-10-50-46_1,testoutput_CAV_data_2022-03-17-10-50-46,reliable,marked_gaussian_evidence_guarded_scalar_assoc_split,180,5.004085581294239,20.649324113243402,59.174017121409875,333.6,51.2,3.922222222222222,15315968,12343008,12343008,6
v2v,development,test_0004,testoutput_CAV_data_2022-03-17-10-50-46_1,testoutput_CAV_data_2022-03-17-10-50-46,intermittent,marked_gaussian_evidence_guarded_scalar_assoc_split,180,5.154998800864758,21.177913489040694,57.341295484783224,355.6,53.2,4.2,15938560,12939968,9573696,0
v2v,development,test_0005,testoutput_CAV_data_2022-03-17-11-02-23_1,testoutput_CAV_data_2022-03-17-11-02-23,reliable,marked_gaussian_evidence_guarded_scalar_assoc_split,310,4.666907568423147,14.561609888192951,13.370998318531187,136.4516129032258,89.41935483870968,1.653225806451613,23295488,17889536,17889536,11
v2v,development,test_0005,testoutput_CAV_data_2022-03-17-11-02-23_1,testoutput_CAV_data_2022-03-17-11-02-23,intermittent,marked_gaussian_evidence_guarded_scalar_assoc_split,310,4.982998498016807,15.340188929280705,17.711002445977932,162.3483870967742,87.6774193548387,1.8016129032258064,23426560,17536352,13461024,9
v2v,development,test_0006,testoutput_CAV_data_2022-03-17-11-02-23_2,testoutput_CAV_data_2022-03-17-11-02-23,reliable,marked_gaussian_evidence_guarded_scalar_assoc_split,304,5.692588415774531,11.34292446784926,4.314814059458363,67.5,91.89473684210526,1.2730263157894737,13217792,8450112,8450112,4
v2v,development,test_0006,testoutput_CAV_data_2022-03-17-11-02-23_2,testoutput_CAV_data_2022-03-17-11-02-23,intermittent,marked_gaussian_evidence_guarded_scalar_assoc_split,304,5.688173987163758,11.256156418466148,2.7008828780594025,65.36842105263158,94.5,1.361842105263158,13922304,9053312,7134240,6
v2v,development,test_0007,testoutput_CAV_data_2022-03-17-11-51-42_0,testoutput_CAV_data_2022-03-17-11-51-42,reliable,marked_gaussian_evidence_guarded_scalar_assoc_split,221,3.0693157161670883,9.486767388297379,13.315810002500386,79.81900452488688,39.74660633484163,1.0633484162895928,16915712,12581088,12581088,4
v2v,development,test_0007,testoutput_CAV_data_2022-03-17-11-51-42_0,testoutput_CAV_data_2022-03-17-11-51-42,intermittent,marked_gaussian_evidence_guarded_scalar_assoc_split,221,3.923205361687425,12.569843684776316,33.12578854310881,146.76923076923077,62.55203619909502,1.4864253393665159,16162048,12593984,7633056,5
v2v,development,test_0008,testoutput_CAV_data_2022-03-21-09-35-07_7,testoutput_CAV_data_2022-03-21-09-35-07,reliable,marked_gaussian_evidence_guarded_scalar_assoc_split,375,0.8254245147932215,2.7079278802179965,2.8182424664455286,5.952,8.064,0.184,20100864,12742784,12742784,0
v2v,development,test_0008,testoutput_CAV_data_2022-03-21-09-35-07_7,testoutput_CAV_data_2022-03-21-09-35-07,intermittent,marked_gaussian_evidence_guarded_scalar_assoc_split,375,0.9857109235185262,3.1270900835811903,2.8980294572939145,9.984,8.352,0.244,23394048,15240032,10713472,0
v2v,seen_transfer,train_0001,testoutput_CAV_data_2022-03-15-09-54-40_1,testoutput_CAV_data_2022-03-15-09-54-40,reliable,marked_gaussian_evidence_assoc_split,405,3.9068683016236667,5.1235129485532545,0.584801610667442,1.7777777777777777,45.51111111111111,0.6469135802469136,13374720,5321600,5321600,0
v2v,seen_transfer,train_0001,testoutput_CAV_data_2022-03-15-09-54-40_1,testoutput_CAV_data_2022-03-15-09-54-40,reliable,marked_gaussian_evidence_guarded_scalar_assoc_split,405,3.7697330919637837,4.946065498873661,0.7758371522523457,1.6,43.2,0.6172839506172839,13374720,5585344,5585344,0
v2v,seen_transfer,train_0001,testoutput_CAV_data_2022-03-15-09-54-40_1,testoutput_CAV_data_2022-03-15-09-54-40,intermittent,marked_gaussian_evidence_assoc_split,405,4.297058559993291,5.959202773508073,3.6231632661140782,4.0,58.4,0.7950617283950617,13374720,5408128,3749216,0
v2v,seen_transfer,train_0001,testoutput_CAV_data_2022-03-15-09-54-40_1,testoutput_CAV_data_2022-03-15-09-54-40,intermittent,marked_gaussian_evidence_guarded_scalar_assoc_split,405,4.238564725828149,5.872947036154152,3.782856276310625,3.8222222222222224,57.06666666666667,0.7790123456790123,13374720,5414784,3751712,0
v2v,seen_transfer,train_0002,testoutput_CAV_data_2022-03-15-09-54-40_2,testoutput_CAV_data_2022-03-15-09-54-40,reliable,marked_gaussian_evidence_assoc_split,157,1.9113148813931273,2.583227510203852,0.5910195245130236,5.503184713375796,13.299363057324841,0.2484076433121019,5184768,1565888,1565888,0
v2v,seen_transfer,train_0002,testoutput_CAV_data_2022-03-15-09-54-40_2,testoutput_CAV_data_2022-03-15-09-54-40,reliable,marked_gaussian_evidence_guarded_scalar_assoc_split,157,1.9294402660700851,2.609221910578403,0.5947115385185243,5.961783439490445,13.299363057324841,0.25477707006369427,5184768,1483104,1483104,0
v2v,seen_transfer,train_0002,testoutput_CAV_data_2022-03-15-09-54-40_2,testoutput_CAV_data_2022-03-15-09-54-40,intermittent,marked_gaussian_evidence_assoc_split,157,2.0942075076796547,2.8503982244018933,0.6867301808340944,5.503184713375796,16.96815286624204,0.2929936305732484,5184768,1260544,925792,0
v2v,seen_transfer,train_0002,testoutput_CAV_data_2022-03-15-09-54-40_2,testoutput_CAV_data_2022-03-15-09-54-40,intermittent,marked_gaussian_evidence_guarded_scalar_assoc_split,157,2.0944081806971053,2.8519545684383227,0.699660340165271,5.732484076433121,16.96815286624204,0.2961783439490446,5184768,1264704,923712,0
v2v,seen_transfer,train_0003,testoutput_CAV_data_2022-03-15-10-09-50_0,testoutput_CAV_data_2022-03-15-10-09-50,reliable,marked_gaussian_evidence_assoc_split,1244,1.5522735713547935,2.292307033785961,0.9539751087813962,6.771704180064309,9.434083601286174,0.21382636655948553,41081856,18301248,18301248,0
v2v,seen_transfer,train_0003,testoutput_CAV_data_2022-03-15-10-09-50_0,testoutput_CAV_data_2022-03-15-10-09-50,reliable,marked_gaussian_evidence_guarded_scalar_assoc_split,1244,1.5223304444493584,2.2656115650148028,0.9707263939034079,6.771704180064309,9.260450160771704,0.21141479099678456,41081856,17460512,17460512,0
v2v,seen_transfer,train_0003,testoutput_CAV_data_2022-03-15-10-09-50_0,testoutput_CAV_data_2022-03-15-10-09-50,intermittent,marked_gaussian_evidence_assoc_split,1244,1.9577377688030597,2.851334613866083,1.4234337605971379,12.212218649517684,9.636655948553054,0.2889871382636656,41081856,18928992,12820352,0
v2v,seen_transfer,train_0003,testoutput_CAV_data_2022-03-15-10-09-50_0,testoutput_CAV_data_2022-03-15-10-09-50,intermittent,marked_gaussian_evidence_guarded_scalar_assoc_split,1244,1.9115745636662773,2.7836868831471504,1.3710330828870196,12.241157556270096,9.0,0.2829581993569132,41081856,18305408,12313664,0
v2v,seen_transfer,train_0004,testoutput_CAV_data_2022-03-15-10-09-50_2,testoutput_CAV_data_2022-03-15-10-09-50,reliable,marked_gaussian_evidence_assoc_split,133,3.260544842142025,3.486634295915472,1.107786955036365,23.81954887218045,4.87218045112782,0.2932330827067669,4392192,695328,695328,2
v2v,seen_transfer,train_0004,testoutput_CAV_data_2022-03-15-10-09-50_2,testoutput_CAV_data_2022-03-15-10-09-50,reliable,marked_gaussian_evidence_guarded_scalar_assoc_split,133,3.438939183732029,3.739079291005821,1.0876619131517395,23.81954887218045,7.578947368421052,0.3157894736842105,4392192,672864,672864,2
v2v,seen_transfer,train_0004,testoutput_CAV_data_2022-03-15-10-09-50_2,testoutput_CAV_data_2022-03-15-10-09-50,intermittent,marked_gaussian_evidence_assoc_split,133,2.7212482936107323,3.144300920637215,1.1584185521020356,20.30075187969925,4.87218045112782,0.2819548872180451,4392192,587168,475424,2
v2v,seen_transfer,train_0004,testoutput_CAV_data_2022-03-15-10-09-50_2,testoutput_CAV_data_2022-03-15-10-09-50,intermittent,marked_gaussian_evidence_guarded_scalar_assoc_split,133,2.8158999019695847,3.3334048957517437,1.1254843434270612,21.383458646616543,6.496240601503759,0.2744360902255639,4392192,585088,472928,2
v2v,seen_transfer,train_0006,testoutput_CAV_data_2022-03-15-10-29-43_2,testoutput_CAV_data_2022-03-15-10-29-43,reliable,marked_gaussian_evidence_assoc_split,122,0.5970297001884015,0.9840268786446923,0.5659816553861161,2.9508196721311477,0.0,0.040983606557377046,4028928,704608,704608,0
v2v,seen_transfer,train_0006,testoutput_CAV_data_2022-03-15-10-29-43_2,testoutput_CAV_data_2022-03-15-10-29-43,reliable,marked_gaussian_evidence_guarded_scalar_assoc_split,122,0.5953747016764852,0.9807233833014833,0.5584397834753181,2.9508196721311477,0.0,0.040983606557377046,4028928,704608,704608,0
v2v,seen_transfer,train_0006,testoutput_CAV_data_2022-03-15-10-29-43_2,testoutput_CAV_data_2022-03-15-10-29-43,intermittent,marked_gaussian_evidence_assoc_split,122,0.6017145372465977,0.9923371881114819,0.5866202390697767,2.9508196721311477,0.0,0.040983606557377046,4028928,703360,550528,0
v2v,seen_transfer,train_0006,testoutput_CAV_data_2022-03-15-10-29-43_2,testoutput_CAV_data_2022-03-15-10-29-43,intermittent,marked_gaussian_evidence_guarded_scalar_assoc_split,122,0.600254129288863,0.9893963796904124,0.5798799035329667,2.9508196721311477,0.0,0.040983606557377046,4028928,703360,550528,0
v2v,seen_transfer,train_0007,testoutput_CAV_data_2022-03-15-16-00-17_0,testoutput_CAV_data_2022-03-15-16-00-17,reliable,marked_gaussian_evidence_assoc_split,148,2.7584678364361572,2.4780490698029474,2.9881816364179783,8.756756756756756,6.324324324324325,0.19594594594594594,4887552,996224,996224,0
v2v,seen_transfer,train_0007,testoutput_CAV_data_2022-03-15-16-00-17_0,testoutput_CAV_data_2022-03-15-16-00-17,reliable,marked_gaussian_evidence_guarded_scalar_assoc_split,148,2.7740044314666785,2.478554247912452,2.983284468839419,9.243243243243244,5.837837837837838,0.18243243243243243,4887552,932992,932992,0
v2v,seen_transfer,train_0007,testoutput_CAV_data_2022-03-15-16-00-17_0,testoutput_CAV_data_2022-03-15-16-00-17,intermittent,marked_gaussian_evidence_assoc_split,148,4.476788325878475,4.219689665426573,0.9237564285355725,15.08108108108108,22.37837837837838,0.41216216216216217,4887552,1201728,786176,0
v2v,seen_transfer,train_0007,testoutput_CAV_data_2022-03-15-16-00-17_0,testoutput_CAV_data_2022-03-15-16-00-17,intermittent,marked_gaussian_evidence_guarded_scalar_assoc_split,148,4.472384220118768,4.207857805516047,0.9237569079557304,15.08108108108108,22.135135135135137,0.40878378378378377,4887552,1203808,786176,0
v2v,seen_transfer,train_0008,testoutput_CAV_data_2022-03-17-10-43-13,testoutput_CAV_data_2022-03-17-10-43-13,reliable,marked_gaussian_evidence_assoc_split,410,5.103849279969993,13.86355781440552,18.325504786205528,73.7560975609756,130.30243902439025,1.5560975609756098,38853120,33479296,33479296,14
v2v,seen_transfer,train_0008,testoutput_CAV_data_2022-03-17-10-43-13,testoutput_CAV_data_2022-03-17-10-43-13,reliable,marked_gaussian_evidence_guarded_scalar_assoc_split,410,5.332452606705094,14.407460978343515,19.690684587281936,78.67317073170732,138.55609756097562,1.7390243902439024,39574016,34320032,34320032,14
v2v,seen_transfer,train_0008,testoutput_CAV_data_2022-03-17-10-43-13,testoutput_CAV_data_2022-03-17-10-43-13,intermittent,marked_gaussian_evidence_assoc_split,410,5.800211653580162,15.589738099270667,18.961859627158674,84.55609756097562,164.45853658536586,2.148780487804878,44997120,38876896,25920128,14
v2v,seen_transfer,train_0008,testoutput_CAV_data_2022-03-17-10-43-13,testoutput_CAV_data_2022-03-17-10-43-13,intermittent,marked_gaussian_evidence_guarded_scalar_assoc_split,410,5.805049617139645,15.587953355292308,18.796891211023084,85.9609756097561,164.37073170731708,2.201219512195122,45193728,38730464,25835264,14
v2v,seen_transfer,train_0009,testoutput_CAV_data_2022-03-17-10-50-46_3,testoutput_CAV_data_2022-03-17-10-50-46,reliable,marked_gaussian_evidence_assoc_split,315,6.644313575247371,19.636652150230052,29.46950358891423,349.48571428571427,35.65714285714286,4.358730158730158,24115968,19034272,19034272,14
v2v,seen_transfer,train_0009,testoutput_CAV_data_2022-03-17-10-50-46_3,testoutput_CAV_data_2022-03-17-10-50-46,reliable,marked_gaussian_evidence_guarded_scalar_assoc_split,315,6.6861594745484565,19.712937318760925,32.9728678069685,352.0,33.371428571428574,4.425396825396826,23821056,18333728,18333728,15
v2v,seen_transfer,train_0009,testoutput_CAV_data_2022-03-17-10-50-46_3,testoutput_CAV_data_2022-03-17-10-50-46,intermittent,marked_gaussian_evidence_assoc_split,315,6.982924051427887,20.618999123639057,29.669671896014968,382.9714285714286,44.114285714285714,4.712698412698413,23722752,18143616,13671168,9
v2v,seen_transfer,train_0009,testoutput_CAV_data_2022-03-17-10-50-46_3,testoutput_CAV_data_2022-03-17-10-50-46,intermittent,marked_gaussian_evidence_guarded_scalar_assoc_split,315,7.001623188040788,20.618352503923116,32.7847738144447,383.42857142857144,39.542857142857144,4.776190476190476,23558912,18067488,13621248,9
v2v,seen_transfer,train_0011,testoutput_CAV_data_2022-03-17-11-51-42_7,testoutput_CAV_data_2022-03-17-11-51-42,reliable,marked_gaussian_evidence_assoc_split,107,2.8569845664321893,6.652707260915998,5.979493216458244,52.48598130841121,12.785046728971963,0.719626168224299,4107008,2514496,2514496,0
v2v,seen_transfer,train_0011,testoutput_CAV_data_2022-03-17-11-51-42_7,testoutput_CAV_data_2022-03-17-11-51-42,reliable,marked_gaussian_evidence_guarded_scalar_assoc_split,107,2.98898763692925,6.929047298158585,6.08219946348068,53.83177570093458,13.457943925233645,0.7476635514018691,4107008,2546944,2546944,0
v2v,seen_transfer,train_0011,testoutput_CAV_data_2022-03-17-11-51-42_7,testoutput_CAV_data_2022-03-17-11-51-42,intermittent,marked_gaussian_evidence_assoc_split,107,3.3701168597998334,7.690700997925357,6.315877757498307,63.25233644859813,16.485981308411215,0.9112149532710281,4139776,2642208,1974016,0
v2v,seen_transfer,train_0011,testoutput_CAV_data_2022-03-17-11-51-42_7,testoutput_CAV_data_2022-03-17-11-51-42,intermittent,marked_gaussian_evidence_guarded_scalar_assoc_split,107,3.500481241661205,7.977605910702706,6.680886707735777,68.97196261682242,15.476635514018692,0.9766355140186916,4188928,2687968,2003136,0
v2v,seen_transfer,train_0012,testoutput_CAV_data_2022-03-17-12-04-22_0,testoutput_CAV_data_2022-03-17-12-04-22,reliable,marked_gaussian_evidence_assoc_split,124,5.466903655214297,14.73680504766568,14.972092834770834,152.70967741935485,60.96774193548387,1.5806451612903225,8223744,6292864,6292864,0
v2v,seen_transfer,train_0012,testoutput_CAV_data_2022-03-17-12-04-22_0,testoutput_CAV_data_2022-03-17-12-04-22,reliable,marked_gaussian_evidence_guarded_scalar_assoc_split,124,5.440084854794329,14.594989392003146,15.059164895448083,149.80645161290323,60.96774193548387,1.5564516129032258,8600576,6546624,6546624,0
v2v,seen_transfer,train_0012,testoutput_CAV_data_2022-03-17-12-04-22_0,testoutput_CAV_data_2022-03-17-12-04-22,intermittent,marked_gaussian_evidence_assoc_split,124,5.348671781855154,14.66513196973398,17.88503135062331,146.03225806451613,64.74193548387096,1.5080645161290323,7519232,5444640,4035136,0
v2v,seen_transfer,train_0012,testoutput_CAV_data_2022-03-17-12-04-22_0,testoutput_CAV_data_2022-03-17-12-04-22,intermittent,marked_gaussian_evidence_guarded_scalar_assoc_split,124,5.333784234993523,14.59417699822064,18.660342693882196,140.80645161290323,67.06451612903226,1.4516129032258065,7715840,5696736,4188224,0
v2v,seen_transfer,train_0013,testoutput_CAV_data_2022-03-17-12-14-33_0,testoutput_CAV_data_2022-03-17-12-14-33,reliable,marked_gaussian_evidence_assoc_split,89,2.857193966456996,5.770170696467213,1.741714113577808,36.40449438202247,21.03370786516854,0.6404494382022472,2955520,1735008,1735008,0
v2v,seen_transfer,train_0013,testoutput_CAV_data_2022-03-17-12-14-33_0,testoutput_CAV_data_2022-03-17-12-14-33,reliable,marked_gaussian_evidence_guarded_scalar_assoc_split,89,2.7508011221355484,5.562208096330369,1.7398168416774862,38.831460674157306,16.98876404494382,0.6404494382022472,2955520,1670112,1670112,0
v2v,seen_transfer,train_0013,testoutput_CAV_data_2022-03-17-12-14-33_0,testoutput_CAV_data_2022-03-17-12-14-33,intermittent,marked_gaussian_evidence_assoc_split,89,2.954831936796052,5.91689283881608,2.288247362914534,36.80898876404494,20.629213483146067,0.6741573033707865,2955520,1669696,1211232,0
v2v,seen_transfer,train_0013,testoutput_CAV_data_2022-03-17-12-14-33_0,testoutput_CAV_data_2022-03-17-12-14-33,intermittent,marked_gaussian_evidence_guarded_scalar_assoc_split,89,3.0523870819855397,6.113302450295304,2.3269448917698945,40.04494382022472,20.629213483146067,0.7191011235955056,2955520,1631008,1180032,0
v2v,seen_transfer,train_0014,testoutput_CAV_data_2022-03-17-12-14-33_1,testoutput_CAV_data_2022-03-17-12-14-33,reliable,marked_gaussian_evidence_assoc_split,80,4.99726397337662,15.42772054245275,7.505532677735421,238.5,1.8,3.2875,4542464,3499520,3499520,0
v2v,seen_transfer,train_0014,testoutput_CAV_data_2022-03-17-12-14-33_1,testoutput_CAV_data_2022-03-17-12-14-33,reliable,marked_gaussian_evidence_guarded_scalar_assoc_split,80,5.410637687244713,16.779636621046564,10.904889294887811,276.3,1.8,3.8125,6606848,5468448,5468448,0
v2v,seen_transfer,train_0014,testoutput_CAV_data_2022-03-17-12-14-33_1,testoutput_CAV_data_2022-03-17-12-14-33,intermittent,marked_gaussian_evidence_assoc_split,80,4.945019247353402,15.322175039601678,9.210936196942225,235.35,2.7,3.23125,4132864,3030688,2150624,0
v2v,seen_transfer,train_0014,testoutput_CAV_data_2022-03-17-12-14-33_1,testoutput_CAV_data_2022-03-17-12-14-33,intermittent,marked_gaussian_evidence_guarded_scalar_assoc_split,80,5.180441319767857,16.089512607248807,12.21818626604637,253.35,2.7,3.48125,4591616,3321472,2313696,0
v2v,seen_transfer,train_0016,testoutput_CAV_data_2022-03-17-14-44-47_2,testoutput_CAV_data_2022-03-17-14-44-47,reliable,marked_gaussian_evidence_assoc_split,293,3.250003774335152,10.423894883088371,4.431553929411212,47.18088737201365,79.12627986348123,1.2013651877133107,22373632,17759904,17759904,0
v2v,seen_transfer,train_0016,testoutput_CAV_data_2022-03-17-14-44-47_2,testoutput_CAV_data_2022-03-17-14-44-47,reliable,marked_gaussian_evidence_guarded_scalar_assoc_split,293,3.2330354183858496,10.48483405052633,4.8949108438693285,51.11262798634812,76.17747440273038,1.1467576791808873,21800192,17222848,17222848,0
v2v,seen_transfer,train_0016,testoutput_CAV_data_2022-03-17-14-44-47_2,testoutput_CAV_data_2022-03-17-14-44-47,intermittent,marked_gaussian_evidence_assoc_split,293,3.8502103678724313,12.333828037162137,6.3658793091472345,98.66211604095564,80.35494880546075,1.7559726962457338,22521088,18210432,13039136,0
v2v,seen_transfer,train_0016,testoutput_CAV_data_2022-03-17-14-44-47_2,testoutput_CAV_data_2022-03-17-14-44-47,intermittent,marked_gaussian_evidence_guarded_scalar_assoc_split,293,3.8504139425085357,12.35546002983209,6.854557271952251,99.89078498293516,79.24914675767918,1.7474402730375427,22406400,18078976,12983392,0
v2v,seen_transfer,train_0017,testoutput_CAV_data_2022-03-17-14-44-47_3,testoutput_CAV_data_2022-03-17-14-44-47,reliable,marked_gaussian_evidence_assoc_split,111,3.825204148720432,8.71700367044097,0.8884777020110175,46.054054054054056,50.5945945945946,0.963963963963964,3845888,2561344,2561344,0
v2v,seen_transfer,train_0017,testoutput_CAV_data_2022-03-17-14-44-47_3,testoutput_CAV_data_2022-03-17-14-44-47,reliable,marked_gaussian_evidence_guarded_scalar_assoc_split,111,3.8646963389102242,8.798011225350017,1.0082739736793693,46.7027027027027,50.5945945945946,0.972972972972973,3878656,2569664,2569664,0
v2v,seen_transfer,train_0017,testoutput_CAV_data_2022-03-17-14-44-47_3,testoutput_CAV_data_2022-03-17-14-44-47,intermittent,marked_gaussian_evidence_assoc_split,111,4.024727007827891,9.209483235883205,8.845499954215828,44.108108108108105,57.729729729729726,1.0,3944192,2745216,1816768,0
v2v,seen_transfer,train_0017,testoutput_CAV_data_2022-03-17-14-44-47_3,testoutput_CAV_data_2022-03-17-14-44-47,intermittent,marked_gaussian_evidence_guarded_scalar_assoc_split,111,4.05416504446938,9.320130111796466,8.409305699880628,48.32432432432432,57.08108108108108,0.9774774774774775,3960576,2742304,1846304,0
v2v,seen_transfer,train_0018,testoutput_CAV_data_2022-03-17-14-44-47_5,testoutput_CAV_data_2022-03-17-14-44-47,reliable,marked_gaussian_evidence_assoc_split,183,2.4515402895271925,5.450228797093637,3.102630043906557,23.60655737704918,20.065573770491802,0.5191256830601093,6403840,4153824,4153824,2
v2v,seen_transfer,train_0018,testoutput_CAV_data_2022-03-17-14-44-47_5,testoutput_CAV_data_2022-03-17-14-44-47,reliable,marked_gaussian_evidence_guarded_scalar_assoc_split,183,2.505491248115726,5.5591003913411186,3.177233024917156,26.360655737704917,18.885245901639344,0.5409836065573771,6518528,4206656,4206656,2
v2v,seen_transfer,train_0018,testoutput_CAV_data_2022-03-17-14-44-47_5,testoutput_CAV_data_2022-03-17-14-44-47,intermittent,marked_gaussian_evidence_assoc_split,183,2.501208381694455,5.617550888522275,3.2058387074257366,26.557377049180328,21.24590163934426,0.5655737704918032,6371072,4146752,2862112,0
v2v,seen_transfer,train_0018,testoutput_CAV_data_2022-03-17-14-44-47_5,testoutput_CAV_data_2022-03-17-14-44-47,intermittent,marked_gaussian_evidence_guarded_scalar_assoc_split,183,2.4819426567246436,5.475634172554302,2.472572029392079,27.540983606557376,19.081967213114755,0.5765027322404371,6469376,4199584,2929920,6
v2v,seen_transfer,train_0019,testoutput_CAV_data_2022-03-17-14-44-47_6,testoutput_CAV_data_2022-03-17-14-44-47,reliable,marked_gaussian_evidence_assoc_split,177,2.569630948183905,7.991056226186419,2.6858730094188714,41.08474576271186,55.32203389830509,0.7401129943502824,9859328,6639040,6639040,0
v2v,seen_transfer,train_0019,testoutput_CAV_data_2022-03-17-14-44-47_6,testoutput_CAV_data_2022-03-17-14-44-47,reliable,marked_gaussian_evidence_guarded_scalar_assoc_split,177,2.554508108684645,7.9648701653213,3.38687450329942,43.11864406779661,51.66101694915254,0.7288135593220338,9957632,6791296,6791296,0
v2v,seen_transfer,train_0019,testoutput_CAV_data_2022-03-17-14-44-47_6,testoutput_CAV_data_2022-03-17-14-44-47,intermittent,marked_gaussian_evidence_assoc_split,177,3.097457340242455,9.284704082455908,5.326842427079573,53.49152542372882,63.86440677966102,1.002824858757062,10137856,7050048,5209024,0
v2v,seen_transfer,train_0019,testoutput_CAV_data_2022-03-17-14-44-47_6,testoutput_CAV_data_2022-03-17-14-44-47,intermittent,marked_gaussian_evidence_guarded_scalar_assoc_split,177,3.146900673541282,9.471095791969733,6.956529194802337,54.30508474576271,63.05084745762712,1.0141242937853108,10088704,6848704,5085888,0
v2v,seen_transfer,train_0021,testoutput_CAV_data_2022-03-17-15-55-26_0,testoutput_CAV_data_2022-03-17-15-55-26,reliable,marked_gaussian_evidence_assoc_split,286,4.016663142968407,7.736303684158925,6.333510403451135,36.25174825174825,41.03496503496503,0.7237762237762237,11427328,7323680,7323680,0
v2v,seen_transfer,train_0021,testoutput_CAV_data_2022-03-17-15-55-26_0,testoutput_CAV_data_2022-03-17-15-55-26,reliable,marked_gaussian_evidence_guarded_scalar_assoc_split,286,3.946024775330004,7.561375773017448,6.813374113781376,38.51748251748252,35.74825174825175,0.7027972027972028,11361792,7145632,7145632,0
v2v,seen_transfer,train_0021,testoutput_CAV_data_2022-03-17-15-55-26_0,testoutput_CAV_data_2022-03-17-15-55-26,intermittent,marked_gaussian_evidence_assoc_split,286,4.730991568069535,9.151132184912866,8.105731251561801,53.62237762237762,50.22377622377623,1.0122377622377623,11787776,7650240,5612480,0
v2v,seen_transfer,train_0021,testoutput_CAV_data_2022-03-17-15-55-26_0,testoutput_CAV_data_2022-03-17-15-55-26,intermittent,marked_gaussian_evidence_guarded_scalar_assoc_split,286,4.678010156219332,9.032463171818156,8.364239338615599,54.62937062937063,47.45454545454545,1.0017482517482517,11329024,7353632,5397824,0
v2v,seen_transfer,train_0022,testoutput_CAV_data_2022-03-17-15-55-26_1,testoutput_CAV_data_2022-03-17-15-55-26,reliable,marked_gaussian_evidence_assoc_split,229,3.1099419745051216,12.398294206272489,10.743187075330301,114.13100436681222,63.82532751091703,1.4148471615720524,20276480,16435008,16435008,0
v2v,seen_transfer,train_0022,testoutput_CAV_data_2022-03-17-15-55-26_1,testoutput_CAV_data_2022-03-17-15-55-26,reliable,marked_gaussian_evidence_guarded_scalar_assoc_split,229,3.1891230534270942,12.769584624675227,11.19351508062488,124.19213973799127,63.82532751091703,1.4585152838427948,20161792,15994464,15994464,0
v2v,seen_transfer,train_0022,testoutput_CAV_data_2022-03-17-15-55-26_1,testoutput_CAV_data_2022-03-17-15-55-26,intermittent,marked_gaussian_evidence_assoc_split,229,3.4800692220051177,14.119677937693721,33.041920870003494,147.77292576419214,69.48471615720524,1.7074235807860263,20718848,16984128,11890112,0
v2v,seen_transfer,train_0022,testoutput_CAV_data_2022-03-17-15-55-26_1,testoutput_CAV_data_2022-03-17-15-55-26,intermittent,marked_gaussian_evidence_guarded_scalar_assoc_split,229,3.468891780671279,14.067349896927707,31.431551880783303,149.65938864628822,68.5414847161572,1.7161572052401746,19588352,15453664,10786464,0
v2v,seen_transfer,train_0023,testoutput_CAV_data_2022-03-17-16-06-11_0,testoutput_CAV_data_2022-03-17-16-06-11,reliable,marked_gaussian_evidence_assoc_split,120,3.393818877078736,12.286077662378382,13.988883102763454,152.4,15.0,1.9916666666666667,8992768,7365888,7365888,0
v2v,seen_transfer,train_0023,testoutput_CAV_data_2022-03-17-16-06-11_0,testoutput_CAV_data_2022-03-17-16-06-11,reliable,marked_gaussian_evidence_guarded_scalar_assoc_split,120,3.5880930298814158,13.064662611957155,19.710955608036183,168.6,14.4,2.191666666666667,8419328,6973184,6973184,0
v2v,seen_transfer,train_0023,testoutput_CAV_data_2022-03-17-16-06-11_0,testoutput_CAV_data_2022-03-17-16-06-11,intermittent,marked_gaussian_evidence_assoc_split,120,3.625359852126308,13.150965989748782,18.412411898233096,168.6,20.7,2.1958333333333333,10254336,7755264,5514688,0
v2v,seen_transfer,train_0023,testoutput_CAV_data_2022-03-17-16-06-11_0,testoutput_CAV_data_2022-03-17-16-06-11,intermittent,marked_gaussian_evidence_guarded_scalar_assoc_split,120,3.730748477240729,13.624384439743826,21.343729685714045,177.0,22.5,2.2875,8173568,7099232,5107840,0
v2v,seen_transfer,train_0024,testoutput_CAV_data_2022-03-21-09-35-07_2,testoutput_CAV_data_2022-03-21-09-35-07,reliable,marked_gaussian_evidence_assoc_split,168,1.5406875157759738,3.308182518111672,2.6847969274515644,19.285714285714285,0.42857142857142855,0.27380952380952384,5548032,2606176,2606176,0
v2v,seen_transfer,train_0024,testoutput_CAV_data_2022-03-21-09-35-07_2,testoutput_CAV_data_2022-03-21-09-35-07,reliable,marked_gaussian_evidence_guarded_scalar_assoc_split,168,1.538468406353941,3.306109810748234,2.7184795462323375,19.285714285714285,0.42857142857142855,0.27380952380952384,5548032,2614080,2614080,0
v2v,seen_transfer,train_0024,testoutput_CAV_data_2022-03-21-09-35-07_2,testoutput_CAV_data_2022-03-21-09-35-07,intermittent,marked_gaussian_evidence_assoc_split,168,1.665518036442392,3.573334843631779,3.299994443881984,21.214285714285715,1.0714285714285714,0.30357142857142855,5548032,2646528,1759296,0
v2v,seen_transfer,train_0024,testoutput_CAV_data_2022-03-21-09-35-07_2,testoutput_CAV_data_2022-03-21-09-35-07,intermittent,marked_gaussian_evidence_guarded_scalar_assoc_split,168,1.6518242148478008,3.548039584146317,3.290958186753365,21.214285714285715,0.8571428571428571,0.3005952380952381,5548032,2652352,1765120,0
v2v,seen_transfer,train_0026,testoutput_CAV_data_2022-03-21-09-35-07_4,testoutput_CAV_data_2022-03-21-09-35-07,reliable,marked_gaussian_evidence_assoc_split,135,4.451848499736678,8.567409808606879,1.4961618665102496,31.466666666666665,68.8,0.8740740740740741,4458240,2344064,2344064,0
v2v,seen_transfer,train_0026,testoutput_CAV_data_2022-03-21-09-35-07_4,testoutput_CAV_data_2022-03-21-09-35-07,reliable,marked_gaussian_evidence_guarded_scalar_assoc_split,135,4.349578366194005,8.420658501019858,1.5366922830640075,32.0,67.2,0.8444444444444444,4458240,2465952,2465952,0
v2v,seen_transfer,train_0026,testoutput_CAV_data_2022-03-21-09-35-07_4,testoutput_CAV_data_2022-03-21-09-35-07,intermittent,marked_gaussian_evidence_assoc_split,135,4.643178438553439,9.02550403068078,2.401423310874708,32.53333333333333,78.66666666666667,1.011111111111111,4458240,2191392,1620256,0
v2v,seen_transfer,train_0026,testoutput_CAV_data_2022-03-21-09-35-07_4,testoutput_CAV_data_2022-03-21-09-35-07,intermittent,marked_gaussian_evidence_guarded_scalar_assoc_split,135,4.520194670065314,8.804638623433732,2.2561443861066426,33.06666666666667,74.93333333333334,0.9518518518518518,4458240,2385248,1760864,0
v2v,seen_transfer,train_0027,testoutput_CAV_data_2022-03-21-09-35-07_5,testoutput_CAV_data_2022-03-21-09-35-07,reliable,marked_gaussian_evidence_assoc_split,143,5.046590728543771,13.875772029247457,15.085151266881097,112.78321678321679,81.56643356643356,1.062937062937063,8244992,5655936,5655936,12
v2v,seen_transfer,train_0027,testoutput_CAV_data_2022-03-21-09-35-07_5,testoutput_CAV_data_2022-03-21-09-35-07,reliable,marked_gaussian_evidence_guarded_scalar_assoc_split,143,5.253266296738666,14.288183602296005,15.77458699645124,128.3916083916084,78.04195804195804,1.2727272727272727,8359680,5919680,5919680,15
v2v,seen_transfer,train_0027,testoutput_CAV_data_2022-03-21-09-35-07_5,testoutput_CAV_data_2022-03-21-09-35-07,intermittent,marked_gaussian_evidence_assoc_split,143,5.388610607552164,14.93501126210743,19.655355055279195,136.1958041958042,87.60839160839161,1.2202797202797202,8277760,5866848,4101056,7
v2v,seen_transfer,train_0027,testoutput_CAV_data_2022-03-21-09-35-07_5,testoutput_CAV_data_2022-03-21-09-35-07,intermittent,marked_gaussian_evidence_guarded_scalar_assoc_split,143,5.5122966940377145,15.050552774526235,15.091242764767243,148.78321678321677,84.33566433566433,1.4335664335664335,8359680,6059456,4275776,14
v2v,seen_transfer,train_0028,testoutput_CAV_data_2022-03-21-09-35-07_6,testoutput_CAV_data_2022-03-21-09-35-07,reliable,marked_gaussian_evidence_assoc_split,149,2.9884119895749364,6.652507726536796,3.545611687459509,33.34228187919463,30.44295302013423,0.6442953020134228,5756160,3939904,3939904,4
v2v,seen_transfer,train_0028,testoutput_CAV_data_2022-03-21-09-35-07_6,testoutput_CAV_data_2022-03-21-09-35-07,reliable,marked_gaussian_evidence_guarded_scalar_assoc_split,149,3.006640166555112,6.768207477640677,2.765425354959689,34.308724832214764,31.409395973154364,0.5906040268456376,5264640,3785984,3785984,5
v2v,seen_transfer,train_0028,testoutput_CAV_data_2022-03-21-09-35-07_6,testoutput_CAV_data_2022-03-21-09-35-07,intermittent,marked_gaussian_evidence_assoc_split,149,3.178849041570603,7.140525314525427,4.112947304204581,40.83221476510067,30.44295302013423,0.674496644295302,6083840,3931168,2971040,6
v2v,seen_transfer,train_0028,testoutput_CAV_data_2022-03-21-09-35-07_6,testoutput_CAV_data_2022-03-21-09-35-07,intermittent,marked_gaussian_evidence_guarded_scalar_assoc_split,149,3.2501380186613416,7.43486371903086,3.416614248068062,42.281879194630875,33.100671140939596,0.6174496644295302,5723392,3881248,2924448,2
v2v,seen_transfer,train_0029,testoutput_CAV_data_2022-03-21-09-35-07_8,testoutput_CAV_data_2022-03-21-09-35-07,reliable,marked_gaussian_evidence_assoc_split,165,4.132499396694881,11.567067198694103,12.363772864600195,87.27272727272727,51.054545454545455,1.2424242424242424,10396928,6826304,6826304,20
v2v,seen_transfer,train_0029,testoutput_CAV_data_2022-03-21-09-35-07_8,testoutput_CAV_data_2022-03-21-09-35-07,reliable,marked_gaussian_evidence_guarded_scalar_assoc_split,165,4.060779205347902,11.406156920174087,12.45213119992536,91.63636363636364,46.25454545454546,1.2121212121212122,10249472,7133312,7133312,22
v2v,seen_transfer,train_0029,testoutput_CAV_data_2022-03-21-09-35-07_8,testoutput_CAV_data_2022-03-21-09-35-07,intermittent,marked_gaussian_evidence_assoc_split,165,4.5904623558578725,12.789510743227044,10.817547318714897,120.65454545454546,49.30909090909091,1.5303030303030303,10528000,6860832,4925888,16
v2v,seen_transfer,train_0029,testoutput_CAV_data_2022-03-21-09-35-07_8,testoutput_CAV_data_2022-03-21-09-35-07,intermittent,marked_gaussian_evidence_guarded_scalar_assoc_split,165,4.5810054147974055,12.727515620278973,12.735249600389004,119.12727272727273,45.81818181818182,1.496969696969697,9807104,6345824,4553152,18
v2v,seen_transfer,train_0031,testoutput_CAV_data_2022-03-21-09-50-20_10,testoutput_CAV_data_2022-03-21-09-50-20,reliable,marked_gaussian_evidence_assoc_split,108,2.603157747768478,5.124311763133731,2.211395001293621,8.666666666666666,32.666666666666664,0.5370370370370371,3566592,1593536,1593536,0
v2v,seen_transfer,train_0031,testoutput_CAV_data_2022-03-21-09-50-20_10,testoutput_CAV_data_2022-03-21-09-50-20,reliable,marked_gaussian_evidence_guarded_scalar_assoc_split,108,2.5468276558994796,5.017686740458306,2.1824864721652806,8.666666666666666,31.333333333333332,0.5185185185185185,3566592,1598944,1598944,0
v2v,seen_transfer,train_0031,testoutput_CAV_data_2022-03-21-09-50-20_10,testoutput_CAV_data_2022-03-21-09-50-20,intermittent,marked_gaussian_evidence_assoc_split,108,2.9076602288296516,5.576886533389434,2.1933382620446866,16.333333333333332,30.333333333333332,0.6203703703703703,3566592,1772832,1391328,0
v2v,seen_transfer,train_0031,testoutput_CAV_data_2022-03-21-09-50-20_10,testoutput_CAV_data_2022-03-21-09-50-20,intermittent,marked_gaussian_evidence_guarded_scalar_assoc_split,108,2.861952220718799,5.480237871477571,2.1525320464696627,16.333333333333332,29.666666666666668,0.6203703703703703,3566592,1777824,1395072,0
v2v,previous_train_probes,train_0005,testoutput_CAV_data_2022-03-15-10-29-43_0,testoutput_CAV_data_2022-03-15-10-29-43,reliable,marked_gaussian_evidence_assoc_split,217,5.0492089091388,11.199554648375448,7.581898983763861,88.92165898617512,48.11059907834101,1.0,8689920,5412736,5412736,0
v2v,previous_train_probes,train_0005,testoutput_CAV_data_2022-03-15-10-29-43_0,testoutput_CAV_data_2022-03-15-10-29-43,reliable,marked_gaussian_evidence_guarded_scalar_assoc_split,217,5.410224411064989,11.616360745348835,19.5551963432283,103.52073732718894,25.548387096774192,1.1751152073732718,10656000,7873376,7873376,0
v2v,previous_train_probes,train_0005,testoutput_CAV_data_2022-03-15-10-29-43_0,testoutput_CAV_data_2022-03-15-10-29-43,intermittent,marked_gaussian_evidence_assoc_split,217,5.367998289566354,11.987612697990937,9.419072576916847,95.05990783410138,55.41013824884793,1.0161290322580645,8689920,5267968,4004160,6
v2v,previous_train_probes,train_0005,testoutput_CAV_data_2022-03-15-10-29-43_0,testoutput_CAV_data_2022-03-15-10-29-43,intermittent,marked_gaussian_evidence_guarded_scalar_assoc_split,217,5.3889439346201025,12.025885697646125,9.252057652836227,96.38709677419355,55.41013824884793,1.0345622119815667,8788224,5264640,4001664,6
v2v,previous_train_probes,train_0010,testoutput_CAV_data_2022-03-17-11-51-42_1,testoutput_CAV_data_2022-03-17-11-51-42,reliable,marked_gaussian_evidence_assoc_split,119,4.32934041558173,15.379671761745424,46.2436972308371,156.7058823529412,47.19327731092437,1.6722689075630253,9795328,7503104,7503104,2
v2v,previous_train_probes,train_0010,testoutput_CAV_data_2022-03-17-11-51-42_1,testoutput_CAV_data_2022-03-17-11-51-42,reliable,marked_gaussian_evidence_guarded_scalar_assoc_split,119,4.314194391895429,15.098002982507564,48.20228703507853,156.7058823529412,36.90756302521008,1.7478991596638656,10417920,8038912,8038912,2
v2v,previous_train_probes,train_0010,testoutput_CAV_data_2022-03-17-11-51-42_1,testoutput_CAV_data_2022-03-17-11-51-42,intermittent,marked_gaussian_evidence_assoc_split,119,4.499167465355417,16.021108331690986,51.38754318171846,168.80672268907563,48.705882352941174,1.7941176470588236,10680064,8179936,5533184,2
v2v,previous_train_probes,train_0010,testoutput_CAV_data_2022-03-17-11-51-42_1,testoutput_CAV_data_2022-03-17-11-51-42,intermittent,marked_gaussian_evidence_guarded_scalar_assoc_split,119,4.62620987049233,16.30409442866811,53.75336970501361,177.57983193277312,47.19327731092437,1.911764705882353,10106624,7990656,5740352,2
v2v,previous_train_probes,train_0015,testoutput_CAV_data_2022-03-17-14-44-47_1,testoutput_CAV_data_2022-03-17-14-44-47,reliable,marked_gaussian_evidence_assoc_split,145,3.8003427089908395,10.39863382982608,3.3589247172707943,66.53793103448275,57.10344827586207,1.2758620689655173,6951168,4772480,4772480,0
v2v,previous_train_probes,train_0015,testoutput_CAV_data_2022-03-17-14-44-47_1,testoutput_CAV_data_2022-03-17-14-44-47,reliable,marked_gaussian_evidence_guarded_scalar_assoc_split,145,3.7552911536243645,10.32496408531104,3.890143857756955,70.01379310344828,53.13103448275862,1.2413793103448276,6918400,4641856,4641856,0
v2v,previous_train_probes,train_0015,testoutput_CAV_data_2022-03-17-14-44-47_1,testoutput_CAV_data_2022-03-17-14-44-47,intermittent,marked_gaussian_evidence_assoc_split,145,3.9446190021591363,10.858080601657052,4.369566681988874,81.93103448275862,58.3448275862069,1.4310344827586208,7033088,4787872,3587328,0
v2v,previous_train_probes,train_0015,testoutput_CAV_data_2022-03-17-14-44-47_1,testoutput_CAV_data_2022-03-17-14-44-47,intermittent,marked_gaussian_evidence_guarded_scalar_assoc_split,145,3.919132269636413,10.851085339567234,4.408407671464216,83.91724137931034,56.855172413793106,1.403448275862069,7000320,4720480,3535744,0
v2v,previous_train_probes,train_0020,testoutput_CAV_data_2022-03-17-14-59-30_0,testoutput_CAV_data_2022-03-17-14-59-30,reliable,marked_gaussian_evidence_assoc_split,275,2.484469370545503,6.8587288000529725,6.446423806581287,28.276363636363637,33.25090909090909,0.6509090909090909,14127872,10372672,10372672,0
v2v,previous_train_probes,train_0020,testoutput_CAV_data_2022-03-17-14-59-30_0,testoutput_CAV_data_2022-03-17-14-59-30,reliable,marked_gaussian_evidence_guarded_scalar_assoc_split,275,2.4365654856379115,6.755474901929718,6.605892262540742,28.53818181818182,31.68,0.6327272727272727,14619392,10717536,10717536,0
v2v,previous_train_probes,train_0020,testoutput_CAV_data_2022-03-17-14-59-30_0,testoutput_CAV_data_2022-03-17-14-59-30,intermittent,marked_gaussian_evidence_assoc_split,275,2.942331460893575,8.184965403065462,8.281154482837248,60.087272727272726,33.25090909090909,0.8418181818181818,14603008,11094848,8170528,0
v2v,previous_train_probes,train_0020,testoutput_CAV_data_2022-03-17-14-59-30_0,testoutput_CAV_data_2022-03-17-14-59-30,intermittent,marked_gaussian_evidence_guarded_scalar_assoc_split,275,2.906119211395922,8.090825330586245,8.595069343580056,59.694545454545455,31.94181818181818,0.8254545454545454,14095104,10704224,7899712,0
v2v,previous_train_probes,train_0025,testoutput_CAV_data_2022-03-21-09-35-07_3,testoutput_CAV_data_2022-03-21-09-35-07,reliable,marked_gaussian_evidence_assoc_split,450,3.302680512539997,8.329583497108567,5.255413831804871,8.32,95.36,1.3288888888888888,18121216,12902752,12902752,2
v2v,previous_train_probes,train_0025,testoutput_CAV_data_2022-03-21-09-35-07_3,testoutput_CAV_data_2022-03-21-09-35-07,reliable,marked_gaussian_evidence_guarded_scalar_assoc_split,450,3.2891937661792223,8.357377595466856,4.790517447607786,11.04,94.4,1.2822222222222222,18366976,12823712,12823712,6
v2v,previous_train_probes,train_0025,testoutput_CAV_data_2022-03-21-09-35-07_3,testoutput_CAV_data_2022-03-21-09-35-07,intermittent,marked_gaussian_evidence_assoc_split,450,3.3744779363081814,8.526637960635487,7.329821858862045,10.32,93.44,1.281111111111111,19251712,13039616,9581440,0
v2v,previous_train_probes,train_0025,testoutput_CAV_data_2022-03-21-09-35-07_3,testoutput_CAV_data_2022-03-21-09-35-07,intermittent,marked_gaussian_evidence_guarded_scalar_assoc_split,450,3.368088205246944,8.553497357189968,7.4282428537608896,11.6,93.2,1.26,19038720,13225568,9769056,0
v2v,previous_train_probes,train_0030,testoutput_CAV_data_2022-03-21-09-35-07_9,testoutput_CAV_data_2022-03-21-09-35-07,reliable,marked_gaussian_evidence_assoc_split,151,4.160844626787074,8.95721132894859,2.744821043497121,51.019867549668874,46.728476821192054,1.1721854304635762,5101312,3085152,3085152,4
v2v,previous_train_probes,train_0030,testoutput_CAV_data_2022-03-21-09-35-07_9,testoutput_CAV_data_2022-03-21-09-35-07,reliable,marked_gaussian_evidence_guarded_scalar_assoc_split,151,4.216519790721363,9.036706591250564,2.664444444695889,54.83443708609271,43.86754966887417,1.1986754966887416,5052160,3047712,3047712,2
v2v,previous_train_probes,train_0030,testoutput_CAV_data_2022-03-21-09-35-07_9,testoutput_CAV_data_2022-03-21-09-35-07,intermittent,marked_gaussian_evidence_assoc_split,151,4.337255958318867,9.316954123593012,3.5615111597123232,52.688741721854306,49.58940397350993,1.2152317880794703,5248768,3269024,2325088,4
v2v,previous_train_probes,train_0030,testoutput_CAV_data_2022-03-21-09-35-07_9,testoutput_CAV_data_2022-03-21-09-35-07,intermittent,marked_gaussian_evidence_guarded_scalar_assoc_split,151,4.332042242647336,9.330778311852319,3.4798250463241565,56.980132450331126,46.49006622516556,1.2317880794701987,5265152,3300640,2352960,2
v2v,new_validation,val_0000,testoutput_CAV_data_2022-03-15-15-20-01_0,testoutput_CAV_data_2022-03-15-15-20-01,reliable,marked_gaussian_evidence_assoc_split,409,2.790989453910826,4.7960071913065025,2.848362828242838,11.970660146699267,24.205378973105134,0.5024449877750611,13506816,5525280,5525280,6
v2v,new_validation,val_0000,testoutput_CAV_data_2022-03-15-15-20-01_0,testoutput_CAV_data_2022-03-15-15-20-01,reliable,marked_gaussian_evidence_guarded_scalar_assoc_split,409,2.809683218155503,4.838621359291816,2.8720729681456088,12.146699266503667,24.205378973105134,0.4902200488997555,13506816,4985312,4985312,2
v2v,new_validation,val_0000,testoutput_CAV_data_2022-03-15-15-20-01_0,testoutput_CAV_data_2022-03-15-15-20-01,intermittent,marked_gaussian_evidence_assoc_split,409,3.062960974823815,5.230332709785352,4.9986409643523,14.17114914425428,24.90953545232274,0.5036674816625917,13506816,6311936,4546560,2
v2v,new_validation,val_0000,testoutput_CAV_data_2022-03-15-15-20-01_0,testoutput_CAV_data_2022-03-15-15-20-01,intermittent,marked_gaussian_evidence_guarded_scalar_assoc_split,409,3.0307076514963414,5.178546063065175,4.955080962554521,15.051344743276283,22.973105134474327,0.48655256723716384,13506816,5419616,3923808,6
v2v,new_validation,val_0001,testoutput_CAV_data_2022-03-21-09-35-07_0,testoutput_CAV_data_2022-03-21-09-35-07,reliable,marked_gaussian_evidence_assoc_split,117,6.137107845359885,17.16084913210732,4.806053240339908,320.0,2.4615384615384617,4.427350427350428,5289216,3492320,3492320,0
v2v,new_validation,val_0001,testoutput_CAV_data_2022-03-21-09-35-07_0,testoutput_CAV_data_2022-03-21-09-35-07,reliable,marked_gaussian_evidence_guarded_scalar_assoc_split,117,6.24750721612217,17.475134289592656,4.6192354126297195,331.0769230769231,2.4615384615384617,4.581196581196581,5502208,3626688,3626688,6
v2v,new_validation,val_0001,testoutput_CAV_data_2022-03-21-09-35-07_0,testoutput_CAV_data_2022-03-21-09-35-07,intermittent,marked_gaussian_evidence_assoc_split,117,6.1086020015562505,17.187296895916354,6.019148293743683,324.3076923076923,2.1538461538461537,4.4743589743589745,5600512,3771040,2626272,0
v2v,new_validation,val_0001,testoutput_CAV_data_2022-03-21-09-35-07_0,testoutput_CAV_data_2022-03-21-09-35-07,intermittent,marked_gaussian_evidence_guarded_scalar_assoc_split,117,6.101146082300409,17.19998721619277,6.000052781811628,326.46153846153845,2.1538461538461537,4.504273504273504,5666048,3777696,2646656,0
v2v,new_validation,val_0002,testoutput_CAV_data_2022-03-21-09-35-07_10,testoutput_CAV_data_2022-03-21-09-35-07,reliable,marked_gaussian_evidence_assoc_split,222,4.384653929736726,10.91030323929898,14.224394397903547,114.8108108108108,28.54054054054054,1.5675675675675675,11410944,7729344,7729344,10
v2v,new_validation,val_0002,testoutput_CAV_data_2022-03-21-09-35-07_10,testoutput_CAV_data_2022-03-21-09-35-07,reliable,marked_gaussian_evidence_guarded_scalar_assoc_split,222,4.458644716095991,11.029202472333372,14.197146072335293,120.97297297297297,26.594594594594593,1.6801801801801801,12312064,7953568,7953568,11
v2v,new_validation,val_0002,testoutput_CAV_data_2022-03-21-09-35-07_10,testoutput_CAV_data_2022-03-21-09-35-07,intermittent,marked_gaussian_evidence_assoc_split,222,4.578610813530478,11.39982055315252,16.099401551540602,126.0,28.37837837837838,1.5810810810810811,11460096,7422752,5449920,11
v2v,new_validation,val_0002,testoutput_CAV_data_2022-03-21-09-35-07_10,testoutput_CAV_data_2022-03-21-09-35-07,intermittent,marked_gaussian_evidence_guarded_scalar_assoc_split,222,4.6653526968563455,11.540024766755428,15.930852835680632,133.94594594594594,25.783783783783782,1.722972972972973,10952192,7281728,5376704,11
v2x_val,exposed_external,v2x_0000,2023-03-17-16-03-02_11_1,2023-03-17,reliable,marked_lineage,104,9.680246574879419,17.58149162178963,0.14274679487955008,316.38461538461536,36.0,3.894230769230769,,,,
v2x_val,exposed_external,v2x_0000,2023-03-17-16-03-02_11_1,2023-03-17,reliable,marked_er,104,9.597237725817807,17.630295654114615,0.1557665220694999,313.61538461538464,42.23076923076923,3.769230769230769,,,,
v2x_val,exposed_external,v2x_0000,2023-03-17-16-03-02_11_1,2023-03-17,reliable,marked_asymmetric,104,9.77248250144017,17.70377635793755,0.14394906539878083,324.6923076923077,33.92307692307692,4.038461538461538,,,,
v2x_val,exposed_external,v2x_0000,2023-03-17-16-03-02_11_1,2023-03-17,reliable,marked_gaussian_evidence_guarded_scalar,104,9.766513077589225,17.690535733366655,0.14385932416834077,324.0,33.92307692307692,4.028846153846154,3434496,971136,971136,0
v2x_val,exposed_external,v2x_0000,2023-03-17-16-03-02_11_1,2023-03-17,reliable,marked_gaussian_evidence_no_curvature,104,9.748063213278463,17.664264650915666,0.13358403058448012,323.3076923076923,33.92307692307692,4.019230769230769,,,,
v2x_val,exposed_external,v2x_0000,2023-03-17-16-03-02_11_1,2023-03-17,reliable,marked_gaussian_evidence_fixedx_000,104,9.83419992262437,17.795193292094936,0.13130889561765888,327.46153846153845,33.92307692307692,4.076923076923077,,,,
v2x_val,exposed_external,v2x_0000,2023-03-17-16-03-02_11_1,2023-03-17,reliable,marked_gaussian_evidence,104,9.740904935709999,17.648265488785857,0.13394818308298637,322.61538461538464,33.92307692307692,4.009615384615385,3434496,963040,963040,0
v2x_val,exposed_external,v2x_0000,2023-03-17-16-03-02_11_1,2023-03-17,reliable,marked_gaussian_evidence_projected_space,104,9.740904934264794,17.648265482529496,0.1339478622292084,322.61538461538464,33.92307692307692,4.009615384615385,,,,
v2x_val,exposed_external,v2x_0000,2023-03-17-16-03-02_11_1,2023-03-17,intermittent,marked_lineage,104,9.765207076609762,17.723501571897998,0.15598311468474674,321.5769230769231,36.0,3.9663461538461537,,,,
v2x_val,exposed_external,v2x_0000,2023-03-17-16-03-02_11_1,2023-03-17,intermittent,marked_er,104,9.731606781771788,17.823405067637342,0.16132153777281608,320.53846153846155,43.26923076923077,3.8509615384615383,,,,
v2x_val,exposed_external,v2x_0000,2023-03-17-16-03-02_11_1,2023-03-17,intermittent,marked_asymmetric,104,9.758291037189922,17.700227937800573,0.17067025023133817,324.34615384615387,34.61538461538461,4.024038461538462,,,,
v2x_val,exposed_external,v2x_0000,2023-03-17-16-03-02_11_1,2023-03-17,intermittent,marked_gaussian_evidence_guarded_scalar,104,9.75113324072328,17.684230128272922,0.17106753915830414,323.65384615384613,34.61538461538461,4.014423076923077,3434496,890176,713728,0
v2x_val,exposed_external,v2x_0000,2023-03-17-16-03-02_11_1,2023-03-17,intermittent,marked_gaussian_evidence_no_curvature,104,9.73930575279579,17.64621286487334,0.15794366723029377,322.61538461538464,33.92307692307692,4.009615384615385,,,,
v2x_val,exposed_external,v2x_0000,2023-03-17-16-03-02_11_1,2023-03-17,intermittent,marked_gaussian_evidence_fixedx_000,104,9.77987470057977,17.718868336297273,0.16016067073223528,325.38461538461536,33.92307692307692,4.048076923076923,,,,
v2x_val,exposed_external,v2x_0000,2023-03-17-16-03-02_11_1,2023-03-17,intermittent,marked_gaussian_evidence,104,9.739305774485873,17.6462129574126,0.15794841345814614,322.61538461538464,33.92307692307692,4.009615384615385,3434496,903200,726752,0
v2x_val,exposed_external,v2x_0000,2023-03-17-16-03-02_11_1,2023-03-17,intermittent,marked_gaussian_evidence_projected_space,104,9.73930575996778,17.646212895989898,0.15794521309172838,322.61538461538464,33.92307692307692,4.009615384615385,,,,
v2x_val,exposed_external,v2x_0001,2023-03-17-16-10-12_1_1,2023-03-17,reliable,marked_lineage,131,9.512977168819493,26.092640685758653,6.2606180342406805,665.0381679389313,12.091603053435115,9.068702290076336,,,,
v2x_val,exposed_external,v2x_0001,2023-03-17-16-10-12_1_1,2023-03-17,reliable,marked_er,131,9.46298471079408,25.991483011756106,8.89613313417494,658.4427480916031,12.091603053435115,8.977099236641221,,,,
v2x_val,exposed_external,v2x_0001,2023-03-17-16-10-12_1_1,2023-03-17,reliable,marked_asymmetric,131,9.997347673869443,27.44355435013017,6.176223701714442,739.7862595419847,12.091603053435115,10.106870229007633,,,,
v2x_val,exposed_external,v2x_0001,2023-03-17-16-10-12_1_1,2023-03-17,reliable,marked_gaussian_evidence_guarded_scalar,131,10.002815269282834,27.462046182899346,6.738437076548313,739.7862595419847,12.091603053435115,10.106870229007633,4883200,2711392,2711392,0
v2x_val,exposed_external,v2x_0001,2023-03-17-16-10-12_1_1,2023-03-17,reliable,marked_gaussian_evidence_no_curvature,131,9.988614249499745,27.42146357533288,6.189436268688755,738.6870229007634,12.091603053435115,10.091603053435115,,,,
v2x_val,exposed_external,v2x_0001,2023-03-17-16-10-12_1_1,2023-03-17,reliable,marked_gaussian_evidence_fixedx_000,131,9.622459141758679,26.396246473265666,5.742445465199738,682.0763358778626,12.091603053435115,9.305343511450381,,,,
v2x_val,exposed_external,v2x_0001,2023-03-17-16-10-12_1_1,2023-03-17,reliable,marked_gaussian_evidence,131,9.9873209850388,27.421463127952922,6.603758054843298,738.1374045801526,12.091603053435115,10.083969465648854,4883200,2669504,2669504,0
v2x_val,exposed_external,v2x_0001,2023-03-17-16-10-12_1_1,2023-03-17,reliable,marked_gaussian_evidence_projected_space,131,9.987319105628387,27.421452930023122,6.603268699336671,738.1374045801526,12.091603053435115,10.083969465648854,,,,
v2x_val,exposed_external,v2x_0001,2023-03-17-16-10-12_1_1,2023-03-17,intermittent,marked_lineage,131,9.64387061501875,26.469982744239612,7.768227095653928,684.2748091603054,12.091603053435115,9.335877862595419,,,,
v2x_val,exposed_external,v2x_0001,2023-03-17-16-10-12_1_1,2023-03-17,intermittent,marked_er,131,9.540430307821465,26.22392476076589,9.21857031691706,670.5343511450382,12.641221374045802,9.13740458015267,,,,
v2x_val,exposed_external,v2x_0001,2023-03-17-16-10-12_1_1,2023-03-17,intermittent,marked_asymmetric,131,9.773525905517731,26.849921027857512,7.702198180777631,704.3358778625955,12.916030534351146,9.603053435114504,,,,
v2x_val,exposed_external,v2x_0001,2023-03-17-16-10-12_1_1,2023-03-17,intermittent,marked_gaussian_evidence_guarded_scalar,131,9.751516563049725,26.80357032234922,8.155579940595493,701.0381679389313,13.19083969465649,9.553435114503817,4342528,2139040,1561568,0
v2x_val,exposed_external,v2x_0001,2023-03-17-16-10-12_1_1,2023-03-17,intermittent,marked_gaussian_evidence_no_curvature,131,9.76695032855092,26.816022658787624,6.938680504074886,704.3358778625955,12.091603053435115,9.614503816793894,,,,
v2x_val,exposed_external,v2x_0001,2023-03-17-16-10-12_1_1,2023-03-17,intermittent,marked_gaussian_evidence_fixedx_000,131,9.715209803400176,26.67540327426136,6.8191187886002576,696.0916030534352,12.641221374045802,9.492366412213741,,,,
v2x_val,exposed_external,v2x_0001,2023-03-17-16-10-12_1_1,2023-03-17,intermittent,marked_gaussian_evidence,131,9.741793423745936,26.752205391287944,7.60684574321997,700.2137404580153,12.091603053435115,9.557251908396946,4326144,2046464,1494336,0
v2x_val,exposed_external,v2x_0001,2023-03-17-16-10-12_1_1,2023-03-17,intermittent,marked_gaussian_evidence_projected_space,131,9.738142446309851,26.742205721764105,7.60672323260706,699.6641221374045,12.091603053435115,9.549618320610687,,,,
v2x_val,exposed_external,v2x_0002,2023-04-04-15-43-17_15_0,2023-04-04,reliable,marked_lineage,140,9.038455596971394,22.95975833831666,106.41917071969642,212.4,216.0,2.3642857142857143,,,,
v2x_val,exposed_external,v2x_0002,2023-04-04-15-43-17_15_0,2023-04-04,reliable,marked_er,140,9.04993323962078,23.03819263173498,104.80616849536304,212.4,221.14285714285714,2.392857142857143,,,,
v2x_val,exposed_external,v2x_0002,2023-04-04-15-43-17_15_0,2023-04-04,reliable,marked_asymmetric,140,8.80019951036692,22.016206769909086,110.1383048996897,220.62857142857143,159.94285714285715,1.6,,,,
v2x_val,exposed_external,v2x_0002,2023-04-04-15-43-17_15_0,2023-04-04,reliable,marked_gaussian_evidence_guarded_scalar,140,9.312559872432331,24.27162191666868,112.54385026850852,220.62857142857143,266.4,2.65,4672512,2987584,2987584,0
v2x_val,exposed_external,v2x_0002,2023-04-04-15-43-17_15_0,2023-04-04,reliable,marked_gaussian_evidence_no_curvature,140,8.867190020833863,22.135121432695534,72.5481969723328,239.14285714285714,184.11428571428573,1.7642857142857142,,,,
v2x_val,exposed_external,v2x_0002,2023-04-04-15-43-17_15_0,2023-04-04,reliable,marked_gaussian_evidence_fixedx_000,140,9.090553084141419,23.052786001028696,108.16337958556775,216.0,214.97142857142856,2.357142857142857,,,,
v2x_val,exposed_external,v2x_0002,2023-04-04-15-43-17_15_0,2023-04-04,reliable,marked_gaussian_evidence,140,9.143681433383385,23.79752746403247,116.77018146860557,208.28571428571428,252.5142857142857,2.4571428571428573,5016576,3151264,3151264,0
v2x_val,exposed_external,v2x_0002,2023-04-04-15-43-17_15_0,2023-04-04,reliable,marked_gaussian_evidence_projected_space,140,9.136613396280229,23.784907582335258,116.78063991306801,207.77142857142857,252.5142857142857,2.45,,,,
v2x_val,exposed_external,v2x_0002,2023-04-04-15-43-17_15_0,2023-04-04,intermittent,marked_lineage,140,8.90387749897054,22.463874502534036,99.35154955205095,214.45714285714286,200.31428571428572,2.1607142857142856,,,,
v2x_val,exposed_external,v2x_0002,2023-04-04-15-43-17_15_0,2023-04-04,intermittent,marked_er,140,8.85054573751139,22.282256490593525,95.84877023503047,215.74285714285713,193.37142857142857,2.0107142857142857,,,,
v2x_val,exposed_external,v2x_0002,2023-04-04-15-43-17_15_0,2023-04-04,intermittent,marked_asymmetric,140,8.983008814953234,22.956042352831485,98.86479584302889,220.88571428571427,215.22857142857143,2.0,,,,
v2x_val,exposed_external,v2x_0002,2023-04-04-15-43-17_15_0,2023-04-04,intermittent,marked_gaussian_evidence_guarded_scalar,140,9.036105647090228,23.31796347201447,94.96417039119018,215.74285714285713,242.22857142857143,2.3464285714285715,4901888,2847840,1949856,0
v2x_val,exposed_external,v2x_0002,2023-04-04-15-43-17_15_0,2023-04-04,intermittent,marked_gaussian_evidence_no_curvature,140,9.135241960289198,23.340825131040784,99.18508982507858,235.02857142857144,220.37142857142857,1.9892857142857143,,,,
v2x_val,exposed_external,v2x_0002,2023-04-04-15-43-17_15_0,2023-04-04,intermittent,marked_gaussian_evidence_fixedx_000,140,8.951800982077303,22.643457072164313,98.85018684651295,217.8,205.97142857142856,2.192857142857143,,,,
v2x_val,exposed_external,v2x_0002,2023-04-04-15-43-17_15_0,2023-04-04,intermittent,marked_gaussian_evidence,140,8.91465556433913,23.01200610594203,101.79952363083325,209.82857142857142,226.8,1.9928571428571429,5590016,3316000,2329312,0
v2x_val,exposed_external,v2x_0002,2023-04-04-15-43-17_15_0,2023-04-04,intermittent,marked_gaussian_evidence_projected_space,140,8.919199555388362,23.0220534805424,101.62685774404709,210.0857142857143,227.05714285714285,2.0,,,,
v2x_val,exposed_external,v2x_0003,2023-04-04-16-01-17_33_0,2023-04-04,reliable,marked_lineage,128,8.08950136216708,18.06706145335257,2.322746572661343,337.5,37.6875,4.5859375,,,,
v2x_val,exposed_external,v2x_0003,2023-04-04-16-01-17_33_0,2023-04-04,reliable,marked_er,128,8.648779694754111,19.384007458142012,4.363416486719353,361.125,47.8125,4.9296875,,,,
v2x_val,exposed_external,v2x_0003,2023-04-04-16-01-17_33_0,2023-04-04,reliable,marked_asymmetric,128,8.511036401011104,19.151484660587787,6.875688970633103,384.75,32.0625,5.1640625,,,,
v2x_val,exposed_external,v2x_0003,2023-04-04-16-01-17_33_0,2023-04-04,reliable,marked_gaussian_evidence_guarded_scalar,128,7.688492554339857,17.58037706676848,2.821905192294742,344.8125,29.8125,4.734375,4636672,3155776,3155776,0
v2x_val,exposed_external,v2x_0003,2023-04-04-16-01-17_33_0,2023-04-04,reliable,marked_gaussian_evidence_no_curvature,128,7.874769753905077,17.80853372102384,1.8741995110311063,356.0625,30.375,4.8671875,,,,
v2x_val,exposed_external,v2x_0003,2023-04-04-16-01-17_33_0,2023-04-04,reliable,marked_gaussian_evidence_fixedx_000,128,8.27743744970015,18.527213106190054,2.7251501048071334,369.5625,27.5625,4.953125,,,,
v2x_val,exposed_external,v2x_0003,2023-04-04-16-01-17_33_0,2023-04-04,reliable,marked_gaussian_evidence,128,7.771028817956946,17.503629115057407,1.504149863595957,339.1875,31.5,4.6484375,4800512,3254336,3254336,0
v2x_val,exposed_external,v2x_0003,2023-04-04-16-01-17_33_0,2023-04-04,reliable,marked_gaussian_evidence_projected_space,128,7.78385060879457,17.533175981556408,2.362374591741594,340.3125,30.9375,4.671875,,,,
v2x_val,exposed_external,v2x_0003,2023-04-04-16-01-17_33_0,2023-04-04,intermittent,marked_lineage,128,7.738158746597556,17.105404462558468,3.99962123916608,315.84375,35.15625,4.390625,,,,
v2x_val,exposed_external,v2x_0003,2023-04-04-16-01-17_33_0,2023-04-04,intermittent,marked_er,128,8.112450285886045,17.96101054135726,6.229733632345882,325.40625,45.0,4.60546875,,,,
v2x_val,exposed_external,v2x_0003,2023-04-04-16-01-17_33_0,2023-04-04,intermittent,marked_asymmetric,128,8.301726618730218,18.28333026707368,6.084842857560504,351.5625,37.6875,4.9921875,,,,
v2x_val,exposed_external,v2x_0003,2023-04-04-16-01-17_33_0,2023-04-04,intermittent,marked_gaussian_evidence_guarded_scalar,128,7.84675689712303,17.431300414253,3.752309502153148,326.8125,34.875,4.609375,4767744,3306432,2327744,0
v2x_val,exposed_external,v2x_0003,2023-04-04-16-01-17_33_0,2023-04-04,intermittent,marked_gaussian_evidence_no_curvature,128,8.118126098475598,17.830594681843362,3.8544776720208045,330.1875,39.65625,4.70703125,,,,
v2x_val,exposed_external,v2x_0003,2023-04-04-16-01-17_33_0,2023-04-04,intermittent,marked_gaussian_evidence_fixedx_000,128,7.789851530731806,17.30309886197333,3.936366333344714,327.375,30.9375,4.578125,,,,
v2x_val,exposed_external,v2x_0003,2023-04-04-16-01-17_33_0,2023-04-04,intermittent,marked_gaussian_evidence,128,7.886619566433642,17.497680602779532,3.6951141573848103,323.4375,36.84375,4.57421875,5062656,3375776,2378784,0
v2x_val,exposed_external,v2x_0003,2023-04-04-16-01-17_33_0,2023-04-04,intermittent,marked_gaussian_evidence_projected_space,128,7.884777271476692,17.49312360333972,3.703132187182922,323.15625,36.84375,4.5703125,,,,
v2x_val,exposed_external,v2x_0004,2023-04-05-16-09-26_6_1,2023-04-05,reliable,marked_lineage,116,5.47303178018676,4.86494750821903,1.134806328253176,49.6551724137931,0.0,0.6896551724137931,,,,
v2x_val,exposed_external,v2x_0004,2023-04-05-16-09-26_6_1,2023-04-05,reliable,marked_er,116,5.330702785702139,4.757895123719511,2.564979167223002,45.93103448275862,0.0,0.6379310344827587,,,,
v2x_val,exposed_external,v2x_0004,2023-04-05-16-09-26_6_1,2023-04-05,reliable,marked_asymmetric,116,5.4339635368898636,4.818001474711474,0.8184303174925218,49.03448275862069,0.0,0.6810344827586207,,,,
v2x_val,exposed_external,v2x_0004,2023-04-05-16-09-26_6_1,2023-04-05,reliable,marked_gaussian_evidence_guarded_scalar,116,5.43396360817438,4.818001616898063,0.818432743514169,49.03448275862069,0.0,0.6810344827586207,3830784,226720,226720,0
v2x_val,exposed_external,v2x_0004,2023-04-05-16-09-26_6_1,2023-04-05,reliable,marked_gaussian_evidence_no_curvature,116,5.399007331396511,4.782883665032104,0.8046340236847879,48.41379310344828,0.0,0.6724137931034483,,,,
v2x_val,exposed_external,v2x_0004,2023-04-05-16-09-26_6_1,2023-04-05,reliable,marked_gaussian_evidence_fixedx_000,116,5.494274704142445,4.878036701113832,0.8084076054740398,50.275862068965516,0.0,0.6982758620689655,,,,
v2x_val,exposed_external,v2x_0004,2023-04-05-16-09-26_6_1,2023-04-05,reliable,marked_gaussian_evidence,116,5.399006743259987,4.782882490200941,0.8046140370968606,48.41379310344828,0.0,0.6724137931034483,3830784,220736,220736,0
v2x_val,exposed_external,v2x_0004,2023-04-05-16-09-26_6_1,2023-04-05,reliable,marked_gaussian_evidence_projected_space,116,5.399006835476798,4.78288267440624,0.8046171709304617,48.41379310344828,0.0,0.6724137931034483,,,,
v2x_val,exposed_external,v2x_0004,2023-04-05-16-09-26_6_1,2023-04-05,intermittent,marked_lineage,116,5.410649889088289,4.806607379889479,3.0978564674439215,45.310344827586206,0.0,0.6293103448275862,,,,
v2x_val,exposed_external,v2x_0004,2023-04-05-16-09-26_6_1,2023-04-05,intermittent,marked_er,116,5.428488514245805,4.8526004597402865,4.334071514389374,45.0,0.0,0.625,,,,
v2x_val,exposed_external,v2x_0004,2023-04-05-16-09-26_6_1,2023-04-05,intermittent,marked_asymmetric,116,5.4086870464432,4.789231466337105,2.4814127645642845,45.62068965517241,0.0,0.6336206896551724,,,,
v2x_val,exposed_external,v2x_0004,2023-04-05-16-09-26_6_1,2023-04-05,intermittent,marked_gaussian_evidence_guarded_scalar,116,5.40868713350319,4.7892316400658155,2.481415726232164,45.62068965517241,0.0,0.6336206896551724,3830784,183776,149664,0
v2x_val,exposed_external,v2x_0004,2023-04-05-16-09-26_6_1,2023-04-05,intermittent,marked_gaussian_evidence_no_curvature,116,5.438845526796313,4.819243288417292,2.4767663790778682,46.241379310344826,0.0,0.6422413793103449,,,,
v2x_val,exposed_external,v2x_0004,2023-04-05-16-09-26_6_1,2023-04-05,intermittent,marked_gaussian_evidence_fixedx_000,116,5.462022770189398,4.849650593523529,2.7658674756022292,46.55172413793103,0.0,0.646551724137931,,,,
v2x_val,exposed_external,v2x_0004,2023-04-05-16-09-26_6_1,2023-04-05,intermittent,marked_gaussian_evidence,116,5.408607824781972,4.789067133154587,2.4788578778733963,45.62068965517241,0.0,0.6336206896551724,3830784,189760,156704,0
v2x_val,exposed_external,v2x_0004,2023-04-05-16-09-26_6_1,2023-04-05,intermittent,marked_gaussian_evidence_projected_space,116,5.408608073871435,4.789067630536541,2.478866345922729,45.62068965517241,0.0,0.6336206896551724,,,,
v2x_val,exposed_external,v2x_0000,2023-03-17-16-03-02_11_1,2023-03-17,reliable,marked_gaussian_evidence_assoc_split,104,9.740904935709999,17.648265488785857,0.13394818308298637,322.61538461538464,33.92307692307692,4.009615384615385,3434496,1136928,1136928,0
v2x_val,exposed_external,v2x_0000,2023-03-17-16-03-02_11_1,2023-03-17,reliable,marked_gaussian_evidence_guarded_scalar_assoc_split,104,9.766513077589225,17.690535733366655,0.14385932416834077,324.0,33.92307692307692,4.028846153846154,3434496,1146496,1146496,0
v2x_val,exposed_external,v2x_0000,2023-03-17-16-03-02_11_1,2023-03-17,intermittent,marked_gaussian_evidence_assoc_split,104,9.739305774485873,17.6462129574126,0.15794841345814614,322.61538461538464,33.92307692307692,4.009615384615385,3434496,1066208,858016,0
v2x_val,exposed_external,v2x_0000,2023-03-17-16-03-02_11_1,2023-03-17,intermittent,marked_gaussian_evidence_guarded_scalar_assoc_split,104,9.75113324072328,17.684230128272922,0.17106753915830414,323.65384615384613,34.61538461538461,4.014423076923077,3434496,1050816,842624,0
v2x_val,exposed_external,v2x_0001,2023-03-17-16-10-12_1_1,2023-03-17,reliable,marked_gaussian_evidence_assoc_split,131,9.9873209850388,27.421463127952922,6.603758054843298,738.1374045801526,12.091603053435115,10.083969465648854,5030656,3153344,3153344,0
v2x_val,exposed_external,v2x_0001,2023-03-17-16-10-12_1_1,2023-03-17,reliable,marked_gaussian_evidence_guarded_scalar_assoc_split,131,10.002815269282834,27.462046182899346,6.738437076548313,739.7862595419847,12.091603053435115,10.106870229007633,5079808,3202848,3202848,0
v2x_val,exposed_external,v2x_0001,2023-03-17-16-10-12_1_1,2023-03-17,intermittent,marked_gaussian_evidence_assoc_split,131,9.741793423745936,26.752205391287944,7.60684574321997,700.2137404580153,12.091603053435115,9.557251908396946,4326144,2417024,1764928,0
v2x_val,exposed_external,v2x_0001,2023-03-17-16-10-12_1_1,2023-03-17,intermittent,marked_gaussian_evidence_guarded_scalar_assoc_split,131,9.727988752390974,26.749338541666887,7.982684065859134,698.0152671755725,13.740458015267176,9.50381679389313,4326144,2459040,1783232,0
v2x_val,exposed_external,v2x_0002,2023-04-04-15-43-17_15_0,2023-04-04,reliable,marked_gaussian_evidence_assoc_split,140,9.142436414266495,23.79499789461049,116.64422847978692,208.28571428571428,252.5142857142857,2.4571428571428573,5835776,3727584,3727584,6
v2x_val,exposed_external,v2x_0002,2023-04-04-15-43-17_15_0,2023-04-04,reliable,marked_gaussian_evidence_guarded_scalar_assoc_split,140,9.40619860194689,24.48314254409799,121.00458404397224,231.68571428571428,257.4,2.357142857142857,6212608,3951808,3951808,3
v2x_val,exposed_external,v2x_0002,2023-04-04-15-43-17_15_0,2023-04-04,intermittent,marked_gaussian_evidence_assoc_split,140,8.95536211150645,23.12002815884928,92.74862127053126,217.8,233.22857142857143,2.0,6196224,3893984,2726688,6
v2x_val,exposed_external,v2x_0002,2023-04-04-15-43-17_15_0,2023-04-04,intermittent,marked_gaussian_evidence_guarded_scalar_assoc_split,140,9.033174872527344,23.259501198554272,81.15889767411363,227.31428571428572,241.2,2.1714285714285713,5835776,3596960,2486656,7
v2x_val,exposed_external,v2x_0003,2023-04-04-16-01-17_33_0,2023-04-04,reliable,marked_gaussian_evidence_assoc_split,128,7.771028817956946,17.503629115057407,1.504149863595957,339.1875,31.5,4.6484375,5963776,3844544,3844544,0
v2x_val,exposed_external,v2x_0003,2023-04-04-16-01-17_33_0,2023-04-04,reliable,marked_gaussian_evidence_guarded_scalar_assoc_split,128,7.688492554339857,17.58037706676848,2.821905192294742,344.8125,29.8125,4.734375,5570560,3728064,3728064,0
v2x_val,exposed_external,v2x_0003,2023-04-04-16-01-17_33_0,2023-04-04,intermittent,marked_gaussian_evidence_assoc_split,128,7.886619566433642,17.497680602779532,3.6951141573848103,323.4375,36.84375,4.57421875,6373376,3988064,2810208,0
v2x_val,exposed_external,v2x_0003,2023-04-04-16-01-17_33_0,2023-04-04,intermittent,marked_gaussian_evidence_guarded_scalar_assoc_split,128,7.84675689712303,17.431300414253,3.752309502153148,326.8125,34.875,4.609375,6160384,3906112,2749888,0
v2x_val,exposed_external,v2x_0004,2023-04-05-16-09-26_6_1,2023-04-05,reliable,marked_gaussian_evidence_assoc_split,116,5.399006743259987,4.782882490200941,0.8046140370968606,48.41379310344828,0.0,0.6724137931034483,3830784,259520,259520,0
v2x_val,exposed_external,v2x_0004,2023-04-05-16-09-26_6_1,2023-04-05,reliable,marked_gaussian_evidence_guarded_scalar_assoc_split,116,5.43396360817438,4.818001616898063,0.818432743514169,49.03448275862069,0.0,0.6810344827586207,3830784,266592,266592,0
v2x_val,exposed_external,v2x_0004,2023-04-05-16-09-26_6_1,2023-04-05,intermittent,marked_gaussian_evidence_assoc_split,116,5.408607824781972,4.789067133154587,2.4788578778733963,45.62068965517241,0.0,0.6336206896551724,3830784,222912,184224,0
v2x_val,exposed_external,v2x_0004,2023-04-05-16-09-26_6_1,2023-04-05,intermittent,marked_gaussian_evidence_guarded_scalar_assoc_split,116,5.40868713350319,4.7892316400658155,2.481415726232164,45.62068965517241,0.0,0.6336206896551724,3830784,215840,175904,0
v2v,development,test_0001,testoutput_CAV_data_2022-03-15-10-29-43_3,testoutput_CAV_data_2022-03-15-10-29-43,reliable,marked_gaussian_evidence_assoc_quality_nis,114,3.5425491894763077,3.4376173745295935,0.7269806295907886,14.526315789473685,16.42105263157895,0.39473684210526316,3764736,834720,834720,2
v2v,development,test_0001,testoutput_CAV_data_2022-03-15-10-29-43_3,testoutput_CAV_data_2022-03-15-10-29-43,intermittent,marked_gaussian_evidence_assoc_quality_nis,114,3.9966671767011217,3.8674463918867756,0.7267404770386755,14.526315789473685,22.105263157894736,0.47368421052631576,3764736,937472,685088,2
v2v,development,test_0006,testoutput_CAV_data_2022-03-17-11-02-23_2,testoutput_CAV_data_2022-03-17-11-02-23,reliable,marked_gaussian_evidence_assoc_quality_nis,304,5.4765182937340855,10.770003801373571,4.905353438209171,64.65789473684211,80.52631578947368,1.1151315789473684,14381056,9391104,9391104,0
v2v,development,test_0006,testoutput_CAV_data_2022-03-17-11-02-23_2,testoutput_CAV_data_2022-03-17-11-02-23,intermittent,marked_gaussian_evidence_assoc_quality_nis,304,5.547432849060025,10.922876787450804,2.32710535462426,66.07894736842105,87.51315789473684,1.2351973684210527,13496320,8911040,6947456,0
v2v,development,test_0007,testoutput_CAV_data_2022-03-17-11-51-42_0,testoutput_CAV_data_2022-03-17-11-51-42,reliable,marked_gaussian_evidence_assoc_quality_nis,221,2.8832278256212547,8.973363875993426,10.836624487541025,67.1131221719457,45.61085972850679,0.9773755656108597,14425344,10345920,10345920,2
v2v,development,test_0007,testoutput_CAV_data_2022-03-17-11-51-42_0,testoutput_CAV_data_2022-03-17-11-51-42,intermittent,marked_gaussian_evidence_assoc_quality_nis,221,3.6598386977584845,12.060068729569558,29.914304172964624,144.16289592760182,68.7420814479638,1.418552036199095,14736640,10501088,6493216,2
v2v,development,test_0000,testoutput_CAV_data_2022-03-15-09-54-40_0,testoutput_CAV_data_2022-03-15-09-54-40,reliable,marked_gaussian_evidence_assoc_quality_nis,147,2.0540325088014852,2.4366771750925214,0.19032083902876012,13.714285714285714,5.387755102040816,0.23809523809523808,4854528,1182112,1182112,0
v2v,development,test_0000,testoutput_CAV_data_2022-03-15-09-54-40_0,testoutput_CAV_data_2022-03-15-09-54-40,intermittent,marked_gaussian_evidence_assoc_quality_nis,147,2.298442285887365,2.848733695505098,1.2760828103021666,13.959183673469388,6.122448979591836,0.25170068027210885,4854528,1199168,890336,0
v2v,development,test_0002,testoutput_CAV_data_2022-03-15-10-29-43_4,testoutput_CAV_data_2022-03-15-10-29-43,reliable,marked_gaussian_evidence_assoc_quality_nis,144,3.898063466473439,3.4631169682768452,0.08438529492901009,22.5,10.5,0.2916666666666667,4755456,564160,564160,0
v2v,development,test_0002,testoutput_CAV_data_2022-03-15-10-29-43_4,testoutput_CAV_data_2022-03-15-10-29-43,intermittent,marked_gaussian_evidence_assoc_quality_nis,144,4.063124806782223,3.560748409955118,0.09833390700661696,22.0,11.25,0.3020833333333333,4755456,598272,472992,0
v2v,development,test_0003,testoutput_CAV_data_2022-03-17-10-50-46_0,testoutput_CAV_data_2022-03-17-10-50-46,reliable,marked_gaussian_evidence_assoc_quality_nis,198,6.130451610319608,15.274075448751429,11.674418401760997,244.0,54.54545454545455,3.1262626262626263,11847168,9227488,9227488,2
v2v,development,test_0003,testoutput_CAV_data_2022-03-17-10-50-46_0,testoutput_CAV_data_2022-03-17-10-50-46,intermittent,marked_gaussian_evidence_assoc_quality_nis,198,6.612468606318858,16.112693102912907,10.367210646181366,262.72727272727275,59.09090909090909,3.3282828282828283,11257344,7959104,5558560,6
v2v,development,test_0004,testoutput_CAV_data_2022-03-17-10-50-46_1,testoutput_CAV_data_2022-03-17-10-50-46,reliable,marked_gaussian_evidence_assoc_quality_nis,180,5.001597884237048,20.589116185493626,61.14520940674198,331.2,48.8,3.922222222222222,15381504,12484448,12484448,0
v2v,development,test_0004,testoutput_CAV_data_2022-03-17-10-50-46_1,testoutput_CAV_data_2022-03-17-10-50-46,intermittent,marked_gaussian_evidence_assoc_quality_nis,180,5.157977066480075,21.18528848483337,57.55235961007309,354.8,53.2,4.188888888888889,15856640,12872576,9518368,0
v2v,development,test_0005,testoutput_CAV_data_2022-03-17-11-02-23_1,testoutput_CAV_data_2022-03-17-11-02-23,reliable,marked_gaussian_evidence_assoc_quality_nis,310,4.574266520819885,14.229335822254102,14.775528959906959,130.29677419354837,84.7741935483871,1.6193548387096774,23213568,17760160,17760160,9
v2v,development,test_0005,testoutput_CAV_data_2022-03-17-11-02-23_1,testoutput_CAV_data_2022-03-17-11-02-23,intermittent,marked_gaussian_evidence_assoc_quality_nis,310,4.98916059355505,15.363092221025779,17.44131227783045,160.95483870967743,89.18709677419355,1.767741935483871,23639552,17684032,13495552,7
v2v,development,test_0008,testoutput_CAV_data_2022-03-21-09-35-07_7,testoutput_CAV_data_2022-03-21-09-35-07,reliable,marked_gaussian_evidence_assoc_quality_nis,375,0.8301047827587411,2.7159118729812035,2.8174220302493196,5.952,9.6,0.20533333333333334,24573696,14189216,14189216,0
v2v,development,test_0008,testoutput_CAV_data_2022-03-21-09-35-07_7,testoutput_CAV_data_2022-03-21-09-35-07,intermittent,marked_gaussian_evidence_assoc_quality_nis,375,0.9903393894133941,3.141434803827554,2.9417421509378885,9.888,9.888,0.264,24622848,16322048,11513024,0
v2v,development,test_0000,testoutput_CAV_data_2022-03-15-09-54-40_0,testoutput_CAV_data_2022-03-15-09-54-40,reliable,marked_gaussian_evidence_guarded_scalar_assoc_quality_nis,147,2.035972427106574,2.463565344850831,0.20281919471732632,14.693877551020408,4.8979591836734695,0.23129251700680273,4854528,1183776,1183776,0
v2v,development,test_0000,testoutput_CAV_data_2022-03-15-09-54-40_0,testoutput_CAV_data_2022-03-15-09-54-40,intermittent,marked_gaussian_evidence_guarded_scalar_assoc_quality_nis,147,2.4132518976183985,2.9868809486308465,1.2732659723583635,15.183673469387756,6.122448979591836,0.2687074829931973,4854528,1198752,890336,0
v2v,development,test_0001,testoutput_CAV_data_2022-03-15-10-29-43_3,testoutput_CAV_data_2022-03-15-10-29-43,reliable,marked_gaussian_evidence_guarded_scalar_assoc_quality_nis,114,3.5561268066522946,3.4552381306067885,0.7489018687390199,14.526315789473685,16.42105263157895,0.39473684210526316,3764736,869664,869664,2
v2v,development,test_0001,testoutput_CAV_data_2022-03-15-10-29-43_3,testoutput_CAV_data_2022-03-15-10-29-43,intermittent,marked_gaussian_evidence_guarded_scalar_assoc_quality_nis,114,3.9951031248378497,3.8491572083677186,0.7363929342879721,14.526315789473685,21.473684210526315,0.4649122807017544,3764736,865504,634752,2
v2v,development,test_0002,testoutput_CAV_data_2022-03-15-10-29-43_4,testoutput_CAV_data_2022-03-15-10-29-43,reliable,marked_gaussian_evidence_guarded_scalar_assoc_quality_nis,144,3.9269747205540946,3.4676263209915614,0.08554200387392989,22.5,10.5,0.2916666666666667,4755456,541696,541696,0
v2v,development,test_0002,testoutput_CAV_data_2022-03-15-10-29-43_4,testoutput_CAV_data_2022-03-15-10-29-43,intermittent,marked_gaussian_evidence_guarded_scalar_assoc_quality_nis,144,4.092658065279272,3.547163626694582,0.10234571010076057,22.5,10.25,0.2951388888888889,4755456,603680,477152,0
v2v,development,test_0003,testoutput_CAV_data_2022-03-17-10-50-46_0,testoutput_CAV_data_2022-03-17-10-50-46,reliable,marked_gaussian_evidence_guarded_scalar_assoc_quality_nis,198,6.256155894914889,15.705444251412034,13.090752241786733,253.45454545454547,60.90909090909091,3.1893939393939394,14370304,10520000,10520000,2
v2v,development,test_0003,testoutput_CAV_data_2022-03-17-10-50-46_0,testoutput_CAV_data_2022-03-17-10-50-46,intermittent,marked_gaussian_evidence_guarded_scalar_assoc_quality_nis,198,6.7417937658413445,16.47133752359287,11.29557409694467,271.09090909090907,62.36363636363637,3.4444444444444446,13649408,10293696,7145600,2
v2v,development,test_0004,testoutput_CAV_data_2022-03-17-10-50-46_1,testoutput_CAV_data_2022-03-17-10-50-46,reliable,marked_gaussian_evidence_guarded_scalar_assoc_quality_nis,180,5.004198076160943,20.65008873163957,59.200873973188216,333.6,51.2,3.922222222222222,15315968,12348000,12348000,0
v2v,development,test_0004,testoutput_CAV_data_2022-03-17-10-50-46_1,testoutput_CAV_data_2022-03-17-10-50-46,intermittent,marked_gaussian_evidence_guarded_scalar_assoc_quality_nis,180,5.154998800864758,21.177913489040694,57.341295484783224,355.6,53.2,4.2,15938560,12939968,9573696,0
v2v,development,test_0005,testoutput_CAV_data_2022-03-17-11-02-23_1,testoutput_CAV_data_2022-03-17-11-02-23,reliable,marked_gaussian_evidence_guarded_scalar_assoc_quality_nis,310,4.6115587368259146,14.410717050644962,14.039881405171148,134.94193548387096,86.86451612903225,1.6290322580645162,23164416,17823808,17823808,9
v2v,development,test_0005,testoutput_CAV_data_2022-03-17-11-02-23_1,testoutput_CAV_data_2022-03-17-11-02-23,intermittent,marked_gaussian_evidence_guarded_scalar_assoc_quality_nis,310,4.98315195874511,15.344195905808215,17.729593899730382,163.04516129032257,87.09677419354838,1.8,23426560,17538848,13461856,8
v2v,development,test_0006,testoutput_CAV_data_2022-03-17-11-02-23_2,testoutput_CAV_data_2022-03-17-11-02-23,reliable,marked_gaussian_evidence_guarded_scalar_assoc_quality_nis,304,5.529563380703039,10.900735448280079,4.340236685247061,67.73684210526316,82.1842105263158,1.1611842105263157,13496320,8760864,8760864,0
v2v,development,test_0006,testoutput_CAV_data_2022-03-17-11-02-23_2,testoutput_CAV_data_2022-03-17-11-02-23,intermittent,marked_gaussian_evidence_guarded_scalar_assoc_quality_nis,304,5.519530165479254,10.83168338710257,2.700882878056794,65.36842105263158,85.73684210526316,1.2401315789473684,13922304,9146496,7224512,0
v2v,development,test_0007,testoutput_CAV_data_2022-03-17-11-51-42_0,testoutput_CAV_data_2022-03-17-11-51-42,reliable,marked_gaussian_evidence_guarded_scalar_assoc_quality_nis,221,3.0740347549852065,9.567328669290863,14.301448025734906,83.72850678733032,37.14027149321267,1.0452488687782806,17145088,12715872,12715872,6
v2v,development,test_0007,testoutput_CAV_data_2022-03-17-11-51-42_0,testoutput_CAV_data_2022-03-17-11-51-42,intermittent,marked_gaussian_evidence_guarded_scalar_assoc_quality_nis,221,3.6238345230415376,11.885996660907402,33.46698824070732,139.92760180995475,61.90045248868778,1.4411764705882353,16211200,12658048,7687552,2
v2v,development,test_0008,testoutput_CAV_data_2022-03-21-09-35-07_7,testoutput_CAV_data_2022-03-21-09-35-07,reliable,marked_gaussian_evidence_guarded_scalar_assoc_quality_nis,375,0.8254245147932215,2.7079278802179965,2.8182424664455286,5.952,8.064,0.184,20100864,12742784,12742784,0
v2v,development,test_0008,testoutput_CAV_data_2022-03-21-09-35-07_7,testoutput_CAV_data_2022-03-21-09-35-07,intermittent,marked_gaussian_evidence_guarded_scalar_assoc_quality_nis,375,0.9857109235185262,3.1270900835811903,2.8980294572939145,9.984,8.352,0.244,23394048,15240032,10713472,0
v2v,seen_transfer,train_0001,testoutput_CAV_data_2022-03-15-09-54-40_1,testoutput_CAV_data_2022-03-15-09-54-40,reliable,marked_gaussian_evidence_assoc_quality_nis,405,3.9068683016236667,5.1235129485532545,0.584801610667442,1.7777777777777777,45.51111111111111,0.6469135802469136,13374720,5321600,5321600,0
v2v,seen_transfer,train_0001,testoutput_CAV_data_2022-03-15-09-54-40_1,testoutput_CAV_data_2022-03-15-09-54-40,reliable,marked_gaussian_evidence_guarded_scalar_assoc_quality_nis,405,3.7697330919637837,4.946065498873661,0.7758371522523457,1.6,43.2,0.6172839506172839,13374720,5585344,5585344,0
v2v,seen_transfer,train_0001,testoutput_CAV_data_2022-03-15-09-54-40_1,testoutput_CAV_data_2022-03-15-09-54-40,intermittent,marked_gaussian_evidence_assoc_quality_nis,405,4.297058559993291,5.959202773508073,3.6231632661140782,4.0,58.4,0.7950617283950617,13374720,5408128,3749216,0
v2v,seen_transfer,train_0001,testoutput_CAV_data_2022-03-15-09-54-40_1,testoutput_CAV_data_2022-03-15-09-54-40,intermittent,marked_gaussian_evidence_guarded_scalar_assoc_quality_nis,405,4.238564725828149,5.872947036154152,3.782856276310625,3.8222222222222224,57.06666666666667,0.7790123456790123,13374720,5414784,3751712,0
v2v,seen_transfer,train_0002,testoutput_CAV_data_2022-03-15-09-54-40_2,testoutput_CAV_data_2022-03-15-09-54-40,reliable,marked_gaussian_evidence_assoc_quality_nis,157,1.9113148813931273,2.583227510203852,0.5910195245130236,5.503184713375796,13.299363057324841,0.2484076433121019,5184768,1565888,1565888,0
v2v,seen_transfer,train_0002,testoutput_CAV_data_2022-03-15-09-54-40_2,testoutput_CAV_data_2022-03-15-09-54-40,reliable,marked_gaussian_evidence_guarded_scalar_assoc_quality_nis,157,1.9294402660700851,2.609221910578403,0.5947115385185243,5.961783439490445,13.299363057324841,0.25477707006369427,5184768,1483104,1483104,0
v2v,seen_transfer,train_0002,testoutput_CAV_data_2022-03-15-09-54-40_2,testoutput_CAV_data_2022-03-15-09-54-40,intermittent,marked_gaussian_evidence_assoc_quality_nis,157,2.0942075076796547,2.8503982244018933,0.6867301808340944,5.503184713375796,16.96815286624204,0.2929936305732484,5184768,1260544,925792,0
v2v,seen_transfer,train_0002,testoutput_CAV_data_2022-03-15-09-54-40_2,testoutput_CAV_data_2022-03-15-09-54-40,intermittent,marked_gaussian_evidence_guarded_scalar_assoc_quality_nis,157,2.0944081806971053,2.8519545684383227,0.699660340165271,5.732484076433121,16.96815286624204,0.2961783439490446,5184768,1264704,923712,0
v2v,seen_transfer,train_0003,testoutput_CAV_data_2022-03-15-10-09-50_0,testoutput_CAV_data_2022-03-15-10-09-50,reliable,marked_gaussian_evidence_assoc_quality_nis,1244,1.5522735713547935,2.292307033785961,0.9539751087813962,6.771704180064309,9.434083601286174,0.21382636655948553,41081856,18301248,18301248,0
v2v,seen_transfer,train_0003,testoutput_CAV_data_2022-03-15-10-09-50_0,testoutput_CAV_data_2022-03-15-10-09-50,reliable,marked_gaussian_evidence_guarded_scalar_assoc_quality_nis,1244,1.5223304444493584,2.2656115650148028,0.9707263939034079,6.771704180064309,9.260450160771704,0.21141479099678456,41081856,17460512,17460512,0
v2v,seen_transfer,train_0003,testoutput_CAV_data_2022-03-15-10-09-50_0,testoutput_CAV_data_2022-03-15-10-09-50,intermittent,marked_gaussian_evidence_assoc_quality_nis,1244,1.9577377688030597,2.851334613866083,1.4234337605971379,12.212218649517684,9.636655948553054,0.2889871382636656,41081856,18928992,12820352,0
v2v,seen_transfer,train_0003,testoutput_CAV_data_2022-03-15-10-09-50_0,testoutput_CAV_data_2022-03-15-10-09-50,intermittent,marked_gaussian_evidence_guarded_scalar_assoc_quality_nis,1244,1.9115745636662773,2.7836868831471504,1.3710330828870196,12.241157556270096,9.0,0.2829581993569132,41081856,18305408,12313664,0
v2v,seen_transfer,train_0004,testoutput_CAV_data_2022-03-15-10-09-50_2,testoutput_CAV_data_2022-03-15-10-09-50,reliable,marked_gaussian_evidence_assoc_quality_nis,133,3.5910802936387918,3.8966544428751226,1.2112396508743362,27.60902255639098,5.413533834586466,0.3383458646616541,4392192,693664,693664,2
v2v,seen_transfer,train_0004,testoutput_CAV_data_2022-03-15-10-09-50_2,testoutput_CAV_data_2022-03-15-10-09-50,reliable,marked_gaussian_evidence_guarded_scalar_assoc_quality_nis,133,3.592222046207614,3.942878210532081,1.245302278651193,25.984962406015036,7.578947368421052,0.3308270676691729,4392192,671616,671616,3
v2v,seen_transfer,train_0004,testoutput_CAV_data_2022-03-15-10-09-50_2,testoutput_CAV_data_2022-03-15-10-09-50,intermittent,marked_gaussian_evidence_assoc_quality_nis,133,2.938763968204427,3.417152851668187,1.2153990099747725,23.278195488721803,4.87218045112782,0.3157894736842105,4392192,579680,468352,2
v2v,seen_transfer,train_0004,testoutput_CAV_data_2022-03-15-10-09-50_2,testoutput_CAV_data_2022-03-15-10-09-50,intermittent,marked_gaussian_evidence_guarded_scalar_assoc_quality_nis,133,2.834414390475884,3.442331762795096,1.270661942206429,23.548872180451127,6.496240601503759,0.23684210526315788,4392192,581344,468768,2
v2v,seen_transfer,train_0006,testoutput_CAV_data_2022-03-15-10-29-43_2,testoutput_CAV_data_2022-03-15-10-29-43,reliable,marked_gaussian_evidence_assoc_quality_nis,122,0.5970297001884015,0.9840268786446923,0.5659816553861161,2.9508196721311477,0.0,0.040983606557377046,4028928,704608,704608,0
v2v,seen_transfer,train_0006,testoutput_CAV_data_2022-03-15-10-29-43_2,testoutput_CAV_data_2022-03-15-10-29-43,reliable,marked_gaussian_evidence_guarded_scalar_assoc_quality_nis,122,0.5953747016764852,0.9807233833014833,0.5584397834753181,2.9508196721311477,0.0,0.040983606557377046,4028928,704608,704608,0
v2v,seen_transfer,train_0006,testoutput_CAV_data_2022-03-15-10-29-43_2,testoutput_CAV_data_2022-03-15-10-29-43,intermittent,marked_gaussian_evidence_assoc_quality_nis,122,0.6017145372465977,0.9923371881114819,0.5866202390697767,2.9508196721311477,0.0,0.040983606557377046,4028928,703360,550528,0
v2v,seen_transfer,train_0006,testoutput_CAV_data_2022-03-15-10-29-43_2,testoutput_CAV_data_2022-03-15-10-29-43,intermittent,marked_gaussian_evidence_guarded_scalar_assoc_quality_nis,122,0.600254129288863,0.9893963796904124,0.5798799035329667,2.9508196721311477,0.0,0.040983606557377046,4028928,703360,550528,0
v2v,seen_transfer,train_0007,testoutput_CAV_data_2022-03-15-16-00-17_0,testoutput_CAV_data_2022-03-15-16-00-17,reliable,marked_gaussian_evidence_assoc_quality_nis,148,2.7584678364361572,2.4780490698029474,2.9881816364179783,8.756756756756756,6.324324324324325,0.19594594594594594,4887552,996224,996224,0
v2v,seen_transfer,train_0007,testoutput_CAV_data_2022-03-15-16-00-17_0,testoutput_CAV_data_2022-03-15-16-00-17,reliable,marked_gaussian_evidence_guarded_scalar_assoc_quality_nis,148,2.7740044314666785,2.478554247912452,2.983284468839419,9.243243243243244,5.837837837837838,0.18243243243243243,4887552,932992,932992,0
v2v,seen_transfer,train_0007,testoutput_CAV_data_2022-03-15-16-00-17_0,testoutput_CAV_data_2022-03-15-16-00-17,intermittent,marked_gaussian_evidence_assoc_quality_nis,148,4.476788325878475,4.219689665426573,0.9237564285355725,15.08108108108108,22.37837837837838,0.41216216216216217,4887552,1201728,786176,0
v2v,seen_transfer,train_0007,testoutput_CAV_data_2022-03-15-16-00-17_0,testoutput_CAV_data_2022-03-15-16-00-17,intermittent,marked_gaussian_evidence_guarded_scalar_assoc_quality_nis,148,4.472384220118768,4.207857805516047,0.9237569079557304,15.08108108108108,22.135135135135137,0.40878378378378377,4887552,1203808,786176,0
v2v,seen_transfer,train_0008,testoutput_CAV_data_2022-03-17-10-43-13,testoutput_CAV_data_2022-03-17-10-43-13,reliable,marked_gaussian_evidence_assoc_quality_nis,410,5.168208740679735,14.046968374059379,17.839235640999007,78.67317073170732,132.40975609756097,1.6682926829268292,37919232,32714272,32714272,6
v2v,seen_transfer,train_0008,testoutput_CAV_data_2022-03-17-10-43-13,testoutput_CAV_data_2022-03-17-10-43-13,reliable,marked_gaussian_evidence_guarded_scalar_assoc_quality_nis,410,5.350747470453901,14.424755591617076,20.6036756108812,81.30731707317074,136.27317073170732,1.7829268292682927,38803968,33820000,33820000,6
v2v,seen_transfer,train_0008,testoutput_CAV_data_2022-03-17-10-43-13,testoutput_CAV_data_2022-03-17-10-43-13,intermittent,marked_gaussian_evidence_assoc_quality_nis,410,5.808639307416052,15.569159992759452,18.805113587074498,86.75121951219512,162.0878048780488,2.1926829268292685,44849664,38827808,25913888,5
v2v,seen_transfer,train_0008,testoutput_CAV_data_2022-03-17-10-43-13,testoutput_CAV_data_2022-03-17-10-43-13,intermittent,marked_gaussian_evidence_guarded_scalar_assoc_quality_nis,410,5.818173291438383,15.587597499553562,18.614857324378654,88.94634146341464,161.82439024390243,2.2414634146341466,44931584,38501664,25718368,5
v2v,seen_transfer,train_0009,testoutput_CAV_data_2022-03-17-10-50-46_3,testoutput_CAV_data_2022-03-17-10-50-46,reliable,marked_gaussian_evidence_assoc_quality_nis,315,6.71385709444937,19.615184068389198,30.835897124390097,355.2,28.34285714285714,4.5396825396825395,23952128,18743072,18743072,9
v2v,seen_transfer,train_0009,testoutput_CAV_data_2022-03-17-10-50-46_3,testoutput_CAV_data_2022-03-17-10-50-46,reliable,marked_gaussian_evidence_guarded_scalar_assoc_quality_nis,315,6.724044989101442,19.73165177441646,32.42796146104258,355.65714285714284,31.542857142857144,4.501587301587302,23886592,18303360,18303360,8
v2v,seen_transfer,train_0009,testoutput_CAV_data_2022-03-17-10-50-46_3,testoutput_CAV_data_2022-03-17-10-50-46,intermittent,marked_gaussian_evidence_assoc_quality_nis,315,6.983097124273371,20.54053015408298,30.74625269614441,383.0857142857143,40.34285714285714,4.76031746031746,23886592,18135712,13661184,4
v2v,seen_transfer,train_0009,testoutput_CAV_data_2022-03-17-10-50-46_3,testoutput_CAV_data_2022-03-17-10-50-46,intermittent,marked_gaussian_evidence_guarded_scalar_assoc_quality_nis,315,6.996658039141279,20.544129198140837,32.319601639906374,383.0857142857143,38.05714285714286,4.792063492063492,23591680,18151520,13671168,4
v2v,seen_transfer,train_0011,testoutput_CAV_data_2022-03-17-11-51-42_7,testoutput_CAV_data_2022-03-17-11-51-42,reliable,marked_gaussian_evidence_assoc_quality_nis,107,2.8569845664321893,6.652707260915998,5.979493216458244,52.48598130841121,12.785046728971963,0.719626168224299,4107008,2514496,2514496,0
v2v,seen_transfer,train_0011,testoutput_CAV_data_2022-03-17-11-51-42_7,testoutput_CAV_data_2022-03-17-11-51-42,reliable,marked_gaussian_evidence_guarded_scalar_assoc_quality_nis,107,2.98898763692925,6.929047298158585,6.08219946348068,53.83177570093458,13.457943925233645,0.7476635514018691,4107008,2546944,2546944,0
v2v,seen_transfer,train_0011,testoutput_CAV_data_2022-03-17-11-51-42_7,testoutput_CAV_data_2022-03-17-11-51-42,intermittent,marked_gaussian_evidence_assoc_quality_nis,107,3.3701168597998334,7.690700997925357,6.315877757498307,63.25233644859813,16.485981308411215,0.9112149532710281,4139776,2642208,1974016,0
v2v,seen_transfer,train_0011,testoutput_CAV_data_2022-03-17-11-51-42_7,testoutput_CAV_data_2022-03-17-11-51-42,intermittent,marked_gaussian_evidence_guarded_scalar_assoc_quality_nis,107,3.500481241661205,7.977605910702706,6.680886707735777,68.97196261682242,15.476635514018692,0.9766355140186916,4188928,2687968,2003136,0
v2v,seen_transfer,train_0012,testoutput_CAV_data_2022-03-17-12-04-22_0,testoutput_CAV_data_2022-03-17-12-04-22,reliable,marked_gaussian_evidence_assoc_quality_nis,124,5.466903655214297,14.73680504766568,14.972092834770834,152.70967741935485,60.96774193548387,1.5806451612903225,8223744,6292864,6292864,0
v2v,seen_transfer,train_0012,testoutput_CAV_data_2022-03-17-12-04-22_0,testoutput_CAV_data_2022-03-17-12-04-22,reliable,marked_gaussian_evidence_guarded_scalar_assoc_quality_nis,124,5.440084854794329,14.594989392003146,15.059164895448083,149.80645161290323,60.96774193548387,1.5564516129032258,8600576,6546624,6546624,0
v2v,seen_transfer,train_0012,testoutput_CAV_data_2022-03-17-12-04-22_0,testoutput_CAV_data_2022-03-17-12-04-22,intermittent,marked_gaussian_evidence_assoc_quality_nis,124,5.348671781855154,14.66513196973398,17.88503135062331,146.03225806451613,64.74193548387096,1.5080645161290323,7519232,5444640,4035136,0
v2v,seen_transfer,train_0012,testoutput_CAV_data_2022-03-17-12-04-22_0,testoutput_CAV_data_2022-03-17-12-04-22,intermittent,marked_gaussian_evidence_guarded_scalar_assoc_quality_nis,124,5.333784234993523,14.59417699822064,18.660342693882196,140.80645161290323,67.06451612903226,1.4516129032258065,7715840,5696736,4188224,0
v2v,seen_transfer,train_0013,testoutput_CAV_data_2022-03-17-12-14-33_0,testoutput_CAV_data_2022-03-17-12-14-33,reliable,marked_gaussian_evidence_assoc_quality_nis,89,2.857193966456996,5.770170696467213,1.741714113577808,36.40449438202247,21.03370786516854,0.6404494382022472,2955520,1735008,1735008,0
v2v,seen_transfer,train_0013,testoutput_CAV_data_2022-03-17-12-14-33_0,testoutput_CAV_data_2022-03-17-12-14-33,reliable,marked_gaussian_evidence_guarded_scalar_assoc_quality_nis,89,2.7508011221355484,5.562208096330369,1.7398168416774862,38.831460674157306,16.98876404494382,0.6404494382022472,2955520,1670112,1670112,0
v2v,seen_transfer,train_0013,testoutput_CAV_data_2022-03-17-12-14-33_0,testoutput_CAV_data_2022-03-17-12-14-33,intermittent,marked_gaussian_evidence_assoc_quality_nis,89,2.954831936796052,5.91689283881608,2.288247362914534,36.80898876404494,20.629213483146067,0.6741573033707865,2955520,1669696,1211232,0
v2v,seen_transfer,train_0013,testoutput_CAV_data_2022-03-17-12-14-33_0,testoutput_CAV_data_2022-03-17-12-14-33,intermittent,marked_gaussian_evidence_guarded_scalar_assoc_quality_nis,89,3.0523870819855397,6.113302450295304,2.3269448917698945,40.04494382022472,20.629213483146067,0.7191011235955056,2955520,1631008,1180032,0
v2v,seen_transfer,train_0014,testoutput_CAV_data_2022-03-17-12-14-33_1,testoutput_CAV_data_2022-03-17-12-14-33,reliable,marked_gaussian_evidence_assoc_quality_nis,80,4.99726397337662,15.42772054245275,7.505532677735421,238.5,1.8,3.2875,4542464,3499520,3499520,0
v2v,seen_transfer,train_0014,testoutput_CAV_data_2022-03-17-12-14-33_1,testoutput_CAV_data_2022-03-17-12-14-33,reliable,marked_gaussian_evidence_guarded_scalar_assoc_quality_nis,80,5.410637687244713,16.779636621046564,10.904889294887811,276.3,1.8,3.8125,6606848,5468448,5468448,0
v2v,seen_transfer,train_0014,testoutput_CAV_data_2022-03-17-12-14-33_1,testoutput_CAV_data_2022-03-17-12-14-33,intermittent,marked_gaussian_evidence_assoc_quality_nis,80,4.945019247353402,15.322175039601678,9.210936196942225,235.35,2.7,3.23125,4132864,3030688,2150624,0
v2v,seen_transfer,train_0014,testoutput_CAV_data_2022-03-17-12-14-33_1,testoutput_CAV_data_2022-03-17-12-14-33,intermittent,marked_gaussian_evidence_guarded_scalar_assoc_quality_nis,80,5.180441319767857,16.089512607248807,12.21818626604637,253.35,2.7,3.48125,4591616,3321472,2313696,0
v2v,seen_transfer,train_0016,testoutput_CAV_data_2022-03-17-14-44-47_2,testoutput_CAV_data_2022-03-17-14-44-47,reliable,marked_gaussian_evidence_assoc_quality_nis,293,3.250003774335152,10.423894883088371,4.431553929411212,47.18088737201365,79.12627986348123,1.2013651877133107,22373632,17759904,17759904,0
v2v,seen_transfer,train_0016,testoutput_CAV_data_2022-03-17-14-44-47_2,testoutput_CAV_data_2022-03-17-14-44-47,reliable,marked_gaussian_evidence_guarded_scalar_assoc_quality_nis,293,3.2330354183858496,10.48483405052633,4.8949108438693285,51.11262798634812,76.17747440273038,1.1467576791808873,21800192,17222848,17222848,0
v2v,seen_transfer,train_0016,testoutput_CAV_data_2022-03-17-14-44-47_2,testoutput_CAV_data_2022-03-17-14-44-47,intermittent,marked_gaussian_evidence_assoc_quality_nis,293,3.8502103678724313,12.333828037162137,6.3658793091472345,98.66211604095564,80.35494880546075,1.7559726962457338,22521088,18210432,13039136,0
v2v,seen_transfer,train_0016,testoutput_CAV_data_2022-03-17-14-44-47_2,testoutput_CAV_data_2022-03-17-14-44-47,intermittent,marked_gaussian_evidence_guarded_scalar_assoc_quality_nis,293,3.8504139425085357,12.35546002983209,6.854557271952251,99.89078498293516,79.24914675767918,1.7474402730375427,22406400,18078976,12983392,0
v2v,seen_transfer,train_0017,testoutput_CAV_data_2022-03-17-14-44-47_3,testoutput_CAV_data_2022-03-17-14-44-47,reliable,marked_gaussian_evidence_assoc_quality_nis,111,3.825204148720432,8.71700367044097,0.8884777020110175,46.054054054054056,50.5945945945946,0.963963963963964,3845888,2561344,2561344,0
v2v,seen_transfer,train_0017,testoutput_CAV_data_2022-03-17-14-44-47_3,testoutput_CAV_data_2022-03-17-14-44-47,reliable,marked_gaussian_evidence_guarded_scalar_assoc_quality_nis,111,3.8646963389102242,8.798011225350017,1.0082739736793693,46.7027027027027,50.5945945945946,0.972972972972973,3878656,2569664,2569664,0
v2v,seen_transfer,train_0017,testoutput_CAV_data_2022-03-17-14-44-47_3,testoutput_CAV_data_2022-03-17-14-44-47,intermittent,marked_gaussian_evidence_assoc_quality_nis,111,4.024727007827891,9.209483235883205,8.845499954215828,44.108108108108105,57.729729729729726,1.0,3944192,2745216,1816768,0
v2v,seen_transfer,train_0017,testoutput_CAV_data_2022-03-17-14-44-47_3,testoutput_CAV_data_2022-03-17-14-44-47,intermittent,marked_gaussian_evidence_guarded_scalar_assoc_quality_nis,111,4.05416504446938,9.320130111796466,8.409305699880628,48.32432432432432,57.08108108108108,0.9774774774774775,3960576,2742304,1846304,0
v2v,seen_transfer,train_0018,testoutput_CAV_data_2022-03-17-14-44-47_5,testoutput_CAV_data_2022-03-17-14-44-47,reliable,marked_gaussian_evidence_assoc_quality_nis,183,2.451295447926348,5.449385336348056,3.0987679340646097,23.60655737704918,20.065573770491802,0.5191256830601093,6403840,4154240,4154240,0
v2v,seen_transfer,train_0018,testoutput_CAV_data_2022-03-17-14-44-47_5,testoutput_CAV_data_2022-03-17-14-44-47,reliable,marked_gaussian_evidence_guarded_scalar_assoc_quality_nis,183,2.505348069095405,5.558622283766962,3.175824731993776,26.360655737704917,18.885245901639344,0.5409836065573771,6518528,4203744,4203744,0
v2v,seen_transfer,train_0018,testoutput_CAV_data_2022-03-17-14-44-47_5,testoutput_CAV_data_2022-03-17-14-44-47,intermittent,marked_gaussian_evidence_assoc_quality_nis,183,2.501017812843611,5.616890738658272,3.2029769065095777,26.557377049180328,21.24590163934426,0.5655737704918032,6371072,4145920,2861280,0
v2v,seen_transfer,train_0018,testoutput_CAV_data_2022-03-17-14-44-47_5,testoutput_CAV_data_2022-03-17-14-44-47,intermittent,marked_gaussian_evidence_guarded_scalar_assoc_quality_nis,183,2.481955948824463,5.475680217738756,2.472801707430775,27.540983606557376,19.081967213114755,0.5765027322404371,6469376,4199168,2929504,0
v2v,seen_transfer,train_0019,testoutput_CAV_data_2022-03-17-14-44-47_6,testoutput_CAV_data_2022-03-17-14-44-47,reliable,marked_gaussian_evidence_assoc_quality_nis,177,2.569630948183905,7.991056226186419,2.6858730094188714,41.08474576271186,55.32203389830509,0.7401129943502824,9859328,6639040,6639040,0
v2v,seen_transfer,train_0019,testoutput_CAV_data_2022-03-17-14-44-47_6,testoutput_CAV_data_2022-03-17-14-44-47,reliable,marked_gaussian_evidence_guarded_scalar_assoc_quality_nis,177,2.554508108684645,7.9648701653213,3.38687450329942,43.11864406779661,51.66101694915254,0.7288135593220338,9957632,6791296,6791296,0
v2v,seen_transfer,train_0019,testoutput_CAV_data_2022-03-17-14-44-47_6,testoutput_CAV_data_2022-03-17-14-44-47,intermittent,marked_gaussian_evidence_assoc_quality_nis,177,3.097457340242455,9.284704082455908,5.326842427079573,53.49152542372882,63.86440677966102,1.002824858757062,10137856,7050048,5209024,0
v2v,seen_transfer,train_0019,testoutput_CAV_data_2022-03-17-14-44-47_6,testoutput_CAV_data_2022-03-17-14-44-47,intermittent,marked_gaussian_evidence_guarded_scalar_assoc_quality_nis,177,3.146900673541282,9.471095791969733,6.956529194802337,54.30508474576271,63.05084745762712,1.0141242937853108,10088704,6848704,5085888,0
v2v,seen_transfer,train_0021,testoutput_CAV_data_2022-03-17-15-55-26_0,testoutput_CAV_data_2022-03-17-15-55-26,reliable,marked_gaussian_evidence_assoc_quality_nis,286,4.016663142968407,7.736303684158925,6.333510403451135,36.25174825174825,41.03496503496503,0.7237762237762237,11427328,7323680,7323680,0
v2v,seen_transfer,train_0021,testoutput_CAV_data_2022-03-17-15-55-26_0,testoutput_CAV_data_2022-03-17-15-55-26,reliable,marked_gaussian_evidence_guarded_scalar_assoc_quality_nis,286,3.946024775330004,7.561375773017448,6.813374113781376,38.51748251748252,35.74825174825175,0.7027972027972028,11361792,7145632,7145632,0
v2v,seen_transfer,train_0021,testoutput_CAV_data_2022-03-17-15-55-26_0,testoutput_CAV_data_2022-03-17-15-55-26,intermittent,marked_gaussian_evidence_assoc_quality_nis,286,4.730991568069535,9.151132184912866,8.105731251561801,53.62237762237762,50.22377622377623,1.0122377622377623,11787776,7650240,5612480,0
v2v,seen_transfer,train_0021,testoutput_CAV_data_2022-03-17-15-55-26_0,testoutput_CAV_data_2022-03-17-15-55-26,intermittent,marked_gaussian_evidence_guarded_scalar_assoc_quality_nis,286,4.678010156219332,9.032463171818156,8.364239338615599,54.62937062937063,47.45454545454545,1.0017482517482517,11329024,7353632,5397824,0
v2v,seen_transfer,train_0022,testoutput_CAV_data_2022-03-17-15-55-26_1,testoutput_CAV_data_2022-03-17-15-55-26,reliable,marked_gaussian_evidence_assoc_quality_nis,229,3.1099419745051216,12.398294206272489,10.743187075330301,114.13100436681222,63.82532751091703,1.4148471615720524,20276480,16435008,16435008,0
v2v,seen_transfer,train_0022,testoutput_CAV_data_2022-03-17-15-55-26_1,testoutput_CAV_data_2022-03-17-15-55-26,reliable,marked_gaussian_evidence_guarded_scalar_assoc_quality_nis,229,3.1975571864813426,12.860405117021957,11.088043153863092,127.02183406113537,63.82532751091703,1.4279475982532752,20129024,16006528,16006528,0
v2v,seen_transfer,train_0022,testoutput_CAV_data_2022-03-17-15-55-26_1,testoutput_CAV_data_2022-03-17-15-55-26,intermittent,marked_gaussian_evidence_assoc_quality_nis,229,3.4800692220051177,14.119677937693721,33.041920870003494,147.77292576419214,69.48471615720524,1.7074235807860263,20718848,16984128,11890112,0
v2v,seen_transfer,train_0022,testoutput_CAV_data_2022-03-17-15-55-26_1,testoutput_CAV_data_2022-03-17-15-55-26,intermittent,marked_gaussian_evidence_guarded_scalar_assoc_quality_nis,229,3.509275935542029,14.302546860218257,35.69638133509424,154.06113537117903,68.06986899563319,1.7183406113537119,19768576,15815168,11038560,0
v2v,seen_transfer,train_0023,testoutput_CAV_data_2022-03-17-16-06-11_0,testoutput_CAV_data_2022-03-17-16-06-11,reliable,marked_gaussian_evidence_assoc_quality_nis,120,3.393818877078736,12.286077662378382,13.988883102763454,152.4,15.0,1.9916666666666667,8992768,7365888,7365888,0
v2v,seen_transfer,train_0023,testoutput_CAV_data_2022-03-17-16-06-11_0,testoutput_CAV_data_2022-03-17-16-06-11,reliable,marked_gaussian_evidence_guarded_scalar_assoc_quality_nis,120,3.5880930298814158,13.064662611957155,19.710955608036183,168.6,14.4,2.191666666666667,8419328,6973184,6973184,0
v2v,seen_transfer,train_0023,testoutput_CAV_data_2022-03-17-16-06-11_0,testoutput_CAV_data_2022-03-17-16-06-11,intermittent,marked_gaussian_evidence_assoc_quality_nis,120,3.625359852126308,13.150965989748782,18.412411898233096,168.6,20.7,2.1958333333333333,10254336,7755264,5514688,0
v2v,seen_transfer,train_0023,testoutput_CAV_data_2022-03-17-16-06-11_0,testoutput_CAV_data_2022-03-17-16-06-11,intermittent,marked_gaussian_evidence_guarded_scalar_assoc_quality_nis,120,3.730748477240729,13.624384439743826,21.343729685714045,177.0,22.5,2.2875,8173568,7099232,5107840,0
v2v,seen_transfer,train_0024,testoutput_CAV_data_2022-03-21-09-35-07_2,testoutput_CAV_data_2022-03-21-09-35-07,reliable,marked_gaussian_evidence_assoc_quality_nis,168,1.5406875157759738,3.308182518111672,2.6847969274515644,19.285714285714285,0.42857142857142855,0.27380952380952384,5548032,2606176,2606176,0
v2v,seen_transfer,train_0024,testoutput_CAV_data_2022-03-21-09-35-07_2,testoutput_CAV_data_2022-03-21-09-35-07,reliable,marked_gaussian_evidence_guarded_scalar_assoc_quality_nis,168,1.538468406353941,3.306109810748234,2.7184795462323375,19.285714285714285,0.42857142857142855,0.27380952380952384,5548032,2614080,2614080,0
v2v,seen_transfer,train_0024,testoutput_CAV_data_2022-03-21-09-35-07_2,testoutput_CAV_data_2022-03-21-09-35-07,intermittent,marked_gaussian_evidence_assoc_quality_nis,168,1.665518036442392,3.573334843631779,3.299994443881984,21.214285714285715,1.0714285714285714,0.30357142857142855,5548032,2646528,1759296,0
v2v,seen_transfer,train_0024,testoutput_CAV_data_2022-03-21-09-35-07_2,testoutput_CAV_data_2022-03-21-09-35-07,intermittent,marked_gaussian_evidence_guarded_scalar_assoc_quality_nis,168,1.6518242148478008,3.548039584146317,3.290958186753365,21.214285714285715,0.8571428571428571,0.3005952380952381,5548032,2652352,1765120,0
v2v,seen_transfer,train_0026,testoutput_CAV_data_2022-03-21-09-35-07_4,testoutput_CAV_data_2022-03-21-09-35-07,reliable,marked_gaussian_evidence_assoc_quality_nis,135,4.451848499736678,8.567409808606879,1.4961618665102496,31.466666666666665,68.8,0.8740740740740741,4458240,2344064,2344064,0
v2v,seen_transfer,train_0026,testoutput_CAV_data_2022-03-21-09-35-07_4,testoutput_CAV_data_2022-03-21-09-35-07,reliable,marked_gaussian_evidence_guarded_scalar_assoc_quality_nis,135,4.349578366194005,8.420658501019858,1.5366922830640075,32.0,67.2,0.8444444444444444,4458240,2465952,2465952,0
v2v,seen_transfer,train_0026,testoutput_CAV_data_2022-03-21-09-35-07_4,testoutput_CAV_data_2022-03-21-09-35-07,intermittent,marked_gaussian_evidence_assoc_quality_nis,135,4.643178438553439,9.02550403068078,2.401423310874708,32.53333333333333,78.66666666666667,1.011111111111111,4458240,2191392,1620256,0
v2v,seen_transfer,train_0026,testoutput_CAV_data_2022-03-21-09-35-07_4,testoutput_CAV_data_2022-03-21-09-35-07,intermittent,marked_gaussian_evidence_guarded_scalar_assoc_quality_nis,135,4.520194670065314,8.804638623433732,2.2561443861066426,33.06666666666667,74.93333333333334,0.9518518518518518,4458240,2385248,1760864,0
v2v,seen_transfer,train_0027,testoutput_CAV_data_2022-03-21-09-35-07_5,testoutput_CAV_data_2022-03-21-09-35-07,reliable,marked_gaussian_evidence_assoc_quality_nis,143,5.093598158324204,13.953585478954842,14.998854101081156,120.33566433566433,76.02797202797203,1.1048951048951048,8195840,5452512,5452512,2
v2v,seen_transfer,train_0027,testoutput_CAV_data_2022-03-21-09-35-07_5,testoutput_CAV_data_2022-03-21-09-35-07,reliable,marked_gaussian_evidence_guarded_scalar_assoc_quality_nis,143,5.210695436512831,14.201989288351468,14.224305002953592,133.4265734265734,73.00699300699301,1.2587412587412588,8343296,5819840,5819840,7
v2v,seen_transfer,train_0027,testoutput_CAV_data_2022-03-21-09-35-07_5,testoutput_CAV_data_2022-03-21-09-35-07,intermittent,marked_gaussian_evidence_assoc_quality_nis,143,5.424767640257023,14.933999374864795,19.86913844250286,134.1818181818182,85.84615384615384,1.2167832167832169,8163072,5786560,4052384,2
v2v,seen_transfer,train_0027,testoutput_CAV_data_2022-03-21-09-35-07_5,testoutput_CAV_data_2022-03-21-09-35-07,intermittent,marked_gaussian_evidence_guarded_scalar_assoc_quality_nis,143,5.449024624377168,14.812260664633405,13.29240097363933,145.51048951048952,81.06293706293707,1.4195804195804196,8130304,5870176,4133504,7
v2v,seen_transfer,train_0028,testoutput_CAV_data_2022-03-21-09-35-07_6,testoutput_CAV_data_2022-03-21-09-35-07,reliable,marked_gaussian_evidence_assoc_quality_nis,149,2.982153588300558,6.6532449665518065,2.3254793250525894,32.85906040268456,31.409395973154364,0.6241610738255033,5772544,3974016,3974016,6
v2v,seen_transfer,train_0028,testoutput_CAV_data_2022-03-21-09-35-07_6,testoutput_CAV_data_2022-03-21-09-35-07,reliable,marked_gaussian_evidence_guarded_scalar_assoc_quality_nis,149,3.022259998888182,6.823488134031812,2.9069761383587016,33.8255033557047,31.892617449664428,0.5771812080536913,5264640,3782656,3782656,6
v2v,seen_transfer,train_0028,testoutput_CAV_data_2022-03-21-09-35-07_6,testoutput_CAV_data_2022-03-21-09-35-07,intermittent,marked_gaussian_evidence_assoc_quality_nis,149,3.163134957241484,7.107627977192467,3.0463335091044876,39.14093959731544,32.13422818791946,0.6610738255033557,6083840,3991072,3011808,0
v2v,seen_transfer,train_0028,testoutput_CAV_data_2022-03-21-09-35-07_6,testoutput_CAV_data_2022-03-21-09-35-07,intermittent,marked_gaussian_evidence_guarded_scalar_assoc_quality_nis,149,3.251180902721277,7.446752604567074,3.418178310291892,42.52348993288591,33.100671140939596,0.6140939597315436,5723392,3891232,2923200,3
v2v,seen_transfer,train_0029,testoutput_CAV_data_2022-03-21-09-35-07_8,testoutput_CAV_data_2022-03-21-09-35-07,reliable,marked_gaussian_evidence_assoc_quality_nis,165,3.9630459329102643,11.220455409689329,13.576179709808217,87.7090909090909,44.07272727272727,1.1272727272727272,10347776,7022240,7022240,19
v2v,seen_transfer,train_0029,testoutput_CAV_data_2022-03-21-09-35-07_8,testoutput_CAV_data_2022-03-21-09-35-07,reliable,marked_gaussian_evidence_guarded_scalar_assoc_quality_nis,165,3.910055910495632,11.075622344667257,11.845149138426631,86.83636363636364,43.63636363636363,1.084848484848485,10102016,7173248,7173248,23
v2v,seen_transfer,train_0029,testoutput_CAV_data_2022-03-21-09-35-07_8,testoutput_CAV_data_2022-03-21-09-35-07,intermittent,marked_gaussian_evidence_assoc_quality_nis,165,4.690322101421533,13.148333210644058,12.886182975452632,130.03636363636363,45.163636363636364,1.5484848484848486,10429696,6929472,4975392,15
v2v,seen_transfer,train_0029,testoutput_CAV_data_2022-03-21-09-35-07_8,testoutput_CAV_data_2022-03-21-09-35-07,intermittent,marked_gaussian_evidence_guarded_scalar_assoc_quality_nis,165,4.680114584259846,13.109897925118476,13.972399181279831,125.67272727272727,44.72727272727273,1.493939393939394,9954560,6366208,4553984,16
v2v,seen_transfer,train_0031,testoutput_CAV_data_2022-03-21-09-50-20_10,testoutput_CAV_data_2022-03-21-09-50-20,reliable,marked_gaussian_evidence_assoc_quality_nis,108,2.603157747768478,5.124311763133731,2.211395001293621,8.666666666666666,32.666666666666664,0.5370370370370371,3566592,1593536,1593536,0
v2v,seen_transfer,train_0031,testoutput_CAV_data_2022-03-21-09-50-20_10,testoutput_CAV_data_2022-03-21-09-50-20,reliable,marked_gaussian_evidence_guarded_scalar_assoc_quality_nis,108,2.5468276558994796,5.017686740458306,2.1824864721652806,8.666666666666666,31.333333333333332,0.5185185185185185,3566592,1598944,1598944,0
v2v,seen_transfer,train_0031,testoutput_CAV_data_2022-03-21-09-50-20_10,testoutput_CAV_data_2022-03-21-09-50-20,intermittent,marked_gaussian_evidence_assoc_quality_nis,108,2.9076602288296516,5.576886533389434,2.1933382620446866,16.333333333333332,30.333333333333332,0.6203703703703703,3566592,1772832,1391328,0
v2v,seen_transfer,train_0031,testoutput_CAV_data_2022-03-21-09-50-20_10,testoutput_CAV_data_2022-03-21-09-50-20,intermittent,marked_gaussian_evidence_guarded_scalar_assoc_quality_nis,108,2.861952220718799,5.480237871477571,2.1525320464696627,16.333333333333332,29.666666666666668,0.6203703703703703,3566592,1777824,1395072,0
v2v,previous_train_probes,train_0005,testoutput_CAV_data_2022-03-15-10-29-43_0,testoutput_CAV_data_2022-03-15-10-29-43,reliable,marked_gaussian_evidence_assoc_quality_nis,217,5.0492089091388,11.199554648375448,7.581898983763861,88.92165898617512,48.11059907834101,1.0,8689920,5412736,5412736,0
v2v,previous_train_probes,train_0005,testoutput_CAV_data_2022-03-15-10-29-43_0,testoutput_CAV_data_2022-03-15-10-29-43,reliable,marked_gaussian_evidence_guarded_scalar_assoc_quality_nis,217,5.410224411064989,11.616360745348835,19.5551963432283,103.52073732718894,25.548387096774192,1.1751152073732718,10656000,7873376,7873376,0
v2v,previous_train_probes,train_0005,testoutput_CAV_data_2022-03-15-10-29-43_0,testoutput_CAV_data_2022-03-15-10-29-43,intermittent,marked_gaussian_evidence_assoc_quality_nis,217,5.410700286657091,12.08397885478145,9.585408941423012,96.0552995391705,55.74193548387097,1.0253456221198156,8689920,5299584,4034112,0
v2v,previous_train_probes,train_0005,testoutput_CAV_data_2022-03-15-10-29-43_0,testoutput_CAV_data_2022-03-15-10-29-43,intermittent,marked_gaussian_evidence_guarded_scalar_assoc_quality_nis,217,5.418315769903196,12.091008640472895,9.362749953957028,97.21658986175115,55.244239631336406,1.0391705069124424,8788224,5291680,4027040,0
v2v,previous_train_probes,train_0010,testoutput_CAV_data_2022-03-17-11-51-42_1,testoutput_CAV_data_2022-03-17-11-51-42,reliable,marked_gaussian_evidence_assoc_quality_nis,119,4.311197493618634,15.110686305943233,46.82370770484903,156.10084033613447,39.32773109243698,1.7394957983193278,9795328,7488544,7488544,2
v2v,previous_train_probes,train_0010,testoutput_CAV_data_2022-03-17-11-51-42_1,testoutput_CAV_data_2022-03-17-11-51-42,reliable,marked_gaussian_evidence_guarded_scalar_assoc_quality_nis,119,4.316060477776561,15.049751436109192,48.472541083232606,156.7058823529412,35.09243697478992,1.773109243697479,10417920,8036416,8036416,6
v2v,previous_train_probes,train_0010,testoutput_CAV_data_2022-03-17-11-51-42_1,testoutput_CAV_data_2022-03-17-11-51-42,intermittent,marked_gaussian_evidence_assoc_quality_nis,119,4.496322841643532,15.957235462359177,51.34771144338662,169.109243697479,46.588235294117645,1.819327731092437,10598144,8143328,5500736,2
v2v,previous_train_probes,train_0010,testoutput_CAV_data_2022-03-17-11-51-42_1,testoutput_CAV_data_2022-03-17-11-51-42,intermittent,marked_gaussian_evidence_guarded_scalar_assoc_quality_nis,119,4.616379045601023,16.22049925908337,54.99304755307592,176.0672268907563,44.773109243697476,1.9243697478991597,10123008,7981920,5732448,6
v2v,previous_train_probes,train_0015,testoutput_CAV_data_2022-03-17-14-44-47_1,testoutput_CAV_data_2022-03-17-14-44-47,reliable,marked_gaussian_evidence_assoc_quality_nis,145,3.8003427089908395,10.39863382982608,3.3589247172707943,66.53793103448275,57.10344827586207,1.2758620689655173,6951168,4772480,4772480,0
v2v,previous_train_probes,train_0015,testoutput_CAV_data_2022-03-17-14-44-47_1,testoutput_CAV_data_2022-03-17-14-44-47,reliable,marked_gaussian_evidence_guarded_scalar_assoc_quality_nis,145,3.7552911536243645,10.32496408531104,3.890143857756955,70.01379310344828,53.13103448275862,1.2413793103448276,6918400,4641856,4641856,0
v2v,previous_train_probes,train_0015,testoutput_CAV_data_2022-03-17-14-44-47_1,testoutput_CAV_data_2022-03-17-14-44-47,intermittent,marked_gaussian_evidence_assoc_quality_nis,145,3.9446190021591363,10.858080601657052,4.369566681988874,81.93103448275862,58.3448275862069,1.4310344827586208,7033088,4787872,3587328,0
v2v,previous_train_probes,train_0015,testoutput_CAV_data_2022-03-17-14-44-47_1,testoutput_CAV_data_2022-03-17-14-44-47,intermittent,marked_gaussian_evidence_guarded_scalar_assoc_quality_nis,145,3.919132269636413,10.851085339567234,4.408407671464216,83.91724137931034,56.855172413793106,1.403448275862069,7000320,4720480,3535744,0
v2v,previous_train_probes,train_0020,testoutput_CAV_data_2022-03-17-14-59-30_0,testoutput_CAV_data_2022-03-17-14-59-30,reliable,marked_gaussian_evidence_assoc_quality_nis,275,2.484469370545503,6.8587288000529725,6.446423806581287,28.276363636363637,33.25090909090909,0.6509090909090909,14127872,10372672,10372672,0
v2v,previous_train_probes,train_0020,testoutput_CAV_data_2022-03-17-14-59-30_0,testoutput_CAV_data_2022-03-17-14-59-30,reliable,marked_gaussian_evidence_guarded_scalar_assoc_quality_nis,275,2.4365654856379115,6.755474901929718,6.605892262540742,28.53818181818182,31.68,0.6327272727272727,14619392,10717536,10717536,0
v2v,previous_train_probes,train_0020,testoutput_CAV_data_2022-03-17-14-59-30_0,testoutput_CAV_data_2022-03-17-14-59-30,intermittent,marked_gaussian_evidence_assoc_quality_nis,275,2.942331460893575,8.184965403065462,8.281154482837248,60.087272727272726,33.25090909090909,0.8418181818181818,14603008,11094848,8170528,0
v2v,previous_train_probes,train_0020,testoutput_CAV_data_2022-03-17-14-59-30_0,testoutput_CAV_data_2022-03-17-14-59-30,intermittent,marked_gaussian_evidence_guarded_scalar_assoc_quality_nis,275,2.906119211395922,8.090825330586245,8.595069343580056,59.694545454545455,31.94181818181818,0.8254545454545454,14095104,10704224,7899712,0
v2v,previous_train_probes,train_0025,testoutput_CAV_data_2022-03-21-09-35-07_3,testoutput_CAV_data_2022-03-21-09-35-07,reliable,marked_gaussian_evidence_assoc_quality_nis,450,3.302490233627834,8.328892410415127,5.245568367797584,8.32,95.36,1.3288888888888888,18104832,12896096,12896096,0
v2v,previous_train_probes,train_0025,testoutput_CAV_data_2022-03-21-09-35-07_3,testoutput_CAV_data_2022-03-21-09-35-07,reliable,marked_gaussian_evidence_guarded_scalar_assoc_quality_nis,450,3.2888751093405446,8.349876266186222,4.826089478168194,10.72,94.4,1.2866666666666666,18366976,12822048,12822048,0
v2v,previous_train_probes,train_0025,testoutput_CAV_data_2022-03-21-09-35-07_3,testoutput_CAV_data_2022-03-21-09-35-07,intermittent,marked_gaussian_evidence_assoc_quality_nis,450,3.3744779363081814,8.526637960635487,7.329821858862045,10.32,93.44,1.281111111111111,19251712,13039616,9581440,0
v2v,previous_train_probes,train_0025,testoutput_CAV_data_2022-03-21-09-35-07_3,testoutput_CAV_data_2022-03-21-09-35-07,intermittent,marked_gaussian_evidence_guarded_scalar_assoc_quality_nis,450,3.368088205246944,8.553497357189968,7.4282428537608896,11.6,93.2,1.26,19038720,13225568,9769056,0
v2v,previous_train_probes,train_0030,testoutput_CAV_data_2022-03-21-09-35-07_9,testoutput_CAV_data_2022-03-21-09-35-07,reliable,marked_gaussian_evidence_assoc_quality_nis,151,4.11267318608479,8.872008534090993,2.869789785765698,50.54304635761589,45.29801324503311,1.1324503311258278,5084928,3079328,3079328,2
v2v,previous_train_probes,train_0030,testoutput_CAV_data_2022-03-21-09-35-07_9,testoutput_CAV_data_2022-03-21-09-35-07,reliable,marked_gaussian_evidence_guarded_scalar_assoc_quality_nis,151,4.2254966318066725,9.038929996191559,2.6902069951356733,55.311258278145694,43.390728476821195,1.2119205298013245,5052160,3045632,3045632,3
v2v,previous_train_probes,train_0030,testoutput_CAV_data_2022-03-21-09-35-07_9,testoutput_CAV_data_2022-03-21-09-35-07,intermittent,marked_gaussian_evidence_assoc_quality_nis,151,4.326033768429444,9.282628859514237,3.5876275223248815,52.211920529801326,49.11258278145695,1.2152317880794703,5265152,3271520,2320096,2
v2v,previous_train_probes,train_0030,testoutput_CAV_data_2022-03-21-09-35-07_9,testoutput_CAV_data_2022-03-21-09-35-07,intermittent,marked_gaussian_evidence_guarded_scalar_assoc_quality_nis,151,4.341447329581942,9.287981039823293,3.480093001046996,57.45695364238411,44.58278145695364,1.2582781456953642,5265152,3295232,2346720,6
v2v,new_validation,val_0000,testoutput_CAV_data_2022-03-15-15-20-01_0,testoutput_CAV_data_2022-03-15-15-20-01,reliable,marked_gaussian_evidence_assoc_quality_nis,409,2.77587659253406,4.771423843408827,2.84836232975288,11.970660146699267,24.029339853300733,0.5,13506816,5521120,5521120,6
v2v,new_validation,val_0000,testoutput_CAV_data_2022-03-15-15-20-01_0,testoutput_CAV_data_2022-03-15-15-20-01,reliable,marked_gaussian_evidence_guarded_scalar_assoc_quality_nis,409,2.814637658128345,4.841472388728603,2.890010440190216,12.146699266503667,24.469437652811735,0.5036674816625917,13506816,4984896,4984896,2
v2v,new_validation,val_0000,testoutput_CAV_data_2022-03-15-15-20-01_0,testoutput_CAV_data_2022-03-15-15-20-01,intermittent,marked_gaussian_evidence_assoc_quality_nis,409,2.993804632090792,5.111346646965025,4.816639780805595,14.43520782396088,23.589242053789732,0.4841075794621027,13506816,6304864,4539488,6
v2v,new_validation,val_0000,testoutput_CAV_data_2022-03-15-15-20-01_0,testoutput_CAV_data_2022-03-15-15-20-01,intermittent,marked_gaussian_evidence_guarded_scalar_assoc_quality_nis,409,3.0160676777244646,5.153201488262216,4.798742786469949,15.403422982885086,22.444987775061126,0.4767726161369193,13506816,5407552,3912160,6
v2v,new_validation,val_0001,testoutput_CAV_data_2022-03-21-09-35-07_0,testoutput_CAV_data_2022-03-21-09-35-07,reliable,marked_gaussian_evidence_assoc_quality_nis,117,6.136480229679482,17.157153757972754,4.673050703397687,320.0,2.4615384615384617,4.427350427350428,5289216,3494816,3494816,6
v2v,new_validation,val_0001,testoutput_CAV_data_2022-03-21-09-35-07_0,testoutput_CAV_data_2022-03-21-09-35-07,reliable,marked_gaussian_evidence_guarded_scalar_assoc_quality_nis,117,6.247587803317326,17.475613883685146,4.637551324749519,331.0769230769231,2.4615384615384617,4.581196581196581,5469440,3630432,3630432,6
v2v,new_validation,val_0001,testoutput_CAV_data_2022-03-21-09-35-07_0,testoutput_CAV_data_2022-03-21-09-35-07,intermittent,marked_gaussian_evidence_assoc_quality_nis,117,6.1086020015562505,17.187296895916354,6.019148293743683,324.3076923076923,2.1538461538461537,4.4743589743589745,5600512,3771040,2626272,0
v2v,new_validation,val_0001,testoutput_CAV_data_2022-03-21-09-35-07_0,testoutput_CAV_data_2022-03-21-09-35-07,intermittent,marked_gaussian_evidence_guarded_scalar_assoc_quality_nis,117,6.101146082300409,17.19998721619277,6.000052781811628,326.46153846153845,2.1538461538461537,4.504273504273504,5666048,3777696,2646656,0
v2v,new_validation,val_0002,testoutput_CAV_data_2022-03-21-09-35-07_10,testoutput_CAV_data_2022-03-21-09-35-07,reliable,marked_gaussian_evidence_assoc_quality_nis,222,4.41684511278356,10.965021135934569,14.05726087789573,117.08108108108108,28.216216216216218,1.6036036036036037,11542016,7729344,7729344,7
v2v,new_validation,val_0002,testoutput_CAV_data_2022-03-21-09-35-07_10,testoutput_CAV_data_2022-03-21-09-35-07,reliable,marked_gaussian_evidence_guarded_scalar_assoc_quality_nis,222,4.434620052185205,10.95659710542775,14.762751826461358,118.70270270270271,25.945945945945947,1.6576576576576576,12066304,7793824,7793824,12
v2v,new_validation,val_0002,testoutput_CAV_data_2022-03-21-09-35-07_10,testoutput_CAV_data_2022-03-21-09-35-07,intermittent,marked_gaussian_evidence_assoc_quality_nis,222,4.637202305213181,11.526658303383506,16.37819108784937,130.86486486486487,27.72972972972973,1.6666666666666667,11853312,7570432,5551008,6
v2v,new_validation,val_0002,testoutput_CAV_data_2022-03-21-09-35-07_10,testoutput_CAV_data_2022-03-21-09-35-07,intermittent,marked_gaussian_evidence_guarded_scalar_assoc_quality_nis,222,4.692142038468607,11.61259366102545,16.906849221057016,134.59459459459458,26.10810810810811,1.740990990990991,11886080,7607456,5600096,11
v2x_val,exposed_external,v2x_0000,2023-03-17-16-03-02_11_1,2023-03-17,reliable,marked_gaussian_evidence_assoc_quality_nis,104,9.740904935709999,17.648265488785857,0.13394818308298637,322.61538461538464,33.92307692307692,4.009615384615385,3434496,1136928,1136928,0
v2x_val,exposed_external,v2x_0000,2023-03-17-16-03-02_11_1,2023-03-17,reliable,marked_gaussian_evidence_guarded_scalar_assoc_quality_nis,104,9.766513077589225,17.690535733366655,0.14385932416834077,324.0,33.92307692307692,4.028846153846154,3434496,1146496,1146496,0
v2x_val,exposed_external,v2x_0000,2023-03-17-16-03-02_11_1,2023-03-17,intermittent,marked_gaussian_evidence_assoc_quality_nis,104,9.739305774485873,17.6462129574126,0.15794841345814614,322.61538461538464,33.92307692307692,4.009615384615385,3434496,1066208,858016,0
v2x_val,exposed_external,v2x_0000,2023-03-17-16-03-02_11_1,2023-03-17,intermittent,marked_gaussian_evidence_guarded_scalar_assoc_quality_nis,104,9.75113324072328,17.684230128272922,0.17106753915830414,323.65384615384613,34.61538461538461,4.014423076923077,3434496,1050816,842624,0
v2x_val,exposed_external,v2x_0001,2023-03-17-16-10-12_1_1,2023-03-17,reliable,marked_gaussian_evidence_assoc_quality_nis,131,9.9873209850388,27.421463127952922,6.603758054843298,738.1374045801526,12.091603053435115,10.083969465648854,5030656,3153344,3153344,0
v2x_val,exposed_external,v2x_0001,2023-03-17-16-10-12_1_1,2023-03-17,reliable,marked_gaussian_evidence_guarded_scalar_assoc_quality_nis,131,10.002815269282834,27.462046182899346,6.738437076548313,739.7862595419847,12.091603053435115,10.106870229007633,5079808,3202848,3202848,0
v2x_val,exposed_external,v2x_0001,2023-03-17-16-10-12_1_1,2023-03-17,intermittent,marked_gaussian_evidence_assoc_quality_nis,131,9.741793423745936,26.752205391287944,7.60684574321997,700.2137404580153,12.091603053435115,9.557251908396946,4326144,2417024,1764928,0
v2x_val,exposed_external,v2x_0001,2023-03-17-16-10-12_1_1,2023-03-17,intermittent,marked_gaussian_evidence_guarded_scalar_assoc_quality_nis,131,9.751516563049725,26.80357032234922,8.155579940595493,701.0381679389313,13.19083969465649,9.553435114503817,4391680,2526432,1844384,0
v2x_val,exposed_external,v2x_0002,2023-04-04-15-43-17_15_0,2023-04-04,reliable,marked_gaussian_evidence_assoc_quality_nis,140,9.173966666591946,23.97454174984429,117.90809199046726,208.28571428571428,261.25714285714287,2.5785714285714287,5803008,3735488,3735488,3
v2x_val,exposed_external,v2x_0002,2023-04-04-15-43-17_15_0,2023-04-04,reliable,marked_gaussian_evidence_guarded_scalar_assoc_quality_nis,140,9.182443724812606,24.07452407509882,103.67724845525446,203.14285714285714,282.85714285714283,3.092857142857143,5508096,3366496,3366496,5
v2x_val,exposed_external,v2x_0002,2023-04-04-15-43-17_15_0,2023-04-04,intermittent,marked_gaussian_evidence_assoc_quality_nis,140,9.023465441431425,23.492064698127034,102.58270932584904,210.34285714285716,249.68571428571428,2.3035714285714284,5934080,3635648,2493312,4
v2x_val,exposed_external,v2x_0002,2023-04-04-15-43-17_15_0,2023-04-04,intermittent,marked_gaussian_evidence_guarded_scalar_assoc_quality_nis,140,8.947662356773371,23.09333801238815,94.07806341885778,212.65714285714284,236.31428571428572,2.2142857142857144,5868544,3648544,2554464,6
v2x_val,exposed_external,v2x_0003,2023-04-04-16-01-17_33_0,2023-04-04,reliable,marked_gaussian_evidence_assoc_quality_nis,128,7.771028817956946,17.503629115057407,1.504149863595957,339.1875,31.5,4.6484375,5963776,3844544,3844544,0
v2x_val,exposed_external,v2x_0003,2023-04-04-16-01-17_33_0,2023-04-04,reliable,marked_gaussian_evidence_guarded_scalar_assoc_quality_nis,128,7.688492554339857,17.58037706676848,2.821905192294742,344.8125,29.8125,4.734375,5570560,3728064,3728064,0
v2x_val,exposed_external,v2x_0003,2023-04-04-16-01-17_33_0,2023-04-04,intermittent,marked_gaussian_evidence_assoc_quality_nis,128,7.886619566433642,17.497680602779532,3.6951141573848103,323.4375,36.84375,4.57421875,6373376,3988064,2810208,0
v2x_val,exposed_external,v2x_0003,2023-04-04-16-01-17_33_0,2023-04-04,intermittent,marked_gaussian_evidence_guarded_scalar_assoc_quality_nis,128,7.84675689712303,17.431300414253,3.752309502153148,326.8125,34.875,4.609375,6160384,3906112,2749888,0
v2x_val,exposed_external,v2x_0004,2023-04-05-16-09-26_6_1,2023-04-05,reliable,marked_gaussian_evidence_assoc_quality_nis,116,5.399006743259987,4.782882490200941,0.8046140370968606,48.41379310344828,0.0,0.6724137931034483,3830784,259520,259520,0
v2x_val,exposed_external,v2x_0004,2023-04-05-16-09-26_6_1,2023-04-05,reliable,marked_gaussian_evidence_guarded_scalar_assoc_quality_nis,116,5.43396360817438,4.818001616898063,0.818432743514169,49.03448275862069,0.0,0.6810344827586207,3830784,266592,266592,0
v2x_val,exposed_external,v2x_0004,2023-04-05-16-09-26_6_1,2023-04-05,intermittent,marked_gaussian_evidence_assoc_quality_nis,116,5.408607824781972,4.789067133154587,2.4788578778733963,45.62068965517241,0.0,0.6336206896551724,3830784,222912,184224,0
v2x_val,exposed_external,v2x_0004,2023-04-05-16-09-26_6_1,2023-04-05,intermittent,marked_gaussian_evidence_guarded_scalar_assoc_quality_nis,116,5.40868713350319,4.7892316400658155,2.481415726232164,45.62068965517241,0.0,0.6336206896551724,3830784,215840,175904,0
