condition,arm,frame,robot,detected,output_count,active_components,near_active_components,near_total_r,near_max_r,association_has_column,association_effective_labels,association_largest_share,association_nearest_distance_m,association_joint_mass
reliable,marked_gaussian_evidence_once_initial_negative,1,1,False,0,0,0,0.0,0.0,False,,,,
reliable,marked_gaussian_evidence_once_initial_negative,1,2,False,0,0,0,0.0,0.0,False,,,,
reliable,marked_gaussian_evidence_once_initial_negative,2,1,False,2,9,1,0.010208584972325912,0.010208584972325912,True,2.21867272339712,0.5833123232191996,0.06757423227289326,0.10166537826254675
reliable,marked_gaussian_evidence_once_initial_negative,2,2,False,2,9,1,0.010208584972325912,0.010208584972325912,False,,,,
reliable,marked_gaussian_evidence_once_initial_negative,3,1,False,3,19,1,0.008929449267710419,0.008929449267710419,True,3.9243381214726045,0.35231126275823565,0.07036703932767976,0.15176443374801438
reliable,marked_gaussian_evidence_once_initial_negative,3,2,False,3,19,1,0.008929449267710419,0.008929449267710419,False,,,,
reliable,marked_gaussian_evidence_once_initial_negative,4,1,False,3,25,2,0.0245986242487274,0.01452517438545462,True,5.674464973940235,0.3328803274895162,0.0560528450527953,0.3681608269196225
reliable,marked_gaussian_evidence_once_initial_negative,4,2,False,3,25,2,0.0245986242487274,0.01452517438545462,False,,,,
reliable,marked_gaussian_evidence_once_initial_negative,5,1,False,3,29,3,0.01849129125347164,0.00782569415865437,True,7.415029535121552,0.2657232587600676,0.09935741134367751,0.45693047554527055
reliable,marked_gaussian_evidence_once_initial_negative,5,2,False,3,29,3,0.01849129125347164,0.00782569415865437,False,,,,
reliable,marked_gaussian_evidence_once_initial_negative,6,1,False,4,36,4,0.03608140923682908,0.010908132826441177,True,10.720015538684182,0.15882011434323903,0.10656854480590164,0.45861558788937606
reliable,marked_gaussian_evidence_once_initial_negative,6,2,False,4,36,4,0.03608140923682908,0.010908132826441177,False,,,,
reliable,marked_gaussian_evidence_once_initial_negative,7,1,False,4,40,5,0.04579963182219785,0.012928221917985809,True,12.907535189411293,0.14257852478576952,0.05378356768864491,0.5909918288359739
reliable,marked_gaussian_evidence_once_initial_negative,7,2,False,4,40,5,0.04579963182219785,0.012928221917985809,False,,,,
reliable,marked_gaussian_evidence_once_initial_negative,8,1,False,5,49,12,0.09189468075026916,0.011194576345411543,True,14.887133748101231,0.15418166786581985,0.051262000733259636,0.7883129837527415
reliable,marked_gaussian_evidence_once_initial_negative,8,2,False,5,49,12,0.09189468075026916,0.011194576345411543,True,3.370372795097301,0.45702728090324757,35.07648949985105,1.8620082917092543e-13
reliable,marked_gaussian_evidence_once_initial_negative,9,1,False,5,49,15,0.11126097421202673,0.011284084699244312,True,18.602152130235428,0.10443522348027057,0.05706067093004055,0.7001824227998468
reliable,marked_gaussian_evidence_once_initial_negative,9,2,False,5,49,15,0.11126097421202673,0.011284084699244312,True,1.953557702244184,0.6080040945223272,35.64463907174475,0.00204438939187381
reliable,marked_gaussian_evidence_once_initial_negative,10,1,False,6,55,22,0.17087689779547924,0.010524605388767866,True,21.689617660259113,0.09678251081230427,0.04529137185970938,0.8723673372972152
reliable,marked_gaussian_evidence_once_initial_negative,10,2,False,6,55,22,0.17087689779547924,0.010524605388767866,True,1.7372999710279888,0.7589108094770473,35.80341075488868,0.054982862411077194
reliable,marked_gaussian_evidence_once_initial_negative,11,1,False,7,49,25,0.16837567922455973,0.008873713415907534,True,24.345028483203215,0.06689795639846821,0.11247041930649476,0.7991325610219264
reliable,marked_gaussian_evidence_once_initial_negative,11,2,False,7,49,25,0.16837567922455973,0.008873713415907534,True,2.2784832482221673,0.6665643799188613,35.99589844149703,0.32759596324607
reliable,marked_gaussian_evidence_once_initial_negative,12,1,False,7,47,26,0.19991635405496,0.01005274443774265,True,25.288885155227455,0.06712489129056465,0.051580401947551806,0.8284052964652029
reliable,marked_gaussian_evidence_once_initial_negative,12,2,False,7,47,26,0.19991635405496,0.01005274443774265,False,,,,
reliable,marked_gaussian_evidence_once_initial_negative,13,1,False,7,47,24,0.1773562441077882,0.009550288409221185,True,27.127530210678245,0.06195714445240911,0.03365421759250316,0.8605768037169166
reliable,marked_gaussian_evidence_once_initial_negative,13,2,False,7,47,24,0.1773562441077882,0.009550288409221185,False,,,,
reliable,marked_gaussian_evidence_once_initial_negative,14,1,False,7,44,27,0.20037463224807134,0.009371694703120634,True,28.6713517771467,0.05930353307630468,0.03193951217151648,0.8997265507652851
reliable,marked_gaussian_evidence_once_initial_negative,14,2,False,7,44,27,0.20037463224807134,0.009371694703120634,False,,,,
reliable,marked_gaussian_evidence_once_initial_negative,15,1,False,7,46,23,0.17025768614390485,0.01888741378004033,True,30.51328106808871,0.054829946580047355,0.09931305650821314,0.8542504902582899
reliable,marked_gaussian_evidence_once_initial_negative,15,2,False,7,46,23,0.17025768614390485,0.01888741378004033,False,,,,
reliable,marked_gaussian_evidence_once_initial_negative,16,1,False,7,49,25,0.19859849405627827,0.0418947288106887,True,30.649657732850265,0.11049257369125526,0.11344635573578923,0.8708533392935519
reliable,marked_gaussian_evidence_once_initial_negative,16,2,False,7,49,25,0.19859849405627827,0.0418947288106887,False,,,,
reliable,marked_gaussian_evidence_once_initial_negative,17,1,False,6,57,27,0.24715991009265528,0.0871032852890505,True,27.127338322343057,0.21009536686444372,0.03564853079705343,0.8856563685550555
reliable,marked_gaussian_evidence_once_initial_negative,17,2,False,6,57,27,0.24715991009265528,0.0871032852890505,False,,,,
reliable,marked_gaussian_evidence_once_initial_negative,18,1,False,7,62,23,0.290982902644879,0.17272945137013027,True,18.791113922933214,0.3685142358727986,0.045649281019597344,0.914641365267673
reliable,marked_gaussian_evidence_once_initial_negative,18,2,False,7,62,23,0.290982902644879,0.17272945137013027,False,,,,
reliable,marked_gaussian_evidence_once_initial_negative,19,1,False,6,69,10,0.3592847848082111,0.31503846874874175,True,9.316860635332793,0.5785267469230891,0.041851459391518776,0.8914563167906744
reliable,marked_gaussian_evidence_once_initial_negative,19,2,False,6,69,10,0.3592847848082111,0.31503846874874175,False,,,,
reliable,marked_gaussian_evidence_once_initial_negative,20,1,True,7,69,4,0.5629456973246022,0.5510157465451667,True,4.026700825606908,0.7724730641241923,0.09105700630675714,0.9785017908231721
reliable,marked_gaussian_evidence_once_initial_negative,20,2,True,7,69,4,0.5629456973246022,0.5510157465451667,False,,,,
reliable,marked_gaussian_evidence_once_initial_negative,21,1,True,7,77,1,0.7707775692488306,0.7707775692488306,True,1.8899428868719506,0.9121122257101192,0.09168980582450387,0.9661989780890803
reliable,marked_gaussian_evidence_once_initial_negative,21,2,True,7,77,1,0.7707775692488306,0.7707775692488306,False,,,,
reliable,marked_gaussian_evidence_once_initial_negative,22,1,True,7,78,1,0.9247072422225647,0.9247072422225647,True,1.2598968275594995,0.9729522252628363,0.06143679940974246,0.9901964586057117
reliable,marked_gaussian_evidence_once_initial_negative,22,2,True,7,78,1,0.9247072422225647,0.9247072422225647,False,,,,
reliable,marked_gaussian_evidence_once_initial_negative,23,1,True,7,79,1,0.9792175944567202,0.9792175944567202,True,1.0852600063815698,0.9915892076847811,0.1200661223864506,0.9904881530039561
reliable,marked_gaussian_evidence_once_initial_negative,23,2,True,7,79,1,0.9792175944567202,0.9792175944567202,False,,,,
reliable,marked_gaussian_evidence_once_initial_negative,24,1,True,7,74,1,0.9938557311516011,0.9938557311516011,True,1.044654722810788,0.9957802147221264,0.04687810512051207,0.9942235557902456
reliable,marked_gaussian_evidence_once_initial_negative,24,2,True,7,74,1,0.9938557311516011,0.9938557311516011,False,,,,
reliable,marked_gaussian_evidence_once_initial_negative,25,1,True,7,73,1,0.9966514909504884,0.9966514909504884,True,1.0330893603120268,0.9969379128575317,0.11109578156562097,0.9933082151804485
reliable,marked_gaussian_evidence_once_initial_negative,25,2,True,7,73,1,0.9966514909504884,0.9966514909504884,False,,,,
reliable,marked_gaussian_evidence_once_initial_negative,26,1,True,7,73,1,0.9975948724307104,0.9975948724307104,True,1.032758448102675,0.9969692836447771,0.1446768418821758,0.9951241384155025
reliable,marked_gaussian_evidence_once_initial_negative,26,2,True,7,73,1,0.9975948724307104,0.9975948724307104,False,,,,
reliable,marked_gaussian_evidence_once_initial_negative,27,1,True,7,77,1,0.9977839763013047,0.9977839763013047,True,1.0338003954302262,0.996881393212378,0.09425574860562583,0.9954386818581703
reliable,marked_gaussian_evidence_once_initial_negative,27,2,True,7,77,1,0.9977839763013047,0.9977839763013047,False,,,,
reliable,marked_gaussian_evidence_once_initial_negative,28,1,True,7,78,1,0.9972413475873713,0.9972413475873713,True,1.0351598027685416,0.9967669834519042,0.14609414399609785,0.9911479274026603
reliable,marked_gaussian_evidence_once_initial_negative,28,2,True,7,78,1,0.9972413475873713,0.9972413475873713,False,,,,
reliable,marked_gaussian_evidence_once_initial_negative,29,1,True,6,80,1,0.9975015827844732,0.9975015827844732,True,1.0380753695494835,0.9964826697811702,0.06595437955072765,0.9933229627765027
reliable,marked_gaussian_evidence_once_initial_negative,29,2,True,6,80,1,0.9975015827844732,0.9975015827844732,False,,,,
reliable,marked_gaussian_evidence_once_initial_negative,30,1,True,6,83,1,0.9976018397855098,0.9976018397855098,True,1.0398148507907514,0.9963338580385297,0.10946912424036814,0.9943409687560377
reliable,marked_gaussian_evidence_once_initial_negative,30,2,True,6,83,1,0.9976018397855098,0.9976018397855098,False,,,,
reliable,marked_gaussian_evidence_once_initial_negative,31,1,True,7,87,1,0.9975456599415962,0.9975456599415962,True,1.0414748483466676,0.9961879255503739,0.08829915880796961,0.993942384745356
reliable,marked_gaussian_evidence_once_initial_negative,31,2,True,7,87,1,0.9975456599415962,0.9975456599415962,False,,,,
reliable,marked_gaussian_evidence_once_initial_negative,32,1,True,7,91,1,0.9972604567009155,0.9972604567009155,True,1.0442180623288921,0.9959363061507994,0.1276275268101563,0.991857581419707
reliable,marked_gaussian_evidence_once_initial_negative,32,2,True,7,91,1,0.9972604567009155,0.9972604567009155,False,,,,
reliable,marked_gaussian_evidence_once_initial_negative,33,1,True,7,95,1,0.9974557082601764,0.9974557082601764,True,1.0469853744224311,0.9956753221643105,0.13037048703411427,0.9938967888874601
reliable,marked_gaussian_evidence_once_initial_negative,33,2,True,7,95,1,0.9974557082601764,0.9974557082601764,False,,,,
reliable,marked_gaussian_evidence_once_initial_negative,34,1,True,7,99,1,0.9977476199113333,0.9977476199113333,True,1.045870748467553,0.9957943024455806,0.06686490791099757,0.9959984984340441
reliable,marked_gaussian_evidence_once_initial_negative,34,2,True,7,99,1,0.9977476199113333,0.9977476199113333,False,,,,
reliable,marked_gaussian_evidence_once_initial_negative,35,1,True,7,103,1,0.997186731002769,0.997186731002769,True,1.0452562869618423,0.9958655077149275,0.07119023561182705,0.9909147268012479
reliable,marked_gaussian_evidence_once_initial_negative,35,2,True,7,103,1,0.997186731002769,0.997186731002769,False,,,,
reliable,marked_gaussian_evidence_once_initial_negative,36,1,True,8,101,1,0.997391232921236,0.997391232921236,True,1.0468171435573532,0.9957226463591827,0.06371735568738825,0.9937450235166505
reliable,marked_gaussian_evidence_once_initial_negative,36,2,True,8,101,1,0.997391232921236,0.997391232921236,False,,,,
reliable,marked_gaussian_evidence_once_initial_negative,37,1,True,8,103,1,0.997833724792351,0.997833724792351,True,1.04842101868808,0.9955752057218347,0.09117330618167116,0.9967800100688635
reliable,marked_gaussian_evidence_once_initial_negative,37,2,True,8,103,1,0.997833724792351,0.997833724792351,False,,,,
reliable,marked_gaussian_evidence_once_initial_negative,38,1,True,8,102,1,0.997506701574008,0.997506701574008,True,1.0462205991916707,0.9958042199197621,0.11920467821727368,0.9941020389695338
reliable,marked_gaussian_evidence_once_initial_negative,38,2,True,8,102,1,0.997506701574008,0.997506701574008,False,,,,
reliable,marked_gaussian_evidence_once_initial_negative,39,1,True,8,107,1,0.9974698555329212,0.9974698555329212,True,1.0455239468353321,0.9958809789785399,0.13080897192112637,0.9944544223904175
reliable,marked_gaussian_evidence_once_initial_negative,39,2,True,8,107,1,0.9974698555329212,0.9974698555329212,False,,,,
reliable,marked_gaussian_evidence_once_initial_negative,40,1,True,8,106,1,0.9976900398809586,0.9976900398809586,True,1.0449162119538689,0.9959450211068456,0.08858551246905268,0.9960086329395217
reliable,marked_gaussian_evidence_once_initial_negative,40,2,True,8,106,1,0.9976900398809586,0.9976900398809586,False,,,,
reliable,marked_gaussian_evidence_once_initial_negative,41,1,True,8,111,1,0.9972681922528858,0.9972681922528858,True,1.0435151857812879,0.996085627603277,0.07037480290136493,0.9924228512500959
reliable,marked_gaussian_evidence_once_initial_negative,41,2,True,8,111,1,0.9972681922528858,0.9972681922528858,False,,,,
reliable,marked_gaussian_evidence_once_initial_negative,42,1,True,8,110,1,0.9972959393844276,0.9972959393844276,True,1.0444229084645404,0.9960068267153126,0.1352366596943447,0.993452653061263
reliable,marked_gaussian_evidence_once_initial_negative,42,2,True,8,110,1,0.9972959393844276,0.9972959393844276,False,,,,
reliable,marked_gaussian_evidence_once_initial_negative,43,1,True,8,117,1,0.9975381765914887,0.9975381765914887,True,1.0448774258168791,0.9959638784776094,0.0833394835762643,0.994849886103955
reliable,marked_gaussian_evidence_once_initial_negative,43,2,True,8,117,1,0.9975381765914887,0.9975381765914887,True,1.0000015672596387,0.9999999089426701,54.83688755796934,5.3170429550159046e-42
reliable,marked_gaussian_evidence_once_initial_negative,44,1,True,8,115,1,0.9977322296364498,0.9977322296364498,True,1.0461504836033315,0.9958579502937904,0.07579585839954701,0.9963804747785507
reliable,marked_gaussian_evidence_once_initial_negative,44,2,True,8,115,1,0.9977322296364498,0.9977322296364498,False,,,,
reliable,marked_gaussian_evidence_once_initial_negative,45,1,True,8,123,1,0.9827292264137126,0.9827292264137126,True,1.0467877725418657,0.9958093586284078,0.07599994338219847,0.9970793643302329
reliable,marked_gaussian_evidence_once_initial_negative,45,2,True,8,123,1,0.9827292264137126,0.9827292264137126,False,,,,
reliable,marked_gaussian_evidence_once_initial_negative,46,1,True,8,122,1,0.9576599385797959,0.9576599385797959,True,1.0487537981382582,0.995624360744599,0.05281856519235835,0.994838251413904
reliable,marked_gaussian_evidence_once_initial_negative,46,2,True,8,122,1,0.9576599385797959,0.9576599385797959,False,,,,
reliable,marked_gaussian_evidence_once_initial_negative,47,1,True,8,129,1,0.9168022872393823,0.9168022872393823,True,1.0546484341592743,0.9950615995683196,0.03337188178640938,0.993247550947652
reliable,marked_gaussian_evidence_once_initial_negative,47,2,True,8,129,1,0.9168022872393823,0.9168022872393823,False,,,,
reliable,marked_gaussian_evidence_once_initial_negative,48,1,True,8,128,2,0.8510850419703871,0.8491896147882043,True,1.0647926791889233,0.9941023420912212,0.054656727329486246,0.9919356845687497
reliable,marked_gaussian_evidence_once_initial_negative,48,2,True,8,128,2,0.8510850419703871,0.8491896147882043,False,,,,
reliable,marked_gaussian_evidence_once_initial_negative,49,1,True,8,135,2,0.7905920050091509,0.7886055648501501,True,1.082546305302003,0.9923727625741958,0.0581685833824595,0.9956593638538812
reliable,marked_gaussian_evidence_once_initial_negative,49,2,True,8,135,2,0.7905920050091509,0.7886055648501501,False,,,,
reliable,marked_gaussian_evidence_once_initial_negative,50,1,True,8,134,2,0.6596000356693177,0.6576296521525749,True,1.1008937129627323,0.9905928631915553,0.13003677900754507,0.9854201993827824
reliable,marked_gaussian_evidence_once_initial_negative,50,2,True,8,134,2,0.6596000356693177,0.6576296521525749,True,1.0,1.0,66.29367577706189,3.2009371554846844e-66
reliable,marked_gaussian_evidence_once_initial_negative,51,1,True,8,142,2,0.5390292965835308,0.5369600201002177,True,1.15005144343425,0.9857633318261422,0.08924475283613055,0.9876100622566967
reliable,marked_gaussian_evidence_once_initial_negative,51,2,True,8,142,2,0.5390292965835308,0.5369600201002177,False,,,,
reliable,marked_gaussian_evidence_once_initial_negative,52,1,True,8,140,2,0.39585327305663215,0.3937059818116433,True,1.235455229749532,0.9774990231549003,0.04546557902497019,0.9783788615936292
reliable,marked_gaussian_evidence_once_initial_negative,52,2,True,8,140,2,0.39585327305663215,0.3937059818116433,False,,,,
reliable,marked_gaussian_evidence_once_initial_negative,53,1,False,8,132,3,0.2635431879596066,0.2597721960560112,True,1.4113045420507437,0.9611260582844372,0.06837284706978408,0.9637937916466803
reliable,marked_gaussian_evidence_once_initial_negative,53,2,False,8,132,3,0.2635431879596066,0.2597721960560112,False,,,,
reliable,marked_gaussian_evidence_once_initial_negative,54,1,False,8,133,8,0.18000952030863432,0.16810349627484752,True,1.8189205557305197,0.9271754371773008,0.04155659970176547,0.9612120217366389
reliable,marked_gaussian_evidence_once_initial_negative,54,2,False,8,133,8,0.18000952030863432,0.16810349627484752,False,,,,
reliable,marked_gaussian_evidence_once_initial_negative,55,1,False,8,138,18,0.13230283049483954,0.09413686511388768,True,3.224273511207216,0.8420932677540314,0.07864627236752818,0.942924343240477
reliable,marked_gaussian_evidence_once_initial_negative,55,2,False,8,138,18,0.13230283049483954,0.09413686511388768,False,,,,
reliable,marked_gaussian_evidence_once_initial_negative,56,1,False,8,141,22,0.1045124158368231,0.042980067332406,True,11.268451127045552,0.6245569054244624,0.08208080467486802,0.9402348367522546
reliable,marked_gaussian_evidence_once_initial_negative,56,2,False,8,141,22,0.1045124158368231,0.042980067332406,False,,,,
reliable,marked_gaussian_evidence_once_initial_negative,57,1,False,8,145,28,0.10544547643857917,0.014023010210729681,True,57.31481469992862,0.27101562685089314,0.09887432377805208,0.902765556173413
reliable,marked_gaussian_evidence_once_initial_negative,57,2,False,8,145,28,0.10544547643857917,0.014023010210729681,False,,,,
reliable,marked_gaussian_evidence_once_initial_negative,58,1,False,7,149,33,0.11471726478627192,0.0043741769459818645,True,115.2050154274912,0.0611611586278041,0.039719495252907425,0.9523728004149303
reliable,marked_gaussian_evidence_once_initial_negative,58,2,False,7,149,33,0.11471726478627192,0.0043741769459818645,True,1.0000000000000027,1.0,32.641485575489284,4.053770120468096e-24
reliable,marked_gaussian_evidence_once_initial_negative,59,1,False,7,154,130,0.4834649387389754,0.0040011659382228485,True,127.62887355315573,0.014754806682811301,0.0830707168783325,0.920939215045026
reliable,marked_gaussian_evidence_once_initial_negative,59,2,False,7,154,130,0.4834649387389754,0.0040011659382228485,True,1.0,1.0,32.593402563315735,0.08845372259400568
reliable,marked_gaussian_evidence_once_initial_negative,60,1,False,7,159,133,0.4911652975415158,0.003865666216837792,True,130.28217325514441,0.013245339305467623,0.07681619984072663,0.9714464053258347
reliable,marked_gaussian_evidence_once_initial_negative,60,2,False,7,159,133,0.4911652975415158,0.003865666216837792,True,1.6695752554411574,0.7910446787232472,32.43225471951759,0.22120713105452805
reliable,marked_gaussian_evidence_once_initial_negative,61,1,False,7,154,131,0.4810820846613189,0.0038257236164982865,True,132.78167437319595,0.012749245012079347,0.04629540010971166,0.9218740116740314
reliable,marked_gaussian_evidence_once_initial_negative,61,2,False,7,154,131,0.4810820846613189,0.0038257236164982865,True,2.4025011856611735,0.6309640605377137,32.3352049730279,0.47356378777104224
reliable,marked_gaussian_evidence_once_initial_negative,62,1,False,7,161,131,0.4717430776403554,0.003746225748557986,True,135.66470323051269,0.01239946093359219,0.0820008669988391,0.944955424141122
reliable,marked_gaussian_evidence_once_initial_negative,62,2,False,7,161,131,0.4717430776403554,0.003746225748557986,True,3.5229403953356493,0.4260449030556738,32.270453544530376,0.6238570778918142
reliable,marked_gaussian_evidence_once_initial_negative,63,1,False,7,164,129,0.4713906824046135,0.003789460318501008,True,138.25332733676004,0.01263437441552698,0.060304704569526225,0.9551718134041047
reliable,marked_gaussian_evidence_once_initial_negative,63,2,False,7,164,129,0.4713906824046135,0.003789460318501008,True,4.014072186863692,0.43147333535087923,32.26200262235368,0.6758555262329822
reliable,marked_gaussian_evidence_once_initial_negative,64,1,False,7,173,133,0.4706425442554737,0.0036918889560638695,True,141.2754651760653,0.012631809603608464,0.0795192752049788,0.9199104268695775
reliable,marked_gaussian_evidence_once_initial_negative,64,2,False,7,173,133,0.4706425442554737,0.0036918889560638695,True,5.1622484781486,0.2934536243683113,32.24008665436323,0.4423241344053311
reliable,marked_gaussian_evidence_once_initial_negative,65,1,False,7,175,133,0.4701881674619893,0.003690615158512159,True,144.3524101296118,0.012466532154255817,0.08209555183358459,0.9110933261099694
reliable,marked_gaussian_evidence_once_initial_negative,65,2,False,7,175,133,0.4701881674619893,0.003690615158512159,True,5.646336758406625,0.2780768808607654,32.10116601583492,0.6395125482081127
reliable,marked_gaussian_evidence_once_initial_negative,66,1,False,7,183,132,0.47412507843970797,0.0037416243348937627,True,147.32257333512496,0.012034406423758583,0.06599980548507882,0.9400990931284788
reliable,marked_gaussian_evidence_once_initial_negative,66,2,False,7,183,132,0.47412507843970797,0.0037416243348937627,True,6.833082885682909,0.22624351403738147,31.943306649089752,0.6981664160643675
reliable,marked_gaussian_evidence_once_initial_negative,67,1,False,7,184,130,0.4565232095662972,0.0036496489275819172,True,150.4026218944979,0.01163538086291458,0.04927572298403228,0.8911043887646829
reliable,marked_gaussian_evidence_once_initial_negative,67,2,False,7,184,130,0.4565232095662972,0.0036496489275819172,True,7.208594847032317,0.24173854647342494,32.058025496969925,0.5913775896966302
reliable,marked_gaussian_evidence_once_initial_negative,68,1,False,7,192,138,0.4808371119915956,0.0036562738530489984,True,153.53603182133227,0.010951553600055987,0.0349348153204243,0.922701593043463
reliable,marked_gaussian_evidence_once_initial_negative,68,2,False,7,192,138,0.4808371119915956,0.0036562738530489984,True,8.705066271488498,0.20639791569031637,31.767677130348332,0.8027066905564471
reliable,marked_gaussian_evidence_once_initial_negative,69,1,False,7,197,138,0.475172895454813,0.0036077211478836046,True,156.85425012513076,0.010032397736390933,0.048842939611930904,0.9050171650079948
reliable,marked_gaussian_evidence_once_initial_negative,69,2,False,7,197,138,0.475172895454813,0.0036077211478836046,True,9.186838498660745,0.16942475911192026,31.773103596231277,0.8741612329080309
reliable,marked_gaussian_evidence_once_initial_negative,70,1,False,7,201,147,0.5033246643905773,0.0035996610597279154,True,160.01611795994143,0.009024206996899322,0.040988381890688735,0.922646240000681
reliable,marked_gaussian_evidence_once_initial_negative,70,2,False,7,201,147,0.5033246643905773,0.0035996610597279154,True,9.758430126089829,0.1926154084408173,31.716923557479213,0.8021384832212181
reliable,marked_gaussian_evidence_once_initial_negative,71,1,False,7,208,149,0.5056214355100359,0.0035675112255777247,True,163.08805533587088,0.008026802289699325,0.07970625736675815,0.9296324620477485
reliable,marked_gaussian_evidence_once_initial_negative,71,2,False,7,208,149,0.5056214355100359,0.0035675112255777247,True,11.281597996796378,0.13985905651740319,31.722093907388395,0.944864591494437
reliable,marked_gaussian_evidence_once_initial_negative,72,1,False,8,212,152,0.5147493077184528,0.003577765283097626,True,166.53391705355105,0.007184519523710553,0.09955328073333283,0.9550333909984701
reliable,marked_gaussian_evidence_once_initial_negative,72,2,False,8,212,152,0.5147493077184528,0.003577765283097626,True,11.874949427541335,0.12012314069735833,31.690189526503122,0.9795697504089913
reliable,marked_gaussian_evidence_once_initial_negative,73,1,False,8,217,155,0.500733553251542,0.0034221196035314145,True,169.8787852664093,0.006491995086514083,0.042233186738611615,0.8431846679940038
reliable,marked_gaussian_evidence_once_initial_negative,73,2,False,8,217,155,0.500733553251542,0.0034221196035314145,True,12.739600803864862,0.10821192691539173,31.607370832779715,0.9523728800972892
reliable,marked_gaussian_evidence_once_initial_negative,74,1,False,8,226,172,0.5603332679530063,0.0034433261050593,True,173.57257346395485,0.006381506900531711,0.047087991380743204,0.9000953637120201
reliable,marked_gaussian_evidence_once_initial_negative,74,2,False,8,226,172,0.5603332679530063,0.0034433261050593,True,13.391002675181767,0.10195089063390554,31.508568426791683,0.9554245441315286
reliable,marked_gaussian_evidence_once_initial_negative,75,1,False,8,231,171,0.545726755986655,0.003370490636314212,True,177.28505880721025,0.006289801195191385,0.05412117733474206,0.8729714563929833
reliable,marked_gaussian_evidence_once_initial_negative,75,2,False,8,231,171,0.545726755986655,0.003370490636314212,True,14.267125689977362,0.10625774087460821,31.472848442884164,0.945523952670566
reliable,marked_gaussian_evidence_once_initial_negative,76,1,False,9,235,179,0.5623382462451099,0.003312604554806377,True,181.13609356279704,0.00617250366674406,0.06050622674186132,0.8909289670711062
reliable,marked_gaussian_evidence_once_initial_negative,76,2,False,9,235,179,0.5623382462451099,0.003312604554806377,True,15.251743937835505,0.09732944720717213,31.400538804888537,0.9696692895700392
reliable,marked_gaussian_evidence_once_initial_negative,77,1,False,8,220,183,0.5650190764239662,0.0032568551499156935,True,185.0392525034301,0.006070801011005114,0.05918060669807441,0.8663838330279157
reliable,marked_gaussian_evidence_once_initial_negative,77,2,False,8,220,183,0.5650190764239662,0.0032568551499156935,True,2.8963618150226393,0.6161596624642224,40.117099119661724,0.7387605711853591
reliable,marked_gaussian_evidence_once_initial_negative,78,1,False,8,222,188,0.571563537909904,0.003205548731354004,True,188.34533902603908,0.0059490237626446145,0.06272869970874015,0.8852222422295959
reliable,marked_gaussian_evidence_once_initial_negative,78,2,False,8,222,188,0.571563537909904,0.003205548731354004,True,1.0000000834457958,0.9999999958924985,31.115789584391614,7.371430303916697e-22
reliable,marked_gaussian_evidence_once_initial_negative,79,1,False,8,219,195,0.5880234034553358,0.003171101939226156,True,192.06956110243456,0.0058170009172497684,0.07063913026894945,0.907831038199676
reliable,marked_gaussian_evidence_once_initial_negative,79,2,False,8,219,195,0.5880234034553358,0.003171101939226156,False,,,,
reliable,marked_gaussian_evidence_once_initial_negative,80,1,False,7,224,196,0.5709307104802691,0.003059432161263498,True,195.1761627804883,0.005717359364878566,0.089886470798468,0.811836591557171
reliable,marked_gaussian_evidence_once_initial_negative,80,2,False,7,224,196,0.5709307104802691,0.003059432161263498,False,,,,
reliable,marked_gaussian_evidence_once_initial_negative,81,1,False,8,226,197,0.588229130395518,0.0031198937425087323,True,198.5343092555214,0.005588401422464236,0.09683389666624291,0.8733150978678292
reliable,marked_gaussian_evidence_once_initial_negative,81,2,False,8,226,197,0.588229130395518,0.0031198937425087323,True,1.0000000000012046,0.9999999999999631,30.75079573750311,2.6843844232287305e-20
reliable,marked_gaussian_evidence_once_initial_negative,82,1,False,8,226,203,0.6005281679158332,0.0030811270555650225,True,201.7345890748912,0.0054920625069612905,0.05456438340554461,0.8691388370622892
reliable,marked_gaussian_evidence_once_initial_negative,82,2,False,8,226,203,0.6005281679158332,0.0030811270555650225,False,,,,
reliable,marked_gaussian_evidence_once_initial_negative,83,1,False,8,231,207,0.6098391342123068,0.0030678544297012013,True,204.75472510676323,0.005399691184230429,0.10988162286020166,0.9367084558142356
reliable,marked_gaussian_evidence_once_initial_negative,83,2,False,8,231,207,0.6098391342123068,0.0030678544297012013,True,1.0018875604652608,0.9998056099473789,39.147150548792176,2.298542669283192e-07
reliable,marked_gaussian_evidence_once_initial_negative,84,1,False,8,230,209,0.6132835248600988,0.0030466576037010244,True,207.65335078038274,0.005320914329435602,0.09778786706145108,0.8991926296261292
reliable,marked_gaussian_evidence_once_initial_negative,84,2,False,8,230,209,0.6132835248600988,0.0030466576037010244,False,,,,
reliable,marked_gaussian_evidence_once_initial_negative,85,1,False,8,234,212,0.6370337880471275,0.0031174081897151497,True,210.61472317343666,0.005244834621635248,0.06426381982018775,0.9759042038186971
reliable,marked_gaussian_evidence_once_initial_negative,85,2,False,8,234,212,0.6370337880471275,0.0031174081897151497,False,,,,
reliable,marked_gaussian_evidence_once_initial_negative,86,1,False,8,236,215,0.6297032591493283,0.003036248059004283,True,213.5057231894987,0.005149987591554684,0.08472257983545375,0.9301464348078077
reliable,marked_gaussian_evidence_once_initial_negative,86,2,False,8,236,215,0.6297032591493283,0.003036248059004283,False,,,,
reliable,marked_gaussian_evidence_once_initial_negative,87,1,False,8,239,218,0.6114018572467228,0.00290517811919073,True,216.52997394404375,0.005083864942976735,0.08195296594854169,0.887455239096737
reliable,marked_gaussian_evidence_once_initial_negative,87,2,False,8,239,218,0.6114018572467228,0.00290517811919073,False,,,,
reliable,marked_gaussian_evidence_once_initial_negative,88,1,False,8,242,221,0.6145751660033516,0.002879460387170721,True,219.50361378275937,0.005006793945438793,0.08739144764921328,0.878993306185196
reliable,marked_gaussian_evidence_once_initial_negative,88,2,False,8,242,221,0.6145751660033516,0.002879460387170721,True,1.0000000013033867,0.9999999999488143,30.441956274636272,2.0567800237100658e-22
reliable,marked_gaussian_evidence_once_initial_negative,89,1,False,8,243,225,0.43643143024139097,0.00204948003980393,True,222.54126322219156,0.0049389328007703,0.07896311212900294,0.792733885535948
reliable,marked_gaussian_evidence_once_initial_negative,89,2,False,8,243,225,0.43643143024139097,0.00204948003980393,False,,,,
reliable,marked_gaussian_evidence_once_initial_negative,90,1,False,8,243,224,0.43775899064777746,0.002055002976814919,True,221.7637921883975,0.004884756910796603,0.07416026837806886,0.82211545432462
reliable,marked_gaussian_evidence_once_initial_negative,90,2,False,8,243,224,0.43775899064777746,0.002055002976814919,True,1.8349422105374371,0.7044886283085384,32.05388853703006,0.0015644346245120367
reliable,marked_gaussian_evidence_once_initial_negative,91,1,False,8,241,224,0.46389062715827445,0.0021524162929911334,True,221.59053136224856,0.004777209959387229,0.0642205263939614,0.9260448499206702
reliable,marked_gaussian_evidence_once_initial_negative,91,2,False,8,241,224,0.46389062715827445,0.0021524162929911334,True,1.3769572123147626,0.9223612274018912,31.88531971379977,0.03277539821606285
reliable,marked_gaussian_evidence_once_initial_negative,92,1,False,8,243,222,0.5027425949064843,0.0023204747557650997,True,222.27966712782413,0.004702823867624213,0.054113951884488136,0.9591339163630364
reliable,marked_gaussian_evidence_once_initial_negative,92,2,False,8,243,222,0.5027425949064843,0.0023204747557650997,True,1.190964024162164,0.9578354952960814,31.636080327321533,0.03684638949757663
reliable,marked_gaussian_evidence_once_initial_negative,93,1,False,8,248,220,0.5313109362366142,0.002450069754356921,True,224.93477995943215,0.004633501728108983,0.05445279724919179,0.9456139693839183
reliable,marked_gaussian_evidence_once_initial_negative,93,2,False,8,248,220,0.5313109362366142,0.002450069754356921,True,1.1525694227895749,0.9678924040955141,31.347511980690964,0.11270659201363407
reliable,marked_gaussian_evidence_once_initial_negative,94,1,False,8,247,228,0.4589945870878667,0.0020730332678924406,True,227.21775575057526,0.004635112553051527,0.07796268354325396,0.8750027458911901
reliable,marked_gaussian_evidence_once_initial_negative,94,2,False,8,247,228,0.4589945870878667,0.0020730332678924406,True,1.0000206873549526,0.999998571232678,30.7831349125223,0.00011079380364849445
reliable,marked_gaussian_evidence_once_initial_negative,95,1,False,8,246,223,0.5227941964377528,0.0023683549312191934,True,225.42752759500613,0.004635308830504672,0.08441973851349295,0.961838412666769
reliable,marked_gaussian_evidence_once_initial_negative,95,2,False,8,246,223,0.5227941964377528,0.0023683549312191934,True,2.185021858561987,0.4970828903888634,30.602051906893415,0.059095282256827295
reliable,marked_gaussian_evidence_once_initial_negative,96,1,False,8,253,220,0.5528333723990233,0.0027946108954687962,True,227.91764282835322,0.0046352770198990235,0.040618386094781356,0.9415156240486678
reliable,marked_gaussian_evidence_once_initial_negative,96,2,False,8,253,220,0.5528333723990233,0.0027946108954687962,True,1.137535282491667,0.9716768987721666,30.258975680107575,0.022841713183216858
reliable,marked_gaussian_evidence_once_initial_negative,97,1,False,8,249,232,0.4644136576528092,0.0020959419999157423,True,230.7634284241119,0.004705656104415919,0.041476966417009195,0.8805850135813242
reliable,marked_gaussian_evidence_once_initial_negative,97,2,False,8,249,232,0.4644136576528092,0.0020959419999157423,True,1.7922814536961131,0.8108341847183664,29.982045133464638,0.012733948014912424
reliable,marked_gaussian_evidence_once_initial_negative,98,1,False,8,253,230,0.5439873713524975,0.0024089617258634503,True,228.99071118301202,0.0046842600893420286,0.0951229083917213,0.9083086166954254
reliable,marked_gaussian_evidence_once_initial_negative,98,2,False,8,253,230,0.5439873713524975,0.0024089617258634503,True,1.1483717852522237,0.9729117715856118,29.802164772458756,0.0150792163069822
reliable,marked_gaussian_evidence_once_initial_negative,99,1,False,8,256,224,0.5834232143459497,0.002754876440736662,True,232.0012360989044,0.004637927317769091,0.044937956344475075,0.9446523446423822
reliable,marked_gaussian_evidence_once_initial_negative,99,2,False,8,256,224,0.5834232143459497,0.002754876440736662,True,1.5020825711575576,0.8869889991152818,37.43796145220059,0.0011801813340575227
reliable,marked_gaussian_evidence_once_initial_negative,100,1,False,8,262,223,0.6044724509549665,0.002759242420588214,True,235.15518399374852,0.00463579530669403,0.04982663915443186,0.9559709101896164
reliable,marked_gaussian_evidence_once_initial_negative,100,2,False,8,262,223,0.6044724509549665,0.002759242420588214,True,1.1400378409420835,0.9746949815595394,37.03838277142777,0.034876221694011805
reliable,marked_gaussian_evidence_once_initial_negative,101,1,False,8,263,227,0.6257962291343809,0.002793951603439951,True,238.4805413637632,0.004602784949300661,0.01459123017618354,0.9256054457940872
reliable,marked_gaussian_evidence_once_initial_negative,101,2,False,8,263,227,0.6257962291343809,0.002793951603439951,True,1.0217069790655429,0.9971712137557177,36.55566614307732,0.03565998510975367
reliable,marked_gaussian_evidence_once_initial_negative,102,1,False,8,267,244,0.4674298701119146,0.0020516664141222523,True,241.99334728376746,0.004524707528379378,0.0612702434879851,0.8367250877753946
reliable,marked_gaussian_evidence_once_initial_negative,102,2,False,8,267,244,0.4674298701119146,0.0020516664141222523,True,1.003699199459988,0.9995870466231822,37.0280922826782,0.026304093435256463
reliable,marked_gaussian_evidence_once_initial_negative,103,1,False,8,264,243,0.6096227696096999,0.002584910786496677,True,241.21458080803163,0.00447470137934016,0.03749735343735392,0.981203740321665
reliable,marked_gaussian_evidence_once_initial_negative,103,2,False,8,264,243,0.6096227696096999,0.002584910786496677,False,,,,
reliable,marked_gaussian_evidence_once_initial_negative,104,1,False,8,273,240,0.6091526076134224,0.00259603748748557,True,243.72841582241094,0.004716896274090558,0.05698818335245788,0.8510232487713612
reliable,marked_gaussian_evidence_once_initial_negative,104,2,False,8,273,240,0.6091526076134224,0.00259603748748557,False,,,,
reliable,marked_gaussian_evidence_once_initial_negative,105,1,False,7,275,249,0.4970961224795404,0.002240123202575782,True,246.96896084736412,0.00509316571745489,0.05239452243633204,0.9376646324393147
reliable,marked_gaussian_evidence_once_initial_negative,105,2,False,7,275,249,0.4970961224795404,0.002240123202575782,False,,,,
reliable,marked_gaussian_evidence_once_initial_negative,106,1,False,7,272,245,0.4733378705559011,0.0021197837670256232,True,246.26625368855957,0.004883877807528555,0.0719553852227941,0.8736006964282979
reliable,marked_gaussian_evidence_once_initial_negative,106,2,False,7,272,245,0.4733378705559011,0.0021197837670256232,False,,,,
reliable,marked_gaussian_evidence_once_initial_negative,107,1,False,6,263,244,0.5452674735058807,0.0022792696732194207,True,244.3434147197374,0.004533163265111961,0.0510837335245769,0.9441543906436105
reliable,marked_gaussian_evidence_once_initial_negative,107,2,False,6,263,244,0.5452674735058807,0.0022792696732194207,False,,,,
reliable,marked_gaussian_evidence_once_initial_negative,108,1,False,6,265,243,0.562352542405641,0.0023468437427358615,True,246.81112492786067,0.004449089505603697,0.021879969483652523,0.8734498756053748
reliable,marked_gaussian_evidence_once_initial_negative,108,2,False,6,265,243,0.562352542405641,0.0023468437427358615,False,,,,
reliable,marked_gaussian_evidence_once_initial_negative,109,1,False,6,266,241,0.6235058514672225,0.0026989736689634917,True,249.30755084307876,0.004706940898029521,0.045280644753644225,0.8968603605508878
reliable,marked_gaussian_evidence_once_initial_negative,109,2,False,6,266,241,0.6235058514672225,0.0026989736689634917,False,,,,
reliable,marked_gaussian_evidence_once_initial_negative,110,1,False,6,271,241,0.6470706298492261,0.0027074427614711023,True,251.94407870854627,0.00520286315184044,0.038825024169705465,0.9051369762818348
reliable,marked_gaussian_evidence_once_initial_negative,110,2,False,6,271,241,0.6470706298492261,0.0027074427614711023,True,1.000000571406011,0.999999968743445,28.086867842343377,0.00025300936231010716
reliable,marked_gaussian_evidence_once_initial_negative,111,1,False,6,271,251,0.6655891127491294,0.0026999940487805623,True,254.7497165077145,0.00569552305547008,0.05057140941230824,0.9287953032422935
reliable,marked_gaussian_evidence_once_initial_negative,111,2,False,6,271,251,0.6655891127491294,0.0026999940487805623,True,1.0641979480404162,0.988626564124214,26.48790250405761,0.003387170770822271
reliable,marked_gaussian_evidence_once_initial_negative,112,1,False,6,278,255,0.6453456781749836,0.002628431018402996,True,257.16660452721015,0.006050845171957608,0.04904137301125394,0.8484381964082959
reliable,marked_gaussian_evidence_once_initial_negative,112,2,False,6,278,255,0.6453456781749836,0.002628431018402996,True,1.3213202382766471,0.9409385260346799,27.422584183486848,0.0050373188282226145
reliable,marked_gaussian_evidence_once_initial_negative,113,1,False,6,280,260,0.6671709531943469,0.0027308650363391746,True,260.24953259895284,0.00604068730453354,0.06875918499295304,0.9157485514786121
reliable,marked_gaussian_evidence_once_initial_negative,113,2,False,6,280,260,0.6671709531943469,0.0027308650363391746,True,2.688879754251286,0.6302667499165105,27.209184340531873,0.13106940182471746
reliable,marked_gaussian_evidence_once_initial_negative,114,1,False,6,287,264,0.6750340534582723,0.0027382171306783746,True,263.2784576834433,0.005838510902516555,0.07189153767717339,0.9293837468887639
reliable,marked_gaussian_evidence_once_initial_negative,114,2,False,6,287,264,0.6750340534582723,0.0027382171306783746,True,2.6473851481607027,0.6861701403548887,27.009404979788208,0.7732827899336264
reliable,marked_gaussian_evidence_once_initial_negative,115,1,False,6,289,266,0.6738547573206547,0.00266794638729937,True,266.24057872128503,0.00556638656075732,0.08584352655279938,0.8405294680281512
reliable,marked_gaussian_evidence_once_initial_negative,115,2,False,6,289,266,0.6738547573206547,0.00266794638729937,True,4.149134635305769,0.5501989873104414,27.036502130402436,0.7238687027640361
reliable,marked_gaussian_evidence_once_initial_negative,116,1,False,6,295,269,0.6581969388939746,0.002548288454354475,True,268.7344241068248,0.005193439388868633,0.06237627225631114,0.7457290719985739
reliable,marked_gaussian_evidence_once_initial_negative,116,2,False,6,295,269,0.6581969388939746,0.002548288454354475,True,6.791907372787681,0.23854842330190526,26.885216517387924,0.8132709635163305
reliable,marked_gaussian_evidence_once_initial_negative,117,1,False,6,291,272,0.6821263330292382,0.002629335617828891,True,271.2109438346283,0.004815027753947613,0.046204382595739536,0.8715446723816112
reliable,marked_gaussian_evidence_once_initial_negative,117,2,False,6,291,272,0.6821263330292382,0.002629335617828891,True,7.634199961679781,0.2657081473985916,26.819649921034678,0.8674329834693028
reliable,marked_gaussian_evidence_once_initial_negative,118,1,False,6,298,276,0.49112672270649926,0.002057440189735273,True,273.4227719229613,0.004922079827536553,0.08009353867312048,0.8093210240077524
reliable,marked_gaussian_evidence_once_initial_negative,118,2,False,6,298,276,0.49112672270649926,0.002057440189735273,True,7.771320748567493,0.27053653288752116,26.636313159231786,0.7799519249050938
reliable,marked_gaussian_evidence_once_initial_negative,119,1,False,6,290,272,0.48373607141350194,0.0020052231947229916,True,273.5855733554157,0.004636632891994941,0.0614665593688981,0.8224825262232125
reliable,marked_gaussian_evidence_once_initial_negative,119,2,False,6,290,272,0.48373607141350194,0.0020052231947229916,True,1.025973816007191,0.9965506694964108,9.807268694382405,0.7215879102610979
reliable,marked_gaussian_evidence_once_initial_negative,120,1,False,6,293,271,0.5911863878023957,0.0022976768068858253,True,271.0324886449282,0.004145164086421612,0.07214371370798427,0.9318058465114116
reliable,marked_gaussian_evidence_once_initial_negative,120,2,False,6,293,271,0.5911863878023957,0.0022976768068858253,True,1.1004029699220237,0.9806224010152674,9.762092159306667,0.7104625094551259
reliable,marked_gaussian_evidence_once_initial_negative,121,1,False,6,294,270,0.6165861778161861,0.0023725947320030146,True,273.0876064701291,0.004008754451533913,0.07254837022456813,0.8792865196627792
reliable,marked_gaussian_evidence_once_initial_negative,121,2,False,6,294,270,0.6165861778161861,0.0023725947320030146,True,1.1022679258325823,0.9831114853606021,9.721748538037938,0.7354149110855867
reliable,marked_gaussian_evidence_once_initial_negative,122,1,False,6,296,0,0.0,0.0,True,275.2415473499471,0.0058903956883738975,3.483331537044233,0.6891484956791547
reliable,marked_gaussian_evidence_once_initial_negative,122,2,False,6,296,0,0.0,0.0,True,1.0901201469695472,0.9858835902149962,9.69554672988585,0.9449274801270282
reliable,marked_gaussian_evidence_once_initial_negative,123,1,False,7,293,0,0.0,0.0,True,273.17874654421587,0.011538528009097304,0.08303720827616741,0.48598766794327847
reliable,marked_gaussian_evidence_once_initial_negative,123,2,False,7,293,0,0.0,0.0,True,274.68810673842415,0.0049913601976112245,4.009254279345464,0.9566588197097077
reliable,marked_gaussian_evidence_once_initial_negative,124,1,False,7,292,2,0.005522227801416913,0.003700374107568248,True,269.69761024894444,0.02055584384697296,0.05159638179157058,0.5659494939096699
reliable,marked_gaussian_evidence_once_initial_negative,124,2,False,7,292,2,0.005522227801416913,0.003700374107568248,True,258.6987686442816,0.04179302569135994,3.932953547494068,0.9986870553843283
reliable,marked_gaussian_evidence_once_initial_negative,125,1,False,7,285,1,0.0013304244964427898,0.0013304244964427898,True,275.2456387736941,0.004064264346428885,3.5228792165230707,0.9203348956548876
reliable,marked_gaussian_evidence_once_initial_negative,125,2,False,7,285,1,0.0013304244964427898,0.0013304244964427898,True,259.9656704923868,0.03776392813598966,3.9762470423818486,0.9993566966854575
reliable,marked_gaussian_evidence_once_initial_negative,126,1,False,7,292,3,0.006241017884873549,0.0034365956906024808,True,220.5551834659294,0.07361293851310755,0.03177097888515216,0.12820083442268748
reliable,marked_gaussian_evidence_once_initial_negative,126,2,False,7,292,3,0.006241017884873549,0.0034365956906024808,True,261.6402908446354,0.03278717887406047,4.056538795459674,0.9511389970160709
reliable,marked_gaussian_evidence_once_initial_negative,127,1,False,8,27,8,0.018969055546123444,0.0033820416767598813,True,155.33597678908916,0.07531516643730421,0.04967207406246074,0.13722471630743258
reliable,marked_gaussian_evidence_once_initial_negative,127,2,False,8,27,8,0.018969055546123444,0.0033820416767598813,True,1.5451725414558497,0.8427180393609274,26.66770256673142,0.8991049875681565
reliable,marked_gaussian_evidence_once_initial_negative,128,1,False,8,31,8,0.03022270908557985,0.004706504946703075,True,8.976246421531435,0.19221101603851043,0.05031572624499657,0.08389556871638298
reliable,marked_gaussian_evidence_once_initial_negative,128,2,False,8,31,8,0.03022270908557985,0.004706504946703075,True,1.3034965344982843,0.9272683160781279,25.69109267370397,0.9993349199637438
reliable,marked_gaussian_evidence_once_initial_negative,129,1,False,8,37,13,0.049314576184490096,0.006773154786559209,True,11.073483722890366,0.22892364010564,0.06537621963130108,0.1921429595342107
reliable,marked_gaussian_evidence_once_initial_negative,129,2,False,8,37,13,0.049314576184490096,0.006773154786559209,True,1.154741396812153,0.9731348244885779,23.872732121927005,0.00023154136287168562
reliable,marked_gaussian_evidence_once_initial_negative,130,1,False,8,37,14,0.07407897098878628,0.008751987955925937,True,12.084818000243903,0.21229384352184968,0.05407432501368672,0.33167079369253066
reliable,marked_gaussian_evidence_once_initial_negative,130,2,False,8,37,14,0.07407897098878628,0.008751987955925937,True,1.0038610600978315,0.9996012020101931,25.212750941242707,0.9934500289335795
reliable,marked_gaussian_evidence_once_initial_negative,131,1,False,8,47,17,0.10994195966915488,0.011000850508616407,True,13.857004882126748,0.1870183398358273,0.051589845790832915,0.5802061986036561
reliable,marked_gaussian_evidence_once_initial_negative,131,2,False,8,47,17,0.10994195966915488,0.011000850508616407,True,1.0024230133804635,0.9997464784624727,23.736515805006352,0.9791516407974125
reliable,marked_gaussian_evidence_once_initial_negative,132,1,False,8,50,18,0.11645658692716392,0.00912135847289084,True,15.570410927837706,0.167787542418854,0.05623382425027728,0.6245297698727479
reliable,marked_gaussian_evidence_once_initial_negative,132,2,False,8,50,18,0.11645658692716392,0.00912135847289084,False,,,,
reliable,marked_gaussian_evidence_once_initial_negative,133,1,False,9,57,22,0.1377958615147363,0.00949416493755011,True,18.937132993173766,0.12364321012067298,0.07599963724473588,0.620698154465596
reliable,marked_gaussian_evidence_once_initial_negative,133,2,False,9,57,22,0.1377958615147363,0.00949416493755011,False,,,,
reliable,marked_gaussian_evidence_once_initial_negative,134,1,False,9,50,20,0.12147478950336447,0.008109212247903808,True,21.137532724018758,0.11544983019645273,0.058855474737248406,0.45232170352641143
reliable,marked_gaussian_evidence_once_initial_negative,134,2,False,9,50,20,0.12147478950336447,0.008109212247903808,True,2.152334235448572,0.6781225478708994,28.01943144308654,0.0012083462235846203
reliable,marked_gaussian_evidence_once_initial_negative,135,1,False,9,57,29,0.11864441004293279,0.0073591389801401785,True,24.044299879648925,0.09975008885838056,0.0722990595570594,0.514108082400229
reliable,marked_gaussian_evidence_once_initial_negative,135,2,False,9,57,29,0.11864441004293279,0.0073591389801401785,True,1.1953689437540325,0.9764224857532876,9.838591457570624,0.2124819535660053
reliable,marked_gaussian_evidence_once_initial_negative,136,1,False,9,58,29,0.13170038043811053,0.006751547073167932,True,25.136188455679097,0.0832686867526163,0.08269244635451287,0.48058358826531844
reliable,marked_gaussian_evidence_once_initial_negative,136,2,False,9,58,29,0.13170038043811053,0.006751547073167932,False,,,,
reliable,marked_gaussian_evidence_once_initial_negative,137,1,False,9,54,32,0.12797113417176262,0.006485230675869468,True,27.065071004043553,0.07414885496473127,0.09417792242607549,0.5421016105580818
reliable,marked_gaussian_evidence_once_initial_negative,137,2,False,9,54,32,0.12797113417176262,0.006485230675869468,True,1.0001392484548222,0.9999887686506408,25.631999262119564,0.996570275367696
reliable,marked_gaussian_evidence_once_initial_negative,138,1,False,9,54,33,0.1679489684398236,0.0072985233557003,True,28.637186092833133,0.06156966324249797,0.07358348226386179,0.7854534333805024
reliable,marked_gaussian_evidence_once_initial_negative,138,2,False,9,54,33,0.1679489684398236,0.0072985233557003,True,1.001369575114274,0.9998665617197005,25.48475292057483,0.9986068923991561
reliable,marked_gaussian_evidence_once_initial_negative,139,1,False,9,59,32,0.1592097101512538,0.007476016941185377,True,30.7008360709351,0.05318288715436402,0.06489808707935799,0.6395095006759091
reliable,marked_gaussian_evidence_once_initial_negative,139,2,False,9,59,32,0.1592097101512538,0.007476016941185377,True,5.038891675902135,0.698997058098178,3.970182585090696,0.7505969198193626
reliable,marked_gaussian_evidence_once_initial_negative,140,1,False,9,62,22,0.21471829035497747,0.013036293360604015,True,30.535704654929784,0.05227033137378961,0.05081532155112087,0.6254606268238132
reliable,marked_gaussian_evidence_once_initial_negative,140,2,False,9,62,22,0.21471829035497778,0.013036293360604015,True,5.4962256330230375,0.6930697874299768,4.046835950538874,0.7754897003087039
reliable,marked_gaussian_evidence_once_initial_negative,141,1,False,9,67,2,0.012779974253195214,0.009258117043103212,True,33.4652278037538,0.04563716974617179,0.0568251415284723,0.8189062913721531
reliable,marked_gaussian_evidence_once_initial_negative,141,2,False,9,67,2,0.012779974253195214,0.009258117043103212,True,22.65156482605013,0.29566035185346207,4.029938961571288,0.8612456266714548
reliable,marked_gaussian_evidence_once_initial_negative,142,1,False,9,72,5,0.014410765107776263,0.005494822870364359,True,37.747939523476546,0.040483942654593236,0.05077160343976151,0.5696337008673761
reliable,marked_gaussian_evidence_once_initial_negative,142,2,False,9,72,5,0.014410765107776276,0.005494822870364359,True,32.75465399642996,0.12398457511584524,4.003674924464814,0.9746212302612696
reliable,marked_gaussian_evidence_once_initial_negative,143,1,False,9,78,28,0.09070183961311787,0.0046681548680284676,True,41.20518627467841,0.03838015689787827,0.03770167553269916,0.5462702473305228
reliable,marked_gaussian_evidence_once_initial_negative,143,2,False,9,78,28,0.09070183961311787,0.0046681548680284676,True,1.16998786797523,0.9724278776727744,9.784586370198094,0.8240300614005424
reliable,marked_gaussian_evidence_once_initial_negative,144,1,False,9,81,30,0.13957455634965404,0.006513193581832082,True,39.805711202332354,0.0569896204358406,0.03577541140049287,0.623414980443466
reliable,marked_gaussian_evidence_once_initial_negative,144,2,False,9,81,30,0.13957455634965404,0.006513193581832082,True,3.019198196559899,0.37087795442925964,26.324719650510765,0.009524582779020588
reliable,marked_gaussian_evidence_once_initial_negative,145,1,False,9,87,39,0.20516240239152017,0.007062301177615539,True,43.317671021975215,0.05069215142579231,0.03951553556406854,0.835373296597687
reliable,marked_gaussian_evidence_once_initial_negative,145,2,False,9,87,39,0.20516240239152017,0.007062301177615539,True,3.341214715302867,0.5054936609568625,26.39252378351145,0.03457191306441355
reliable,marked_gaussian_evidence_once_initial_negative,146,1,False,9,93,44,0.22346155784188076,0.006803106124598915,True,46.91878619535562,0.04433231701033073,0.03964059325722988,0.8827153454592038
reliable,marked_gaussian_evidence_once_initial_negative,146,2,False,9,93,44,0.22346155784188076,0.006803106124598915,True,2.2055858893514166,0.6095662283893901,29.29554745383821,7.0865783137059414e-06
reliable,marked_gaussian_evidence_once_initial_negative,147,1,False,9,98,42,0.18933955166347607,0.006388328959237122,True,50.02589068260339,0.03887504550006484,0.06434110555570793,0.811848795390983
reliable,marked_gaussian_evidence_once_initial_negative,147,2,False,9,98,42,0.18933955166347607,0.006388328959237122,True,27.226599828426526,0.28450222369869954,3.9526799907387944,0.8005607357257283
reliable,marked_gaussian_evidence_once_initial_negative,148,1,False,9,104,15,0.09302325117800044,0.011626523022124025,True,49.53547945125089,0.039163535314909806,0.08025739217535569,0.804081888655674
reliable,marked_gaussian_evidence_once_initial_negative,148,2,False,9,104,15,0.09302325117800044,0.011626523022124025,True,22.259259590616978,0.36571887559333666,4.095406510006405,0.9059664486016727
reliable,marked_gaussian_evidence_once_initial_negative,149,1,False,9,110,9,0.03676972494840326,0.005665024954367196,True,51.72298343417899,0.036009204468416184,0.07216541575981192,0.7224645956951404
reliable,marked_gaussian_evidence_once_initial_negative,149,2,False,9,110,9,0.036769724948403276,0.005665024954367196,True,44.835363159185675,0.05972048492825336,3.8508272648788604,0.9230917986530912
reliable,marked_gaussian_evidence_once_initial_negative,150,1,False,9,116,20,0.0724969268227797,0.006406419597985863,True,53.42023429675194,0.04260279302547185,0.05942246472333614,0.9225881906772229
reliable,marked_gaussian_evidence_once_initial_negative,150,2,False,9,116,20,0.0724969268227797,0.006406419597985863,True,1.4414021910395307,0.9246084268555803,26.56647715208948,0.6336034730125225
reliable,marked_gaussian_evidence_once_initial_negative,151,1,False,10,124,30,0.13411307412110493,0.00829028425540707,True,42.57184962486471,0.08330549921987067,0.034724695433174885,0.7714035413909351
reliable,marked_gaussian_evidence_once_initial_negative,151,2,False,10,124,30,0.13411307412110493,0.00829028425540707,True,1.362674919619648,0.9124302004016822,23.71772616440841,0.02125232491518332
reliable,marked_gaussian_evidence_once_initial_negative,152,1,False,12,129,39,0.16296329814300148,0.007002139414347842,True,50.885186299782056,0.06515116142444793,0.06096482851798742,0.7050352628863917
reliable,marked_gaussian_evidence_once_initial_negative,152,2,False,12,129,39,0.16296329814300148,0.007002139414347842,True,1.5768152032207305,0.8991212655813156,23.47299854847429,0.6314510080930112
reliable,marked_gaussian_evidence_once_initial_negative,153,1,False,12,129,49,0.21580257159886265,0.00688824832457145,True,58.06014984949688,0.05156851005510234,0.07459492102439318,0.8616160639745161
reliable,marked_gaussian_evidence_once_initial_negative,153,2,False,12,129,49,0.21580257159886265,0.00688824832457145,True,1.071796222620328,0.9894433297866336,23.404566828600867,0.992037786127672
reliable,marked_gaussian_evidence_once_initial_negative,154,1,False,11,129,55,0.1864463946422093,0.005840057777924072,True,63.272420617375225,0.04283883451396518,0.037441576463484554,0.9465762038332791
reliable,marked_gaussian_evidence_once_initial_negative,154,2,False,11,129,55,0.1864463946422093,0.005840057777924072,True,47.64727879769486,0.17767009844750548,4.02877154193303,0.6046529607320752
reliable,marked_gaussian_evidence_once_initial_negative,155,1,False,11,133,77,0.23383053442571403,0.005590595642543865,True,63.08999611451113,0.03974695430542427,0.06401478719287002,0.7559136728909694
reliable,marked_gaussian_evidence_once_initial_negative,155,2,False,11,133,77,0.23383053442571403,0.005590595642543865,True,2.864034261379216,0.5094716987738519,24.479758524351364,0.032453010688417494
reliable,marked_gaussian_evidence_once_initial_negative,156,1,False,11,138,78,0.2856461597597414,0.005131437734017999,True,70.48118155005109,0.02679605647401127,0.04328619549196966,0.8671251165715647
reliable,marked_gaussian_evidence_once_initial_negative,156,2,False,11,138,78,0.2856461597597414,0.005131437734017999,True,1.0000724003753207,0.9999947725890634,23.023512265963845,0.9896396887660887
reliable,marked_gaussian_evidence_once_initial_negative,157,1,False,11,144,82,0.2649907756415927,0.004325082462449176,True,74.56067882778504,0.020712159559770706,0.04926901172401335,0.8690847686720828
reliable,marked_gaussian_evidence_once_initial_negative,157,2,False,11,144,82,0.2649907756415927,0.004325082462449176,True,2.719856295281566,0.6462201908003985,9.79823712375142,9.97691982221934e-06
reliable,marked_gaussian_evidence_once_initial_negative,158,1,False,11,119,81,0.2909950535173315,0.004380700445104557,True,76.90273328736232,0.01770106914523447,0.06516997259959327,0.8972806295796524
reliable,marked_gaussian_evidence_once_initial_negative,158,2,False,11,119,81,0.2909950535173315,0.004380700445104557,True,1.0012462493132117,0.9998774127525929,21.51952535563326,0.9940052564918606
reliable,marked_gaussian_evidence_once_initial_negative,159,1,False,11,124,86,0.28438265444057914,0.003976422578969568,True,79.47176766949923,0.016082261983888655,0.04785693532367379,0.9493975433244536
reliable,marked_gaussian_evidence_once_initial_negative,159,2,False,11,124,86,0.28438265444057914,0.003976422578969568,True,3.5721835467699994,0.42294181289038546,29.810333673020114,0.08910075813850736
reliable,marked_gaussian_evidence_once_initial_negative,160,1,False,11,123,87,0.27908736697441094,0.0037675890605936286,True,81.1286704685946,0.015147661903294614,0.04565215250640443,0.9042353697053568
reliable,marked_gaussian_evidence_once_initial_negative,160,2,False,11,123,87,0.27908736697441094,0.0037675890605936286,True,1.001139876946568,0.9998872802850999,33.56702856921174,0.9998288324629153
reliable,marked_gaussian_evidence_once_initial_negative,161,1,False,11,130,88,0.3015732208575531,0.0038986021078498806,True,83.04769514122057,0.014349874944127773,0.04544016340744353,0.9540354127086571
reliable,marked_gaussian_evidence_once_initial_negative,161,2,False,11,130,88,0.3015732208575531,0.0038986021078498806,True,1.0010792426056987,0.9998938801912675,34.17489993217299,0.9998918194276648
reliable,marked_gaussian_evidence_once_initial_negative,162,1,False,11,122,84,0.30167734703395044,0.003961322322450196,True,85.49398934069758,0.013499205117792153,0.05522851524925686,0.9356898762909963
reliable,marked_gaussian_evidence_once_initial_negative,162,2,False,11,122,84,0.30167734703395044,0.003961322322450196,True,1.0010906906346437,0.9998926341022779,35.085981654292134,0.9999218541262079
reliable,marked_gaussian_evidence_once_initial_negative,163,1,False,11,129,95,0.28680801135826534,0.0034077666775297753,True,87.65491758287655,0.012860012485156367,0.056311228586091465,0.8692898669174325
reliable,marked_gaussian_evidence_once_initial_negative,163,2,False,11,129,95,0.28680801135826534,0.0034077666775297753,True,1.0011302666001047,0.9998882924341581,35.694994974646036,0.9999911705291534
reliable,marked_gaussian_evidence_once_initial_negative,164,1,False,11,129,92,0.3042089243886682,0.0035787131773023203,True,88.66774600278555,0.012590275632942703,0.05133739829068235,0.8783541237753605
reliable,marked_gaussian_evidence_once_initial_negative,164,2,False,11,129,92,0.3042089243886682,0.0035787131773023203,True,1.0011366285805647,0.9998876106222891,36.73306940255367,0.9999648952994744
reliable,marked_gaussian_evidence_once_initial_negative,165,1,False,11,136,84,0.3124177703248759,0.0038601232895210474,True,91.51783175938297,0.012367931203825712,0.04913231474759352,0.9475984336075234
reliable,marked_gaussian_evidence_once_initial_negative,165,2,False,11,136,84,0.3124177703248759,0.0038601232895210474,True,1.000000555333978,0.9999999696724668,29.585069737567935,2.4221939228019023e-08
reliable,marked_gaussian_evidence_once_initial_negative,166,1,False,10,138,103,0.2999449322345788,0.0034220285237236076,True,94.08115276377698,0.012843147762671871,0.06539483692032157,0.878861438291954
reliable,marked_gaussian_evidence_once_initial_negative,166,2,False,10,138,103,0.2999449322345788,0.0034220285237236076,True,1.000000005738545,0.9999999997549747,18.10289779245892,0.9948213250830417
reliable,marked_gaussian_evidence_once_initial_negative,167,1,False,10,143,104,0.3050156269482216,0.0034278555414974728,True,95.66556380954603,0.012473346723844288,0.050299753448544544,0.9095624127334498
reliable,marked_gaussian_evidence_once_initial_negative,167,2,False,10,143,104,0.3050156269482216,0.0034278555414974728,True,1.0636677351914263,0.9905323630931444,9.7665329308141,0.16389300828652836
reliable,marked_gaussian_evidence_once_initial_negative,168,1,False,10,141,105,0.3039354331867229,0.003287763329487306,True,97.90661784985656,0.011775543941331928,0.06198837420036239,0.8845609793466807
reliable,marked_gaussian_evidence_once_initial_negative,168,2,False,10,141,105,0.3039354331867229,0.003287763329487306,True,1.0013375005102831,0.9998717479138595,25.008701296066874,0.026248705730376
reliable,marked_gaussian_evidence_once_initial_negative,169,1,False,10,148,106,0.31582306528312354,0.0033052990182091528,True,100.0553446900043,0.011205992053197611,0.06898381488217338,0.9409409350397551
reliable,marked_gaussian_evidence_once_initial_negative,169,2,False,10,148,106,0.31582306528312354,0.0033052990182091528,True,3.479548271007478,0.3815094835869565,29.726491358582685,0.3886606657701065
reliable,marked_gaussian_evidence_once_initial_negative,170,1,False,10,147,107,0.3122382723302252,0.0031819394923268225,True,102.2444999046641,0.010792511895410363,0.06001146417858079,0.9035631282223394
reliable,marked_gaussian_evidence_once_initial_negative,170,2,False,10,147,107,0.3122382723302252,0.0031819394923268225,True,3.7074288446297303,0.5130975661751132,29.870318008185638,0.19234263968388648
reliable,marked_gaussian_evidence_once_initial_negative,171,1,False,10,154,108,0.316407460477797,0.0031559825043676742,True,104.068778747138,0.010487187506137571,0.06770664708556767,0.9155182520113487
reliable,marked_gaussian_evidence_once_initial_negative,171,2,False,10,154,108,0.316407460477797,0.0031559825043676742,True,5.459483487498848,0.27529277518255074,29.80722669540908,0.24015098329942736
reliable,marked_gaussian_evidence_once_initial_negative,172,1,False,10,146,105,0.28381285617781615,0.0031796520524346723,True,105.72105385852296,0.010219369039255475,0.07822402410291412,0.9060084293139363
reliable,marked_gaussian_evidence_once_initial_negative,172,2,False,10,146,105,0.28381285617781615,0.0031796520524346723,True,2.7811320057701017,0.8634313934737997,4.0301250744733705,0.6138720204617188
reliable,marked_gaussian_evidence_once_initial_negative,173,1,False,10,154,103,0.38620248270668683,0.0040535792165928295,True,107.7380809971932,0.0126101458324318,0.041239786655181895,0.8912687913702388
reliable,marked_gaussian_evidence_once_initial_negative,173,2,False,10,154,103,0.3862024827066868,0.0040535792165928295,True,11.728830575278467,0.5960592510063063,4.03203528425681,0.6494203566906501
reliable,marked_gaussian_evidence_once_initial_negative,174,1,False,10,122,105,0.30212872313900785,0.003904238703875264,True,104.97799931627308,0.01669153079685307,0.08194093495650183,0.8849797577146965
reliable,marked_gaussian_evidence_once_initial_negative,174,2,False,10,122,105,0.30212872313900785,0.003904238703875264,True,1.70673001621569,0.898253717475452,9.747675905257452,0.8339862725302698
reliable,marked_gaussian_evidence_once_initial_negative,175,1,False,9,119,101,0.2302185145126381,0.0037539984153163405,True,101.28841692466399,0.015615993618242018,0.08341765312680782,0.8712333242674886
reliable,marked_gaussian_evidence_once_initial_negative,175,2,False,9,119,101,0.23021851451263817,0.0037539984153163405,True,17.41682397897059,0.5262367950321738,4.0905350090806945,0.35126982960160696
reliable,marked_gaussian_evidence_once_initial_negative,176,1,False,9,119,100,0.23575628819555225,0.004176909154663276,True,85.12844293462918,0.022148606669368576,0.05480676160192004,0.7632745705262449
reliable,marked_gaussian_evidence_once_initial_negative,176,2,False,9,119,100,0.23575628819555225,0.004176909154663276,True,11.866531353861127,0.5971842677415322,4.032503617485689,0.769142095357405
reliable,marked_gaussian_evidence_once_initial_negative,177,1,False,8,122,100,0.24413676764440556,0.00470229670045476,True,70.93877357362534,0.027124620034184,0.08225705586607583,0.7891769824961521
reliable,marked_gaussian_evidence_once_initial_negative,177,2,False,8,122,100,0.24413676764440556,0.00470229670045476,True,11.905697993628722,0.5962960153258049,4.021024962495358,0.8655625457360061
reliable,marked_gaussian_evidence_once_initial_negative,178,1,False,8,121,25,0.12253332372098684,0.005166934506503059,True,57.86892741989002,0.03196887980618412,0.038092195107582875,0.8065869022155122
reliable,marked_gaussian_evidence_once_initial_negative,178,2,False,8,121,25,0.12253332372098684,0.005166934506503059,True,9.411337066281607,0.6440607769863831,3.954291449963879,0.9871924479323738
reliable,marked_gaussian_evidence_once_initial_negative,179,1,False,7,120,23,0.11124890529083602,0.005006318243223664,True,45.62017273448075,0.035969690873779735,0.07681927028024434,0.6718284724896445
reliable,marked_gaussian_evidence_once_initial_negative,179,2,False,7,120,23,0.11124890529083602,0.005006318243223664,True,15.483431945479653,0.5401761003179121,3.939889602523123,0.9989461534379582
reliable,marked_gaussian_evidence_once_initial_negative,180,1,False,8,118,22,0.12598880687599368,0.005732175869330568,True,37.231987150478005,0.03990089367782345,0.07084714023405572,0.7933493570079029
reliable,marked_gaussian_evidence_once_initial_negative,180,2,False,8,118,22,0.12598880687599368,0.005732175869330568,True,37.393552239236584,0.320937547053415,4.262406411482945,0.9927221897494058
reliable,marked_gaussian_evidence_once_initial_negative,181,1,False,8,73,0,0.0,0.0,True,30.9999945876424,0.04220233129207813,0.056466655651523125,0.8628853115446226
reliable,marked_gaussian_evidence_once_initial_negative,181,2,False,8,73,0,0.0,0.0,True,75.09128879130705,0.08822463712160855,3.9039017901192747,0.8658299401702093
reliable,marked_gaussian_evidence_once_initial_negative,182,1,False,8,74,2,0.007889647948052612,0.005705169551665758,True,22.82330727113297,0.33674857367524824,0.061528513038350205,0.09153899875378602
reliable,marked_gaussian_evidence_once_initial_negative,182,2,False,8,74,2,0.007889647948052612,0.005705169551665758,True,2.530534027579912,0.573563802641958,23.090669344392712,0.051704370208077555
reliable,marked_gaussian_evidence_once_initial_negative,183,1,False,8,81,57,0.19924122872436623,0.008023952107227192,True,47.219132073188334,0.12677594392813094,0.06636579778567875,0.44866247287076716
reliable,marked_gaussian_evidence_once_initial_negative,183,2,False,8,81,57,0.19924122872436623,0.008023952107227192,True,2.9990645183599605,0.5111647074539478,23.06422286477258,0.04871301946695902
reliable,marked_gaussian_evidence_once_initial_negative,184,1,False,10,84,60,0.2079489145826595,0.00500836582152498,True,58.819493651143716,0.034140453760928995,0.052135025534342114,0.6999770402710002
reliable,marked_gaussian_evidence_once_initial_negative,184,2,False,10,84,60,0.2079489145826595,0.00500836582152498,True,2.5574383263825946,0.6870236910228614,23.244441060778218,0.4313277825227488
reliable,marked_gaussian_evidence_once_initial_negative,185,1,False,10,80,61,0.22299710420503013,0.003852796031807996,True,59.02547348282141,0.017799610396490226,0.06226259564888908,0.8079258798421982
reliable,marked_gaussian_evidence_once_initial_negative,185,2,False,10,80,61,0.22299710420503013,0.003852796031807996,True,1.706905733208741,0.8608919140482681,23.355681681882615,0.9741476457850363
reliable,marked_gaussian_evidence_once_initial_negative,186,1,False,10,78,61,0.22911485904821188,0.004046345203136284,True,59.12474689812787,0.017902349888361372,0.06343665935715466,0.8851097776336646
reliable,marked_gaussian_evidence_once_initial_negative,186,2,False,10,78,61,0.22911485904821188,0.004046345203136284,True,1.6094967439855028,0.9363081126814782,3.9894329184269917,0.5430311883085442
reliable,marked_gaussian_evidence_once_initial_negative,187,1,False,10,79,55,0.23051464526456675,0.012272687855960304,True,58.50929283606159,0.018119222465553024,0.05985284916602841,0.8767590644937087
reliable,marked_gaussian_evidence_once_initial_negative,187,2,False,10,79,55,0.23051464526456675,0.012272687855960304,True,13.494036590668038,0.304371109204777,3.942345587450753,0.7165042115678475
reliable,marked_gaussian_evidence_once_initial_negative,188,1,False,10,80,56,0.7016472890254545,0.018197288934666385,True,60.79076215783966,0.01758829300592011,0.049191523816096656,0.9090865028080909
reliable,marked_gaussian_evidence_once_initial_negative,188,2,False,10,80,56,0.7016472890254545,0.018197288934666385,True,62.317089845833756,0.024558000476044273,1.2026905857810624,0.625474734904248
reliable,marked_gaussian_evidence_once_initial_negative,189,1,False,9,79,53,0.2662245406711123,0.0050314504257266265,True,59.450548964483914,0.01797763109248482,0.05874710297263044,0.9456345357598196
reliable,marked_gaussian_evidence_once_initial_negative,189,2,False,9,79,53,0.2662245406711123,0.0050314504257266265,True,5.17315378958287,0.6505825538713197,4.100243332100155,0.8298521184422581
reliable,marked_gaussian_evidence_once_initial_negative,190,1,False,9,86,53,0.17110537124826766,0.0032350844210246765,True,58.929384281878455,0.018039562237028663,0.05962269804324278,0.8408648869054842
reliable,marked_gaussian_evidence_once_initial_negative,190,2,False,9,86,53,0.17110537124826766,0.0032350844210246765,True,3.6760341724450254,0.7519780645996694,4.0590347415783326,0.8710673626695492
reliable,marked_gaussian_evidence_once_initial_negative,191,1,False,10,84,53,0.14599827735910526,0.002761046588547975,True,59.393447366027225,0.017914485571874552,0.04517577955746385,0.8176410906540724
reliable,marked_gaussian_evidence_once_initial_negative,191,2,False,10,84,53,0.14599827735910526,0.002761046588547975,True,4.616212629285009,0.700475742408863,4.300701473728037,0.9862261694489708
reliable,marked_gaussian_evidence_once_initial_negative,192,1,False,9,83,53,0.15477319168632062,0.0029277742144806435,True,58.19581565244702,0.018237129101531642,0.03408115496125422,0.7886725317150394
reliable,marked_gaussian_evidence_once_initial_negative,192,2,False,9,83,53,0.15477319168632062,0.0029277742144806435,True,11.754598020953596,0.42172230021723056,3.9262044383489125,0.8929700997395876
reliable,marked_gaussian_evidence_once_initial_negative,193,1,False,8,85,54,0.20406469224297105,0.004781432519529734,True,59.05965203551993,0.018073593076170368,0.07196183858624701,0.8482530774436702
reliable,marked_gaussian_evidence_once_initial_negative,193,2,False,8,85,54,0.20406469224297105,0.004781432519529734,True,31.567294189831127,0.16325155630434868,3.86811585857935,0.6569619010346008
reliable,marked_gaussian_evidence_once_initial_negative,194,1,False,8,90,56,0.24998331640071422,0.0045302006181400754,True,62.20934765876188,0.017459536752643234,0.06130070533412322,0.8245025392833462
reliable,marked_gaussian_evidence_once_initial_negative,194,2,False,8,90,56,0.24998331640071422,0.0045302006181400754,True,3.4013194144577352,0.4159506211118256,29.730090281345422,0.3515427913050044
reliable,marked_gaussian_evidence_once_initial_negative,195,1,False,8,83,65,0.21698589339676128,0.003634929463764876,True,62.339182638745505,0.017434169069058893,0.03945285854593812,0.7271065125498252
reliable,marked_gaussian_evidence_once_initial_negative,195,2,False,8,83,65,0.21698589339676128,0.003634929463764876,True,1.0000008840848849,0.9999999504233709,26.203380218912535,0.9979117194799428
reliable,marked_gaussian_evidence_once_initial_negative,196,1,False,8,91,67,0.2289907300350375,0.003741005674820186,True,63.07138566830268,0.01719979592616616,0.06408518772225984,0.7868961993932626
reliable,marked_gaussian_evidence_once_initial_negative,196,2,False,8,91,67,0.2289907300350375,0.003741005674820186,True,1.0012823524621233,0.9998721171098851,26.59296014079977,0.9887693988288853
reliable,marked_gaussian_evidence_once_initial_negative,197,1,False,8,82,68,0.24672571968026472,0.0039347345598892474,True,65.05188427857803,0.016763644552572704,0.08781263801348846,0.8938239815561231
reliable,marked_gaussian_evidence_once_initial_negative,197,2,False,8,82,68,0.24672571968026472,0.0039347345598892474,True,1.0012179588431254,0.9998784971647056,26.930185502865193,0.9947062132353202
reliable,marked_gaussian_evidence_once_initial_negative,198,1,False,8,88,69,0.24625914744891503,0.0038336921929575923,True,66.12057297302673,0.016420075227025887,0.040650883246340086,0.864468128808228
reliable,marked_gaussian_evidence_once_initial_negative,198,2,False,8,88,69,0.24625914744891503,0.0038336921929575923,True,1.0014579375184507,0.9998590118514751,27.207477905852752,0.997468307130026
reliable,marked_gaussian_evidence_once_initial_negative,199,1,False,8,90,70,0.25855775224736194,0.004940404831947792,True,67.18967539371883,0.016123788341147974,0.09285532593309735,0.8696852149100961
reliable,marked_gaussian_evidence_once_initial_negative,199,2,False,8,90,70,0.25855775224736194,0.004940404831947792,True,1.001459790804889,0.9998604673462046,27.53198816761992,0.9954613119743276
reliable,marked_gaussian_evidence_once_initial_negative,200,1,False,8,96,72,0.2433839741327905,0.006129742444064718,True,68.98007869763345,0.01578126104120941,0.11501013588422487,0.8009401895517058
reliable,marked_gaussian_evidence_once_initial_negative,200,2,False,8,96,72,0.2433839741327905,0.006129742444064718,True,1.2009596859445286,0.9595548201481584,35.95704023874231,0.35509295782482697
reliable,marked_gaussian_evidence_once_initial_negative,201,1,False,9,100,73,0.2770354215290184,0.00890740094402897,True,69.49612481289412,0.01616305592782667,0.06811917491574063,0.9345755026187468
reliable,marked_gaussian_evidence_once_initial_negative,201,2,False,9,100,73,0.2770354215290184,0.00890740094402897,True,1.0920215113526905,0.9825337072921615,36.40232513374528,0.5485300279721556
reliable,marked_gaussian_evidence_once_initial_negative,202,1,False,9,104,77,0.25241840384280473,0.004508902534906966,True,71.20361896126511,0.02302163426428586,0.048224977011482505,0.8344661021473032
reliable,marked_gaussian_evidence_once_initial_negative,202,2,False,9,104,77,0.25241840384280473,0.004508902534906966,True,1.0002453967665315,0.9999792868957084,28.43722145848474,0.9874950775295382
reliable,marked_gaussian_evidence_once_initial_negative,203,1,False,10,97,78,0.26560553861931185,0.003925635341588406,True,72.38990553140727,0.01610997334961888,0.05860063194985308,0.9210533275524229
reliable,marked_gaussian_evidence_once_initial_negative,203,2,False,10,97,78,0.26560553861931185,0.003925635341588406,True,1.000031294074729,0.9999977782091417,29.58718130535832,0.06750727384923864
reliable,marked_gaussian_evidence_once_initial_negative,204,1,False,10,102,79,0.253600748617393,0.0035290493808520455,True,73.6987561067538,0.01462897861737143,0.06207674993916809,0.82063980992551
reliable,marked_gaussian_evidence_once_initial_negative,204,2,False,10,102,79,0.253600748617393,0.0035290493808520455,True,1.7264611077370065,0.7642990599255517,29.574749677419533,0.5807186322942093
reliable,marked_gaussian_evidence_once_initial_negative,205,1,False,10,104,80,0.2657065045739829,0.003623519400121421,True,75.47510636678533,0.014297846349177329,0.0628590764247227,0.8878267106567304
reliable,marked_gaussian_evidence_once_initial_negative,205,2,False,10,104,80,0.2657065045739829,0.003623519400121421,True,2.192084594628306,0.6695969098039589,29.683789072424418,0.524690695356696
reliable,marked_gaussian_evidence_once_initial_negative,206,1,False,10,108,81,0.2675504706126266,0.003575462841302923,True,77.05255738406083,0.013982255805984658,0.06583152851386327,0.8828442902762408
reliable,marked_gaussian_evidence_once_initial_negative,206,2,False,10,108,81,0.2675504706126266,0.003575462841302923,True,3.2895687323475236,0.5289557594620904,29.702429292642826,0.26440672740443355
reliable,marked_gaussian_evidence_once_initial_negative,207,1,False,10,106,82,0.2660015546128454,0.003486618884512143,True,78.55590517654991,0.013681052947494918,0.06561758132762427,0.8574474690839601
reliable,marked_gaussian_evidence_once_initial_negative,207,2,False,10,106,82,0.2660015546128454,0.003486618884512143,True,4.639909897874453,0.29051214963004235,29.995786236153048,0.40857820602039197
reliable,marked_gaussian_evidence_once_initial_negative,208,1,False,10,110,83,0.2778501917136283,0.003576058502229245,True,79.77659544462021,0.013398793608781542,0.073969130096442,0.9226073117792891
reliable,marked_gaussian_evidence_once_initial_negative,208,2,False,10,110,83,0.2778501917136283,0.003576058502229245,True,4.335997272507577,0.3158221568896293,29.946632165775068,0.6032467379690122
reliable,marked_gaussian_evidence_once_initial_negative,209,1,False,10,106,83,0.2752504205225048,0.0035092079041375234,True,81.21713134794972,0.013123608626795636,0.04775826755425418,0.9057312681336087
reliable,marked_gaussian_evidence_once_initial_negative,209,2,False,10,106,83,0.2752504205225048,0.0035092079041375234,True,1.015218182826097,0.9979306285548023,9.779924119095908,0.7278196559309498
reliable,marked_gaussian_evidence_once_initial_negative,210,1,False,9,109,83,0.2686335031070403,0.0033873620202608105,True,81.74480946939694,0.012911478781478702,0.042165136083119684,0.856963692439632
reliable,marked_gaussian_evidence_once_initial_negative,210,2,False,9,109,83,0.2686335031070403,0.0033873620202608105,True,1.1231714443348702,0.9752083809892732,9.875147421598884,0.7986879314181283
reliable,marked_gaussian_evidence_once_initial_negative,211,1,False,9,107,83,0.273849502626773,0.003417611605882559,True,82.41836472828312,0.012707662021156155,0.02084135724080894,0.8876178566683123
reliable,marked_gaussian_evidence_once_initial_negative,211,2,False,9,107,83,0.273849502626773,0.003417611605882559,True,4.179223542264622,0.3224948676306857,29.81270160880803,0.21746649173908572
reliable,marked_gaussian_evidence_once_initial_negative,212,1,False,9,107,84,0.2842396563030513,0.0034876606179039134,True,82.97222469631683,0.012528252861332348,0.033692282088099726,0.9381623339118074
reliable,marked_gaussian_evidence_once_initial_negative,212,2,False,9,107,84,0.2842396563030513,0.0034876606179039134,True,1.001195324599945,0.9998838664149995,33.24317221541638,0.9999767469786524
reliable,marked_gaussian_evidence_once_initial_negative,213,1,False,9,105,83,0.2864061464612149,0.0035681437919346383,True,83.82766876789647,0.012360014754159132,0.008656144748537497,0.9274565604668515
reliable,marked_gaussian_evidence_once_initial_negative,213,2,False,9,105,83,0.2864061464612149,0.0035681437919346383,True,2.552630618624568,0.8729530762796,4.068718585950331,0.9448310712019946
reliable,marked_gaussian_evidence_once_initial_negative,214,1,False,9,111,82,0.23763575357889813,0.003010572993261435,True,85.67765004016393,0.012290833374992278,0.03971441525767842,0.9343604801763687
reliable,marked_gaussian_evidence_once_initial_negative,214,2,False,9,111,82,0.2376357535788979,0.003010572993261435,True,6.738307546221696,0.6914795745294686,4.0235378061813964,0.99017484277341
reliable,marked_gaussian_evidence_once_initial_negative,215,1,False,9,111,80,0.2727110676919583,0.0035510248315598113,True,86.67870031503,0.012251668928801087,0.053468525999527255,0.868829729741744
reliable,marked_gaussian_evidence_once_initial_negative,215,2,False,9,111,80,0.2727110676919583,0.0035510248315598113,True,45.84313580532373,0.23902143541366927,3.8792368406658597,0.7625882596140984
reliable,marked_gaussian_evidence_once_initial_negative,216,1,False,9,113,87,0.2590407087390223,0.0031067342059530605,True,88.01107596033462,0.012066345709222355,0.06809956098325791,0.768343022628537
reliable,marked_gaussian_evidence_once_initial_negative,216,2,False,9,113,87,0.2590407087390223,0.0031067342059530605,True,1.0154976009549668,0.9984327745997267,6.532080689368406,0.9718767035004283
reliable,marked_gaussian_evidence_once_initial_negative,217,1,False,9,109,89,0.28099458167888847,0.0033364185448505564,True,87.37979163288934,0.012218614897280397,0.05899454786044703,0.8811191921517657
reliable,marked_gaussian_evidence_once_initial_negative,217,2,False,9,109,89,0.28099458167888847,0.0033364185448505564,True,5.295788531279965,0.2743279558056235,23.33259066643812,0.21186385652098233
reliable,marked_gaussian_evidence_once_initial_negative,218,1,False,9,109,90,0.2821048036888533,0.0032908642010915953,True,87.80512842782026,0.012085360001276546,0.0643968139473203,0.8642959690928663
reliable,marked_gaussian_evidence_once_initial_negative,218,2,False,9,109,90,0.2821048036888533,0.0032908642010915953,True,1.026065547609457,0.9969381648766873,29.758725144650366,0.004533946668489077
reliable,marked_gaussian_evidence_once_initial_negative,219,1,False,8,105,90,0.28380261242734695,0.0032898556476870277,True,88.76203253031812,0.01189146162440055,0.060550218160909434,0.8782167046676007
reliable,marked_gaussian_evidence_once_initial_negative,219,2,False,8,105,90,0.28380261242734695,0.0032898556476870277,True,1.0000001979949922,0.9999999897942395,25.159482159529425,0.03880452057601135
reliable,marked_gaussian_evidence_once_initial_negative,220,1,False,9,109,91,0.29392197279380533,0.0033584848122542965,True,89.14108186863463,0.01174899285662313,0.05456849460861239,0.9272164103347795
reliable,marked_gaussian_evidence_once_initial_negative,220,2,False,9,109,91,0.29392197279380533,0.0033584848122542965,True,1.7678970841607258,0.7430987178877274,25.915394683306207,0.5489329521504489
reliable,marked_gaussian_evidence_once_initial_negative,221,1,False,9,111,92,0.29509873555970034,0.003332833807421649,True,90.02879498646631,0.011605662805332545,0.03516851984425861,0.9234879882838619
reliable,marked_gaussian_evidence_once_initial_negative,221,2,False,9,111,92,0.29509873555970034,0.003332833807421649,True,2.286168320902536,0.6393343142839567,26.479064267167423,0.6742615539009889
reliable,marked_gaussian_evidence_once_initial_negative,222,1,False,9,108,93,0.2929174511765258,0.0032788866317351177,True,90.91387974963507,0.0114776007740078,0.05491960265650315,0.9033348038619988
reliable,marked_gaussian_evidence_once_initial_negative,222,2,False,9,108,93,0.2929174511765258,0.0032788866317351177,True,1.0013050422555636,0.9998708361475132,38.52267211238246,0.9991603195596841
reliable,marked_gaussian_evidence_once_initial_negative,223,1,False,9,111,94,0.2925279061150932,0.0032418702369888014,True,91.7787430664176,0.01135897921459419,0.05362690795592121,0.8922318037371402
reliable,marked_gaussian_evidence_once_initial_negative,223,2,False,9,111,94,0.2925279061150932,0.0032418702369888014,True,1.0013673689028901,0.9998635928803983,39.33213102387669,0.99997619938616
reliable,marked_gaussian_evidence_once_initial_negative,224,1,False,9,110,95,0.284855928573637,0.0031240429807379887,True,92.65374815260897,0.011235410596365547,0.048677824319571225,0.8363658548830346
reliable,marked_gaussian_evidence_once_initial_negative,224,2,False,9,110,95,0.284855928573637,0.0031240429807379887,True,1.0012652040027803,0.9998753216286652,39.95358441337893,0.999543743350115
reliable,marked_gaussian_evidence_once_initial_negative,225,1,False,9,115,96,0.29397555153531973,0.0031907697687330212,True,93.51165779813735,0.011108676423146545,0.07708579953184173,0.8844643675402307
reliable,marked_gaussian_evidence_once_initial_negative,225,2,False,9,115,96,0.29397555153531973,0.0031907697687330212,True,1.0012860395737182,0.9998722437279518,40.60573753463662,0.9999698935463043
reliable,marked_gaussian_evidence_once_initial_negative,226,1,False,9,115,97,0.2961454118799639,0.0031816227126968415,True,94.40792786756951,0.010993303702226563,0.03913696606826184,0.8879060231835858
reliable,marked_gaussian_evidence_once_initial_negative,226,2,False,9,115,97,0.2961454118799639,0.0031816227126968415,True,1.0012300492612634,0.9998786877478231,41.18557136591738,0.999878628481903
reliable,marked_gaussian_evidence_once_initial_negative,227,1,False,9,119,98,0.30581035049634686,0.0032524554235678843,True,95.33646010864977,0.010880382840822423,0.057757624060808366,0.9386023921128159
reliable,marked_gaussian_evidence_once_initial_negative,227,2,False,9,119,98,0.30581035049634686,0.0032524554235678843,True,1.0012168949569422,0.9998797660680838,41.79027698352538,0.9999133575633675
reliable,marked_gaussian_evidence_once_initial_negative,228,1,False,9,119,99,0.30094409645972275,0.003168242982725,True,96.29214577266228,0.010772006031393526,0.06676181936255454,0.8977836437672014
reliable,marked_gaussian_evidence_once_initial_negative,228,2,False,9,119,99,0.30094409645972275,0.003168242982725,True,1.0012218764114758,0.999879660889613,42.63896450013883,0.9998348471367496
reliable,marked_gaussian_evidence_once_initial_negative,229,1,False,9,122,100,0.30398717994113184,0.003168269489366768,True,97.27547596483362,0.010663859726079665,0.04700705094565211,0.9076830063285208
reliable,marked_gaussian_evidence_once_initial_negative,229,2,False,9,122,100,0.30398717994113184,0.003168269489366768,True,1.0012278651590074,0.9998785430455202,43.19792226310027,0.9992607397979058
reliable,marked_gaussian_evidence_once_initial_negative,230,1,False,9,123,101,0.3076461698491564,0.0031742086189694443,True,98.26223196608544,0.010557016357198645,0.041392668138748714,0.9203970451677073
reliable,marked_gaussian_evidence_once_initial_negative,230,2,False,9,123,101,0.3076461698491564,0.0031742086189694443,True,1.001348172435045,0.9998658902709593,44.16876805321179,0.9999723647284371
reliable,marked_gaussian_evidence_once_initial_negative,231,1,False,9,127,102,0.3004703203913857,0.0030686945376360484,True,99.26721553250925,0.010450317585590159,0.049857391588657415,0.8673827989475917
reliable,marked_gaussian_evidence_once_initial_negative,231,2,False,9,127,102,0.3004703203913857,0.0030686945376360484,True,1.0012346205992664,0.9998777139049214,44.66479200985909,0.9993734754228694
reliable,marked_gaussian_evidence_once_initial_negative,232,1,False,9,126,103,0.30817216926765817,0.003115999751045958,True,100.46265192589085,0.01033897427378574,0.05172505163700242,0.9057319570572068
reliable,marked_gaussian_evidence_once_initial_negative,232,2,False,9,126,103,0.30817216926765817,0.003115999751045958,True,1.0013119230755332,0.999869739326612,45.50154305387202,0.999995469732715
reliable,marked_gaussian_evidence_once_initial_negative,233,1,False,9,132,104,0.31584530176913894,0.003161899231032268,True,101.28006019289175,0.010239171088537617,0.016432032305835377,0.941939453144885
reliable,marked_gaussian_evidence_once_initial_negative,233,2,False,9,132,104,0.31584530176913894,0.003161899231032268,True,1.00121593954035,0.999879801236429,46.21655221139383,0.9999836342675685
reliable,marked_gaussian_evidence_once_initial_negative,234,1,False,9,130,105,0.3064744308192734,0.0030373411614164183,True,102.46845840796205,0.010131688124523822,0.0373912975571454,0.8760761993349606
reliable,marked_gaussian_evidence_once_initial_negative,234,2,False,9,130,105,0.3064744308192734,0.0030373411614164183,True,1.0013533132871983,0.9998692331291141,46.801397439572305,0.9999942032105886
reliable,marked_gaussian_evidence_once_initial_negative,235,1,False,8,136,106,0.31490032124803835,0.003090426379651154,True,103.47152919811741,0.01002937204302676,0.05137014095214747,0.9183420293014755
reliable,marked_gaussian_evidence_once_initial_negative,235,2,False,8,136,106,0.31490032124803835,0.003090426379651154,True,1.0011759778819747,0.9998841752000625,47.764766683824426,0.9999881802355585
reliable,marked_gaussian_evidence_once_initial_negative,236,1,False,8,138,107,0.32121951608173915,0.003121897380095984,True,104.47036258133747,0.009930463008254446,0.058169332449503126,0.9464401158994498
reliable,marked_gaussian_evidence_once_initial_negative,236,2,False,8,138,107,0.32121951608173915,0.003121897380095984,True,1.0012968505089022,0.9998742517646598,48.38334312141698,0.9999895101332656
reliable,marked_gaussian_evidence_once_initial_negative,237,1,False,8,140,108,0.3092408138672852,0.0029761077248413904,True,105.47102013227935,0.009832973612380547,0.07113477214083058,0.8660072441953104
reliable,marked_gaussian_evidence_once_initial_negative,237,2,False,8,140,108,0.3092408138672852,0.0029761077248413904,True,9.424436405191722,0.17714352086193896,21.523914869425763,0.4906889161474264
reliable,marked_gaussian_evidence_once_initial_negative,238,1,False,8,139,109,0.3241792936904137,0.003090536562986264,True,106.48487199371252,0.009736098847241977,0.0722115424540299,0.9466942318269151
reliable,marked_gaussian_evidence_once_initial_negative,238,2,False,8,139,109,0.3241792936904137,0.003090536562986264,True,1.0013537762877265,0.999868876577817,49.720547627188765,0.9999797666756699
reliable,marked_gaussian_evidence_once_initial_negative,239,1,False,8,138,110,0.3232036618711415,0.003052028289279736,True,107.47986970885188,0.009643142242443496,0.07412462852478958,0.9303723107619384
reliable,marked_gaussian_evidence_once_initial_negative,239,2,False,8,138,110,0.3232036618711415,0.003052028289279736,True,9.026806821133503,0.1944740732447821,22.92486580541537,0.5278737504182404
reliable,marked_gaussian_evidence_once_initial_negative,240,1,False,8,127,111,0.3289065006063978,0.0030768842973960342,True,108.47162111511749,0.00955102687082751,0.08680447856255674,0.9555307113208391
reliable,marked_gaussian_evidence_once_initial_negative,240,2,False,8,127,111,0.3289065006063978,0.0030768842973960342,True,1.001315502818099,0.9998730478513507,51.49090653768347,0.9999878917349458
intermittent,marked_gaussian_evidence_once_initial_negative,1,1,False,0,0,0,0.0,0.0,False,,,,
intermittent,marked_gaussian_evidence_once_initial_negative,1,2,False,0,0,0,0.0,0.0,False,,,,
intermittent,marked_gaussian_evidence_once_initial_negative,2,1,False,2,9,1,0.010208584972325912,0.010208584972325912,True,2.21867272339712,0.5833123232191996,0.06757423227289326,0.10166537826254675
intermittent,marked_gaussian_evidence_once_initial_negative,2,2,False,2,9,1,0.010208584972325912,0.010208584972325912,False,,,,
intermittent,marked_gaussian_evidence_once_initial_negative,3,1,False,3,19,1,0.008929449267710419,0.008929449267710419,True,3.9243381214726045,0.35231126275823565,0.07036703932767976,0.15176443374801438
intermittent,marked_gaussian_evidence_once_initial_negative,3,2,False,3,19,1,0.008929449267710419,0.008929449267710419,False,,,,
intermittent,marked_gaussian_evidence_once_initial_negative,4,1,False,3,25,2,0.0245986242487274,0.01452517438545462,True,5.674464973940235,0.3328803274895162,0.0560528450527953,0.3681608269196225
intermittent,marked_gaussian_evidence_once_initial_negative,4,2,False,3,25,2,0.0245986242487274,0.01452517438545462,False,,,,
intermittent,marked_gaussian_evidence_once_initial_negative,5,1,False,3,29,3,0.01849129125347164,0.00782569415865437,True,7.415029535121552,0.2657232587600676,0.09935741134367751,0.45693047554527055
intermittent,marked_gaussian_evidence_once_initial_negative,5,2,False,3,29,3,0.01849129125347164,0.00782569415865437,False,,,,
intermittent,marked_gaussian_evidence_once_initial_negative,6,1,False,4,36,4,0.03608140923682908,0.010908132826441177,True,10.720015538684182,0.15882011434323903,0.10656854480590164,0.45861558788937606
intermittent,marked_gaussian_evidence_once_initial_negative,6,2,False,4,36,4,0.03608140923682908,0.010908132826441177,False,,,,
intermittent,marked_gaussian_evidence_once_initial_negative,7,1,False,4,40,5,0.04579963182219785,0.012928221917985809,True,12.907535189411293,0.14257852478576952,0.05378356768864491,0.5909918288359739
intermittent,marked_gaussian_evidence_once_initial_negative,7,2,False,4,40,5,0.04579963182219785,0.012928221917985809,False,,,,
intermittent,marked_gaussian_evidence_once_initial_negative,8,1,False,5,49,12,0.09189468075026916,0.011194576345411543,True,14.887133748101231,0.15418166786581985,0.051262000733259636,0.7883129837527415
intermittent,marked_gaussian_evidence_once_initial_negative,8,2,False,4,21,3,0.003419283500180603,0.0012948089331922573,True,3.370372795097301,0.45702728090324757,35.07648949985105,1.8620082917092543e-13
intermittent,marked_gaussian_evidence_once_initial_negative,9,1,False,4,51,15,0.1254279636888319,0.011591301439017343,True,18.602152130235428,0.10443522348027057,0.05706067093004055,0.7001824227998468
intermittent,marked_gaussian_evidence_once_initial_negative,9,2,False,3,18,0,0.0,0.0,True,1.0000000000000724,0.999999999999998,35.64463907174475,0.0008023866698578158
intermittent,marked_gaussian_evidence_once_initial_negative,10,1,False,4,55,20,0.16944286431460315,0.01176789529801931,True,21.126394876513352,0.08967024723488957,0.04529137185970938,0.885713252680146
intermittent,marked_gaussian_evidence_once_initial_negative,10,2,False,4,55,20,0.16944286431460315,0.01176789529801931,True,1.3300309779118782,0.9173467275586161,35.80341075488868,0.0459228041636456
intermittent,marked_gaussian_evidence_once_initial_negative,11,1,False,5,57,23,0.14388315395206744,0.008507697500579026,True,23.20727580173698,0.07685909566410624,0.11247041930649476,0.8052292719473053
intermittent,marked_gaussian_evidence_once_initial_negative,11,2,False,5,57,23,0.14388315395206744,0.008507697500579026,True,1.4142379809348224,0.8899638757782076,35.99589844149703,0.26808001264957143
intermittent,marked_gaussian_evidence_once_initial_negative,12,1,False,6,52,23,0.18072245684366284,0.010265946758942962,True,25.135570471005877,0.07408203391944679,0.051580401947551806,0.8054456046443885
intermittent,marked_gaussian_evidence_once_initial_negative,12,2,False,6,52,23,0.18072245684366284,0.010265946758942962,False,,,,
intermittent,marked_gaussian_evidence_once_initial_negative,13,1,False,6,54,25,0.17947864760830703,0.009264599343987366,True,27.158874499575063,0.06627030773154965,0.03365421759250316,0.8565156897161299
intermittent,marked_gaussian_evidence_once_initial_negative,13,2,False,6,54,25,0.17947864760830703,0.009264599343987366,False,,,,
intermittent,marked_gaussian_evidence_once_initial_negative,14,1,False,6,52,30,0.2185105419269161,0.009249214657358529,True,29.24796144927473,0.06247580385633641,0.03193951217151648,0.8981368189048103
intermittent,marked_gaussian_evidence_once_initial_negative,14,2,False,6,52,30,0.2185105419269161,0.009249214657358529,False,,,,
intermittent,marked_gaussian_evidence_once_initial_negative,15,1,False,6,53,26,0.17583005732914708,0.008496508910534755,True,31.449937435501027,0.05565601063071079,0.09931305650821314,0.856035386356838
intermittent,marked_gaussian_evidence_once_initial_negative,15,2,False,6,53,26,0.17583005732914708,0.008496508910534755,False,,,,
intermittent,marked_gaussian_evidence_once_initial_negative,16,1,False,6,57,27,0.188412873996004,0.018438266939043456,True,33.56858126856052,0.05209930648437437,0.11344635573578923,0.8656989131092437
intermittent,marked_gaussian_evidence_once_initial_negative,16,2,False,6,57,27,0.188412873996004,0.018438266939043456,False,,,,
intermittent,marked_gaussian_evidence_once_initial_negative,17,1,False,6,63,29,0.21687435439832256,0.04107305393554793,True,33.788578540849336,0.10542287074754332,0.03564853079705343,0.8777934792990165
intermittent,marked_gaussian_evidence_once_initial_negative,17,2,False,6,63,29,0.21687435439832256,0.04107305393554793,False,,,,
intermittent,marked_gaussian_evidence_once_initial_negative,18,1,True,8,69,33,1.2541579904970894,0.19809458657499848,True,30.007976883415378,0.2008864813483657,0.045649281019597344,0.9018925564956841
intermittent,marked_gaussian_evidence_once_initial_negative,18,2,False,6,13,1,0.04066232339619245,0.04066232339619245,False,,,,
intermittent,marked_gaussian_evidence_once_initial_negative,19,1,False,6,72,26,0.23067479219085024,0.08475592202440413,True,27.467933079389176,0.22675049612469897,0.041851459391518776,0.9689010558300643
intermittent,marked_gaussian_evidence_once_initial_negative,19,2,False,6,72,26,0.23067479219085024,0.08475592202440413,False,,,,
intermittent,marked_gaussian_evidence_once_initial_negative,20,1,False,6,75,23,0.2764017543512399,0.16999213980163203,True,22.125961370608508,0.33637566187711615,0.09105700630675714,0.9583349908068003
intermittent,marked_gaussian_evidence_once_initial_negative,20,2,False,6,75,23,0.2764017543512399,0.16999213980163203,False,,,,
intermittent,marked_gaussian_evidence_once_initial_negative,21,1,False,6,80,11,0.36085683936676666,0.3118291519952245,True,10.959585517527207,0.5510746911310979,0.09168980582450387,0.9097830149160794
intermittent,marked_gaussian_evidence_once_initial_negative,21,2,False,6,80,11,0.36085683936676666,0.3118291519952245,False,,,,
intermittent,marked_gaussian_evidence_once_initial_negative,22,1,True,7,82,4,0.5464767653642092,0.5343611010465712,True,4.617063361493156,0.7510513826452834,0.06143679940974246,0.9669195710046683
intermittent,marked_gaussian_evidence_once_initial_negative,22,2,True,7,82,4,0.5464767653642092,0.5343611010465712,False,,,,
intermittent,marked_gaussian_evidence_once_initial_negative,23,1,True,7,85,1,0.7602039668773558,0.7602039668773558,True,2.189083049131593,0.8900628354917973,0.1200661223864506,0.9685828333154008
intermittent,marked_gaussian_evidence_once_initial_negative,23,2,True,7,85,1,0.7602039668773558,0.7602039668773558,False,,,,
intermittent,marked_gaussian_evidence_once_initial_negative,24,1,True,7,76,1,0.9138638396219539,0.9138638396219539,True,1.3724292721558389,0.9618805503866745,0.04687810512051207,0.9848797055861632
intermittent,marked_gaussian_evidence_once_initial_negative,24,2,True,7,76,1,0.9138638396219539,0.9138638396219539,False,,,,
intermittent,marked_gaussian_evidence_once_initial_negative,25,1,True,7,76,1,0.9746889384084335,0.9746889384084335,True,1.1196040696536196,0.9881220150390967,0.11109578156562097,0.9879363861685937
intermittent,marked_gaussian_evidence_once_initial_negative,25,2,True,7,76,1,0.9746889384084335,0.9746889384084335,False,,,,
intermittent,marked_gaussian_evidence_once_initial_negative,26,1,True,7,75,1,0.9929250092580189,0.9929250092580189,True,1.0597724634025079,0.9942975100865409,0.1446768418821758,0.9935044024113192
intermittent,marked_gaussian_evidence_once_initial_negative,26,2,True,7,75,1,0.9929250092580189,0.9929250092580189,False,,,,
intermittent,marked_gaussian_evidence_once_initial_negative,27,1,True,7,81,1,0.9968341505104691,0.9968341505104691,True,1.0424611403578883,0.9960346686817684,0.09425574860562583,0.994838836354806
intermittent,marked_gaussian_evidence_once_initial_negative,27,2,True,7,81,1,0.9968341505104691,0.9968341505104691,False,,,,
intermittent,marked_gaussian_evidence_once_initial_negative,28,1,True,7,80,1,0.9970077938763449,0.9970077938763449,True,1.0367096568978629,0.9966138800738505,0.14609414399609785,0.9907603994598838
intermittent,marked_gaussian_evidence_once_initial_negative,28,2,True,7,80,1,0.9970077938763449,0.9970077938763449,False,,,,
intermittent,marked_gaussian_evidence_once_initial_negative,29,1,True,6,83,1,0.9974669524164167,0.9974669524164167,True,1.036522015576019,0.9966292220092423,0.06595437955072765,0.9932933832034145
intermittent,marked_gaussian_evidence_once_initial_negative,29,2,True,6,83,1,0.9974669524164167,0.9974669524164167,False,,,,
intermittent,marked_gaussian_evidence_once_initial_negative,30,1,True,6,84,1,0.9976196098574059,0.9976196098574059,True,1.0367519275130213,0.996629215068344,0.10946912424036814,0.9944456596822796
intermittent,marked_gaussian_evidence_once_initial_negative,30,2,True,6,84,1,0.9976196098574059,0.9976196098574059,False,,,,
intermittent,marked_gaussian_evidence_once_initial_negative,31,1,True,7,90,1,0.9975758829589815,0.9975758829589815,True,1.0377941727347282,0.9965454262910525,0.08829915880796961,0.9941258744821372
intermittent,marked_gaussian_evidence_once_initial_negative,31,2,True,6,9,1,0.9876434137588319,0.9876434137588319,False,,,,
intermittent,marked_gaussian_evidence_once_initial_negative,32,1,True,7,94,1,0.9959496905626162,0.9959496905626162,True,1.0403739757153416,0.9963133182627034,0.1276275268101563,0.9921423158412209
intermittent,marked_gaussian_evidence_once_initial_negative,32,2,True,7,94,1,0.9959496905626162,0.9959496905626162,False,,,,
intermittent,marked_gaussian_evidence_once_initial_negative,33,1,True,7,96,1,0.9971088448566686,0.9971088448566686,True,1.0485420829386107,0.995519787997548,0.13037048703411427,0.9933554607823952
intermittent,marked_gaussian_evidence_once_initial_negative,33,2,True,7,96,1,0.9971088448566686,0.9971088448566686,False,,,,
intermittent,marked_gaussian_evidence_once_initial_negative,34,1,True,7,102,1,0.9976595154909615,0.9976595154909615,True,1.0457878713091076,0.9958049098926253,0.06686490791099757,0.9958866323437088
intermittent,marked_gaussian_evidence_once_initial_negative,34,2,True,7,102,1,0.9976595154909615,0.9976595154909615,False,,,,
intermittent,marked_gaussian_evidence_once_initial_negative,35,1,True,7,104,1,0.9971526951474629,0.9971526951474629,True,1.0444874476696744,0.9959462580417476,0.07119023561182705,0.9909387535960731
intermittent,marked_gaussian_evidence_once_initial_negative,35,2,True,7,104,1,0.9971526951474629,0.9971526951474629,False,,,,
intermittent,marked_gaussian_evidence_once_initial_negative,36,1,True,8,104,1,0.9973818887763591,0.9973818887763591,True,1.0459239015277269,0.995817633263264,0.06371735568738825,0.9938366810311865
intermittent,marked_gaussian_evidence_once_initial_negative,36,2,True,8,104,1,0.9973818887763591,0.9973818887763591,False,,,,
intermittent,marked_gaussian_evidence_once_initial_negative,37,1,True,8,104,1,0.9978313791067821,0.9978313791067821,True,1.0476825973783839,0.9956566301520372,0.09117330618167116,0.9968381363956137
intermittent,marked_gaussian_evidence_once_initial_negative,37,2,True,8,104,1,0.9978313791067821,0.9978313791067821,False,,,,
intermittent,marked_gaussian_evidence_once_initial_negative,38,1,True,8,109,1,0.9975036592786668,0.9975036592786668,True,1.0458758377561805,0.9958466297903691,0.11920467821727368,0.9941882472388041
intermittent,marked_gaussian_evidence_once_initial_negative,38,2,True,8,109,1,0.9975036592786668,0.9975036592786668,False,,,,
intermittent,marked_gaussian_evidence_once_initial_negative,39,1,True,8,106,1,0.9974639933935706,0.9974639933935706,True,1.0454953631408246,0.9958930656589334,0.13080897192112637,0.9945191353616064
intermittent,marked_gaussian_evidence_once_initial_negative,39,2,True,8,106,1,0.9974639933935706,0.9974639933935706,False,,,,
intermittent,marked_gaussian_evidence_once_initial_negative,40,1,True,8,112,1,0.9976846094116597,0.9976846094116597,True,1.0448553665891591,0.9959559773056048,0.08858551246905268,0.9960432845557352
intermittent,marked_gaussian_evidence_once_initial_negative,40,2,True,8,112,1,0.9976846094116597,0.9976846094116597,False,,,,
intermittent,marked_gaussian_evidence_once_initial_negative,41,1,True,8,112,1,0.9972601830997002,0.9972601830997002,True,1.0438394728573508,0.9960632415081119,0.07037480290136493,0.9924700522161726
intermittent,marked_gaussian_evidence_once_initial_negative,41,2,True,8,112,1,0.9972601830997002,0.9972601830997002,False,,,,
intermittent,marked_gaussian_evidence_once_initial_negative,42,1,True,8,115,1,0.9972868147948998,0.9972868147948998,True,1.0447983015179216,0.9959792790943227,0.1352366596943447,0.9934873474510502
intermittent,marked_gaussian_evidence_once_initial_negative,42,2,True,8,115,1,0.9972868147948998,0.9972868147948998,False,,,,
intermittent,marked_gaussian_evidence_once_initial_negative,43,1,True,8,118,1,0.9975292092779062,0.9975292092779062,True,1.0452467341010596,0.9959371727621655,0.0833394835762643,0.9948758626112666
intermittent,marked_gaussian_evidence_once_initial_negative,43,2,True,8,118,1,0.9975292092779062,0.9975292092779062,True,1.0000012077850315,0.9999999309373929,54.83688755796934,7.010388904563823e-42
intermittent,marked_gaussian_evidence_once_initial_negative,44,1,True,8,118,1,0.997723482327694,0.997723482327694,True,1.0465165060746482,0.9958312042873994,0.07579585839954701,0.9963962906671124
intermittent,marked_gaussian_evidence_once_initial_negative,44,2,True,8,14,1,0.9875539171851272,0.9875539171851272,False,,,,
intermittent,marked_gaussian_evidence_once_initial_negative,45,1,True,8,122,1,0.9740577272807327,0.9740577272807327,True,1.0471484782473424,0.9957833521423146,0.07599994338219847,0.9970916542662802
intermittent,marked_gaussian_evidence_once_initial_negative,45,2,True,8,122,1,0.9740577272807327,0.9740577272807327,False,,,,
intermittent,marked_gaussian_evidence_once_initial_negative,46,1,True,8,127,1,0.9423422826870322,0.9423422826870322,True,1.0560873915418891,0.9949235497842589,0.05281856519235835,0.9940737987654795
intermittent,marked_gaussian_evidence_once_initial_negative,46,2,True,8,127,1,0.9423422826870322,0.9423422826870322,False,,,,
intermittent,marked_gaussian_evidence_once_initial_negative,47,1,True,8,128,1,0.8914430708778953,0.8914430708778953,True,1.061147634008247,0.9944408059249911,0.03337188178640938,0.9925329163326483
intermittent,marked_gaussian_evidence_once_initial_negative,47,2,True,8,128,1,0.8914430708778953,0.8914430708778953,False,,,,
intermittent,marked_gaussian_evidence_once_initial_negative,48,1,True,8,133,2,0.8116520877528719,0.809748209349642,True,1.0728412299588994,0.9933305416831522,0.054656727329486246,0.9910586015730469
intermittent,marked_gaussian_evidence_once_initial_negative,48,2,False,7,10,1,0.4289862533748352,0.4289862533748352,False,,,,
intermittent,marked_gaussian_evidence_once_initial_negative,49,1,True,8,136,2,0.5226441797144291,0.5206431898515101,True,1.094782856350832,0.9911867486673331,0.0581685833824595,0.995094552200482
intermittent,marked_gaussian_evidence_once_initial_negative,49,2,True,8,136,2,0.5226441797144291,0.5206431898515101,False,,,,
intermittent,marked_gaussian_evidence_once_initial_negative,50,1,False,7,137,2,0.3567361741892465,0.3545501625925273,True,1.2375458858565218,0.9771971421728038,0.13003677900754507,0.9662491803618525
intermittent,marked_gaussian_evidence_once_initial_negative,50,2,False,7,137,2,0.3567361741892465,0.3545501625925273,True,1.0,1.0,66.29367577706189,4.86122169772373e-66
intermittent,marked_gaussian_evidence_once_initial_negative,51,1,False,7,143,3,0.24477997696374654,0.24081666812063016,True,1.4638651437160841,0.956265992787686,0.08924475283613055,0.9677708045983759
intermittent,marked_gaussian_evidence_once_initial_negative,51,2,False,7,11,1,0.05130928421639277,0.05130928421639277,False,,,,
intermittent,marked_gaussian_evidence_once_initial_negative,52,1,False,7,145,11,0.0747580894345016,0.05704333385195026,True,2.0382757958449136,0.9112021946928361,0.04546557902497019,0.9401394360882177
intermittent,marked_gaussian_evidence_once_initial_negative,52,2,False,7,145,11,0.0747580894345016,0.05704333385195026,False,,,,
intermittent,marked_gaussian_evidence_once_initial_negative,53,1,True,9,136,19,0.6403027570820572,0.48313774468099496,True,13.799970520335512,0.5827134287763435,0.06837284706978408,0.8144404803294988
intermittent,marked_gaussian_evidence_once_initial_negative,53,2,False,8,132,19,0.07889058179703617,0.02612856432626389,False,,,,
intermittent,marked_gaussian_evidence_once_initial_negative,54,1,False,8,138,20,0.08034236831631496,0.0322736745198628,True,5.698248283088849,0.7501054966337563,0.04155659970176547,0.988821639451577
intermittent,marked_gaussian_evidence_once_initial_negative,54,2,False,8,138,20,0.08034236831631496,0.0322736745198628,False,,,,
intermittent,marked_gaussian_evidence_once_initial_negative,55,1,False,8,138,27,0.09599137126219541,0.01092242637610179,True,68.09713319289824,0.22640920590131242,0.07864627236752818,0.9152746679723813
intermittent,marked_gaussian_evidence_once_initial_negative,55,2,False,8,138,27,0.09599137126219541,0.01092242637610179,False,,,,
intermittent,marked_gaussian_evidence_once_initial_negative,56,1,False,8,145,35,0.12211896182977625,0.004273808865494903,True,117.12132226702434,0.04668303532627698,0.08208080467486802,0.9576766266581862
intermittent,marked_gaussian_evidence_once_initial_negative,56,2,False,8,145,35,0.12211896182977625,0.004273808865494903,False,,,,
intermittent,marked_gaussian_evidence_once_initial_negative,57,1,False,9,149,128,1.8097020200381557,0.01578814345103821,True,124.85777580927927,0.014000396426052216,0.09887432377805208,0.9420749399548558
intermittent,marked_gaussian_evidence_once_initial_negative,57,2,False,8,145,128,0.4796605644162668,0.0039911833050652705,False,,,,
intermittent,marked_gaussian_evidence_once_initial_negative,58,1,False,9,151,128,2.1225454380709454,0.018306055570616007,True,123.60036305886945,0.013481966534467598,0.039719495252907425,0.9901932903780837
intermittent,marked_gaussian_evidence_once_initial_negative,58,2,False,7,148,128,0.5176023265189432,0.004301840386197174,True,1.5284674237989353,0.8891132830611853,32.641485575489284,1.2925843349127134e-39
intermittent,marked_gaussian_evidence_once_initial_negative,59,1,False,7,151,121,0.5035571222493812,0.004353113347562812,True,122.4664224442017,0.012600601664978645,0.0830707168783325,0.9816096355067991
intermittent,marked_gaussian_evidence_once_initial_negative,59,2,False,7,151,121,0.5035571222493812,0.004353113347562812,True,1.0,1.0,32.593402563315735,0.08845372259400568
intermittent,marked_gaussian_evidence_once_initial_negative,60,1,False,7,157,125,0.47276531622431867,0.003964646286652699,True,126.4464814272678,0.012241076107060317,0.07681619984072663,0.9723390583273671
intermittent,marked_gaussian_evidence_once_initial_negative,60,2,False,7,157,125,0.47276531622431867,0.003964646286652699,True,1.6695752554411574,0.7910446787232472,32.43225471951759,0.22120713105452805
intermittent,marked_gaussian_evidence_once_initial_negative,61,1,False,7,149,123,0.45893990990820166,0.003867031167396814,True,130.05019124143624,0.012292702626719639,0.04629540010971166,0.9188250027942118
intermittent,marked_gaussian_evidence_once_initial_negative,61,2,False,7,149,123,0.45893990990820166,0.003867031167396814,True,2.4025011856611735,0.6309640605377137,32.3352049730279,0.47356378777104224
intermittent,marked_gaussian_evidence_once_initial_negative,62,1,False,7,157,126,0.45828908417987035,0.0037764491254279613,True,133.1926175161646,0.011967517592841483,0.0820008669988391,0.9429076230066915
intermittent,marked_gaussian_evidence_once_initial_negative,62,2,False,7,157,126,0.45828908417987035,0.0037764491254279613,True,3.522940395335649,0.4260449030556738,32.270453544530376,0.6238570778918142
intermittent,marked_gaussian_evidence_once_initial_negative,63,1,False,7,160,125,0.4590729671126659,0.0038144588733528993,True,135.94975217217007,0.011827138761708806,0.060304704569526225,0.9536384044049379
intermittent,marked_gaussian_evidence_once_initial_negative,63,2,False,7,160,125,0.4590729671126659,0.0038144588733528993,True,4.014072186863692,0.43147333535087923,32.26200262235368,0.6758555262329822
intermittent,marked_gaussian_evidence_once_initial_negative,64,1,False,7,169,131,0.46714837416007454,0.0037181673985774515,True,138.80164734131532,0.011321027858750547,0.0795192752049788,0.9174859627560847
intermittent,marked_gaussian_evidence_once_initial_negative,64,2,False,7,169,131,0.46714837416007454,0.0037181673985774515,True,5.1622484781486,0.2934536243683113,32.24008665436323,0.4423241344053311
intermittent,marked_gaussian_evidence_once_initial_negative,65,1,False,7,171,132,0.47064126354790836,0.003712832988742505,True,141.65237353802368,0.010587391235142117,0.08209555183358459,0.9085605313256631
intermittent,marked_gaussian_evidence_once_initial_negative,65,2,False,7,26,0,0.0,0.0,True,5.646336758406625,0.2780768808607654,32.10116601583492,0.6395125482081127
intermittent,marked_gaussian_evidence_once_initial_negative,66,1,False,7,174,128,0.46164190624603374,0.003769294162096325,True,144.37202727300837,0.009672614944996875,0.06599980548507882,0.9384582959242587
intermittent,marked_gaussian_evidence_once_initial_negative,66,2,False,7,174,128,0.46164190624603374,0.003769294162096325,True,4.853771684173954,0.3227371955244502,31.943306649089752,0.9757926429802243
intermittent,marked_gaussian_evidence_once_initial_negative,67,1,False,8,176,127,1.5999069938265362,0.013542056245936818,True,147.2555632777951,0.008804110838414673,0.04927572298403228,0.8885039033844655
intermittent,marked_gaussian_evidence_once_initial_negative,67,2,False,7,180,127,0.4491492263033328,0.0036932893257139595,True,5.144428447851371,0.3249962394134287,32.058025496969925,0.6512257623578026
intermittent,marked_gaussian_evidence_once_initial_negative,68,1,False,9,176,139,1.9522869976127644,0.015600327193506892,True,146.049058073511,0.008184665254639546,0.0349348153204243,0.9765648013014292
intermittent,marked_gaussian_evidence_once_initial_negative,68,2,False,7,182,139,0.5164096733769346,0.00396709012786267,True,7.468380164276321,0.2163245778211277,31.767677130348332,0.8035805573985701
intermittent,marked_gaussian_evidence_once_initial_negative,69,1,False,7,191,141,0.5203615600182302,0.004011074418830438,True,144.75392337674464,0.007674471018871534,0.048842939611930904,0.9738483197033887
intermittent,marked_gaussian_evidence_once_initial_negative,69,2,False,7,191,141,0.5203615600182302,0.004011074418830438,True,8.063524710694635,0.1915088477537535,31.773103596231277,0.8723697042984546
intermittent,marked_gaussian_evidence_once_initial_negative,70,1,False,7,194,149,0.5187707449623996,0.0037233877701622446,True,150.41658231403576,0.0072799831001409245,0.040988381890688735,0.9243716201140584
intermittent,marked_gaussian_evidence_once_initial_negative,70,2,False,7,194,149,0.5187707449623996,0.0037233877701622446,True,8.656405153406675,0.17088207147988024,31.716923557479213,0.857254703205981
intermittent,marked_gaussian_evidence_once_initial_negative,71,1,False,7,202,154,0.5342339580315909,0.0036630239277910754,True,154.7550616102159,0.007048290303874535,0.07970625736675815,0.9275463775474969
intermittent,marked_gaussian_evidence_once_initial_negative,71,2,False,7,202,154,0.5342339580315909,0.0036630239277910754,True,10.19205697085053,0.18892725796705606,31.722093907388395,0.9267282309024718
intermittent,marked_gaussian_evidence_once_initial_negative,72,1,False,8,203,157,0.5492609987291923,0.0036580385827146814,True,158.40566541940305,0.006853006603731752,0.09955328073333283,0.953756114079772
intermittent,marked_gaussian_evidence_once_initial_negative,72,2,False,8,203,157,0.5492609987291923,0.0036580385827146814,True,10.825834742999357,0.15423500424546813,31.690189526503122,0.9794738796014331
intermittent,marked_gaussian_evidence_once_initial_negative,73,1,False,8,208,157,0.5228770267566458,0.0034984915196230367,True,161.6748279442889,0.0066838646132842405,0.042233186738611615,0.8395795465047002
intermittent,marked_gaussian_evidence_once_initial_negative,73,2,False,8,208,157,0.5228770267566458,0.0034984915196230367,True,11.664485646786705,0.13104955128929863,31.607370832779715,0.9510012204237851
intermittent,marked_gaussian_evidence_once_initial_negative,74,1,False,8,216,163,0.5448124708423288,0.0035153258697037232,True,165.13639422355396,0.006631168255719916,0.047087991380743204,0.897499397363096
intermittent,marked_gaussian_evidence_once_initial_negative,74,2,False,8,216,163,0.5448124708423288,0.0035153258697037232,True,12.537292789288347,0.13329418759902428,31.508568426791683,0.9439570519667201
intermittent,marked_gaussian_evidence_once_initial_negative,75,1,False,8,223,166,0.5435703695817848,0.0034407131962068153,True,168.65377382731697,0.0065475308880689346,0.05412117733474206,0.8697875582807686
intermittent,marked_gaussian_evidence_once_initial_negative,75,2,False,8,223,166,0.5435703695817848,0.0034407131962068153,True,13.52463188248527,0.11329841577475898,31.472848442884164,0.9478318440227469
intermittent,marked_gaussian_evidence_once_initial_negative,76,1,False,9,225,173,0.5568396069231305,0.0033851505986693346,True,172.36992508716602,0.0064341317637595,0.06050622674186132,0.8880731061508469
intermittent,marked_gaussian_evidence_once_initial_negative,76,2,False,9,225,173,0.5568396069231305,0.0033851505986693346,True,14.46996730496116,0.09990775368016039,31.400538804888537,0.9647809989178726
intermittent,marked_gaussian_evidence_once_initial_negative,77,1,False,8,212,177,0.5595225705431993,0.0033299178442652254,True,175.9568297757506,0.00636297955993701,0.05918060669807441,0.8629786985386265
intermittent,marked_gaussian_evidence_once_initial_negative,77,2,False,8,212,177,0.5595225705431993,0.0033299178442652254,True,2.8963618150243304,0.6161596624638154,40.117099119661724,0.7387605711852112
intermittent,marked_gaussian_evidence_once_initial_negative,78,1,False,8,212,182,0.566158780464395,0.0032783327331159197,True,179.10809821521917,0.006248953666780887,0.06272869970874015,0.8822297254181709
intermittent,marked_gaussian_evidence_once_initial_negative,78,2,False,8,212,182,0.566158780464395,0.0032783327331159197,True,1.0000000441515637,0.9999999978954917,31.115789584391614,5.6453896243721645e-22
intermittent,marked_gaussian_evidence_once_initial_negative,79,1,False,8,210,185,0.57182292459058,0.0032454265616703127,True,182.61142220210394,0.006122569196526466,0.07063913026894945,0.9053965470714627
intermittent,marked_gaussian_evidence_once_initial_negative,79,2,False,8,210,185,0.57182292459058,0.0032454265616703127,False,,,,
intermittent,marked_gaussian_evidence_once_initial_negative,80,1,False,7,215,188,0.5608483962291442,0.0031285171512786774,True,185.5518029725576,0.005980938717380568,0.089886470798468,0.807518554192758
intermittent,marked_gaussian_evidence_once_initial_negative,80,2,False,7,215,188,0.5608483962291442,0.0031285171512786774,False,,,,
intermittent,marked_gaussian_evidence_once_initial_negative,81,1,False,8,217,190,0.5812716001977714,0.0031929129596517804,True,188.77162238895016,0.005821603280710788,0.09683389666624291,0.8700543601312567
intermittent,marked_gaussian_evidence_once_initial_negative,81,2,False,8,217,190,0.5812716001977714,0.0031929129596517804,True,1.00000000000097,0.9999999999999705,30.75079573750311,2.095827151499367e-20
intermittent,marked_gaussian_evidence_once_initial_negative,82,1,False,8,218,193,0.5842532242241303,0.0031530107193405185,True,191.8690147601447,0.005738096024213807,0.05456438340554461,0.8658864871992322
intermittent,marked_gaussian_evidence_once_initial_negative,82,2,False,8,218,193,0.5842532242241303,0.0031530107193405185,False,,,,
intermittent,marked_gaussian_evidence_once_initial_negative,83,1,False,8,221,197,0.5936857888680345,0.0031403249097348433,True,194.83335851162917,0.005691689217884495,0.10988162286020166,0.9350253597156144
intermittent,marked_gaussian_evidence_once_initial_negative,83,2,False,8,221,197,0.5936857888680345,0.0031403249097348433,True,1.0018875604652169,0.9998056099473839,39.147150548792176,2.2985426692086428e-07
intermittent,marked_gaussian_evidence_once_initial_negative,84,1,False,8,221,199,0.5971318615879925,0.003118435499841893,True,197.6743607319859,0.005612511827846659,0.09778786706145108,0.8967500051780223
intermittent,marked_gaussian_evidence_once_initial_negative,84,2,False,8,20,0,0.0,0.0,False,,,,
intermittent,marked_gaussian_evidence_once_initial_negative,85,1,False,8,222,202,0.6209666037831747,0.0031930528397336585,True,200.62369642557263,0.005526023784016667,0.06426381982018775,0.9752679052078155
intermittent,marked_gaussian_evidence_once_initial_negative,85,2,False,8,222,202,0.6209666037831747,0.0031930528397336585,False,,,,
intermittent,marked_gaussian_evidence_once_initial_negative,86,1,True,9,230,205,1.8506370195467936,0.00961622054413825,True,203.50709185956515,0.00542178849596473,0.08472257983545375,0.9284806105378602
intermittent,marked_gaussian_evidence_once_initial_negative,86,2,False,8,230,205,0.6137553679513061,0.0031078915959229458,False,,,,
intermittent,marked_gaussian_evidence_once_initial_negative,87,1,False,8,227,208,0.6479886529305996,0.0032874742561206293,True,202.12780283062756,0.005425852311951313,0.08195296594854169,0.9587707154761065
intermittent,marked_gaussian_evidence_once_initial_negative,87,2,False,8,227,208,0.6479886529305996,0.0032874742561206293,False,,,,
intermittent,marked_gaussian_evidence_once_initial_negative,88,1,False,8,235,211,0.601884794514452,0.002991990535207271,True,206.85711465230543,0.005302869119040449,0.08739144764921328,0.8817155169611512
intermittent,marked_gaussian_evidence_once_initial_negative,88,2,False,8,235,211,0.601884794514452,0.002991990535207271,True,1.0000187669091103,0.9999987743426497,30.441956274636272,1.246562570764255e-18
intermittent,marked_gaussian_evidence_once_initial_negative,89,1,False,8,229,213,0.4222173975734548,0.0020946133959102056,True,210.6956161914574,0.005198188401639834,0.07896311212900294,0.7869445982762927
intermittent,marked_gaussian_evidence_once_initial_negative,89,2,False,8,229,213,0.4222173975734548,0.0020946133959102056,False,,,,
intermittent,marked_gaussian_evidence_once_initial_negative,90,1,False,8,233,211,0.42343091479896766,0.0021008989769728567,True,209.70883896146967,0.005141198833051791,0.07416026837806886,0.8172204435333683
intermittent,marked_gaussian_evidence_once_initial_negative,90,2,False,8,233,211,0.42343091479896766,0.0021008989769728567,True,1.848221945929885,0.6959896505090363,32.05388853703006,0.0015191758440917225
intermittent,marked_gaussian_evidence_once_initial_negative,91,1,False,8,227,211,0.44983528731620825,0.002206952037489166,True,209.45177831717928,0.005039316731236811,0.0642205263939614,0.9239598336814201
intermittent,marked_gaussian_evidence_once_initial_negative,91,2,False,8,227,211,0.44983528731620825,0.002206952037489166,True,1.3765730023723641,0.9224566550905848,31.88531971379977,0.03277211873429594
intermittent,marked_gaussian_evidence_once_initial_negative,92,1,False,8,233,209,0.48655005181644,0.002378548624803995,True,210.0013440682646,0.004963978847396044,0.054113951884488136,0.9580246700785437
intermittent,marked_gaussian_evidence_once_initial_negative,92,2,False,8,233,209,0.48655005181644,0.002378548624803995,True,1.1935980070977446,0.9571261373630308,31.636080327321533,0.036872690656765364
intermittent,marked_gaussian_evidence_once_initial_negative,93,1,False,8,234,208,0.5141914975199304,0.0025074828617041374,True,212.45741452991706,0.00489054509456552,0.05445279724919179,0.9441883872356633
intermittent,marked_gaussian_evidence_once_initial_negative,93,2,False,8,234,208,0.5141914975199304,0.0025074828617041374,True,1.1551919881718493,0.9672230072983801,31.347511980690964,0.11277579737008832
intermittent,marked_gaussian_evidence_once_initial_negative,94,1,False,8,237,215,0.9238526243653924,0.004505027609209229,True,214.64835837539056,0.004887239375851341,0.07796268354325396,0.8722447828708069
intermittent,marked_gaussian_evidence_once_initial_negative,94,2,False,8,236,215,0.4447316448531626,0.0021238463439332517,True,1.000020712760143,0.9999985692143495,30.7831349125223,0.00011079380079168472
intermittent,marked_gaussian_evidence_once_initial_negative,95,1,False,8,234,208,0.5445618169997688,0.002646830031670758,True,211.01890957730666,0.004978939886389178,0.08441973851349295,0.9808343557076677
intermittent,marked_gaussian_evidence_once_initial_negative,95,2,False,8,234,208,0.5445618169997688,0.002646830031670758,True,2.1858079753578066,0.4968943361446487,30.602051906893415,0.05908545821318101
intermittent,marked_gaussian_evidence_once_initial_negative,96,1,False,8,243,208,0.5534670471272476,0.0027073161696376277,True,214.51109999781232,0.004920423514992084,0.040618386094781356,0.940211432185676
intermittent,marked_gaussian_evidence_once_initial_negative,96,2,False,8,243,208,0.5534670471272476,0.0027073161696376277,True,1.0915365796600323,0.9827322301230362,30.258975680107575,0.02259055822818982
intermittent,marked_gaussian_evidence_once_initial_negative,97,1,False,9,243,219,0.9265881907765211,0.004586563746754342,True,217.812307584588,0.00496514848781025,0.041476966417009195,0.8715247614029314
intermittent,marked_gaussian_evidence_once_initial_negative,97,2,False,8,21,0,0.0,0.0,True,1.7758452834648124,0.8106816334304635,29.982045133464638,0.012736313726407782
intermittent,marked_gaussian_evidence_once_initial_negative,98,1,False,10,247,216,1.5692418081540391,0.007658971552256962,True,213.77683700620895,0.005110664677968607,0.0951229083917213,0.9511653293659454
intermittent,marked_gaussian_evidence_once_initial_negative,98,2,False,7,21,0,0.0,0.0,True,2.7032832585424744,0.6372206932278766,29.802164772458756,0.07432652275355106
intermittent,marked_gaussian_evidence_once_initial_negative,99,1,False,11,249,211,1.9235961765268816,0.009357597952972628,True,214.81168426276415,0.005082562040915481,0.044937956344475075,0.9783852599584599
intermittent,marked_gaussian_evidence_once_initial_negative,99,2,False,6,21,0,0.0,0.0,True,1.0672164981424477,0.9894122386309167,37.43796145220059,0.0010581390901845214
intermittent,marked_gaussian_evidence_once_initial_negative,100,1,False,11,249,212,2.0417609056491868,0.009923004500480892,True,215.72339242920958,0.005036092470859185,0.04982663915443186,0.984152954060648
intermittent,marked_gaussian_evidence_once_initial_negative,100,2,False,6,19,0,0.0,0.0,True,1.491361429478985,0.883661341374081,37.03838277142777,0.03833140360534281
intermittent,marked_gaussian_evidence_once_initial_negative,101,1,True,11,246,213,2.0825296094614667,0.01017216209603126,True,215.84165212592447,0.004996118076870528,0.01459123017618354,0.9732729451710206
intermittent,marked_gaussian_evidence_once_initial_negative,101,2,False,6,18,0,0.0,0.0,True,1.7025962112694601,0.8475790275403247,36.55566614307732,0.34239561036297667
intermittent,marked_gaussian_evidence_once_initial_negative,102,1,True,10,237,213,1.1445182291399698,0.005674432045817558,True,214.9824953442249,0.004967551015875856,0.0612702434879851,0.9392067484117717
intermittent,marked_gaussian_evidence_once_initial_negative,102,2,False,7,19,0,0.0,0.0,True,1.6316569300204777,0.8726632398010551,37.0280922826782,0.783971878613742
intermittent,marked_gaussian_evidence_once_initial_negative,103,1,True,10,236,213,1.9080787525194745,0.00937409848328778,True,211.93808343434316,0.005059425373624303,0.03749735343735392,0.9908424097062861
intermittent,marked_gaussian_evidence_once_initial_negative,103,2,False,6,19,0,0.0,0.0,False,,,,
intermittent,marked_gaussian_evidence_once_initial_negative,104,1,True,10,237,213,2.008776556535195,0.009854315498526132,True,212.82355831313095,0.005020645349397814,0.05698818335245788,0.9364397183760593
intermittent,marked_gaussian_evidence_once_initial_negative,104,2,False,6,15,0,0.0,0.0,False,,,,
intermittent,marked_gaussian_evidence_once_initial_negative,105,1,False,9,235,213,1.1757841764100108,0.0058522461333297745,True,213.20622600079096,0.0049821392790821515,0.05239452243633204,0.9774547864181115
intermittent,marked_gaussian_evidence_once_initial_negative,105,2,False,6,15,0,0.0,0.0,False,,,,
intermittent,marked_gaussian_evidence_once_initial_negative,106,1,False,9,232,212,1.0484578558026256,0.005268460688923251,True,212.04047452897134,0.005024303259206084,0.0719553852227941,0.9331714756472392
intermittent,marked_gaussian_evidence_once_initial_negative,106,2,False,6,14,0,0.0,0.0,False,,,,
intermittent,marked_gaussian_evidence_once_initial_negative,107,1,True,9,234,211,1.5715235160421357,0.007915952030605038,True,211.2381743359632,0.005044567038055729,0.0510837335245769,0.9718724308649884
intermittent,marked_gaussian_evidence_once_initial_negative,107,2,False,6,14,0,0.0,0.0,False,,,,
intermittent,marked_gaussian_evidence_once_initial_negative,108,1,True,9,234,212,1.8617574077667705,0.009361140168075084,True,212.51779950048575,0.005028868693563307,0.021879969483652523,0.9440057533062072
intermittent,marked_gaussian_evidence_once_initial_negative,108,2,False,6,14,0,0.0,0.0,False,,,,
intermittent,marked_gaussian_evidence_once_initial_negative,109,1,True,9,237,213,2.0541504005399913,0.010333997280241335,True,213.44130233365158,0.005010759584746175,0.045280644753644225,0.9580841771722437
intermittent,marked_gaussian_evidence_once_initial_negative,109,2,False,6,13,0,0.0,0.0,False,,,,
intermittent,marked_gaussian_evidence_once_initial_negative,110,1,True,9,236,213,2.1050713198091433,0.010596766450306994,True,213.97644415433075,0.004997939124151222,0.038825024169705465,0.9640584246546842
intermittent,marked_gaussian_evidence_once_initial_negative,110,2,False,6,13,0,0.0,0.0,True,5.9381111436566245,0.3407219672963109,28.086867842343377,1.54043067734e-312
intermittent,marked_gaussian_evidence_once_initial_negative,111,1,True,9,234,214,2.113054369389057,0.010629450824167677,True,213.54299164647912,0.004994376666100521,0.05057140941230824,0.9748510535310413
intermittent,marked_gaussian_evidence_once_initial_negative,111,2,False,6,15,0,0.0,0.0,True,1.0641979429940633,0.9886265643258391,26.48790250405761,0.0033871707701338158
intermittent,marked_gaussian_evidence_once_initial_negative,112,1,True,9,235,213,2.05615863107501,0.010347015224337348,True,212.93738072111253,0.004993145400501816,0.04904137301125394,0.9436939023390081
intermittent,marked_gaussian_evidence_once_initial_negative,112,2,False,5,14,0,0.0,0.0,True,1.0862171113847507,0.9839076573453175,27.422584183486848,0.00204009356593921
intermittent,marked_gaussian_evidence_once_initial_negative,113,1,False,9,236,213,2.078812945998381,0.010457155427179505,True,212.5811224488606,0.004992297634481672,0.06875918499295304,0.9705372057117965
intermittent,marked_gaussian_evidence_once_initial_negative,113,2,False,6,16,0,0.0,0.0,True,1.92415004846318,0.6502600337638214,27.209184340531873,0.057300616957009984
intermittent,marked_gaussian_evidence_once_initial_negative,114,1,True,8,234,213,2.082719066935115,0.01047453196501511,True,212.53119942929743,0.0049921947555916415,0.07189153767717339,0.974887321177507
intermittent,marked_gaussian_evidence_once_initial_negative,114,2,False,7,18,0,0.0,0.0,True,2.3523490417265567,0.5555338329995374,27.009404979788208,0.6893424285601087
intermittent,marked_gaussian_evidence_once_initial_negative,115,1,True,8,230,213,2.078682101926069,0.010453520177305853,True,212.5085785652231,0.004992513981138965,0.08584352655279938,0.9387224365592617
intermittent,marked_gaussian_evidence_once_initial_negative,115,2,False,7,20,0,0.0,0.0,True,2.240011747887106,0.5459243097432794,27.036502130402436,0.985325770545839
intermittent,marked_gaussian_evidence_once_initial_negative,116,1,True,8,230,213,2.034275317834325,0.01023042358279838,True,212.4805353150253,0.0049943407034595275,0.06237627225631114,0.897864044668361
intermittent,marked_gaussian_evidence_once_initial_negative,116,2,False,7,20,0,0.0,0.0,True,2.1154943301614386,0.5473233025336073,26.885216517387924,0.9942208359336144
intermittent,marked_gaussian_evidence_once_initial_negative,117,1,True,8,230,213,2.0732829369055388,0.01042531905126212,True,212.4835948220067,0.004996561871320847,0.046204382595739536,0.9546175827475332
intermittent,marked_gaussian_evidence_once_initial_negative,117,2,False,6,16,0,0.0,0.0,True,2.0450284816046502,0.5560460351853747,26.819649921034678,0.996284531574766
intermittent,marked_gaussian_evidence_once_initial_negative,118,1,False,7,229,212,1.1316364077703458,0.005676038273517225,True,212.41132273589534,0.00500132237409187,0.08009353867312048,0.9265709239553505
intermittent,marked_gaussian_evidence_once_initial_negative,118,2,False,6,14,0,0.0,0.0,True,2.003758075337129,0.5801743476984356,26.636313159231786,0.9899493639360276
intermittent,marked_gaussian_evidence_once_initial_negative,119,1,False,7,229,212,1.0147562220362667,0.005080222297421881,True,211.402146492313,0.00500323595531247,0.0614665593688981,0.9028877513978983
intermittent,marked_gaussian_evidence_once_initial_negative,119,2,False,6,13,0,0.0,0.0,True,1.018669986193769,0.9975189339264214,9.807268694382405,3.5786825424042836e-05
intermittent,marked_gaussian_evidence_once_initial_negative,120,1,False,8,232,211,1.6413583878108677,0.008248575603331247,True,211.1055818735289,0.005003992384150198,0.07214371370798427,0.9637808824989729
intermittent,marked_gaussian_evidence_once_initial_negative,120,2,False,6,14,0,0.0,0.0,True,1.0035528535310752,0.9996284232306001,9.762092159306667,0.04539040039958735
intermittent,marked_gaussian_evidence_once_initial_negative,121,1,True,8,234,212,1.9077849422292346,0.009583309704904256,True,212.52334400127484,0.004994799330175385,0.07254837022456813,0.9464057354034687
intermittent,marked_gaussian_evidence_once_initial_negative,121,2,False,7,17,0,0.0,0.0,True,1.23085351421371,0.9469295740925816,9.721748538037938,0.39330089287685693
intermittent,marked_gaussian_evidence_once_initial_negative,122,1,False,8,236,1,0.001985553950364286,0.001985553950364286,True,215.884495911651,0.004986484811858364,3.483331537044233,0.8971219254502325
intermittent,marked_gaussian_evidence_once_initial_negative,122,2,False,7,17,0,0.0,0.0,True,1.179581253055357,0.9647731625419761,9.69554672988585,0.9763400260483825
intermittent,marked_gaussian_evidence_once_initial_negative,123,1,False,8,237,4,0.009606262543872578,0.005273828987356025,True,216.03855590386098,0.004949410259820764,0.08303720827616741,0.7337274935662303
intermittent,marked_gaussian_evidence_once_initial_negative,123,2,False,7,19,0,0.0,0.0,True,3.167366804932494,0.5592445501777773,4.009254279345464,0.043382199357404096
intermittent,marked_gaussian_evidence_once_initial_negative,124,1,False,9,235,215,2.0311753501598933,0.0101904424146403,True,215.72705329251545,0.004964407825585941,0.05159638179157058,0.9288477980542449
intermittent,marked_gaussian_evidence_once_initial_negative,124,2,False,7,18,0,0.0,0.0,True,2.8207902618614824,0.6650005648391548,3.932953547494068,0.989251127744483
intermittent,marked_gaussian_evidence_once_initial_negative,125,1,False,8,230,1,0.0017391586079537622,0.0017391586079537622,True,213.74801695295824,0.0050222479429790886,3.5228792165230707,0.9228544278937088
intermittent,marked_gaussian_evidence_once_initial_negative,125,2,False,7,17,0,0.0,0.0,True,1.4329611486071674,0.9225080389269902,3.9762470423818486,0.999648415309787
intermittent,marked_gaussian_evidence_once_initial_negative,126,1,False,10,232,3,0.008562075931927893,0.005776241819953302,True,213.29489898540777,0.005105485355200757,0.03177097888515216,0.6795173043151459
intermittent,marked_gaussian_evidence_once_initial_negative,126,2,False,7,14,0,0.0,0.0,True,1.0632490736414508,0.991174329499173,4.056538795459674,0.9864840506132111
intermittent,marked_gaussian_evidence_once_initial_negative,127,1,False,9,236,215,1.0160009949658657,0.005070663619451509,True,213.82606295987387,0.004988101137718352,0.04967207406246074,0.8434412601241335
intermittent,marked_gaussian_evidence_once_initial_negative,127,2,False,7,13,0,0.0,0.0,True,1.0592550952259796,0.9905531009059616,26.66770256673142,0.9989363413947154
intermittent,marked_gaussian_evidence_once_initial_negative,128,1,False,11,237,214,1.7518516945312321,0.00877999381881216,True,212.56653142247302,0.005005271954354825,0.05031572624499657,0.8694742360508311
intermittent,marked_gaussian_evidence_once_initial_negative,128,2,False,6,11,0,0.0,0.0,True,1.006737831455943,0.9992566845162828,25.69109267370397,0.9997617261608186
intermittent,marked_gaussian_evidence_once_initial_negative,129,1,False,10,239,213,1.1078766111821516,0.00556108054898407,True,212.75629918692897,0.005010018244037072,0.06537621963130108,0.9353819763560333
intermittent,marked_gaussian_evidence_once_initial_negative,129,2,False,6,10,0,0.0,0.0,True,1.7690941321233402,0.7949391643108569,23.872732121927005,0.001206321734069591
intermittent,marked_gaussian_evidence_once_initial_negative,130,1,False,12,241,211,1.7233871060150219,0.008680987773289316,True,211.45367233424867,0.005020270755689426,0.05407432501368672,0.9382062725159498
intermittent,marked_gaussian_evidence_once_initial_negative,130,2,False,5,10,0,0.0,0.0,True,1.001403729789794,0.9998626968269755,25.212750941242707,0.9946110584373066
intermittent,marked_gaussian_evidence_once_initial_negative,131,1,True,13,242,212,1.987962585391202,0.009999107991610929,True,212.4039806408178,0.005014458900883248,0.051589845790832915,0.972889373060277
intermittent,marked_gaussian_evidence_once_initial_negative,131,2,False,5,8,0,0.0,0.0,True,1.002382658494095,0.9997529388688933,23.736515805006352,0.9801594199289139
intermittent,marked_gaussian_evidence_once_initial_negative,132,1,True,13,241,213,2.07430959118318,0.010430511019396018,True,213.0509937068711,0.0050128951004141725,0.05623382425027728,0.9663123985862941
intermittent,marked_gaussian_evidence_once_initial_negative,132,2,False,5,8,0,0.0,0.0,False,,,,
intermittent,marked_gaussian_evidence_once_initial_negative,133,1,True,13,240,213,2.06987285915928,0.0104118571902062,True,212.8386264956115,0.005016563333344886,0.07599963724473588,0.9636805100027592
intermittent,marked_gaussian_evidence_once_initial_negative,133,2,False,5,7,0,0.0,0.0,False,,,,
intermittent,marked_gaussian_evidence_once_initial_negative,134,1,False,13,241,213,2.059320227812803,0.01036111887146296,True,212.53202656628554,0.0050203268255438836,0.058855474737248406,0.9168620325172062
intermittent,marked_gaussian_evidence_once_initial_negative,134,2,False,4,7,0,0.0,0.0,True,1.0,1.0,28.01943144308654,1.0848111136375505e-07
intermittent,marked_gaussian_evidence_once_initial_negative,135,1,False,12,240,212,1.1407813308718957,0.005743941709743361,True,212.3104586124222,0.0050244173072790535,0.0722990595570594,0.9370958708247339
intermittent,marked_gaussian_evidence_once_initial_negative,135,2,False,4,8,0,0.0,0.0,True,1.0198117699840004,0.9971380637151501,9.838591457570624,3.2240438018457095e-07
intermittent,marked_gaussian_evidence_once_initial_negative,136,1,False,12,244,213,1.75045301127755,0.008797013731560319,True,211.2993459303573,0.005032908610283446,0.08269244635451287,0.8937022637225625
intermittent,marked_gaussian_evidence_once_initial_negative,136,2,False,4,7,0,0.0,0.0,False,,,,
intermittent,marked_gaussian_evidence_once_initial_negative,137,1,False,11,240,213,1.1016752253761064,0.005543389128001609,True,212.1731448051391,0.005027799917850235,0.09417792242607549,0.9282332794394721
intermittent,marked_gaussian_evidence_once_initial_negative,137,2,False,4,6,0,0.0,0.0,True,1.0,1.0,25.631999262119564,4.97148139875389e-06
intermittent,marked_gaussian_evidence_once_initial_negative,138,1,False,12,240,211,1.7107741857525585,0.008632667812647677,True,211.4215043551295,0.005035736321845846,0.07358348226386179,0.967206191160372
intermittent,marked_gaussian_evidence_once_initial_negative,138,2,False,4,9,0,0.0,0.0,True,1.0000000432386982,0.9999999979411227,25.48475292057483,0.07960480964368104
intermittent,marked_gaussian_evidence_once_initial_negative,139,1,False,11,239,213,1.1029974584007376,0.005552375594515968,True,212.35726387947977,0.0050294788287216065,0.06489808707935799,0.9332080465290344
intermittent,marked_gaussian_evidence_once_initial_negative,139,2,False,5,12,0,0.0,0.0,True,1.0007122825338886,0.9999373110939554,3.970182585090696,6.788286186558438e-08
intermittent,marked_gaussian_evidence_once_initial_negative,140,1,False,11,238,211,1.6544563402700254,0.008352304937480966,True,211.35680370117387,0.0050390749730955245,0.05081532155112087,0.9259986484041535
intermittent,marked_gaussian_evidence_once_initial_negative,140,2,False,5,13,0,0.0,0.0,True,1.0000136403876925,0.9999990848507889,4.046835950538874,0.047898536997301316
intermittent,marked_gaussian_evidence_once_initial_negative,141,1,False,11,241,212,1.9888605599955946,0.010021197076777656,True,212.44470955181768,0.005029756542570514,0.0568251415284723,0.9783058604385428
intermittent,marked_gaussian_evidence_once_initial_negative,141,2,False,5,11,0,0.0,0.0,True,1.2200696764777008,0.9498666672071038,4.029938961571288,0.35483397442936926
intermittent,marked_gaussian_evidence_once_initial_negative,142,1,False,12,237,213,1.1389466054764936,0.005738490793149564,True,213.1852639894989,0.005026553468614112,0.05077160343976151,0.9427222623630804
intermittent,marked_gaussian_evidence_once_initial_negative,142,2,False,5,11,0,0.0,0.0,True,1.1800972326510275,0.9650031348344271,4.003674924464814,0.9339023597422796
intermittent,marked_gaussian_evidence_once_initial_negative,143,1,False,11,236,212,1.067368446795538,0.0053851627690463385,True,211.41580260265476,0.005042395953052177,0.03770167553269916,0.9551696944578696
intermittent,marked_gaussian_evidence_once_initial_negative,143,2,False,5,12,0,0.0,0.0,True,1.7799010775722108,0.8413330910850005,9.784586370198094,0.4896305524619064
intermittent,marked_gaussian_evidence_once_initial_negative,144,1,False,11,238,211,1.4609408790742662,0.007386154545688384,True,210.90415010900364,0.005047440588305034,0.03577541140049287,0.960894703349043
intermittent,marked_gaussian_evidence_once_initial_negative,144,2,False,4,14,0,0.0,0.0,True,1.121364250274398,0.9756446116996771,26.324719650510765,1.1905716854593664e-05
intermittent,marked_gaussian_evidence_once_initial_negative,145,1,False,10,238,212,0.6241171185492429,0.003051475338377041,True,212.19872307738814,0.00503686392130883,0.03951553556406854,0.9807492610386217
intermittent,marked_gaussian_evidence_once_initial_negative,145,2,False,5,11,0,0.0,0.0,True,1.0033489464939616,0.9996263817371894,26.39252378351145,0.017787774848874574
intermittent,marked_gaussian_evidence_once_initial_negative,146,1,False,7,239,213,0.6058418270082817,0.00290342522420222,True,215.3277340377869,0.004854427418178092,0.03964059325722988,0.9511502250301387
intermittent,marked_gaussian_evidence_once_initial_negative,146,2,False,5,13,0,0.0,0.0,True,1.0003122851546127,0.9999728853743299,29.29554745383821,0.0001284025270093712
intermittent,marked_gaussian_evidence_once_initial_negative,147,1,False,12,247,218,0.9602834785893033,0.0047794174455424495,True,217.5415019972463,0.004750238869533181,0.06434110555570793,0.896392628524801
intermittent,marked_gaussian_evidence_once_initial_negative,147,2,False,6,243,217,0.45556770092635124,0.00218773091155637,True,1.000031313066005,0.9999977751861535,3.9526799907387944,0.003487672272905126
intermittent,marked_gaussian_evidence_once_initial_negative,148,1,False,10,247,212,0.7950772170073122,0.003812928309613523,True,215.26494244258927,0.004793074422552347,0.08025739217535569,0.9624860838947847
intermittent,marked_gaussian_evidence_once_initial_negative,148,2,False,10,247,212,0.7950772170073122,0.003812928309613523,True,200.56266765392078,0.04214346349011395,4.095406510006405,0.7288911651969513
intermittent,marked_gaussian_evidence_once_initial_negative,149,1,False,11,249,2,0.0038521832134314395,0.0023733682356975143,True,219.6048963920145,0.004707336248946729,0.07216541575981192,0.8536337407396843
intermittent,marked_gaussian_evidence_once_initial_negative,149,2,False,11,249,2,0.0038521832134314395,0.0023733682356975143,True,203.32137902665318,0.053141126830972614,3.8508272648788604,0.9147320053832885
intermittent,marked_gaussian_evidence_once_initial_negative,150,1,False,11,245,7,0.015201118739050612,0.003332175798016659,True,222.78457123922175,0.007190760764042494,0.05942246472333614,0.941546095353275
intermittent,marked_gaussian_evidence_once_initial_negative,150,2,False,11,245,7,0.015201118739050612,0.003332175798016659,True,1.0003408118492088,0.9999729658342641,26.56647715208948,0.9883658139814954
intermittent,marked_gaussian_evidence_once_initial_negative,151,1,False,11,257,227,0.629696973414982,0.002844617577462068,True,225.61537590664912,0.0067085116088044325,0.034724695433174885,0.9020384336466285
intermittent,marked_gaussian_evidence_once_initial_negative,151,2,False,11,257,227,0.629696973414982,0.002844617577462068,True,1.3986412256736023,0.9286719382109297,23.71772616440841,0.0020971409971086603
intermittent,marked_gaussian_evidence_once_initial_negative,152,1,False,13,258,229,0.6094645217787724,0.0027299635054932616,True,228.43990359123984,0.0074699561823298975,0.06096482851798742,0.8299625420233929
intermittent,marked_gaussian_evidence_once_initial_negative,152,2,False,13,258,229,0.6094645217787724,0.0027299635054932616,True,3.623918909274936,0.4074841529779845,23.47299854847429,0.15927189858306096
intermittent,marked_gaussian_evidence_once_initial_negative,153,1,False,12,266,231,0.6332026213979639,0.002849747406462033,True,230.73027050007894,0.0077501409565126555,0.07459492102439318,0.924895416460065
intermittent,marked_gaussian_evidence_once_initial_negative,153,2,False,12,266,231,0.6332026213979639,0.002849747406462033,True,2.6566233309835305,0.4826201571300167,23.404566828600867,0.8823348434694375
intermittent,marked_gaussian_evidence_once_initial_negative,154,1,False,12,256,225,0.35142148412344676,0.0028326922441426618,True,232.9124832508465,0.007956072663443428,0.037441576463484554,0.9698925640791777
intermittent,marked_gaussian_evidence_once_initial_negative,154,2,False,12,256,225,0.35142148412344676,0.0028326922441426618,True,187.87740453936203,0.09291396130778218,4.02877154193303,0.7533636150629487
intermittent,marked_gaussian_evidence_once_initial_negative,155,1,False,11,261,227,0.43180915213127125,0.0036612493749559735,True,224.60390340027286,0.016425436315566807,0.06401478719287002,0.7934578290020937
intermittent,marked_gaussian_evidence_once_initial_negative,155,2,False,11,261,227,0.43180915213127125,0.0036612493749559735,True,2.098189421367524,0.5879605422174018,24.479758524351364,0.016204843685577376
intermittent,marked_gaussian_evidence_once_initial_negative,156,1,False,11,262,228,0.5446071835723811,0.003112850683598832,True,226.42411175045797,0.00950481352771182,0.04328619549196966,0.9235213012956076
intermittent,marked_gaussian_evidence_once_initial_negative,156,2,False,11,262,228,0.5446071835723811,0.003112850683598832,True,1.7854652811046214,0.8227529084491849,23.023512265963845,0.5924332486024987
intermittent,marked_gaussian_evidence_once_initial_negative,157,1,False,11,270,230,0.47267131188607214,0.0026413655399699708,True,228.37353108192323,0.0072087269863788305,0.04926901172401335,0.9226397047740665
intermittent,marked_gaussian_evidence_once_initial_negative,157,2,False,11,270,230,0.47267131188607214,0.0026413655399699708,True,2.7434730052600607,0.6290725326731608,9.79823712375142,1.3976196996924109e-05
intermittent,marked_gaussian_evidence_once_initial_negative,158,1,False,11,268,225,0.5321025326939541,0.0025715376475044004,True,227.82945168605895,0.0059407983205213635,0.06516997259959327,0.9402042545829277
intermittent,marked_gaussian_evidence_once_initial_negative,158,2,False,11,268,225,0.5321025326939541,0.0025715376475044004,True,1.1143004217215031,0.9802881633301767,21.51952535563326,0.98802684271002
intermittent,marked_gaussian_evidence_once_initial_negative,159,1,False,11,271,231,0.4848684169218146,0.00234807807950393,True,229.8439802876715,0.005410521748450073,0.04785693532367379,0.9702566902665246
intermittent,marked_gaussian_evidence_once_initial_negative,159,2,False,11,271,231,0.4848684169218146,0.00234807807950393,True,3.572183546689676,0.4229418129237121,29.810333673020114,0.08910075814187926
intermittent,marked_gaussian_evidence_once_initial_negative,160,1,False,11,263,229,0.4744972898231252,0.00223789236328884,True,229.0460245875881,0.005063827834767552,0.04565215250640443,0.9417066346538716
intermittent,marked_gaussian_evidence_once_initial_negative,160,2,False,11,263,229,0.4744972898231252,0.00223789236328884,True,1.0011391430129832,0.9998873612311172,33.56702856921174,0.9998289559321186
intermittent,marked_gaussian_evidence_once_initial_negative,161,1,False,11,272,228,0.508501461504375,0.0023644352282622605,True,228.3866505383458,0.004830634221172012,0.04544016340744353,0.9729454813758233
intermittent,marked_gaussian_evidence_once_initial_negative,161,2,False,10,20,0,0.0,0.0,True,1.001079084035326,0.9998938975524522,34.17489993217299,0.9998918371941271
intermittent,marked_gaussian_evidence_once_initial_negative,162,1,False,11,272,226,0.5364054041056049,0.0025588417790945125,True,230.4580558386361,0.00458257447342801,0.05522851524925686,0.9605560331979649
intermittent,marked_gaussian_evidence_once_initial_negative,162,2,False,11,272,226,0.5364054041056049,0.0025588417790945125,True,1.0012547297210845,0.9998787130294257,35.085981654292134,0.9999197889786723
intermittent,marked_gaussian_evidence_once_initial_negative,163,1,False,11,263,233,0.47396591347188316,0.0021020943069758502,True,232.51299859361305,0.0045824700239426456,0.056311228586091465,0.9131350429981293
intermittent,marked_gaussian_evidence_once_initial_negative,163,2,False,11,263,233,0.47396591347188316,0.0021020943069758502,True,1.0011436362567923,0.9998868260066389,35.694994974646036,0.9999910546298513
intermittent,marked_gaussian_evidence_once_initial_negative,164,1,False,11,272,229,0.5234968179764383,0.0023360464093767986,True,231.06001110092797,0.004576350448748752,0.05133739829068235,0.9215629438795696
intermittent,marked_gaussian_evidence_once_initial_negative,164,2,False,11,272,229,0.5234968179764383,0.0023360464093767986,True,1.0011382378787053,0.9998874341077579,36.73306940255367,0.9999648401673124
intermittent,marked_gaussian_evidence_once_initial_negative,165,1,False,11,271,226,0.5755032078739332,0.00288290855809827,True,233.56777185835904,0.0045354475776041205,0.04913231474759352,0.9661903228412654
intermittent,marked_gaussian_evidence_once_initial_negative,165,2,False,11,271,226,0.5755032078739332,0.00288290855809827,True,1.000000555334154,0.9999999696724567,29.585069737567935,2.422193444231129e-08
intermittent,marked_gaussian_evidence_once_initial_negative,166,1,False,10,277,238,0.47916218447866366,0.002092125063674463,True,236.3745618751825,0.004516160407535941,0.06539483692032157,0.9125308218147179
intermittent,marked_gaussian_evidence_once_initial_negative,166,2,False,10,277,238,0.47916218447866366,0.002092125063674463,True,1.000000017850135,0.9999999991934967,18.10289779245892,0.9941449127048048
intermittent,marked_gaussian_evidence_once_initial_negative,167,1,False,10,271,234,0.478447796036259,0.0021022974386625186,True,234.93896323415723,0.004479004719053188,0.050299753448544544,0.9394065510989107
intermittent,marked_gaussian_evidence_once_initial_negative,167,2,False,10,271,234,0.478447796036259,0.0021022974386625186,True,1.066407641380041,0.9901460529965812,9.7665329308141,0.16372357510535443
intermittent,marked_gaussian_evidence_once_initial_negative,168,1,False,10,272,232,0.47373843934490556,0.002074207765385734,True,233.02011488972175,0.0044290232606978,0.06198837420036239,0.9233849997114347
intermittent,marked_gaussian_evidence_once_initial_negative,168,2,False,10,272,232,0.47373843934490556,0.002074207765385734,True,1.0037202257645954,0.9996001683899786,25.008701296066874,0.008558251099585064
intermittent,marked_gaussian_evidence_once_initial_negative,169,1,False,10,271,232,0.48355050796513577,0.0021070448922907766,True,232.30080149572007,0.004397040253733114,0.06898381488217338,0.9618587500472962
intermittent,marked_gaussian_evidence_once_initial_negative,169,2,False,10,271,232,0.48355050796513577,0.0021070448922907766,True,3.4795482710074292,0.38150948358712783,29.726491358582685,0.3886606657700781
intermittent,marked_gaussian_evidence_once_initial_negative,170,1,False,10,276,232,0.4775495042514567,0.0020748652614465163,True,232.68993345463147,0.004372852649272072,0.06001146417858079,0.9357622540927095
intermittent,marked_gaussian_evidence_once_initial_negative,170,2,False,10,276,232,0.4775495042514567,0.0020748652614465163,True,3.7074288446291903,0.5130975661752497,29.870318008185638,0.19234263968387916
intermittent,marked_gaussian_evidence_once_initial_negative,171,1,False,10,275,232,0.47942784391153803,0.00207991808402825,True,232.81109836771543,0.004361193996014641,0.06770664708556767,0.9437926651233627
intermittent,marked_gaussian_evidence_once_initial_negative,171,2,False,10,275,232,0.47942784391153803,0.00207991808402825,True,5.459483487499009,0.27529277518245737,29.80722669540908,0.24015098329944168
intermittent,marked_gaussian_evidence_once_initial_negative,172,1,False,10,275,231,0.5012265198649499,0.002185242621425147,True,232.90803731365503,0.004349740068995876,0.07822402410291412,0.9365062103414561
intermittent,marked_gaussian_evidence_once_initial_negative,172,2,False,10,275,231,0.5012265198649499,0.002185242621425147,True,4.133975845216476,0.8232303382447214,4.0301250744733705,0.6251937558033842
intermittent,marked_gaussian_evidence_once_initial_negative,173,1,False,11,281,231,1.2079311038444414,0.0053116936074856114,True,234.89342342927188,0.004310941114593826,0.041239786655181895,0.9406084171274496
intermittent,marked_gaussian_evidence_once_initial_negative,173,2,False,10,275,231,0.5285954436080076,0.0023066798513149875,True,10.544273728630042,0.6646619952192558,4.03203528425681,0.6196379067584445
intermittent,marked_gaussian_evidence_once_initial_negative,174,1,False,10,271,232,0.5024535009664662,0.002171565475182848,True,236.4529203742717,0.004297990979235837,0.08194093495650183,0.9743567967452225
intermittent,marked_gaussian_evidence_once_initial_negative,174,2,False,10,271,232,0.5024535009664662,0.002171565475182848,True,1.6023135628251137,0.9090056202364015,9.747675905257452,0.8319793920482581
intermittent,marked_gaussian_evidence_once_initial_negative,175,1,False,9,265,231,0.4734383791091756,0.00206738272203101,True,232.91471492486122,0.004387663032517119,0.08341765312680782,0.9245645378290869
intermittent,marked_gaussian_evidence_once_initial_negative,175,2,False,9,265,231,0.4734383791091756,0.00206738272203101,True,18.64348684348273,0.5865883939608479,4.0905350090806945,0.2945696778768813
intermittent,marked_gaussian_evidence_once_initial_negative,176,1,False,9,270,230,0.464936027292835,0.0020376906662273255,True,231.8259587847366,0.00440260346279664,0.05480676160192004,0.8957105408650635
intermittent,marked_gaussian_evidence_once_initial_negative,176,2,False,9,270,230,0.464936027292835,0.0020376906662273255,True,4.389458305741034,0.8080605929556972,4.032503617485689,0.6936190483732575
intermittent,marked_gaussian_evidence_once_initial_negative,177,1,False,9,268,229,0.4679089579067961,0.0020533937401512616,True,232.13368259281015,0.0043730270540174015,0.08225705586607583,0.9170880098785585
intermittent,marked_gaussian_evidence_once_initial_negative,177,2,False,9,268,229,0.4679089579067961,0.0020533937401512616,True,2.235028713825329,0.9000597229067276,4.021024962495358,0.822169322163918
intermittent,marked_gaussian_evidence_once_initial_negative,178,1,False,8,268,228,0.4698307607117278,0.0020659662812650952,True,231.0981766500565,0.004371412801903288,0.038092195107582875,0.9288822088690337
intermittent,marked_gaussian_evidence_once_initial_negative,178,2,False,8,268,228,0.4698307607117278,0.0020659662812650952,True,1.544146638840633,0.9506787188508345,3.954291449963879,0.9866118208067424
intermittent,marked_gaussian_evidence_once_initial_negative,179,1,False,8,241,226,0.4520510130161607,0.0020028015290874243,True,230.0589441464526,0.004379694701302387,0.07681927028024434,0.8683346793337994
intermittent,marked_gaussian_evidence_once_initial_negative,179,2,False,8,241,226,0.4520510130161607,0.0020028015290874243,True,1.1585954888320065,0.9853548676070337,3.939889602523123,0.9995923960550718
intermittent,marked_gaussian_evidence_once_initial_negative,180,1,False,8,243,227,0.4703195405473425,0.0020772613837286335,True,227.8141833456789,0.004414171321366211,0.07084714023405572,0.9315826824843914
intermittent,marked_gaussian_evidence_once_initial_negative,180,2,False,8,243,227,0.4703195405473425,0.0020772613837286335,True,1.0386627171718994,0.9966163351045085,4.262406411482945,0.9988564133166608
intermittent,marked_gaussian_evidence_once_initial_negative,181,1,False,9,250,227,0.47651192468402154,0.0021039358921436627,True,227.90846180220885,0.004413314682917367,0.056466655651523125,0.9552866427822719
intermittent,marked_gaussian_evidence_once_initial_negative,181,2,False,9,250,227,0.47651192468402154,0.0021039358921436627,True,1.0747409314638054,0.9934878057625933,3.9039017901192747,0.9710453046845484
intermittent,marked_gaussian_evidence_once_initial_negative,182,1,False,9,247,227,0.4729502230293091,0.0020861078856652926,True,227.9413189179135,0.004414778482843074,0.061528513038350205,0.9375006632491842
intermittent,marked_gaussian_evidence_once_initial_negative,182,2,False,8,22,0,0.0,0.0,True,3.1656239205051326,0.4248090831866593,23.090669344392712,0.11067100252964378
intermittent,marked_gaussian_evidence_once_initial_negative,183,1,False,9,249,226,0.5020431222342565,0.0022291973432051956,True,228.004973278125,0.004415964644132345,0.06636579778567875,0.9569188947725953
intermittent,marked_gaussian_evidence_once_initial_negative,183,2,False,9,249,226,0.5020431222342565,0.0022291973432051956,True,3.1876041472876833,0.4965862602265573,23.06422286477258,0.4033452542924065
intermittent,marked_gaussian_evidence_once_initial_negative,184,1,False,10,256,228,0.47053022537116196,0.0020669290885685417,True,229.168041296043,0.0043973675631071105,0.052135025534342114,0.9205188768192957
intermittent,marked_gaussian_evidence_once_initial_negative,184,2,False,10,256,228,0.47053022537116196,0.0020669290885685417,True,1.4254997512560748,0.9200978288960645,23.244441060778218,0.7249041357892831
intermittent,marked_gaussian_evidence_once_initial_negative,185,1,False,10,242,227,0.46720768454648287,0.002059424873304023,True,228.45712579338883,0.004404245423751285,0.06226259564888908,0.9155438029568399
intermittent,marked_gaussian_evidence_once_initial_negative,185,2,False,10,242,227,0.46720768454648287,0.002059424873304023,True,1.1016873152264968,0.983611608710849,23.355681681882615,0.9889313471749356
intermittent,marked_gaussian_evidence_once_initial_negative,186,1,False,10,243,226,0.47299460150140493,0.002092990802802983,True,227.8569953160708,0.004407821485350769,0.06343665935715466,0.9464906982571298
intermittent,marked_gaussian_evidence_once_initial_negative,186,2,False,10,243,226,0.47299460150140493,0.002092990802802983,True,5.767355538703545,0.7745985633447853,3.9894329184269917,0.5191388955244786
intermittent,marked_gaussian_evidence_once_initial_negative,187,1,False,10,247,227,0.990121712789131,0.0043671550463028124,True,227.7417637411716,0.00440906504758972,0.05985284916602841,0.9436049668214823
intermittent,marked_gaussian_evidence_once_initial_negative,187,2,False,10,242,226,0.47233974549359486,0.0021050534137410735,True,134.00166553183792,0.12114999009585187,3.942345587450753,0.79180901442126
intermittent,marked_gaussian_evidence_once_initial_negative,188,1,False,10,243,226,0.7483398255087983,0.0033119231149726625,True,227.46485596291583,0.004415103129239342,0.049191523816096656,0.9796385685343214
intermittent,marked_gaussian_evidence_once_initial_negative,188,2,False,10,243,226,0.7483398255087983,0.0033119231149726625,True,228.9341715914674,0.007260750233715837,1.2026905857810624,0.7676641223338121
intermittent,marked_gaussian_evidence_once_initial_negative,189,1,False,10,244,226,0.39044230025227045,0.0017289520166433117,True,228.1227589500168,0.0044078723321331215,0.05874710297263044,0.9427956803529801
intermittent,marked_gaussian_evidence_once_initial_negative,189,2,False,10,244,226,0.39044230025227045,0.0017289520166433117,True,59.2610323386702,0.3539027730399072,4.100243332100155,0.6199607066206155
intermittent,marked_gaussian_evidence_once_initial_negative,190,1,False,9,248,226,0.2961364595793654,0.001312089034801057,True,229.14369050564082,0.004390173061937511,0.05962269804324278,0.8545752512627873
intermittent,marked_gaussian_evidence_once_initial_negative,190,2,False,9,248,226,0.2961364595793654,0.001312089034801057,True,57.747522581694255,0.37176570873139664,4.0590347415783326,0.7760122655879115
intermittent,marked_gaussian_evidence_once_initial_negative,191,1,False,10,250,0,0.0,0.0,True,229.277408762558,0.007528502117264009,0.04517577955746385,0.8171443723762357
intermittent,marked_gaussian_evidence_once_initial_negative,191,2,False,10,250,0,0.0,0.0,True,92.45596478721394,0.26773750831929705,4.300701473728037,0.9822471986084871
intermittent,marked_gaussian_evidence_once_initial_negative,192,1,False,9,251,1,0.0036702648637116603,0.0036702648637116603,True,227.62294369559083,0.01916947850730754,0.03408115496125422,0.6436205622104908
intermittent,marked_gaussian_evidence_once_initial_negative,192,2,False,9,251,1,0.0036702648637116603,0.0036702648637116603,True,207.30077160554671,0.06126741084180082,3.9262044383489125,0.9471119398331413
intermittent,marked_gaussian_evidence_once_initial_negative,193,1,False,8,254,2,0.006835740377755388,0.0040596840826399895,True,225.116858165851,0.021928167881436384,0.07196183858624701,0.7496907474859317
intermittent,marked_gaussian_evidence_once_initial_negative,193,2,False,8,254,2,0.0068357403777553685,0.0040596840826399895,True,232.48323676421455,0.004357562430244617,3.86811585857935,0.8666272188017656
intermittent,marked_gaussian_evidence_once_initial_negative,194,1,False,8,258,7,0.019936242369599996,0.003842216418974108,True,227.38284936216513,0.016689512020296633,0.06130070533412322,0.7413964829517319
intermittent,marked_gaussian_evidence_once_initial_negative,194,2,False,8,258,7,0.019936242369599996,0.003842216418974108,True,3.4013194144576424,0.4159506211118494,29.730090281345422,0.3515427913046581
intermittent,marked_gaussian_evidence_once_initial_negative,195,1,False,8,250,233,0.4342568491833734,0.0030088627202849148,True,233.42162131162974,0.011422390380996487,0.03945285854593812,0.7631908564078409
intermittent,marked_gaussian_evidence_once_initial_negative,195,2,False,8,250,233,0.4342568491833734,0.0030088627202849148,True,1.0000008774836033,0.9999999508156628,26.203380218912535,0.997914786356755
intermittent,marked_gaussian_evidence_once_initial_negative,196,1,False,8,258,234,0.4614636922448174,0.0026456226293011267,True,233.97256335269688,0.007706071695686547,0.06408518772225984,0.8673292062755255
intermittent,marked_gaussian_evidence_once_initial_negative,196,2,False,8,258,234,0.4614636922448174,0.0026456226293011267,True,1.0012817265082032,0.9998721862103829,26.59296014079977,0.9887753650911946
intermittent,marked_gaussian_evidence_once_initial_negative,197,1,False,8,248,235,0.4822939909465305,0.0023701546826279014,True,234.6441538685555,0.0049140049642623146,0.08781263801348846,0.9431150817619083
intermittent,marked_gaussian_evidence_once_initial_negative,197,2,False,8,248,235,0.4822939909465305,0.0023701546826279014,True,1.0012171476642029,0.9998785868199208,26.930185502865193,0.9947100900630113
intermittent,marked_gaussian_evidence_once_initial_negative,198,1,False,8,253,234,0.47710559406750497,0.0022431342480820743,True,234.6734502392154,0.00432062820334085,0.040650883246340086,0.9245649910246095
intermittent,marked_gaussian_evidence_once_initial_negative,198,2,False,8,253,234,0.47710559406750497,0.0022431342480820743,True,1.001456527207054,0.9998591627290823,27.207477905852752,0.9974710095519499
intermittent,marked_gaussian_evidence_once_initial_negative,199,1,False,8,255,233,0.49065869490595004,0.0021297239794922608,True,234.30957727153913,0.004321287619553738,0.09285532593309735,0.9271099073560152
intermittent,marked_gaussian_evidence_once_initial_negative,199,2,False,8,22,1,0.002220702905601254,0.002220702905601254,True,1.0014584431439675,0.9998606096089813,27.53198816761992,0.9954659116961667
intermittent,marked_gaussian_evidence_once_initial_negative,200,1,False,9,262,236,0.9333153537987197,0.004011647760421012,True,236.2917847283384,0.0043005682381985905,0.11501013588422487,0.8842180025065729
intermittent,marked_gaussian_evidence_once_initial_negative,200,2,False,8,257,235,0.46767760190592034,0.002003919900482561,True,1.2977618201733876,0.9404255880217463,35.95704023874231,0.7649725612939686
intermittent,marked_gaussian_evidence_once_initial_negative,201,1,False,9,265,233,0.5332130892799263,0.0022997563726031367,True,234.62311510532902,0.0043256720952157945,0.06811917491574063,0.982035454554925
intermittent,marked_gaussian_evidence_once_initial_negative,201,2,False,9,265,233,0.5332130892799263,0.0022997563726031367,True,1.4755579866816464,0.8823243049228052,36.40232513374528,0.7498863095207671
intermittent,marked_gaussian_evidence_once_initial_negative,202,1,False,9,265,236,0.4747296860291729,0.0020273022272313925,True,237.34308124281822,0.004291387816532514,0.048224977011482505,0.9037461777466671
intermittent,marked_gaussian_evidence_once_initial_negative,202,2,False,9,265,236,0.4747296860291729,0.0020273022272313925,True,1.0002533030571776,0.9999788378737436,28.43722145848474,0.987656034126253
intermittent,marked_gaussian_evidence_once_initial_negative,203,1,False,10,257,234,0.48409872846445523,0.0020761804641229805,True,235.7002902966748,0.004294073931935538,0.05860063194985308,0.9560335399366822
intermittent,marked_gaussian_evidence_once_initial_negative,203,2,False,9,23,0,0.0,0.0,True,1.0000312899268593,0.9999977785140882,29.58718130535832,0.06750727382665771
intermittent,marked_gaussian_evidence_once_initial_negative,204,1,False,10,258,233,0.46759293483512,0.0020105267609978796,True,234.79503310665453,0.004290640214375151,0.06207674993916809,0.8933277349873259
intermittent,marked_gaussian_evidence_once_initial_negative,204,2,False,10,258,233,0.46759293483512,0.0020105267609978796,True,1.163754758608089,0.9650189653632636,29.574749677419533,0.9032161703123623
intermittent,marked_gaussian_evidence_once_initial_negative,205,1,False,10,257,234,0.4798665360177208,0.002053876485167518,True,234.36564251377564,0.004286946397688821,0.0628590764247227,0.9365915382169907
intermittent,marked_gaussian_evidence_once_initial_negative,205,2,False,10,257,234,0.4798665360177208,0.002053876485167518,True,1.3955316314642126,0.9186727256506353,29.683789072424418,0.7006417209835577
intermittent,marked_gaussian_evidence_once_initial_negative,206,1,False,11,263,234,0.9789023924599934,0.004192237479015137,True,235.0460057482336,0.0042793172959748145,0.06583152851386327,0.9322367406970724
intermittent,marked_gaussian_evidence_once_initial_negative,206,2,False,10,259,234,0.47884664875157285,0.002048621954224266,True,1.8208832057187705,0.8094218247832317,29.702429292642826,0.42316419734513494
intermittent,marked_gaussian_evidence_once_initial_negative,207,1,False,10,256,234,0.4967102872973375,0.0021267618835740334,True,234.48438668470644,0.004286926224673115,0.06561758132762427,0.956975362848917
intermittent,marked_gaussian_evidence_once_initial_negative,207,2,False,10,256,234,0.4967102872973375,0.0021267618835740334,True,2.480915028669955,0.5551446240697179,29.995786236153048,0.4091911266577528
intermittent,marked_gaussian_evidence_once_initial_negative,208,1,False,10,260,234,0.485358569179144,0.002076087853737195,True,234.69435070520163,0.004279807898216931,0.073969130096442,0.9568320512636063
intermittent,marked_gaussian_evidence_once_initial_negative,208,2,False,10,260,234,0.485358569179144,0.002076087853737195,True,2.3005708504437874,0.5601760666730239,29.946632165775068,0.5733547053184513
intermittent,marked_gaussian_evidence_once_initial_negative,209,1,False,10,256,234,0.4818422788611397,0.002060721736590556,True,234.83353721357727,0.004277375316580456,0.04775826755425418,0.9437343919335073
intermittent,marked_gaussian_evidence_once_initial_negative,209,2,False,10,256,234,0.4818422788611397,0.002060721736590556,True,1.0010728666814717,0.9998944177020227,9.779924119095908,0.7266415463782928
intermittent,marked_gaussian_evidence_once_initial_negative,210,1,False,9,259,233,0.47234020456327697,0.0020277367301668936,True,235.04274991913792,0.004277268204448663,0.042165136083119684,0.9127098926860497
intermittent,marked_gaussian_evidence_once_initial_negative,210,2,False,9,259,233,0.47234020456327697,0.0020277367301668936,True,1.1324808297430493,0.9742018204231369,9.875147421598884,0.7990010947626225
intermittent,marked_gaussian_evidence_once_initial_negative,211,1,False,9,254,233,0.4772504537633775,0.002048846547270571,True,234.37696116534838,0.004281120675085312,0.02084135724080894,0.9326624099486913
intermittent,marked_gaussian_evidence_once_initial_negative,211,2,False,9,254,233,0.4772504537633775,0.002048846547270571,True,2.5144947532314283,0.5831224350059081,29.81270160880803,0.10621385669032014
intermittent,marked_gaussian_evidence_once_initial_negative,212,1,False,9,258,234,0.48661049768860054,0.0020809189311881593,True,234.3646600016991,0.004279543192142699,0.033692282088099726,0.9633709837645381
intermittent,marked_gaussian_evidence_once_initial_negative,212,2,False,9,258,234,0.48661049768860054,0.0020809189311881593,True,1.001195190865502,0.9998838807987155,33.24317221541638,0.9999767498585838
intermittent,marked_gaussian_evidence_once_initial_negative,213,1,False,9,257,233,0.510158180538653,0.0021955600401346183,True,234.8282476708251,0.004276874560375367,0.008656144748537497,0.9561261037756258
intermittent,marked_gaussian_evidence_once_initial_negative,213,2,False,9,257,233,0.510158180538653,0.0021955600401346183,True,4.77094775325871,0.8032997085661235,4.068718585950331,0.9490586456391575
intermittent,marked_gaussian_evidence_once_initial_negative,214,1,False,9,260,234,0.322583904154305,0.0020887607865120897,True,236.61028215557573,0.0042828050803447705,0.03971441525767842,0.9669800861789808
intermittent,marked_gaussian_evidence_once_initial_negative,214,2,False,9,260,234,0.322583904154305,0.0020887607865120897,True,6.2683750863458485,0.7436515880330917,4.0235378061813964,0.9877828419001865
intermittent,marked_gaussian_evidence_once_initial_negative,215,1,False,9,262,230,0.29267811960873474,0.002756373963108106,True,236.50639049188624,0.007984523041175884,0.053468525999527255,0.9228533687063034
intermittent,marked_gaussian_evidence_once_initial_negative,215,2,False,9,262,230,0.29267811960873474,0.002756373963108106,True,53.58425658684451,0.3436550550111544,3.8792368406658597,0.6919654408355664
intermittent,marked_gaussian_evidence_once_initial_negative,216,1,False,9,262,237,0.4491921287801294,0.003727807837579077,True,231.52593232966368,0.016043356170303946,0.06809956098325791,0.8429620805187465
intermittent,marked_gaussian_evidence_once_initial_negative,216,2,False,9,262,237,0.4491921287801294,0.003727807837579077,True,1.014405424447274,0.9985359518374939,6.532080689368406,0.9721038824065608
intermittent,marked_gaussian_evidence_once_initial_negative,217,1,False,9,257,236,0.4785145448427951,0.003138501988581765,True,234.72475839249245,0.01007036860840923,0.05899454786044703,0.9372550323841371
intermittent,marked_gaussian_evidence_once_initial_negative,217,2,False,9,26,0,0.0,0.0,True,6.635770516994562,0.17542037602427282,23.33259066643812,0.21881870707364004
intermittent,marked_gaussian_evidence_once_initial_negative,218,1,False,9,258,236,0.4759176127282919,0.0025980069388453547,True,235.43223223723052,0.0069912949813756824,0.0643968139473203,0.9186905527848401
intermittent,marked_gaussian_evidence_once_initial_negative,218,2,False,9,258,236,0.4759176127282919,0.0025980069388453547,True,1.763474904662849,0.8145718195438932,29.758725144650366,0.005543379820898279
intermittent,marked_gaussian_evidence_once_initial_negative,219,1,False,8,259,236,0.47844020005730514,0.0023223464298905015,True,236.07742666370214,0.0055440005336140925,0.060550218160909434,0.9248521536454318
intermittent,marked_gaussian_evidence_once_initial_negative,219,2,False,8,259,236,0.47844020005730514,0.0023223464298905015,True,6.6100617858689095,0.16720847198114283,25.159482159529425,0.4940930567137739
intermittent,marked_gaussian_evidence_once_initial_negative,220,1,False,9,256,236,0.48624321353531236,0.0022129736499272397,True,236.22595576333055,0.004877498134609879,0.05456849460861239,0.955556902691713
intermittent,marked_gaussian_evidence_once_initial_negative,220,2,False,9,256,236,0.48624321353531236,0.0022129736499272397,True,6.571451394220275,0.1670135589765929,25.915394683306207,0.9781916590384798
intermittent,marked_gaussian_evidence_once_initial_negative,221,1,False,9,262,236,0.48583777678412043,0.002139314231686041,True,236.4273112979238,0.004568771591601127,0.03516851984425861,0.9525878661183258
intermittent,marked_gaussian_evidence_once_initial_negative,221,2,False,9,262,236,0.48583777678412043,0.002139314231686041,True,6.681170698925665,0.16401063411697273,26.479064267167423,0.9117877314518701
intermittent,marked_gaussian_evidence_once_initial_negative,222,1,False,9,256,236,0.9869153232562279,0.0043655352261563075,True,236.5948430117114,0.004421994371692374,0.05491960265650315,0.9394430261011361
intermittent,marked_gaussian_evidence_once_initial_negative,222,2,False,9,254,235,0.48094995484082215,0.002090629836256062,True,1.0013046485771564,0.9998708793310173,38.52267211238246,0.9991605996647703
intermittent,marked_gaussian_evidence_once_initial_negative,223,1,False,9,259,236,0.5008903893819348,0.002176860002189837,True,236.17536811342688,0.00445292803690249,0.05362690795592121,0.9656861254480313
intermittent,marked_gaussian_evidence_once_initial_negative,223,2,False,9,259,236,0.5008903893819348,0.002176860002189837,True,1.001367346378132,0.9998635953749481,39.33213102387669,0.9999761998214062
intermittent,marked_gaussian_evidence_once_initial_negative,224,1,False,9,256,236,0.946169863255478,0.00413602218387947,True,236.5661841716711,0.0043719256024317265,0.048677824319571225,0.8968431098286949
intermittent,marked_gaussian_evidence_once_initial_negative,224,2,False,9,257,236,0.4726897654728652,0.00203481095172682,True,1.0012902293405805,0.9998721865282131,39.95358441337893,0.9995301518483541
intermittent,marked_gaussian_evidence_once_initial_negative,225,1,False,9,262,236,0.4991895521560924,0.002153009517497599,True,236.3432276368566,0.004386415849936195,0.07708579953184173,0.9620670907219584
intermittent,marked_gaussian_evidence_once_initial_negative,225,2,False,9,262,236,0.4991895521560924,0.002153009517497599,True,1.0013103318269154,0.9998699896643438,40.60573753463662,0.9999695078043007
intermittent,marked_gaussian_evidence_once_initial_negative,226,1,False,9,258,236,0.48091267363143825,0.0020592549958276473,True,236.65863188737123,0.004325743729584405,0.03913696606826184,0.9300286147755864
intermittent,marked_gaussian_evidence_once_initial_negative,226,2,False,9,258,236,0.48091267363143825,0.0020592549958276473,True,1.0012740977319066,0.9998738600607034,41.18557136591738,0.999873798278797
intermittent,marked_gaussian_evidence_once_initial_negative,227,1,False,9,259,236,1.0080545714692841,0.004322515789951267,True,236.82180717434133,0.004285885103102133,0.057757624060808366,0.9610867457285018
intermittent,marked_gaussian_evidence_once_initial_negative,227,2,False,9,264,236,0.48800266470222425,0.002080280086242627,True,1.0012311673251304,0.9998782010292104,41.79027698352538,0.9999122298637076
intermittent,marked_gaussian_evidence_once_initial_negative,228,1,False,9,261,236,0.5017816254873143,0.002141664585329654,True,236.46868381667838,0.00429629161568629,0.06676181936255454,0.9666322121381321
intermittent,marked_gaussian_evidence_once_initial_negative,228,2,False,9,261,236,0.5017816254873143,0.002141664585329654,True,1.0012253698098703,0.9998792786928522,42.63896450013883,0.9998343211064422
intermittent,marked_gaussian_evidence_once_initial_negative,229,1,False,9,258,236,0.4838703983442103,0.0020579427085341256,True,236.84295159141965,0.004266875480610379,0.04700705094565211,0.941860970714637
intermittent,marked_gaussian_evidence_once_initial_negative,229,2,False,9,258,236,0.4838703983442103,0.0020579427085341256,True,1.0012912727082273,0.9998718875321405,43.19792226310027,0.9992229629160992
intermittent,marked_gaussian_evidence_once_initial_negative,230,1,False,9,256,236,0.4849568650222461,0.0020594024188058378,True,236.83483030150603,0.004253310802643286,0.041392668138748714,0.9482220061732505
intermittent,marked_gaussian_evidence_once_initial_negative,230,2,False,9,256,236,0.4849568650222461,0.0020594024188058378,True,1.0013684886288232,0.9998632687784106,44.16876805321179,0.9999717155573961
intermittent,marked_gaussian_evidence_once_initial_negative,231,1,False,9,260,236,0.4759581762333254,0.0020195662459569406,True,236.83735115844755,0.004246587817401224,0.049857391588657415,0.9115400674471493
intermittent,marked_gaussian_evidence_once_initial_negative,231,2,False,9,260,236,0.4759581762333254,0.0020195662459569406,True,1.0012487224788627,0.9998764773274116,44.66479200985909,0.9993693656374844
intermittent,marked_gaussian_evidence_once_initial_negative,232,1,False,9,257,236,0.4823181008075178,0.002045716252318742,True,237.0526551651508,0.004242087547876228,0.05172505163700242,0.9384226333553647
intermittent,marked_gaussian_evidence_once_initial_negative,232,2,False,9,257,236,0.4823181008075178,0.002045716252318742,True,1.0013077781000357,0.9998698807882073,45.50154305387202,0.9999954595655309
intermittent,marked_gaussian_evidence_once_initial_negative,233,1,False,9,261,236,0.48830338518651295,0.0020707088928668344,True,236.84364309440895,0.004241225196105644,0.016432032305835377,0.9621851420944865
intermittent,marked_gaussian_evidence_once_initial_negative,233,2,False,9,261,236,0.48830338518651295,0.0020707088928668344,True,1.0012239631054902,0.9998792415564571,46.21655221139383,0.9999836190478307
intermittent,marked_gaussian_evidence_once_initial_negative,234,1,False,9,259,236,0.47722126505057155,0.00202353424970252,True,236.8390795943211,0.004240714299090848,0.0373912975571454,0.9163106749925741
intermittent,marked_gaussian_evidence_once_initial_negative,234,2,False,9,259,236,0.47722126505057155,0.00202353424970252,True,1.0012007304322388,0.9998814619742054,46.801397439572305,0.9999941981814444
intermittent,marked_gaussian_evidence_once_initial_negative,235,1,False,8,264,236,0.48426903304491,0.002053204059748381,True,236.84381104635165,0.004239701697763177,0.05137014095214747,0.9460753310378327
intermittent,marked_gaussian_evidence_once_initial_negative,235,2,False,8,264,236,0.48426903304491,0.002053204059748381,True,1.0011844276326207,0.9998835575586517,47.764766683824426,0.9999881609031471
intermittent,marked_gaussian_evidence_once_initial_negative,236,1,False,8,263,236,0.4889290374632433,0.002073028950234233,True,236.84003344745105,0.004239910420417288,0.058169332449503126,0.9645689550702327
intermittent,marked_gaussian_evidence_once_initial_negative,236,2,False,8,263,236,0.4889290374632433,0.002073028950234233,True,1.0011502996773314,0.9998859335264312,48.38334312141698,0.9999894983402028
intermittent,marked_gaussian_evidence_once_initial_negative,237,1,False,8,268,236,0.47510011753006254,0.0020142874868644065,True,237.0375095193573,0.004238777363996338,0.07113477214083058,0.9078921117733483
intermittent,marked_gaussian_evidence_once_initial_negative,237,2,False,8,268,236,0.47510011753006254,0.0020142874868644065,True,7.912422771484135,0.25433162714378776,21.523914869425763,0.4988783948019101
intermittent,marked_gaussian_evidence_once_initial_negative,238,1,False,8,261,236,0.4886930376773375,0.0020718902174763796,True,237.05866447452473,0.004238368363081204,0.0722115424540299,0.9647188765858826
intermittent,marked_gaussian_evidence_once_initial_negative,238,2,False,8,261,236,0.4886930376773375,0.0020718902174763796,True,1.0012070023646522,0.99988075077418,49.720547627188765,0.9999797631327344
intermittent,marked_gaussian_evidence_once_initial_negative,239,1,False,8,265,236,0.48612531817969173,0.0020610691546956443,True,237.04844517120932,0.00423863549483688,0.07412462852478958,0.952794584111225
intermittent,marked_gaussian_evidence_once_initial_negative,239,2,False,8,265,236,0.48612531817969173,0.0020610691546956443,True,7.13298151892812,0.3023350876118131,22.92486580541537,0.5385901342926235
intermittent,marked_gaussian_evidence_once_initial_negative,240,1,False,8,249,236,0.4902457264736395,0.002078561746316769,True,237.04243179653315,0.004238761468723955,0.08680447856255674,0.9700486808279255
intermittent,marked_gaussian_evidence_once_initial_negative,240,2,False,8,249,236,0.4902457264736395,0.002078561746316769,True,1.001315784959513,0.9998730178737293,51.49090653768347,0.9999878889409938
