cohort,sequence,condition,arm,frames,ospa,gospa,loc2,miss2,false2,countError,raw_bytes,delivered_raw_bytes,wire_bytes,runtime_s
development,0000,reliable,marked_lineage,147,2.1112403445538552,2.5475354198425153,0.1435112359521936,16.163265306122447,4.408163265306122,0.24489795918367346,684624,684624,4854528,2.707269875
development,0000,reliable,marked_er,147,2.242465426652271,2.7810313707372782,0.2633034218581524,13.714285714285714,9.306122448979592,0.23809523809523808,633000,633000,4854528,1.3441736666666666
development,0000,reliable,marked_asymmetric,147,1.979611037311224,2.4072117203215764,0.20249777447904754,14.693877551020408,4.408163265306122,0.22448979591836735,646944,646944,4854528,5.8807815833333335
development,0000,reliable,marked_gaussian_evidence_no_curvature,147,1.9973690403082813,2.3800081941575324,0.19031832966701753,13.714285714285714,4.8979591836734695,0.23129251700680273,985152,985152,4854528,2.64072
development,0000,reliable,marked_gaussian_evidence,147,2.0540325088014852,2.4366771750925214,0.19032083902876012,13.714285714285714,5.387755102040816,0.23809523809523808,1001696,1001696,4854528,6.180642916666667
development,0000,intermittent,marked_lineage,147,2.5395482514421954,3.1271579668644116,1.2141880055959131,16.653061224489797,6.122448979591836,0.2891156462585034,614856,461432,4854528,1.0454215
development,0000,intermittent,marked_er,147,2.6175947589940143,3.307663128448342,1.3339431341298043,14.204081632653061,10.53061224489796,0.2755102040816326,633864,466400,4854528,1.218830875
development,0000,intermittent,marked_asymmetric,147,2.4132499879515246,2.986878221061812,1.2732600814521653,15.183673469387756,6.122448979591836,0.2687074829931973,669216,495808,4854528,2.0006077083333333
development,0000,intermittent,marked_gaussian_evidence_no_curvature,147,2.2984410097241676,2.848731911625065,1.2760808223640328,13.959183673469388,6.122448979591836,0.25170068027210885,1011552,749824,4854528,1.6440575833333333
development,0000,intermittent,marked_gaussian_evidence,147,2.298442285887365,2.848733695505098,1.2760828103021666,13.959183673469388,6.122448979591836,0.25170068027210885,1016128,754400,4854528,1.6443037083333334
development,0001,reliable,marked_lineage,114,4.266652951077348,4.3122586637801295,0.8709107637021682,21.473684210526315,20.210526315789473,0.543859649122807,509496,509496,3764736,1.0061247083333333
development,0001,reliable,marked_er,114,5.284570949201942,4.994748901378376,0.8812895059693315,20.210526315789473,27.157894736842106,0.6228070175438597,487464,487464,3764736,0.953421125
development,0001,reliable,marked_asymmetric,114,4.048104151053303,3.9357250864807325,0.8950412149618395,18.94736842105263,16.42105263157895,0.45614035087719296,484752,484752,3764736,5.340265125
development,0001,reliable,marked_gaussian_evidence_no_curvature,114,4.037052223160187,3.92203920439619,0.8615224688226395,18.94736842105263,16.42105263157895,0.45614035087719296,699680,699680,3764736,1.9189085
development,0001,reliable,marked_gaussian_evidence,114,4.037052225727778,3.9220392071945795,0.8615224587847625,18.94736842105263,16.42105263157895,0.45614035087719296,700032,700032,3764736,5.635299833333334
development,0001,intermittent,marked_lineage,114,4.671126059490567,4.530136575509032,0.8845635720473002,19.57894736842105,23.36842105263158,0.543859649122807,491568,367360,3764736,0.8048650833333333
development,0001,intermittent,marked_er,114,5.202650085354024,4.925947904739759,0.8845522310610672,19.57894736842105,27.157894736842106,0.5964912280701754,482712,350944,3764736,0.7912410833333333
development,0001,intermittent,marked_asymmetric,114,4.4871998711539325,4.32972941346079,0.8846721525007876,18.94736842105263,21.473684210526315,0.5263157894736842,482200,352184,3764736,1.5420810833333334
development,0001,intermittent,marked_gaussian_evidence_no_curvature,114,4.491388169430222,4.352179450121221,0.8622860166126227,18.94736842105263,22.105263157894736,0.5350877192982456,790144,575232,3764736,1.3394149166666667
development,0001,intermittent,marked_gaussian_evidence,114,4.491388169980095,4.352179450052706,0.862286002902925,18.94736842105263,22.105263157894736,0.5350877192982456,786976,573472,3764736,1.7153700416666666
development,0002,reliable,marked_lineage,144,3.95051734733339,3.5041893371967965,0.08339223829578074,23.0,11.0,0.3055555555555556,335808,335808,4755456,1.2805455
development,0002,reliable,marked_er,144,4.0016379766126455,3.5241810254457397,0.09728976631288716,19.5,12.0,0.3541666666666667,288720,288720,4755456,1.0270850416666666
development,0002,reliable,marked_asymmetric,144,3.926974960639229,3.4676265610767056,0.08554223387384982,22.5,10.5,0.2916666666666667,303856,303856,4755456,5.212981708333333
development,0002,reliable,marked_gaussian_evidence_no_curvature,144,3.898063466473439,3.4631169682768452,0.08438529492901009,22.5,10.5,0.2916666666666667,477728,477728,4755456,2.476061
development,0002,reliable,marked_gaussian_evidence,144,3.898063466473439,3.4631169682768452,0.08438529492901009,22.5,10.5,0.2916666666666667,478784,478784,4755456,5.496166375
development,0002,intermittent,marked_lineage,144,3.954912228731807,3.4963648789971296,0.1023588537686483,22.5,11.25,0.3020833333333333,380952,307760,4755456,1.060589125
development,0002,intermittent,marked_er,144,4.192447439076712,3.7214945421485774,0.11112508125955875,20.0,14.0,0.3472222222222222,331488,262400,4755456,0.9417513333333334
development,0002,intermittent,marked_asymmetric,144,4.092658078600703,3.547163657763145,0.10234618307487765,22.5,10.25,0.2951388888888889,341440,269512,4755456,1.7022265
development,0002,intermittent,marked_gaussian_evidence_no_curvature,144,4.036525444108323,3.5340761547243553,0.0983341750412885,22.0,11.0,0.2986111111111111,517504,410752,4755456,1.6877717083333332
development,0002,intermittent,marked_gaussian_evidence,144,4.063124806782223,3.560748409955118,0.09833390700661696,22.0,11.25,0.3020833333333333,507648,401248,4755456,2.018793666666667
development,0003,reliable,marked_lineage,198,6.4276549784294845,15.795180802434816,12.030246211614955,251.27272727272728,58.54545454545455,3.272727272727273,6696576,6696576,10601984,16.732221916666667
development,0003,reliable,marked_er,198,6.3867776624809665,15.9818794752686,12.197885488990838,247.63636363636363,69.0909090909091,3.217171717171717,6408864,6408864,10520064,13.861015
development,0003,reliable,marked_asymmetric,198,6.2273227914264915,15.56610600714813,16.077241740683927,254.54545454545453,56.36363636363637,3.2676767676767677,5376976,5376976,8652288,18.825037583333334
development,0003,reliable,marked_gaussian_evidence_no_curvature,198,6.074512900461867,15.172477466382077,15.013479126871314,245.0909090909091,53.45454545454545,3.1464646464646466,7906976,7906976,11109888,16.573849041666666
development,0003,reliable,marked_gaussian_evidence,198,6.122249479331334,15.250273261067981,11.934718309063507,241.8181818181818,55.63636363636363,3.121212121212121,7731328,7731328,10814976,21.429706875
development,0003,intermittent,marked_lineage,198,6.889729521033739,16.738350711820754,13.273366641957713,268.90909090909093,66.18181818181819,3.4823232323232323,4899888,3362088,7407104,9.055817291666667
development,0003,intermittent,marked_er,198,6.705566631599712,16.461443399140787,12.923606215916962,255.63636363636363,70.54545454545455,3.313131313131313,4660344,3199008,7456256,9.373388541666667
development,0003,intermittent,marked_asymmetric,198,6.700680570668571,16.31404133910915,11.832249439633204,270.72727272727275,60.72727272727273,3.477272727272727,5344496,3682376,8865280,14.47895
development,0003,intermittent,marked_gaussian_evidence_no_curvature,198,6.573380283646044,16.017474879209832,10.327618725414343,265.09090909090907,57.81818181818182,3.3585858585858586,6778112,4736832,10782208,12.83367625
development,0003,intermittent,marked_gaussian_evidence,198,6.629738284342926,16.1817846794556,10.327580337150478,262.90909090909093,60.36363636363637,3.3333333333333335,6707008,4713952,10798592,13.1297785
development,0004,reliable,marked_lineage,180,5.116871531476196,22.42015663073348,61.49916915327948,350.8,104.0,3.4277777777777776,6027984,6027984,8795136,44.246819708333334
development,0004,reliable,marked_er,180,5.112904317200598,22.473488765532725,59.79748842292349,350.8,107.6,3.3777777777777778,6019776,6019776,8860672,44.34488075
development,0004,reliable,marked_asymmetric,180,5.2169768477216865,21.213215028754995,58.75442330297585,366.4,44.0,4.477777777777778,6864568,6864568,9417728,67.40544375
development,0004,reliable,marked_gaussian_evidence_no_curvature,180,5.19076158853357,21.057319318212215,59.7882008728571,362.0,41.2,4.455555555555556,10575040,10575040,13939712,71.14662116666666
development,0004,reliable,marked_gaussian_evidence,180,5.001597884237048,20.589116185493626,61.14520940674198,331.2,48.8,3.922222222222222,10565536,10565536,14054400,78.215503625
development,0004,intermittent,marked_lineage,180,5.196199370650485,21.68809697083468,58.2769063489444,361.2,67.8,4.075,7174080,5353544,10269696,61.353967708333336
development,0004,intermittent,marked_er,180,5.179138928084923,21.653094617692346,57.736030624383964,358.6,69.4,4.016666666666667,7157664,5347928,10155008,64.696789875
development,0004,intermittent,marked_asymmetric,180,5.226589387384028,21.423333123777773,56.40607808441449,367.8,52.8,4.375,6806568,4985984,9696256,54.18768216666667
development,0004,intermittent,marked_gaussian_evidence_no_curvature,180,5.233483479484172,21.408302948529126,56.00109009570774,368.2,51.6,4.397222222222222,10560256,7735648,13530112,64.66695570833333
development,0004,intermittent,marked_gaussian_evidence,180,5.157977066480075,21.18528848483337,57.55235961007309,354.8,53.2,4.188888888888889,10893952,8055264,13792256,65.06964170833334
development,0005,reliable,marked_lineage,310,4.69068954888509,14.240416458362985,17.180222627856253,137.03225806451613,72.23225806451613,1.732258064516129,13149400,13149400,17921536,37.18373833333333
development,0005,reliable,marked_er,310,4.5987112713477485,14.142873237122231,18.57152141874515,128.20645161290324,77.10967741935484,1.5935483870967742,12662968,12662968,17495552,36.82771420833333
development,0005,reliable,marked_asymmetric,310,4.76664846080268,14.494970343702487,13.516733481401943,150.03870967741935,70.3741935483871,1.8741935483870968,9714656,9714656,14644736,35.554242333333335
development,0005,reliable,marked_gaussian_evidence_no_curvature,310,4.694694679802807,14.217593289830681,14.085662824837751,142.14193548387098,69.21290322580646,1.8064516129032258,14640512,14640512,19625472,37.673216583333335
development,0005,reliable,marked_gaussian_evidence,310,4.586088315855473,14.251478335838836,15.330175384587886,132.38709677419354,82.68387096774194,1.6516129032258065,14998496,14998496,20461056,40.17467933333333
development,0005,intermittent,marked_lineage,310,5.025026208561458,15.31360181388053,15.660450665677375,168.8516129032258,81.29032258064517,1.8225806451612903,9569632,7325408,14628352,33.598426333333336
development,0005,intermittent,marked_er,310,4.975879793912573,15.139858869905032,16.038598072598283,158.7483870967742,85.58709677419355,1.7225806451612904,9150376,7012640,14513664,31.987417333333333
development,0005,intermittent,marked_asymmetric,310,5.032249934750007,15.34861589404967,16.76404060053116,175.3548387096774,75.36774193548388,1.9080645161290322,9516064,7363536,14956032,35.16430208333333
development,0005,intermittent,marked_gaussian_evidence_no_curvature,310,5.005076054896477,15.23035104531178,16.594109590209538,171.63870967741934,74.90322580645162,1.8725806451612903,14151936,10886112,19052032,36.958369708333336
development,0005,intermittent,marked_gaussian_evidence,310,5.011448071101461,15.427610468183165,17.89637976548887,163.74193548387098,88.02580645161291,1.7903225806451613,14860864,11326464,20559360,36.853988666666666
development,0006,reliable,marked_lineage,304,5.849564381847548,11.43724774412391,2.686107317219919,69.15789473684211,92.60526315789474,1.299342105263158,5155288,5155288,11481088,17.617507416666665
development,0006,reliable,marked_er,304,5.85709614469049,11.50762819631515,2.8662666653689675,66.78947368421052,98.28947368421052,1.3519736842105263,4831720,4831720,10973184,16.464410958333332
development,0006,reliable,marked_asymmetric,304,5.390085124002655,10.540627950312949,4.102441179889945,66.07894736842105,75.07894736842105,1.105263157894737,4723720,4723720,11137024,17.22590329166667
development,0006,reliable,marked_gaussian_evidence_no_curvature,304,5.3998843290857135,10.565371516813345,3.888077094056049,64.42105263157895,77.44736842105263,1.1151315789473684,7483616,7483616,12611584,17.4162675
development,0006,reliable,marked_gaussian_evidence,304,5.4765182937340855,10.770003801373571,4.905353438209171,64.65789473684211,80.52631578947368,1.1151315789473684,7949312,7949312,13021184,23.033160416666668
development,0006,intermittent,marked_lineage,304,5.631264060964536,11.128587631569753,2.3966195186032224,67.5,90.23684210526316,1.2105263157894737,5147296,4074984,11481088,18.104227166666668
development,0006,intermittent,marked_er,304,5.647541517762509,11.097720026546046,2.544149703439215,64.53947368421052,92.01315789473684,1.256578947368421,4917040,3879936,11022336,19.607731
development,0006,intermittent,marked_asymmetric,304,5.493182804098003,10.76696987015027,2.7264821323378747,67.61842105263158,81.35526315789474,1.1842105263157894,5039240,3974176,11661312,15.136511833333333
development,0006,intermittent,marked_gaussian_evidence_no_curvature,304,5.467687729548836,10.67717802828288,2.31389359974698,65.96052631578948,80.28947368421052,1.169407894736842,7793728,6122304,13004800,18.170293583333333
development,0006,intermittent,marked_gaussian_evidence,304,5.547432849060025,10.922876787450804,2.32710535462426,66.07894736842105,87.51315789473684,1.2351973684210527,7543104,5880832,12660736,17.615330041666667
development,0007,reliable,marked_lineage,221,3.2166540403924393,10.221454709826489,17.01539671293788,82.09954751131222,53.755656108597286,1.0723981900452488,7545848,7545848,10804480,29.383901708333333
development,0007,reliable,marked_er,221,3.050297448472989,9.642136580789664,15.658753550441677,70.04524886877829,52.126696832579185,0.9819004524886877,6806912,6806912,10312960,23.881642833333334
development,0007,reliable,marked_asymmetric,221,2.9723198672525553,9.439394061155149,15.26475761863361,75.58371040723982,40.39819004524887,0.8959276018099548,7098496,7098496,10460416,24.570984916666667
development,0007,reliable,marked_gaussian_evidence_no_curvature,221,2.869301624837401,9.029110009132896,10.480716414812704,63.203619909502265,48.86877828054298,0.8687782805429864,8452288,8452288,11885824,22.053467791666666
development,0007,reliable,marked_gaussian_evidence,221,2.889940560312305,8.985144534339545,10.539414288708471,67.76470588235294,45.61085972850679,0.9864253393665159,8754304,8754304,12754176,23.377788958333333
development,0007,intermittent,marked_lineage,221,3.9074112277399946,12.278713486332537,34.37415722564026,145.6289592760181,58.31674208144796,1.7194570135746607,8642480,5366224,13409536,23.989231291666666
development,0007,intermittent,marked_er,221,3.9323992004626063,12.468685585257019,33.38296932738028,137.3212669683258,64.99547511312217,1.6018099547511313,7443464,4527928,10640640,22.73895275
development,0007,intermittent,marked_asymmetric,221,3.6837244482738805,12.017584059125294,33.31792637074069,140.9049773755656,63.69230769230769,1.4434389140271493,7244192,4364728,10263808,16.538029708333333
development,0007,intermittent,marked_gaussian_evidence_no_curvature,221,3.52685815435193,11.73784747733025,30.1099562851968,141.06787330316743,65.15837104072398,1.3529411764705883,8857088,5454240,12213504,17.926378166666666
development,0007,intermittent,marked_gaussian_evidence,221,3.6677597469572776,12.074982670543115,29.543906028110236,144.81447963800906,68.90497737556561,1.4298642533936652,8916224,5521472,12492032,17.732241083333335
development,0008,reliable,marked_lineage,375,0.8270669190722366,2.707275335973315,2.6361196436986027,6.336,8.256,0.192,6529920,6529920,12384000,43.19519020833334
development,0008,reliable,marked_er,375,0.8208861468205313,2.6898326972237525,2.63683612366328,6.336,8.064,0.18933333333333333,6528840,6528840,12384000,40.394162333333334
development,0008,reliable,marked_asymmetric,375,0.8215510090586232,2.6929973432461516,2.6875439086544293,5.952,8.064,0.184,7096056,7096056,12384000,27.529883958333333
development,0008,reliable,marked_gaussian_evidence_no_curvature,375,0.8597134164000146,2.7978837248078894,3.087522925458057,7.296,8.832,0.208,13036384,13036384,19527424,47.07838541666667
development,0008,reliable,marked_gaussian_evidence,375,0.8301047827587411,2.7159118729812035,2.8174220302493196,5.952,9.6,0.20533333333333334,12009952,12009952,16709376,43.74076970833333
development,0008,intermittent,marked_lineage,375,0.9957374762896873,3.1468916861936806,2.717947428448875,10.656,8.448,0.25466666666666665,7804536,5509296,12433152,40.744336708333336
development,0008,intermittent,marked_er,375,0.9784445016213171,3.101282878428291,2.719683423779227,10.272,8.352,0.248,7771920,5481000,12433152,39.634871958333335
development,0008,intermittent,marked_asymmetric,375,0.9783812306520331,3.103890115156519,2.7680242235956323,9.888,8.352,0.24266666666666667,8496408,5969936,12924672,22.957885375
development,0008,intermittent,marked_gaussian_evidence_no_curvature,375,1.010776400997401,3.1948165279048073,3.077245923816985,10.56,9.504,0.26266666666666666,15043840,10666688,24082176,37.139122416666666
development,0008,intermittent,marked_gaussian_evidence,375,0.9903393894133941,3.141434803827554,2.9417421509378885,9.888,9.888,0.264,13814656,9744448,19887872,32.464128083333335
development,0000,reliable,marked_gaussian_evidence_guarded_scalar,147,2.035972427106574,2.463565344850831,0.20281919471732632,14.693877551020408,4.8979591836734695,0.23129251700680273,1003104,1003104,4854528,8.41780375
development,0000,reliable,marked_gaussian_evidence_fixed_025,147,2.1689412707612203,2.640040697651397,0.1629126955975226,14.693877551020408,6.857142857142857,0.24489795918367346,1035136,1035136,4854528,4.9139135
development,0000,reliable,marked_gaussian_evidence_fixed_050,147,2.3268889856213875,2.8668150578420284,0.27044772350636104,13.224489795918368,10.285714285714286,0.2585034013605442,1009440,1009440,4854528,2.7211120416666668
development,0000,reliable,marked_gaussian_evidence_fixed_100,147,3.0314651414487708,3.844709172722278,0.27776866791705573,12.244897959183673,21.06122448979592,0.3673469387755102,1018240,1018240,4854528,3.070630875
development,0000,intermittent,marked_gaussian_evidence_guarded_scalar,147,2.4132518976183985,2.9868809486308465,1.2732659723583635,15.183673469387756,6.122448979591836,0.2687074829931973,1015776,754400,4854528,2.871627375
development,0000,intermittent,marked_gaussian_evidence_fixed_025,147,2.532670641536666,3.1650230524457665,1.234474451780692,14.938775510204081,8.571428571428571,0.272108843537415,995712,741024,4854528,2.49308625
development,0000,intermittent,marked_gaussian_evidence_fixed_050,147,2.5484365285583928,3.235648601296734,1.3408738668362246,13.46938775510204,10.775510204081632,0.2619047619047619,968608,714976,4854528,2.0220327916666667
development,0000,intermittent,marked_gaussian_evidence_fixed_100,147,2.910443530597681,3.7663258716930965,1.3825606801421748,12.0,17.877551020408163,0.3197278911564626,1001344,741728,4854528,1.89504375
development,0001,reliable,marked_gaussian_evidence_guarded_scalar,114,4.048104147664298,3.9357250824380894,0.8950411671475578,18.94736842105263,16.42105263157895,0.45614035087719296,730304,730304,3764736,7.624887083333333
development,0001,reliable,marked_gaussian_evidence_fixed_025,114,4.775347042106354,4.50045714446888,0.8667178783592937,20.842105263157894,19.57894736842105,0.5263157894736842,736640,736640,3764736,4.35488775
development,0001,reliable,marked_gaussian_evidence_fixed_050,114,5.38075311531952,4.930358408045256,0.868927212181333,19.57894736842105,25.263157894736842,0.5877192982456141,741568,741568,3764736,2.2430052916666665
development,0001,reliable,marked_gaussian_evidence_fixed_100,114,6.40772212588102,5.954584136365294,0.8595085346080982,18.94736842105263,39.1578947368421,0.7368421052631579,729952,729952,3764736,2.2000737083333335
development,0001,intermittent,marked_gaussian_evidence_guarded_scalar,114,4.487199868596875,4.329729410357748,0.8846721147567078,18.94736842105263,21.473684210526315,0.5263157894736842,726784,531584,3764736,2.230491333333333
development,0001,intermittent,marked_gaussian_evidence_fixed_025,114,4.986818121589384,4.762143375396295,0.8751624249634236,19.57894736842105,25.57894736842105,0.5745614035087719,737344,542496,3764736,1.622618125
development,0001,intermittent,marked_gaussian_evidence_fixed_050,114,5.405885662978741,5.057607662797292,0.8687447923928118,19.57894736842105,28.105263157894736,0.6096491228070176,736640,540032,3764736,2.3840798333333333
development,0001,intermittent,marked_gaussian_evidence_fixed_100,114,6.170132335313221,5.657847583942078,0.8608782956746776,18.94736842105263,34.421052631578945,0.6885964912280702,805280,584032,3764736,1.9462827083333334
development,0002,reliable,marked_gaussian_evidence_guarded_scalar,144,3.9269747205540946,3.4676263209915614,0.08554200387392989,22.5,10.5,0.2916666666666667,459776,459776,4755456,7.484649875
development,0002,reliable,marked_gaussian_evidence_fixed_025,144,4.094600363817548,3.63557299431951,0.08511434019889359,22.0,12.0,0.3333333333333333,478432,478432,4755456,4.680367708333334
development,0002,reliable,marked_gaussian_evidence_fixed_050,144,4.076542083152997,3.64210294744227,0.08990749627500387,20.5,13.0,0.3541666666666667,490752,490752,4755456,2.5170910833333333
development,0002,reliable,marked_gaussian_evidence_fixed_100,144,4.408563830664621,3.95603194526715,0.09573059154651573,20.0,16.5,0.3958333333333333,521728,521728,4755456,2.2954753333333335
development,0002,intermittent,marked_gaussian_evidence_guarded_scalar,144,4.092658065279272,3.547163626694582,0.10234571010076057,22.5,10.25,0.2951388888888889,512224,404768,4755456,2.663757791666667
development,0002,intermittent,marked_gaussian_evidence_fixed_025,144,4.208256087821075,3.724824738379679,0.10209018274518258,21.5,13.25,0.3368055555555556,513280,404768,4755456,2.243337625
development,0002,intermittent,marked_gaussian_evidence_fixed_050,144,4.216121749404299,3.7760393188116015,0.10546905850557461,20.0,15.0,0.3541666666666667,505536,395968,4755456,2.7712295416666666
development,0002,intermittent,marked_gaussian_evidence_fixed_100,144,4.340738249312879,3.8664795500101263,0.10937873848702602,19.5,15.5,0.375,503424,394560,4755456,2.269958791666667
development,0003,reliable,marked_gaussian_evidence_guarded_scalar,198,6.280622916377265,15.70235311463642,12.363729592584807,256.3636363636364,60.0,3.2626262626262625,9936608,9936608,13256192,31.285540583333333
development,0003,reliable,marked_gaussian_evidence_fixed_025,198,6.317054702505234,15.848552430951552,14.169458192979336,244.0,66.18181818181819,3.106060606060606,7468736,7468736,10831360,21.606587708333333
development,0003,reliable,marked_gaussian_evidence_fixed_050,198,6.503815178769789,16.254167035888646,10.147560138419836,230.54545454545453,81.45454545454545,3.0,6517280,6517280,10257920,18.059709833333333
development,0003,reliable,marked_gaussian_evidence_fixed_100,198,6.398930982817899,16.07221260884872,8.855763392509004,216.0,86.54545454545455,2.808080808080808,6144160,6144160,10044928,15.979917166666667
development,0003,intermittent,marked_gaussian_evidence_guarded_scalar,198,6.712785816591965,16.40317397601031,10.771406567340245,268.1818181818182,62.54545454545455,3.4065656565656566,8936224,6249024,11699712,30.116305666666666
development,0003,intermittent,marked_gaussian_evidence_fixed_025,198,6.765001500438266,16.57476545125237,13.464649995520482,260.0,69.27272727272727,3.351010101010101,7578208,5246880,11109888,23.529311041666666
development,0003,intermittent,marked_gaussian_evidence_fixed_050,198,6.7383945468255915,16.624943898378334,11.270248259019636,253.27272727272728,74.18181818181819,3.244949494949495,6953408,4962816,10667520,21.930407625
development,0003,intermittent,marked_gaussian_evidence_fixed_100,198,6.852198198466574,16.944054515721223,12.477329557725918,242.54545454545453,86.54545454545455,3.1464646464646466,6593664,4851584,10110464,17.304163833333334
development,0004,reliable,marked_gaussian_evidence_guarded_scalar,180,5.004198076160943,20.65008873163957,59.200873973188216,333.6,51.2,3.922222222222222,10450080,10450080,14005248,95.985350375
development,0004,reliable,marked_gaussian_evidence_fixed_025,180,4.896036070579665,22.29539857414641,59.98699105138274,314.4,132.8,2.533333333333333,8406720,8406720,12317696,57.551632125
development,0004,reliable,marked_gaussian_evidence_fixed_050,180,4.790588020080753,22.282319943958484,49.510614150534565,304.8,151.6,2.138888888888889,7555232,7555232,11842560,46.977307083333336
development,0004,reliable,marked_gaussian_evidence_fixed_100,180,4.795170722279262,22.563466942135918,42.35654883003808,285.6,189.2,1.9722222222222223,7317984,7317984,11777024,43.293660125
development,0004,intermittent,marked_gaussian_evidence_guarded_scalar,180,5.154998800864758,21.177913489040694,57.341295484783224,355.6,53.2,4.2,10950976,8102080,13906944,88.25957383333333
development,0004,intermittent,marked_gaussian_evidence_fixed_025,180,5.022675684934023,22.074315738233565,59.29649126411814,332.8,107.4,3.1305555555555555,8616512,6425152,12006400,51.644665583333335
development,0004,intermittent,marked_gaussian_evidence_fixed_050,180,4.87681043225167,22.005435067242615,43.43027351639121,319.4,131.8,2.6055555555555556,7649216,5547616,11793408,36.324322375
development,0004,intermittent,marked_gaussian_evidence_fixed_100,180,4.868680048564771,22.264527180691026,38.98822129481452,302.4,163.2,2.3833333333333333,7409856,5342400,11777024,36.90446308333333
development,0005,reliable,marked_gaussian_evidence_guarded_scalar,310,4.617581671968873,14.45132137899513,14.644181703456463,137.4967741935484,85.00645161290322,1.6516129032258065,14997440,14997440,19985920,51.63502354166667
development,0005,reliable,marked_gaussian_evidence_fixed_025,310,4.602838595421207,14.357148518912958,19.10800068741757,125.65161290322581,87.79354838709678,1.5838709677419356,15211808,15211808,20575744,56.50358275
development,0005,reliable,marked_gaussian_evidence_fixed_050,310,4.5199862790097844,14.282137716317017,20.053585398036805,110.09032258064516,101.26451612903226,1.4645161290322581,14533504,14533504,19674624,59.776287583333335
development,0005,reliable,marked_gaussian_evidence_fixed_100,310,4.598127452722001,14.499568214945194,20.66930612042341,98.24516129032259,116.59354838709677,1.5064516129032257,14439872,14439872,19854848,60.36513983333333
development,0005,intermittent,marked_gaussian_evidence_guarded_scalar,310,5.024268753990188,15.441398637151126,17.684100337156096,166.8774193548387,85.35483870967742,1.8290322580645162,14811936,11360960,19871232,55.45787754166667
development,0005,intermittent,marked_gaussian_evidence_fixed_025,310,4.986674184858402,15.398202366398433,20.556198880322423,158.7483870967742,88.95483870967742,1.7338709677419355,14784832,11290208,20461056,55.61583258333334
development,0005,intermittent,marked_gaussian_evidence_fixed_050,310,4.955708205799089,15.486993738904012,23.073736621268058,149.10967741935485,100.45161290322581,1.6661290322580644,14280064,10845280,19494400,48.7380975
development,0005,intermittent,marked_gaussian_evidence_fixed_100,310,5.07889939738525,15.964050054833704,22.649548890041537,145.74193548387098,116.01290322580645,1.7161290322580645,14416640,10972000,20035072,54.26346775
development,0006,reliable,marked_gaussian_evidence_guarded_scalar,304,5.529563380703039,10.900735448280079,4.340236685247061,67.73684210526316,82.1842105263158,1.1611842105263157,7416032,7416032,12562432,30.163958458333333
development,0006,reliable,marked_gaussian_evidence_fixed_025,304,5.883786637480419,11.467200261719308,2.874464091632731,55.421052631578945,105.39473684210526,1.3914473684210527,7375904,7375904,12513280,26.894616833333334
development,0006,reliable,marked_gaussian_evidence_fixed_050,304,6.255148982922548,12.39797613829914,3.0514862882616285,49.5,130.26315789473685,1.6480263157894737,6875360,6875360,12382208,22.769411333333334
development,0006,reliable,marked_gaussian_evidence_fixed_100,304,6.3468543621536035,12.674321274064118,2.8213182219107025,45.0,140.21052631578948,1.7039473684210527,7172448,7172448,12546048,25.343642791666667
development,0006,intermittent,marked_gaussian_evidence_guarded_scalar,304,5.519530165479254,10.83168338710257,2.700882878056794,65.36842105263158,85.73684210526316,1.2401315789473684,7742336,6115264,12824576,26.086910041666666
development,0006,intermittent,marked_gaussian_evidence_fixed_025,304,5.849235671625639,11.674837741685492,2.475133243408202,62.526315789473685,107.52631578947368,1.4210526315789473,7286496,5674560,12513280,24.032455666666667
development,0006,intermittent,marked_gaussian_evidence_fixed_050,304,6.083354928491522,12.250672022669331,2.670338664096267,56.96052631578947,124.22368421052632,1.5723684210526316,6971104,5416896,12496896,20.664350166666665
development,0006,intermittent,marked_gaussian_evidence_fixed_100,304,6.187777085828871,12.449131030770165,2.7141658757093516,48.19736842105263,134.17105263157896,1.638157894736842,7196032,5555584,12611584,21.426802666666667
development,0007,reliable,marked_gaussian_evidence_guarded_scalar,221,3.0741824718402118,9.568116538037362,14.321056441964203,83.72850678733032,37.14027149321267,1.0452488687782806,10761056,10761056,14163200,42.19831179166667
development,0007,reliable,marked_gaussian_evidence_fixed_025,221,3.0332287587245044,9.753643552142602,10.809770776124783,74.60633484162896,52.77828054298642,0.8642533936651584,10303456,10303456,13819136,28.956849666666667
development,0007,reliable,marked_gaussian_evidence_fixed_050,221,3.1801165449362157,9.724170411883547,10.413351981295252,57.990950226244344,65.15837104072398,1.0950226244343892,8840544,8840544,12164352,26.97307075
development,0007,reliable,marked_gaussian_evidence_fixed_100,221,3.443706548719839,10.025752894942709,7.791115213587907,42.35294117647059,75.90950226244344,1.2262443438914028,7893312,7893312,12541184,22.78504025
development,0007,intermittent,marked_gaussian_evidence_guarded_scalar,221,3.6309403577162063,11.898613971592292,33.18062223703642,140.579185520362,61.90045248868778,1.4502262443438914,10756832,6545440,14867712,24.943792375
development,0007,intermittent,marked_gaussian_evidence_fixed_025,221,3.6402112806968328,12.013332915858042,32.921940912794014,133.24886877828055,71.34841628959276,1.2850678733031675,10936000,6869280,14687488,27.017818208333335
development,0007,intermittent,marked_gaussian_evidence_fixed_050,221,3.7736842683583043,12.417355602269232,33.33973593702291,127.710407239819,86.6606334841629,1.158371040723982,9074272,5804832,13180160,21.166694291666666
development,0007,intermittent,marked_gaussian_evidence_fixed_100,221,3.8743008912482053,12.434240473134166,39.91342758200037,106.85972850678733,87.31221719457014,1.2262443438914028,8178432,5523584,12770560,18.28393525
development,0008,reliable,marked_gaussian_evidence_guarded_scalar,375,0.8254245147932215,2.7079278802179965,2.8182424664455286,5.952,8.064,0.184,10786048,10786048,12809984,41.062271333333335
development,0008,reliable,marked_gaussian_evidence_fixed_025,375,0.8235767327020284,2.6996033568981295,2.703374039501646,6.336,8.064,0.18933333333333333,11783264,11783264,15922944,46.75586179166667
development,0008,reliable,marked_gaussian_evidence_fixed_050,375,0.8116582889465146,2.6697911499077995,2.720144500486225,5.184,8.448,0.17866666666666667,9794112,9794112,12400384,34.510356208333334
development,0008,reliable,marked_gaussian_evidence_fixed_100,375,0.7880560195016603,2.616633564379366,2.7526576473812856,4.224,9.216,0.176,9111232,9111232,12384000,32.1891265
development,0008,intermittent,marked_gaussian_evidence_guarded_scalar,375,0.9857109235185262,3.1270900835811903,2.8980294572939145,9.984,8.352,0.244,12899104,9067904,17512192,38.02008129166666
development,0008,intermittent,marked_gaussian_evidence_fixed_025,375,0.9744503350877676,3.0928140150929617,2.7871727278590903,10.08,8.352,0.24533333333333332,13947008,9851456,21067520,32.05918608333333
development,0008,intermittent,marked_gaussian_evidence_fixed_050,375,0.9517008012328904,3.035307327974494,2.80201798327058,8.64,8.736,0.23066666666666666,12145120,8529344,16971520,25.210157166666665
development,0008,intermittent,marked_gaussian_evidence_fixed_100,375,0.9529107117001607,3.0469667374239475,2.8326883716456166,8.352,9.504,0.23733333333333334,11536864,8103776,16496384,23.49179225
seen_transfer,0001,reliable,marked_lineage,405,3.700152391707231,4.824600187488498,0.6061280333100442,1.9555555555555555,41.06666666666667,0.5876543209876544,3360368,3360368,13374720,10.429559125
seen_transfer,0001,reliable,marked_er,405,3.8929865203315157,5.1500030466110225,0.6068295659276624,1.9555555555555555,45.68888888888889,0.6518518518518519,2651504,2651504,13374720,9.306417166666666
seen_transfer,0001,reliable,marked_asymmetric,405,3.752457896426865,4.916333187589803,0.7730699437269241,1.6,42.84444444444444,0.6123456790123457,3184368,3184368,13374720,10.651496666666667
seen_transfer,0001,reliable,marked_gaussian_evidence_no_curvature,405,3.887292194759983,5.079679844795783,0.5856080627071956,1.7777777777777777,44.62222222222222,0.6345679012345679,4793408,4793408,13374720,10.098122791666666
seen_transfer,0001,reliable,marked_gaussian_evidence,405,3.9068683016236667,5.1235129485532545,0.584801610667442,1.7777777777777777,45.51111111111111,0.6469135802469136,4506880,4506880,13374720,15.358616291666667
seen_transfer,0001,intermittent,marked_lineage,405,4.37468549306821,6.086674109047456,3.61552834442582,4.177777777777778,59.91111111111111,0.8185185185185185,3211024,2272000,13374720,10.093182125
seen_transfer,0001,intermittent,marked_er,405,4.441929844135956,6.181103314319057,3.616012117976045,4.177777777777778,61.06666666666667,0.8345679012345679,2798560,1972064,13374720,7.455304
seen_transfer,0001,intermittent,marked_asymmetric,405,4.214056635209934,5.849782475381391,3.7830676239167156,3.8222222222222224,57.06666666666667,0.7790123456790123,2926616,2020224,13374720,8.800986458333334
seen_transfer,0001,intermittent,marked_gaussian_evidence_no_curvature,405,4.264893596106638,5.918822702201348,3.623745954716105,4.0,58.044444444444444,0.7901234567901234,4424864,3058400,13374720,10.522746125
seen_transfer,0001,intermittent,marked_gaussian_evidence,405,4.297058559993291,5.959202773508073,3.6231632661140782,4.0,58.4,0.7950617283950617,4580096,3175264,13374720,11.48420775
seen_transfer,0002,reliable,marked_lineage,157,2.1769834268802613,2.952166210896299,0.5944209516325677,6.420382165605096,17.88535031847134,0.3248407643312102,745744,745744,5184768,2.543708625
seen_transfer,0002,reliable,marked_er,157,2.0725408397281098,2.7669040699744336,0.5944701645568033,6.420382165605096,14.21656050955414,0.27388535031847133,792960,792960,5184768,2.444900666666667
seen_transfer,0002,reliable,marked_asymmetric,157,1.929439110053756,2.609219752584358,0.5947098926969935,5.961783439490445,13.299363057324841,0.25477707006369427,830168,830168,5184768,2.6787116666666666
seen_transfer,0002,reliable,marked_gaussian_evidence_no_curvature,157,1.9113140805076438,2.5832260012032244,0.5910170331321968,5.503184713375796,13.299363057324841,0.2484076433121019,1257184,1257184,5184768,2.706060375
seen_transfer,0002,reliable,marked_gaussian_evidence,157,1.9113148813931273,2.583227510203852,0.5910195245130236,5.503184713375796,13.299363057324841,0.2484076433121019,1326528,1326528,5184768,8.509091708333333
seen_transfer,0002,intermittent,marked_lineage,157,2.239410522937303,3.0792987092130804,0.6993753768190931,5.961783439490445,20.40764331210191,0.34076433121019106,656928,486704,5184768,1.7954304583333334
seen_transfer,0002,intermittent,marked_er,157,2.267491488856701,3.126536517390598,0.6993744985026428,5.961783439490445,20.866242038216562,0.3471337579617834,650064,482128,5184768,1.7263890416666667
seen_transfer,0002,intermittent,marked_asymmetric,157,2.094408419303439,2.851955042238934,0.699660206622835,5.732484076433121,16.96815286624204,0.2961783439490446,706048,517896,5184768,1.855815875
seen_transfer,0002,intermittent,marked_gaussian_evidence_no_curvature,157,2.0942074150442656,2.8503980792946115,0.6867298938753321,5.503184713375796,16.96815286624204,0.2929936305732484,1066400,782720,5184768,1.7209774583333333
seen_transfer,0002,intermittent,marked_gaussian_evidence,157,2.0942075076796547,2.8503982244018933,0.6867301808340944,5.503184713375796,16.96815286624204,0.2929936305732484,1068160,784480,5184768,1.8541188333333334
seen_transfer,0003,reliable,marked_lineage,1244,1.577093283275863,2.3872884773441863,0.9143465968064992,6.2508038585209,11.517684887459808,0.23392282958199356,9711264,9711264,41081856,29.709404458333335
seen_transfer,0003,reliable,marked_er,1244,1.6412126094247887,2.494318832717412,1.0811179993505677,5.729903536977492,13.080385852090032,0.24678456591639872,9561504,9561504,41081856,31.668957625
seen_transfer,0003,reliable,marked_asymmetric,1244,1.510564273785322,2.2483000515773215,0.9719318163661127,6.713826366559486,9.086816720257234,0.20819935691318328,9736616,9736616,41081856,38.538055416666666
seen_transfer,0003,reliable,marked_gaussian_evidence_no_curvature,1244,1.54602578887809,2.2837728201009178,0.9643662155100986,6.713826366559486,9.37620578778135,0.21221864951768488,15717920,15717920,41081856,57.50611454166667
seen_transfer,0003,reliable,marked_gaussian_evidence,1244,1.5522735713547935,2.292307033785961,0.9539751087813962,6.771704180064309,9.434083601286174,0.21382636655948553,15497920,15497920,41081856,51.159709625
seen_transfer,0003,intermittent,marked_lineage,1244,2.0478309442913245,3.0367482672664554,1.671270593368242,11.430868167202572,12.84887459807074,0.3195337620578778,9732896,6521488,41081856,25.658353458333334
seen_transfer,0003,intermittent,marked_er,1244,2.083934225857947,3.084279539143878,1.5774296551137617,11.37299035369775,13.39871382636656,0.3247588424437299,9555264,6361328,41081856,26.850158458333333
seen_transfer,0003,intermittent,marked_asymmetric,1244,1.9050583012444804,2.770645883426576,1.330122159899895,12.183279742765274,8.942122186495176,0.28135048231511256,10374616,6999192,41081856,36.67492279166667
seen_transfer,0003,intermittent,marked_gaussian_evidence_no_curvature,1244,1.945746741593928,2.8342711595226397,1.401192487031608,12.154340836012862,9.578778135048232,0.28818327974276525,16061824,10883520,41081856,44.288334375
seen_transfer,0003,intermittent,marked_gaussian_evidence,1244,1.9577377688030597,2.851334613866083,1.4234337605971379,12.212218649517684,9.636655948553054,0.2889871382636656,16029088,10856768,41081856,40.94814995833333
seen_transfer,0004,reliable,marked_lineage,133,3.2582476292630123,3.8453920729977824,1.280690328593694,27.06766917293233,7.037593984962406,0.2932330827067669,352128,352128,4392192,1.8730235416666667
seen_transfer,0004,reliable,marked_er,133,3.2952889706135196,3.88893303932645,1.277146963915836,26.526315789473685,8.661654135338345,0.2781954887218045,328624,328624,4392192,2.522020375
seen_transfer,0004,reliable,marked_asymmetric,133,3.7437542875601304,4.1503890908266285,1.6310134771643303,29.774436090225564,6.496240601503759,0.3383458646616541,370664,370664,4392192,1.50304075
seen_transfer,0004,reliable,marked_gaussian_evidence_no_curvature,133,3.6808262701026075,4.067056958702264,1.5959073550531655,29.23308270676692,5.954887218045113,0.3383458646616541,566080,566080,4392192,2.1875909583333333
seen_transfer,0004,reliable,marked_gaussian_evidence,133,3.6327767482799573,3.9703391222375717,1.200798940049165,29.23308270676692,4.87218045112782,0.3383458646616541,584736,584736,4392192,4.67942525
seen_transfer,0004,intermittent,marked_lineage,133,3.1233330034736673,3.7044816152925164,1.226288317675554,27.06766917293233,5.413533834586466,0.3007518796992481,319680,262432,4392192,1.342103625
seen_transfer,0004,intermittent,marked_er,133,2.873699644961336,3.486418442454257,1.237496477946858,24.360902255639097,5.954887218045113,0.2556390977443609,289312,234352,4392192,1.2195139583333334
seen_transfer,0004,intermittent,marked_asymmetric,133,3.02072903918774,3.6427042989200498,1.6206211944425144,25.984962406015036,5.954887218045113,0.2781954887218045,318232,256272,4392192,1.0238609583333333
seen_transfer,0004,intermittent,marked_gaussian_evidence_no_curvature,133,3.0123547826542914,3.614718072154265,1.59317919075431,25.44360902255639,5.954887218045113,0.2857142857142857,486176,393376,4392192,1.0618279583333334
seen_transfer,0004,intermittent,marked_gaussian_evidence,133,3.0016782698472215,3.542372292135308,1.197892471817824,25.44360902255639,4.87218045112782,0.3007518796992481,489696,396192,4392192,1.244951625
seen_transfer,0006,reliable,marked_lineage,122,0.6192208653350249,1.0100093019468626,0.5554465243510267,3.540983606557377,0.0,0.04918032786885246,360992,360992,4028928,1.9982268333333333
seen_transfer,0006,reliable,marked_er,122,0.6192216668545404,1.0100109049858936,0.5554498082103189,3.540983606557377,0.0,0.04918032786885246,358288,358288,4028928,1.9633091666666667
seen_transfer,0006,reliable,marked_asymmetric,122,0.5953762058027013,0.9807259885757981,0.5584430963028421,2.9508196721311477,0.0,0.040983606557377046,395944,395944,4028928,2.325287625
seen_transfer,0006,reliable,marked_gaussian_evidence_no_curvature,122,0.5969006525462773,0.9838071272590118,0.5660756398641287,2.9508196721311477,0.0,0.040983606557377046,596704,596704,4028928,1.7233425
seen_transfer,0006,reliable,marked_gaussian_evidence,122,0.5970297001884015,0.9840268786446923,0.5659816553861161,2.9508196721311477,0.0,0.040983606557377046,597408,597408,4028928,4.062389375
seen_transfer,0006,intermittent,marked_lineage,122,0.6240660864899865,1.0186231123293918,0.5768447994998785,3.540983606557377,0.0,0.04918032786885246,358496,281168,4028928,1.5317892083333333
seen_transfer,0006,intermittent,marked_er,122,0.624066099566724,1.0186231384828668,0.5768448510085654,3.540983606557377,0.0,0.04918032786885246,357872,280752,4028928,1.501819875
seen_transfer,0006,intermittent,marked_asymmetric,122,0.6002552211937519,0.9893982709559898,0.5798826735534397,2.9508196721311477,0.0,0.040983606557377046,395248,309440,4028928,1.744282
seen_transfer,0006,intermittent,marked_gaussian_evidence_no_curvature,122,0.6015707098388943,0.992091476523366,0.5866760261564321,2.9508196721311477,0.0,0.040983606557377046,595648,466400,4028928,1.5090029166666667
seen_transfer,0006,intermittent,marked_gaussian_evidence,122,0.6017145372465977,0.9923371881114819,0.5866202390697767,2.9508196721311477,0.0,0.040983606557377046,596352,466752,4028928,1.5799390833333333
seen_transfer,0007,reliable,marked_lineage,148,2.3966067255680596,2.3364084628409576,2.9070589984319155,4.378378378378378,9.72972972972973,0.19594594594594594,756192,756192,4887552,3.5103348333333333
seen_transfer,0007,reliable,marked_er,148,2.615360252928068,2.635090807247016,5.464336284011109,3.4054054054054053,12.162162162162161,0.21621621621621623,626608,626608,4887552,2.787409916666667
seen_transfer,0007,reliable,marked_asymmetric,148,2.756405792501183,2.431250469339739,2.983288687536823,9.243243243243244,4.864864864864865,0.16891891891891891,511520,511520,4887552,2.595612958333333
seen_transfer,0007,reliable,marked_gaussian_evidence_no_curvature,148,2.7732586003448696,2.47780841795491,2.9820612262694555,9.243243243243244,5.837837837837838,0.18243243243243243,784928,784928,4887552,3.1329245
seen_transfer,0007,reliable,marked_gaussian_evidence,148,2.7584678364361572,2.4780490698029474,2.9881816364179783,8.756756756756756,6.324324324324325,0.19594594594594594,844416,844416,4887552,6.346140541666666
seen_transfer,0007,intermittent,marked_lineage,148,4.697964184939625,4.5336080183819165,1.1576636768905233,13.378378378378379,26.756756756756758,0.4358108108108108,794880,490608,4887552,2.528242166666667
seen_transfer,0007,intermittent,marked_er,148,4.824324577954271,4.832274157930928,1.8546962796414332,12.405405405405405,32.108108108108105,0.48986486486486486,676736,417392,4887552,3.006509125
seen_transfer,0007,intermittent,marked_asymmetric,148,4.624570301693558,4.286187166573551,0.907276508567898,16.2972972972973,21.405405405405407,0.4155405405405405,661856,427904,4887552,2.4872737083333334
seen_transfer,0007,intermittent,marked_gaussian_evidence_no_curvature,148,4.57965039605383,4.25560476657703,0.9072912126763153,16.2972972972973,21.405405405405407,0.4155405405405405,1022528,659904,4887552,2.445366375
seen_transfer,0007,intermittent,marked_gaussian_evidence,148,4.476788325878475,4.219689665426573,0.9237564285355725,15.08108108108108,22.37837837837838,0.41216216216216217,1018304,666240,4887552,2.6527230833333335
seen_transfer,0008,reliable,marked_lineage,410,6.020302837267825,16.249171988672995,21.182981836010136,96.05853658536586,174.02926829268293,2.419512195121951,20364064,20364064,25598464,146.857843375
seen_transfer,0008,reliable,marked_er,410,5.870869849715746,15.826001477366018,22.527693901566014,79.55121951219512,171.74634146341464,2.148780487804878,17257584,17257584,23140864,117.35947325
seen_transfer,0008,reliable,marked_asymmetric,410,5.248193632856754,14.16255380734929,18.506597352989353,88.15609756097561,126.26341463414634,1.7585365853658537,17829456,17829456,23796224,121.19495025
seen_transfer,0008,reliable,marked_gaussian_evidence_no_curvature,410,5.211671055266406,14.05394652776156,16.295359916020075,83.06341463414634,128.1951219512195,1.6951219512195121,26997184,26997184,36018688,108.93386283333334
seen_transfer,0008,reliable,marked_gaussian_evidence,410,5.171427086201571,14.041286231222143,17.967297990030435,79.55121951219512,131.18048780487806,1.6878048780487804,27498784,27498784,36166144,133.76587479166668
seen_transfer,0008,intermittent,marked_lineage,410,6.146827079440068,16.618936824393614,18.579413809714662,97.28780487804877,184.9170731707317,2.5585365853658537,20493648,13873392,25893376,110.249178375
seen_transfer,0008,intermittent,marked_er,410,6.129732126858733,16.586358769598228,21.58619341250343,89.5609756097561,188.86829268292684,2.5036585365853656,19362960,13114608,23681536,114.39799870833333
seen_transfer,0008,intermittent,marked_asymmetric,410,5.8090059814865285,15.57001302748317,18.979411160310374,92.01951219512195,158.8390243902439,2.2134146341463414,22234672,14900360,29497856,160.55208641666667
seen_transfer,0008,intermittent,marked_gaussian_evidence_no_curvature,410,5.807704356829435,15.592046866697606,18.85245367101611,89.1219512195122,161.73658536585367,2.19390243902439,32359200,21643136,40475136,160.87820525
seen_transfer,0008,intermittent,marked_gaussian_evidence,410,5.812014805067808,15.584588348553943,18.998953046653302,88.15609756097561,161.4731707317073,2.196341463414634,32678112,21828992,40933888,185.75358420833334
seen_transfer,0009,reliable,marked_lineage,315,6.814574479885028,20.27869058566972,37.02990294769797,363.42857142857144,42.51428571428571,4.476190476190476,10384384,10384384,14859008,91.73449395833333
seen_transfer,0009,reliable,marked_er,315,6.5927315793885315,19.768351817196187,37.23103775470027,342.4,44.114285714285714,4.161904761904762,9246624,9246624,14187264,89.84346295833333
seen_transfer,0009,reliable,marked_asymmetric,315,6.855312126867352,19.995111256283632,32.01654008688972,371.2,28.34285714285714,4.761904761904762,10047432,10047432,14531328,41.983379291666665
seen_transfer,0009,reliable,marked_gaussian_evidence_no_curvature,315,6.818533151576695,19.92216212500345,30.57455170169874,368.45714285714286,29.714285714285715,4.704761904761905,14993184,14993184,20937472,56.027208
seen_transfer,0009,reliable,marked_gaussian_evidence,315,6.777437073779751,19.771252496731897,31.328286208341037,360.9142857142857,28.114285714285714,4.622222222222222,15828832,15828832,21592832,56.42298654166667
seen_transfer,0009,intermittent,marked_lineage,315,7.035318151061923,20.90217084005054,34.35410935759104,385.7142857142857,48.34285714285714,4.698412698412699,10056160,7635424,14383872,52.14045770833334
seen_transfer,0009,intermittent,marked_er,315,6.899817486534744,20.60948197447282,37.00288609244344,372.9142857142857,48.8,4.514285714285714,9109968,6770768,13908736,49.349818666666664
seen_transfer,0009,intermittent,marked_asymmetric,315,7.058866410825272,20.681404953684343,31.111603481624837,390.4,37.48571428571429,4.901587301587302,10044184,7604880,14531328,40.757738333333336
seen_transfer,0009,intermittent,marked_gaussian_evidence_no_curvature,315,7.01370953064697,20.58618161032537,31.250349344551807,386.2857142857143,38.05714285714286,4.836507936507936,15270208,11468736,20642560,45.55260616666666
seen_transfer,0009,intermittent,marked_gaussian_evidence,315,6.995959839588148,20.554005703597923,31.268251811470645,383.8857142857143,39.2,4.787301587301587,15230784,11476480,20495104,41.926921875
seen_transfer,0011,reliable,marked_lineage,107,3.261621942904003,7.398678316572255,5.461615961084126,65.94392523364486,12.785046728971963,0.9439252336448598,1481152,1481152,3533568,8.764836333333333
seen_transfer,0011,reliable,marked_er,107,2.822008511750176,6.596992973893912,6.206932405664099,47.10280373831776,17.49532710280374,0.7102803738317757,1309136,1309136,3533568,7.662145458333334
seen_transfer,0011,reliable,marked_asymmetric,107,2.857387049494348,6.619070486299451,5.117582232770636,50.467289719626166,14.130841121495328,0.7102803738317757,1376344,1376344,3533568,7.797030791666667
seen_transfer,0011,reliable,marked_gaussian_evidence_no_curvature,107,2.673545579385639,6.235132179580932,5.335705475560053,45.757009345794394,12.11214953271028,0.616822429906542,2066400,2066400,3762944,6.238009916666667
seen_transfer,0011,reliable,marked_gaussian_evidence,107,2.8569845664321893,6.652707260915998,5.979493216458244,52.48598130841121,12.785046728971963,0.719626168224299,2128704,2128704,3795712,8.269800291666666
seen_transfer,0011,intermittent,marked_lineage,107,3.594772909223813,8.077521750108103,6.0718517686720554,75.70093457943925,13.457943925233645,1.0794392523364487,1457232,1060480,3533568,7.347264375
seen_transfer,0011,intermittent,marked_er,107,3.2026232208944223,7.327376249634622,6.922110550163249,56.85981308411215,16.149532710280372,0.8364485981308412,1312256,1003072,3533568,6.657175333333333
seen_transfer,0011,intermittent,marked_asymmetric,107,3.5116003761855565,7.9672469842555165,5.859896075588127,69.64485981308411,15.476635514018692,0.985981308411215,1489328,1107088,3533568,6.445246625
seen_transfer,0011,intermittent,marked_gaussian_evidence_no_curvature,107,3.3648082609968646,7.656386634377605,5.975170294973782,63.25233644859813,15.813084112149532,0.9018691588785047,2231488,1663008,3779328,6.683095291666667
seen_transfer,0011,intermittent,marked_gaussian_evidence,107,3.3701168597998334,7.690700997925357,6.315877757498307,63.25233644859813,16.485981308411215,0.9112149532710281,2236768,1671104,3779328,7.1586157083333335
seen_transfer,0012,reliable,marked_lineage,124,6.439173087870362,17.50829025852619,15.174476355323247,216.58064516129033,84.7741935483871,2.153225806451613,4480144,4480144,6781952,29.594696416666668
seen_transfer,0012,reliable,marked_er,124,6.163941334322898,17.07959483833485,14.745009998332996,198.0,93.48387096774194,1.7580645161290323,4313952,4313952,6831104,24.99998666666667
seen_transfer,0012,reliable,marked_asymmetric,124,5.552685631495103,14.975904305150685,14.80311413949629,159.67741935483872,66.7741935483871,1.564516129032258,3368688,3368688,5209088,22.092643458333335
seen_transfer,0012,reliable,marked_gaussian_evidence_no_curvature,124,5.308013638270897,14.303730192856431,15.295631820885928,142.83870967741936,62.70967741935484,1.564516129032258,4717344,4717344,6585344,15.104678375
seen_transfer,0012,reliable,marked_gaussian_evidence,124,5.466903655214297,14.73680504766568,14.972092834770834,152.70967741935485,60.96774193548387,1.5806451612903225,5325952,5325952,7388160,22.743133875
seen_transfer,0012,intermittent,marked_lineage,124,6.44054486116136,17.736169155674588,23.911238171573498,210.48387096774192,92.3225806451613,1.8669354838709677,4106784,2852864,5979136,33.61223625
seen_transfer,0012,intermittent,marked_er,124,6.089706192391244,17.173892637585094,22.830822066355662,187.25806451612902,97.83870967741936,1.6290322580645162,3695568,2498224,5454848,24.927388541666666
seen_transfer,0012,intermittent,marked_asymmetric,124,5.899925094753281,16.12936319933388,19.843334840755848,178.5483870967742,76.64516129032258,1.657258064516129,3670520,2530384,5422080,20.621146666666668
seen_transfer,0012,intermittent,marked_gaussian_evidence_no_curvature,124,5.50906893183701,15.093429591439063,17.625363093389534,153.58064516129033,68.51612903225806,1.6088709677419355,4909536,3465568,6831104,18.534034875
seen_transfer,0012,intermittent,marked_gaussian_evidence,124,5.348671781855154,14.66513196973398,17.88503135062331,146.03225806451613,64.74193548387096,1.5080645161290323,4608224,3415232,6667264,16.953426666666665
seen_transfer,0013,reliable,marked_lineage,89,3.6167826955801643,7.255735709786079,1.542468037436258,46.92134831460674,29.123595505617978,0.9213483146067416,869104,869104,2939136,6.260438708333333
seen_transfer,0013,reliable,marked_er,89,3.6945394220563474,7.4059764810741795,1.5310748851541753,47.73033707865169,29.93258426966292,0.9438202247191011,871392,871392,2939136,5.222097083333333
seen_transfer,0013,reliable,marked_asymmetric,89,2.7641095926731785,5.620383420268867,1.748599254728654,39.640449438202246,17.797752808988765,0.6404494382022472,931840,931840,2939136,6.144314333333333
seen_transfer,0013,reliable,marked_gaussian_evidence_no_curvature,89,2.907921028015545,5.881303284232887,1.7283607609608163,38.02247191011236,21.03370786516854,0.6629213483146067,1423552,1423552,2939136,4.175059708333333
seen_transfer,0013,reliable,marked_gaussian_evidence,89,2.857193966456996,5.770170696467213,1.741714113577808,36.40449438202247,21.03370786516854,0.6404494382022472,1468960,1468960,2939136,6.351383875
seen_transfer,0013,intermittent,marked_lineage,89,3.330381569101022,6.658173596566671,2.149558129645574,45.70786516853933,22.651685393258425,0.8595505617977528,852048,618640,2939136,3.903773166666667
seen_transfer,0013,intermittent,marked_er,89,3.306867110154972,6.643312758349618,2.1437536751196538,45.70786516853933,22.651685393258425,0.8595505617977528,847680,615104,2939136,4.034603833333334
seen_transfer,0013,intermittent,marked_asymmetric,89,3.0656509732957833,6.17132026581866,2.335045877461717,40.853932584269664,21.43820224719101,0.7191011235955056,914904,658008,2939136,3.3148197083333333
seen_transfer,0013,intermittent,marked_gaussian_evidence_no_curvature,89,3.005561009371608,6.028030257108972,2.274866790979208,38.42696629213483,20.629213483146067,0.6966292134831461,1402432,1011072,2939136,4.500988708333334
seen_transfer,0013,intermittent,marked_gaussian_evidence,89,2.954831936796052,5.91689283881608,2.288247362914534,36.80898876404494,20.629213483146067,0.6741573033707865,1413696,1025504,2939136,4.212331458333333
seen_transfer,0014,reliable,marked_lineage,80,5.764384888650997,17.808561690258223,9.743371528705914,312.3,1.8,4.3125,3078944,3078944,4476928,199.27261833333333
seen_transfer,0014,reliable,marked_er,80,5.76437998362866,17.808531909724287,9.742378149184173,312.3,1.8,4.3125,3099744,3099744,4476928,203.94605158333334
seen_transfer,0014,reliable,marked_asymmetric,80,5.583923936260527,17.30348215344522,11.219533712567552,292.5,1.8,4.0375,2796312,2796312,4198400,69.18861445833333
seen_transfer,0014,reliable,marked_gaussian_evidence_no_curvature,80,5.535686403266905,17.133309423517098,9.182885903737247,288.9,1.8,3.9875,4356544,4356544,5394432,130.00567979166667
seen_transfer,0014,reliable,marked_gaussian_evidence,80,4.99726397337662,15.42772054245275,7.505532677735421,238.5,1.8,3.2875,2961920,2961920,4100096,26.096623541666666
seen_transfer,0014,intermittent,marked_lineage,80,5.681667031666639,17.823749371849335,15.424806302185226,301.5,7.65,4.08125,2476368,1732128,3919872,70.54515425
seen_transfer,0014,intermittent,marked_er,80,5.681679622387567,17.823816014910893,15.427181028564632,301.5,7.65,4.08125,2464304,1721104,3870720,64.74138570833334
seen_transfer,0014,intermittent,marked_asymmetric,80,5.185507226599304,16.120147282676974,12.998223876044833,253.35,2.7,3.48125,1874576,1305400,3051520,11.953869
seen_transfer,0014,intermittent,marked_gaussian_evidence_no_curvature,80,5.512771537227605,17.307768989574335,15.744493099911647,283.95,6.75,3.85,3901760,2718272,4984832,43.77450625
seen_transfer,0014,intermittent,marked_gaussian_evidence,80,4.945019247353402,15.322175039601678,9.210936196942225,235.35,2.7,3.23125,2565216,1820320,3772416,12.8639075
seen_transfer,0016,reliable,marked_lineage,293,3.4095822069834205,11.25411211464496,4.969052328037136,60.9419795221843,81.33788395904436,1.1228668941979523,9654352,9654352,15082752,55.4357665
seen_transfer,0016,reliable,marked_er,293,3.313065614847967,10.779483995184483,5.366643917163528,49.8839590443686,82.5665529010239,1.1843003412969284,9512912,9512912,14460160,66.28139608333333
seen_transfer,0016,reliable,marked_asymmetric,293,3.2151062311946004,10.425171238482154,4.756141101326608,51.60409556313993,74.21160409556315,1.1262798634812288,9895920,9895920,15754496,74.01931816666666
seen_transfer,0016,reliable,marked_gaussian_evidence_no_curvature,293,3.2315552790370723,10.357699724461673,4.7271638318237095,47.42662116040955,76.91467576791808,1.1877133105802047,15232544,15232544,19752192,52.553291083333335
seen_transfer,0016,reliable,marked_gaussian_evidence,293,3.250003774335152,10.423894883088371,4.431553929411212,47.18088737201365,79.12627986348123,1.2013651877133107,15030496,15030496,19588352,52.76616820833333
seen_transfer,0016,intermittent,marked_lineage,293,3.931003006432881,12.77063159672615,7.251483815770275,108.4914675767918,79.49488054607508,1.6689419795221843,10325776,7456000,15131904,56.508016625
seen_transfer,0016,intermittent,marked_er,293,3.938058381545364,12.77085732857439,7.258372298255586,103.20819112627986,83.91808873720136,1.7286689419795223,10109664,7299584,14722304,52.645174875
seen_transfer,0016,intermittent,marked_asymmetric,293,3.8104170055730857,12.236570028836315,6.873128530430079,100.87372013651877,75.56313993174061,1.7030716723549488,9976424,7160104,14689536,67.609481125
seen_transfer,0016,intermittent,marked_gaussian_evidence_no_curvature,293,3.8592284802728845,12.332521920455287,6.320442810406192,98.78498293515358,79.12627986348123,1.7610921501706485,15759136,11273472,20538624,73.97476391666666
seen_transfer,0016,intermittent,marked_gaussian_evidence,293,3.8502103678724313,12.333828037162137,6.3658793091472345,98.66211604095564,80.35494880546075,1.7559726962457338,15411712,11035168,20292864,74.691845875
seen_transfer,0017,reliable,marked_lineage,111,3.9451878246116605,8.940563080707003,0.9791446752122118,49.2972972972973,51.24324324324324,1.054054054054054,1425664,1425664,3665664,9.846646166666666
seen_transfer,0017,reliable,marked_er,111,3.734165107567933,8.428293811675474,0.9978760637393005,41.513513513513516,51.24324324324324,0.963963963963964,1370128,1370128,3665664,10.601499666666667
seen_transfer,0017,reliable,marked_asymmetric,111,3.9033894168689907,8.787125877544556,1.0083049732007214,47.351351351351354,48.0,0.9819819819819819,1420216,1420216,3665664,12.0557715
seen_transfer,0017,reliable,marked_gaussian_evidence_no_curvature,111,3.8272512986667193,8.668426091719516,0.8902414863081441,46.7027027027027,48.0,0.954954954954955,2184576,2184576,3731200,6.233107666666666
seen_transfer,0017,reliable,marked_gaussian_evidence,111,3.825204148720432,8.71700367044097,0.8884777020110175,46.054054054054056,50.5945945945946,0.963963963963964,2168384,2168384,3747584,9.844986458333333
seen_transfer,0017,intermittent,marked_lineage,111,4.107336001178651,9.49549775489362,8.258109684568046,56.432432432432435,53.513513513513516,1.0135135135135136,1546304,1020128,3665664,6.584693166666667
seen_transfer,0017,intermittent,marked_er,111,3.93675514641226,9.171826819791368,8.295019745678445,52.21621621621622,54.16216216216216,0.954954954954955,1489936,992464,3665664,6.389214
seen_transfer,0017,intermittent,marked_asymmetric,111,4.101953825632859,9.412018491755392,8.40559498205738,50.270270270270274,55.45945945945946,0.963963963963964,1513712,1016376,3665664,7.116465916666667
seen_transfer,0017,intermittent,marked_gaussian_evidence_no_curvature,111,4.032044860230111,9.201402467036221,8.850459269712486,44.75675675675676,56.108108108108105,0.9864864864864865,2264832,1515520,3731200,12.090466708333333
seen_transfer,0017,intermittent,marked_gaussian_evidence,111,4.024727007827891,9.209483235883205,8.845499954215828,44.108108108108105,57.729729729729726,1.0,2323968,1538048,3731200,8.561753333333334
seen_transfer,0018,reliable,marked_lineage,183,2.3277367269120814,5.194328505046595,3.8135626726450904,29.114754098360656,11.40983606557377,0.5191256830601093,2324256,2324256,6043392,14.783690916666666
seen_transfer,0018,reliable,marked_er,183,2.3006747057384476,5.134178115273131,3.8137985111659694,28.721311475409838,11.01639344262295,0.5191256830601093,2303872,2303872,6043392,14.229355791666666
seen_transfer,0018,reliable,marked_asymmetric,183,2.4544488486157583,5.456417874307488,3.5189326862809187,28.721311475409838,15.344262295081966,0.5355191256830601,2315936,2315936,6043392,15.027659333333334
seen_transfer,0018,reliable,marked_gaussian_evidence_no_curvature,183,2.469583710621127,5.4726002798947535,1.9242291010494854,28.721311475409838,17.704918032786885,0.546448087431694,3542976,3542976,6207232,15.836204875
seen_transfer,0018,reliable,marked_gaussian_evidence,183,2.451295447926348,5.449385336348056,3.0987679340646097,23.60655737704918,20.065573770491802,0.5191256830601093,3516928,3516928,6190848,19.264388708333332
seen_transfer,0018,intermittent,marked_lineage,183,2.4094171005276155,5.364017156699455,3.6546309138231883,29.114754098360656,14.950819672131148,0.5737704918032787,2300960,1624720,6043392,12.028925291666667
seen_transfer,0018,intermittent,marked_er,183,2.381767458378516,5.3213794244738475,3.6561490712549114,28.721311475409838,14.950819672131148,0.5683060109289617,2292640,1617856,6043392,12.9542115
seen_transfer,0018,intermittent,marked_asymmetric,183,2.5500455995532603,5.642458497185024,2.7600079043937535,30.491803278688526,18.098360655737704,0.6092896174863388,2285080,1585488,6043392,10.82019675
seen_transfer,0018,intermittent,marked_gaussian_evidence_no_curvature,183,2.5002835711374294,5.573357428534629,2.9135741671846223,28.524590163934427,18.885245901639344,0.5819672131147541,3404288,2353728,6207232,14.344985083333333
seen_transfer,0018,intermittent,marked_gaussian_evidence,183,2.501017812843611,5.616890738658272,3.2029769065095777,26.557377049180328,21.24590163934426,0.5655737704918032,3509888,2422368,6207232,13.749028541666666
seen_transfer,0019,reliable,marked_lineage,177,2.847267556580979,8.714609899164467,3.29750139064343,46.779661016949156,58.983050847457626,0.8700564971751412,3616384,3616384,5845248,19.727544
seen_transfer,0019,reliable,marked_er,177,2.855802578730547,8.659121872817332,3.4887511874462773,44.33898305084746,59.79661016949152,0.903954802259887,3642592,3642592,5845248,24.229977958333333
seen_transfer,0019,reliable,marked_asymmetric,177,2.6908552639718373,8.355558087842518,5.096133314948505,44.33898305084746,53.69491525423729,0.7853107344632768,3665560,3665560,5845248,23.625030125
seen_transfer,0019,reliable,marked_gaussian_evidence_no_curvature,177,2.5384337702273365,7.891221823606815,3.074744744911907,40.271186440677965,54.91525423728814,0.7457627118644068,5636640,5636640,8466688,27.084517208333335
seen_transfer,0019,reliable,marked_gaussian_evidence,177,2.569630948183905,7.991056226186419,2.6858730094188714,41.08474576271186,55.32203389830509,0.7401129943502824,5619392,5619392,8532224,28.604893708333332
seen_transfer,0019,intermittent,marked_lineage,177,3.34221574798522,10.037967488986032,6.916231156483617,60.610169491525426,66.30508474576271,1.1073446327683616,3879088,2850720,5845248,24.284280083333332
seen_transfer,0019,intermittent,marked_er,177,3.2534885579293933,9.71072803063357,7.176359537028745,55.728813559322035,65.49152542372882,1.1073446327683616,3550448,2632736,5845248,23.391176625
seen_transfer,0019,intermittent,marked_asymmetric,177,3.168633335714353,9.53633944031801,7.660105640049385,55.32203389830509,62.644067796610166,1.0225988700564972,3776920,2803560,5861632,16.4464995
seen_transfer,0019,intermittent,marked_gaussian_evidence_no_curvature,177,3.1152945810549064,9.340768352394912,5.709581097481884,53.49152542372882,64.27118644067797,1.0141242937853108,5969280,4422272,8876288,21.579335791666665
seen_transfer,0019,intermittent,marked_gaussian_evidence,177,3.097457340242455,9.284704082455908,5.326842427079573,53.49152542372882,63.86440677966102,1.002824858757062,5967168,4408896,8909056,25.174562125
seen_transfer,0021,reliable,marked_lineage,286,4.3511925635981505,8.538945444445439,6.508136357177749,41.79020979020979,51.86013986013986,0.8181818181818182,4055584,4055584,9444864,27.217073166666665
seen_transfer,0021,reliable,marked_er,286,4.462179960011419,8.600193575931277,6.139303334982253,32.97902097902098,57.65034965034965,0.8811188811188811,3423680,3423680,9444864,22.589526208333332
seen_transfer,0021,reliable,marked_asymmetric,286,3.892966514037672,7.435014839807975,6.25195405659553,39.77622377622377,32.97902097902098,0.6888111888111889,3918224,3918224,9444864,21.627968
seen_transfer,0021,reliable,marked_gaussian_evidence_no_curvature,286,4.134770254363933,7.8935873350431764,6.18495344676332,41.28671328671329,38.76923076923077,0.7692307692307693,6863648,6863648,11181568,23.427289875
seen_transfer,0021,reliable,marked_gaussian_evidence,286,4.016663142968407,7.736303684158925,6.333510403451135,36.25174825174825,41.03496503496503,0.7237762237762237,6199776,6199776,9707008,22.975639833333332
seen_transfer,0021,intermittent,marked_lineage,286,4.901932792098936,9.53111286691126,9.40877483875368,55.63636363636363,54.62937062937063,1.1083916083916083,4147728,3054496,9444864,18.71592933333333
seen_transfer,0021,intermittent,marked_er,286,5.100372125101885,9.908707818189121,8.1621413351882,51.86013986013986,65.07692307692308,1.1835664335664335,3560544,2667616,9444864,16.152964291666667
seen_transfer,0021,intermittent,marked_asymmetric,286,4.681863379371641,9.059432777153381,8.121689329805424,54.75524475524475,48.20979020979021,1.0,3906624,2872984,9444864,14.19169325
seen_transfer,0021,intermittent,marked_gaussian_evidence_no_curvature,286,4.691289375778485,9.11969491217678,8.161387112947756,54.0,49.84615384615385,0.9947552447552448,6152608,4539136,9707008,16.413744166666667
seen_transfer,0021,intermittent,marked_gaussian_evidence,286,4.730991568069535,9.151132184912866,8.105731251561801,53.62237762237762,50.22377622377623,1.0122377622377623,6476096,4751040,9985536,17.732701166666665
seen_transfer,0022,reliable,marked_lineage,229,3.412232318716907,13.640860302715614,10.59348355921177,146.8296943231441,64.13973799126637,1.6375545851528384,8786016,8786016,12870912,52.427590708333334
seen_transfer,0022,reliable,marked_er,229,3.1975350056398395,12.848900348821996,11.900995136386872,122.3056768558952,66.65502183406113,1.445414847161572,8249792,8249792,12231936,57.44681475
seen_transfer,0022,reliable,marked_asymmetric,229,3.303791989489048,13.159540760241356,10.290719159809667,138.65502183406113,59.737991266375545,1.5589519650655022,8648536,8648536,12461312,41.60817766666667
seen_transfer,0022,reliable,marked_gaussian_evidence_no_curvature,229,3.1801245224171932,12.727522096529755,10.418709043136037,127.65065502183405,60.68122270742358,1.4716157205240175,14073184,14073184,17769728,56.08596241666667
seen_transfer,0022,reliable,marked_gaussian_evidence,229,3.1099419745051216,12.398294206272489,10.743187075330301,114.13100436681222,63.82532751091703,1.4148471615720524,13908800,13908800,17835264,67.04725283333333
seen_transfer,0022,intermittent,marked_lineage,229,3.7023956790213535,14.93675566297861,32.74674402196068,166.16593886462883,71.37117903930131,1.9104803493449782,8862560,6209632,13165824,50.816899
seen_transfer,0022,intermittent,marked_er,229,3.470906633669104,14.0791027251427,31.614450433171818,147.9301310043668,70.11353711790393,1.7314410480349345,8474016,5923216,12428544,46.57625933333333
seen_transfer,0022,intermittent,marked_asymmetric,229,3.604061660546273,14.5610169713568,32.789724363724766,165.37991266375545,63.9825327510917,1.8624454148471616,8583576,6000176,12215552,33.16567020833333
seen_transfer,0022,intermittent,marked_gaussian_evidence_no_curvature,229,3.595254792291093,14.563539173932764,34.692088276784595,156.73362445414847,72.94323144104804,1.8056768558951966,13595520,9565088,17736960,44.172397583333336
seen_transfer,0022,intermittent,marked_gaussian_evidence,229,3.4800692220051177,14.119677937693721,33.041920870003494,147.77292576419214,69.48471615720524,1.7074235807860263,14373440,10062464,18343168,55.64670145833333
seen_transfer,0023,reliable,marked_lineage,120,3.811356493967971,13.880639009415635,18.455029923749418,189.0,17.4,2.4,3914960,3914960,5863424,26.65639375
seen_transfer,0023,reliable,marked_er,120,3.566664336087561,13.302890162770359,19.831921747950062,162.0,25.8,1.975,3611488,3611488,4913152,25.432377541666668
seen_transfer,0023,reliable,marked_asymmetric,120,3.6044358851175433,12.942306823346488,18.499739403330686,172.8,10.2,2.2916666666666665,3891128,3891128,5666816,19.618701166666668
seen_transfer,0023,reliable,marked_gaussian_evidence_no_curvature,120,3.3890994064797693,12.01671627331756,13.303875942628327,156.6,7.8,2.1166666666666667,6417248,6417248,7976960,20.661064416666665
seen_transfer,0023,reliable,marked_gaussian_evidence,120,3.393818877078736,12.286077662378382,13.988883102763454,152.4,15.0,1.9916666666666667,6233856,6233856,7829504,25.10089758333333
seen_transfer,0023,intermittent,marked_lineage,120,3.9905872126487125,14.62250061509596,20.22068097993439,206.4,24.0,2.65,3864624,2818176,5306368,21.948272291666665
seen_transfer,0023,intermittent,marked_er,120,3.7949484543995955,13.929548437325078,20.40343285849354,182.4,25.5,2.3208333333333333,3776224,2730400,5273600,19.696172458333333
seen_transfer,0023,intermittent,marked_asymmetric,120,3.742952492704613,13.464740718769322,22.536147053047298,181.8,15.3,2.4291666666666667,3898552,2829736,5634048,14.162601375
seen_transfer,0023,intermittent,marked_gaussian_evidence_no_curvature,120,3.614508009862578,12.881193773426967,18.381318457191252,169.2,14.1,2.279166666666667,6541504,4662560,7862272,21.014093333333335
seen_transfer,0023,intermittent,marked_gaussian_evidence,120,3.625359852126308,13.150965989748782,18.412411898233096,168.6,20.7,2.1958333333333333,6563328,4667136,7813120,17.921687375
seen_transfer,0024,reliable,marked_lineage,168,1.6430412830118928,3.489740877827847,2.688604821576676,21.857142857142858,0.0,0.30357142857142855,1352768,1352768,5548032,12.6865105
seen_transfer,0024,reliable,marked_er,168,1.529200237219109,3.2835581781092356,2.756494027417926,19.285714285714285,0.0,0.26785714285714285,1350272,1350272,5548032,11.613274125
seen_transfer,0024,reliable,marked_asymmetric,168,1.5381870160985431,3.305374542120243,2.7157154793684084,19.285714285714285,0.42857142857142855,0.27380952380952384,1457736,1457736,5548032,7.083703875
seen_transfer,0024,reliable,marked_gaussian_evidence_no_curvature,168,1.5231464785860818,3.273381661436469,2.714091395402362,18.857142857142858,0.42857142857142855,0.26785714285714285,2197728,2197728,5548032,7.852791416666666
seen_transfer,0024,reliable,marked_gaussian_evidence,168,1.5406875157759738,3.308182518111672,2.6847969274515644,19.285714285714285,0.42857142857142855,0.27380952380952384,2206880,2206880,5548032,11.765855208333333
seen_transfer,0024,intermittent,marked_lineage,168,1.6814573234338075,3.5849812475197007,3.29306710824299,22.071428571428573,0.42857142857142855,0.30654761904761907,1343200,894432,5548032,8.503104708333334
seen_transfer,0024,intermittent,marked_er,168,1.6602680908400604,3.5829241178963556,3.3385378314538885,20.785714285714285,1.7142857142857142,0.29464285714285715,1354224,902336,5548032,6.415953375
seen_transfer,0024,intermittent,marked_asymmetric,168,1.6538159248383713,3.553377888996097,3.317332198285676,21.214285714285715,0.8571428571428571,0.3005952380952381,1478848,982384,5548032,4.8676553333333334
seen_transfer,0024,intermittent,marked_gaussian_evidence_no_curvature,168,1.6876563323576808,3.6160315675177217,3.309992129171772,21.214285714285715,1.5,0.30952380952380953,2230464,1479936,5548032,4.868173791666667
seen_transfer,0024,intermittent,marked_gaussian_evidence,168,1.665518036442392,3.573334843631779,3.299994443881984,21.214285714285715,1.0714285714285714,0.30357142857142855,2241024,1489792,5548032,5.144879166666667
seen_transfer,0026,reliable,marked_lineage,135,4.448410336918801,8.569771634171614,1.5537478350817775,31.466666666666665,70.4,0.9111111111111111,1409728,1409728,4458240,7.981643083333333
seen_transfer,0026,reliable,marked_er,135,5.136358098099189,9.85556280220121,1.5536942776446765,31.466666666666665,91.73333333333333,1.1777777777777778,1170528,1170528,4458240,6.813645041666667
seen_transfer,0026,reliable,marked_asymmetric,135,4.432596437850851,8.576207441707405,1.5366126317056104,32.0,69.33333333333333,0.8592592592592593,1429872,1429872,4458240,5.098954375
seen_transfer,0026,reliable,marked_gaussian_evidence_no_curvature,135,4.534264293673606,8.72926491839942,1.4739256447774811,31.466666666666665,71.46666666666667,0.9111111111111111,2110080,2110080,4458240,5.6971485
seen_transfer,0026,reliable,marked_gaussian_evidence,135,4.451848499736678,8.567409808606879,1.4961618665102496,31.466666666666665,68.8,0.8740740740740741,1984768,1984768,4458240,8.307895708333334
seen_transfer,0026,intermittent,marked_lineage,135,4.857536493673129,9.300823128149545,2.2920063361163425,32.53333333333333,78.13333333333334,0.9962962962962963,1371872,1022048,4458240,9.531325583333333
seen_transfer,0026,intermittent,marked_er,135,5.4201533417942285,10.305775301454394,2.2920109308409566,32.53333333333333,93.86666666666666,1.2148148148148148,1154096,848368,4458240,8.536121625
seen_transfer,0026,intermittent,marked_asymmetric,135,4.490793926261135,8.74391183234189,2.2561452534282602,33.06666666666667,72.8,0.9222222222222223,1278144,939280,4458240,3.6847879166666666
seen_transfer,0026,intermittent,marked_gaussian_evidence_no_curvature,135,4.600864698166689,8.948214622125287,2.4014196672938315,32.53333333333333,77.6,0.9962962962962963,2060448,1504640,4458240,4.518809125
seen_transfer,0026,intermittent,marked_gaussian_evidence,135,4.643178438553439,9.02550403068078,2.401423310874708,32.53333333333333,78.66666666666667,1.011111111111111,1855584,1371936,4458240,4.585388083333333
seen_transfer,0027,reliable,marked_lineage,143,5.535010888822236,15.14301341605497,11.380464970223441,152.55944055944056,86.0979020979021,1.4125874125874125,3398928,3398928,4787968,18.225439375
seen_transfer,0027,reliable,marked_er,143,5.538407044279432,15.386100496446256,13.91013541491249,141.98601398601397,99.6923076923077,1.3286713286713288,3134976,3134976,4755200,23.241530916666665
seen_transfer,0027,reliable,marked_asymmetric,143,5.2922302699421175,14.37594855932415,12.258779227535335,140.979020979021,73.00699300699301,1.2657342657342658,2971096,2971096,4722432,10.542384791666667
seen_transfer,0027,reliable,marked_gaussian_evidence_no_curvature,143,5.213313263831056,14.19413584160748,12.887698020449289,130.9090909090909,75.02097902097903,1.1958041958041958,4578816,4578816,7540480,16.663276416666665
seen_transfer,0027,reliable,marked_gaussian_evidence,143,5.09276192169095,14.014608826964297,14.961981312297691,121.84615384615384,76.02797202797203,1.055944055944056,4572832,4572832,7671552,21.938283541666667
seen_transfer,0027,intermittent,marked_lineage,143,5.822145477295078,15.834195380163374,13.925209342250744,165.9020979020979,88.36363636363636,1.5174825174825175,3478592,2457648,5279488,17.570740333333333
seen_transfer,0027,intermittent,marked_er,143,5.746245542413055,15.83507680668973,14.188344631036617,151.8041958041958,100.6993006993007,1.465034965034965,2880592,2033536,4722432,16.717878875
seen_transfer,0027,intermittent,marked_asymmetric,143,5.63830443049915,15.24672758521888,13.697299992151018,154.5734265734266,81.56643356643356,1.4965034965034965,3074336,2154688,4738816,8.516693625
seen_transfer,0027,intermittent,marked_gaussian_evidence_no_curvature,143,5.53902091986229,15.134435129895587,13.504571340574785,148.02797202797203,84.08391608391608,1.3636363636363635,4310240,3007168,6573824,8.483341458333333
seen_transfer,0027,intermittent,marked_gaussian_evidence,143,5.456823593154111,15.006845907262191,19.877778183962796,136.6993006993007,85.84615384615384,1.2517482517482517,4895616,3429216,7442176,9.738080333333333
seen_transfer,0028,reliable,marked_lineage,149,3.266677064613993,7.265602552393815,3.6618754473450186,49.77181208053691,25.610738255033556,0.738255033557047,2061248,2061248,4920576,12.8531265
seen_transfer,0028,reliable,marked_er,149,3.3034690978607117,7.458246054257592,3.796260644114479,46.38926174496644,30.926174496644297,0.6845637583892618,1892352,1892352,4920576,10.889350541666667
seen_transfer,0028,reliable,marked_asymmetric,149,3.168952119166374,7.078020367167687,3.1081708730036968,41.07382550335571,28.51006711409396,0.6577181208053692,2147648,2147648,4920576,7.330549333333333
seen_transfer,0028,reliable,marked_gaussian_evidence_no_curvature,149,2.9958985150795767,6.636680224043679,2.504523377766089,35.2751677852349,28.51006711409396,0.6442953020134228,3402464,3402464,4920576,11.334900041666666
seen_transfer,0028,reliable,marked_gaussian_evidence,149,2.9803784744594073,6.649453510370746,2.3659256601415257,32.85906040268456,31.409395973154364,0.6241610738255033,3412672,3412672,4920576,14.47563975
seen_transfer,0028,intermittent,marked_lineage,149,3.3191774960779883,7.508089683243289,3.7422394811042174,54.12080536912752,26.093959731543624,0.697986577181208,2109504,1589296,4920576,10.700652875
seen_transfer,0028,intermittent,marked_er,149,3.376248747323203,7.739610910464896,4.1586153848954375,52.18791946308725,30.926174496644297,0.6845637583892618,1933536,1459296,4920576,9.076878833333334
seen_transfer,0028,intermittent,marked_asymmetric,149,3.3449501660819236,7.563632572446854,3.6304543093115806,47.11409395973154,30.44295302013423,0.6879194630872483,2192888,1638464,4920576,5.977560166666667
seen_transfer,0028,intermittent,marked_gaussian_evidence_no_curvature,149,3.1679420287788753,7.112937729943754,3.9753168172576068,40.83221476510067,29.959731543624162,0.6677852348993288,3328544,2504128,4920576,7.033815958333333
seen_transfer,0028,intermittent,marked_gaussian_evidence,149,3.163134957241484,7.107627977192467,3.0463335091044876,39.14093959731544,32.13422818791946,0.6610738255033557,3378528,2549536,4920576,7.4535285
seen_transfer,0029,reliable,marked_lineage,165,5.236919030850854,14.134023888219692,15.00871519006185,158.83636363636364,34.472727272727276,1.9212121212121211,3175488,3175488,5563648,22.529913083333334
seen_transfer,0029,reliable,marked_er,165,5.1343226889156615,13.973459006619974,13.75008367206238,152.72727272727272,37.527272727272724,1.8181818181818181,3206480,3206480,5448960,19.046843875
seen_transfer,0029,reliable,marked_asymmetric,165,4.943599225704433,13.37504938983824,12.822067507235271,141.8181818181818,34.90909090909091,1.7272727272727273,3669432,3669432,5448960,14.3173105
seen_transfer,0029,reliable,marked_gaussian_evidence_no_curvature,165,4.80189097662792,13.176316335277395,13.041504496840428,134.83636363636364,37.527272727272724,1.606060606060606,5271552,5271552,8135936,14.079759375
seen_transfer,0029,reliable,marked_gaussian_evidence,165,4.627110258239369,12.786469603713229,13.687933385253132,126.98181818181818,37.96363636363636,1.5151515151515151,5277184,5277184,8070400,17.662738208333334
seen_transfer,0029,intermittent,marked_lineage,165,5.3286762100331435,14.403762107586337,12.417133914014277,168.0,36.43636363636364,2.0090909090909093,3078352,2228336,5448960,17.350346541666667
seen_transfer,0029,intermittent,marked_er,165,5.314791416068149,14.401770328135937,13.411928608860922,165.8181818181818,37.30909090909091,1.990909090909091,3044656,2191520,5448960,12.939746916666667
seen_transfer,0029,intermittent,marked_asymmetric,165,5.164214365535948,13.981887165614872,13.544644967546512,155.56363636363636,36.21818181818182,1.887878787878788,3310296,2372296,5448960,6.932836666666667
seen_transfer,0029,intermittent,marked_gaussian_evidence_no_curvature,165,5.141111928614973,14.02752301431823,12.178310822587365,155.78181818181818,38.836363636363636,1.8666666666666667,5312736,3819680,7890176,7.645956666666667
seen_transfer,0029,intermittent,marked_gaussian_evidence,165,5.031005060163097,13.819792391717234,11.96430707409618,151.2,40.14545454545455,1.7969696969696969,5699936,4101280,8103168,13.495491
seen_transfer,0031,reliable,marked_lineage,108,2.6778752455061947,5.2515632954919225,2.1712638489819587,10.0,32.666666666666664,0.5555555555555556,848272,848272,3566592,6.537935041666667
seen_transfer,0031,reliable,marked_er,108,2.677893936161713,5.2516050484944214,2.171360146391044,10.0,32.666666666666664,0.5555555555555556,850560,850560,3566592,6.679161125
seen_transfer,0031,reliable,marked_asymmetric,108,2.551165635770277,5.050063805427528,2.1821624025626587,9.333333333333334,31.333333333333332,0.5092592592592593,892224,892224,3566592,3.974821208333333
seen_transfer,0031,reliable,marked_gaussian_evidence_no_curvature,108,2.589283820438389,5.092254148595652,2.215120120317881,8.666666666666666,32.0,0.5277777777777778,1345216,1345216,3566592,3.9715637916666666
seen_transfer,0031,reliable,marked_gaussian_evidence,108,2.603157747768478,5.124311763133731,2.211395001293621,8.666666666666666,32.666666666666664,0.5370370370370371,1349440,1349440,3566592,6.453408875
seen_transfer,0031,intermittent,marked_lineage,108,2.9747020198433898,5.681826546052207,2.1431607883959827,17.0,31.0,0.6481481481481481,942080,736960,3566592,5.730291
seen_transfer,0031,intermittent,marked_er,108,2.9747225533771906,5.681872433305194,2.143267245336506,17.0,31.0,0.6481481481481481,943328,741952,3566592,5.682428
seen_transfer,0031,intermittent,marked_asymmetric,108,2.8479874450260647,5.447899144024842,2.1539501170569535,16.333333333333332,29.0,0.6111111111111112,991984,777776,3566592,3.808259458333333
seen_transfer,0031,intermittent,marked_gaussian_evidence_no_curvature,108,2.8666619951989674,5.507902516156026,2.1951183694218352,16.333333333333332,29.666666666666668,0.6111111111111112,1496928,1173856,3566592,3.398692625
seen_transfer,0031,intermittent,marked_gaussian_evidence,108,2.9076602288296516,5.576886533389434,2.1933382620446866,16.333333333333332,30.333333333333332,0.6203703703703703,1501152,1178080,3566592,3.35009775
seen_transfer,0001,reliable,marked_gaussian_evidence_guarded_scalar,405,3.7697330919637837,4.946065498873661,0.7758371522523457,1.6,43.2,0.6172839506172839,4730048,4730048,13374720,24.281421291666668
seen_transfer,0001,intermittent,marked_gaussian_evidence_guarded_scalar,405,4.238564725828149,5.872947036154152,3.782856276310625,3.8222222222222224,57.06666666666667,0.7790123456790123,4585728,3177376,13374720,18.987301
seen_transfer,0002,reliable,marked_gaussian_evidence_guarded_scalar,157,1.9294402660700851,2.609221910578403,0.5947115385185243,5.961783439490445,13.299363057324841,0.25477707006369427,1256480,1256480,5184768,12.27247275
seen_transfer,0002,intermittent,marked_gaussian_evidence_guarded_scalar,157,2.0944081806971053,2.8519545684383227,0.699660340165271,5.732484076433121,16.96815286624204,0.2961783439490446,1071680,782720,5184768,3.871416583333333
seen_transfer,0003,reliable,marked_gaussian_evidence_guarded_scalar,1244,1.5223304444493584,2.2656115650148028,0.9707263939034079,6.771704180064309,9.260450160771704,0.21141479099678456,14786528,14786528,41081856,101.72556741666666
seen_transfer,0003,intermittent,marked_gaussian_evidence_guarded_scalar,1244,1.9115745636662773,2.7836868831471504,1.3710330828870196,12.241157556270096,9.0,0.2829581993569132,15501440,10428032,41081856,71.76202233333333
seen_transfer,0004,reliable,marked_gaussian_evidence_guarded_scalar,133,3.733127725106177,4.182986278952472,1.2381699588836044,29.774436090225564,7.578947368421052,0.3233082706766917,562208,562208,4392192,5.955044333333333
seen_transfer,0004,intermittent,marked_gaussian_evidence_guarded_scalar,133,3.0100967906856284,3.649070812378417,1.227568754348172,25.984962406015036,6.496240601503759,0.2706766917293233,487936,394080,4392192,3.165685916666667
seen_transfer,0006,reliable,marked_gaussian_evidence_guarded_scalar,122,0.5953747016764852,0.9807233833014833,0.5584397834753181,2.9508196721311477,0.0,0.040983606557377046,597408,597408,4028928,8.608407791666666
seen_transfer,0006,intermittent,marked_gaussian_evidence_guarded_scalar,122,0.600254129288863,0.9893963796904124,0.5798799035329667,2.9508196721311477,0.0,0.040983606557377046,596352,466752,4028928,4.748468458333333
seen_transfer,0007,reliable,marked_gaussian_evidence_guarded_scalar,148,2.7740044314666785,2.478554247912452,2.983284468839419,9.243243243243244,5.837837837837838,0.18243243243243243,790912,790912,4887552,11.378586958333333
seen_transfer,0007,intermittent,marked_gaussian_evidence_guarded_scalar,148,4.472384220118768,4.207857805516047,0.9237569079557304,15.08108108108108,22.135135135135137,0.40878378378378377,1020064,666240,4887552,8.167603541666667
seen_transfer,0008,reliable,marked_gaussian_evidence_guarded_scalar,410,5.354878066483733,14.422576579410846,20.435828593326747,83.41463414634147,134.69268292682926,1.8146341463414635,28263680,28263680,36362752,234.56468491666666
seen_transfer,0008,intermittent,marked_gaussian_evidence_guarded_scalar,410,5.822099620871372,15.605014047117189,18.954741875861053,90.08780487804879,161.38536585365853,2.2463414634146344,32448608,21701216,40622592,376.72159204166667
seen_transfer,0009,reliable,marked_gaussian_evidence_guarded_scalar,315,6.804104212423584,19.897269235282565,33.486703105157325,362.2857142857143,29.942857142857143,4.6158730158730155,15461344,15461344,21183232,86.215518125
seen_transfer,0009,intermittent,marked_gaussian_evidence_guarded_scalar,315,7.0107517755466295,20.561749919658816,32.83828133682074,384.0,36.91428571428571,4.82063492063492,15260352,11499008,20429568,98.42796770833333
seen_transfer,0011,reliable,marked_gaussian_evidence_guarded_scalar,107,2.98898763692925,6.929047298158585,6.08219946348068,53.83177570093458,13.457943925233645,0.7476635514018691,2156160,2156160,3877632,16.959227625
seen_transfer,0011,intermittent,marked_gaussian_evidence_guarded_scalar,107,3.500481241661205,7.977605910702706,6.680886707735777,68.97196261682242,15.476635514018692,0.9766355140186916,2275488,1695744,3828480,11.270615416666667
seen_transfer,0012,reliable,marked_gaussian_evidence_guarded_scalar,124,5.440084854794329,14.594989392003146,15.059164895448083,149.80645161290323,60.96774193548387,1.5564516129032258,5540672,5540672,7748608,35.325629291666665
seen_transfer,0012,intermittent,marked_gaussian_evidence_guarded_scalar,124,5.333784234993523,14.59417699822064,18.660342693882196,140.80645161290323,67.06451612903226,1.4516129032258065,4821536,3544768,6831104,24.155041166666667
seen_transfer,0013,reliable,marked_gaussian_evidence_guarded_scalar,89,2.7508011221355484,5.562208096330369,1.7398168416774862,38.831460674157306,16.98876404494382,0.6404494382022472,1414048,1414048,2939136,11.15703875
seen_transfer,0013,intermittent,marked_gaussian_evidence_guarded_scalar,89,3.0523870819855397,6.113302450295304,2.3269448917698945,40.04494382022472,20.629213483146067,0.7191011235955056,1380960,999104,2939136,6.930060708333333
seen_transfer,0014,reliable,marked_gaussian_evidence_guarded_scalar,80,5.410637687244713,16.779636621046564,10.904889294887811,276.3,1.8,3.8125,4627936,4627936,5640192,161.849250125
seen_transfer,0014,intermittent,marked_gaussian_evidence_guarded_scalar,80,5.180441319767857,16.089512607248807,12.21818626604637,253.35,2.7,3.48125,2811264,1958304,3985408,37.16744391666667
seen_transfer,0016,reliable,marked_gaussian_evidence_guarded_scalar,293,3.2330354183858496,10.48483405052633,4.8949108438693285,51.11262798634812,76.17747440273038,1.1467576791808873,14576064,14576064,19440896,115.06176329166667
seen_transfer,0016,intermittent,marked_gaussian_evidence_guarded_scalar,293,3.8504139425085357,12.35546002983209,6.854557271952251,99.89078498293516,79.24914675767918,1.7474402730375427,15300480,10988000,20292864,150.365287625
seen_transfer,0017,reliable,marked_gaussian_evidence_guarded_scalar,111,3.8646963389102242,8.798011225350017,1.0082739736793693,46.7027027027027,50.5945945945946,0.972972972972973,2175424,2175424,3780352,21.041744958333332
seen_transfer,0017,intermittent,marked_gaussian_evidence_guarded_scalar,111,4.05416504446938,9.320130111796466,8.409305699880628,48.32432432432432,57.08108108108108,0.9774774774774775,2321504,1563040,3731200,17.165240416666666
seen_transfer,0018,reliable,marked_gaussian_evidence_guarded_scalar,183,2.505348069095405,5.558622283766962,3.175824731993776,26.360655737704917,18.885245901639344,0.5409836065573771,3558816,3558816,6223616,41.647577166666665
seen_transfer,0018,intermittent,marked_gaussian_evidence_guarded_scalar,183,2.481955948824463,5.475680217738756,2.472801707430775,27.540983606557376,19.081967213114755,0.5765027322404371,3554944,2480096,6223616,27.235111041666666
seen_transfer,0019,reliable,marked_gaussian_evidence_guarded_scalar,177,2.554508108684645,7.9648701653213,3.38687450329942,43.11864406779661,51.66101694915254,0.7288135593220338,5748224,5748224,8810752,50.58760025
seen_transfer,0019,intermittent,marked_gaussian_evidence_guarded_scalar,177,3.146900673541282,9.471095791969733,6.956529194802337,54.30508474576271,63.05084745762712,1.0141242937853108,5796800,4304704,8859904,40.77006454166666
seen_transfer,0021,reliable,marked_gaussian_evidence_guarded_scalar,286,3.946024775330004,7.561375773017448,6.813374113781376,38.51748251748252,35.74825174825175,0.7027972027972028,6049120,6049120,9543168,50.49828816666667
seen_transfer,0021,intermittent,marked_gaussian_evidence_guarded_scalar,286,4.678010156219332,9.032463171818156,8.364239338615599,54.62937062937063,47.45454545454545,1.0017482517482517,6225120,4569408,9674240,45.115802458333334
seen_transfer,0022,reliable,marked_gaussian_evidence_guarded_scalar,229,3.1975571864813426,12.860405117021957,11.088043153863092,127.02183406113537,63.82532751091703,1.4279475982532752,13546240,13546240,17114368,123.690642125
seen_transfer,0022,intermittent,marked_gaussian_evidence_guarded_scalar,229,3.509275935542029,14.302546860218257,35.69638133509424,154.06113537117903,68.06986899563319,1.7183406113537119,13384320,9341920,17327360,109.71523208333333
seen_transfer,0023,reliable,marked_gaussian_evidence_guarded_scalar,120,3.5880930298814158,13.064662611957155,19.710955608036183,168.6,14.4,2.191666666666667,5901568,5901568,7944192,47.749227125
seen_transfer,0023,intermittent,marked_gaussian_evidence_guarded_scalar,120,3.730748477240729,13.624384439743826,21.343729685714045,177.0,22.5,2.2875,6008224,4322880,7927808,38.771410708333335
seen_transfer,0024,reliable,marked_gaussian_evidence_guarded_scalar,168,1.538468406353941,3.306109810748234,2.7184795462323375,19.285714285714285,0.42857142857142855,0.27380952380952384,2213568,2213568,5548032,17.684375291666665
seen_transfer,0024,intermittent,marked_gaussian_evidence_guarded_scalar,168,1.6518242148478008,3.548039584146317,3.290958186753365,21.214285714285715,0.8571428571428571,0.3005952380952381,2245952,1494720,5548032,14.902543958333334
seen_transfer,0026,reliable,marked_gaussian_evidence_guarded_scalar,135,4.349578366194005,8.420658501019858,1.5366922830640075,32.0,67.2,0.8444444444444444,2087904,2087904,4458240,17.795078083333333
seen_transfer,0026,intermittent,marked_gaussian_evidence_guarded_scalar,135,4.520194670065314,8.804638623433732,2.2561443861066426,33.06666666666667,74.93333333333334,0.9518518518518518,2019616,1490912,4458240,11.970297208333333
seen_transfer,0027,reliable,marked_gaussian_evidence_guarded_scalar,143,5.2914953060403125,14.377792663419205,14.287605010976796,135.44055944055944,72.5034965034965,1.2237762237762237,4884352,4884352,7835392,35.47135016666667
seen_transfer,0027,intermittent,marked_gaussian_evidence_guarded_scalar,143,5.603444780382857,15.120017250905077,13.469258763648659,152.55944055944056,80.55944055944056,1.4895104895104896,4931168,3465824,7278336,32.50382033333333
seen_transfer,0028,reliable,marked_gaussian_evidence_guarded_scalar,149,3.125004347906445,7.0545542456035015,4.011092696915585,39.624161073825505,29.959731543624162,0.6308724832214765,3239840,3239840,4920576,22.272965541666668
seen_transfer,0028,intermittent,marked_gaussian_evidence_guarded_scalar,149,3.335517090577321,7.5603307305716365,5.217016897705201,45.422818791946305,30.926174496644297,0.6845637583892618,3271520,2464000,4920576,18.774914083333332
seen_transfer,0029,reliable,marked_gaussian_evidence_guarded_scalar,165,4.896865350700128,13.3037979057838,13.105300535649798,138.76363636363635,36.21818181818182,1.6787878787878787,5662272,5662272,8152320,36.83288375
seen_transfer,0029,intermittent,marked_gaussian_evidence_guarded_scalar,165,5.173022714599494,13.985052195371761,13.781542845973894,155.78181818181818,36.21818181818182,1.903030303030303,5127936,3664096,7644416,16.066539833333334
seen_transfer,0031,reliable,marked_gaussian_evidence_guarded_scalar,108,2.5468276558994796,5.017686740458306,2.1824864721652806,8.666666666666666,31.333333333333332,0.5185185185185185,1354016,1354016,3566592,12.516822
seen_transfer,0031,intermittent,marked_gaussian_evidence_guarded_scalar,108,2.861952220718799,5.480237871477571,2.1525320464696627,16.333333333333332,29.666666666666668,0.6203703703703703,1505376,1181248,3566592,6.222116541666667
seen_transfer,0001,reliable,marked_gaussian_evidence_fixed_025,405,3.857002216238211,5.1107186550165595,0.601106871011501,1.7777777777777777,45.68888888888889,0.6493827160493827,4581504,4581504,13374720,30.125528375
seen_transfer,0001,intermittent,marked_gaussian_evidence_fixed_025,405,4.343808190049482,6.070838195312178,3.6163333555355397,4.0,60.08888888888889,0.8185185185185185,4620576,3241440,13374720,20.598396166666667
seen_transfer,0002,reliable,marked_gaussian_evidence_fixed_025,157,2.0643872375644805,2.7809420840284176,0.5935626076342271,5.961783439490445,15.59235668789809,0.28662420382165604,1313152,1313152,5184768,14.0889305
seen_transfer,0002,intermittent,marked_gaussian_evidence_fixed_025,157,2.2480854664179932,3.0991247662313675,0.6941473633800299,5.732484076433121,20.866242038216562,0.34394904458598724,1058656,772512,5184768,5.809183166666666
seen_transfer,0003,reliable,marked_gaussian_evidence_fixed_025,1244,1.6317369423302674,2.439448018498997,0.9770050422739129,6.077170418006431,11.864951768488746,0.24115755627009647,15312768,15312768,41081856,116.152768
seen_transfer,0003,intermittent,marked_gaussian_evidence_fixed_025,1244,2.031355295156131,2.9996564389619307,1.6272865356745967,11.344051446945338,12.270096463022508,0.3102893890675241,15873856,10568128,41081856,113.49870804166666
seen_transfer,0004,reliable,marked_gaussian_evidence_fixed_025,133,3.5133395731534645,4.017993402150835,1.2620082526511538,28.150375939849624,7.578947368421052,0.3007518796992481,550592,550592,4392192,7.279262166666666
seen_transfer,0004,intermittent,marked_gaussian_evidence_fixed_025,133,2.9255668476377705,3.4636978879232996,1.2285128515751353,25.172932330827066,4.330827067669173,0.2894736842105263,488640,393728,4392192,4.637449375
seen_transfer,0006,reliable,marked_gaussian_evidence_fixed_025,122,0.5957839217882528,0.9814946239361707,0.5604990436155114,2.9508196721311477,0.0,0.040983606557377046,597760,597760,4028928,8.420195958333334
seen_transfer,0006,intermittent,marked_gaussian_evidence_fixed_025,122,0.6005129136750431,0.989891877503159,0.5813100162047088,2.9508196721311477,0.0,0.040983606557377046,596352,467104,4028928,4.658365291666667
seen_transfer,0007,reliable,marked_gaussian_evidence_fixed_025,148,2.958950083448223,3.0463408990844996,2.2622253241123897,3.4054054054054053,19.45945945945946,0.30405405405405406,992256,992256,4887552,12.946964583333333
seen_transfer,0007,intermittent,marked_gaussian_evidence_fixed_025,148,4.984322571230623,5.024947382301222,4.3663228871433315,9.972972972972974,33.32432432432432,0.5135135135135135,1141856,726080,4887552,7.442848583333333
seen_transfer,0008,reliable,marked_gaussian_evidence_fixed_025,410,5.972900818837832,16.204445541267216,19.053594569016983,81.30731707317074,186.49756097560976,2.368292682926829,27850080,27850080,36379136,305.25067070833336
seen_transfer,0008,intermittent,marked_gaussian_evidence_fixed_025,410,6.228400386225304,16.886225774900197,19.40945194724648,90.70243902439024,197.82439024390243,2.6390243902439026,31341216,20954624,38967808,255.49127808333333
seen_transfer,0009,reliable,marked_gaussian_evidence_fixed_025,315,6.699842981399354,19.945386035031692,35.67402624557702,353.37142857142857,40.22857142857143,4.368253968253968,15068864,15068864,20658944,147.73073304166667
seen_transfer,0009,intermittent,marked_gaussian_evidence_fixed_025,315,6.986074910523228,20.833921627199004,34.76276290830223,379.77142857142854,49.371428571428574,4.617460317460317,15054432,11297312,20593408,113.32587695833334
seen_transfer,0011,reliable,marked_gaussian_evidence_fixed_025,107,3.0271017802195397,6.997398287569186,5.3728454180577305,56.52336448598131,14.80373831775701,0.7850467289719626,2190304,2190304,3746560,13.0280425
seen_transfer,0011,intermittent,marked_gaussian_evidence_fixed_025,107,3.505429680855639,7.944006201792488,6.32664502432466,71.32710280373831,14.80373831775701,1.0,2309280,1708416,3746560,10.871402666666667
seen_transfer,0012,reliable,marked_gaussian_evidence_fixed_025,124,6.3159871699249415,17.616311079800454,16.005283898392143,203.80645161290323,102.7741935483871,1.9516129032258065,8075072,8075072,10435584,51.99711725
seen_transfer,0012,intermittent,marked_gaussian_evidence_fixed_025,124,5.513859650875392,15.531688252760611,21.869457724066635,146.90322580645162,85.06451612903226,1.3508064516129032,5088352,3360320,6913024,25.560450333333332
seen_transfer,0013,reliable,marked_gaussian_evidence_fixed_025,89,3.6013941242060414,7.139783451017926,1.6856277478039514,42.06741573033708,29.93258426966292,0.8876404494382022,1401728,1401728,2939136,9.518485708333333
seen_transfer,0013,intermittent,marked_gaussian_evidence_fixed_025,89,3.362029791823123,6.662636595327944,2.2535955406253394,43.28089887640449,23.0561797752809,0.8426966292134831,1380608,1008960,2939136,4.610447583333333
seen_transfer,0014,reliable,marked_gaussian_evidence_fixed_025,80,5.239468559131746,16.166918196396495,8.242249027058724,259.2,1.8,3.575,5013376,5013376,6033408,194.49596841666667
seen_transfer,0014,intermittent,marked_gaussian_evidence_fixed_025,80,4.948835848912545,15.345634101800211,11.605548571086938,234.45,2.7,3.21875,3811296,2665120,4919296,45.191391208333336
seen_transfer,0016,reliable,marked_gaussian_evidence_fixed_025,293,3.3055739998744613,10.77982809329781,4.357213135935759,51.84982935153584,83.0580204778157,1.1706484641638226,14382464,14382464,19375360,54.806846125
seen_transfer,0016,intermittent,marked_gaussian_evidence_fixed_025,293,3.948816825557083,12.718260420285379,6.630976434964805,102.47098976109216,85.26962457337883,1.7815699658703072,15660224,11270304,20456704,83.33455708333334
seen_transfer,0017,reliable,marked_gaussian_evidence_fixed_025,111,3.9893757524936446,8.923221730180273,0.9517047835301101,45.4054054054054,52.54054054054054,1.054054054054054,2201824,2201824,3763968,11.977082791666666
seen_transfer,0017,intermittent,marked_gaussian_evidence_fixed_025,111,4.054117431982152,9.270068528925512,8.487944078620728,47.027027027027025,54.810810810810814,1.0,2457728,1646464,3763968,8.413697791666667
seen_transfer,0018,reliable,marked_gaussian_evidence_fixed_025,183,2.33307511163441,5.148639588230247,3.2267012818133103,24.39344262295082,15.737704918032787,0.5245901639344263,3656320,3656320,6256384,21.788651416666667
seen_transfer,0018,intermittent,marked_gaussian_evidence_fixed_025,183,2.3944509719575695,5.393874035721605,3.6737877976263116,26.75409836065574,17.704918032786885,0.5628415300546448,3707008,2609632,6240000,16.357888458333335
seen_transfer,0019,reliable,marked_gaussian_evidence_fixed_025,177,2.646371175657724,8.17654965089047,2.6138789254883776,43.11864406779661,54.91525423728814,0.751412429378531,5704928,5704928,8679680,34.57173225
seen_transfer,0019,intermittent,marked_gaussian_evidence_fixed_025,177,3.280674895836946,9.802661671622413,5.835700048112298,55.32203389830509,68.94915254237289,1.0988700564971752,6136832,4545472,9056512,26.548853583333333
seen_transfer,0021,reliable,marked_gaussian_evidence_fixed_025,286,4.295335901423062,8.325820302286296,6.501734511781262,34.23776223776224,53.62237762237762,0.8286713286713286,5764000,5764000,9461248,32.972733625
seen_transfer,0021,intermittent,marked_gaussian_evidence_fixed_025,286,4.925864359813382,9.576493813630812,9.566577314735028,51.10489510489511,60.54545454545455,1.1381118881118881,5901632,4381088,9575936,24.003325708333332
seen_transfer,0022,reliable,marked_gaussian_evidence_fixed_025,229,3.2607950794184912,13.077964069194715,11.388551054344896,130.48034934497818,66.3406113537118,1.5109170305676856,13523360,13523360,17097984,100.83338945833333
seen_transfer,0022,intermittent,marked_gaussian_evidence_fixed_025,229,3.5160909817999815,14.268570515227703,31.122771247403108,151.23144104803492,71.21397379912663,1.7489082969432315,13697952,9591488,17786112,86.68746841666666
seen_transfer,0023,reliable,marked_gaussian_evidence_fixed_025,120,3.6155728509784115,13.207639101428054,16.119662388615946,165.0,22.8,2.058333333333333,5901568,5901568,7796736,41.711838416666666
seen_transfer,0023,intermittent,marked_gaussian_evidence_fixed_025,120,3.7875165044794685,13.75720571012186,16.573841199674526,179.4,24.3,2.3291666666666666,5951200,4184544,7796736,34.08975016666667
seen_transfer,0024,reliable,marked_gaussian_evidence_fixed_025,168,1.562774866231381,3.34000496705609,2.7069782042425183,20.142857142857142,0.0,0.27976190476190477,2205120,2205120,5548032,16.183314375
seen_transfer,0024,intermittent,marked_gaussian_evidence_fixed_025,168,1.70390192997729,3.6197812381736134,3.3141637295870074,22.285714285714285,0.42857142857142855,0.30952380952380953,2195968,1450016,5548032,11.375080708333334
seen_transfer,0026,reliable,marked_gaussian_evidence_fixed_025,135,5.125993762618474,9.775608195086638,1.5402182546698817,32.0,88.0,1.1333333333333333,1893952,1893952,4458240,13.336027166666666
seen_transfer,0026,intermittent,marked_gaussian_evidence_fixed_025,135,5.313509590509825,10.152477659969854,2.3011782911225467,32.266666666666666,94.4,1.2333333333333334,1802080,1322656,4458240,9.695143166666666
seen_transfer,0027,reliable,marked_gaussian_evidence_fixed_025,143,5.500925612973387,15.229355485678793,12.031225340992437,145.006993006993,93.65034965034965,1.3146853146853146,4930464,4930464,7819008,31.433574625
seen_transfer,0027,intermittent,marked_gaussian_evidence_fixed_025,143,5.761020505890768,15.786587023726236,15.753679100571517,159.6083916083916,90.12587412587412,1.4685314685314685,4962144,3495040,7606016,23.265775125
seen_transfer,0028,reliable,marked_gaussian_evidence_fixed_025,149,3.259276019340162,7.274301805963088,4.4963539790425555,45.422818791946305,28.993288590604028,0.7248322147651006,3211328,3211328,4920576,21.977218208333333
seen_transfer,0028,intermittent,marked_gaussian_evidence_fixed_025,149,3.354292075091761,7.623010762929105,5.105052205921808,47.355704697986575,32.13422818791946,0.7013422818791947,3479552,2611840,4920576,16.457047416666665
seen_transfer,0029,reliable,marked_gaussian_evidence_fixed_025,165,5.051421477001269,13.721572497267307,13.419083959672717,147.92727272727274,36.654545454545456,1.7757575757575759,5228256,5228256,8021248,42.44757654166666
seen_transfer,0029,intermittent,marked_gaussian_evidence_fixed_025,165,5.243875601670806,14.225005861695132,12.753792369051999,161.6727272727273,37.74545454545454,1.9393939393939394,5243744,3796096,7759104,27.321066708333333
seen_transfer,0031,reliable,marked_gaussian_evidence_fixed_025,108,2.862538778614496,5.594291523328779,2.1763655789465037,9.333333333333334,36.666666666666664,0.5833333333333334,1365632,1365632,3566592,15.878146375
seen_transfer,0031,intermittent,marked_gaussian_evidence_fixed_025,108,3.1769181782281843,6.028400471234555,2.154057531193454,16.333333333333332,34.666666666666664,0.6898148148148148,1538816,1203424,3566592,9.570155041666666
