time,receiver,formation,predictedLabelCount,localLabelCount,fusedLabelCount,predictedMass,localMass,localUpdateMassChange,preEtaMass,fusedMass,poolingMassChangeFromLocal,spatialMassLoss,prunedMass,retainedNotOutputMass,localMapCount,outputMapCount,zeroPdLabelCount,zeroPdMaxAbsLocalChange,weakBeforeSpatialCount,normalizerFallbackCount
1,1,1,24,24,24,1.44,1.44,0,1.47225191569386,1.38752397643927,0.0322519156938637,0.0847279392545948,0,1.32752397643927,1,1,24,0,24,4
1,2,1,24,24,24,1.44,1.44,0,1.44,1.44,0,-3.33066907387547e-15,0,1.38,1,1,24,0,24,0
1,3,1,24,24,24,1.44,1.44,0,1.44,1.44,0,-3.33066907387547e-15,0,1.38,1,1,24,0,24,0
1,4,1,24,24,24,1.44,1.40402020909754,-0.0359797909024657,1.42576289245517,1.42576289245517,0.0217426833576342,-3.5527136788005e-15,0,1.36576289245517,1,1,23,0,24,0
1,5,1,24,24,24,1.44,2.27071354275246,0.830713542752463,1.50305991370405,1.4493090460146,-0.767653629048414,0.0537508676894545,0,1.38,2,1,23,0,24,0
1,6,1,24,24,24,1.44,1.44,0,2.03547074844362,1.90409604694288,0.59547074844362,0.131374701500744,0,1.32,1,2,24,0,23,0
1,7,2,24,24,24,1.44,3.14839381610707,1.70839381610707,4.31685118293237,4.19086191905354,1.16845736682531,0.125989263878838,0,1.2,3,4,20,0,20,4
1,8,2,24,24,24,1.44,3.98620159640151,2.54620159640151,3.38003309790732,3.24884296413372,-0.606168498494186,0.131190133773602,0,1.68682316123095,4,3,20,0,20,4
1,9,2,24,24,24,1.44,2.2229044898466,0.782904489846599,3.45706296113764,3.2582994728411,1.23415847129104,0.198763488296538,0,1.70284675239802,2,3,20,0,20,3
1,10,2,24,24,24,1.44,4.00130322460805,2.56130322460805,2.71211830319376,2.55951941275097,-1.28918492141429,0.152598890442793,0,1.82081207787803,4,2,20,0,24,4
1,11,2,24,24,24,1.44,3.14279129809995,1.70279129809995,3.63521102286806,3.35469990832379,0.492419724768105,0.280511114544266,0,1.70622410283527,3,3,20,0,20,2
1,12,2,24,24,24,1.44,4.64438752924988,3.20438752924988,3.69421715329021,3.51712596721828,-0.950170375959674,0.177091186071923,0,1.7169378903843,4,3,20,0,20,2
1,13,3,24,24,24,1.44,2.2289256895621,0.788925689562103,4.03316379174108,3.86386106662995,1.80423810217897,0.169302725111129,0,1.18630211349276,2,4,20,0,20,4
1,14,3,24,24,24,1.44,3.96461965212068,2.52461965212067,2.70789650726869,2.62458053193622,-1.25672314485198,0.0833159753324666,0,1.88048535227788,4,2,20,0,24,4
1,15,3,24,24,24,1.44,2.2585961502919,0.818596150291896,3.39834483668316,2.74769464459225,1.13974868639127,0.650650192090919,0,1.9433544473489,2,2,21,0,21,0
1,16,3,24,24,24,1.44,3.97800156665565,2.53800156665565,2.57788449631134,2.30261060995412,-1.40011707034431,0.275273886357217,0,1.58715712686441,4,2,20,0,24,7
1,17,3,24,24,24,1.44,4.59543194371237,3.15543194371237,4.19510779156981,4.1521395913385,-0.400324152142562,0.042968200231309,0,1.2,4,4,20,0,20,4
1,18,3,24,24,24,1.44,4.61752937827184,3.17752937827184,4.60214473763677,4.55040857901457,-0.0153846406350695,0.0517361586222016,0,1.2,4,4,20,0,20,2
1,19,4,24,24,24,1.44,3.98294601261704,2.54294601261704,3.86694227237975,3.68687376768523,-0.116003740237294,0.180068504694513,0,1.18414728452728,4,4,20,0,20,8
1,20,4,24,24,24,1.44,3.14781737747649,1.70781737747649,3.74872271297721,3.71455131749042,0.60090533550072,0.0341713954867853,0,1.2,3,4,20,0,20,4
1,21,4,24,24,24,1.44,3.99726567323674,2.55726567323674,3.41608178744263,3.33760430492811,-0.581183885794101,0.0784774825145225,0,1.69535821435722,4,3,20,0,20,4
1,22,4,24,24,24,1.44,3.97825306252568,2.53825306252568,3.85612755514753,3.63080668989208,-0.122125507378148,0.225320865255448,0,1.738260482848,4,3,20,0,20,8
1,23,4,24,24,24,1.44,2.26209574627666,0.822095746276661,3.41179054389783,3.31447600129906,1.14969479762117,0.0973145425987645,0,1.51885831251241,2,3,21,0,21,0
1,24,4,24,24,24,1.44,3.97783950601455,2.53783950601455,2.68827941973377,2.56507408290449,-1.28956008628078,0.123205336829284,0,1.70879775119894,4,2,20,0,24,3
1,25,5,24,24,24,1.44,3.98545811384729,2.54545811384729,2.59563213972839,2.40020112242383,-1.3898259741189,0.195431017304557,0,1.75629330949014,4,2,20,0,24,8
1,26,5,24,24,24,1.44,3.99292926888038,2.55292926888038,3.98772731219385,3.89978622034055,-0.00520195668653223,0.0879410918533017,0,1.2,4,4,20,0,20,4
1,27,5,24,24,24,1.44,2.22394978927604,0.783949789276039,3.46262036712052,3.28317689146053,1.23867057784448,0.179443475659994,0,1.65825994217135,2,3,20,0,20,0
1,28,5,24,24,24,1.44,3.98169567126071,2.54169567126071,2.58712122995113,2.43669340311833,-1.39457444130958,0.150427826832803,0,1.74235431250143,4,2,20,0,24,4
1,29,5,24,24,24,1.44,3.13783010159565,1.69783010159565,3.66251977007571,3.51091031163979,0.524689668480058,0.151609458435922,0,1.51547618285842,3,3,21,0,21,3
1,30,5,24,24,24,1.44,2.23224751793671,0.792247517936705,2.82081563071536,2.66725934840622,0.588568112778657,0.153556282309143,0,1.71243606400652,2,2,20,0,22,3
1,31,6,24,24,24,1.44,3.99288041762549,2.55288041762549,4.46348693514785,4.43803507388649,0.470606517522361,0.0254518612613674,0,1.2,4,4,20,0,20,4
1,32,6,24,24,24,1.44,3.98526869154868,2.54526869154867,3.99063469691558,3.92647903296992,0.00536600536690379,0.0641556639456633,0,1.2,4,4,20,0,20,4
1,33,6,24,24,24,1.44,3.12333587089853,1.68333587089853,3.66113803956752,3.52066986123109,0.537802168668992,0.140468178336431,0,1.53842103890818,3,3,21,0,21,3
1,34,6,24,24,24,1.44,3.97418544615491,2.53418544615491,3.18657112934832,3.01896231745661,-0.787614316806582,0.167608811891712,0,1.2775762673234,4,3,20,0,21,7
1,35,6,24,24,24,1.44,4.57878476543988,3.13878476543988,4.1858470448443,4.05508940313146,-0.392937720595587,0.130757641712834,0,1.2,4,4,20,0,20,2
1,36,6,24,24,24,1.44,4.61657045144956,3.17657045144956,4.59053539984174,4.54785233886103,-0.0260350516078152,0.0426830609807149,0,1.2,4,4,20,0,20,2
2,1,1,24,24,24,1.37364873667488,1.37364873667488,0,1.7957817111642,1.64636116578928,0.422132974489325,0.149420545374922,0,1.34718140513012,1,1,24,6.93889390390723e-18,24,3
2,2,1,24,24,24,1.4256,1.4256,0,1.38795521493092,1.38222427173973,-0.0376447850690864,0.00573094319118628,0,1.32282427173973,1,1,24,6.93889390390723e-18,24,0
2,3,1,24,24,24,1.4256,1.4256,0,1.4256,1.42560000000002,0,-1.08801856413265e-14,0,1.36620000000001,1,1,24,6.93889390390723e-18,24,0
2,4,1,24,24,24,1.41150526353062,2.21701047355905,0.805505210028431,1.56223460171116,1.48244711950454,-0.65477587184789,0.0797874822066273,0,1.36620000000001,2,1,23,6.93889390390723e-18,24,0
2,5,1,24,24,24,1.43481595555445,2.33057462133713,0.895758665782679,2.26718406754142,2.26000060705531,-0.063390553795704,0.00718346048611407,0,1.30680000000001,2,2,23,6.93889390390723e-18,23,1
2,6,1,24,24,24,1.88505508647345,1.88505508647345,0,2.27765504888494,2.26266392477981,0.392599962411495,0.0149911241051286,0,1.30680000000001,2,2,24,6.93889390390723e-18,23,1
2,7,2,24,24,24,4.148953299863,5.15489891320568,1.00594561334268,4.86241109914414,4.79697252285542,-0.292487814061538,0.0654385762887193,0,1.1286,5,5,20,6.93889390390723e-18,20,2
2,8,2,24,24,24,3.21635453449239,4.39273606509102,1.17638153059864,5.11213085091912,5.00583266227338,0.719394785828094,0.106298188645741,0,1.06575040542524,4,5,20,6.93889390390723e-18,20,6
2,9,2,24,24,24,3.22571647811269,4.4039284767808,1.17821199866811,4.39613607458204,4.21438958798065,-0.00779240219876254,0.181746486601387,0,1.18800000000001,4,4,20,6.93889390390723e-18,20,0
2,10,2,24,24,24,2.53392421862346,3.40768367516836,0.873759456544904,4.1542461695808,3.9370260067044,0.74656249441244,0.217220162876404,0,1.188,3,4,20,6.93889390390723e-18,20,3
2,11,2,24,24,24,3.32115290924055,5.11825137361007,1.79709846436952,4.12291643773559,4.02393049735083,-0.995334935874481,0.0989859403847628,0,1.188,5,4,20,6.93889390390723e-18,20,2
2,12,2,24,24,24,3.4819547075461,4.40429735195034,0.922342644404238,5.04037912729202,4.91865135450998,0.636081775341676,0.121727772782041,0,1.1286,4,5,20,6.93889390390723e-18,20,2
2,13,3,24,24,24,3.82522245596365,4.55669851851333,0.731476062549683,4.69217984687111,4.21883691762461,0.13548132835778,0.473342929246505,0,1.16484775250771,4,4,20,6.93889390390723e-18,20,4
2,14,3,24,24,24,2.59833472661686,5.01219723726922,2.41386251065236,4.7475093388144,4.65487712276302,-0.264687898454818,0.0926322160513839,0,1.17498950797876,5,4,20,6.93889390390723e-18,20,0
2,15,3,24,24,24,2.72021769814632,4.46186048203305,1.74164278388673,4.92005447195504,4.8582410151108,0.458193989921989,0.0618134568442361,0,1.12860000000001,4,5,20,6.93889390390723e-18,20,2
2,16,3,24,24,24,2.27958450385458,3.35285390016241,1.07326939630783,4.17463394135206,3.68407215450213,0.82178004118966,0.490561786849937,0,1.14402798567093,3,4,20,6.93889390390723e-18,20,5
2,17,3,24,24,24,4.11061819542511,4.0545030525151,-0.0561151429100075,3.57848089019719,3.3663022508257,-0.47602216231791,0.212178639371492,0,1.65620439821791,4,3,20,6.93889390390723e-18,20,3
2,18,3,24,24,24,4.50490449322442,4.76384338082366,0.258938887599235,4.32386888989925,4.25300311631173,-0.439974490924407,0.0708657735875162,0,1.18800000000002,4,4,20,6.93889390390723e-18,20,2
2,19,4,24,24,24,3.65000503000838,4.51490282964583,0.86489779963745,4.19463044612565,4.04115252920484,-0.320272383520185,0.153477916920806,0,1.13594531053404,4,4,20,6.93889390390723e-18,20,7
2,20,4,24,24,24,3.67740580431552,4.51040287428294,0.832997069967418,4.51386601284361,4.47033406154188,0.00346313856067137,0.0435319513017278,0,1.17352270275056,4,4,20,6.93889390390723e-18,20,4
2,21,4,24,24,24,3.30422826187883,2.92276197342737,-0.381466288451461,4.13851385402199,4.06529501299003,1.21575188059462,0.073218841031963,0,1.18800000000001,3,4,20,6.93889390390723e-18,20,3
2,22,4,24,24,24,3.59449862299316,5.09062008953138,1.49612146653822,3.92087401386896,3.68630312343903,-1.16974607566242,0.23457089042993,0,1.15466826347995,5,4,20,6.93889390390723e-18,20,7
2,23,4,24,24,24,3.28133124128607,3.76905874571774,0.48772750443167,4.98771097223835,4.97077758483591,1.2186522265206,0.016933387402438,0,1.09846112491712,4,5,20,6.93889390390723e-18,20,1
2,24,4,24,24,24,2.53942334207544,4.22881195421513,1.68938861213968,3.90989903313295,3.54981960133388,-0.318912921082173,0.360079431799076,0,1.59611229862716,4,3,20,6.93889390390723e-18,21,0
2,25,5,24,24,24,2.37619911119959,5.01666973988957,2.64047062868998,4.46759931870364,4.35113169918081,-0.549070421185928,0.116467619522833,0,1.15478723868866,5,4,20,6.93889390390723e-18,21,6
2,26,5,24,24,24,3.86078835813714,4.55091096867798,0.690122610540834,4.92948122783205,4.9110086189558,0.37857025915407,0.0184726088762455,0,1.12719973563264,4,5,20,6.93889390390723e-18,20,4
2,27,5,24,24,24,3.25034512254592,5.11684324154525,1.86649811899933,4.84558408684619,4.7935703955544,-0.27125915469906,0.0520136912917923,0,1.12860000000001,5,5,20,6.93889390390723e-18,20,1
2,28,5,24,24,24,2.41232646908714,2.56357194222478,0.151245473137641,4.93588388279589,4.6519114491221,2.37231194057111,0.283972433673791,0,1.16175748249761,2,4,20,6.93889390390723e-18,20,4
2,29,5,24,24,24,3.47580120852339,3.79621268134196,0.320411472818571,2.94730993893764,2.84998729546741,-0.848902742404321,0.0973226434702243,0,1.46046159941289,4,3,20,6.93889390390723e-18,24,3
2,30,5,24,24,24,2.64058675492216,4.2451894597673,1.60460270484514,3.99336272538703,3.93398957349556,-0.25182673438027,0.0593731518914624,0,1.18800000000002,4,4,20,6.93889390390723e-18,21,3
2,31,6,24,24,24,4.39365472314762,4.74971748865967,0.356062765512044,4.76547861036258,4.66382585846265,0.0157611217029174,0.10165275189993,0,1.18800000000001,4,4,20,6.93889390390723e-18,20,2
2,32,6,24,24,24,3.88721424264022,4.60606145041675,0.718847207776536,4.71039230704538,4.69265505891485,0.104330856628626,0.0177372481305307,0,1.18800000000001,4,4,20,6.93889390390723e-18,20,4
2,33,6,24,24,24,3.48546316261878,3.15860248306141,-0.326860679557366,4.26655740089455,4.17294388977984,1.10795491783314,0.0936135111147092,0,1.18800000000001,3,4,20,6.93889390390723e-18,20,4
2,34,6,24,24,24,2.98877269428205,3.5471007034643,0.558328009182254,3.21377705441943,2.98764722968118,-0.333323649044871,0.226129824738255,0,1.36758484371043,3,3,20,6.93889390390723e-18,21,7
2,35,6,24,24,24,4.01453850910015,4.59821122178884,0.58367271268869,3.81959232045851,3.68265277455219,-0.778618901330326,0.136939545906319,0,1.36143279993918,4,3,20,6.93889390390723e-18,21,1
2,36,6,24,24,24,4.50237381547242,4.77112597109811,0.26875215562569,4.65732102992855,3.72343149810786,-0.113804941169557,0.933889531820695,0,1.18800000000001,4,4,20,6.93889390390723e-18,20,0
3,1,1,24,24,24,1.62989755413139,1.62989755413139,0,2.22391995456676,2.15341310015457,0.594022400435368,0.0705068544121894,0,1.29814245227035,1,2,24,5.55111512312578e-17,23,2
3,2,1,24,24,24,1.36840202902233,1.36840202902233,0,1.50988512404524,1.46610703910801,0.141483095022908,0.0437780849372305,0,1.32285071748649,1,1,24,6.93889390390723e-18,24,1
3,3,1,24,24,24,1.41134400000001,1.41134400000001,0,1.38042146892064,1.37691627677035,-0.0309225310793779,0.00350519215028577,0,1.31811027677035,1,1,24,6.93889390390723e-18,24,0
3,4,1,24,24,24,1.46762264830949,2.33136890002449,0.863746251714996,1.6645158426009,1.54440667792802,-0.666853057423581,0.120109164672882,0,1.35253800000001,2,1,23,6.93889390390723e-18,24,0
3,5,1,24,24,24,2.23740060098476,2.35227852823998,0.114877927255217,2.34683278118269,2.34614952895403,-0.00544574705728706,0.000683252228661946,0,1.29373200000001,2,2,23,6.93889390390723e-18,23,1
3,6,1,24,24,24,2.24003728553202,2.24003728553202,0,2.35087796747152,2.35059088927575,0.110840681939508,0.000287078195774892,0,1.29373200000001,2,2,24,6.93889390390723e-18,23,0
3,7,2,24,24,24,4.74900279762686,5.16037611805598,0.411373320429115,5.16494635154401,5.16346895428864,0.00457023348803176,0.0014773972553721,0,1.11731400000001,5,5,20,6.93889390390723e-18,20,2
3,8,2,24,24,24,4.95577433565064,4.9831906457003,0.0274163100496514,5.17419453287033,5.06983460947886,0.191003887170036,0.104359923391471,0,1.08641121009654,5,5,20,6.93889390390723e-18,20,4
3,9,2,24,24,24,4.17224569210085,4.61521362304633,0.442967930945485,4.92690329365979,4.82989726263981,0.311689670613459,0.0970060310199834,0,1.06519264814682,4,5,20,6.93889390390723e-18,20,1
3,10,2,24,24,24,3.89765574663736,4.50564930915955,0.607993562522191,4.5851651536303,4.073935344998,0.079515844470758,0.511229808632302,0,1.17612000000001,4,4,20,6.93889390390723e-18,20,0
3,11,2,24,24,24,3.98369119237732,5.12479243719482,1.14110124481749,4.73600372865278,4.0635449478742,-0.388788708542037,0.672458780778581,0,1.17612000000001,5,4,20,6.93889390390723e-18,20,2
3,12,2,24,24,24,4.86946484096488,5.16644991617197,0.296985075207095,5.14501173608577,5.13383666996731,-0.0214381800861974,0.0111750661184677,0,1.117314,5,5,20,6.93889390390723e-18,20,2
3,13,3,24,24,24,4.17664854844836,5.12205940942194,0.945410860973579,4.6868277189482,4.03786890645896,-0.435231690473745,0.648958812489231,0,1.12048523557416,5,4,20,6.93889390390723e-18,20,4
3,14,3,24,24,24,4.60832835153539,5.14165145292483,0.533323101389445,5.13042082597501,5.09526524123537,-0.0112306269498195,0.0351555847396394,0,1.09386391467589,5,5,20,6.93889390390723e-18,20,0
3,15,3,24,24,24,4.80965860495969,4.58438080359368,-0.225277801366016,5.10752442050172,5.0817637874051,0.523143616908046,0.0257606330966178,0,1.10625105304785,4,5,20,6.93889390390723e-18,20,0
3,16,3,24,24,24,3.64723143295711,4.48333342821885,0.836101995261743,4.53389605416029,3.71574109461224,0.0505626259414376,0.818154959548048,0,1.4149358878429,4,3,20,6.93889390390723e-18,20,5
3,17,3,24,24,24,3.33263922831745,4.41180385201709,1.07916462369964,4.5077230689961,4.38486748295362,0.0959192169790173,0.122855586042486,0,1.13635467986914,4,4,20,6.93889390390723e-18,20,2
3,18,3,24,24,24,4.21047308514862,4.09685554908607,-0.113617536062543,4.32692677577643,3.99682721601354,0.23007122669036,0.330099559762892,0,1.15866570950094,4,4,20,6.93889390390723e-18,20,1
3,19,4,24,24,24,4.00074100391279,4.56584108266074,0.565100078747951,4.02596660048221,3.80473615853888,-0.539874482178534,0.221230441943328,0,1.2165561422688,4,4,20,6.93889390390723e-18,21,3
3,20,4,24,24,24,4.42563072092646,4.30049010491354,-0.12514061601292,4.30049010491354,4.30049010491352,0,2.30926389122033e-14,0,1.16178747572306,4,4,20,6.93889390390723e-18,20,0
3,21,4,24,24,24,4.02464206286013,4.01975025390219,-0.00489180895793773,4.22226079105832,4.19722965076994,0.202510537156128,0.0250311402883758,0,1.16406740015201,4,4,20,6.93889390390723e-18,20,3
3,22,4,24,24,24,3.64944009220464,5.09448323375374,1.4450431415491,4.58362092907158,4.15621122270428,-0.510862304682162,0.427409706367298,0,1.19032666709892,5,4,20,6.93889390390723e-18,20,4
3,23,4,24,24,24,4.92106980898755,4.9961873390277,0.0751175300401474,5.07544474900413,5.03355923547347,0.0792574099764307,0.0418855135306613,0,1.07605298567233,5,5,20,6.93889390390723e-18,20,2
3,24,4,24,24,24,3.51432140532054,3.81994640717036,0.305625001849819,4.83739761419706,4.47679864300252,1.0174512070267,0.360598971194541,0,1.15320402139576,4,4,20,6.93889390390723e-18,20,0
3,25,5,24,24,24,4.307620382189,4.59964922985899,0.292028847669988,3.81187507072018,3.46823247687987,-0.78777415913881,0.343642593840305,0,1.31819403369931,4,3,20,6.93889390390723e-18,21,4
3,26,5,24,24,24,4.86189853276624,4.95028809750666,0.0883895647404156,4.95028809750666,4.95028809750666,0,-2.66453525910038e-15,0,1.11592773827631,5,5,20,6.93889390390723e-18,20,0
3,27,5,24,24,24,4.74563469159886,5.1616473000199,0.416012608421041,5.07528302285609,5.02296025840371,-0.0863642771638053,0.0523227644523834,0,1.11551018285459,5,5,20,6.93889390390723e-18,20,2
3,28,5,24,24,24,4.60539233463088,5.12896755017455,0.523575215543668,5.20239123392294,5.08083856122495,0.0734236837483913,0.121552672697987,0,1.05458993155001,5,5,20,6.93889390390723e-18,20,5
3,29,5,24,24,24,2.82148742251274,4.33347024013795,1.51198281762521,5.08721468319899,5.05089245306677,0.753744443061046,0.0363222301322264,0,1.09281289982838,4,5,20,6.93889390390723e-18,20,0
3,30,5,24,24,24,3.89464967776061,3.53194124305124,-0.362708434709367,4.09097348794881,3.93219757327753,0.55903224489757,0.158775914671282,0,1.16306970528138,3,4,20,6.93889390390723e-18,21,3
3,31,6,24,24,24,4.61718759987803,4.17157658576611,-0.445611014111915,5.02129025994713,4.88896640219509,0.849713674181019,0.132323857752038,0,1.11731400000001,4,5,20,6.93889390390723e-18,20,0
3,32,6,24,24,24,4.6457285083257,5.15799135986462,0.512262851538924,4.83749454989015,4.67945345799354,-0.320496809974469,0.158041091896618,0,1.17612000000001,5,4,20,6.93889390390723e-18,20,2
3,33,6,24,24,24,4.13121445088204,4.66746676841467,0.536252317532633,5.12537071770321,5.12138670749963,0.457903949288537,0.00398401020358552,0,1.11731400000001,4,5,20,6.93889390390723e-18,20,4
3,34,6,24,24,24,2.95777075738436,4.33692298750643,1.37915223012207,4.5356631182022,4.30819361077126,0.198740130695768,0.227469507430942,0,1.17432374510478,4,4,20,6.93889390390723e-18,20,5
3,35,6,24,24,24,3.64582624680667,4.37940982620163,0.733583579394961,4.36781246575231,3.93493871476433,-0.0115973604493265,0.432873750987974,0,1.17330427367015,4,4,20,6.93889390390723e-18,20,1
3,36,6,24,24,24,3.68619718312678,5.10562297259666,1.41942578946988,4.82213048631239,3.58039899780497,-0.283492486284276,1.24173148850742,0,1.1826814100623,5,3,20,6.93889390390723e-18,20,1
4,1,1,24,24,24,2.13187896915302,2.13187896915302,0,2.31377352206796,2.28019258731204,0.181894552914939,0.0335809347559239,0,1.25589076493871,2,2,24,6.93889390390723e-18,23,2
4,2,1,24,24,24,1.45144596871693,1.45144596871693,0,1.91954770774495,1.88356217370674,0.468101739028023,0.035985534038218,0,1.27422485530911,1,2,24,6.93889390390723e-18,23,2
4,3,1,24,24,24,1.36314711400265,1.36314711400265,0,1.41487763181681,1.39138764855987,0.0517305178141607,0.0234899832569426,0,1.30609728992498,1,1,24,6.93889390390723e-18,24,0
4,4,1,24,24,24,1.52896261114874,2.98806464706328,1.45910203591453,1.71472482958223,1.58485610819817,-1.27333981748104,0.129868721384064,0,1.38517774732143,3,1,22,6.93889390390723e-18,24,0
4,5,1,24,24,24,2.32268803366449,2.30566190880638,-0.0170261248581052,2.67168942064544,2.556549612123,0.366027511839061,0.115139808522441,0,1.28079468,2,2,22,6.93889390390723e-18,23,2
4,6,1,24,24,24,2.32708498038299,2.32708498038299,0,2.38389321772044,2.31375785094461,0.0568082373374428,0.0701353667758227,0,1.25395678441956,2,2,24,6.93889390390723e-18,23,0
4,7,2,24,24,24,5.11183426474575,5.10755246213375,-0.00428180261200506,5.15499171182672,5.04304769989985,0.0474392496929763,0.11194401192687,0,1.10614086,5,5,20,6.93889390390723e-18,20,2
4,8,2,24,24,24,5.01913626338408,5.1342293032879,0.115093039903821,5.17083624125334,4.99507366117997,0.0366069379654421,0.175762580073368,0,1.02134876075136,5,5,20,6.93889390390723e-18,20,6
4,9,2,24,24,24,4.78159829001341,5.09876205846974,0.31716376845633,5.12349452590731,5.10817620592316,0.0247324674375751,0.0153183199841544,0,1.06047189394201,5,5,20,6.93889390390723e-18,20,5
4,10,2,24,24,24,4.03319599154802,4.51800647085523,0.484810479307208,5.08125560928014,4.10197383317166,0.563249138424915,0.979281776108483,0.00904015805880309,1.06459237158704,4,4,20,6.93889390390723e-18,20,1
4,11,2,24,24,24,4.02290949839546,5.09672524187252,1.07381574347707,4.79021446368098,4.5514121447527,-0.30651077819155,0.238802318928276,0,1.16435880000001,5,4,20,6.93889390390723e-18,20,0
4,12,2,24,24,24,5.08249830326764,5.1598687548431,0.0773704515754616,5.1375016045737,5.01569914894328,-0.0223671502694014,0.121802455630415,0,1.10614086,5,5,20,6.93889390390723e-18,20,1
4,13,3,24,24,24,3.99749021739437,4.44739871841117,0.449908501016797,4.5152448575957,4.28294482715183,0.0678461391845326,0.232300030443877,0,1.09587572258069,4,4,20,6.93889390390723e-18,20,6
4,14,3,24,24,24,5.04431258882302,4.94982980749215,-0.0944827813308677,4.70281018840758,4.20199565189201,-0.247019619084568,0.500814536515572,0,1.11515033257975,5,4,20,6.93889390390723e-18,20,0
4,15,3,24,24,24,5.03094614953105,4.9563440950234,-0.0746020545076522,4.95274633548219,4.91134329401832,-0.00359775954121222,0.0414030414638695,0,1.08374610981528,5,5,21,6.93889390390723e-18,20,1
4,16,3,24,24,24,3.67858368366612,4.40506801945386,0.726484335787747,4.94109255363676,4.64030853884311,0.536024534182895,0.300784014793646,0,1.13374027116962,4,4,20,1.38777878078145e-17,20,4
4,17,3,24,24,24,4.34101880812408,4.59977714640603,0.258758338281951,4.55667704610956,4.13891373982944,-0.0431001002964733,0.417763306280122,0,1.1259700391153,4,4,20,6.93889390390723e-18,20,4
4,18,3,24,24,24,3.95685894385341,4.55296534442145,0.596106400568038,4.65638162803061,3.86485198424457,0.103416283609165,0.791529643786042,0,1.12876552392524,4,4,20,6.93889390390723e-18,20,3
4,19,4,24,24,24,3.76668879695349,3.36159776735555,-0.40509102959794,4.11943039496699,3.56670676019203,0.757832627611437,0.552723634774962,0,1.60632988772361,3,3,20,6.93889390390723e-18,20,4
4,20,4,24,24,24,4.25748520386438,3.73192651859644,-0.525558685267946,3.46841397554845,3.19420251611096,-0.263512543047986,0.274211459437495,0,1.39408663147668,4,3,20,6.93889390390723e-18,21,7
4,21,4,24,24,24,4.15525735426224,5.1047285121063,0.949471157844057,4.5606219106792,4.46644256063462,-0.544106601427094,0.0941793500445804,0,1.15071036345525,5,4,20,6.93889390390723e-18,20,3
4,22,4,24,24,24,4.11464911047724,4.14746516941207,0.032816058934829,5.04321366285478,4.96129900825879,0.895748493442712,0.0819146545959866,0,1.05293007266089,4,5,20,6.93889390390723e-18,20,6
4,23,4,24,24,24,4.98322364311873,4.83338633422615,-0.149837308892587,4.43077429278583,4.30477940971471,-0.402612041440319,0.125994883071121,0,1.14518863200334,5,4,20,6.93889390390723e-18,20,7
4,24,4,24,24,24,4.43203065657249,4.40355519302745,-0.0284754635450462,4.74000999612282,4.6686819908806,0.336454803095369,0.0713280052422149,0,1.12251491475421,4,4,20,6.93889390390723e-18,20,1
4,25,5,24,24,24,3.43355015211107,3.67473245435226,0.241182302241183,4.97469303875046,4.86662259917178,1.29996058439821,0.108070439578682,0,1.07629515199158,3,5,20,6.93889390390723e-18,20,3
4,26,5,24,24,24,4.90078521653159,5.15391229187762,0.253127075346031,4.63977587257678,4.56023197586191,-0.514136419300839,0.0795438967148714,0,1.12841493012548,5,4,20,6.93889390390723e-18,20,4
4,27,5,24,24,24,4.97273065581967,5.15476200686848,0.182031351048811,5.15428806467565,5.15167305673289,-0.000473942192829035,0.00261500794276071,0,1.10458216525039,5,5,20,6.93889390390723e-18,20,2
4,28,5,24,24,24,5.0300301756127,5.04495006239733,0.0149198867846305,5.15791271919355,5.12582384615773,0.112962656796214,0.0320888730358151,0,1.09252889858149,5,5,20,6.93889390390723e-18,20,2
4,29,5,24,24,24,5.0003835285361,4.97821067974522,-0.0221728487908761,5.03506595209944,4.5490420712971,0.0568552723542162,0.486023880802342,0,1.1099002617704,5,4,20,6.93889390390723e-18,20,1
4,30,5,24,24,24,3.89287559754475,5.09672212495755,1.2038465274128,5.03169063383965,4.95820367973655,-0.0650314911179022,0.0734869541031049,0,1.08358001557909,5,5,20,6.93889390390723e-18,20,0
4,31,6,24,24,24,4.84007673817314,4.7136491617643,-0.126427576408843,3.62685231569352,3.19553110856856,-1.08679684607078,0.431321207124963,0,1.2220390240183,4,3,20,6.93889390390723e-18,21,1
4,32,6,24,24,24,4.6326589234136,5.14337174513843,0.510712821724826,4.98163956162959,4.74320940781955,-0.161732183508834,0.238430153810045,0,1.16435880000001,5,4,20,6.93889390390723e-18,20,0
4,33,6,24,24,24,5.07017284042463,4.9727882899329,-0.0973845504917241,5.12398635743201,5.09327254073912,0.151198067499101,0.030713816692888,0,1.10614086,5,5,20,6.93889390390723e-18,20,0
4,34,6,24,24,24,4.26511167466355,3.78718609116412,-0.477925583499432,4.76913033730312,4.616842633498,0.981944246139007,0.152287703805126,0,1.10255405440847,4,4,20,6.93889390390723e-18,20,7
4,35,6,24,24,24,3.89558932761669,4.42045129366641,0.524861966049721,4.10122844884656,3.62633278947223,-0.319222844819846,0.474895659374337,0,1.30819223614375,4,3,20,6.93889390390723e-18,21,3
4,36,6,24,24,24,3.54459500782692,3.23819616246409,-0.306398845362827,4.04259711249669,3.41066950219229,0.804400950032593,0.631927610304398,0,1.29697649045807,3,3,20,6.93889390390723e-18,21,1
5,1,1,24,24,24,2.25739066143892,2.25739066143892,0,2.284140796781,2.27424206855755,0.0267501353420849,0.00989872822345639,0,1.23504749082232,2,2,24,6.93889390390723e-18,23,3
5,2,1,24,24,24,1.86472655196967,1.86472655196967,2.22044604925031e-16,2.20848253729139,2.19952621424133,0.343755985321718,0.00895632305005423,0,1.24413033912932,2,2,24,6.93889390390723e-18,23,0
5,3,1,24,24,24,1.37747377207427,1.37747377207427,0,1.66786064929216,1.63746888843626,0.290386877217894,0.0303917608559001,0,1.30855110731649,1,1,24,0,24,0
5,4,1,24,24,24,1.56900754711619,3.12334402366517,1.55433647654899,1.78598817637956,1.64632166720018,-1.33735584728561,0.139666509179381,0,1.37497416513767,3,1,22,6.93889390390723e-18,24,0
5,5,1,24,24,24,2.53098411600177,3.24359337821702,0.712609262215247,3.18730766195376,3.17890331303571,-0.0562857162632557,0.00840434891805186,0,1.20152601634307,3,3,22,6.93889390390723e-18,22,2
5,6,1,24,24,24,2.29062027243517,2.29062027243517,-4.44089209850063e-16,3.19076566785045,2.97752838024184,0.900145395415286,0.213237287608614,0,1.14090946326455,2,3,24,1.11022302462516e-16,22,4
5,7,2,24,24,24,4.99261722290086,4.96018087854691,-0.0324363443539522,4.88808485243614,4.47993764585418,-0.0720960261107724,0.408147206581954,0,1.15271521200001,5,4,20,6.93889390390723e-18,20,2
5,8,2,24,24,24,4.94512292456817,4.93923552750959,-0.00588739705858732,4.96371160084134,4.64426161939556,0.0244760733317513,0.319449981445781,0,1.10470700742109,5,4,20,6.93889390390723e-18,20,2
5,9,2,24,24,24,5.05709444386393,5.10574528373627,0.0486508398723462,5.04634640423666,4.91661734877406,-0.0593988794996099,0.129729055462602,0,1.0191237193968,5,5,20,6.93889390390723e-18,20,2
5,10,2,23,23,24,4.05200433836173,4.11140291343645,0.0593985750747148,5.08706589246423,5.07844188799761,0.975662979027788,0.0086240044666237,0,1.04258684338484,4,5,20,6.93889390390723e-18,20,2
5,11,2,24,24,24,4.50589802330517,4.5874156487155,0.0815176254103234,4.17527479512968,4.12344445038599,-0.412140853585813,0.0518303447436939,0.00529968793012792,1.06303287821557,4,4,20,6.93889390390723e-18,21,1
5,12,2,24,24,24,4.96554215745385,4.76639877132443,-0.199143386129418,4.67007054517604,4.26957489708641,-0.0963282261483922,0.400495648089628,0,1.15271521200001,4,4,20,6.93889390390723e-18,20,0
5,13,3,24,24,24,4.24011537888031,5.0539181697104,0.813802790830093,4.78619562378838,4.58492798745628,-0.267722545922017,0.2012676363321,0,1.0588967298441,5,4,20,6.93889390390723e-18,20,5
5,14,3,24,24,24,4.15997569537309,3.72564566469433,-0.434330030678764,4.96461287098727,4.92445870525431,1.23896720629294,0.0401541657329565,0,1.0284363129937,3,5,20,6.93889390390723e-18,20,4
5,15,3,24,24,24,4.86222986107814,4.69100089077592,-0.171228970302216,4.08811668413291,3.53316600757784,-0.602884206643012,0.554950676555076,0,1.44517550565351,4,3,21,6.93889390390723e-18,21,0
5,16,3,24,24,24,4.59390545345468,4.67456561875894,0.0806601653042538,4.68441699666693,4.13619850495929,0.00985137790799673,0.548218491707641,0,1.0419852679527,4,4,21,1.38777878078145e-17,20,2
5,17,3,24,24,24,4.09752460243114,5.05064047061202,0.953115868180873,4.88961367714753,4.09716193091006,-0.161026793464484,0.792451746237472,0,1.10472156983794,5,4,20,6.93889390390723e-18,20,3
5,18,3,24,24,24,3.82620346440212,4.35424781057982,0.528044346177698,4.96465542850913,4.93685548978256,0.610407617929308,0.0277999387265666,0,1.05131402094966,4,5,20,6.93889390390723e-18,20,4
5,19,4,24,24,24,3.53103969259011,4.43284788964921,0.901808197059103,4.47410294806635,4.08662336239054,0.0412550584171401,0.387479585675806,0,1.09585586597078,4,4,20,6.93889390390723e-18,20,0
5,20,4,24,24,24,3.16226049094985,5.05891144672863,1.89665095577878,4.72655846333744,4.37171324313131,-0.33235298339119,0.354845220206134,0,1.08241121429465,5,4,20,6.93889390390723e-18,20,0
5,21,4,24,24,24,4.42177813502828,4.71363116503618,0.291853030007898,5.00721446323765,4.96423975755742,0.293583298201479,0.042974705680237,0,1.071699028896,4,5,20,6.93889390390723e-18,20,3
5,22,4,24,24,24,4.91168601817621,4.97659718550602,0.0649111673298126,4.82888004381064,4.68152087042707,-0.147717141695376,0.147359173383573,0,1.14726306459583,5,4,20,6.93889390390723e-18,20,4
5,23,4,24,24,24,4.26173161561756,4.26702552121104,0.0052939055934802,4.88005689888251,4.801912255625,0.613031377671473,0.0781446432575104,0,1.10052995070982,4,4,20,6.93889390390723e-18,20,3
5,24,4,24,24,24,4.6219951709718,4.53558413353281,-0.0864110374389906,4.36211635566294,4.240296054798,-0.173467777869864,0.121820300864945,0,1.11687730712195,4,4,20,6.93889390390723e-18,20,4
5,25,5,24,24,24,4.81795637318006,4.91032686347317,0.0923704902931073,4.80002243597888,4.23740722868719,-0.110304427494289,0.562615207291694,0,1.10722046943159,5,4,20,6.93889390390723e-18,20,3
5,26,5,24,24,24,4.51462965610329,5.09324901733124,0.578619361227947,5.00835316598701,4.73438461165394,-0.0848958513442355,0.273968554333062,0,1.11895214233564,5,4,20,6.93889390390723e-18,20,4
5,27,5,24,24,24,5.10015632616556,5.10818021937415,0.00802389320858854,5.100420679447,5.06343454012494,-0.0077595399271484,0.0369861393220603,0,1.06317587712848,5,5,20,6.93889390390723e-18,20,2
5,28,5,24,24,24,5.07456560769615,4.99815491638697,-0.0764106913091815,5.11678880946957,4.91434042392966,0.118633893082601,0.202448385539919,0,0.970882571555885,5,5,20,6.93889390390723e-18,20,7
5,29,5,24,24,24,4.50355165058413,4.49343713844802,-0.0101145121361057,4.91716617816044,4.81306048863375,0.42372903971242,0.104105689526691,0,1.12165910215476,4,4,20,6.93889390390723e-18,20,6
5,30,5,24,24,24,4.90862164293918,4.71332115000633,-0.195300492932853,4.59849676613897,4.04061395007052,-0.114824383867357,0.557882816068456,0,1.10534266416961,4,4,20,6.93889390390723e-18,20,3
5,31,6,24,24,24,3.16357579748287,3.50209320614656,0.338517408663685,4.03452072181693,3.56902380100012,0.532427515670377,0.465496920816809,0.00160311970878446,1.14506630007592,3,3,20,6.93889390390723e-18,21,1
5,32,6,24,24,24,4.69577731374135,4.93583275679253,0.240055443051175,4.11424572072862,3.54084522704586,-0.821587036063907,0.573400493682763,0,1.54287012044603,5,3,20,6.93889390390723e-18,20,2
5,33,6,24,24,24,5.04233981533173,5.10129656472331,0.0589567493915881,5.01968898355746,4.76679462285452,-0.0816075811658585,0.252894360702935,0,1.152715212,5,4,20,6.93889390390723e-18,20,0
5,34,6,24,24,24,4.57067420716302,5.06563217801429,0.494957970851274,5.14167621888773,4.98416733532204,0.0760440408734393,0.157508883565693,0,1.01571538064076,5,5,20,6.93889390390723e-18,20,3
5,35,6,24,24,24,3.5900694615775,3.14587698017107,-0.444192481406431,4.95963370046352,4.94996706165721,1.81375672029244,0.00966663880630581,0,1.04156749427078,3,5,20,6.93889390390723e-18,20,1
5,36,6,24,24,24,3.37656280717037,4.24768082106399,0.871118013893624,3.53583254034772,2.93524462389196,-0.711848280716271,0.600587916455755,0,1.24858193379431,4,3,20,6.93889390390723e-18,22,0
6,1,1,24,24,24,2.25149964787197,2.21108152751526,-0.0404181203567084,2.63304728441069,2.52423656958746,0.421965756895426,0.108810714823232,0,1.18071366619323,2,2,23,6.93889390390723e-18,23,1
6,2,1,24,24,24,2.17753095209892,2.17753095209892,0,2.20622444646312,2.19669727037935,0.0286934943642012,0.00952717608377185,0,1.18742110607449,2,2,24,1.11022302462516e-16,23,2
6,3,1,24,24,24,1.6210941995519,1.6210941995519,0,2.06567780487819,2.04973918265268,0.444583605326288,0.0159386222255047,0,1.23271229864594,1,2,24,6.93889390390723e-18,23,1
6,4,1,24,24,24,1.62985845052818,1.40631721778554,-0.223541232742636,1.5414700942757,1.47923947614467,0.135152876490158,0.0622306181310281,0,1.27343244156965,1,1,22,6.93889390390723e-18,24,2
6,5,1,24,24,24,3.14711427990536,3.24572907135367,0.0986147914483189,2.56981211632372,2.38049369835424,-0.675916955029959,0.189318417969477,0,1.23505945068998,3,2,22,6.93889390390723e-18,22,2
6,6,1,24,24,24,2.94775309643942,2.94775309643942,0,3.30111672856958,3.218996982153,0.353363632130157,0.0821197464165819,0,1.16717440602075,3,3,24,1.11022302462516e-16,22,1
6,7,2,24,24,24,4.43513826939564,4.45854468925901,0.0234064198633703,4.43148908730122,4.12490761058484,-0.0270556019577874,0.306581476716377,0,1.14118805988,4,4,20,6.93889390390723e-18,21,0
6,8,2,24,24,24,4.5978190032016,5.07839989621943,0.480580893017823,4.81966228386233,4.39480528389266,-0.258737612357097,0.424856999969665,0,1.03407481232992,5,4,20,6.93889390390723e-18,20,6
6,9,2,24,24,24,4.86745117528632,5.06529669729537,0.197845522009044,5.07829659359004,5.05952946567639,0.0129998962946756,0.0187671279136516,0,1.02029979499255,5,5,20,6.93889390390723e-18,20,5
6,10,2,24,24,24,5.02765746911764,5.08574218256013,0.0580847134424936,5.07163346650681,5.06950992173059,-0.0141087160533271,0.00212354477621624,0,1.0137186141233,5,5,20,6.93889390390723e-18,20,2
6,11,2,23,23,24,4.0769633148313,4.10942280401764,0.0324594891863352,5.05568968824427,5.04083552673077,0.946266884226632,0.0148541615135009,0,1.03232316021519,4,5,20,6.93889390390723e-18,20,2
6,12,2,24,24,24,4.22687914811555,4.38228231197004,0.155403163854485,4.15026579567518,4.14773423179866,-0.232016516294852,0.00253156387651998,0,1.09224066641226,4,4,20,6.93889390390723e-18,21,1
6,13,3,24,24,24,4.53907870758172,4.84456692204727,0.305488214465547,4.88676181701508,4.72639486641564,0.0421948949678139,0.160366950599443,0,1.00302030412321,4,4,20,6.93889390390723e-18,20,5
6,14,3,24,24,24,4.87521411820177,5.07086262752427,0.195648509322497,4.99203277891374,4.95478581645207,-0.0788298486105239,0.0372469624616771,0,0.991254442091715,5,5,20,6.93889390390723e-18,20,3
6,15,3,24,24,24,3.49783434750206,4.12519051783021,0.627356170328153,5.05629950423675,5.02397660960236,0.931108986406538,0.0323228946343868,0,1.02177462534779,4,5,21,1.11022302462516e-16,20,2
6,16,3,24,24,24,4.0948365199097,4.50618186327666,0.411345343366959,4.24509114907219,4.05635147922172,-0.261090714204467,0.188739669850475,0,1.11374193360301,4,4,20,6.93889390390723e-18,21,2
6,17,3,24,24,24,4.05619031160096,5.0432906431906,0.987100331589637,4.8433673922307,4.77733113602521,-0.1999232509599,0.066036256205483,0,1.04184775153473,5,4,20,6.93889390390723e-18,20,3
6,18,3,24,24,24,4.88748693488474,4.90913318553985,0.0216462506551141,5.01981961479288,4.97533165860653,0.110686429253025,0.044487956186348,0,1.02907757511948,5,5,20,6.93889390390723e-18,20,2
6,19,4,24,24,24,4.04575712876664,3.62721031054053,-0.418546818226112,4.376468992747,4.01336460545885,0.749258682206474,0.363104387288153,0,0.985429260160357,3,4,20,6.93889390390723e-18,20,5
6,20,4,24,24,24,4.3279961107,4.61546965368957,0.287473542989575,4.11324305566654,3.13504313670279,-0.502226598023033,0.978199918963754,0,1.38003279161428,4,3,20,6.93889390390723e-18,20,4
6,21,4,24,24,24,4.91459735998184,4.95745827413066,0.0428609141488163,4.75547306539976,4.48050281925273,-0.201985208730896,0.274970246147038,0,1.08231535103524,5,4,20,6.93889390390723e-18,20,0
6,22,4,24,24,24,4.6347056617228,3.88834058789988,-0.746365073822923,3.611546804231,3.28608254360115,-0.276793783668879,0.325464260629846,0,1.82564953036546,4,3,20,6.93889390390723e-18,20,1
6,23,4,24,24,24,4.75389313306875,4.68431570640323,-0.0695774266655178,4.2030472903789,4.12165556660658,-0.481268416024334,0.0813917237723221,0,1.1058540116178,4,4,20,6.93889390390723e-18,20,8
6,24,4,24,24,24,4.19789309425002,4.63668515138058,0.43879205713056,4.67384756889129,4.22812346858473,0.0371624175107144,0.445724100306568,0,1.09276736841825,4,4,20,6.93889390390723e-18,20,2
6,25,5,24,24,24,4.19503315640031,4.11570895496229,-0.0793242014380287,3.98717192516951,3.62047831729506,-0.128537029792778,0.366693607874449,0,1.10964484556766,4,3,20,6.93889390390723e-18,21,2
6,26,5,24,24,24,4.6870407655374,5.09407281059183,0.40703204505443,4.77747737537064,4.53407177358448,-0.316595435221193,0.243405601786164,0,1.09438199754079,5,4,20,6.93889390390723e-18,20,1
6,27,5,24,24,24,5.01280019472369,5.02513090059759,0.0123307058739019,5.0882165557341,4.8876593286325,0.0630856551365042,0.200557227101598,0,1.04744825575716,5,5,20,6.93889390390723e-18,20,1
6,28,5,24,24,24,4.86519701969036,4.9075229498162,0.0423259301258403,4.98967377674881,4.84123123851333,0.082150826932609,0.148442538235483,0,1.01436079521434,5,4,20,6.93889390390723e-18,20,5
6,29,5,24,24,24,4.76492988374741,5.04785207325269,0.282922189505276,4.97431542557546,4.92066562328275,-0.073536647677229,0.0536498022927097,0,0.980093821397421,5,5,21,2.22044604925031e-16,20,3
6,30,5,24,24,24,4.00020781056981,3.97412099688964,-0.0260868136801751,5.01746749610285,4.9931730120472,1.04334649921321,0.0242944840556465,0,1.04484608427328,4,5,20,6.93889390390723e-18,20,2
6,31,6,23,23,24,3.53174647447843,4.13203702914173,0.600290554663308,4.77533878189519,4.7107333288375,0.643301752753458,0.0646054530576903,0,1.12483938497534,4,4,20,6.93889390390723e-18,20,0
6,32,6,24,24,24,3.5054367747754,3.73134246765803,0.225905692882636,4.16393952381942,4.14947762682491,0.432597056161385,0.0144618969945123,0,1.11659852007909,4,4,20,6.93889390390723e-18,21,1
6,33,6,24,24,24,4.71912667662598,4.58467356878539,-0.13445310784059,4.19553148392389,3.76832078962284,-0.389142084861496,0.427210694301055,0,1.13673748767295,4,4,20,6.93889390390723e-18,20,2
6,34,6,24,24,24,4.93432566196882,4.96811275193403,0.0337870899652124,4.7211677197622,4.2192685957538,-0.246945032171829,0.501899124008399,0,1.05462197921207,5,4,20,6.93889390390723e-18,20,2
6,35,6,24,24,24,4.90046739104064,5.07801278753575,0.177545396495111,5.02604935938974,3.47458910295593,-0.0519634281460135,1.55146025643381,0,1.20432098489948,5,3,20,6.93889390390723e-18,20,1
6,36,6,24,24,24,2.90589217765304,4.88821418674018,1.98232200908713,5.07426747006945,5.05203244641133,0.18605328332927,0.0222350236581157,0,1.03791659984121,5,5,20,6.93889390390723e-18,20,0
7,1,1,24,24,24,2.49899420389158,3.19968233169368,0.700688127802099,3.23394376841767,3.12365375980169,0.0342614367239866,0.110290008615975,0,1.14182941650646,3,3,23,6.93889390390723e-18,22,2
7,2,1,24,24,24,2.17473029767556,2.17473029767556,0,2.70935070151166,2.47729439521565,0.534620403836104,0.232056306296005,0,1.28366155893154,2,2,24,6.93889390390723e-18,23,0
7,3,1,24,24,24,2.02924179082616,2.02924179082616,0,2.15093000830955,2.14123730855499,0.121688217483391,0.00969269975455855,0,1.18379953265723,2,2,24,1.11022302462516e-16,23,0
7,4,1,24,24,24,1.46444708138322,2.2317732293647,0.767326147981476,2.09375087977186,2.00279903640568,-0.138022349592837,0.0909518433661876,0,1.21727637752064,2,2,22,6.93889390390723e-18,23,0
7,5,1,24,24,24,2.3566887613707,3.20513613947698,0.84844737810628,2.64388442904348,2.52319141191117,-0.561251710433498,0.120693017132305,0,1.22365743938033,3,2,22,6.93889390390723e-18,23,2
7,6,1,24,24,24,3.18680701233147,3.18680701233147,0,3.23607022764738,3.1241632427748,0.0492632153159138,0.111906984872575,0,1.10427663717869,3,3,24,1.11022302462516e-16,22,4
7,7,2,24,24,24,4.083658534479,4.73642458036482,0.652766045885822,4.19134722781546,4.18181064279452,-0.545077352549353,0.00953658502094257,0,1.11209726733406,4,4,20,6.93889390390723e-18,21,1
7,8,2,24,24,24,4.35085723105374,4.18463786913587,-0.166219361917867,4.6127096783834,4.15778935307246,0.428071809247532,0.454920325310941,0,1.02849764495847,4,4,20,6.93889390390723e-18,21,2
7,9,2,24,24,24,5.00893417101963,4.9969652275105,-0.0119689435091255,4.53625312699255,4.27401986024568,-0.460712100517953,0.262233266746868,0,1.02886519390202,5,4,20,6.93889390390723e-18,20,4
7,10,2,24,24,24,5.01881482251328,5.00947658304675,-0.00933823946652979,5.00609676225096,4.95083062611648,-0.00337982079578936,0.0552661361344802,0,1.00313065361113,5,5,20,6.93889390390723e-18,20,2
7,11,2,24,24,24,4.99042717146346,4.97639699082589,-0.0140301806375742,5.0015932328365,4.95386463728354,0.0251962420106127,0.0477285955529556,0,1.0069729232789,5,5,20,6.93889390390723e-18,20,3
7,12,2,24,24,24,4.10625688948068,4.12939950496317,0.0231426154824881,4.12939950496317,4.12939950496346,0,-2.91322521661641e-13,0,1.07414076302822,4,4,20,6.93889390390723e-18,21,0
7,13,3,24,24,24,4.67913091775148,4.59633543232387,-0.0827954854276154,4.84324970677074,4.65606934387315,0.24691427444687,0.187180362897592,0,1.04108251892308,4,4,20,6.93889390390723e-18,20,2
7,14,3,24,24,24,4.90523795828755,4.95227363871454,0.0470356804269985,4.75278001496509,4.72447019028806,-0.199493623749452,0.0283098246770326,0,1.00151554919448,5,4,20,6.93889390390723e-18,20,3
7,15,3,24,24,24,4.97373684350634,4.84980716464825,-0.123929678858093,4.9591508820354,4.78378858171429,0.109343717387159,0.175362300321117,0,1.04208143160269,4,4,20,6.93889390390723e-18,20,2
7,16,3,24,24,24,4.0157879644295,3.5410576195012,-0.474730344928299,4.66530240544492,4.46192147844132,1.12424478594372,0.2033809270036,0,1.03788421749267,3,4,21,1.38777878078145e-17,20,4
7,17,3,24,24,24,4.72955782466496,5.02272720274367,0.293169378078703,4.55392761537438,4.37279050090562,-0.468799587369282,0.181137114468765,0,1.03737857358146,5,4,20,6.93889390390723e-18,20,4
7,18,3,24,24,24,4.92557834202046,4.92985196299126,0.00427362097080053,5.02333717694981,4.99847265045714,0.0934852139585507,0.0248645264926726,0,0.982353596391222,5,5,20,6.93889390390723e-18,20,3
7,19,4,24,24,24,3.97323095940426,4.47864243736089,0.505411477956629,4.57764629666952,3.92748315342193,0.0990038593086329,0.650163143247591,0,1.04081795516028,4,4,20,6.93889390390723e-18,20,2
7,20,4,24,24,24,3.10369270533576,4.97444139747491,1.87074869213915,4.71961397802627,2.99378144943252,-0.254827419448636,1.72583252859375,0,1.02498589173257,5,3,20,6.93889390390723e-18,20,1
7,21,4,24,24,24,4.4356977910602,4.1654434650346,-0.270254326025602,4.89592423429126,4.71052041779581,0.730480769256667,0.185403816495454,0,1.05834105264188,4,4,20,6.93889390390723e-18,20,0
7,22,4,24,24,24,3.25322171816514,3.02301408485039,-0.230207633314752,3.91520720187241,3.06793893551059,0.892193117022019,0.847268266361817,0,1.3460805788848,3,3,20,6.93889390390723e-18,20,3
7,23,4,24,24,24,4.08043901094051,4.10073257021861,0.0202935592780973,3.34514164065324,3.15304731331433,-0.755590929565374,0.192094327338909,0,1.57017761644357,4,3,20,6.93889390390723e-18,21,4
7,24,4,24,24,24,4.18584223389888,4.62167665185949,0.435834417960614,4.33467094632841,4.28210233588801,-0.287005705531079,0.0525686104404031,0,1.08289548525859,4,4,20,6.93889390390723e-18,20,4
7,25,5,24,24,24,3.58427353412211,3.63189536129693,0.0476218271748223,5.10846844283541,4.96191908186295,1.47657308153848,0.146549360972465,0,0.958929632659915,3,5,20,6.93889390390723e-18,20,4
7,26,5,24,24,24,4.48873105584863,5.06183494841103,0.5731038925624,4.24670816991971,3.50613510221425,-0.815126778491323,0.740573067705459,0,1.05205817408369,5,3,20,6.93889390390723e-18,21,4
7,27,5,24,24,24,4.83878273534618,4.81867700819401,-0.0201057271521714,5.04262615661185,4.62928259130416,0.223949148417844,0.413343565307692,0,1.08314747819338,4,4,20,6.93889390390723e-18,20,1
7,28,5,24,24,24,4.79281892612819,4.9958466701898,0.203027744061608,4.97933511272786,4.07064195701537,-0.0165115574619401,0.90869315571249,0,1.01944926122023,5,4,20,6.93889390390723e-18,20,2
7,29,5,24,24,24,4.87145896704992,4.70841853535707,-0.163040431692854,4.98540503561005,4.9717677129106,0.276986500252986,0.0136373226994566,0,0.947070709638182,4,5,20,6.93889390390723e-18,20,4
7,30,5,24,24,24,4.94324128192673,5.08896339766343,0.145722115736698,5.08896339766343,5.08896339766344,0,-1.06581410364015e-14,0,1.03439762343056,5,5,20,6.93889390390723e-18,20,0
7,31,6,24,24,24,4.66362599554913,5.09138842491079,0.427762429361658,5.00936526101741,4.94008340317233,-0.0820231638933757,0.0692818578450831,0,1.03285178506938,5,5,20,6.93889390390723e-18,20,1
7,32,6,24,24,24,4.10798285055666,4.92098315491484,0.813000304358178,5.07719665022204,4.57518780446319,0.156213495307198,0.502008845758848,0,1.11325231503957,5,4,20,6.93889390390723e-18,20,0
7,33,6,24,24,24,3.73063758172661,3.51819152145191,-0.212446060274701,4.84875293718782,4.83069421939144,1.33056141573591,0.0180587177963805,0,1.122352029633,3,4,21,2.22044604925031e-16,20,1
7,34,6,24,24,24,4.17707590979627,4.56725640190034,0.390180492104074,3.87511131183496,3.24924477428368,-0.692145090065377,0.625866537551278,0,1.16285898676089,4,3,20,6.93889390390723e-18,20,4
7,35,6,24,24,24,3.43984321192637,4.92065126382114,1.48080805189478,4.86461023069497,3.98875771930189,-0.0560410331261743,0.875852511393083,0,1.03945181245899,5,4,20,6.93889390390723e-18,20,3
7,36,6,24,24,24,5.00151212194722,4.92209121754234,-0.0794209044048788,5.0010737813904,4.18439771511334,0.078982563848057,0.816676066277059,0,1.06043024580887,5,4,20,6.93889390390723e-18,20,0
8,1,1,24,24,24,3.09241722220367,3.99313643977315,0.900719217569471,3.31093640724175,3.1233764416843,-0.682200032531394,0.187559965557452,0,1.10189691286251,4,3,23,6.93889390390723e-18,22,1
8,2,1,24,24,24,2.4525214512635,2.4525214512635,4.44089209850063e-16,3.74467209585055,3.67982929281433,1.29215064458705,0.0648428030362211,0,1.12603218267414,2,3,24,6.93889390390723e-18,21,2
8,3,1,24,24,24,2.11982493546944,1.99896950378723,-0.12085543168221,2.28659586794117,2.2040177435013,0.287626364153945,0.0825781244398693,0,1.20796417933053,2,2,23,6.93889390390723e-18,23,0
8,4,1,24,24,24,1.98277104604162,3.07570949090385,1.09293844486223,2.25642653748591,2.18224133069157,-0.819282953417939,0.0741852067943425,0,1.20287332596051,3,2,21,6.93889390390723e-18,23,0
8,5,1,24,24,24,2.49795949779206,2.39686767734081,-0.10109182045125,2.80083366990064,2.7090117746406,0.403965992559831,0.0918218952600474,0,1.33516156343297,2,2,21,6.93889390390723e-18,23,3
8,6,1,24,24,24,3.09292161034706,3.09292161034706,0,2.78957929017135,2.59299570547348,-0.303342320175707,0.196583584697867,0,1.16309631856707,3,2,24,6.93889390390723e-18,22,2
8,7,2,24,24,24,4.13999253636658,4.97138622381602,0.831393687449439,4.35337851596118,4.32991269253861,-0.618007707854834,0.0234658234225682,0,1.09664832578663,5,4,20,6.93889390390723e-18,21,4
8,8,2,24,24,24,4.11621145954174,4.30409697322819,0.18788551368645,4.89926623619886,4.61836176947633,0.595169262970667,0.280904466722525,0,1.07679624267114,4,4,20,6.93889390390723e-18,20,2
8,9,2,24,24,24,4.23127966164323,4.98300756681836,0.751727905175136,4.6125999805624,4.15089899718495,-0.370407586255965,0.46170098337745,0,1.01617943589957,5,4,20,6.93889390390723e-18,20,4
8,10,2,24,24,24,4.90132231985532,4.83345213837245,-0.0678701814828715,4.9662263539059,4.90574370474785,0.132774215533451,0.0604826491580495,0,0.967650166306163,4,5,20,6.93889390390723e-18,20,3
8,11,2,24,24,24,4.90432599091071,5.05104560104507,0.146719610134364,4.9859771967339,4.91503497665315,-0.0650684043111704,0.0709422200807497,0,0.990387609930627,5,5,20,6.93889390390723e-18,20,0
8,12,2,24,24,24,4.08810550991382,4.17894889883236,0.0908433889185352,5.04696933723314,4.63775515508028,0.868020438400777,0.409214182152855,0,1.05693740872368,4,4,20,6.93889390390723e-18,20,0
8,13,3,24,24,24,4.60950865043442,5.02764360391407,0.418134953479649,5.0276357369812,5.00700124152267,-7.86693286425333e-06,0.0206344954585278,0,0.952057086755911,5,5,20,6.93889390390723e-18,20,6
8,14,3,24,24,24,4.67722548838518,4.77113733288403,0.0939118444988543,5.0059827227593,4.93283712701181,0.234845389875264,0.0731455957474907,0,0.956275782439447,4,5,20,6.93889390390723e-18,20,5
8,15,3,24,24,24,4.73595069589715,4.62998935340403,-0.105961342493117,4.74069152051171,4.66250462935998,0.110702167107678,0.0781868911517316,0,1.00012307819625,4,4,20,6.93889390390723e-18,20,3
8,16,3,24,24,24,4.41730226365691,4.99899216170075,0.581689898043841,4.93546562890057,4.57913324045099,-0.0635265328001795,0.356332388449577,0,0.973409552623133,5,4,20,6.93889390390723e-18,20,2
8,17,3,24,24,24,4.32906259589656,4.35721949096628,0.0281568950697215,4.96152741438877,4.9075562748699,0.604307923422487,0.0539711395188709,0,0.951569217250729,4,5,20,6.93889390390723e-18,20,5
8,18,3,24,24,24,4.94848792395257,5.0279415958537,0.0794536719011312,4.93838060851767,4.82852402008926,-0.0895609873360321,0.109856588428406,0,1.02029749586702,5,4,20,6.93889390390723e-18,20,3
8,19,4,24,24,24,3.88820832188771,4.97268342567942,1.08447510379171,5.06462676637444,4.84260749555949,0.0919433406950185,0.222019270814953,0.00953120907497418,0.903451689768941,5,4,20,6.93889390390723e-18,20,8
8,20,4,24,24,24,2.9638436349382,4.60069597082826,1.63685233589006,4.92209997540009,4.69042848493214,0.321404004571828,0.231671490467948,0,1.00555313207747,4,4,20,6.93889390390723e-18,20,4
8,21,4,24,24,24,4.66341521361785,5.01915118523965,0.3557359716218,4.81428585138017,3.85499920476003,-0.20486533385948,0.959286646620138,0,0.993515834447464,5,4,20,6.93889390390723e-18,20,1
8,22,4,24,24,24,3.03725954615549,3.33836573470332,0.30110618854783,5.02683417014262,4.72809082661305,1.68846843543931,0.298743343529575,0,0.970406865548237,3,4,20,6.93889390390723e-18,20,1
8,23,4,24,24,24,3.12151684018118,4.35169858314084,1.23018174295966,3.70547765416219,3.48346064698063,-0.646220928978657,0.222017007181553,0,1.31689470040141,4,3,20,1.38777878078145e-17,21,4
8,24,4,24,24,24,4.23928131252913,5.03871783477276,0.799436522243628,4.77856717359465,4.73076798048634,-0.260150661178105,0.0477991931083137,0,1.05798243369645,5,4,20,6.93889390390723e-18,20,8
8,25,5,24,24,24,4.91229989104432,4.80505049193464,-0.107249399109678,5.07357619880713,4.92685250554266,0.268525706872486,0.146723693264468,0,0.941409363413423,4,5,20,1.38777878078145e-17,20,5
8,26,5,24,24,24,3.47107375119211,4.11799486335784,0.646921112165738,4.67873380270068,3.65667544680149,0.560738939342835,1.02205835589919,0,1.17864113665887,4,3,20,6.93889390390723e-18,20,2
8,27,5,24,24,24,4.58298976539112,5.06240811596003,0.479418350568912,4.63149039094747,4.1623106356382,-0.430917725012561,0.469179755309272,0,1.02142233506661,5,4,20,6.93889390390723e-18,20,0
8,28,5,24,24,24,4.02993553744522,3.94565855684159,-0.0842769806036268,5.08501440345063,4.78762242165359,1.13935584660904,0.297391981797041,0,1.0031795279088,4,4,20,6.93889390390723e-18,20,0
8,29,5,24,24,24,4.92205003578149,4.92874073206108,0.00669069627959118,4.14494635703063,3.92702404783899,-0.783794375030448,0.217922309191638,0,0.965820252175131,5,4,21,6.93889390390723e-18,21,1
8,30,5,24,24,24,5.03807376368681,5.0510600893601,0.0129863256732961,4.96773346274831,4.9448765163145,-0.0833266266117905,0.022856946433814,0,0.951741695583519,5,5,20,6.93889390390723e-18,20,2
8,31,6,24,24,24,4.8906825691406,4.88351453744115,-0.00716803169945024,5.04625695516613,5.0180191734835,0.162742417724976,0.0282377816826322,0,0.999648267325671,5,5,20,6.93889390390723e-18,20,0
8,32,6,24,24,24,4.52943592641855,4.81968906765636,0.29025314123781,4.93394673565393,4.81700479618346,0.114257667997561,0.11694193947047,0,1.08269067481977,4,4,20,6.93889390390723e-18,20,0
8,33,6,24,24,24,4.78238727719752,4.64920187815423,-0.133185399043288,4.77645851702436,4.48875958011832,0.127256638870127,0.287698936906035,0,1.10281618672229,4,4,21,6.93889390390723e-18,20,0
8,34,6,24,24,24,3.21675232654085,4.92377035637331,1.70701802983246,4.83466884027856,4.41522508233942,-0.0891015160947539,0.419443757939134,0,1.00362579483931,5,4,20,6.93889390390723e-18,20,2
8,35,6,24,24,24,3.94887014210887,4.45310948548723,0.504239343378357,4.85594602711006,4.77635192169101,0.402836541622833,0.0795941054190452,0,1.00127265715962,4,4,20,6.93889390390723e-18,20,2
8,36,6,24,24,24,4.1425537379622,5.04457648717851,0.902022749216303,4.92361764896497,3.90876292458895,-0.120958838213538,1.01485472437602,0,1.02979893864499,5,4,20,6.93889390390723e-18,20,0
9,1,1,24,24,24,3.09214267726746,3.933245645565,0.841102968297539,3.54420065225355,3.42828745385495,-0.389044993311445,0.115913198398597,0,1.08236794914866,4,3,22,6.93889390390723e-18,21,2
9,2,1,24,24,24,3.64303099988618,3.64303099988618,0,3.87618408516871,3.81846435232189,0.23315308528253,0.0577197328468215,0,1.08338496447517,3,3,24,1.11022302462516e-16,21,1
9,3,1,24,24,24,2.18197756606629,2.18197756606629,0,3.15144178752195,2.9950695286394,0.969464221455658,0.156372258882546,0,1.11462862679011,2,3,24,6.93889390390723e-18,22,1
9,4,1,24,24,24,2.16041891738465,3.96253957642855,1.8021206590439,2.47875041566233,2.24972198318935,-1.48378916076622,0.22902843247298,0,1.20711660080072,4,2,20,6.93889390390723e-18,23,0
9,5,1,24,24,24,2.68192165689419,3.31527178078294,0.633350123888748,3.72667875224694,3.61575424786895,0.411406971464003,0.11092450437799,0,1.26729785790126,3,3,20,6.93889390390723e-18,21,3
9,6,1,24,24,24,2.56706574841875,3.25269379620794,0.685628047789187,3.31850824965165,3.00901872460992,0.0658144534437168,0.309489525041738,0,1.1490618367162,3,3,23,6.93889390390723e-18,22,2
9,7,2,24,24,24,4.28661356561323,4.7361474801338,0.449533914520575,4.44879914813521,4.064188300674,-0.287348331998587,0.384610847461213,0,1.05256606834667,4,4,20,6.93889390390723e-18,21,3
9,8,2,24,24,24,4.57217815178157,4.62422789603725,0.0520497442556804,4.76924765190617,4.38138330162038,0.145019755868923,0.387864350285795,0,1.01157095358159,4,4,20,6.93889390390723e-18,20,6
9,9,2,24,24,24,4.1093900072131,4.94767649302064,0.838286485807545,4.77981158599378,4.58126226507135,-0.167864907026857,0.198549320922437,0,1.02401490911152,5,4,20,6.93889390390723e-18,20,3
9,10,2,24,24,24,4.85668626770037,5.00670858703331,0.15002231933294,4.97836603040602,4.7560291447763,-0.0283425566272966,0.222336885629721,0,1.00712828370519,5,4,20,6.93889390390723e-18,20,1
9,11,2,24,24,24,4.86588462688662,5.02030426034758,0.154419633460959,5.02369480802286,4.96573632963926,0.00339054767527625,0.0579584783835925,0,0.928389619440499,5,5,20,6.93889390390723e-18,20,4
9,12,2,24,24,24,4.59137760352948,4.29696013939355,-0.294417464135928,4.9745405976418,4.95229846491755,0.677580458248251,0.0222421327242524,0,0.980427363681053,4,5,20,6.93889390390723e-18,20,3
9,13,3,24,24,24,4.95693122910745,4.93828011588891,-0.0186511132185396,5.05081160652583,4.85817105870399,0.112531490636918,0.192640547821834,0,0.898375917167708,5,4,20,6.93889390390723e-18,20,3
9,14,3,24,24,24,4.88350875574169,4.93995864463825,0.0564498888965623,4.94944412003065,4.88140683269887,0.0094854753923963,0.0680372873317756,0,0.988848162014421,5,4,20,6.93889390390723e-18,20,3
9,15,3,24,24,24,4.61587958306637,4.60219035003438,-0.0136892330319975,4.8875235198656,4.73843518584893,0.285333169831223,0.149088334016669,0,0.994002426210304,4,4,21,6.93889390390723e-18,20,1
9,16,3,24,24,24,4.53334190804649,4.94838792987707,0.415046021830587,4.82325476332211,4.51936284478621,-0.125133166554967,0.303891918535895,0,0.974124964390263,5,4,20,6.93889390390723e-18,20,3
9,17,3,24,24,24,4.8584807121212,4.99325223976531,0.134771527644106,4.96332003409336,4.9115767876415,-0.0299322056719511,0.051743246451859,0,0.935560649207551,5,4,20,6.93889390390723e-18,20,4
9,18,3,24,24,24,4.78023877988837,4.99261503373572,0.212376253847348,4.99540523070274,4.98781430476403,0.00279019696702676,0.00759092593871369,0,0.940113048292577,5,5,20,6.93889390390723e-18,20,1
9,19,4,23,23,24,4.78474552361967,4.81785663873012,0.03311111511045,4.72944156715579,4.65055311315814,-0.0884150715743308,0.0788884539976467,0,0.949383015120614,4,4,19,6.93889390390723e-18,20,4
9,20,4,24,24,24,4.64352420008282,4.68658489760187,0.0430606975190475,4.84773459152683,4.81642405256203,0.161149693924965,0.0313105389648083,0,0.934687265504622,4,4,20,6.93889390390723e-18,20,3
9,21,4,24,24,24,3.81644921271243,4.1896755114596,0.373226298747162,4.56235645689892,3.90861247356674,0.372680945439328,0.653743983332184,0,0.985109283455607,4,4,20,6.93889390390723e-18,20,0
9,22,4,24,24,24,4.68080991834692,4.8072982696075,0.126488351260578,4.90477455202259,3.75228324980727,0.0974762824150917,1.15249130221532,0,1.10853439563254,4,4,20,6.93889390390723e-18,20,0
9,23,4,24,24,24,3.44862604051083,3.85655935464957,0.407933314138741,4.66934045004582,4.34672662956313,0.812781095396256,0.322613820482689,0,0.955702942304384,4,4,20,6.93889390390723e-18,20,3
9,24,4,24,24,24,4.68346030068148,4.61046211683983,-0.0729981838416505,4.15939886717418,3.89178626557762,-0.451063249665649,0.267612601596559,0,0.997504794625534,4,4,20,6.93889390390723e-18,20,1
9,25,5,24,24,24,4.87758398048723,4.91278486319069,0.0352008827034558,4.89466833051203,4.76483648587116,-0.0181165326786532,0.129831844640879,0,0.965368472347418,5,4,20,1.38777878078145e-17,20,5
9,26,5,24,24,24,3.62010869233347,4.926019791465,1.30591109913153,4.93364080177431,4.91184949491684,0.00762101030930751,0.021791306857466,0,0.981644892546934,5,4,20,6.93889390390723e-18,20,5
9,27,5,24,24,24,4.12068752928181,4.48532685600165,0.364639326719833,4.91720865057409,3.41953404855508,0.431881794572444,1.49767460201901,0,1.16102790008364,4,3,20,6.93889390390723e-18,20,2
9,28,5,24,24,24,4.73974619743706,4.98092117869758,0.241174981260524,4.86521890816616,4.52956598131974,-0.115702270531418,0.33565292684642,0,0.902091289089078,5,4,21,1.38777878078145e-17,20,4
9,29,5,24,24,24,3.8877538073606,3.92538492442086,0.0376311170602528,4.95946448234462,4.89696608036858,1.03407955792376,0.0624984019760371,0,0.971258790080483,4,4,20,6.93889390390723e-18,20,5
9,30,5,24,24,24,4.89542775115135,4.86449898617046,-0.0309287649808869,4.02677828421979,3.90379985030141,-0.837720701950675,0.122978433918376,0,0.956812335559731,4,4,20,6.93889390390723e-18,21,2
9,31,6,24,24,24,4.96783898174866,4.93995206827563,-0.0278869134730302,4.68301353836044,3.65248091269926,-0.256938529915192,1.03053262566118,0,1.07873694866978,5,3,20,6.93889390390723e-18,20,0
9,32,6,24,24,24,4.76883474822162,4.63073748160787,-0.138097266613751,4.91171197136035,4.77633784074552,0.280974489752476,0.135374130614826,0,1.05053836610658,4,4,20,6.93889390390723e-18,20,1
9,33,6,24,24,24,4.44387198431714,4.20546411431141,-0.238407870005735,4.59727897029042,4.35301836586672,0.391814855979014,0.244260604423696,0,1.07549753906195,4,4,21,6.93889390390723e-18,20,0
9,34,6,24,24,24,4.37107283151603,4.56038811496077,0.189315283444737,4.29944518770265,3.94593728522816,-0.260942927258117,0.353507902474484,0,0.970586416179995,4,4,20,6.93889390390723e-18,21,3
9,35,6,24,24,24,4.7285884024741,4.98376446154661,0.255176059072507,4.86787616649984,4.04140434811212,-0.115888295046773,0.826471818387715,0,0.985936141360277,5,4,20,6.93889390390723e-18,20,4
9,36,6,24,24,24,3.86967529534306,4.20124048118768,0.331565185844617,4.95749488311718,4.79566838938204,0.756254401929504,0.16182649373514,0,0.996091974984576,4,4,20,6.93889390390723e-18,20,1
10,1,1,24,24,24,3.3940045793164,3.62618983140647,0.232185252090062,3.44909483050217,2.77329715377868,-0.177095000904298,0.67579767672349,0,1.20546910865703,3,2,22,6.93889390390723e-18,21,1
10,2,1,24,24,24,3.78027970879867,3.78027970879867,0,3.71223194182919,3.6848129128013,-0.0680477669694826,0.0274190290278922,0,1.05149953036534,3,3,24,1.11022302462516e-16,21,2
10,3,1,24,24,24,2.96511883335301,2.96511883335301,0,3.6135755133324,3.558661444442,0.648456679979389,0.0549140688903975,0,1.07564234916838,3,3,24,6.93889390390723e-18,21,0
10,4,1,24,24,24,2.22722476335746,3.11474164170926,0.887516878351799,2.83925529923367,2.53456985546829,-0.275486342475592,0.304685443765373,0,1.30055430078877,3,2,20,6.93889390390723e-18,23,1
10,5,1,24,24,24,3.57959670539026,3.78817451741732,0.208577812027056,3.31942089648903,3.25598232255315,-0.468753620928284,0.0634385739358785,0,1.34613647777798,4,3,20,6.93889390390723e-18,22,3
10,6,1,24,24,24,2.97892853736382,3.13114404004213,0.152215502678317,3.84907252504232,3.6233197650497,0.717928485000188,0.225752759992619,0,1.2555550359097,3,3,22,1.11022302462516e-16,21,2
10,7,2,24,24,24,4.02354641766726,4.07029811834732,0.0467517006800602,4.07029811834732,4.07029811834722,-8.88178419700125e-16,1.06581410364015e-13,0,1.01968175854873,4,4,20,6.93889390390723e-18,21,0
10,8,2,24,24,24,4.33756946860417,4.68139136907389,0.343821900469717,4.13077108593625,3.97434559669894,-0.55062028313764,0.156425489237311,0,0.932709750490529,4,4,20,2.77555756156289e-17,21,5
10,9,2,24,24,24,4.53544964242063,4.99453316248188,0.459083520061244,4.88167177925811,4.80300295508181,-0.112861383223769,0.0786688241762965,0,0.994790797946446,5,4,20,6.93889390390723e-18,20,5
10,10,2,24,24,24,4.70846885332853,4.63753157822852,-0.0709372751000092,4.95731732690479,4.81674322494717,0.319785748676265,0.140574101957614,0,1.00235298925583,4,4,20,6.93889390390723e-18,20,4
10,11,2,24,24,24,4.91607896634287,4.97376559213475,0.0576866257918747,4.9450905067837,4.87540972381759,-0.0286750853510442,0.0696807829661106,0,0.969567543792422,5,4,20,6.93889390390723e-18,20,2
10,12,2,24,24,24,4.90277548026837,5.0252731490014,0.122497668733025,4.98617319276417,4.98027883244312,-0.0390999562372247,0.00589436032105706,0,0.925648227715631,5,5,20,6.93889390390723e-18,20,2
10,13,3,24,24,24,4.80958934811695,4.81669294244705,0.007103594330097,4.90466848744638,4.75873694169258,0.0879755449993329,0.145931545753803,0,0.929030445251922,4,4,20,6.93889390390723e-18,20,5
10,14,3,24,24,24,4.83259276437188,4.91746337686454,0.0848706124926615,4.87626305747617,4.83523659410876,-0.0412003193883672,0.041026463367416,0,0.882547727236209,4,4,20,6.93889390390723e-18,20,7
10,15,3,24,24,24,4.69105083399044,4.72788241330744,0.0368315793169964,4.90127569948552,4.87509676039479,0.173393286178076,0.0261789390907223,0,0.974680291495181,4,4,20,6.93889390390723e-18,20,3
10,16,3,24,24,24,4.47416921633835,4.23368567701665,-0.2404835393217,4.62067101303296,4.29656066002236,0.386985336016306,0.324110353010595,0,0.993875879528179,4,4,20,6.93889390390723e-18,20,1
10,17,3,24,24,24,4.86246101976508,4.88080623570006,0.0183452159349775,4.59544821551071,4.1681700613218,-0.285358020189353,0.427278154188906,0,0.923059770240847,4,4,20,6.93889390390723e-18,20,5
10,18,3,24,24,24,4.93793616171639,4.8600558127675,-0.0778803489488951,4.88684426218471,4.86461125888418,0.0267884494172117,0.0222330033005287,0,0.93122382887847,4,4,20,6.93889390390723e-18,20,4
10,19,4,24,24,24,4.60404758202656,4.51433729215199,-0.0897102898745672,4.24115617318201,3.7455799774555,-0.273181118969977,0.495576195726512,0,0.870825844509421,4,4,20,6.93889390390723e-18,20,1
10,20,4,24,24,24,4.76825981203641,4.92104126469443,0.152781452658028,4.82042517238248,4.74733727956013,-0.100616092311953,0.0730878928223548,0,0.893637233624938,4,4,20,6.93889390390723e-18,20,4
10,21,4,24,24,24,3.86952634883107,3.86348764964184,-0.00603869918922983,4.91077713657857,4.89322177853275,1.04728948693673,0.0175553580458221,0,0.934239359333934,4,4,20,6.93889390390723e-18,20,3
10,22,4,24,24,24,3.7147604173092,5.07095142306938,1.35619100576019,4.30618982511058,3.4565324593874,-0.764761597958804,0.849657365723183,0.00607436480897627,0.966120533788012,5,3,20,1.38777878078145e-17,21,2
10,23,4,24,24,24,4.3032593632675,4.58800404401247,0.284744680744969,4.98048439943912,4.90591737203029,0.392480355426647,0.0745670274088326,0,0.965994856064153,4,4,21,6.93889390390723e-18,20,5
10,24,4,24,24,24,3.85286840292184,4.23081951975471,0.377951116832871,4.61514753118246,4.50790521845224,0.384328011427745,0.107242312730217,0,0.950588696109312,4,4,20,6.93889390390723e-18,20,0
10,25,5,24,24,24,4.71718812101244,4.94774121346226,0.230553092449822,4.14139011928491,3.91226204464178,-0.806351094177355,0.229128074643131,0,0.957867263882591,5,4,20,6.93889390390723e-18,21,3
10,26,5,24,24,24,4.86273099996767,4.8824408817767,0.0197098818090318,4.93691041816071,4.90011236372215,0.0544695363840066,0.0367980544385587,0,0.91872325403314,4,4,20,6.93889390390723e-18,20,4
10,27,5,24,24,24,3.38533870806953,3.46800984872623,0.082671140656708,4.79185633304717,4.36997107178678,1.32384648432093,0.421885261260391,0,0.965374595059503,3,4,20,6.93889390390723e-18,20,2
10,28,5,24,24,24,4.48427032150655,4.22435697429107,-0.259913347215476,3.7889126573855,2.98500333985104,-0.435444316905566,0.803909317534464,0,0.945155139871309,4,3,20,6.93889390390723e-18,21,1
10,29,5,24,24,24,4.84799641956489,4.85512397160254,0.00712755203764281,4.61978144164724,3.83859221693376,-0.235342529955297,0.781189224713478,0,0.906366108779868,4,4,21,6.93889390390723e-18,20,0
10,30,5,24,24,24,3.8647618517984,3.75749843813947,-0.107263413658928,4.55713217187085,4.07139332906723,0.799633733731378,0.485738842803617,0,0.954005712276924,3,4,20,6.93889390390723e-18,20,1
10,31,6,24,24,24,3.61595610357227,4.0464972126779,0.430541109105634,4.57858366377529,4.09932320222697,0.532086451097383,0.479260461548319,0,0.991495841117347,4,4,20,6.93889390390723e-18,20,0
10,32,6,24,24,24,4.72857446233806,5.0351679940552,0.306593531717134,4.58373119129305,4.17160986890147,-0.451436802762151,0.412121322391582,0,1.0172714046389,5,4,20,6.93889390390723e-18,20,0
10,33,6,24,24,24,4.30948818220806,4.49783232174833,0.188344139540277,5.0265296002246,5.01528695041184,0.528697278476266,0.0112426498127585,0,0.990385596877291,4,5,21,1.11022302462516e-16,20,1
10,34,6,24,24,24,3.90647791237588,4.93161568663821,1.02513777426232,4.81322023291259,4.52673625197945,-0.118395453725618,0.286483980933141,0,0.992263832351553,4,4,21,1.11022302462516e-16,20,1
10,35,6,24,24,24,4.000990304631,3.92130251789896,-0.0796877867320385,4.93003586391993,4.9032083880959,1.00873334602096,0.0268274758240246,0,0.960418293635446,4,4,20,6.93889390390723e-18,20,1
10,36,6,24,24,24,4.74771170548822,4.81365041542826,0.065938709940041,4.14164408246344,3.99109633493275,-0.672006332964817,0.150547747530692,0,0.974552021547598,4,4,20,6.93889390390723e-18,21,1
11,1,1,24,24,24,2.74556418224089,4.30645114987211,1.56088696763122,4.16577095182349,3.88820883009886,-0.140680198048619,0.277562121724628,0,1.07739776724276,4,4,22,1.11022302462516e-16,21,1
11,2,1,24,24,24,3.64796478367328,3.67604148349048,0.0280766998172006,3.9962856046756,3.74848622828553,0.320244121185117,0.247799376390069,0,1.23507684988787,3,3,23,1.11022302462516e-16,21,1
11,3,1,24,24,24,3.52307482999758,3.52307482999758,0,3.68929936868522,3.66555025331422,0.166224538687638,0.0237491153709981,0,1.04576066287741,3,3,24,6.93889390390723e-18,21,1
11,4,1,24,24,24,2.50922415691361,2.47486955939672,-0.0343545975168897,3.22997863063293,3.17271806542444,0.755109071236214,0.0572605652084932,0,1.06348942146003,2,3,20,6.93889390390723e-18,21,1
11,5,1,24,24,24,3.22342249932762,4.29741398285963,1.07399148353201,2.73100749849158,2.61015492551449,-1.56640648436805,0.120852572977087,0,1.29054358653814,4,2,20,6.93889390390723e-18,23,5
11,6,1,24,24,24,3.5870865673992,4.29001735441627,0.702930787017068,4.44053675740079,4.18299398290589,0.150519402984515,0.257542774494893,0,1.08464909568303,4,4,23,5.55111512312578e-17,20,3
11,7,2,24,24,24,4.02959513716374,4.58958561229457,0.559990475130824,4.87552878987588,4.82515580041971,0.285943177581307,0.0503729894561662,0,0.977433216375392,4,4,20,6.93889390390723e-18,20,3
11,8,2,24,24,24,3.93460214073195,3.91501478694613,-0.0195873537858184,4.27799802531712,4.12761610597437,0.362983238370994,0.150381919342759,0,0.948114588303503,3,4,20,6.93889390390723e-18,21,4
11,9,2,24,24,24,4.75497292553099,4.98419770747646,0.22922478194547,4.2403645466635,4.23062001860153,-0.743833160812967,0.00974452806196968,0,0.961437048061359,5,4,20,6.93889390390723e-18,21,3
11,10,2,24,24,24,4.7685757926977,4.98812846182347,0.219552669125773,4.98414836703909,4.97876027267528,-0.00398009478438333,0.00538809436381094,0,0.926478601720183,5,5,20,6.93889390390723e-18,20,3
11,11,2,24,24,24,4.82665562657941,4.9594220326214,0.13276640604199,4.99134744743463,4.93750371221734,0.0319254148132257,0.0538437352172902,0,0.946807428619024,5,4,20,6.93889390390723e-18,20,2
11,12,2,24,24,24,4.93047604411868,4.9066756058532,-0.0238004382654822,4.96095492194946,4.95923059146761,0.0542793160962569,0.0017243304818475,0,0.907322710843983,4,5,20,6.93889390390723e-18,20,3
11,13,3,24,24,24,4.71114957227565,4.91539858871859,0.204249016442941,4.8809021631084,4.77123975761184,-0.0344964256101896,0.109662405496567,0,0.846400792722807,4,4,20,6.93889390390723e-18,20,3
11,14,3,24,24,24,4.78688422816767,4.84384995668163,0.0569657285139558,4.89613976623377,4.86623328002321,0.0522898095521453,0.0299064862105647,0,0.875712514345542,4,4,20,6.93889390390723e-18,20,3
11,15,3,24,24,24,4.82634579279085,4.87190533905744,0.0455595462665972,4.85591083775895,4.83597848066356,-0.0159945012984926,0.0199323570953869,0,0.876649183156789,4,4,22,1.11022302462516e-16,20,1
11,16,3,24,24,24,4.25359505342214,4.56117095240399,0.307575898981849,4.88173500858501,4.79820275247441,0.320564056181021,0.0835322561105984,0,0.964751175320705,4,4,20,6.93889390390723e-18,20,3
11,17,3,24,24,24,4.12648836070858,4.87041642110335,0.743928060394763,4.74489344855635,4.34255583798545,-0.125522972547,0.402337610570895,0,0.944649044065775,4,4,20,6.93889390390723e-18,20,3
11,18,3,24,24,24,4.81596514629534,4.83281708225239,0.0168519359570523,4.87368423575898,4.71847643970962,0.0408671535065883,0.155207796049354,0,0.909205580914039,4,4,20,6.93889390390723e-18,20,5
11,19,4,24,24,24,3.70812417768095,3.71862234149539,0.0104981638144435,4.61324831720481,4.270704834048,0.894625975709415,0.342543483156808,0,0.921118542121738,4,4,20,6.93889390390723e-18,20,0
11,20,4,24,24,24,4.69986390676452,4.74972897303696,0.0498650662724316,4.22037325365768,3.56016495642887,-0.529355719379278,0.660208297228807,0,1.323091154369,4,3,20,6.93889390390723e-18,20,5
11,21,4,24,24,24,4.84428956074743,4.85551221477616,0.0112226540287379,4.79167806939483,4.74345952533321,-0.06383414538133,0.0482185440616254,0,0.880137128915766,4,4,20,6.93889390390723e-18,20,3
11,22,4,23,23,24,3.41595351363263,3.42343459283904,0.00748107920640173,4.6719774745007,4.43013141252827,1.24854288166167,0.241846061972437,0,0.864688906358712,3,4,20,1.38777878078145e-17,20,5
11,23,4,24,24,24,4.85685819830998,4.9278135294139,0.0709553311039137,4.06149935601237,3.65024114930334,-0.866314173401524,0.411258206709036,0,1.18981596532844,4,3,22,1.38777878078145e-17,21,3
11,24,4,24,24,24,4.46282616626772,4.76965530075143,0.306829134483713,4.9047684889571,4.87675853553416,0.135113188205668,0.0280099534229379,0,0.926915804954148,4,4,20,6.93889390390723e-18,20,6
11,25,5,24,24,24,3.87313942419536,3.71947033437833,-0.153669089817032,4.33679806161206,3.71564447737292,0.617327727233731,0.621153584239142,0,1.02708115050166,3,3,20,1.38777878078145e-17,20,2
11,26,5,24,24,24,4.85111124008493,4.85744140314252,0.00633016305759249,4.19353494219347,3.78766273094509,-0.663906460949056,0.405872211248381,0,0.924826768300839,4,4,20,6.93889390390723e-18,21,5
11,27,5,24,24,24,4.32627136106891,4.30694775982299,-0.0193236012459188,4.83415344245819,4.78850260552201,0.5272056826352,0.0456508369361792,0,0.915322342693329,4,4,20,6.93889390390723e-18,20,4
11,28,5,24,24,24,2.95515330645253,3.92165207007841,0.966498763625882,4.1646249049006,3.31904620413861,0.242972834822187,0.845578700761985,0,0.95426329734786,4,3,20,1.38777878078145e-17,20,4
11,29,5,24,24,24,3.80020629476443,3.56128165366169,-0.23892464110273,4.04644082234702,3.5069622227943,0.485159168685328,0.539478599552724,0,0.957579297502449,3,3,20,6.93889390390723e-18,21,5
11,30,5,24,24,24,4.03067939577656,4.62165105147578,0.590971655699224,4.15435701281463,3.49032508399556,-0.467294038661152,0.664031928819067,0,0.998241377003352,4,3,20,6.93889390390723e-18,20,1
11,31,6,24,24,24,4.0583299702047,3.99000574843807,-0.0683242217666304,4.14082205491505,4.01403173095249,0.150816306476985,0.126790323962559,0,0.967237721271883,4,4,20,6.93889390390723e-18,21,1
11,32,6,24,24,24,4.12989377021245,4.94366147034833,0.813767700135875,4.19636518773501,4.03794671386278,-0.747296282613317,0.158418473872229,0,0.987052524038679,5,4,20,6.93889390390723e-18,21,0
11,33,6,24,24,24,4.96513408090772,5.01924319644292,0.0541091155352014,5.00793843227757,4.99512830352289,-0.0113047641653541,0.0128101287546825,0,0.958123967280702,5,5,21,6.93889390390723e-18,20,0
11,34,6,24,24,24,4.48146888945965,4.61305612346996,0.131587234010309,5.00375158383116,4.91329417685283,0.390695460361195,0.0904574069783308,0,0.963896738507676,4,4,21,1.11022302462516e-16,20,3
11,35,6,24,24,24,4.85417630421494,4.95004347199054,0.0958671677756007,4.90764792924948,4.86174080829753,-0.0423955427410689,0.0459071209519415,0,0.96634219522016,5,4,20,6.93889390390723e-18,20,3
11,36,6,24,24,24,3.95118537158342,4.26329278758609,0.312107416002662,4.95052728712197,4.94185104681172,0.687234499535885,0.00867624031024672,0,0.951800514728858,4,4,20,6.93889390390723e-18,20,0
12,1,1,24,24,24,3.84932674179788,5.44457116081333,1.59524441901546,5.11538542858669,4.67740206382684,-0.329185732226645,0.437983364759843,0,1.39817338677304,5,4,21,1.11022302462516e-16,20,3
12,2,1,24,24,24,3.71100136600268,3.56190981131025,-0.149091554692423,4.83724139603766,4.59641699352325,1.27533158472741,0.24082440251441,0,1.29558179567168,3,4,22,6.93889390390723e-18,20,2
12,3,1,24,24,24,3.62889475078108,3.62889475078108,0,3.5790945289357,3.50562332415201,-0.049800221845381,0.0734712047836852,0,1.03995188042508,3,3,24,6.93889390390723e-18,21,2
12,4,1,24,24,24,3.1409908847702,4.41203093967258,1.27104005490238,3.88555492589489,3.79088148781601,-0.526476013777686,0.0946734380788845,0,1.06428315648021,4,3,20,1.11022302462516e-16,21,2
12,5,1,24,24,24,2.58405337625935,4.08784490675929,1.50379153049995,4.27306611528062,3.97618344209208,0.185221208521324,0.296882673188541,0,1.33071358072588,4,4,20,6.93889390390723e-18,22,3
12,6,1,24,24,24,4.14116404307683,5.02108794518655,0.879923902109711,4.51492014943187,4.12322456832748,-0.506167795754672,0.39169558110439,0,1.13260570949555,5,4,22,1.11022302462516e-16,20,4
12,7,2,24,24,24,4.77690424241551,4.80650197183538,0.0295977294198737,4.9545774431987,4.95265863575381,0.148075471363317,0.00191880744489215,0,0.90140420738829,4,5,20,6.93889390390723e-18,20,4
12,8,2,24,24,24,4.08633994491462,4.8616087067435,0.775268761828878,4.89952727851379,4.79096272142412,0.0379185717702937,0.108564557089668,0,0.981299955021566,4,4,20,6.93889390390723e-18,20,3
12,9,2,24,24,24,4.18831381841551,4.00367047821441,-0.184643340201097,4.69743221922111,4.57298120078142,0.693761741006694,0.124451018439685,0,0.93455082564012,4,4,20,6.93889390390723e-18,20,7
12,10,2,24,24,24,4.92897266994853,4.9119173932916,-0.017055276656933,4.30267679101906,4.27897001413219,-0.609240602272539,0.0237067768868693,0,0.955005954373382,4,4,20,6.93889390390723e-18,21,4
12,11,2,24,24,24,4.88812867509516,4.93717890353879,0.0490502284436234,4.95927970685088,4.88086411491633,0.0221008033120969,0.078415591934557,0,0.933043099437785,4,4,20,6.93889390390723e-18,20,3
12,12,2,24,24,24,4.90963828555293,4.9514088469937,0.0417705614407708,4.94084894295137,4.93708177683981,-0.0105599040423323,0.00376716611156436,0,0.93742242770802,5,4,20,6.93889390390723e-18,20,2
12,13,3,24,24,24,4.72352736003571,4.74549413311068,0.0219667730749666,4.86915660358241,4.79717996430168,0.123662470471725,0.071976639280722,0,0.828462488921397,4,4,20,6.93889390390723e-18,20,7
12,14,3,24,24,24,4.81757094722298,4.83159568674389,0.0140247395209192,4.78135714738623,4.75534169566357,-0.050238539357669,0.0260154517226514,0,0.834256392933466,4,4,20,6.93889390390723e-18,20,7
12,15,3,24,24,24,4.78761869585693,4.8325639355992,0.0449452397422681,4.83216144478503,4.82505987959494,-0.000402490814161993,0.00710156519009608,0,0.861705937970003,4,4,20,6.93889390390723e-18,20,5
12,16,3,24,24,24,4.75022072494967,4.83121797621522,0.0809972512655595,5.47372298874027,4.85354520163056,0.642505012525046,0.62017778710971,0,1.02913739808959,4,5,21,1.38777878078145e-17,20,3
12,17,3,24,24,24,4.2991302796056,4.93024259652225,0.631112316916651,4.92759305760716,4.89520691825017,-0.00264953891508846,0.0323861393569853,0,0.928885843161643,4,4,20,6.93889390390723e-18,20,5
12,18,3,24,24,24,4.67129167531252,4.89394836766237,0.22265669234985,4.91730648858872,4.90668389402569,0.0233581209263498,0.0106225945630323,0,0.921087830180523,4,4,20,6.93889390390723e-18,20,4
12,19,4,24,24,24,4.22799778570752,4.48107827292718,0.253080487219669,4.69546881480885,4.54038498805758,0.214390541881666,0.155083826751274,0,0.849735666345265,4,4,20,6.93889390390723e-18,20,3
12,20,4,24,24,24,3.52456330686458,4.75737221702669,1.23280891016211,4.6887137427847,4.53112070987881,-0.0686584742419916,0.15759303290589,0,0.84975352228728,4,4,20,6.93889390390723e-18,20,1
12,21,4,24,24,24,4.69602493007988,4.57818948063074,-0.117835449449132,4.74005997775934,4.59389180551997,0.161870497128596,0.146168172239372,0,0.841392502825625,4,4,20,6.93889390390723e-18,20,2
12,22,4,24,24,24,4.38583009840299,4.314125897276,-0.0717042011269848,4.51706307837246,4.02095061667075,0.202937181096458,0.49611246170171,0,0.832789474354495,4,4,20,6.93889390390723e-18,20,4
12,23,4,24,24,24,3.6137387378103,4.12707942623445,0.513340688424149,4.25456526241853,3.69698740625506,0.127485836184076,0.557577856163467,0,0.879389652605109,4,3,20,6.93889390390723e-18,20,4
12,24,4,24,24,24,4.82799095017882,4.75536905741967,-0.0726218927591447,4.41666082604947,4.08505753945205,-0.338708231370201,0.331603286597423,0,0.914445682210471,4,4,20,6.93889390390723e-18,20,4
12,25,5,24,24,24,3.67848803259919,4.26732702215798,0.588838989558794,3.77795794758191,3.36811506744927,-0.489369074576071,0.409842880132642,0,0.927869966916795,4,3,20,6.93889390390723e-18,21,2
12,26,5,24,24,24,3.74978610363564,4.25999057530986,0.510204471674219,4.28502144149012,3.54285578825519,0.0250308661802627,0.742165653234925,0.000259624051205165,0.859300887256503,4,3,20,6.93889390390723e-18,20,1
12,27,5,24,24,24,4.74061757946679,4.39043091328032,-0.350186666186473,4.34586244223075,3.88286711915229,-0.0445684710495629,0.462995323078466,0,0.905157235986024,4,4,20,6.93889390390723e-18,20,1
12,28,5,24,24,24,3.28585574209722,3.1773501851523,-0.108505556944926,4.00005534930341,3.57492096961134,0.822705164151113,0.425134379692073,0,1.23002268391502,3,3,20,6.93889390390723e-18,20,2
12,29,5,24,24,24,3.47189260056636,4.06648759693024,0.594594996363885,3.34841753032751,3.04586488655184,-0.718070066602729,0.302552643775675,0.00641499573016091,0.821384339827576,4,3,20,6.93889390390723e-18,22,2
12,30,5,24,24,24,3.45542183315561,3.65148108141677,0.196059248261162,4.23044290188521,3.56794949075159,0.578961820468436,0.66249341113362,0,0.943289694455812,3,3,20,6.93889390390723e-18,20,1
12,31,6,24,24,24,3.97389141364297,3.92361367603155,-0.0502777376114154,4.93741025777149,4.92931040229725,1.01379658173994,0.00809985547423597,0,0.944100109609662,4,4,20,6.93889390390723e-18,20,0
12,32,6,24,24,24,3.99756724672415,4.2912729923553,0.293705745631142,4.02242035567006,3.96325788605718,-0.268852636685232,0.0591624696128839,0,0.95409110788398,4,4,20,6.93889390390723e-18,21,1
12,33,6,24,24,24,4.94517702048766,4.95910572014779,0.0139286996601342,4.62678743765191,4.32349288715771,-0.332318282495886,0.303294550494194,0,0.982705575256306,5,4,20,6.93889390390723e-18,20,0
12,34,6,24,24,24,4.8641612350843,4.90285039437051,0.0386891592862071,4.99847566131297,4.88500421752563,0.0956252669424602,0.113471443787334,0,0.927648845565582,4,4,21,6.93889390390723e-18,20,1
12,35,6,24,24,24,4.81312340021456,4.71896176463996,-0.0941616355745971,4.88494415946471,4.87292881972858,0.165982394824746,0.0120153397361245,0,0.950924873376481,4,4,20,6.93889390390723e-18,20,2
12,36,6,24,24,24,4.89243253634361,4.94182141913904,0.0493888827954319,4.91835715728888,4.88524014005683,-0.0234642618501608,0.0331170172320494,0,0.949228654679098,4,4,20,6.93889390390723e-18,20,0
13,1,1,24,24,24,4.63062804318858,5.50226645310764,0.871638409919066,5.50226645310764,5.50226645310685,0,7.94031507211912e-13,0,1.46892696095138,5,5,21,1.11022302462516e-16,19,0
13,2,1,24,24,24,4.55045282358802,4.51679703909035,-0.033655784497669,5.14243884270952,4.92886815329641,0.625641803619172,0.213570689413106,0,1.2441142299748,4,5,22,2.77555756156289e-17,20,4
13,3,1,24,24,24,3.47056709091049,3.23865635592407,-0.231910734986426,4.0006123298997,3.86637964984343,0.761955973975637,0.134232680056273,0,1.04802107614913,3,4,22,6.93889390390723e-18,21,1
13,4,1,24,24,24,3.75297267293785,4.65884510786475,0.905872434926901,4.22912092723318,4.11450261828864,-0.429724180631571,0.114618308944539,0,1.01599189414105,4,4,20,6.93889390390723e-18,21,3
13,5,1,24,24,24,3.93642160767116,5.23846399176928,1.30204238409813,5.07639628225848,4.726917382439,-0.162067709510804,0.349478899819482,0,0.988496589775957,5,5,20,6.93889390390723e-18,19,2
13,6,1,24,24,24,4.08199232264421,5.52772296375534,1.44573064111113,5.45741434797049,5.10313762076243,-0.0703086157848478,0.35427672720806,0,0.942303777885082,5,5,22,1.11022302462516e-16,19,4
13,7,2,24,24,24,4.90313204939627,4.94546296417362,0.0423309147773496,4.93263028161773,4.92984479302911,-0.0128326825558887,0.00278548858862493,0,0.930008262674516,4,4,20,6.93889390390723e-18,20,1
13,8,2,24,24,24,4.74305309420988,4.71770321439727,-0.0253498798126124,5.0374347423241,4.95789916288351,0.319731527926828,0.0795355794405879,0,0.906702856386676,4,5,20,6.93889390390723e-18,20,4
13,9,2,24,24,24,4.52725138877361,4.91455961439284,0.387308225619235,4.84942196249399,4.70581612559932,-0.0651376518988558,0.143605836894666,0,0.924990989470309,4,4,20,6.93889390390723e-18,20,3
13,10,2,24,24,24,4.23618031399087,4.90433694879796,0.66815663480709,4.91479274918573,4.89860169002268,0.0104558003877706,0.0161910591630487,0,0.927047343314245,4,4,20,6.93889390390723e-18,20,3
13,11,2,24,24,24,4.83205547376716,4.80483623842239,-0.0272192353447664,4.91960373527009,4.84344613422658,0.114767496847692,0.0761576010435041,0,0.922008842960448,4,4,20,6.93889390390723e-18,20,3
13,12,2,24,24,24,4.88771095907141,4.92790783095503,0.0401968718836256,4.91013394995557,4.87914932891458,-0.0177738809994681,0.0309846210409832,0,0.919223433120818,4,4,20,6.93889390390723e-18,20,1
13,13,3,24,24,24,4.74920816465867,4.64761874975543,-0.101589414903242,4.91352665376474,4.80973011521936,0.26590790400931,0.103796538545374,0,0.815574847401821,4,4,20,6.93889390390723e-18,20,2
13,14,3,24,24,24,4.70778827870694,4.65156530017066,-0.056222978536276,4.66795293108671,4.59030590635416,0.0163876309160509,0.0776470247325562,0,0.805970236616329,4,4,20,6.93889390390723e-18,20,3
13,15,3,24,24,24,4.77680928079899,4.79776800490567,0.020958724106686,4.71652901047756,4.70854548579872,-0.0812389944281184,0.00798352467883578,0,0.827117148421239,4,4,22,6.93889390390723e-18,20,2
13,16,3,24,24,24,4.80500974961426,4.83725779322917,0.03224804361491,4.88796716383092,4.7667978067687,0.0507093706017523,0.121169357062221,0,0.878460794822238,5,4,21,1.11022302462516e-16,20,2
13,17,3,24,24,24,4.84625484906767,4.84482921248274,-0.00142563658493344,4.85295143667956,4.75739669517939,0.0081222241968204,0.0955547415001705,0,0.999194194206186,4,4,20,6.93889390390723e-18,20,5
13,18,3,24,24,24,4.85761705508543,4.91135058621766,0.0537335311322282,4.90454615332182,4.8964407980663,-0.00680443289584254,0.00810535525551703,0,0.914769762938647,4,4,20,6.93889390390723e-18,20,5
13,19,4,24,24,24,4.494981138177,4.8391592256482,0.344178087471198,4.40509681252116,3.84052753865608,-0.434062413127034,0.564569273865081,0.0094646612898468,0.766896437033592,4,4,20,6.93889390390723e-18,20,6
13,20,4,24,24,24,4.48580950278003,4.35509585727942,-0.130713645500603,4.82819878948025,4.80430702247142,0.473102932200824,0.0238917670088243,0,0.8182185680514,4,4,20,6.93889390390723e-18,20,6
13,21,4,24,24,24,4.54795288746477,4.6585969162166,0.110644028751835,4.50032170163429,4.13382659103964,-0.158275214582312,0.366495110594646,0,0.831067308980032,4,4,20,6.93889390390723e-18,20,3
13,22,4,24,24,24,3.98074111050404,4.36387779128027,0.383136680776227,4.60295332006394,4.03151843142574,0.239075528783674,0.571434888638203,0.00959353849562916,0.742209492039727,4,4,20,6.93889390390723e-18,20,3
13,23,4,24,24,24,3.66001753219251,3.86909671923937,0.20907918704686,4.2843392678406,3.90410996192137,0.415242548601231,0.380229305919228,0,0.824703845754446,3,4,21,6.93889390390723e-18,20,5
13,24,4,24,24,24,4.04420696405753,3.35052477952321,-0.693682184534318,3.86316911993925,3.68955871356656,0.512644340416037,0.173610406372691,0.00925958595554466,0.851388490277971,3,3,20,6.93889390390723e-18,21,2
13,25,5,24,24,24,3.33443391677478,3.76075402759337,0.426320110818589,4.72083749717225,4.1120671343185,0.960083469578882,0.608770362853747,0,0.862905521373754,3,4,20,6.93889390390723e-18,20,2
13,26,5,23,23,24,3.50717020256195,3.24491238908958,-0.262257813472371,3.68792372360487,3.48605330746935,0.44301133451529,0.201870416135517,0,0.920027571752844,3,3,20,6.93889390390723e-18,21,4
13,27,5,24,24,24,3.84403844796076,4.84447095561744,1.00043250765668,3.71882548220543,3.60045562350079,-1.12564547341201,0.11836985870464,0,0.977883085053939,4,3,20,6.93889390390723e-18,21,4
13,28,5,24,24,24,3.53917175991523,3.67652124963099,0.13734948971576,4.81918380066529,4.1873380410999,1.14266255103431,0.631845759565394,0,0.771253239669038,3,4,21,6.93889390390723e-18,20,4
13,29,5,23,23,24,3.00905539191346,2.85223083938036,-0.156824552533096,3.30556114338421,3.23938314208249,0.453330304003843,0.0661780013017217,0,0.964709469299275,2,3,20,6.93889390390723e-18,22,6
13,30,5,24,24,24,3.53226999584407,4.71891869825925,1.18664870241518,4.71891869825925,4.7189186982593,8.88178419700125e-16,-4.35207425653061e-14,0,0.878369841143598,4,4,20,6.93889390390723e-18,20,0
13,31,6,24,24,24,4.88001729827428,4.8918399302778,0.011822632003522,4.8918399302778,4.89183993027777,0,3.46389583683049e-14,0,0.934659108513532,4,4,20,6.93889390390723e-18,20,0
13,32,6,24,24,24,3.92362530719661,4.01855985872283,0.0949345515262285,4.7946901538653,4.70938189692368,0.776130295142469,0.0853082569416248,0,0.93721630343264,4,4,20,6.93889390390723e-18,20,0
13,33,6,24,24,24,4.28025795828614,4.13206677735504,-0.148191180931099,4.04855257586315,3.99858971569227,-0.0835142014918837,0.0499628601708784,0,0.953839755413065,4,4,20,6.93889390390723e-18,21,1
13,34,6,24,24,24,4.83615417535038,4.73532635279959,-0.100827822550788,4.32441037010489,4.05479342602372,-0.4109159826947,0.269616944081172,0,0.926837293647245,4,4,20,6.93889390390723e-18,21,1
13,35,6,24,24,24,4.8241995315313,4.94121467436238,0.117015142831085,4.9016494187891,4.87090200196767,-0.0395652555732813,0.0307474168214323,0,0.906076104344063,4,4,20,6.93889390390723e-18,20,2
13,36,6,24,24,24,4.83638773865626,4.77384716330547,-0.0625405753507877,4.9389733093039,4.93795194409274,0.165126145998423,0.00102136521115526,0,0.939016672777177,4,4,20,6.93889390390723e-18,20,1
14,1,1,24,24,24,5.44724378857578,5.59236741684389,0.145123628268112,6.22165980507535,5.90454585443881,0.629292388231455,0.317113950636537,0,0.863138071481371,5,6,20,0,18,3
14,2,1,24,24,24,4.87957947176345,4.89250522074979,0.0129257489863388,5.40093371705756,5.36944693106016,0.508428496307778,0.0314867859974077,0,1.3420832859378,5,5,23,6.93889390390723e-18,19,4
14,3,1,24,24,24,3.827715853345,4.29220625117811,0.464490397833113,4.75955465535237,4.67587722846692,0.467348404174258,0.0836774268854468,0,1.34101294624437,4,4,23,5.55111512312578e-17,20,3
14,4,1,24,24,24,4.07335759210575,5.00401875770245,0.930661165596702,4.27440660747883,4.15277309507485,-0.729612150223628,0.12163351240398,0,1.08270062962131,5,4,20,1.11022302462516e-16,21,4
14,5,1,24,24,24,4.67964820861461,4.99191510162699,0.312266893012378,5.03418476024092,4.95637591403652,0.0422696586139333,0.0778088462043955,0,0.957087839603387,5,5,20,6.93889390390723e-18,20,2
14,6,1,24,24,24,5.0521062445548,6.3574788712838,1.30537262672899,5.45980834236388,5.27974324193315,-0.897670528919916,0.180065100430728,0,0.914988991056258,6,5,20,1.11022302462516e-16,19,2
14,7,2,24,24,24,4.88054634509882,4.92067018136422,0.0401238362653995,4.90275343563233,4.88557372187002,-0.0179167457318865,0.017179713762312,0,0.909036582092837,4,4,20,6.93889390390723e-18,20,1
14,8,2,24,24,24,4.90832017125468,4.88962878890599,-0.0186913823486865,4.9257881266636,4.89752951164047,0.0361593377576073,0.0282586150231223,0,0.897746064954812,4,4,20,6.93889390390723e-18,20,6
14,9,2,24,24,24,4.65875796434333,4.86212813509808,0.203370170754751,4.88205295665205,4.85198397830779,0.0199248215539711,0.0300689783442643,0,0.933953372241891,4,4,20,6.93889390390723e-18,20,5
14,10,2,24,24,24,4.84961567312245,4.91460168247951,0.0649860093570593,4.92257239175416,4.83491471694042,0.00797070927464638,0.0876576748137339,0,0.86928149257189,4,4,20,6.93889390390723e-18,20,6
14,11,2,24,24,24,4.79501167288432,4.829645400135,0.0346337272506787,4.829645400135,4.82964540013462,0,3.78364006792253e-13,0,0.912788754530844,4,4,20,6.93889390390723e-18,20,0
14,12,2,24,24,24,4.83035783562543,4.77330075057461,-0.057057085050821,4.81623582843113,4.2458394142346,0.0429350778565167,0.570396414196526,0,0.892952865437307,4,4,20,6.93889390390723e-18,20,3
14,13,3,24,24,24,4.76163281406717,4.80580560769406,0.0441727936268919,4.90276109238698,4.80599343800669,0.0969554846929235,0.0967676543802902,0,0.806695579550841,4,4,20,6.93889390390723e-18,20,4
14,14,3,24,24,24,4.54440284729062,4.78922868156969,0.244825834279074,4.78922868156969,4.78922868156972,0,-2.66453525910038e-14,0,0.797910534250193,4,4,20,6.93889390390723e-18,20,0
14,15,3,24,24,24,4.66146003094073,4.67905726339719,0.0175972324564544,4.78656520374969,4.77345265046046,0.107507940352509,0.0131125532892344,0,0.796091913335505,4,4,21,1.11022302462516e-16,20,2
14,16,3,24,24,24,4.71912982870101,4.72139048181747,0.00226065311646551,4.77630674867231,4.68744818087024,0.0549162668548382,0.0888585678020721,0,0.82672162442921,4,4,21,1.11022302462516e-16,20,2
14,17,3,24,24,24,4.70982272822759,4.59418751220531,-0.115635216022281,4.71665396203653,4.65219933912186,0.122466449831212,0.0644546229146687,0,0.854488931474648,4,4,20,1.38777878078145e-17,20,5
14,18,3,24,24,24,4.84747639008564,4.905479602728,0.0580032126423564,4.91996294554512,4.88581624381493,0.0144833428171234,0.0341467017301849,0,0.92756293594837,4,4,20,6.93889390390723e-18,20,3
14,19,4,23,23,24,3.79275224859257,4.13672311392708,0.343970865334502,3.97127411494074,3.82866644468353,-0.165448998986336,0.142607670257208,0,0.832798144683102,4,3,19,1.38777878078145e-17,21,4
14,20,4,24,24,24,4.75626395224671,4.80834283691801,0.0520788846713058,4.64739616132415,4.503324250677,-0.160946675593864,0.144071910647147,0,0.768123123561239,4,4,20,6.93889390390723e-18,20,3
14,21,4,24,24,24,4.09248832512925,3.99839006388144,-0.0940982612478058,4.80344129175456,4.79326473408379,0.805051227873113,0.0101765576707633,0,0.802480624346751,4,4,20,6.93889390390723e-18,20,3
14,22,4,23,23,24,3.98170564400081,3.81781567694865,-0.163889967052163,3.91555654841244,3.20053109120833,0.0977408714637895,0.715025457204113,0,1.10788592799271,4,3,19,6.93889390390723e-18,21,0
14,23,4,24,24,24,3.86506886230216,3.94376063128506,0.078691768982897,3.95669813591716,3.46005177909641,0.0129375046320979,0.496646356820745,0,1.08085467059053,4,3,20,6.93889390390723e-18,21,2
14,24,4,23,23,24,3.6434961363349,3.84264105983404,0.19914492349914,3.9772278773403,3.93199227861523,0.134586817506261,0.0452355987250765,0,0.822018798368983,3,4,20,6.93889390390723e-18,21,1
14,25,5,24,24,24,4.07094646297532,4.12837849962905,0.0574320366537311,4.58432514563987,4.46354700487982,0.455946646010823,0.120778140760052,0,0.858331698108973,4,4,20,6.93889390390723e-18,20,3
14,26,5,24,24,24,3.45119277439466,4.65696304975785,1.20577027536319,4.62850907876191,4.26761185287859,-0.0284539709959404,0.360897225883314,0,0.827978220653,4,4,20,6.93889390390723e-18,20,2
14,27,5,24,24,24,3.56445106726578,3.93991522632826,0.375464159062473,4.69265945526493,3.70741225386699,0.752744228936671,0.985247201397936,0,0.868260582071678,4,3,20,6.93889390390723e-18,20,2
14,28,5,24,24,24,4.1454646606889,4.64447431618189,0.499009655492986,4.15066272772314,3.97900489289199,-0.493811588458748,0.171657834831144,0.00922848286979594,0.721190046725317,4,4,21,1.11022302462516e-16,21,3
14,29,5,24,24,24,3.20698931066166,2.92567469200354,-0.281314618658123,4.47852202363317,4.29334486888285,1.55284733162963,0.185177154750314,0,0.747861885205441,3,4,21,6.93889390390723e-18,20,2
14,30,5,24,24,24,4.6717295112767,4.70240011973738,0.0306706084606798,3.65785802857774,3.00919793375401,-1.04454209115964,0.648660094823731,0,0.808301538242718,4,3,20,6.93889390390723e-18,21,2
14,31,6,24,24,24,4.84292153097499,4.86731576809946,0.0243942371244668,4.92673412892615,4.92355572652585,0.0594183608266885,0.00317840240029987,0,0.925003642770487,4,4,20,6.93889390390723e-18,20,1
14,32,6,24,24,24,4.66228807795444,4.64299048676926,-0.0192975911851789,4.85100856709314,4.84760891078012,0.208018080323874,0.00339965631301542,0,0.925928768404045,4,4,20,6.93889390390723e-18,20,4
14,33,6,24,24,24,3.95860381853535,4.08147109808331,0.122867279547959,4.49807277914031,4.31460024055519,0.416601681057002,0.183472538585124,0,0.931081511569643,4,4,20,6.93889390390723e-18,20,0
14,34,6,24,24,24,4.01424549176348,3.97598920379047,-0.0382562879730117,4.10598573131528,3.93118144564423,0.129996527524815,0.174804285671051,0.00961922901048107,0.939235228317714,4,3,20,6.93889390390723e-18,21,2
14,35,6,24,24,24,4.82219298194799,4.8452746777986,0.0230816958506068,4.52081754841704,3.89637638786343,-0.32445712938156,0.624441160553607,0,0.895310999419365,4,4,20,6.93889390390723e-18,20,2
14,36,6,24,24,24,4.88857242465181,4.92947514631619,0.0409027216643763,4.89760451390482,4.88921740728896,-0.0318706324113665,0.00838710661586095,0,0.900606648461948,4,4,20,6.93889390390723e-18,20,1
15,1,1,24,24,24,5.84550039589442,6.96058278683993,1.11508239094551,6.83518446492182,6.6299007792069,-0.12539832191811,0.205283685714917,0,0.800045888244632,7,7,20,1.11022302462516e-16,17,2
15,2,1,24,24,24,5.31575246174956,5.32595298837249,0.010200526622933,6.54204687381148,6.36663059024663,1.21609388543899,0.175416283564856,0,1.28487763399008,5,6,23,6.93889390390723e-18,17,3
15,3,1,24,24,24,4.62911845618225,4.39207558281003,-0.237042873372226,5.04343727034176,4.99892095573411,0.65136168753173,0.044516314607641,0,1.21224904310451,4,5,22,1.11022302462516e-16,20,2
15,4,1,24,24,24,4.1112453641241,5.78943236876552,1.67818700464142,5.00901106298338,4.85663177654077,-0.780421305782144,0.152379286442608,0,1.15478856265142,5,5,20,6.93889390390723e-18,20,5
15,5,1,24,24,24,4.90681215489616,4.89572562388367,-0.0110865310124852,5.60258286326094,5.46693161837819,0.706857239377262,0.135651244882748,0,0.971514399088854,5,5,20,6.93889390390723e-18,19,3
15,6,1,24,24,24,5.22694580951382,6.66377771130308,1.43683190178926,5.28991660821342,4.97653805726163,-1.37386110308966,0.313378550951792,0,0.893873805332952,7,5,20,1.11022302462516e-16,19,2
15,7,2,24,24,24,4.83671798465132,4.77735805259252,-0.0593599320588041,4.14882533979276,3.69092821719347,-0.628532712799756,0.457897122599288,0.00371704222790958,0.878558329380151,4,3,20,6.93889390390723e-18,21,5
15,8,2,24,24,24,4.84855421652407,4.77480483961498,-0.0737493769090944,4.77435378928697,4.63324064263003,-0.000451050328002189,0.141113146656939,0,0.834773057672536,4,4,20,6.93889390390723e-18,20,2
15,9,2,24,24,24,4.80346413852471,4.86107027703057,0.0576061385058591,4.81494743386948,4.7818567572809,-0.0461228431610907,0.0330906765885803,0,0.888486609352559,4,4,20,6.93889390390723e-18,20,5
15,10,2,24,24,24,4.78656556977102,4.60716506008755,-0.179400509683464,4.85742245716205,4.78425003603859,0.250257397074499,0.0731724211234628,0,0.884495961340571,4,4,20,6.93889390390723e-18,20,2
15,11,2,24,24,24,4.78134894613327,4.69807046777646,-0.0832784783568075,4.69443420218237,4.6172160946681,-0.00363626559409269,0.0772181075142724,0,0.860906354100867,4,4,20,6.93889390390723e-18,20,5
15,12,2,24,24,24,4.20338102009226,3.77887226241633,-0.424508757675926,4.59128819856696,4.56530091000531,0.812415936150624,0.0259872885616508,0,0.89545149791389,3,4,20,6.93889390390723e-18,20,6
15,13,3,24,24,24,4.75793350362662,4.76691743134889,0.00898392772226142,4.84486439927747,4.66883625244166,0.0779469679285878,0.176028146835809,0,0.74970130796363,4,4,20,6.93889390390723e-18,20,3
15,14,3,24,24,24,4.74133639475402,4.75838292915679,0.0170465344027741,4.76467341929342,4.6845239676956,0.00629049013662453,0.0801494515978138,0,0.75438475977674,4,4,20,6.93889390390723e-18,20,3
15,15,3,24,24,24,4.72571812395586,4.66321567491132,-0.0625024490445361,4.7514798033634,4.74957609206363,0.0882641284520762,0.00190371129976352,0,0.788752390537963,4,4,20,6.93889390390723e-18,20,4
15,16,3,24,24,24,4.64057369906154,4.69551815894194,0.0549444598804048,4.68211531005064,4.5763112256729,-0.0134028488913032,0.105804084377741,0,0.789906277264404,4,4,21,1.04083408558608e-17,20,2
15,17,3,24,24,24,4.60567734573064,4.50568355670818,-0.0999937890224638,4.66698720099863,4.63760672841585,0.161303644290454,0.0293804725827806,0,0.808924510285627,4,4,20,6.93889390390723e-18,20,5
15,18,3,24,24,24,4.83695808137679,4.85179133999724,0.0148332586204578,4.66945779114323,4.61919845035689,-0.182333548854012,0.0502593407863463,0,0.851650889229967,4,4,20,6.93889390390723e-18,20,5
15,19,4,24,24,24,3.7903797802367,3.88491234297712,0.0945325627404223,3.82221167007418,3.61959918686754,-0.0627006729029405,0.202612483206635,0,0.780234841772678,3,3,20,6.93889390390723e-18,21,4
15,20,4,24,24,24,4.45829100817023,4.57252189625299,0.11423088808276,4.57252189625299,4.57252189625301,-1.77635683940025e-15,-1.77635683940025e-14,0,0.760441892325622,4,4,20,6.93889390390723e-18,20,0
15,21,4,24,24,24,4.74533208674296,4.78926129654254,0.0439292097995825,4.72941209276154,4.71883692993744,-0.0598492037809946,0.0105751628240993,0,0.765654894740961,4,4,20,6.93889390390723e-18,20,3
15,22,4,24,24,24,3.16852578029624,4.09561675972536,0.927090979429114,4.82949076170335,4.64246568667412,0.73387400197799,0.187025075029226,0.00738582177277269,0.668059395123814,4,4,20,1.38777878078145e-17,20,7
15,23,4,24,24,24,3.42545126130545,3.5659442713248,0.140493010019358,3.93669620205863,3.39042453060482,0.370751930733826,0.54627167145381,0,1.05690822154946,3,3,20,6.93889390390723e-18,20,3
15,24,4,24,24,24,3.89267235582908,3.67966513298396,-0.213007222845117,3.63268731964836,2.96058820386962,-0.0469778133356002,0.672099115778741,0,0.890148799310279,3,3,20,6.93889390390723e-18,21,2
15,25,5,24,24,24,4.41891153483102,4.25380466211406,-0.165106872716963,3.1799318490598,3.03692409018723,-1.07387281305426,0.143007758872569,0,0.852362728268162,4,3,20,6.93889390390723e-18,22,1
15,26,5,24,24,24,4.22493573434981,4.79730829341825,0.572372559068439,4.59593436284629,4.5344470105938,-0.201373930571952,0.0614873522524917,0,0.822885624489344,4,4,20,6.93889390390723e-18,20,4
15,27,5,24,24,24,3.67033813132832,4.49506951129368,0.824731379965362,4.81739844200406,4.80082115464741,0.322328930710377,0.016577287356653,0,0.824022883141161,4,4,20,6.93889390390723e-18,20,3
15,28,5,23,23,24,3.93007864592198,4.0144760530931,0.0843974071711187,4.35743969609506,3.74743723626945,0.34296364300196,0.610002459825608,0.00883406611489201,0.741014657179226,4,3,20,6.93889390390723e-18,20,4
15,29,5,24,24,24,4.25041142019403,4.24793844235177,-0.00247297784225164,4.11752943111146,4.10264035601506,-0.130409011240314,0.0148890750964004,0,0.733811277801713,4,4,21,1.11022302462516e-16,21,6
15,30,5,24,24,24,2.97910595441647,3.04107201984193,0.0619660654254668,3.93049713297033,3.47555629429571,0.8894251131284,0.45494083867462,0,0.835386204617479,3,3,20,6.93889390390723e-18,21,4
15,31,6,24,24,24,4.87432016926059,4.91565140608051,0.0413312368199197,4.88672441995355,4.87712027029021,-0.0289269861269599,0.009604149663339,0,0.894329091068812,4,4,20,6.93889390390723e-18,20,1
15,32,6,24,24,24,4.79913282167232,4.7452443273448,-0.0538884943275164,4.914891182005,4.91289253889291,0.169646854660196,0.00199864311209019,0,0.914207126567122,4,4,20,6.93889390390723e-18,20,1
15,33,6,24,24,24,4.27145423814964,4.26705073421633,-0.0044035039333048,4.67118977817293,4.64309563359305,0.404139043956595,0.0280941445798746,0,0.917816992839119,4,4,20,6.93889390390723e-18,20,4
15,34,6,23,23,24,3.88234659446741,4.01697783787759,0.134631243410179,4.21053625748584,3.8510283117501,0.193558419608246,0.359507945735741,0.00678276820710932,1.00708731882975,4,3,19,6.93889390390723e-18,21,1
15,35,6,24,24,24,3.8574126239848,4.53796380033737,0.680551176352575,4.1563663540213,4.01930340182587,-0.381597446316075,0.137062952195428,0,0.876443605839718,4,4,20,6.93889390390723e-18,21,2
15,36,6,24,24,24,4.84032523321607,4.80107540604789,-0.03924982716818,4.70297854971323,4.05087636308205,-0.0980968563346627,0.652102186631182,0,0.884081716638967,4,4,20,6.93889390390723e-18,20,1
16,1,1,24,24,24,6.56360177141484,6.79448073461594,0.230878963201102,6.62151280489341,6.38310509618567,-0.17296792972253,0.238407708707735,0.00562161821224016,1.23665640337555,7,6,20,6.93889390390723e-18,18,3
16,2,1,24,24,24,6.30296428434416,6.02167504797617,-0.281289236367988,6.6095041491877,6.47808781995169,0.587829101211524,0.131416329236005,0,1.39371915298684,6,6,20,1.11022302462516e-16,17,2
16,3,1,24,24,24,4.94893174617677,4.94556264181357,-0.00336910436320004,5.73177606668654,5.64097747557589,0.786213424872964,0.0907985911106524,0.00569481058680932,1.373093654333,5,5,22,1.11022302462516e-16,19,3
16,4,1,24,24,24,4.80806545877536,4.9422836308973,0.134218172121932,4.99396839957795,4.88387749275755,0.0516847686806594,0.110090906820408,0,1.15067357294831,5,5,20,6.93889390390723e-18,20,3
16,5,1,24,24,24,5.41226230219441,5.85051282566206,0.438250523467652,5.85051282566206,5.85051282566183,8.88178419700125e-16,2.28261853862932e-13,0,0.961799255097981,5,5,20,1.11022302462516e-16,19,0
16,6,1,24,24,24,4.92677267668901,6.53914272370257,1.61237004701356,5.98497718246941,5.8106969243478,-0.554165541233166,0.174280258121609,0,0.950664672757452,6,5,20,6.93889390390723e-18,19,4
16,7,2,23,23,24,3.65033906321591,3.86938005154827,0.219040988332363,4.76092957967984,4.75110117683638,0.89154952813157,0.00982840284345876,0,0.879199172628803,3,4,20,6.93889390390723e-18,20,0
16,8,2,24,24,24,4.58690823620373,4.38771362907979,-0.199194607123943,3.91273720575977,3.7866071375883,-0.474976423320016,0.126130068171477,0.00734899842405845,0.782230520107885,4,3,20,0,21,8
16,9,2,24,24,24,4.73403818970809,4.47808728271705,-0.255950906991038,4.42084825904636,4.33490251536585,-0.0572390236706903,0.0859457436805062,0,0.825120711882319,4,4,20,6.93889390390723e-18,20,5
16,10,2,24,24,24,4.7364075356782,4.73601865068546,-0.00038888499274492,4.64463817180374,4.45864389823164,-0.0913804788817192,0.185994273572097,0,0.839156949562986,4,4,20,1.38777878078145e-17,20,5
16,11,2,24,24,24,4.57104393372142,4.51602084255085,-0.0550230911705674,4.69497347942149,4.29875517251697,0.178952636870644,0.396218306904524,0,0.834986781369534,4,4,20,6.93889390390723e-18,20,2
16,12,2,24,24,24,4.51964790090525,4.76765152304247,0.248003622137221,4.7108276188856,4.68105256829743,-0.0568239041568726,0.0297750505881682,0,0.855907577026972,4,4,20,6.93889390390723e-18,20,2
16,13,3,24,24,24,4.62214788991725,4.67116927225313,0.0490213823358809,4.64839611264712,4.58468949434064,-0.0227731596060101,0.0637066183064805,0,0.787911153039872,4,4,20,6.93889390390723e-18,20,5
16,14,3,24,24,24,4.63767872801865,4.74387423861363,0.106195510594982,4.71364931550723,4.6920035625521,-0.0302249231063971,0.021645752955135,0,0.724556487721196,4,4,20,6.93889390390723e-18,20,7
16,15,3,24,24,24,4.702080331143,4.71681297059421,0.0147326394512115,4.7489255227327,4.73820148826166,0.0321125521384911,0.0107240344710346,0,0.746644399300399,4,4,20,6.93889390390723e-18,20,5
16,16,3,24,24,24,4.53054811341617,4.28009924508493,-0.250448868331243,4.69129445595992,4.61334421216542,0.411195210874997,0.0779502437945014,0,0.784308994592952,4,4,20,6.93889390390723e-18,20,4
16,17,3,24,24,24,4.59123066113169,4.57659224147072,-0.0146384196609706,4.4483478723548,4.37629429617409,-0.12824436911592,0.0720535761807106,0,0.772217437200691,4,4,20,6.93889390390723e-18,20,5
16,18,3,24,24,24,4.57300646585332,4.56582561216359,-0.00718085368972332,4.57374228967299,4.55098692239558,0.00791667750939418,0.0227553672774095,0,0.806961844143382,4,4,20,6.93889390390723e-18,20,5
16,19,4,24,24,24,3.58340319499887,3.79995659510087,0.216553400102,4.51098981634666,4.36462533196189,0.711033221245791,0.14636448438477,0.00324123211636085,0.677145938821467,3,4,20,6.93889390390723e-18,20,2
16,20,4,24,24,24,4.52679667729048,4.50902341864019,-0.017773258650287,4.04406346191228,3.90086871999222,-0.464959956727907,0.143194741920058,0,0.923538458982963,4,3,20,6.93889390390723e-18,21,4
16,21,4,24,24,24,4.67164856063807,4.63219290553673,-0.0394556551013387,4.58023689219905,4.55989387517219,-0.0519560133376782,0.0203430170268657,0,0.754008075598886,4,4,20,6.93889390390723e-18,20,4
16,22,4,23,23,24,4.58872906625234,4.54836347246976,-0.0403655937825746,4.61132451655441,4.35393957596495,0.0629610440846484,0.257384940589461,0,0.657123233331674,4,4,19,6.93889390390723e-18,20,3
16,23,4,24,24,24,3.35652028529877,3.42559753903841,0.0690772537396334,4.44756338538768,4.39478852224159,1.02196584634927,0.0527748631460856,0,0.691586349519111,3,4,20,6.93889390390723e-18,20,4
16,24,4,24,24,24,2.93098232183092,4.6877457020159,1.75676338018497,4.6877457020159,4.68774570201586,-8.88178419700125e-16,3.37507799486048e-14,0,0.762769086275355,4,4,20,6.93889390390723e-18,20,0
16,25,5,24,24,24,3.00655484928536,2.97194711796161,-0.0346077313237543,3.54948582558361,3.20504457510807,0.577538707622007,0.344441250475538,0.00695813926871347,0.720644911563977,3,3,20,6.93889390390723e-18,21,5
16,26,5,24,24,24,4.48910254048786,4.4996527772551,0.0105502367672363,3.2127109843615,3.12015281552612,-1.2869417928936,0.0925581688353807,0,0.842258379938517,4,3,20,6.93889390390723e-18,22,2
16,27,5,24,24,24,4.75281294310093,4.71376227204137,-0.0390506710595666,4.66803796027623,4.52820303755787,-0.0457243117651362,0.139834922718357,0,0.810909647653218,4,4,20,6.93889390390723e-18,20,2
16,28,5,23,23,24,3.70121713845301,3.66466705361979,-0.0365500848332232,4.63665388545007,4.38271794046325,0.97198683183028,0.253935944986816,0.0123371525181852,0.685999680305506,3,4,20,6.93889390390723e-18,20,2
16,29,5,24,24,24,4.06161395245491,4.08271242785229,0.0210984753973786,3.73469196382668,3.6904755724144,-0.348020464025607,0.0442163914122782,0.0024677450653634,0.705770097873902,4,3,22,1.11022302462516e-16,21,2
16,30,5,24,24,24,3.44080073135276,3.49813126627305,0.0573305349202884,3.92764354282069,3.83858893524092,0.42951227654764,0.08905460757977,0,0.932915919022067,3,3,20,6.93889390390723e-18,21,3
16,31,6,24,24,24,4.82834906758731,4.83503123305607,0.00668216546876721,4.81661516180163,4.63597422682988,-0.0184160712544408,0.180640934971754,0,0.875262649945122,4,4,20,3.46944695195361e-18,20,1
16,32,6,24,24,24,4.86376361350398,4.90362078040691,0.0398571669029293,4.87374070010024,4.83902433607509,-0.0298800803066683,0.0347163640251509,0,0.887918663386049,4,4,20,6.93889390390723e-18,20,2
16,33,6,24,24,24,4.59666467725712,4.27308689841121,-0.323577778845916,4.8981613015644,4.89229775902295,0.625074403153197,0.00586354254144883,0,0.904969336642753,4,4,20,6.93889390390723e-18,20,0
16,34,6,23,23,24,3.80580308810756,4.10591063478324,0.30010754667568,4.19364145948933,3.98907391204492,0.0877308247060888,0.204567547444404,0.0228893779521302,0.813932227752659,4,4,19,6.93889390390723e-18,20,6
16,35,6,24,24,24,3.97911036780761,4.80583551043116,0.826725142623547,4.41601943569041,4.20363366735526,-0.389816074740753,0.212385768335145,0,0.860982508290523,4,4,20,6.93889390390723e-18,20,2
16,36,6,24,24,24,4.01036759945123,4.79653475651116,0.786167157059929,4.80276682232498,4.71859684683236,0.00623206581382085,0.0841699754926184,0,0.866990984230525,4,4,20,6.93889390390723e-18,20,1
17,1,1,23,23,24,6.3137086431937,6.90464427830997,0.590935635116267,7.30432301889786,7.16946014683057,0.399678740587897,0.134862872067295,0,0.777394219186416,7,7,20,1.11022302462516e-16,17,2
17,2,1,24,24,24,6.41330694175218,6.50664982851296,0.0933428867607846,6.92932254000551,6.90689320388452,0.422672711492548,0.0224293361209913,0,0.772217852782688,6,7,20,1.11022302462516e-16,17,3
17,3,1,23,23,24,5.57892983833919,5.55204427095125,-0.0268855673879376,6.24475697932239,6.05462221294632,0.692712708371136,0.190134766376062,0,1.28632607973699,5,6,21,1.11022302462516e-16,17,3
17,4,1,24,24,24,4.83503871782997,5.26491436154479,0.42987564371482,5.50994416368251,5.37340614762806,0.24502980213772,0.136538016054452,0,1.29598369402867,5,5,20,1.11022302462516e-16,19,6
17,5,1,24,24,24,5.79200769740521,5.75734527960268,-0.0346624178025339,5.57663699856059,5.39376478787764,-0.180708281042092,0.182872210682944,0,1.21564135266185,5,5,20,6.93889390390723e-18,19,3
17,6,1,24,24,24,5.75258995510432,6.65482103045288,0.902231075348564,5.89923468688857,5.71271548194476,-0.75558634356431,0.186519204943809,0,0.904159165016325,6,5,17,6.93889390390723e-18,19,6
17,7,2,24,24,24,4.70359016506802,4.86957934369576,0.165989178627745,4.78770328421642,4.72280705741428,-0.0818760594793382,0.0648962268021425,0,0.850321890838389,4,4,20,6.93889390390723e-18,20,3
17,8,2,23,23,24,3.7414655577726,3.75336254495471,0.0118969871821171,4.84882204083924,4.74175486250345,1.09545949588452,0.10706717833579,0,0.800453088524073,3,4,19,6.93889390390723e-18,20,3
17,9,2,24,24,24,4.29155349021219,4.46775571757238,0.176202227360184,3.82908168226998,3.82279462327314,-0.638674035302397,0.0062870589968389,0,0.825616358677853,4,3,20,6.93889390390723e-18,21,1
17,10,2,24,24,24,4.41405745924932,4.82924852274413,0.415191063494808,4.76133777674605,4.69723008906232,-0.067910745998085,0.064107687683725,0,0.816734017302252,4,4,20,6.93889390390723e-18,20,3
17,11,2,24,24,24,4.2557676207918,4.10121013035988,-0.154557490431923,4.81537170859979,4.80013287276561,0.714161578239909,0.0152388358341771,0,0.823842055058296,4,4,20,6.93889390390723e-18,20,4
17,12,2,24,24,24,4.63424204261446,4.38849230131092,-0.245749741303533,4.24243947290153,3.83514477433109,-0.146052828409391,0.407294698570442,0,0.928806844970526,4,3,20,6.93889390390723e-18,21,6
17,13,3,24,24,24,4.53884259939723,4.19832476817158,-0.340517831225648,4.35485698174609,4.2193974933227,0.156532213574502,0.135459488423392,0.00520039319175325,0.706436177210954,4,4,20,6.93889390390723e-18,20,4
17,14,3,24,24,24,4.64508352692658,4.67422702701197,0.0291435000853921,4.47685761884773,4.41564943804291,-0.19736940816424,0.0612081808048206,0,0.749468484172282,4,4,20,6.93889390390723e-18,20,5
17,15,3,24,24,24,4.69081947337905,4.60434879477004,-0.0864706786090075,4.66503536619358,4.64878874171096,0.0606865714235409,0.0162466244826227,0,0.709332553450584,4,4,20,6.93889390390723e-18,20,2
17,16,3,24,24,24,4.56721077004377,4.59967264843154,0.032461878387771,4.6440278576916,4.52018355984755,0.0443552092600612,0.123844297844045,0,0.749162949740553,4,4,20,6.93889390390723e-18,20,5
17,17,3,24,24,24,4.33253135321235,4.75121325298513,0.418681899772775,4.72104303192763,4.70225143827096,-0.0301702210574906,0.018791593656676,0,0.760482837214988,4,4,20,6.93889390390723e-18,20,5
17,18,3,24,24,24,4.50547705317162,4.43250141476626,-0.0729756384053619,4.7401519271298,4.72449731433681,0.307650512363536,0.0156546127929831,0,0.771537098280308,4,4,20,6.93889390390723e-18,20,5
17,19,4,23,23,24,4.31777025884708,4.39197791475921,0.0742076559121312,4.76568089101415,4.67076367634397,0.373702976254945,0.09491721467018,0.00693175502245946,0.690661673360603,4,4,19,6.93889390390723e-18,20,4
17,20,4,24,24,24,3.8618600327923,3.97956862536635,0.117708592574044,4.29540083136414,4.24579288763225,0.315832205997794,0.0496079437318926,0,0.687095619565618,4,4,20,6.93889390390723e-18,20,4
17,21,4,24,24,24,4.51429493642047,4.52612022948722,0.0118252930667566,4.41254169802975,4.36579832526753,-0.113578531457468,0.0467433727622248,0,0.708739176045464,4,4,20,6.93889390390723e-18,20,5
17,22,4,24,24,24,4.3104001802053,4.42367134591134,0.113271165706039,4.48446581268695,4.28731333390128,0.0607944667756088,0.197152478785668,0.00673269639119933,0.62427205343951,4,4,20,6.93889390390723e-18,20,5
17,23,4,24,24,24,4.35084063701917,4.61087886025373,0.260038223234558,4.61087886025373,4.61087886025375,0,-1.4210854715202e-14,0,0.684670486023929,4,4,21,6.93889390390723e-18,20,0
17,24,4,24,24,24,4.6408682449957,4.74595284007944,0.105084595083739,4.6725496208891,4.65102951404099,-0.073403219190344,0.0215201068481079,0,0.691137609507468,4,4,20,6.93889390390723e-18,20,2
17,25,5,23,23,24,3.16610557148097,3.71232528141402,0.546219709933048,3.85399663584306,3.78876051455452,0.141671354429046,0.0652361212885384,0.00738176355176767,0.802576294732113,3,3,20,6.93889390390723e-18,21,3
17,26,5,24,24,24,3.08895128737086,3.83402021117046,0.745068923799604,3.75064454266352,3.73613203517674,-0.0833756685069367,0.0145125074867845,0,0.742124051744644,3,3,20,6.93889390390723e-18,21,5
17,27,5,24,24,24,4.48292100718229,4.51894342426026,0.0360224170779677,4.20391359451674,4.11191018016125,-0.315029829743517,0.0920034143554957,0,0.765846146596772,4,4,20,6.93889390390723e-18,20,5
17,28,5,22,22,24,4.32667698006561,4.67255218938902,0.345875209323406,4.68854195689375,4.5644817622307,0.0159897675047267,0.124060194663046,0,0.742825915754281,4,4,18,6.93889390390723e-18,20,4
17,29,5,23,23,24,3.65112774907555,3.67520226375001,0.0240745146744579,4.61566741605356,4.60965821589811,0.940465152303552,0.0060092001554457,0,0.704662282973749,3,4,21,1.11022302462516e-16,20,2
17,30,5,24,24,24,3.80020304588851,3.93699040169462,0.136787355806111,3.70977248746371,3.69948284397499,-0.227217914230904,0.0102896434887194,0,0.728893830843101,4,3,20,6.93889390390723e-18,21,3
17,31,6,24,24,24,4.58961448456158,4.81567370140419,0.226059216842604,4.8507623993231,4.84017096915864,0.0350886979189093,0.0105914301644532,0,0.858468325547284,4,4,20,6.93889390390723e-18,20,0
17,32,6,24,24,24,4.79063409271434,4.83109246426547,0.0404583715511277,4.82915403039833,4.64342037234962,-0.00193843386713866,0.185733658048712,0,0.86768862998724,4,4,20,6.93889390390723e-18,20,2
17,33,6,24,24,24,4.84337478143272,4.87763865396055,0.0342638725278297,4.8511464720883,4.8165845466981,-0.0264921818722561,0.0345619253902019,0,0.881598609765465,4,4,20,6.93889390390723e-18,20,2
17,34,6,21,21,24,3.92652268875186,4.10831101076584,0.181788322013976,4.88680062387142,4.74929697493415,0.778489613105578,0.137503648937272,0.00967910492462831,0.828213534754761,4,4,17,6.93889390390723e-18,20,3
17,35,6,24,24,24,4.16159733068171,4.82792732751025,0.666329996828539,4.56961233008504,4.50895821829876,-0.258314997425213,0.0606541117862758,0,0.842791055316598,4,4,20,6.93889390390723e-18,20,3
17,36,6,24,24,24,4.67141087836403,4.85359451809996,0.18218363973592,4.83957324586324,4.80543260692032,-0.014021272236711,0.034140638942926,0,0.852396511851346,4,4,20,6.93889390390723e-18,20,1
18,1,1,24,24,24,7.09776554536226,7.37931934260555,0.281553797243294,7.40782689698956,7.33218246221904,0.0285075543840039,0.0756444347705205,0,0.83898138620618,7,7,20,6.93889390390723e-18,17,6
18,2,1,24,24,24,6.83782427184568,7.14380207107104,0.305977799225369,7.29652752957917,7.20722255162315,0.152725458508123,0.0893049779560124,0,0.765897192105367,7,7,20,6.93889390390723e-18,17,2
18,3,1,24,24,24,5.99407599081686,5.86570825451124,-0.128367736305624,6.91880812488963,6.86343501748239,1.05309987037839,0.0553731074072363,0,0.826357012156074,6,7,19,6.93889390390723e-18,17,3
18,4,1,24,24,24,5.31967208615178,4.96687391339618,-0.352798172755597,5.61965064179979,5.22159325695941,0.652776728403611,0.398057384840381,0,1.54233994204628,5,5,20,2.77555756156289e-17,19,4
18,5,1,24,24,24,5.33982713999886,5.28148319384391,-0.0583439461549542,5.08433065674944,4.96819268093034,-0.197152537094463,0.116137975819104,0,1.18886773787125,5,5,19,6.93889390390723e-18,19,5
18,6,1,24,24,24,5.65558832712532,7.21813654432383,1.56254821719851,5.94165961452801,5.53437469908239,-1.27647692979582,0.407284915445617,0.00766630683730618,1.14101275025905,7,5,17,6.93889390390723e-18,19,7
18,7,2,24,24,24,4.67557898684013,4.41330224027543,-0.2622767465647,4.41330224027543,4.41330224027696,8.88178419700125e-16,-1.52766688188422e-12,0,0.841818671929979,4,4,20,6.93889390390723e-18,20,0
18,8,2,24,24,24,4.69433731387842,4.79234686201011,0.0980095481316949,4.76704849770329,4.62558777854334,-0.0252983643068232,0.141460719159948,0.0152782499959336,0.717126634231278,4,4,20,6.93889390390723e-18,20,8
18,9,2,24,24,24,3.78456667704041,4.73435573391564,0.949789056875231,4.78117939018233,4.77110200753961,0.0468236562666879,0.0100773826427156,0,0.778497281599273,4,4,20,6.93889390390723e-18,20,6
18,10,2,24,24,24,4.6502577881717,4.80807514700904,0.157817358837345,4.80449256047952,4.70347307830468,-0.00358258652952159,0.101019482174838,0,0.721307365163335,4,4,20,6.93889390390723e-18,20,5
18,11,2,24,24,24,4.75213154403795,4.7493368459557,-0.00279469808225485,4.80681279611938,4.79429262967081,0.0574759501636795,0.012520166448569,0,0.797665552398988,4,4,20,6.93889390390723e-18,20,4
18,12,2,24,24,24,3.79679332658778,3.88331335328219,0.0865200266944117,4.67124859490074,4.45871944378196,0.787935241618543,0.21252915111878,0,0.810328092585931,3,4,20,6.93889390390723e-18,20,2
18,13,3,23,23,24,4.17205512912963,4.31558091707517,0.143525787945533,4.65203723803256,4.48276745987793,0.336456320957396,0.169269778154636,0.024093353531585,0.623438208682265,4,4,19,6.93889390390723e-18,20,6
18,14,3,24,24,24,4.37149294366248,4.30104756800384,-0.0704453756586387,4.34302061497169,4.23410419752403,0.0419730469678532,0.108916417447658,0,0.71100364570044,4,4,20,6.93889390390723e-18,20,5
18,15,3,24,24,24,4.60230085429385,4.50675405951894,-0.095546794774914,4.38793009633298,4.31002809651023,-0.11882396318596,0.0779019998227488,0,0.724669902264146,4,4,20,6.93889390390723e-18,20,3
18,16,3,24,24,24,4.47498172424908,4.38377779323624,-0.0912039310128332,4.48350437795634,4.43682531996515,0.099726584720095,0.0466790579911898,0,0.685016811761806,4,4,20,6.93889390390723e-18,20,6
18,17,3,24,24,24,4.65522892388825,4.6061498047727,-0.0490791191155502,4.47210443743152,4.42364122593971,-0.134045367341175,0.048463211491808,0,0.721476570232634,4,4,20,6.93889390390723e-18,20,6
18,18,3,24,24,24,4.67725234119345,4.7004893589676,0.0232370177741545,4.64602554523887,4.63505028312605,-0.0544638137287317,0.0109752621128214,0,0.754376796206923,4,4,20,6.93889390390723e-18,20,6
18,19,4,23,23,24,4.6171936021083,4.63770939072724,0.0205157886189404,4.62943059904101,4.48753585724095,-0.00827879168622658,0.141894741800062,0,0.632125800232739,4,4,19,6.93889390390723e-18,20,2
18,20,4,24,24,24,4.20333495875592,4.55280357311498,0.349468614359057,4.62801313006096,4.59994453494049,0.0752095569459819,0.0280685951204669,0,0.669122770834103,4,4,20,6.93889390390723e-18,20,4
18,21,4,24,24,24,4.32214034201485,3.85853497307758,-0.463605368937277,4.46594288026184,4.34760072513701,0.607407907184265,0.118342155124826,0,0.683268120649031,4,4,20,6.93889390390723e-18,20,0
18,22,4,23,23,24,4.23777483113498,4.26268456122981,0.0249097300948291,4.01854317422238,3.71711129514812,-0.244141387007428,0.301431879074264,0,0.560870599094832,4,4,19,6.93889390390723e-18,20,7
18,23,4,24,24,24,4.56477007165121,4.51935634514098,-0.0454137265102288,4.38061293588381,4.28269315129376,-0.138743409257168,0.0979197845900535,0,0.635807469968974,4,4,21,1.11022302462516e-16,20,6
18,24,4,24,24,24,4.60451921890058,4.59398587041662,-0.0105333484839552,4.55137138660185,4.53925943440721,-0.0426144838147788,0.0121119521946351,0,0.678955960611462,4,4,20,6.93889390390723e-18,20,4
18,25,5,23,23,24,3.74356496349273,3.78126341181672,0.0376984483239915,3.72679659562525,3.61986955733816,-0.0544668161914741,0.106927038287085,0,0.673019853673634,3,3,19,6.93889390390723e-18,21,7
18,26,5,24,24,24,3.69877071482497,3.73109809940726,0.0323273845822873,3.7879112243326,3.68063671559596,0.0568131249253434,0.107274508736641,0,0.715461738505823,3,3,20,6.93889390390723e-18,21,4
18,27,5,24,24,24,4.07079107835964,4.12928286037948,0.0584917820198472,3.83237517788304,3.7782356553761,-0.296907682496443,0.0541395225069436,0,0.817039547251905,4,3,20,6.93889390390723e-18,21,2
18,28,5,24,24,24,4.51883694460839,4.71689522026075,0.198058275652361,4.54242890628618,4.31107858280528,-0.174466313974577,0.231350323480898,0,0.678687887767769,4,4,21,6.93889390390723e-18,20,2
18,29,5,24,24,24,4.56356163373913,4.59617517763775,0.0326135438986217,4.69707217972507,4.66831498983497,0.100897002087318,0.0287571898901033,0,0.703471814665817,4,4,20,6.93889390390723e-18,20,2
18,30,5,24,24,24,3.66248801553524,3.63059711997765,-0.0318908955575901,4.32967942616594,3.75243298085433,0.699082306188288,0.577246445311612,0,0.808760122083696,3,3,20,6.93889390390723e-18,20,1
18,31,6,24,24,24,4.79176925946706,4.84069443274689,0.0489251732798301,4.75217081001077,4.71284507001107,-0.0885236227361155,0.0393257399996969,0,0.844148203356587,4,4,20,6.93889390390723e-18,20,0
18,32,6,24,24,24,4.59698616862612,4.71892577852244,0.121939609896318,4.83151481470538,4.81804583066309,0.112589036182938,0.0134689840422828,0,0.850668954887893,4,4,20,6.93889390390723e-18,20,1
18,33,6,24,24,24,4.76841870123112,4.76620162712181,-0.00221707410930083,4.74037911468317,4.62561305392668,-0.025822512438646,0.114766060756486,0,0.860866192815774,4,4,21,6.93889390390723e-18,20,2
18,34,6,23,23,24,4.69222169130942,4.64122398957191,-0.0509977017375167,4.74489974747879,4.58009769940072,0.103675757906887,0.164802048078071,0.0180360020826518,0.781376121070365,4,4,19,6.93889390390723e-18,20,3
18,35,6,24,24,24,4.46386863611577,4.21983982756687,-0.244028808548898,4.62498541377708,4.59638943478974,0.405145586210202,0.0285959789873402,0,0.817913931672489,4,4,20,6.93889390390723e-18,20,5
18,36,6,24,24,24,4.75737828085111,4.60280092743457,-0.154577353416546,4.37328064073143,4.31581878051508,-0.229520286703136,0.0574618602163532,0,0.835865647577869,4,4,20,6.93889390390723e-18,20,4
19,1,1,24,24,24,7.25886063759685,8.32431031169344,1.06544967409659,7.28819139346722,7.2268886012594,-1.03611891822622,0.0613027922078233,0,0.801953489019835,8,7,20,6.93889390390723e-18,17,6
19,2,1,24,24,24,7.13515032610692,7.95954487967502,0.824394553568096,8.24053830184161,8.21483259275963,0.280993422166592,0.0257057090819828,0,0.734407884667233,8,8,20,6.93889390390723e-18,16,6
19,3,1,24,24,24,6.79480066730757,6.90189262300671,0.107091955699144,7.68936534606151,7.65649788991088,0.787472723054797,0.0328674561506306,0,0.739498759046479,7,8,19,1.11022302462516e-16,16,3
19,4,1,24,24,24,5.16937732438982,5.80973456245935,0.640357238069528,6.85953362966739,6.75000537080596,1.04979906720804,0.109528258861433,0,0.767916442862564,6,7,20,6.93889390390723e-18,17,6
19,5,1,24,24,24,4.91851075412104,4.560440283851,-0.358070470270038,5.48726085531161,5.36385649107076,0.926820571460609,0.123404364240849,0,1.47613677017045,4,5,20,1.11022302462516e-16,20,5
19,6,1,23,23,24,5.47144130832263,7.03578840277124,1.56434709444861,5.50700153074432,4.98996606721835,-1.52878687202692,0.51703546352597,0,1.16745200888341,7,5,17,6.93889390390723e-18,19,8
19,7,2,24,24,24,4.36916921787419,4.34062643288416,-0.0285427849900364,4.79301487344829,4.70498750737112,0.452388440564137,0.0880273660771724,0,0.795422115713647,4,4,20,6.93889390390723e-18,20,2
19,8,2,22,22,24,4.56420643326193,4.70944746315251,0.145241029890578,4.69946609361518,4.53613233386349,-0.0099813695373312,0.163333759751692,0.00782041888158957,0.718959586543107,4,4,18,6.93889390390723e-18,20,3
19,9,2,24,24,24,4.72339098746422,4.77042744194234,0.0470364544781265,4.74909350892204,4.74808729468564,-0.0213339330203013,0.00100621423640224,0,0.748568593222864,4,4,20,3.46944695195361e-18,20,4
19,10,2,24,24,24,4.65643834752164,4.57982635443612,-0.0766119930855123,4.78986399485296,4.72351785675919,0.210037640416832,0.0663461380937624,0,0.725928207148673,4,4,20,6.93889390390723e-18,20,3
19,11,2,24,24,24,4.7463497033741,4.78966002851879,0.0433103251446934,4.72281690964902,4.71119692753805,-0.0668431188697767,0.0116199821109646,0,0.723769337446295,4,4,20,6.93889390390723e-18,20,4
19,12,2,24,24,24,4.41413224934414,4.79864344729435,0.384511197950214,4.79248745313871,4.790991755743,-0.00615599415564283,0.00149569739571032,0,0.791114538717806,4,4,20,6.93889390390723e-18,20,4
19,13,3,21,21,24,4.41408736528288,4.60753293875516,0.193445573472281,4.60622840374314,4.44606862922129,-0.00130453501201711,0.160159774521849,0.0306050418160817,0.582319832596492,4,4,17,6.93889390390723e-18,20,5
19,14,3,24,24,24,4.19176315554879,3.9614799105098,-0.23028324503899,4.63528436618706,4.62444994135922,0.67380445567726,0.0108344248278369,0,0.671146440921119,4,4,20,6.93889390390723e-18,20,3
19,15,3,24,24,24,4.26692781554512,4.42700123610473,0.160073420559605,4.14188331720352,4.01563147740345,-0.285117918901208,0.126251839800069,0,0.703972678318191,4,4,20,6.93889390390723e-18,20,4
19,16,3,24,24,24,4.3924570667655,4.48752484215864,0.0950677753931393,4.82144981853131,4.34703826828205,0.333924976372673,0.474411550249257,0,0.766301398739738,4,4,20,6.93889390390723e-18,20,0
19,17,3,24,24,24,4.37940481368031,4.23462718311244,-0.144777630567877,4.44726937596561,4.38275539041183,0.212642192853169,0.0645139855537753,0,0.679057999695718,4,4,20,6.93889390390723e-18,20,5
19,18,3,24,24,24,4.58869978029479,4.52457580865769,-0.0641239716370965,4.35355774220156,4.31250179530344,-0.171018066456135,0.0410559468981173,0,0.719409296007283,4,4,20,6.93889390390723e-18,20,6
19,19,4,24,24,24,4.44266049866854,4.36291048220809,-0.0797500164604497,4.48729181858968,4.33263381159034,0.124381336381585,0.154658006999332,0.0122687216395656,0.555883908887191,4,4,20,6.93889390390723e-18,20,6
19,20,4,24,24,24,4.55394508959109,4.66001725305092,0.10607216345983,4.57427124640774,4.54845691436045,-0.0857460066431779,0.025814332047287,0,0.629001469321517,4,4,20,6.93889390390723e-18,20,5
19,21,4,24,24,24,4.30412471788564,4.37629428332704,0.0721695654413974,4.65585027218999,4.6525681504504,0.279555988862947,0.00328212173958597,0,0.66368284628996,4,4,20,6.93889390390723e-18,20,7
19,22,4,24,24,24,3.67994018219664,3.30135217914617,-0.378588003050463,4.22393882658806,4.06801936412271,0.922586647441887,0.155919462465349,0,0.582702597802823,3,4,20,6.93889390390723e-18,20,4
19,23,4,24,24,24,4.23986621978082,4.2833411421626,0.0434749223817787,3.7204238857803,3.63675673093399,-0.562917256382295,0.0836671548463137,0,0.569116847812577,4,4,21,6.93889390390723e-18,20,4
19,24,4,24,24,24,4.49386684006314,4.55717131225635,0.0633044721932121,4.39551593039078,4.35338214894738,-0.16165538186557,0.0421337814433986,0,0.634924029523812,4,4,20,6.93889390390723e-18,20,4
19,25,5,24,24,24,3.58367086176478,3.58901971917504,0.00534885741026292,3.70455295043047,3.5826819347311,0.115533231255425,0.121871015699368,0.00759519716139856,0.684056982931299,3,3,20,6.93889390390723e-18,21,3
19,26,5,24,24,24,3.64383034844,3.71376959566883,0.0699392472288292,3.65227908622966,3.63212961615759,-0.0614905094391713,0.0201494700720679,0.00612905934711616,0.657154966324214,3,3,20,6.93889390390723e-18,21,4
19,27,5,24,24,24,3.74045329882234,3.67190268409661,-0.0685506147257255,3.72247084506733,3.68778341350837,0.0505681609707174,0.0346874315589614,0,0.710606026506052,3,3,20,6.93889390390723e-18,21,1
19,28,5,24,24,24,4.26796779697722,4.20146952703806,-0.0664982699391672,3.73657023674534,3.55821748733842,-0.464899290292717,0.178352749406916,0.0231427469144312,0.707941716668223,4,3,21,6.93889390390723e-18,21,7
19,29,5,24,24,24,4.62163183993662,4.58155745685624,-0.0400743830803778,4.37902783549778,4.31506180239784,-0.202529621358457,0.0639660330999439,0,0.667780274143112,4,4,21,1.11022302462516e-16,20,7
19,30,5,24,24,24,3.71490865104579,3.72221932745796,0.00731067641217686,4.44932824662398,4.32869756835811,0.727108919166014,0.120630678265864,0,0.687328887527564,3,4,20,6.93889390390723e-18,20,1
19,31,6,24,24,24,4.66571661931096,4.83470167532835,0.168985056017382,4.79466742952332,4.78583968209339,-0.0400342458050229,0.00882774742992787,0,0.828918250636081,4,4,20,6.93889390390723e-18,20,3
19,32,6,24,24,24,4.76986537235646,4.74970291085072,-0.0201624615057447,4.83365828235704,4.83105144841019,0.0839553715063257,0.0026068339468539,0,0.836190257631315,4,4,20,6.93889390390723e-18,20,0
19,33,6,24,24,24,4.57935692338742,4.46895383329574,-0.110403090091674,4.71524991041737,4.61133466855163,0.246296077121627,0.103915241865734,0,0.843465100712056,4,4,21,6.93889390390723e-18,20,2
19,34,6,22,22,24,4.51644108034489,4.76138274847058,0.244941668125692,4.64243008504083,4.41787828485677,-0.118952663429748,0.224551800184059,0.00577392539482169,0.744519871972503,4,4,18,6.93889390390723e-18,20,4
19,35,6,24,24,24,4.55042554044184,4.80433481793922,0.253909277497386,4.79388359416995,4.76487497902696,-0.0104512237692731,0.0290086151429891,0,0.790916732520566,4,4,20,6.93889390390723e-18,20,3
19,36,6,24,24,24,4.27266059270993,4.6722665427285,0.399605950018572,4.80023548621324,4.79637856533309,0.127968943484738,0.00385692088014533,0,0.80956948766267,4,4,20,3.46944695195361e-18,20,3
20,1,1,24,24,24,7.15461971524681,7.14557592111006,-0.00904379413674139,6.50151425807912,6.38421587660148,-0.644061663030942,0.117298381477642,0,1.1040570827328,7,6,20,1.11022302462516e-16,18,6
20,2,1,24,24,24,8.13268426683203,8.11609834760516,-0.0165859192268751,7.40470542997033,7.34080317350793,-0.711392917634832,0.0639022564624021,0,1.00453600788439,8,7,20,1.11022302462516e-16,17,4
20,3,1,24,24,24,7.57993291101177,7.54722054330039,-0.0327123677113814,8.03121790859669,7.99783298991108,0.483997365296306,0.0333849186856146,0,0.72848917403928,7,8,21,1.11022302462516e-16,16,6
20,4,1,24,24,24,6.6825053170979,7.20136923408202,0.51886391698412,7.31007314010887,7.23088445209906,0.108703906026848,0.0791886880098014,0,0.94054380537906,7,7,19,1.11022302462516e-16,17,6
20,5,1,24,24,24,5.31021792616005,6.65390628454247,1.34368835838242,7.20110538173987,7.04966198059572,0.547199097197407,0.151443401144153,0.00552286547275571,0.753113698193218,6,7,18,6.93889390390723e-18,17,5
20,6,1,24,24,24,4.94006640654617,6.16082055562188,1.22075414907571,6.79824668248269,6.5436216461001,0.637426126860807,0.254625036382591,0,1.1898539923285,6,6,17,6.93889390390723e-18,17,5
20,7,2,24,24,24,4.65793763229741,4.68158704645608,0.0236494141586689,4.7321349783894,4.70113028631013,0.050547931933326,0.0310046920792733,0,0.782602995454375,4,4,20,6.93889390390723e-18,20,3
20,8,2,23,23,24,4.48302879583208,4.71083565257918,0.227806856747101,4.74882755780366,4.40437001973689,0.0379919052244864,0.344457538066772,0.016787797448635,0.648573488378564,4,4,19,6.93889390390723e-18,20,5
20,9,2,24,24,24,4.70060642173879,4.69137138727488,-0.0092350344639085,4.7262762344671,4.72335139800742,0.0349048471922178,0.00292483645967323,0,0.72613391984682,4,4,20,6.93889390390723e-18,20,7
20,10,2,24,24,24,4.6762826781916,4.66481634299091,-0.0114663352006978,4.76990116270322,4.66034394983647,0.105084819712315,0.109557212866754,0,0.697909321996538,4,4,20,6.93889390390723e-18,20,5
20,11,2,24,24,24,4.66408495826267,4.65278502620306,-0.0112999320596092,4.66820793843111,4.63059648996959,0.0154229122280443,0.0376114484615178,0,0.7018374225798,4,4,20,6.93889390390723e-18,20,4
20,12,2,24,24,24,4.74308183818556,4.73452335531401,-0.00855848287155325,4.69160540187089,4.67465811775097,-0.0429179534431192,0.0169472841199241,0,0.728208250732287,4,4,20,6.93889390390723e-18,20,3
20,13,3,20,20,24,4.37130895153116,4.01138578924256,-0.359923162288602,4.26587227017506,4.05304790279892,0.254486480932502,0.212824367376141,0.00719441286905464,0.592941338417664,4,4,16,6.93889390390723e-18,20,4
20,14,3,24,24,24,4.57820544194563,4.55217844620472,-0.0260269957409136,4.29449550383117,4.26586491146293,-0.257682942373552,0.0286305923682333,0,0.639257185679344,4,4,20,6.93889390390723e-18,20,4
20,15,3,24,24,24,3.97547516262941,3.95623095025527,-0.0192442123741419,4.49513054177038,4.43846179509435,0.538899591515106,0.0566687466760269,0,0.671790629665852,4,4,20,6.93889390390723e-18,20,2
20,16,3,24,24,24,4.30356788559923,4.44542875427002,0.141860868670786,4.15058333210009,3.86004385852154,-0.294845422169926,0.290539473578552,0.00667978688177184,0.629354181791464,4,4,20,6.93889390390723e-18,20,7
20,17,3,24,24,24,4.33892783650771,4.17391738026653,-0.165010456241179,4.40434708570245,4.34874513741605,0.230429705435914,0.0556019482863963,0,0.684969493894437,4,4,20,6.93889390390723e-18,20,7
20,18,3,24,24,24,4.26937677735041,4.37058251745485,0.101205740104441,4.2660372911468,4.20286172082993,-0.104545226308046,0.0631755703168704,0,0.679081906911201,4,4,20,6.93889390390723e-18,20,4
20,19,4,22,22,24,4.27716143905127,4.36117304152875,0.0840116024774762,4.14694561707059,3.97799941655627,-0.214227424458154,0.168946200514322,0.0134328444861107,0.524038360907005,4,4,18,6.93889390390723e-18,20,5
20,20,4,24,24,24,4.50297234521685,4.52089087942117,0.0179185342043215,4.44401765650796,4.42034251243556,-0.0768732229132079,0.0236751440723948,0,0.594921694798773,4,4,20,6.93889390390723e-18,20,4
20,21,4,24,24,24,4.6060424689459,4.56629801346732,-0.0397444554785764,4.55574252211402,4.53249816256487,-0.0105554913532986,0.0232443595491567,0.00964819291945851,0.615910131689462,4,4,20,6.93889390390723e-18,20,3
20,22,4,24,24,24,4.02733917048148,4.57089475641061,0.543555585929123,4.58270488374917,4.53838896762113,0.0118101273385687,0.0443159161280429,0,0.587199598442762,4,4,20,6.93889390390723e-18,20,7
20,23,4,24,24,24,3.60038916362465,3.82596013433626,0.225570970711612,4.54514678355658,4.53528694383737,0.719186649220312,0.00985983971920046,0,0.566289099238027,4,4,20,3.46944695195361e-18,20,7
20,24,4,24,24,24,4.30984832745791,4.00548107810669,-0.304367249351221,3.93676548143446,3.86202331068809,-0.0687155966722326,0.074742170746362,0,0.577015314332845,4,4,20,6.93889390390723e-18,20,4
20,25,5,23,23,24,3.539335870194,3.56681274691331,0.0274768767193092,4.59754480675178,4.54717843824252,1.03073205983846,0.0503663685092555,0,0.660853658582523,3,4,19,6.93889390390723e-18,20,6
20,26,5,23,23,23,3.58974055124237,3.65048623252426,0.0607456812818912,3.65377591712342,3.64722663116969,0.00328968459915968,0.00654928595373372,0,0.662674882716309,3,3,20,6.93889390390723e-18,20,4
20,27,5,24,24,24,3.65090557937328,3.63595261676745,-0.0149529626058365,3.66952747398207,3.66721629724191,0.0335748572146279,0.0023111767401649,0.00841309151655878,0.659704908172837,3,3,20,6.93889390390723e-18,21,3
20,28,5,21,21,24,3.49972399301975,3.64108289563875,0.141358902618996,3.66233063184286,3.50963625780557,0.021247736204109,0.152694374037284,0.0094267397217731,0.626663852652431,3,3,18,6.93889390390723e-18,21,2
20,29,5,24,24,24,4.27191118437386,4.30856443614904,0.0366532517751788,3.82339165860985,3.77519579413034,-0.485172777539194,0.0481958644795055,0,0.825706542322762,4,3,21,1.11022302462516e-16,21,2
20,30,5,24,24,24,4.28541059267453,4.67208590732581,0.386675314651277,4.54537048454794,4.51682903905689,-0.126715422777867,0.0285414454910518,0,0.661373897061376,4,4,20,6.93889390390723e-18,20,4
20,31,6,24,24,24,4.73798128527246,4.75123042863761,0.01324914336515,4.76339240371828,4.75251064494274,0.0121619750806659,0.0108817587755361,0,0.803924911572814,4,4,20,6.93889390390723e-18,20,4
20,32,6,24,24,24,4.78274093392609,4.79750508003086,0.0147641461047749,4.77836617697145,4.74805657019812,-0.0191389030594165,0.0303096067733293,0,0.821847420571712,4,4,20,6.93889390390723e-18,20,3
20,33,6,24,24,24,4.56522132186612,4.80162956063162,0.236408238765498,4.81891929856205,4.81500110771296,0.0172897379304366,0.00391819084909617,0,0.828590134271438,4,4,21,0,20,0
20,34,6,23,23,24,4.36798331586733,4.54250532814776,0.174522012280431,4.7835937310249,4.70094382033036,0.241088402877132,0.0826499106945393,0.0152245792742391,0.725059113893542,4,4,19,6.93889390390723e-18,20,4
20,35,6,24,24,24,4.71722622923669,4.68728128894486,-0.0299449402918333,4.60970256766969,4.46815360164255,-0.077578721275172,0.141548966027133,0,0.75420151625877,4,4,20,6.93889390390723e-18,20,5
20,36,6,24,24,24,4.74841477967976,4.76005683661131,0.0116420569315485,4.7174025064119,4.63612059318549,-0.0426543301994151,0.0812819132264027,0,0.786744173984741,4,4,20,6.93889390390723e-18,20,3
21,1,1,24,24,24,6.32037371783547,6.20476810964619,-0.115605608189279,6.58787963345573,6.40290397074419,0.383111523809543,0.184975662711544,0,1.13855826548015,6,6,19,6.93889390390723e-18,17,2
21,2,1,24,24,24,7.26739514177285,7.08975811406396,-0.177637027708887,6.51140432391071,6.47331547737166,-0.578353790153249,0.0380888465390541,0,1.2080101129663,7,6,20,1.11022302462516e-16,18,5
21,3,1,24,24,24,7.91785466001197,8.15656075951326,0.23870609950129,7.51298412721827,7.47448098537773,-0.643576632294987,0.0385031418405459,0,0.966206510315236,8,7,21,1.11022302462516e-16,17,3
21,4,1,24,24,24,7.15857560757807,7.05000310078159,-0.108572506796486,7.94622019519324,7.91475506268802,0.896217094411656,0.0314651325052226,0,0.723424775481625,7,8,19,1.11022302462516e-16,16,4
21,5,1,23,23,24,6.97369772397173,6.73024979351306,-0.243447930458673,7.08183959561582,7.04860965082259,0.351589802102755,0.0332299447932209,0,0.935526549761535,7,7,17,6.93889390390723e-18,17,6
21,6,1,24,24,24,6.4781854296391,6.68496775951928,0.206782329880181,6.89256356611053,6.55881843133448,0.207595806591252,0.333745134776046,0,0.711244905183677,7,7,17,6.93889390390723e-18,17,7
21,7,2,24,24,24,4.65411898344703,4.39774425779659,-0.256374725650437,4.52828206973578,4.47715476454701,0.130537811939187,0.0511273051887686,0,0.725290897652626,4,4,20,6.93889390390723e-18,20,4
21,8,2,22,22,24,4.34370640006537,4.08218122768867,-0.261525172376703,4.3424537590188,4.07093914630209,0.260272531330129,0.271514612716712,0.00724014628633274,0.655266844812716,4,4,18,6.93889390390723e-18,20,4
21,9,2,24,24,24,4.67611788402735,4.71881603374501,0.0426981497176611,4.65152993731526,4.27976130972209,-0.0672860964297515,0.371768627593166,0,0.682297437875217,4,4,20,6.93889390390723e-18,20,2
21,10,2,24,24,24,4.6137405103381,4.59664098294373,-0.0170995273943708,4.76314184928339,4.68083081887416,0.166500866339661,0.082311030409226,0,0.68166331801247,4,4,20,6.93889390390723e-18,20,4
21,11,2,24,24,24,4.58429052506989,4.69249229155074,0.10820176648085,4.66287189814569,4.64248335710252,-0.0296203934050521,0.0203885410431761,0,0.68001390925031,4,4,20,6.93889390390723e-18,20,5
21,12,2,24,24,24,4.62791153657346,4.55991306293922,-0.0679984736342405,4.6934305659199,4.67998765861256,0.133517502980687,0.0134429073073425,0,0.698651442965259,4,4,20,6.93889390390723e-18,20,4
21,13,3,23,23,24,4.00539495503056,3.8351813553905,-0.170213599640066,4.18953979830704,3.9851927632371,0.354358442916539,0.204347035069939,0.0175060714912165,0.542904139254242,4,4,19,6.93889390390723e-18,20,7
21,14,3,24,24,24,4.2232062623483,4.35595739003025,0.132751127681949,4.05599672478731,4.00971455615024,-0.29996066524294,0.0462821686370738,0,0.604104042826994,4,4,20,3.46944695195361e-18,20,6
21,15,3,24,24,24,4.39407717714341,4.41509113016219,0.0210139530187812,4.38482336735584,4.35180976319566,-0.0302677628063464,0.0330136041601801,0,0.640725151288545,4,4,20,6.93889390390723e-18,20,3
21,16,3,23,23,24,3.81483043092337,4.49777734732038,0.682946916397012,4.44784219493294,4.31564295650924,-0.0499351523874463,0.132199238423698,0,0.631853551051904,4,4,19,6.93889390390723e-18,20,2
21,17,3,24,24,24,4.30525768604189,4.38012258312267,0.0748648970807819,4.49741614385138,4.47907468910237,0.117293560728708,0.0183414547490113,0,0.644889120597666,4,4,20,6.93889390390723e-18,20,3
21,18,3,24,24,24,4.16083310362163,4.35796174576764,0.197128642146003,4.38538740813334,4.33120405467273,0.027425662365709,0.0541833534606102,0,0.659347547437198,4,4,20,6.93889390390723e-18,20,4
21,19,4,22,22,24,3.92492090634946,3.6515439143089,-0.273376992040555,4.05282508182756,3.86916414015761,0.401281167518656,0.183660941669948,0.0214282137395392,0.462090206406605,4,4,18,6.93889390390723e-18,20,6
21,20,4,24,24,24,4.37613908731121,4.46474998142818,0.0886108941169734,4.08949804841192,4.0219502442564,-0.375251933016262,0.0675478041555184,0,0.555365507528309,4,4,20,6.93889390390723e-18,20,6
21,21,4,23,23,24,4.47762146994895,4.28062259979023,-0.196998870158721,4.44721475628783,4.42319840272618,0.166592156497596,0.0240163535616515,0,0.596311385234955,4,4,19,6.93889390390723e-18,20,4
21,22,4,24,24,24,4.49300507794492,4.53645484996657,0.0434497720216518,4.40703615813241,4.26260336299884,-0.129418691834166,0.144432795133572,0,0.529900490221,4,4,20,6.93889390390723e-18,20,5
21,23,4,24,24,24,4.489934074399,4.49070603024184,0.000771955842839844,4.52756160983604,4.51287738522147,0.0368555795942029,0.0146842246145695,0,0.562019125499993,4,4,21,1.11022302462516e-16,20,4
21,24,4,24,24,24,3.82340307758121,4.19030353527379,0.366900457692574,4.45543746584417,4.43542964310962,0.265133930570382,0.0200078227345468,0,0.559709933165513,4,4,20,3.46944695195361e-18,20,4
21,25,5,24,24,24,4.5017066538601,4.45955547505817,-0.0421511788019231,4.61190058316434,4.55590886361596,0.152345108106171,0.0559917195483841,0,0.658790857779727,4,4,20,6.93889390390723e-18,20,4
21,26,5,23,23,24,3.61075436485799,3.60352211976942,-0.00723224508856601,4.10294569346354,3.99516663027634,0.499423573694115,0.107779063187197,0,0.648653094250775,3,4,20,6.93889390390723e-18,20,2
21,27,5,23,23,23,3.6222151736681,3.65307871516814,0.0308635415000378,3.64896693847911,3.64579445882777,-0.00411177668902596,0.0031724796513406,0,0.651993863241912,3,3,20,6.93889390390723e-18,20,3
21,28,5,23,23,24,3.46520742290296,3.63003712126732,0.164829698364354,3.67077818016022,3.58328667640697,0.0407410588929089,0.0874915037532564,0.00764292099552444,0.575899863732757,3,3,19,6.93889390390723e-18,21,6
21,29,5,24,24,24,3.73744383618904,3.5784514266689,-0.158992409520133,3.64862278851656,3.60331032955627,0.0701713618476525,0.0453124589602889,0,0.65356492405092,3,3,21,1.11022302462516e-16,21,6
21,30,5,24,24,24,4.47166074866632,4.59646996777969,0.124809219113374,4.01867932612779,3.94322850099506,-0.577790641651899,0.0754508251327368,0,0.628798876256664,4,4,20,6.93889390390723e-18,21,3
21,31,6,24,24,24,4.70498553849331,4.72108120568061,0.0160956671872947,4.63519508112072,4.44902810211225,-0.0858861245598872,0.186166979008473,0.00999064024074414,0.772198664720106,4,4,20,6.93889390390723e-18,20,2
21,32,6,24,24,24,4.70057600449614,4.680105123189,-0.0204708813071379,4.71280106046032,4.69718522106312,0.0326959372713187,0.0156158393971921,0,0.799147617849683,4,4,20,6.93889390390723e-18,20,4
21,33,6,24,24,24,4.76685109663583,4.80266997038448,0.0358188737486573,4.77317773145117,4.7628487463286,-0.0294922389333152,0.0103289851225643,0,0.814705648385972,4,4,21,6.93889390390723e-18,20,3
21,34,6,22,22,24,4.63886204864556,4.64965407378631,0.0107920251407503,4.77416490532911,4.76044692818792,0.124510831542806,0.0137179771411882,0,0.788365692308243,4,4,18,6.93889390390723e-18,20,3
21,35,6,24,24,24,4.42347206562613,4.43339002124057,0.00991795561444153,4.675490797172,4.57180177371399,0.242100775931434,0.103689023458011,0.00991008676781835,0.732262118748782,4,4,20,6.93889390390723e-18,20,3
21,36,6,24,24,24,4.58975938725364,4.54038378970755,-0.049375597546085,4.47026800355821,4.34291150381902,-0.0701157861493478,0.127356499739189,0,0.754476825792403,4,4,20,6.93889390390723e-18,20,2
22,1,1,24,24,24,6.33887493103675,6.33496042114359,-0.003914509893157,6.7422313815917,6.60039855399124,0.407270960448116,0.141832827600466,0,0.708786160229963,6,7,20,1.11022302462516e-16,17,5
22,2,1,24,24,24,6.40858232259794,6.17153918901701,-0.237043133580935,6.31775915226598,6.26023711823492,0.146219963248971,0.0575220340310594,0.00984175690952238,1.09139484664578,6,6,19,1.11022302462516e-16,18,1
22,3,1,24,24,24,7.39973617552395,7.02363139286135,-0.376104782662605,6.51462497801835,6.46936385692792,-0.509006414842997,0.0452611210904301,0,1.33076551945013,7,6,18,6.93889390390723e-18,17,6
22,4,1,24,24,24,7.83560751206114,7.56219915079633,-0.273408361264812,7.56219915079633,7.56219915079579,0,5.34683408659475e-13,0,1.19194580351641,7,7,19,6.93889390390723e-18,17,0
22,5,1,24,24,24,6.97812355431437,6.97419956043613,-0.00392399387823872,7.4722190707758,7.4147194922288,0.498019510339669,0.0574995785469996,0,1.19050305487571,7,7,18,6.93889390390723e-18,17,4
22,6,1,24,24,24,6.49323024702114,6.86348696827681,0.370256721255672,7.19064872061345,6.9819627921375,0.327161752336642,0.208685928475957,0,0.748778184139797,7,7,16,6.93889390390723e-18,17,7
22,7,2,24,24,24,4.43238321690154,4.71517693497941,0.282793718077877,4.67060300749759,4.53093514077154,-0.044573927481828,0.139667866726048,0,0.696690761294521,4,4,20,6.93889390390723e-18,20,0
22,8,2,23,23,24,4.0230620100156,4.30365982414556,0.280597814129964,4.7016194289412,4.57859923900637,0.397959604795642,0.123020189934832,0.0214315660595084,0.577451738419483,4,4,19,6.93889390390723e-18,20,5
22,9,2,24,24,24,4.23696369662487,3.83202571562493,-0.404937980999941,4.22186266578984,4.03185611596038,0.389836950164906,0.190006549829453,0,0.662439264138732,3,4,20,6.93889390390723e-18,20,6
22,10,2,24,24,24,4.63402251068542,4.67480022277554,0.0407777120901143,4.62116904002101,4.42381619562282,-0.0536311827545299,0.197352844398188,0.014491115657413,0.617028190434637,4,4,20,6.93889390390723e-18,20,6
22,11,2,24,24,24,4.59605852353149,4.67164704451041,0.0755885209789184,4.67288119093451,4.65549563005336,0.00123414642410502,0.0173855608811477,0,0.655649586504141,4,4,20,6.93889390390723e-18,20,6
22,12,2,24,24,24,4.63318778202643,4.59500693885433,-0.0381808431721016,4.67398018212457,4.66973587105043,0.0789732432702372,0.00424431107413969,0,0.675540828560034,4,4,20,6.93889390390723e-18,20,4
22,13,3,21,21,24,3.92800982482842,4.135450785995,0.207440961166576,4.64432993238727,4.50260847310166,0.508879146392277,0.141721459285616,0.00500244656671711,0.544303209909799,4,4,17,6.93889390390723e-18,20,5
22,14,3,24,24,24,3.96961741058873,4.2811906559737,0.311573245384968,4.21768881680458,4.16803729335661,-0.0635018391691267,0.0496515234479649,0.0096484421987828,0.567960872910985,4,4,20,6.93889390390723e-18,20,4
22,15,3,24,24,24,4.30829166556371,4.51802454943314,0.209732883869434,4.39271727073591,4.33750473744487,-0.125307278697229,0.0552125332910416,0,0.605223080870728,4,4,20,6.93889390390723e-18,20,3
22,16,3,24,24,24,4.27248652694415,4.10467744991193,-0.167809077032215,4.4541495686776,4.34065625004335,0.349472118765671,0.113493318634254,0,0.594661561183863,4,4,20,6.93889390390723e-18,20,3
22,17,3,24,24,24,4.43428394221135,4.315871553625,-0.118412388586348,4.20408159006604,4.08880960847267,-0.111789963558961,0.115271981593366,0.0087361657897338,0.606343578113807,4,4,20,6.93889390390723e-18,20,2
22,18,3,24,24,24,4.28789201412601,4.64372309040789,0.355831076281879,4.53076272981738,4.5111357168851,-0.112960360590504,0.0196270129322791,0,0.641425616174258,4,4,20,6.93889390390723e-18,20,4
22,19,4,21,21,24,3.80925856715389,4.43526541874479,0.626006851590905,4.38055304694165,4.22617775505938,-0.0547123718031495,0.154375291882267,0.00605642803927697,0.472228733240772,4,4,17,6.93889390390723e-18,20,5
22,20,4,24,24,24,3.98173074181384,4.17714283762236,0.195412095808527,4.46911853872144,4.4547157998006,0.291975701099079,0.0144027389208423,0,0.516424887347112,4,4,20,6.93889390390723e-18,20,5
22,21,4,24,24,24,4.37896641869891,4.30890261640188,-0.0700638022970335,4.24591935505312,4.21104498342091,-0.0629832613487604,0.034874371632208,0,0.558698281453908,4,4,20,3.46944695195361e-18,20,3
22,22,4,24,24,24,4.21997732936885,4.52384544513329,0.303868115764444,4.53024180631542,4.38950153176941,0.0063963611821265,0.140740274546005,0.00914443055237868,0.472699469669324,4,4,20,6.93889390390723e-18,20,7
22,23,4,24,24,24,4.46774861136926,4.40746093209025,-0.060287679279007,4.52905702646458,4.52387396687365,0.121596094374333,0.00518305959093635,0,0.528091766366114,4,4,21,6.93889390390723e-18,20,4
22,24,4,24,24,24,4.39107534667852,4.25634638273653,-0.134728963941994,4.37679855933402,4.36603651405695,0.120452176597484,0.0107620452770618,0,0.551340787807879,4,4,20,6.93889390390723e-18,20,4
22,25,5,24,24,24,4.5103497749798,4.53126919918909,0.0209194242092918,4.20380463007187,4.01227500883931,-0.327464569117221,0.191529621232566,0.0169502965556294,0.594635941203062,4,4,20,6.93889390390723e-18,20,7
22,26,5,24,24,24,3.95521496397358,3.96162075796264,0.00640579398906516,4.47195550466443,4.43778169903051,0.510334746701789,0.034173805633924,0,0.640895662962177,4,4,20,6.93889390390723e-18,20,8
22,27,5,23,23,24,3.60933651423949,3.60447230108904,-0.00486421315045549,3.80771657696504,3.68732662340213,0.203244275876006,0.120389953562914,0,0.641615454210744,3,4,20,6.93889390390723e-18,21,2
22,28,5,23,23,24,3.53988731785733,3.52843082181552,-0.0114564960418044,3.60912501008625,3.52191035527181,0.0806941882707233,0.0872146548144346,0.00817893277851489,0.570498997426687,3,3,19,6.93889390390723e-18,21,3
22,29,5,24,24,24,3.56727722626071,3.65961963283505,0.0923424065743443,3.58766568823467,3.58593702144005,-0.0719539446003812,0.00172866679461814,0,0.596230320011342,3,3,20,6.93889390390723e-18,21,3
22,30,5,24,24,24,3.90379621598511,3.84645460140861,-0.057341614576496,3.70578252136065,3.69927881752105,-0.140672080047962,0.00650370383959453,0,0.708359067344135,4,3,20,6.93889390390723e-18,21,3
22,31,6,23,23,24,4.39464708725279,4.46808352765636,0.0734364404035714,4.66336076752236,4.6154152572274,0.195277239865998,0.0479455102949569,0,0.753968915284084,4,4,19,6.93889390390723e-18,20,1
22,32,6,24,24,24,4.65021336885249,4.63817401041783,-0.0120393584346612,4.55552630936551,4.4453498612163,-0.0826477010523199,0.110176448149214,0,0.780838536850042,4,4,20,6.93889390390723e-18,20,2
22,33,6,24,24,24,4.71522025886532,4.71617729996815,0.000957041102829237,4.68680021610675,4.66186608608524,-0.0293770838613971,0.0249341300215145,0,0.794422096420686,4,4,21,6.93889390390723e-18,20,4
22,34,6,24,24,24,4.71284245890605,4.7441247421507,0.031282283244658,4.7559376261911,4.66157182366926,0.011812884040399,0.0943658025218381,0,0.741522320215761,4,4,21,6.93889390390723e-18,20,4
22,35,6,23,23,24,4.51627277007671,4.72092886951213,0.204656099435415,4.7529829060726,4.74460960705083,0.0320540365604751,0.00837329902177686,0,0.759207842846073,4,4,19,6.93889390390723e-18,20,2
22,36,6,24,24,24,4.29948238878083,4.68937064818749,0.38988825940666,4.73195084021605,4.70826852238578,0.0425801920285593,0.0236823178302616,0,0.738892135402175,4,4,20,6.93889390390723e-18,20,2
23,1,1,24,24,24,6.53439456845133,6.59111456786835,0.0567199994170231,7.38324116921693,7.13232252476752,0.79212660134858,0.250918644449407,0,1.11533185294618,7,7,20,6.93889390390723e-18,16,6
23,2,1,23,23,24,6.18789140771214,6.61701739652629,0.429125988814144,6.72052488835462,6.64571326825416,0.103507491828329,0.0748116201004558,0,0.70384569686825,6,7,19,6.93889390390723e-18,18,4
23,3,1,24,24,24,6.40467021835864,6.77291470999782,0.368244491639182,6.69223470431706,6.56348939140756,-0.0806800056807635,0.128745312909501,0,1.0501876567342,7,6,18,6.93889390390723e-18,18,3
23,4,1,24,24,24,7.48657715928784,7.6907461796364,0.20416902034856,7.21936037834757,7.08895179480181,-0.471385801288832,0.130408583545757,0,0.912584753031469,8,7,19,6.93889390390723e-18,17,4
23,5,1,24,24,24,7.34057229730651,7.43038580430941,0.0898135070029005,7.66856528872036,7.61779469781536,0.238179484410947,0.0507705909049987,0,1.20956083647807,7,7,18,5.55111512312578e-17,16,6
23,6,1,24,24,24,6.91214316421612,7.6581539106992,0.746010746483079,7.98780639679867,7.63831035450968,0.329652486099469,0.349496042288983,0.00962852823275995,0.590938714144946,8,8,16,6.93889390390723e-18,16,4
23,7,2,24,24,24,4.48562578936382,4.18935770745311,-0.296268081910717,4.67232124041205,4.66832462919205,0.482963532958947,0.00399661122000605,0,0.672352541198748,4,4,20,6.93889390390723e-18,20,2
23,8,2,21,21,24,4.51159599621739,4.57164408961406,0.0600480933966692,4.6234337656971,4.5653926027237,0.0517896760830414,0.0580411629734083,0.00847519200125291,0.647285573212771,4,4,17,6.93889390390723e-18,20,2
23,9,2,24,24,24,3.99153755480078,3.48266128169813,-0.508876273102647,4.62249762883693,4.61583749539222,1.1398363471388,0.00666013344471139,0,0.616881818912241,3,4,20,6.93889390390723e-18,20,3
23,10,2,22,22,24,4.36523182916575,4.59799146847308,0.232759639307329,6.88213308125183,6.66024946202443,2.28414161277875,0.2218836192274,0,0.684264888969566,4,6,18,6.93889390390723e-18,18,4
23,11,2,24,24,24,4.60894067375283,4.64894059210068,0.0399999183478545,4.65252025801878,4.64814934450406,0.00357966591810044,0.00437091351472674,0,0.652451903976964,4,4,20,3.46944695195361e-18,20,3
23,12,2,24,24,24,4.62303851233992,4.66848459946564,0.0454460871257218,4.65443818454306,4.64994990325588,-0.0140464149225883,0.00448828128717249,0,0.650211093939141,4,4,20,6.93889390390723e-18,20,4
23,13,3,23,23,24,4.45262996626959,4.28948130436405,-0.16314866190554,4.59176542253032,4.51616800899267,0.302284118166268,0.0755974135376531,0,0.553471061376781,4,4,19,6.93889390390723e-18,20,1
23,14,3,23,23,23,4.11680496264625,3.86938589214096,-0.247419070505294,4.20246710017629,4.14164334289175,0.333081208035335,0.0608237572845365,0.0195716244525981,0.518116086332223,4,4,19,6.93889390390723e-18,19,8
23,15,3,24,24,24,4.29412969007042,4.07345304881859,-0.220676641251828,3.94398822039279,3.90490897928643,-0.129464828425801,0.0390792411063678,0,0.579828278851877,4,4,20,6.93889390390723e-18,20,3
23,16,3,24,24,24,4.29724968754291,4.57760720314363,0.280357515600715,4.46275727073832,4.19818323087267,-0.114849932405306,0.264574039865657,0.0143025531117607,0.50432471395563,4,4,20,6.93889390390723e-18,20,7
23,17,3,23,23,24,4.03927270825611,3.95676560576096,-0.0825071024951431,4.55672333534391,4.53971154420851,0.59995772958295,0.0170117911354088,0.00927330971331131,0.581379248605269,4,4,19,6.93889390390723e-18,20,6
23,18,3,24,24,24,4.46602435971625,4.62753123532312,0.16150687560687,4.41996471670966,4.30209532477291,-0.207566518613467,0.117869391936746,0,0.615231362093575,4,4,20,6.93889390390723e-18,20,2
23,19,4,23,23,24,4.1779201137499,4.27642352849034,0.0985034147404376,4.36232041139875,4.23287911110502,0.085896882908413,0.129441300293729,0.0157768975107615,0.450966645571833,4,4,19,6.93889390390723e-18,20,6
23,20,4,24,24,24,4.4101686418026,4.50706792901685,0.0968992872142538,4.43143469692991,4.41223901394607,-0.0756332320869433,0.0191956829838373,0.00936818540269613,0.471666610001949,4,4,20,3.46944695195361e-18,20,6
23,21,4,24,24,24,4.1689345335867,3.77762909493337,-0.391305438653337,4.50132581895962,4.49602509883189,0.723696724026254,0.00530072012773264,0,0.520332532516324,4,4,20,3.46944695195361e-18,20,3
23,22,4,23,23,24,4.33655353020486,4.08135134421524,-0.255202185989625,3.79893376181659,3.56976531961794,-0.282417582398646,0.229168442198648,0.0173317373342337,0.424171089320704,4,4,19,6.93889390390723e-18,20,5
23,23,4,24,24,24,4.47863522720491,4.51118106101446,0.0325458338095466,4.41707127352085,4.4055266896382,-0.0941097874936059,0.0115445838826522,0,0.488883368424002,4,4,20,3.46944695195361e-18,20,3
23,24,4,24,24,24,4.32237614891639,4.41355775307188,0.0911816041554951,4.51463914626561,4.51171484920509,0.101081393193725,0.00292429706051234,0,0.526938629162052,4,4,20,6.93889390390723e-18,20,4
23,25,5,22,22,24,3.95537146516084,4.26234693450895,0.306975469348106,4.41271172156489,4.28866388511647,0.150364787055941,0.124047836448416,0,0.59997136115056,4,4,18,0,20,4
23,26,5,24,24,24,4.3934038820402,4.49009445099884,0.0966905689586355,4.37727124498763,4.35681081958068,-0.112823206011211,0.0204604254069451,0,0.621816931780861,4,4,20,6.93889390390723e-18,20,5
23,27,5,24,24,24,3.65045335716811,3.96998902094826,0.319535663780155,4.41397645623074,4.38713182782147,0.443987435282478,0.0268446284092674,0,0.631098832947115,4,4,20,6.93889390390723e-18,20,3
23,28,5,23,23,24,3.47859410826837,3.56254562967733,0.0839515214089626,3.75428642235775,3.61823252450265,0.191740792680418,0.136053897855093,0.0204965987531711,0.653444876214638,3,3,20,6.93889390390723e-18,21,5
23,29,5,24,24,24,3.55007765122565,3.51245923037722,-0.0376184208484274,3.56921660565889,3.5642290065617,0.056757375281669,0.00498759909718949,0.00874024244558225,0.56302950429939,3,3,20,6.93889390390723e-18,21,6
23,30,5,24,24,24,3.66228602934584,4.37896350338996,0.716677474044113,3.62079393313991,3.61507620060442,-0.758169570250045,0.00571773253549424,0,0.635741074553771,4,3,20,6.93889390390723e-18,21,3
23,31,6,24,24,24,4.56926110465513,4.63933112973398,0.0700700250788575,4.73014100389855,4.70629670521761,0.090809874164564,0.0238442986809382,0,0.735528231883691,4,4,20,6.93889390390723e-18,20,1
23,32,6,24,24,24,4.40089636260414,4.76772179150841,0.366825428904273,4.71552494994579,4.68918402243719,-0.0521968415626146,0.0263409275086,0,0.752183631500495,4,4,20,6.93889390390723e-18,20,1
23,33,6,24,24,24,4.61524742522438,4.67729561318849,0.0620481879641055,4.76813813816587,4.76601252694756,0.0908425249773757,0.00212561121830479,0,0.775921191128196,4,4,20,6.93889390390723e-18,20,3
23,34,6,24,24,24,4.61495610543257,4.59761382352783,-0.0173422819047442,4.65613238509946,4.63713554178443,0.0585185615716304,0.018996843315028,0.00809281612941426,0.750530638637858,4,4,21,6.93889390390723e-18,20,6
23,35,6,24,24,24,4.69716351098032,4.7006490989616,0.00348558798128096,4.64628145756285,4.62621301689421,-0.0543676413987439,0.0200684406686493,0.00842808971724462,0.72227367710454,4,4,20,6.93889390390723e-18,20,7
23,36,6,24,24,24,4.66118583716193,4.72979464269972,0.068608805537794,4.73153178161943,4.72419183830956,0.00173713891970895,0.0073399433098702,0,0.742363748971663,4,4,20,6.93889390390723e-18,20,2
24,1,1,24,24,24,7.06099929951985,6.86927120415243,-0.191728095367421,7.81008718298345,7.60319483454588,0.940815978831023,0.206892348437566,0,0.61329238428898,7,8,19,1.11022302462516e-16,16,5
24,2,1,24,24,24,6.57925613557162,7.26601822980506,0.686762094233442,7.07237935145683,6.82824074372762,-0.193638878348236,0.244138607729208,0,0.912009396726662,7,7,19,1.11022302462516e-16,18,3
24,3,1,24,24,24,6.49785449749348,6.6334369377349,0.135582440241418,7.03069413019403,6.92918758745644,0.397257192459127,0.101506542737587,0,1.03109726660192,6,7,19,1.11022302462516e-16,18,4
24,4,1,24,24,24,7.01806227685379,6.51648844320096,-0.50157383365283,6.66505177839871,6.60328494956716,0.148563335197748,0.0617668288315558,0,1.20689980618388,6,6,16,6.93889390390723e-18,18,6
24,5,1,24,24,24,7.5416167508372,8.23066089537317,0.689044144535969,7.43226357832922,7.24465531154183,-0.798397317043949,0.187608266787396,0,0.880253826207958,8,7,16,6.93889390390723e-18,17,6
24,6,1,23,23,24,7.55239500801416,7.93288149683951,0.380486488825357,8.36775956582063,8.25010959636228,0.43487806898112,0.117649969458355,0,0.628930161351569,8,8,15,6.93889390390723e-18,16,8
24,7,2,24,24,24,4.62164138290013,4.66555701403166,0.0439156311315347,4.64987964981855,4.646651614752,-0.0156773642131069,0.00322803506655589,0,0.646725614106507,4,4,20,6.93889390390723e-18,20,2
24,8,2,23,23,24,4.51134823661522,4.36889723811191,-0.142450998503308,4.6927163043843,4.5869322441169,0.323819066272387,0.105784060267403,0,0.588492882571405,4,4,19,6.93889390390723e-18,20,0
24,9,2,24,24,24,4.56967912043829,4.55379242237143,-0.0158866980668648,4.46261366067478,4.35205245125271,-0.0911787616966482,0.110561209422072,0.00995752728183863,0.613829322041325,4,4,20,6.93889390390723e-18,20,2
24,10,2,24,24,24,6.59364696740419,6.6549319579334,0.0612849905292157,5.08486733018736,4.7300929268424,-1.57006462774604,0.354774403344964,0,0.778193499197054,6,4,20,2.77555756156289e-17,20,1
24,11,2,24,24,24,4.60166785105902,4.6458681931117,0.0442003420526813,6.41052345971154,6.17513288311178,1.76465526659984,0.235390576599764,0,0.622081973926447,4,6,20,6.93889390390723e-18,18,2
24,12,2,24,24,24,4.60345040422332,4.6436359305836,0.0401855263602799,4.64444903640217,4.64301279593618,0.000813105818566306,0.00143624046599022,0,0.643083796104102,4,4,20,6.93889390390723e-18,20,4
24,13,3,24,24,24,4.47100632890274,4.44005643223462,-0.030949896668127,4.4735527269723,4.29491495584923,0.0334962947376845,0.178637771123066,0.0283159470640095,0.469262987489903,4,4,20,6.93889390390723e-18,20,6
24,14,3,21,21,24,4.08085100125476,4.2413400580652,0.160489056810436,4.41590624955084,4.39737462146997,0.174566191485642,0.0185316280808756,0,0.545788159967019,4,4,17,6.93889390390723e-18,20,5
24,15,3,24,24,24,3.86585988949356,4.20514799064974,0.339288101156181,4.26125083840187,4.21432869969716,0.0561028477521273,0.0469221387047059,0,0.551350601188211,4,4,20,6.93889390390723e-18,20,3
24,16,3,22,22,24,4.14204187098329,4.48882418432237,0.346782313339078,4.40857764916899,4.27098822299811,-0.0802465351533872,0.137589426170878,0.0187140452354919,0.48684167484801,4,4,18,6.93889390390723e-18,20,3
24,17,3,23,23,23,4.48513385215024,4.51226366808221,0.0271298159319704,4.51367905396508,4.49616884482919,0.00141538588287116,0.0175102091358861,0,0.527302497363434,4,4,19,6.93889390390723e-18,19,3
24,18,3,24,24,24,4.25907437152518,4.49565598710145,0.236581615576264,4.53096360796674,4.15882332210689,0.0353076208652983,0.37214028585985,0,0.592131555306581,4,4,20,6.93889390390723e-18,20,3
24,19,4,22,22,24,4.17493119145832,4.44009859212518,0.265167400666862,4.50149522438643,4.40681707222982,0.0613966322612436,0.0946781521566056,0.0119381581449511,0.447361102866239,4,4,18,6.93889390390723e-18,20,5
24,20,4,23,23,24,4.35884212025794,4.20592993272796,-0.152912187529977,4.45606325869132,4.45331820544478,0.250133325963358,0.00274505324653784,0,0.47459764167367,4,4,19,6.93889390390723e-18,20,5
24,21,4,24,24,24,4.45106484784357,4.51370288623317,0.0626380383895961,4.43265076478645,4.42314593813098,-0.0810521214467235,0.00950482665546559,0,0.484983296870453,4,4,20,6.93889390390723e-18,20,4
24,22,4,22,22,24,3.51690924646087,3.91019802430268,0.393288777841804,4.51808494349054,4.43319744353724,0.607886919187867,0.0848874999533065,0.038058977666549,0.408113454746674,4,4,18,3.46944695195361e-18,20,5
24,23,4,24,24,24,4.36147142274182,4.3082255941765,-0.0532458285653128,4.14676466986106,4.00981328461765,-0.161460924315449,0.136951385243406,0.00900357455205381,0.440927569504352,4,4,20,3.46944695195361e-18,20,3
24,24,4,24,24,24,4.46659770071304,4.44173651878676,-0.024861181926279,4.3549509160803,4.33972066491874,-0.086785602706458,0.0152302511615598,0,0.491996580537192,4,4,20,6.93889390390723e-18,20,3
24,25,5,24,24,24,4.24577724626531,4.58216840636618,0.336391160100868,3.81734365343434,3.72838943611385,-0.764824752931838,0.0889542173204867,0.0140266616204463,0.737946461238322,4,3,20,6.93889390390723e-18,21,6
24,26,5,24,24,24,4.31324271138488,3.94918337913389,-0.364059332250985,4.56533910747177,4.55874495951051,0.616155728337878,0.00659414796125635,0,0.596504468144266,4,4,20,6.93889390390723e-18,20,4
24,27,5,24,24,24,4.34326050954326,4.07114341662949,-0.272117092913768,4.07192416048712,4.00697119192591,0.000780743857625943,0.0649529685612036,0,0.61632504259028,4,4,20,6.93889390390723e-18,20,4
24,28,5,21,21,24,3.56175856649199,3.63114858578413,0.0693900192921459,3.95186653123637,3.75708145556098,0.320717945452236,0.194785075675386,0.00924719591555379,0.877398448606806,3,3,17,1.73472347597681e-18,21,4
24,29,5,23,23,24,3.51993387647496,3.55733699199994,0.037403115524985,3.6147028165331,3.61361047252181,0.0573658245331612,0.0010923440112971,0,0.615963492774058,3,3,20,6.93889390390723e-18,21,3
24,30,5,24,24,24,3.57892543859837,3.57615454846351,-0.0027708901348662,3.57665185312696,3.57422279363227,0.000497304663450659,0.00242905949469208,0,0.574757649812269,3,3,20,6.93889390390723e-18,21,3
24,31,6,24,24,24,4.65923373816543,4.64172520757913,-0.0175085305862996,4.675764009613,4.57129381936808,0.0340388020338649,0.104470190244923,0.00993347922986931,0.72184744268445,4,4,20,6.93889390390723e-18,20,2
24,32,6,24,24,24,4.64229218221282,4.5103973501313,-0.131894832081523,4.62374666033302,4.45587950445058,0.113349310201725,0.167867155882443,0,0.732479743201958,4,4,20,6.93889390390723e-18,20,2
24,33,6,24,24,24,4.71835240167808,4.75550593007485,0.0371535283967672,4.67457101830244,4.63961771212799,-0.0809349117724141,0.0349533061744518,0,0.75343375795158,4,4,20,6.93889390390723e-18,20,3
24,34,6,23,23,24,4.58275229839847,4.73897583142877,0.156223533030307,4.79103076134346,4.69753496807274,0.0520549299146875,0.0934957932707148,0.0089985240929753,0.706280170716695,4,4,19,6.93889390390723e-18,20,4
24,35,6,23,23,23,4.57160707790519,4.56257736343745,-0.00902971446774004,4.72213965915739,4.71880518172929,0.159562295719939,0.00333447742810211,0,0.732239340047909,4,4,19,6.93889390390723e-18,19,4
24,36,6,24,24,24,4.67694991992646,4.68696307232198,0.0100131523955138,4.63137447197795,4.61300594617289,-0.0555886003440307,0.0183685258050534,0.00982157363003555,0.715664237249398,4,4,20,6.93889390390723e-18,20,4
25,1,1,24,24,24,7.52716288620042,7.33744495781607,-0.189717928384359,8.11930704053214,8.09294494384316,0.781862082716073,0.026362096688981,0,0.616938758154765,7,8,19,1.11022302462516e-16,16,6
25,2,1,24,24,24,6.75995833629034,6.69306840236194,-0.0668899339284073,7.22175453890507,6.98116013110209,0.528686136543132,0.240594407802977,0,0.97856249294021,6,7,19,6.93889390390723e-18,17,5
25,3,1,24,24,24,6.85989571158188,7.48210752818903,0.62221181660715,6.98984665054045,6.83079030907292,-0.492260877648575,0.15905634146753,0,0.933242764271246,7,7,19,6.93889390390723e-18,18,3
25,4,1,24,24,24,6.53725210007148,6.81717311225134,0.279921012179861,7.44345296506248,7.31522474143924,0.626279852811139,0.128228223623241,0,1.01525239621646,7,7,18,1.11022302462516e-16,17,7
25,5,1,24,24,24,7.17220875842641,7.38193284163921,0.209724083212796,7.1357027570414,7.0433319313456,-0.246230084597808,0.092370825695796,0,0.774763775409332,7,7,16,6.93889390390723e-18,17,7
25,6,1,24,24,24,8.16760850039866,8.16413563352425,-0.00347286687440373,7.52359371174593,7.38048453233812,-0.640541921778319,0.143109179407817,0,0.767871804081365,8,7,16,6.93889390390723e-18,17,8
25,7,2,24,24,24,4.60018509860448,4.58388075080682,-0.0163043477976554,4.59512753827958,4.58897589161402,0.011246787472758,0.00615164666555579,0,0.635892628930436,4,4,20,6.93889390390723e-18,20,4
25,8,2,24,24,24,4.54106292167573,4.58250823505518,0.0414453133794588,4.62662267129546,4.54750770117102,0.0441144362402754,0.07911497012444,0.0285059047965435,0.538528860257214,4,4,20,3.46944695195361e-18,20,7
25,9,2,23,23,24,4.29867397473116,4.60431379269094,0.30563981795978,4.59449037323364,4.58710455967713,-0.00982341945729992,0.0073858135565068,0,0.588900790249802,4,4,19,6.93889390390723e-18,20,2
25,10,2,24,24,24,4.68279199757398,4.55283012349239,-0.129961874081591,4.68318325876436,4.60575268295807,0.130353135271974,0.0774305758062965,0.00901340270624296,0.609789706209606,4,4,20,6.93889390390723e-18,20,4
25,11,2,24,24,24,6.11338155428066,6.15353502241757,0.0401534681369169,5.01989150840284,4.84655328901411,-1.13364351401473,0.173338219388735,0,0.788761034255351,6,5,20,6.93889390390723e-18,20,5
25,12,2,24,24,24,4.59658266797682,4.5876927297079,-0.00888993826891937,5.46914783738216,5.16562097345967,0.881455107674262,0.303526863922493,0.00887678071202203,0.854322004788139,4,5,20,6.93889390390723e-18,20,4
25,13,3,20,20,20,4.22393301869737,3.93851771348108,-0.285415305216289,3.93851771348109,3.93851771348094,8.88178419700125e-16,1.4210854715202e-13,0,0.464570357614998,4,4,16,6.93889390390723e-18,16,0
25,14,3,24,24,24,4.35340087525527,4.53522871053202,0.18182783527675,4.3856384291261,4.37315167779777,-0.149590281405913,0.012486751328332,0,0.523693683506869,4,4,20,6.93889390390723e-18,20,3
25,15,3,24,24,24,4.17218541270019,4.33938734799601,0.167201935295824,4.52582111625113,4.51897477096558,0.186433768255118,0.00684634528555161,0.0172194579358358,0.518143831814045,4,4,20,6.93889390390723e-18,20,4
25,16,3,22,22,24,4.20975143598499,4.27606574875952,0.0663143127745336,5.55952554098808,5.2797836213606,1.28345979222855,0.279741919627472,0.0183061501951789,0.728883435044369,4,5,18,6.93889390390723e-18,19,4
25,17,3,23,23,24,4.45120715638091,4.51651015667181,0.0653030002909087,4.44546428800138,3.92006745440646,-0.0710458686704394,0.525396833594916,0.00994822732782152,0.503259267453716,4,4,19,6.93889390390723e-18,20,5
25,18,3,24,24,24,4.11723508888582,3.85556862899466,-0.261666459891162,4.52049519742903,4.49654209584576,0.664926568434364,0.0239531015832615,0.0099493719841961,0.537275776281747,4,4,20,6.93889390390723e-18,20,3
25,19,4,22,22,24,4.35093012494402,4.31138337794259,-0.0395467470014301,4.23318946532079,4.10299847600883,-0.078193912621801,0.130190989311956,0.0126218133084128,0.407214433218408,4,4,18,3.46944695195361e-18,20,5
25,20,4,24,24,24,4.40878502339033,4.36630871631541,-0.0424763070749261,4.36630871631541,4.36630871631541,-8.88178419700125e-16,-5.32907051820075e-15,0,0.469851665256928,4,4,20,3.46944695195361e-18,20,0
25,21,4,24,24,24,4.37891447874967,4.39308452746272,0.0141700487130523,4.37495853375419,4.36502344756748,-0.0181259937085265,0.00993508618671779,0.00929195413397643,0.460176955613376,4,4,20,3.46944695195361e-18,20,4
25,22,4,20,20,24,4.35118708121198,4.36640197512816,0.015214893916176,4.43799244478688,4.33305730828642,0.0715904696587186,0.10493513650046,0.0410438061927358,0.371227930216262,4,4,16,6.93889390390723e-18,20,7
25,23,4,23,23,24,3.96080161296494,4.11648924024753,0.155687627282594,4.39362232783702,4.37245555169493,0.27713308758949,0.0211667761420955,0,0.448260516932843,4,4,19,3.46944695195361e-18,20,6
25,24,4,24,24,24,4.29632345826956,4.22477899036225,-0.0715444679073061,4.17605461498388,4.12905195834581,-0.0487243753783755,0.0470026566380675,0,0.457478165389871,4,4,20,6.93889390390723e-18,20,3
25,25,5,22,22,24,3.67721914674847,3.8401178618209,0.162898715072427,4.21084488286667,4.19523752481163,0.370727021045777,0.0156073580550471,0,0.551610307880194,3,4,18,6.93889390390723e-18,20,6
25,26,5,24,24,24,4.51315750991541,4.45117296379706,-0.061984546118353,4.09563307549446,4.08182539567969,-0.355539888302594,0.0138076798147742,0,0.584577492087211,4,4,20,6.93889390390723e-18,20,6
25,27,5,24,24,24,3.96690148000665,4.59492311173152,0.628021631724867,4.52664989850856,4.51237748930765,-0.0682732132229562,0.0142724092009132,0,0.593963438028593,4,4,20,6.93889390390723e-18,20,3
25,28,5,23,23,24,3.71035591704897,3.47566266048378,-0.234693256565199,4.54442454780054,4.45036350079857,1.06876188731677,0.0940610470019765,0.015845078103494,0.503707486802824,3,4,19,6.93889390390723e-18,20,7
25,29,5,24,24,24,3.57747436779659,3.58653560736219,0.00906123956560068,3.56427558200577,3.52833130143551,-0.0222600253564154,0.0359442805702668,0,0.671464634595959,3,3,20,6.93889390390723e-18,21,6
25,30,5,24,24,24,3.53848056569594,4.31479090366872,0.776310337972779,3.73053825372581,3.70819187383649,-0.584252649942914,0.0223463798893135,0,0.714511082021518,4,3,20,6.93889390390723e-18,21,3
25,31,6,23,23,23,4.51574673673682,4.7068397504149,0.191093013678079,4.6229049514858,4.61333166924451,-0.0839347989291008,0.00957328224128862,0,0.70986576196738,4,4,19,6.93889390390723e-18,19,4
25,32,6,24,24,24,4.41132070940608,4.33897249451605,-0.0723482148900212,4.70106757996041,4.65529534022875,0.36209508544436,0.0457722397316624,0.00996867453995876,0.714562814159696,4,4,20,6.93889390390723e-18,20,2
25,33,6,24,24,24,4.59322153500671,4.70633845586576,0.113116920859055,4.57765120189103,4.4570062043314,-0.128687253974736,0.120644997559626,0,0.733225458148052,4,4,21,1.11022302462516e-16,20,2
25,34,6,23,23,24,4.64165107953997,4.66130897184336,0.0196578923033917,4.718801639536,4.60902273935653,0.0574926676926326,0.109778900179464,0.0216449441807267,0.636151345385273,4,4,19,6.93889390390723e-18,20,6
25,35,6,23,23,23,4.67161712991199,4.63569204334252,-0.0359250865694776,4.65603418083576,4.64387776475554,0.0203421374932473,0.0121564160802219,0,0.695641774512004,4,4,19,6.93889390390723e-18,19,7
25,36,6,23,23,24,4.55715252881743,4.45179514183668,-0.105357386980749,4.60973231339434,4.60122074655608,0.15793717155766,0.00851156683826026,0,0.729903586034467,4,4,19,6.93889390390723e-18,20,4
26,1,1,24,24,24,8.01201549440472,8.01017554240507,-0.00183995199965281,7.62530136628293,7.58205555047121,-0.384874176122143,0.0432458158117166,0,0.952931810754022,8,7,19,1.11022302462516e-16,17,8
26,2,1,24,24,24,6.91134852979107,7.02834138086146,0.116992851070386,7.88504318331359,7.67520486491584,0.856701802452134,0.209838318397753,0,0.610325184419888,7,8,19,1.11022302462516e-16,16,4
26,3,1,24,24,24,6.76248240598219,7.49023645707355,0.727754051091357,7.28249047040982,6.95346784130544,-0.207745986663736,0.329022629104371,0,1.00081289789768,7,7,19,6.93889390390723e-18,17,4
26,4,1,24,24,24,7.24207249402485,7.35237460237786,0.110302108353015,7.47737237763508,7.43201940651678,0.124997775257215,0.0453529711182945,0,0.981820981298277,7,7,18,1.11022302462516e-16,17,5
26,5,1,24,24,24,6.97289861203215,7.4456393080314,0.472740695999251,7.68482500287687,7.60655758384182,0.239185694845468,0.078267419035047,0,1.05112081665322,7,7,16,6.93889390390723e-18,17,6
26,6,1,24,24,24,7.30667968701474,7.46414439409015,0.15746470707541,7.46414439409015,7.46414439409002,0,1.21680443498917e-13,0,0.848539203010791,7,7,16,6.93889390390723e-18,17,0
26,7,2,24,24,24,4.54308613269789,4.62904330680575,0.0859571741078646,4.87946724517561,4.77031328031963,0.250423938369865,0.109153964855984,0,0.770432984534684,4,4,20,6.93889390390723e-18,20,2
26,8,2,20,20,24,4.47381177841073,4.53307437920529,0.0592626007945611,4.61653270169175,4.61403246435673,0.0834583224864538,0.00250023733502136,0,0.614426550885088,4,4,16,6.93889390390723e-18,20,1
26,9,2,24,24,24,4.54123351408036,4.58285970860776,0.0416261945273924,4.58287962276173,4.5805187869673,1.99141539791725e-05,0.00236083579443314,0,0.580636568909936,4,4,20,6.93889390390723e-18,20,3
26,10,2,23,23,24,4.55077188744931,4.60363597169148,0.052864084242179,4.6277858003091,4.5974872372882,0.0241498286176149,0.0302985630209029,0.015860258317991,0.583576340292202,4,4,19,6.93889390390723e-18,20,2
26,11,2,24,24,24,4.79808775612397,4.99002746607195,0.191939709947984,4.64890489382914,4.62783120490023,-0.341122572242816,0.0210736889289089,0,0.628338628278726,5,4,20,6.93889390390723e-18,20,2
26,12,2,23,23,24,5.10517675082017,5.14542591403095,0.0402491632107846,5.04316614055927,5.0228650907497,-0.102259773471684,0.0203010498095626,0,0.8085298609823,5,5,19,3.46944695195361e-18,20,1
26,13,3,20,20,24,3.89913253634613,4.07808753298406,0.178954996637926,5.46928329982646,5.35440017082721,1.3911957668424,0.114883128999248,0,0.464357299818086,4,5,16,6.93889390390723e-18,19,3
26,14,3,24,24,24,4.32942016101979,4.23027936967829,-0.0991407913415054,4.167954269866,4.16169768530299,-0.0623250998122913,0.00625658456300471,0.0198628782069115,0.495133406468237,4,4,20,6.93889390390723e-18,20,4
26,15,3,22,22,22,4.45673775989945,4.43515799898707,-0.0215797609123793,4.32275291865273,4.31340512713521,-0.112405080334341,0.00934779151751464,0,0.501938095700242,4,4,18,6.93889390390723e-18,18,4
26,16,3,22,22,24,5.20886269645377,5.09110547642641,-0.117757220027364,5.49466013913888,5.35696843525633,0.403554662712479,0.137691703882559,0.00938108781144376,0.509753837842218,5,5,18,1.38777878078145e-17,19,6
26,17,3,23,23,23,3.87101803480785,4.49124386629505,0.620225831487202,5.33761941401916,5.09556480325654,0.846375547724102,0.242054610762614,0.00979214979796073,0.5307250165248,4,5,19,6.93889390390723e-18,18,4
26,18,3,23,23,23,4.44172679662295,4.53112751808385,0.0894007214608958,4.5049327397405,4.40581242358571,-0.0261947783433518,0.0991203161547842,0.00971406300621869,0.494436022225431,4,4,19,1.73472347597681e-18,19,3
26,19,4,22,22,24,4.04947289607342,4.15026638283542,0.100793486762,4.38225374171113,4.25886412568781,0.231987358875716,0.123389616023318,0.0255742949297213,0.388187416569646,4,4,18,3.46944695195361e-18,20,4
26,20,4,24,24,24,4.32264562915226,4.45960620872693,0.136960579574672,4.3605637954154,4.01785412052265,-0.099042413311536,0.342709674892747,0,0.436180092176702,4,4,20,6.93889390390723e-18,20,4
26,21,4,23,23,24,4.31217417849916,4.2508409998769,-0.0613331786222684,4.4497616855257,4.44868760354071,0.198920685648806,0.00107408198499126,0,0.465779146834858,4,4,19,3.46944695195361e-18,20,4
26,22,4,19,19,24,4.24909336707274,4.18891221942676,-0.0601811476459808,4.3254713056847,4.21704545062094,0.136559086257939,0.108425855063762,0.0270637446876245,0.383331485817666,4,4,15,3.46944695195361e-18,20,6
26,23,4,24,24,24,4.32873099617798,4.36886490835362,0.040133912175639,4.29968685987342,4.27211736903386,-0.0691780484801932,0.0275694908395634,0,0.434204922350412,4,4,20,6.93889390390723e-18,20,5
26,24,4,24,24,24,4.08776143876235,4.34957717975674,0.261815740994388,4.36490201080972,4.34436882692888,0.0153248310529781,0.0205331838808362,0.00897210470482879,0.433212262305503,4,4,20,6.93889390390723e-18,20,3
26,25,5,24,24,24,4.15328514956351,3.97605305258562,-0.177232096977888,3.72305475125455,3.67139692555745,-0.252998301331072,0.0516578256970996,0.00986945357225677,0.715689020756554,4,3,20,6.93889390390723e-18,21,3
26,26,5,24,24,24,4.04100714172289,4.1578921369099,0.116884995187005,4.03148523219082,3.99098000201258,-0.126406904719077,0.0405052301782409,0.0099733368458077,0.53774374817446,4,4,20,6.93889390390723e-18,20,4
26,27,5,24,24,24,4.46725371441457,4.3194086863051,-0.14784502810947,4.26199066129976,4.24484963562158,-0.057418025005342,0.0171410256781783,0,0.579596656176938,4,4,20,6.93889390390723e-18,20,3
26,28,5,21,21,24,4.39017323846812,4.4959410450321,0.105767806563983,4.49196278766491,4.382682537577,-0.00397825736719426,0.109280250087914,0.0165931493298439,0.495568954370562,4,4,17,3.46944695195361e-18,20,4
26,29,5,24,24,24,3.49304798842115,3.3016651025258,-0.191382885895357,4.50423727280131,4.4962571854623,1.20257217027551,0.00798008733901234,0,0.532940806409092,3,4,20,6.93889390390723e-18,20,3
26,30,5,24,24,24,3.67110995509813,3.63025050083355,-0.0408594542645746,3.45123334117714,3.41311068414033,-0.179017159656419,0.0381226570368032,0,0.602063644944062,3,3,20,6.93889390390723e-18,21,3
26,31,6,23,23,24,4.56719835255207,4.69829467362882,0.13109632107675,4.62400249147742,4.61555364569012,-0.0742921821514022,0.00844884578729399,0,0.719698480632744,4,4,19,6.93889390390723e-18,20,4
26,32,6,23,23,23,4.59887339903191,4.56413601915865,-0.0347373798732598,4.69170242787314,4.69043423681784,0.127566408714499,0.00126819105530895,0,0.703884956692418,4,4,19,6.93889390390723e-18,19,4
26,33,6,24,24,24,4.41243614228808,4.33706742997819,-0.0753687123098983,4.56681493544153,4.43535205782885,0.229747505463347,0.131462877612686,0.00999538460999982,0.712145763683218,4,4,20,6.93889390390723e-18,20,2
26,34,6,21,21,24,4.54150401722405,4.54555880776925,0.00405479054520796,4.44788142253742,4.19498906253023,-0.0976773852318304,0.25289236000719,0.0127496247993211,0.640747783581542,4,4,17,6.93889390390723e-18,20,1
26,35,6,23,23,23,4.59743898710799,4.6882701919789,0.0908312048709092,4.65256936952903,4.64624961903347,-0.0357008224498632,0.0063197504955621,0,0.665050228096611,4,4,19,6.93889390390723e-18,19,2
26,36,6,24,24,24,4.55520853909052,4.3567890564035,-0.198419482687024,4.7016689612728,4.69692216152157,0.3448799048693,0.00474679975122339,0,0.70066928274617,4,4,20,6.93889390390723e-18,20,3
27,1,1,24,24,24,7.5062349949665,8.11216734843885,0.605932353472349,7.84439253778038,7.81897001304172,-0.267774810658469,0.0254225247386577,0,0.612071093147171,8,8,19,1.11022302462516e-16,16,8
27,2,1,24,24,24,7.59845281626668,7.55287624236102,-0.0455765739056568,8.10810255282981,8.06198396868938,0.555226310468783,0.0461185841404266,0,0.608181399701719,7,8,19,6.93889390390723e-18,16,4
27,3,1,24,24,24,6.88393316289239,7.06921539754974,0.185282234657347,7.46146344168968,7.16298737773735,0.39224804413994,0.298476063952324,0,0.792698597496064,7,7,20,1.11022302462516e-16,17,4
27,4,1,24,24,24,7.35769921245161,7.11821193094073,-0.239487281510881,7.31169381844307,7.25020031481245,0.193481887502333,0.0614935036306212,0,0.927189956935901,7,7,18,6.93889390390723e-18,17,6
27,5,1,24,24,24,7.5304920080034,8.40628220963612,0.875790201632721,7.76622987572722,7.6406914627454,-0.640052333908905,0.125538412981822,0,0.995401494452183,8,7,16,6.93889390390723e-18,17,7
27,6,1,24,24,24,7.38950295014912,7.50670956794061,0.117206617791486,8.35870841525256,8.14090685759368,0.851998847311955,0.217801557658882,0.00993010545157347,0.587234275420764,7,8,16,6.93889390390723e-18,16,7
27,7,2,24,24,24,4.72261014751643,4.70587322932497,-0.0167369181914658,4.92798758821208,4.89896113756452,0.222114358887108,0.0290264506475593,0,0.748555392709934,4,5,20,1.38777878078145e-17,20,2
27,8,2,24,24,24,4.56789213971316,4.60814733770085,0.0402551979876948,4.69129058729342,4.59202679354732,0.0831432495925615,0.0992637937460987,0,0.60964611352808,4,4,20,6.93889390390723e-18,20,4
27,9,2,24,24,24,4.53471359909763,4.56446167562835,0.0297480765307228,4.62971359323744,4.58604714272695,0.0652519176090873,0.0436664505104858,0.00954912352396242,0.576703485609858,4,4,19,6.93889390390723e-18,20,4
27,10,2,22,22,24,4.5358107091805,5.46310056452134,0.927289855340837,4.63765403289678,4.62718205417103,-0.82544653162456,0.0104719787257501,0,0.627343986168672,5,4,17,6.93889390390723e-18,20,5
27,11,2,24,24,24,4.58155289285122,4.52525687612114,-0.0562960167300819,5.2426303125362,5.2256472381408,0.717373436415059,0.0169830743953998,0,0.562999173838114,4,5,20,6.93889390390723e-18,19,2
27,12,2,24,24,24,4.97263643984221,5.03300374956603,0.0603673097238211,4.66391354269355,4.64851429725898,-0.369090206872475,0.0153992454345726,0,0.673255940456135,5,4,20,6.93889390390723e-18,20,2
27,13,3,24,24,24,5.30085616911894,5.26530310490312,-0.0355530642158168,5.12678686462715,4.78271426124229,-0.138516240275979,0.344072603384852,0.0180324683221089,0.410085964157614,5,5,20,6.93889390390723e-18,19,7
27,14,3,22,22,24,4.10041645902512,4.47529873700004,0.374882277974919,5.03533282372833,4.35810564779291,0.560034086728288,0.677227175935414,0,0.836473637514183,4,4,18,6.93889390390723e-18,19,5
27,15,3,22,22,22,4.27027107586386,4.16121047820554,-0.10906059765832,4.45465682201486,4.45205919717705,0.293446343809315,0.00259762483780968,0,0.492000863099755,4,4,19,1.11022302462516e-16,18,4
27,16,3,23,23,24,5.29411147397043,5.22656984815721,-0.0675416258132238,5.15535839899735,4.94250833918783,-0.0712114491598621,0.212850059809512,0,0.448587066300481,5,5,19,6.93889390390723e-18,19,7
27,17,3,22,22,23,5.034914926924,5.22079734543639,0.185882418512395,5.38306454469964,5.35279484883979,0.162267199263254,0.0302696958598538,0,0.492990030440654,5,5,18,6.93889390390723e-18,18,7
27,18,3,22,22,22,4.3521373769737,4.17865260237777,-0.173484774595927,4.17865260237777,4.17865260237781,0,-3.64153152077051e-14,0,0.489491662003185,4,4,18,6.93889390390723e-18,18,0
27,19,4,21,21,24,4.19095693245051,4.13115098406724,-0.0598059483832749,5.14786679401598,4.96666692339316,1.01671580994874,0.181199870622819,0.00950855538594819,0.368475558585621,4,5,17,1.73472347597681e-18,19,5
27,20,4,24,24,24,3.97767557931742,3.76345744879787,-0.214218130519552,4.13747507567922,4.06520330367809,0.374017626881344,0.072271772001125,0,0.419357366799184,4,4,20,6.93889390390723e-18,20,5
27,21,4,24,24,24,4.4042007275053,4.41693588364777,0.0127351561424653,4.11541901880446,4.00630511534405,-0.301516864843305,0.109113903460412,0,0.438921266582533,4,4,20,3.46944695195361e-18,20,3
27,22,4,21,21,24,4.14808188887398,4.21040625233226,0.0623243634582771,4.40621413209687,4.3206478289436,0.195807879764613,0.0855663031532705,0.0344180175527518,0.378346578262251,4,4,17,1.73472347597681e-18,20,5
27,23,4,24,24,24,4.22939619534352,4.00970038759319,-0.219695807750335,4.20928174293333,4.16665337671874,0.199581355340142,0.042628366214589,0,0.414814499920547,4,4,20,6.93889390390723e-18,20,6
27,24,4,23,23,24,4.29204275500181,4.16243465178468,-0.129608103217133,4.07483943337919,4.03638033564195,-0.0875952184054887,0.0384590977372401,0,0.431151032175977,4,4,19,6.93889390390723e-18,20,3
27,25,5,23,23,24,3.62491219726534,3.52675702231585,-0.0981551749494871,3.33651416997539,3.23091277874352,-0.190242852340459,0.105601391231875,0.020852926904833,0.53238798643322,3,3,19,6.93889390390723e-18,21,5
27,26,5,23,23,24,3.9411965985151,3.92529820787353,-0.0158983906415675,3.62995355686633,3.61876226266666,-0.295344651007201,0.011191294199675,0,0.690717387035101,4,3,19,6.93889390390723e-18,21,5
27,27,5,24,24,24,4.20240113926537,4.56299427840827,0.360593139142903,4.3267295027377,4.31661625314155,-0.236264775670567,0.010113249596154,0,0.55127146600723,4,4,20,6.93889390390723e-18,20,4
27,28,5,22,22,24,4.32242849436468,4.44832651362774,0.125898019263056,4.56216498166967,4.49024041981108,0.113838468041931,0.0719245618585838,0.0209708161671243,0.477874694436494,4,4,19,1.11022302462516e-16,20,6
27,29,5,24,24,24,4.45129461360767,4.47024749846396,0.018952884856291,4.48818076437133,4.48559428301884,0.0179332659073657,0.00258648135248674,0,0.519645297485877,4,4,20,6.93889390390723e-18,20,6
27,30,5,24,24,24,3.37897957729893,3.2063705008895,-0.172609076409432,4.32709790370449,4.27917120564775,1.12072740281499,0.0479266980567319,0,0.527255780594713,3,4,20,6.93889390390723e-18,20,2
27,31,6,24,24,24,4.56939810923322,4.59323161707547,0.023833507842248,4.65559418299241,4.64360046043184,0.0623625659169429,0.0119937225605717,0.0199120150954322,0.676788527617348,4,4,20,6.93889390390723e-18,20,3
27,32,6,23,23,24,4.64352989444966,4.69635941660123,0.0528295221515735,4.68777119294891,4.67964458412705,-0.00858822365231848,0.00812660882186211,0.00993885456917099,0.700909012119016,4,4,19,6.93889390390723e-18,20,4
27,33,6,23,23,23,4.38110310648666,4.2262970955663,-0.154806010920354,4.69751471229711,4.69656007247542,0.471217616730808,0.00095463982169175,0,0.701358055395407,4,4,19,6.93889390390723e-18,19,3
27,34,6,22,22,24,4.1404170433536,4.21458744737096,0.0741704040173543,5.25734642877708,4.90739830132929,1.04275898140612,0.349948127447786,0.0112654992658845,0.600871993361277,4,5,18,6.93889390390723e-18,19,4
27,35,6,23,23,23,4.59978712284313,4.65592102881442,0.0561339059712891,4.55041998926914,4.47789872343938,-0.105501039545286,0.0725212658297627,0,0.646631464057717,4,4,19,6.93889390390723e-18,19,4
27,36,6,24,24,24,4.64995293990636,4.65617588925508,0.0062229493487207,4.67044675459061,4.66811502414809,0.0142708653355355,0.00233173044252055,0.00999300403635139,0.664131789977328,4,4,20,6.93889390390723e-18,20,4
28,1,1,24,24,24,7.7407803129113,7.58501709174868,-0.155763221162621,8.52866451882644,8.51261192795496,0.943647427077762,0.016052590871487,0,0.602913122913334,8,8,19,1.11022302462516e-16,16,3
28,2,1,24,24,24,7.98136412900249,8.07712884938932,0.0957647203868346,7.9307282678748,7.88430753206285,-0.146400581514524,0.0464207358119424,0,0.604724706395637,8,8,19,6.93889390390723e-18,16,4
28,3,1,24,24,24,7.09135750395998,6.9562392614974,-0.135118242462582,7.76472720001701,7.74065975691218,0.808487938519612,0.0240674431048253,0,0.601492065706442,7,8,20,1.11022302462516e-16,16,4
28,4,1,24,24,24,7.17769831166432,7.05993005439302,-0.117768257271297,6.94933411259961,6.85325686723909,-0.110595941793413,0.0960772453605232,0,0.705935451694789,7,7,19,1.11022302462516e-16,17,2
28,5,1,24,24,24,7.56428454811794,8.53409325792071,0.969808709802773,7.86347933192779,7.74146081741712,-0.670613925992926,0.122018514510665,0,0.618994291680075,8,8,16,6.93889390390723e-18,16,6
28,6,1,23,23,24,8.04966698462069,8.551853912095,0.502186927474314,8.55010150352068,8.48809703170955,-0.00175240857432257,0.0620044718111252,0,0.607555609075698,8,8,16,6.93889390390723e-18,16,8
28,7,2,24,24,24,4.84997152618887,4.91278538638988,0.062813860201012,4.71446333880021,4.7131881883491,-0.198322047589673,0.00127515045110727,0,0.713452067506764,5,4,20,6.93889390390723e-18,20,2
28,8,2,24,24,24,4.54610652561184,4.60347035974361,0.0573638341317624,4.77889602980642,4.66219519169084,0.175425670062814,0.11670083811558,0.026689535821121,0.638955076631538,4,4,20,3.46944695195361e-18,20,6
28,9,2,23,23,24,4.53073303901096,5.3590954409775,0.828362401966536,4.76305259026701,4.60032456914084,-0.596042850710482,0.162728021126175,0.0147501947180828,0.586087279073626,5,4,18,6.93889390390723e-18,20,11
28,10,2,24,24,24,4.58091023362932,5.45686880130943,0.875958567680114,5.4275042638966,5.41281551012622,-0.0293645374128344,0.0146887537703764,0.0180670199074076,0.545542836289122,5,5,17,6.93889390390723e-18,19,7
28,11,2,24,24,24,5.17339076575939,5.05105737696786,-0.122333388791531,5.38384990812574,5.32558372134452,0.332792531157877,0.0582661867812186,0.00965090137936464,0.548245888594384,5,5,20,3.46944695195361e-18,19,5
28,12,2,24,24,24,4.60202915428639,4.66645701585956,0.064427861573173,4.93488888660195,4.77840688783516,0.268431870742389,0.156481998766785,0.00985752969126263,0.804124927585063,4,4,20,6.93889390390723e-18,20,1
28,13,3,21,21,24,4.71703497499098,4.38874818079359,-0.328286794197393,5.9007766819997,5.748709801059,1.51202850120611,0.152066880940703,0.0184686916127177,0.406041402311043,4,6,17,1.11022302462516e-16,18,5
28,14,3,24,24,24,4.31452459131498,4.10625328827231,-0.208271303042672,4.3855032615587,4.35656892272555,0.279249973286393,0.0289343388331469,0,0.621670110021638,4,4,20,6.93889390390723e-18,20,4
28,15,3,22,22,24,4.40753860520528,4.34700751718339,-0.0605310880218832,4.05299986581001,3.87945364795147,-0.294007651373383,0.173546217858541,0,0.650687980231354,4,4,19,6.93889390390723e-18,21,3
28,16,3,24,24,24,4.89308325579596,4.70750525794942,-0.185577997846537,5.23361555857742,5.05844126715313,0.526110300628005,0.175174291424297,0.025111468765604,0.384114572074911,5,5,20,6.93889390390723e-18,19,6
28,17,3,23,23,24,5.29926690035139,5.32816662929905,0.0288997289476596,4.99709016944274,4.91836234696098,-0.331076459856316,0.0787278224817571,0,0.446096663931346,5,5,19,6.93889390390723e-18,19,5
28,18,3,22,22,24,4.13686607635403,4.23139891348179,0.0945328371277583,5.04145164187973,4.71554819938662,0.810052728397944,0.325903442493108,0.00936825844938127,0.470680470780857,4,5,18,6.93889390390723e-18,19,4
28,19,4,23,23,24,4.90758678432714,4.7562156283911,-0.151371155936041,4.97270885695878,4.86161464655124,0.216493228567682,0.111094210407541,0.0187006992447003,0.34660264032114,5,5,19,6.93889390390723e-18,19,5
28,20,4,24,24,24,4.02455127064131,3.97080146799441,-0.0537498026469008,4.76330719076556,4.41950807580343,0.792505722771154,0.343799114962131,0.00996161392558559,0.983446334239835,4,4,20,6.93889390390723e-18,19,4
28,21,4,24,24,24,3.96624206419061,4.42615929328022,0.459917229089604,4.26227373314994,4.17496917775024,-0.16388556013028,0.0873045553996965,0,0.41792986604277,4,4,20,6.93889390390723e-18,20,2
28,22,4,20,20,24,4.24336751327694,4.27237583518293,0.0290083219059909,4.44119070496182,4.34557957193014,0.168814869778887,0.0956111330316771,0.0540719870669246,0.308724327742736,4,4,16,6.93889390390723e-18,20,6
28,23,4,24,24,24,4.12498684295155,4.22986258520331,0.104875742251759,4.29493490169869,4.27361246885495,0.0650723164953746,0.0213224328437374,0.0186992720155486,0.387549063248084,4,4,20,6.93889390390723e-18,20,6
28,24,4,24,24,24,3.99601653228553,4.00591777259733,0.00990124031180439,4.19365997702698,4.170781231992,0.187742204429652,0.022878745034987,0.00995171530626315,0.403427186059825,4,4,20,6.93889390390723e-18,20,4
28,25,5,21,21,24,3.1779592533203,4.28766545570103,1.10970620238073,4.16948021703505,4.04585150127149,-0.118185238665978,0.123628715763557,0.0254246425424931,0.492329465258476,4,4,17,6.93889390390723e-18,20,4
28,26,5,24,24,24,3.58257464003999,4.46286152590721,0.880286885867216,4.38366598215015,4.33938789795879,-0.0791955437570593,0.0442780841913626,0,0.532010107037663,4,4,20,6.93889390390723e-18,20,3
28,27,5,24,24,24,4.27345009061014,4.30846079883494,0.0350107082248075,4.43563429235149,4.41823938184635,0.127173493516549,0.0173949105051436,0,0.538240046433346,4,4,20,6.93889390390723e-18,20,4
28,28,5,21,21,24,4.42457690760752,4.46103835022425,0.03646144261673,4.46723046672198,4.39703146403252,0.00619211649772655,0.070199002689459,0.015550913652536,0.472004694273582,4,4,18,1.11022302462516e-16,20,4
28,29,5,24,24,24,4.44073834018865,4.41264714395613,-0.0280911962325296,4.48827528226129,4.48498072771031,0.0756281383051691,0.00329455455098238,0,0.50737939043576,4,4,21,3.46944695195361e-18,20,4
28,30,5,24,24,24,4.23637949359128,3.95928375861073,-0.277095734980549,4.36189906119714,4.34966045312774,0.402615302586411,0.0122386080693957,0,0.515765605828689,4,4,20,6.93889390390723e-18,20,4
28,31,6,22,22,23,4.57745156088304,4.60842906817018,0.0309775072871314,4.6204318945732,4.61513500154468,0.0120028264030285,0.00529689302852709,0,0.66257867221502,4,4,18,6.93889390390723e-18,19,4
28,32,6,23,23,23,4.6230086722623,4.63634208822638,0.0133334159640803,4.63374742943423,4.61223214131872,-0.00259465879214726,0.0215152881155092,0,0.683353474623794,4,4,19,6.93889390390723e-18,19,4
28,33,6,23,23,23,4.64959447175067,4.64939079939614,-0.000203672354522233,4.64318857424319,4.63895209779784,-0.00620222515295676,0.00423647644534864,0,0.693126230945198,4,4,19,6.93889390390723e-18,19,4
28,34,6,22,22,24,4.84717147404277,5.04538901525776,0.198217541214987,5.57009728963531,5.53624932144359,0.524708274377549,0.0338479681917141,0,0.660260052644409,5,5,18,6.93889390390723e-18,19,4
28,35,6,23,23,24,4.43311973620498,4.25102736729666,-0.182092368908326,5.24126255240629,5.05207446749237,0.990235185109638,0.189188084913924,0,0.62507524438375,4,5,19,6.93889390390723e-18,19,2
28,36,6,23,23,23,4.61154079991062,4.61680884954627,0.00526804963564942,4.44814954020089,4.43620149519773,-0.168659309345382,0.011948045003157,0,0.643402405599278,4,4,19,6.93889390390723e-18,19,3
29,1,1,24,24,24,8.4274858086754,8.45885102407201,0.03136521539661,8.5687555194152,8.56538407315046,0.109904495343189,0.00337144626474384,0,0.599976347518955,8,8,19,6.93889390390723e-18,16,7
29,2,1,24,24,24,7.80546445674222,8.25030979129747,0.444845334555246,8.45312479475434,8.43116212538179,0.20281500345687,0.0219626693725541,0,0.597250035259923,8,8,19,1.11022302462516e-16,16,3
29,3,1,24,24,24,7.66325315934306,7.89113959409279,0.227886434749727,8.22078135337016,8.21224973207241,0.329641759277369,0.00853162129775242,0,0.59766448091024,8,8,19,6.93889390390723e-18,16,5
29,4,1,24,24,24,6.7847242985667,6.78551380362247,0.00078950505577069,7.56250995719962,7.52830785424942,0.776996153577151,0.0342021029501973,0,0.596051844492932,7,8,19,1.11022302462516e-16,16,5
29,5,1,24,24,24,7.66404620924295,8.03303273248696,0.368986523244005,7.13102578892411,6.894355017828,-0.902006943562853,0.236670771096111,0,0.680221366578859,8,7,16,6.93889390390723e-18,17,5
29,6,1,24,24,24,8.40321606139245,8.51491974147996,0.111703680087512,8.38483791593792,8.30523299750595,-0.130081825542042,0.0796049184319703,0,0.583810664818865,8,8,17,6.93889390390723e-18,16,7
29,7,2,24,24,24,4.66605630646561,4.65133076493555,-0.0147255415300602,4.60914312520305,4.54570496488556,-0.0421876397324992,0.0634381603174905,0,0.707396280809424,4,4,20,6.93889390390723e-18,20,2
29,8,2,20,20,24,4.58915059931102,4.63249723273908,0.0433466334280563,4.69903086137408,4.6330596476055,0.0665336286350016,0.0659712137685791,0.00998069010728031,0.640052417746938,4,4,16,1.38777878078145e-17,20,2
29,9,2,22,22,24,4.53971863067853,4.54922179801741,0.00950316733888101,4.71911035485069,4.59927929969479,0.169888556833281,0.119831055155903,0.0169740549852424,0.582423812340343,4,4,17,6.93889390390723e-18,20,6
29,10,2,22,22,22,5.34080100531663,6.40503118175338,1.06423017643675,4.91787557214542,4.81737858199192,-1.48715560960796,0.100496990153499,0.00947772793163271,0.807935130130167,6,4,15,6.93889390390723e-18,18,5
29,11,2,23,23,23,5.26277349176551,5.08004006850253,-0.182733423262978,5.88930415161307,5.76892168009243,0.80926408311054,0.120382471520638,0,0.785224771323144,5,5,16,6.93889390390723e-18,18,6
29,12,2,23,23,24,4.72086386456246,4.58316946285411,-0.137694401708357,4.97429347246128,4.90050311529019,0.391124009607174,0.0737903571710925,0,0.539272553336336,4,5,19,6.93889390390723e-18,19,3
29,13,3,22,22,24,5.67293869835182,6.00758283071461,0.334644132362793,5.46519704673602,5.16264630487214,-0.54238578397859,0.302550741863882,0.0230235668138592,0.522183573759875,6,5,18,1.11022302462516e-16,19,6
29,14,3,24,24,24,4.3130032334983,4.24440822601161,-0.0685950074866897,5.54697052295409,5.32286817998924,1.30256229694248,0.224102342964855,0,0.998304649599461,4,5,20,3.46944695195361e-18,18,5
29,15,3,24,24,24,3.84065911147195,3.72909963448744,-0.111559476984511,4.10335499110322,4.08038415152706,0.374255356615773,0.0229708395761596,0,0.538238824670421,3,4,21,1.11022302462516e-16,20,4
29,16,3,21,21,24,4.98299650040365,4.87160570661881,-0.111390793784836,3.95689660586409,3.47170094434612,-0.91470910075472,0.485195661517972,0.0382913140685859,0.564634240789411,5,3,17,6.93889390390723e-18,21,4
29,17,3,24,24,24,4.86917872349137,4.68011647255555,-0.189062250935821,4.8880513348908,4.86942319965811,0.207934862335253,0.0186281352326887,0,0.444604723993395,5,5,20,3.46944695195361e-18,19,6
29,18,3,23,23,24,4.65911814152787,4.69842141143413,0.0393032699062656,4.83870567811642,4.75297145582903,0.140284266682282,0.0857342222873818,0,0.450655173143244,5,5,19,6.93889390390723e-18,19,4
29,19,4,22,22,24,4.79448480783347,4.71036728843143,-0.084117519402044,4.99923310033542,4.95408908398666,0.288865811903994,0.0451440163487655,0,0.378980874265976,5,5,18,6.93889390390723e-18,19,5
29,20,4,23,23,24,4.36545099725907,4.9603456077373,0.594894610478233,5.11137660002133,4.99815931882688,0.151030992284027,0.113217281194446,0,0.37366850612902,5,5,19,6.93889390390723e-18,19,4
29,21,4,24,24,24,4.13321948597274,4.00421955899845,-0.128999926974291,4.59386254642477,4.33632835135541,0.589642987426321,0.257534195069357,0.00995745903462542,0.484779023300703,4,4,20,6.93889390390723e-18,20,2
29,22,4,17,17,24,4.24859250901458,4.26733068682582,0.0187381778112368,5.20121688464774,5.07512743138781,0.933886197821917,0.12608945325993,0.02937021183517,0.330396287778516,4,5,13,6.93889390390723e-18,19,2
29,23,4,22,22,23,4.21236406487101,4.14878012075298,-0.0635839441180224,4.32095957991005,4.31361081710355,0.172179459157064,0.00734876280649654,0,0.386177677594018,4,4,18,3.46944695195361e-18,19,4
29,24,4,23,23,23,4.11922122151888,4.08786430062165,-0.0313569208972266,4.15029075622119,4.14005589864473,0.0624264555995415,0.0102348575764557,0,0.394972972666972,4,4,19,6.93889390390723e-18,19,4
29,25,5,21,21,24,3.98022259014171,4.10552791646111,0.125305326319398,4.23085787440213,4.07183082519524,0.125329957941025,0.159027049206895,0.00984072707395622,0.493931091639359,4,4,17,6.93889390390723e-18,20,5
29,26,5,24,24,24,4.2959940189792,4.07747418364802,-0.218519835331174,4.12756310000155,4.0808242068988,0.050088916353527,0.0467388931027539,0,0.523520872165216,4,4,20,6.93889390390723e-18,20,4
29,27,5,24,24,24,4.37405698802788,4.52904270374927,0.154985715721388,4.40258358164636,4.38919320958434,-0.126459122102913,0.0133903720620232,0,0.527063961937912,4,4,20,6.93889390390723e-18,20,2
29,28,5,22,22,24,4.33766574487618,4.38108244506562,0.0434167001894359,4.51972471051797,4.4545068441602,0.138642265452353,0.0652178663577727,0.0458384123037732,0.419268650061382,4,4,18,1.73472347597681e-18,20,6
29,29,5,24,24,24,4.44013092043321,4.44112033681099,0.000989416377777275,4.42732193000572,4.41765266946645,-0.0137984068052628,0.0096692605392743,0,0.493532682269828,4,4,21,1.11022302462516e-16,20,6
29,30,5,24,24,24,4.30616384859647,4.23968475232617,-0.0664790962702995,4.41141039132232,4.40183625076825,0.171725638996157,0.00957414055407479,0,0.503756190035888,4,4,20,6.93889390390723e-18,20,4
29,31,6,23,23,23,4.56898365152923,4.60869946835782,0.0397158168285854,4.53437137014171,4.52290249792434,-0.0743280982161094,0.0114688722173666,0,0.640898258037363,4,4,19,6.93889390390723e-18,19,3
29,32,6,23,23,23,4.56610981990554,4.67400617157035,0.107896351664811,4.64442153219505,4.64025662805266,-0.0295846393752974,0.00416490414239234,0.00984655350182706,0.650322355291823,4,4,19,6.93889390390723e-18,19,4
29,33,6,23,23,23,4.59256257681986,4.61528122416416,0.0227186473442975,4.67275697265548,4.67159966812144,0.0574757484913206,0.00115730453403629,0,0.678773959925428,4,4,19,6.93889390390723e-18,19,4
29,34,6,24,24,24,5.48088682822916,5.60373648546874,0.122849657239583,5.60232662776476,5.52538226074828,-0.00140985770397517,0.0769443670164884,0.00795813799532041,0.616226408511288,5,5,21,1.11022302462516e-16,19,4
29,35,6,24,24,24,5.00155372281745,4.84155349089491,-0.160000231922538,5.57083067217278,5.55693448151734,0.729277181277876,0.0138961906554416,0.00861461037312239,0.627597277558809,5,5,20,1.11022302462516e-16,19,2
29,36,6,23,23,24,4.39183948024576,4.34746321697469,-0.044376263271066,5.14707020168503,5.01350345129653,0.799606984710342,0.133566750388505,0,0.623687628318929,4,5,19,6.93889390390723e-18,19,2
30,1,1,24,24,24,8.47973023241896,8.5402152065156,0.060484974096644,8.57529916232998,8.5736583999826,0.0350839558143843,0.00164076234738353,0,0.580373113796147,8,8,19,1.11022302462516e-16,16,5
30,2,1,24,24,24,8.34685050412797,8.36261654699316,0.015766042865188,8.51482026767895,8.50851306441185,0.152203720685799,0.00630720326710055,0,0.593119093521869,8,8,19,1.11022302462516e-16,16,6
30,3,1,24,24,24,8.13012723475168,8.18788358072808,0.0577563459763972,8.35084280938047,8.31375542706758,0.162959228652396,0.0370873823128974,0,0.591300714323094,8,8,20,6.93889390390723e-18,16,3
30,4,1,24,24,24,7.45302477570693,7.08677835060718,-0.366246425099749,8.1558413789164,8.14918513658647,1.06906302830922,0.0066562423299299,0,0.591180940767646,7,8,19,6.93889390390723e-18,16,2
30,5,1,24,24,24,6.82541146764972,7.07260764129836,0.247196173648645,7.0930438036574,6.98719602836926,0.0204361623590419,0.105847775288144,0,0.770628498953293,7,7,16,3.46944695195361e-18,17,7
30,6,1,24,24,24,8.22218066753089,8.57500818932543,0.352827521794543,7.83184389400532,7.65101733035241,-0.743164295320109,0.180826563652912,0.0098036596829445,0.826571355030778,8,7,16,6.93889390390723e-18,17,6
30,7,2,24,24,24,4.50024791523671,4.41164249363991,-0.0886054215967942,4.7028987822951,4.52569222266987,0.291256288655189,0.177206559625231,0,0.865137579832358,4,4,20,6.93889390390723e-18,20,3
30,8,2,23,23,24,4.57684816792324,4.55909619330074,-0.0177519746225014,4.43317973184311,4.22369619951352,-0.125916461457625,0.209483532329594,0.0224505202144822,0.588456734802027,4,4,19,6.93889390390723e-18,20,5
30,9,2,22,22,24,4.53648219226245,6.30402688554095,1.7675446932785,5.05462330691732,4.67292913452156,-1.24940357862363,0.381694172395757,0.00983605781340735,0.716372980135179,6,4,15,6.93889390390723e-18,20,8
30,10,2,21,21,22,4.75982184551968,6.40685186037825,1.64703001485857,6.22397407561239,6.03433022999713,-0.182877784765853,0.189643845615262,0.00812974432816471,0.712801256911131,6,6,14,6.93889390390723e-18,16,5
30,11,2,23,23,23,5.71123246329151,5.75169115353971,0.040458690248208,6.20254936971475,6.15871588548699,0.450858216175037,0.0438334842277603,0,0.851279736172853,5,6,19,2.77555756156289e-17,18,5
30,12,2,24,24,24,4.85149808413729,4.79314369970241,-0.0583543844348737,5.58244695376255,5.52977159051884,0.789303254060137,0.0526753632437131,0.00994622023138181,0.608368906339356,5,5,20,6.93889390390723e-18,19,5
30,13,3,21,21,24,5.0882265106777,5.17129525638191,0.0830687457042085,4.8281989982512,4.53396700118377,-0.343096258130703,0.294231997067438,0.0180515614828103,0.380649996957359,5,5,17,1.11022302462516e-16,19,5
30,14,3,24,24,24,5.26963949818935,5.6652744469118,0.39563494872245,5.32118735821295,5.17857411220908,-0.344087088698849,0.142613246003869,0,0.626919746515039,6,5,20,6.93889390390723e-18,19,5
30,15,3,24,24,24,4.03958031001179,3.99894477318,-0.0406355368317874,5.09880913501348,4.98096424015413,1.09986436183348,0.117844894859346,0,0.598052063437171,4,5,20,1.11022302462516e-16,19,4
30,16,3,19,19,24,3.39907553397476,3.2328702883526,-0.16620524562216,3.80826917712694,3.53147739522376,0.575398888774336,0.276791781903173,0.0310450409868257,0.708703173976359,3,3,15,6.93889390390723e-18,21,6
30,17,3,24,24,24,4.82072896766153,5.39290115895471,0.572172191293179,4.08412112995936,3.83309128843896,-1.30878002899535,0.251029841520392,0,0.669886082203323,5,4,20,1.11022302462516e-16,21,5
30,18,3,24,24,24,4.70544174127074,4.89100733572822,0.185565594457472,5.3499337899754,5.34089001540111,0.458926454247184,0.00904377457429373,0,0.440784704322505,5,5,20,6.93889390390723e-18,19,4
30,19,4,24,24,24,4.90454819314679,5.07480227118191,0.170254078035118,5.3530138890869,5.28782288025956,0.278211617904993,0.0651910088273429,0.00678576133335085,0.356363538126439,5,5,20,1.11022302462516e-16,19,5
30,20,4,24,24,24,4.94817772563861,5.07694452016218,0.128766794523571,5.07759873130921,4.98275573703806,0.000654211147031347,0.0948429942711551,0,0.36740344894395,5,5,20,6.93889390390723e-18,19,3
30,21,4,23,23,24,4.28310718339758,4.47187145029961,0.188764266902031,5.07851707703146,4.98869657654157,0.606645626731848,0.0898205004898855,0,0.371241583358454,4,5,19,6.93889390390723e-18,19,3
30,22,4,20,20,24,4.99529964735711,4.87565071614966,-0.119648931207453,5.35960180539477,5.22494961898175,0.483951089245114,0.134652186413025,0.0368333798988516,0.289019908342767,5,5,16,6.93889390390723e-18,19,6
30,23,4,23,23,23,4.27047470893251,4.20074339937815,-0.0697313095543599,4.75510136100078,4.61789604779683,0.554357961622626,0.137205313203955,0,0.361328914156249,4,5,19,6.93889390390723e-18,18,5
30,24,4,23,23,24,4.09865533965829,4.3820350350573,0.283379695399018,4.32470472911686,4.31350892012795,-0.0573303059404404,0.0111958089889104,0,0.395932978028645,4,4,19,6.93889390390723e-18,20,4
30,25,5,23,23,24,4.02137019714007,3.97433966632233,-0.0470305308177341,4.17317078066893,4.07153428458547,0.198831114346593,0.101636496083453,0.0516178480145681,0.427992694273453,4,4,19,6.93889390390723e-18,20,8
30,26,5,24,24,24,4.04001596482981,4.49771458255635,0.457698617726539,4.31397252810445,4.27584316234034,-0.183742054451896,0.0381293657641129,0,0.50177105039428,4,4,20,3.46944695195361e-18,20,5
30,27,5,24,24,24,4.34530127748849,4.51763109051533,0.172329813026833,4.50661801879887,4.50375506098667,-0.0110130717164578,0.00286295781219614,0,0.518509748120076,4,4,20,6.93889390390723e-18,20,2
30,28,5,19,19,24,4.36458174753786,4.36293952801719,-0.00164221952067312,4.51330964876461,4.44378441903598,0.150370120747418,0.069525229728626,0.0410305911875559,0.415283160366918,4,4,16,6.93889390390723e-18,20,4
30,29,5,24,24,24,4.37347614277178,4.3936837956268,0.0202076528550208,4.41877423709151,4.41229071306012,0.0250904414647053,0.00648352403138652,0,0.479306534810605,4,4,21,6.93889390390723e-18,20,5
30,30,5,24,24,24,4.35781788826057,4.22079217063692,-0.137025717623645,4.36521762356779,4.34815103747847,0.144425452930868,0.0170665860893147,0,0.490706767392935,4,4,20,6.93889390390723e-18,20,4
30,31,6,23,23,24,4.4776734729451,4.62818758659171,0.150514113646616,5.44977748827809,5.400287453945,0.821589901686377,0.0494900343330871,0,0.621950347480221,4,5,19,6.93889390390723e-18,19,2
30,32,6,22,22,23,4.58410597380532,4.48256768247575,-0.101538291329568,4.62646832305142,4.62363737942683,0.143900640575664,0.00283094362458858,0,0.638757920252843,4,4,18,6.93889390390723e-18,19,1
30,33,6,23,23,23,4.62488367144023,4.60691536264545,-0.0179683087947806,4.536839949231,4.52808297503594,-0.0700754134144468,0.00875697419505972,0,0.658233546699506,4,4,19,6.93889390390723e-18,19,4
30,34,6,23,23,24,5.46224988152543,5.51494965111624,0.0526997695908102,5.52728494882124,5.44370846697193,0.0123352977050066,0.0835764818493079,0.023743371952623,0.575839962504613,5,5,19,6.93889390390723e-18,19,7
30,35,6,23,23,23,5.49283667243278,5.58647262726089,0.0936359548281143,5.55784566535699,5.55230482970267,-0.0286269619038988,0.00554083565432872,0,0.609739980901223,5,5,19,6.93889390390723e-18,18,5
30,36,6,24,24,24,4.96336841678356,4.9774498575265,0.0140814407429408,5.5848582816548,5.57704745825478,0.6074084241283,0.00781082340001937,0,0.62584774817736,5,5,20,6.93889390390723e-18,19,2
31,1,1,24,24,24,8.48792181598278,8.5219092807138,0.0339874647310197,8.31890964921799,8.22122120532213,-0.202999631495807,0.0976884438958621,0,0.569684189268454,8,8,18,1.11022302462516e-16,16,6
31,2,1,24,24,24,8.42342793376774,8.47433046605059,0.0509025322828514,8.52227180973471,8.51552382509448,0.047941343684121,0.00674798464022608,0,0.576877615636543,8,8,19,1.11022302462516e-16,16,6
31,3,1,24,24,24,8.2306178727969,8.28635744622049,0.0557395734235921,8.43662649681536,8.42715526374289,0.15026905059487,0.00947123307247111,0,0.586614563929951,8,8,20,1.73472347597681e-18,16,5
31,4,1,24,24,24,8.0676932852206,8.24548325562064,0.177789970400033,8.27983842511768,8.25765841204186,0.0343551694970454,0.0221800130758236,0,0.585289570823032,8,8,18,6.93889390390723e-18,16,4
31,5,1,24,24,24,6.91732406808557,7.56901284162232,0.65168877353675,8.1660657275341,8.15011779150734,0.597052885911782,0.0159479360267536,0,0.585386887475145,8,8,16,6.93889390390723e-18,16,5
31,6,1,23,23,24,7.56480153396277,7.64746167774304,0.0826601437802674,7.67157208444275,7.46731780967663,0.024110406699708,0.204254274766121,0,1.12720526462113,8,7,15,6.93889390390723e-18,16,7
31,7,2,24,24,24,4.48043530044317,4.02693907892115,-0.453496221522021,5.26696968186865,5.19683693679868,1.24003060294749,0.0701327450699694,0.00995871048537733,0.554846901916977,4,5,20,6.93889390390723e-18,19,3
31,8,2,20,20,24,4.15923322250604,4.56527448494807,0.406041262442032,5.35707685819819,4.86391435578974,0.791802373250111,0.493162502408444,0.0255567084052215,0.63226918850984,4,5,16,6.93889390390723e-18,19,2
31,9,2,23,23,24,4.61646214594107,5.44424079704877,0.827778651107703,4.82776969764069,4.62021348138229,-0.616471099408086,0.207556216258393,0.00919287566119653,0.668567915939863,5,4,16,6.93889390390723e-18,20,5
31,10,2,21,21,23,5.96593848081227,6.73385638436904,0.767917903556761,5.75097874927485,5.56461794178722,-0.982877635094189,0.186360807487624,0,0.935034416567343,7,5,13,6.93889390390723e-18,18,7
31,11,2,23,23,23,6.09712872663212,6.66774844722905,0.570619720596928,6.94488654057945,6.69234580195763,0.2771380933504,0.252540738621822,0,0.512103857666456,6,7,17,6.93889390390723e-18,16,3
31,12,2,23,23,23,5.46462711658458,5.45264382004068,-0.0119832965439022,6.36902236699411,6.31828523759266,0.916378546953435,0.050737129401452,0.00992415473964225,0.666745491194171,5,6,19,3.46944695195361e-18,17,5
31,13,3,22,22,22,4.47075628530395,4.70700083787829,0.236244552574342,4.70700083787829,4.70700083787829,8.88178419700125e-16,-6.21724893790088e-15,0,0.376843496987797,5,5,18,3.46944695195361e-18,17,0
31,14,3,24,24,24,5.12678837108699,4.9697411119736,-0.157047259113386,4.48448884050885,4.40788728366663,-0.485252271464752,0.076601556842216,0.00941884691954975,0.775470843209277,5,4,20,2.77555756156289e-17,20,7
31,15,3,24,24,24,4.93115459775259,4.96183478127347,0.0306801835208859,5.00441457120151,4.94376460898382,0.042579789928034,0.0606499622176866,0,0.772313599762177,5,5,20,6.93889390390723e-18,19,4
31,16,3,19,19,24,3.46542803069457,3.3162031053148,-0.149224925379766,4.46727421411721,4.23278498695963,1.1510711088024,0.234489227157577,0.0607346655274492,0.582492373506197,3,4,15,1.73472347597681e-18,20,6
31,17,3,24,24,24,3.79476037555457,3.90638856853819,0.111628192983612,3.70506876502718,3.65882828164188,-0.201319803511004,0.0462404833853012,0.00729842256345226,0.839397137795595,4,3,20,6.93889390390723e-18,21,5
31,18,3,24,24,24,5.2874811152471,5.30446238098496,0.016981265737865,4.48112703592535,4.39225584977678,-0.823335345059609,0.0888711861485723,0,0.892124622973083,5,4,20,6.93889390390723e-18,19,4
31,19,4,23,23,24,5.22822674773695,5.30010789885204,0.0718811511150879,4.52214808441212,4.37322103398721,-0.777959814439919,0.148927050424911,0.0243185941268207,0.353663372401154,5,4,19,1.73472347597681e-18,20,6
31,20,4,24,24,24,4.93292817966768,5.30727997934698,0.374351799679301,5.31228223138803,5.30214240037201,0.00500225204104776,0.0101398310160201,0,0.361622968531173,5,5,20,6.93889390390723e-18,19,5
31,21,4,24,24,24,4.93880961077615,4.68996659642902,-0.248843014347137,5.25332934840627,5.24913088774226,0.563362751977251,0.00419846066400886,0,0.362597551714416,5,5,20,6.93889390390723e-18,19,4
31,22,4,17,17,24,5.13623507669206,5.09653355582055,-0.0397015208715086,4.48681082793311,4.19930114253858,-0.609722727887445,0.287509685394531,0.01411748606776,0.729638102272311,5,4,13,6.93889390390723e-18,20,3
31,23,4,23,23,23,4.57171708731886,4.41711799257444,-0.154599094744412,5.03776868343939,4.88415236162525,0.620650690864946,0.153616321814138,0.00790863549684406,0.337383910064148,4,5,19,1.11022302462516e-16,18,3
31,24,4,24,24,24,4.27037383092667,4.38971242675892,0.119338595832247,4.49203398486932,4.4231292194198,0.1023215581104,0.0689047654495258,0,0.530756160445154,4,4,20,6.93889390390723e-18,20,2
31,25,5,18,18,24,3.97971727220519,3.63364169409472,-0.346075578110475,4.16980046607402,4.15348259950428,0.536158771979298,0.0163178665697377,0,0.488638763752147,4,4,14,3.46944695195361e-18,20,3
31,26,5,24,24,24,4.23308473071693,4.49382173600105,0.260737005284118,4.32846312150637,4.28807446973075,-0.165358614494684,0.0403886517756167,0,0.49131156164174,4,4,20,6.93889390390723e-18,20,4
31,27,5,24,24,24,4.45871751037681,4.47417790189512,0.0154603915183094,4.49551453827623,4.49257568993802,0.0213366363811138,0.00293884833820535,0.00975992258319103,0.489509987679099,4,4,20,6.93889390390723e-18,20,3
31,28,5,19,19,24,4.35872628956994,4.39914915774217,0.0404228681722314,4.51289369805063,4.4168616358767,0.11374454030846,0.0960320621739363,0.0408897782599817,0.407294632476227,4,4,16,6.93889390390723e-18,20,4
31,29,5,24,24,24,4.36816780592952,4.44862719161056,0.0804593856810385,4.4576131350381,4.45532706909508,0.00898594342753878,0.00228606594301617,0,0.471483912433481,4,4,21,6.93889390390723e-18,20,5
31,30,5,24,24,24,4.30466952710369,4.235731159272,-0.0689383678316879,4.44771778791955,4.43955613664346,0.211986628647546,0.00816165127609203,0,0.476953535577298,4,4,20,6.93889390390723e-18,20,4
31,31,6,24,24,24,5.34628457940555,5.27923754599048,-0.0670470334150703,5.57272663051164,5.5704865898733,0.293489084521156,0.00224004063834027,0,0.617998864659402,5,5,20,1.11022302462516e-16,19,2
31,32,6,23,23,24,4.57740100563256,4.5887694667142,0.0113684610816396,5.45001277936719,5.39573557484859,0.861243312652988,0.0542772045185966,0,0.619992489683896,4,5,19,6.93889390390723e-18,19,2
31,33,6,23,23,23,4.48280214528558,4.54115712530345,0.0583549800178682,4.58600691939246,4.57475849974217,0.044849794089008,0.0112484196502853,0.00963024800364654,0.626609475161148,4,4,19,6.93889390390723e-18,19,4
31,34,6,21,21,24,5.36576544406912,5.40102921748999,0.0352637734208763,5.46883999251269,5.41088703649699,0.0678107750226911,0.0579529560156944,0.00596552275525575,0.592654149381276,5,5,17,6.93889390390723e-18,19,5
31,35,6,23,23,23,5.49678178140564,5.45102318235421,-0.0457585990514326,5.43530741919777,5.42252529041733,-0.0157157631564342,0.0127821287804393,0,0.595838070008313,5,5,19,6.93889390390723e-18,18,4
31,36,6,24,24,24,5.52127698367223,5.57825453654138,0.0569775528691467,5.54833676671798,5.54106444639197,-0.0299177698234043,0.00727232032600611,0,0.614039512036425,5,5,20,6.93889390390723e-18,19,4
32,1,1,24,24,24,8.1390089932689,7.84793692254853,-0.291072070720376,7.65562121399477,7.62994308171787,-0.192315708553753,0.0256781322769042,0,0.562534054883029,8,8,17,6.93889390390723e-18,16,6
32,2,1,24,24,24,8.43036858684354,8.32386061209053,-0.106507974753004,8.0970433479503,7.98409132174189,-0.226817264140234,0.112952026208407,0,0.56597593855583,8,8,18,6.93889390390723e-18,16,6
32,3,1,24,24,24,8.34288371110547,8.38295593197923,0.0400722208737623,8.40182674928264,8.38751165317907,0.018870817303414,0.0143150961035747,0,0.57316075374887,8,8,20,1.11022302462516e-16,16,4
32,4,1,24,24,24,8.17508182792144,8.04713168615324,-0.127950141768203,8.32066672560443,8.30601812353817,0.273535039451193,0.0146486020662593,0,0.580324330798552,8,8,19,1.11022302462516e-16,16,5
32,5,1,24,24,24,8.06861661359227,8.52154425197659,0.452927638384324,8.35825169901215,8.30974900161535,-0.163292552964439,0.0485026973968044,0,0.579424707706419,8,8,16,6.93889390390723e-18,16,7
32,6,1,24,24,24,7.39264463157987,7.32794049893733,-0.0647041326425324,8.49253565623296,8.44745212074636,1.16459515729563,0.0450835354866079,0.00535202318327954,0.542668422577016,7,8,16,6.93889390390723e-18,16,6
32,7,2,23,23,23,5.13500944405017,5.31469417674405,0.179684732693882,5.97121534809227,5.91825940129012,0.656521171348227,0.0529559468021503,0,0.58389618301127,5,6,19,6.93889390390723e-18,18,6
32,8,2,20,20,24,4.78997407091068,6.32621871151618,1.5362446406055,6.38852098153851,6.27188819315285,0.0623022700223288,0.116632788385662,0.0329179090158416,0.410315239596811,6,6,15,6.93889390390723e-18,18,3
32,9,2,23,23,24,4.56491039966389,7.06698026155701,2.50206986189312,6.41209887062412,5.9051118265881,-0.654881390932888,0.50698704403602,0,0.670957977228907,7,6,15,6.93889390390723e-18,18,4
32,10,2,23,23,23,5.50897176236935,8.30135642458773,2.79238466221838,7.67344836812216,7.41213321081898,-0.627908056465574,0.261315157303182,0,0.781854658894004,8,7,15,6.93889390390723e-18,16,6
32,11,2,23,23,24,6.62542234393805,6.83047481094774,0.20505246700969,8.05146644070551,7.99020871218629,1.22099162975777,0.061257728519224,0.0081334945563043,0.449644760150799,7,8,15,6.93889390390723e-18,16,5
32,12,2,22,22,23,6.24527747202449,6.27367107321753,0.0283936011930415,6.72181787891913,6.51744700742233,0.448146805701601,0.204370871496799,0,0.754330969274262,6,6,18,6.93889390390723e-18,17,6
32,13,3,22,22,24,4.65993082949951,4.54144731977822,-0.118483509721295,4.32319265971951,4.19028791909801,-0.218254660058707,0.132904740621496,0.0364478548712395,0.642521854403032,5,4,18,6.93889390390723e-18,20,5
32,14,3,23,23,23,4.35448375237961,4.75636716799061,0.401883415610997,4.7546667255004,4.73298599570788,-0.00170044249021117,0.0216807297925232,0,0.396644263410547,4,5,19,5.55111512312578e-17,18,4
32,15,3,24,24,24,4.89432696289398,5.05919682268959,0.164869859795603,4.71896011954642,4.70256151618644,-0.340236703143162,0.0163986033599857,0,0.738164669956577,5,4,20,3.46944695195361e-18,20,4
32,16,3,16,16,24,4.13032981821786,3.96005557146834,-0.170274246749518,4.73956634889992,4.51791068975574,0.77951077743158,0.221655659144181,0.0319185862339717,1.09900648354549,4,4,12,6.93889390390723e-18,20,5
32,17,3,23,23,24,3.61501456048764,3.82625141799239,0.211236857504745,4.23187466730142,4.20973478768864,0.405623249309036,0.0221398796127863,0,0.772927656969545,3,4,19,3.46944695195361e-18,20,3
32,18,3,24,24,24,4.34833329127902,4.2171307821383,-0.131202509140713,3.87681718298284,3.86378032265664,-0.340313599155468,0.0130368603261943,0,0.535203585193435,4,4,20,6.93889390390723e-18,21,4
32,19,4,21,21,24,4.30541341546178,4.31771820320015,0.0123047877383673,4.49240775359362,4.41344592666438,0.17468955039347,0.0789618269292349,0.0275737927048825,0.39760288315503,4,4,17,6.93889390390723e-18,20,4
32,20,4,24,24,24,5.24912097636829,5.25460560511535,0.00548462874706335,4.48398531268236,4.46095155703561,-0.770620292432993,0.0230337556467468,0,0.49074837113276,5,4,20,6.93889390390723e-18,20,6
32,21,4,24,24,24,5.19663957886484,5.27344684347096,0.0768072646061242,5.27560102426603,5.27120916326071,0.00215418079506335,0.00439186100531419,0,0.356745285867567,5,5,20,3.46944695195361e-18,19,3
32,22,4,20,20,24,4.14333181990611,4.04682913567769,-0.0965026842284198,5.16544333187854,5.03551932428637,1.11861419620085,0.129924007592169,0.0354801041384238,0.264970934339045,4,5,16,6.93889390390723e-18,19,8
32,23,4,22,22,24,4.82748128886712,5.142629179117,0.315147890249873,4.7649836517937,4.68509682612118,-0.377645527323296,0.079886825672526,0,0.895981015459881,5,4,19,6.93889390390723e-18,20,5
32,24,4,24,24,24,4.3788979272256,4.52029623955157,0.141398312325972,5.01160460186097,5.00124620372706,0.491308362309402,0.0103583981339144,0,0.359170883044081,4,5,20,2.77555756156289e-17,19,3
32,25,5,24,24,24,4.11194777350924,3.80690631002128,-0.30504146348796,4.30637796258,4.24937205145074,0.499471652558728,0.057005911129262,0.0186061981155321,0.454808277025888,4,4,20,6.93889390390723e-18,20,5
32,26,5,24,24,24,4.24519372503344,4.30673938174789,0.0615456567144426,4.30673938174789,4.30673938174791,0,-2.30926389122033e-14,0.00990943303689562,0.476489012988427,4,4,20,6.93889390390723e-18,20,0
32,27,5,23,23,23,4.43798760968129,4.36749181790478,-0.070495791776505,4.32228149642299,4.31496705421328,-0.045210321481794,0.00731444220971245,0,0.478639117220638,4,4,19,6.93889390390723e-18,19,4
32,28,5,19,19,24,4.33221213904055,4.38795199335605,0.0557398543154983,4.45117174424396,4.34427361822194,0.0632197508879093,0.106898126022014,0.0541421924193619,0.370672317294042,4,4,16,6.93889390390723e-18,20,5
32,29,5,24,24,24,4.41077379840413,4.43947248203426,0.0286986836301288,4.45013096607391,4.44628522718803,0.0106584840396469,0.00384573888588324,0,0.465384834524142,4,4,21,6.93889390390723e-18,20,2
32,30,5,24,24,24,4.39516057527702,4.37328343167388,-0.0218771436031435,4.43427729729491,4.43047567357823,0.060993865621036,0.00380162371668558,0,0.467435311004775,4,4,20,1.73472347597681e-18,20,4
32,31,6,24,24,24,5.51478172397457,5.52651841839241,0.011736694417845,5.52578940413109,5.51962318336577,-0.000729014261319882,0.00616622076531836,0,0.608354508919104,5,5,20,6.93889390390723e-18,19,4
32,32,6,24,24,24,5.34177821910011,5.22176763685217,-0.120010582247934,5.50786858778307,5.48215198448177,0.286100950930893,0.0257166033012997,0,0.612300352082134,5,5,20,1.11022302462516e-16,19,2
32,33,6,22,22,24,4.51947696922114,4.47472533694579,-0.0447516322753527,5.3264488441627,5.27205074961406,0.851723507216914,0.0543980945486418,0,0.617948055808884,4,5,18,6.93889390390723e-18,19,2
32,34,6,23,23,24,5.35087229860432,5.3929341936126,0.0420618950082856,6.08994324981201,5.98265562424874,0.697009056199411,0.107287625563271,0.0284601296230775,0.528290593928673,5,6,19,6.93889390390723e-18,18,7
32,35,6,23,23,23,5.36830003751316,5.34061485908312,-0.0276851784300423,5.38694670132196,5.37309513638787,0.0463318422388372,0.0138515649340896,0,0.586241843668068,5,5,19,6.93889390390723e-18,18,6
32,36,6,24,24,24,5.48565380192805,5.50864080225583,0.0229870003277775,5.42539922749762,5.41231187545592,-0.0832415747582056,0.013087352041703,0,0.601679369943061,5,5,20,6.93889390390723e-18,19,4
33,1,1,24,24,24,7.55364365090069,7.21441678651406,-0.339226864386628,8.33516763626126,8.2386405781545,1.12075084974719,0.0965270581067568,0,0.553398763428792,7,8,17,6.93889390390723e-18,16,3
33,2,1,24,24,24,7.90425040852447,7.38065393299672,-0.523596475527747,7.39627552280682,7.25491980362584,0.0156215898100935,0.141355719180978,0,1.04439602286934,7,7,18,6.93889390390723e-18,17,6
33,3,1,24,24,24,8.30363653664728,8.30324632243901,-0.000390214208270123,7.84284286791057,7.75658506162024,-0.460403454528443,0.086257806290325,0,0.562244736790332,8,8,20,6.93889390390723e-18,16,3
33,4,1,24,24,24,8.22295794230279,8.26324059858602,0.0402826562832264,8.32388244535226,8.30950926162625,0.0606418467662397,0.0143731837260077,0,0.56911628734673,8,8,20,1.11022302462516e-16,16,3
33,5,1,24,24,24,8.22665151159919,8.34862654834298,0.121975036743782,8.31242155326917,8.26585685666707,-0.0362049950738097,0.0465646966020987,0,0.574226104779963,8,8,16,6.93889390390723e-18,16,7
33,6,1,23,23,24,8.35767909658745,8.44737846251212,0.0896993659246768,8.40967864801189,8.38493870846399,-0.0376998145002343,0.0247399395479011,0,0.568413236767324,8,8,15,6.93889390390723e-18,16,8
33,7,2,23,23,23,5.85907680727722,5.8640446417097,0.00496783443248194,6.4763223816428,6.40130269297136,0.612277739933094,0.07501968867144,0,0.643820746735787,6,6,19,6.93889390390723e-18,17,3
33,8,2,19,19,24,6.17658058129564,6.25706862684413,0.0804880455484938,6.60522677112851,6.57843632918806,0.348158144284384,0.026790441940455,0.00723804678182027,0.684550723442172,6,6,12,6.93889390390723e-18,18,7
33,9,2,24,24,24,5.84606070832222,5.89913993790282,0.053079229580602,6.30563298053262,6.18815728710736,0.406493042629802,0.117475693425264,0.00963378329242026,0.501273265454762,6,6,16,6.93889390390723e-18,18,3
33,10,2,23,23,24,7.33801187871079,7.34198060848648,0.00396872977569718,6.32029807099354,5.86592263470028,-1.02168253749294,0.454375436293263,0,0.74591602845337,7,6,15,6.93889390390723e-18,18,4
33,11,2,23,23,24,7.90225446545368,8.02280608619636,0.120551620742674,7.62753478373509,7.44306598532665,-0.395271302461262,0.184468798408441,0,0.656377602772833,8,7,16,1.11022302462516e-16,17,6
33,12,2,23,23,24,6.45227253734811,6.64297989672429,0.190707359376185,7.64739024298749,7.42277596429962,1.00441034626319,0.224614278687865,0,0.83301972502131,6,7,19,1.11022302462516e-16,17,5
33,13,3,18,18,24,4.11230166358451,4.11635033897415,0.00404867538964115,3.7853921456532,3.75771734547435,-0.330958193320944,0.0276748001788532,0.00905978963324916,0.452360571750554,4,4,14,3.46944695195361e-18,21,5
33,14,3,23,23,23,4.6856561357508,4.49191334173249,-0.193742794018312,4.3198938247319,4.18000600345014,-0.172019517000583,0.139887821281763,0,0.772452342438563,4,4,19,6.93889390390723e-18,18,3
33,15,3,24,24,24,4.65553590102457,4.63716869006441,-0.0183672109601645,4.53102191727573,4.50695693522289,-0.106146772788678,0.02406498205284,0,0.791548574056615,4,4,20,2.77555756156289e-17,20,4
33,16,3,20,20,24,4.44113218248655,4.22063245496977,-0.220499727516779,4.66500621613922,4.46864655368704,0.444373761169445,0.196359662452177,0.0411235043411118,0.636168078230569,4,4,16,5.55111512312578e-17,20,8
33,17,3,24,24,24,4.16763743981175,5.16396342492898,0.996325985117232,4.64009900124257,4.54691195121625,-0.523864423686416,0.0931870500263159,0.00992355815924384,1.03572465849414,5,4,20,6.93889390390723e-18,20,6
33,18,3,24,24,24,3.82514251943007,3.74187372418393,-0.0832687952461422,4.85681345424363,4.81485834759283,1.1149397300597,0.0419551066508053,0,0.656681608770644,3,5,20,3.46944695195361e-18,20,3
33,19,4,21,21,24,4.34201341261991,4.24343126031429,-0.0985821523056138,4.77141190014466,4.68584347658997,0.527980639830365,0.0855684235546867,0.046863439068348,0.712082822501698,4,4,17,1.73472347597681e-18,20,4
33,20,4,24,24,24,4.41634204146525,4.4348094466188,0.0184674051535501,4.31204269491666,4.28063849200737,-0.122766751702148,0.0314042029092905,0,0.396608122687536,4,4,20,6.93889390390723e-18,20,7
33,21,4,24,24,24,5.2184970716281,5.18120266873805,-0.0372944028900566,4.65522601869344,4.62977486410308,-0.52597665004461,0.0254511545903551,0,0.706358499344189,5,4,20,6.93889390390723e-18,20,4
33,22,4,17,17,24,4.95003882794647,4.96663435495013,0.0165955270036626,5.18078407767001,5.07932211733025,0.214149722719879,0.101461960339758,0.0280964355775914,0.272203259062279,5,5,13,6.93889390390723e-18,19,4
33,23,4,24,24,24,4.63824585785996,4.84379315816356,0.205547300303597,4.96847241011968,4.9594633519008,0.124679251956121,0.00900905821888465,0.0198620582387745,0.335954461088974,5,5,21,2.77555756156289e-17,19,4
33,24,4,24,24,24,4.95123374168979,4.97086784158138,0.0196340998915927,4.75901217270328,4.67043495056865,-0.211855668878099,0.0885772221346279,0.0297749802738272,0.677443903940555,5,4,20,1.11022302462516e-16,20,3
33,25,5,22,22,24,4.18845819480186,4.25295137943573,0.0644931846338759,4.44406977883686,4.38774422034359,0.191118399401129,0.0563255584932758,0.0293161064418745,0.423213211297331,4,4,18,6.93889390390723e-18,20,5
33,26,5,23,23,24,4.2538616492239,3.92172258201578,-0.332139067208126,4.21524449878302,4.0959164713749,0.29352191676724,0.119328027408115,0,0.472207822928306,4,4,19,6.93889390390723e-18,20,5
33,27,5,23,23,23,4.27181738367114,4.16974986369439,-0.10206751997675,4.01230528373049,4.00188671953986,-0.157444579963903,0.0104185641906271,0.00999356889673519,0.462377872558414,4,4,19,6.93889390390723e-18,19,4
33,28,5,17,17,23,4.24723011154455,4.24247185814988,-0.00475825339466951,4.19816506065738,4.06297155439797,-0.0443067974925029,0.135193506259415,0.0328641210580614,0.386994162490463,4,4,14,6.93889390390723e-18,19,4
33,29,5,24,24,24,4.40182237491614,4.42322131552502,0.0213989406088766,4.39827308430759,4.38717316012993,-0.0249482312174294,0.0110999241776559,0.00992356331036159,0.443102119610841,4,4,22,6.93889390390723e-18,20,3
33,30,5,24,24,24,4.38617091684245,4.42201327832224,0.0358423614797978,4.42806928666648,4.42462792970438,0.00605600834423647,0.00344135696210124,0,0.459800692720893,4,4,20,6.93889390390723e-18,20,1
33,31,6,24,24,24,5.46442695153211,5.42116494515035,-0.0432620063817639,5.33680517663754,5.31831091062339,-0.0843597685128126,0.0184942660141436,0,0.596998088106084,5,5,20,6.93889390390723e-18,19,4
33,32,6,24,24,24,5.42733046463695,5.54225753189326,0.114927067256307,5.5039316868797,5.48985003913843,-0.03832584501356,0.0140816477412704,0,0.603077049756906,5,5,20,6.93889390390723e-18,19,3
33,33,6,24,24,24,5.21933024211792,5.53386476200782,0.3145345198899,5.54422557726582,5.54350283439702,0.0103608152580019,0.000722742868797255,0.00999479042770091,0.597777669002928,5,5,21,6.93889390390723e-18,19,1
33,34,6,21,21,24,5.89465353967941,6.01276762277697,0.118114083097559,6.30760207864842,6.2417379019433,0.294834455871447,0.0658641767051193,0.0271145136134034,0.527881058521459,6,6,17,1.11022302462516e-16,18,6
33,35,6,23,23,24,5.31936418502399,5.49640678330088,0.177042598276891,6.16486876837429,6.15524283379047,0.668461985073407,0.00962593458381189,0,0.563854073940671,5,6,19,6.93889390390723e-18,18,4
33,36,6,24,24,24,5.35818875670136,5.2797270620501,-0.0784616946512644,5.5023077547456,5.49956789571082,0.222580692695498,0.0027398590347758,0,0.591285010628486,5,5,20,6.93889390390723e-18,19,4
34,1,1,24,24,24,8.15625417237296,7.80537405011069,-0.350880122262266,8.10159563013272,8.06861140837449,0.296221580022026,0.0329842217582232,0,0.557818434641381,8,8,17,6.93889390390723e-18,16,7
34,2,1,24,24,24,7.18237060558958,7.23219016203059,0.0498195564410038,7.68995571258768,7.59039743511786,0.45776555055709,0.0995582774698214,0,0.549047383810968,7,8,18,6.93889390390723e-18,16,5
34,3,1,24,24,24,7.67901921100404,7.26563292653664,-0.413386284467402,7.35598472542843,7.24816465624774,0.090351798891791,0.107820069180691,0,1.05940379729783,7,7,20,1.11022302462516e-16,16,5
34,4,1,24,24,24,8.22641416900999,8.23202293862507,0.00560876961507795,8.23202293862507,8.23202293862502,0,4.9737991503207e-14,0,0.563425124473268,8,8,20,6.93889390390723e-18,16,0
34,5,1,24,24,24,8.1831982881004,7.93200232267002,-0.251195965430377,8.16385434833448,8.1442349680538,0.231852025664463,0.0196193802806786,0,0.56473049796486,8,8,16,6.93889390390723e-18,16,7
34,6,1,24,24,24,8.30108932137935,8.15159354534182,-0.149495776037526,8.06262710787334,7.84898822880492,-0.0889664374684873,0.21363887906842,0.00968020179659224,0.519758039107223,8,8,16,6.93889390390723e-18,16,8
34,7,2,23,23,24,6.33728966604164,6.41871496631497,0.0814253002733247,7.14129301252139,7.0322033393505,0.722578046206427,0.109089673170898,0,0.6089650323704,6,7,18,2.77555756156289e-17,17,2
34,8,2,23,23,24,6.50548629958218,6.43699979358536,-0.0684865059968196,7.11100926303767,6.96453430568641,0.67400946945231,0.146474957351259,0.041733233409766,0.419725081736828,6,7,15,6.93889390390723e-18,17,8
34,9,2,23,23,24,6.11673826877679,7.10254677623319,0.985808507456397,6.58648903507971,6.41556243636448,-0.516057741153475,0.170926598715227,0.0099751359304987,0.684455321706777,7,6,16,6.93889390390723e-18,18,6
34,10,2,24,24,24,5.80726340835327,7.2960412578017,1.48877784944843,7.28601842884786,7.01958766218087,-0.0100228289538418,0.266430766666995,0,0.875163716760415,7,7,16,6.93889390390723e-18,17,3
34,11,2,24,24,24,7.36863532547339,7.7459577266421,0.377322401168709,7.34069036068541,7.16452398637143,-0.405267365956685,0.176166374313979,0,0.474411552237296,8,7,17,1.11022302462516e-16,17,4
34,12,2,24,24,24,7.34854820465663,7.33902560659779,-0.00952259805883848,7.68716646623521,7.44668893923272,0.348140859637418,0.240477527002486,0.00820562627141719,0.750267502820263,7,7,20,1.11022302462516e-16,17,5
34,13,3,23,23,24,3.71117098028269,3.86960865640446,0.158437676121771,4.79765746933449,4.58293887441747,0.928048812930027,0.214718594917015,0.0282102864776919,0.757164455534744,4,4,19,6.93889390390723e-18,20,5
34,14,3,23,23,24,4.13820594341564,4.60988704718975,0.471681103774107,4.04320088448648,3.96108273987973,-0.566686162703269,0.0821181446067447,0.00255484309460119,0.558368304143029,5,4,19,3.46944695195361e-18,21,4
34,15,3,24,24,24,4.46188736587066,4.36290977013149,-0.0989775957391696,4.55372793828558,4.493606903859,0.190818168154093,0.0601210344265857,0,0.86238928556857,4,4,20,6.93889390390723e-18,20,4
34,16,3,18,18,24,4.38324781885247,4.44747866096249,0.0642308421100255,4.35756662768897,4.32457263502378,-0.0899120332735253,0.0329939926651912,0,0.678470529548987,4,4,14,1.73472347597681e-18,20,4
34,17,3,23,23,23,4.49161850912644,4.18191380205934,-0.309704707067101,4.45951094153973,4.44311362671871,0.277597139480394,0.0163973148210195,0,0.763456673001545,4,4,19,6.93889390390723e-18,19,4
34,18,3,24,24,24,4.7667097641169,4.88505086162825,0.118341097511351,4.44176730983443,4.33916858659425,-0.443283551793821,0.102598723240185,0,0.916901772491322,5,4,20,5.55111512312578e-17,20,4
34,19,4,18,18,24,4.59259023714641,4.56200674582827,-0.0305834913181338,4.71889665088009,4.62186821142959,0.156889905051815,0.097028439450499,0.0210623131482466,0.719575988689597,4,4,14,6.93889390390723e-18,20,4
34,20,4,24,24,24,4.23783210708729,4.28289902183586,0.0450669147485661,4.4612190613195,4.4462318404181,0.17832003948364,0.014987220901391,0,0.577868324740754,4,4,20,6.93889390390723e-18,20,4
34,21,4,24,24,24,4.58347711546205,4.53979692888423,-0.0436801865778182,4.29857770976303,4.28139507637806,-0.241219219121202,0.0171826333849712,0,0.403859132504754,4,4,20,5.55111512312578e-17,20,5
34,22,4,18,18,24,5.00071342493513,4.95441008653341,-0.0463033384017244,4.62184032822218,4.40760723884291,-0.332569758311227,0.214233089379267,0.0459686026488919,0.658706321116201,5,4,14,1.11022302462516e-16,20,6
34,23,4,22,22,22,4.8902052807254,4.89086444223697,0.000659161511565642,5.02329610333347,5.00804572945907,0.132431661096502,0.0152503738744025,0.00995252862317564,0.318742718992143,5,5,19,6.93889390390723e-18,17,5
34,24,4,21,21,22,4.59425337059187,4.58784240477742,-0.00641096581445311,4.69082133585145,4.67277976449092,0.102978931074033,0.0180415713605342,0.00997216740895546,0.74583293363255,4,4,17,1.38777878078145e-17,18,4
34,25,5,20,20,24,4.3148438327627,4.35953752150768,0.0446936887449869,4.41646864916511,4.30136605449671,0.0569311276574238,0.115102594668399,0.0256891034136002,0.423568541321463,4,4,16,6.93889390390723e-18,20,3
34,26,5,24,24,24,4.05495730666115,3.91480716722571,-0.140150139435443,4.39738134545719,4.38560263219226,0.482574178231483,0.0117787132649303,0.00993592717290248,0.454341488317656,4,4,20,1.73472347597681e-18,20,3
34,27,5,22,22,23,3.9519742191367,4.08869600895988,0.136721789823179,3.97163346050598,3.91833027321914,-0.117062548453898,0.0533031872868395,0,0.459867488224046,4,4,18,6.93889390390723e-18,19,3
34,28,5,17,17,24,3.98980635900651,4.37383517541473,0.38402881640822,4.43311013524411,4.31779286707601,0.0592749598293834,0.115317268168104,0.0327991004039871,0.448995728506008,4,4,13,6.93889390390723e-18,20,5
34,29,5,23,23,23,4.33347710085138,4.3439107505202,0.0104336496688253,4.43171992379607,4.42701422136706,0.0878091732758657,0.00470570242901136,0,0.446743651636859,4,4,20,6.93889390390723e-18,19,4
34,30,5,24,24,24,4.38038165040733,4.35924128110095,-0.0211403693063819,4.35890412964861,4.33900201927837,-0.00033715145233959,0.0199021103702393,0,0.450421321382323,4,4,20,6.93889390390723e-18,20,3
34,31,6,24,24,24,5.26512780151716,5.13692260427134,-0.128205197245819,5.41569051902766,5.39778015834346,0.278767914756314,0.0179103606841986,0.00991938827190531,0.576684302566651,5,5,20,6.93889390390723e-18,19,4
34,32,6,24,24,24,5.43495153874704,5.46043300733936,0.0254814685923233,5.28930423521382,5.26144111135866,-0.171128772125541,0.0278631238551679,0.00991308676814207,0.582401225444284,5,5,20,1.11022302462516e-16,19,4
34,33,6,23,23,23,5.47817296352963,5.51078673067753,0.0326137671479039,5.48417896561552,5.46841701649695,-0.0266077650620185,0.0157619491185637,0,0.588332104974282,5,5,19,6.93889390390723e-18,18,3
34,34,6,21,21,24,6.15247715444659,6.16438695327383,0.011909798827233,6.40434730747945,6.31339811102443,0.239960354205624,0.0909491964550186,0.0335004991091301,0.514519404934301,6,6,17,6.93889390390723e-18,18,7
34,35,6,24,24,24,6.09369040545257,6.11474117914286,0.0210507736902938,6.18927187414106,6.16033637676709,0.0745306949981934,0.0289354973739631,0,0.556382743325271,6,6,20,1.11022302462516e-16,18,5
34,36,6,24,24,24,5.44457221675371,5.45285072920556,0.00827851245185052,5.7446316628441,5.61038286469407,0.29178093363854,0.134248798150033,0,0.771506647584924,5,5,20,6.93889390390723e-18,19,4
35,1,1,24,24,24,7.98792529429075,8.24601863421305,0.258093339922298,8.20925000040625,8.18315229900638,-0.0367686338067976,0.0260977013998662,0,0.548194680596661,8,8,17,6.93889390390723e-18,16,8
35,2,1,24,24,24,7.51449346076668,7.6974161719648,0.182922711198126,8.13028181391342,8.11530440148042,0.432865641948619,0.0149774124330033,0,0.54942950917161,8,8,18,1.11022302462516e-16,16,5
35,3,1,24,24,24,7.17568300968526,7.64999238807971,0.474309378394452,7.6935408922219,7.64684799713821,0.0435485041421915,0.04669289508369,0,0.544748491361462,8,8,20,1.11022302462516e-16,17,2
35,4,1,24,24,24,8.14970270923877,8.1399994994375,-0.00970320980126438,7.86830063759065,7.6926212391719,-0.271698861846847,0.175679398418754,0,0.550554915560509,8,8,20,6.93889390390723e-18,16,3
35,5,1,24,24,24,8.06279261837326,8.08128507203961,0.0184924536663456,8.16890043056863,8.14856783001429,0.0876153585290229,0.0203326005543421,0,0.558163068647449,8,8,16,6.93889390390723e-18,16,7
35,6,1,22,22,24,7.76091494673824,8.15703960323306,0.396124656494817,8.11602958389636,8.05236978842682,-0.0410100193366993,0.0636597954695421,0,0.555219923059284,8,8,14,6.93889390390723e-18,16,7
35,7,2,24,24,24,6.96188130595699,7.01049746429691,0.0486161583399234,7.19283027575021,6.89428159731333,0.182332811453298,0.298548678436885,0,0.570024722729317,7,7,19,1.11022302462516e-16,17,5
35,8,2,18,18,24,6.85357306155388,8.04727813070304,1.19370506914917,7.13370472611283,6.68406954977337,-0.913573404590215,0.449635176339452,0.0399856361849276,0.391149909642573,8,7,11,6.93889390390723e-18,17,3
35,9,2,23,23,23,6.34153142742965,7.42090129950653,1.07936987207688,8.12093438717523,8.03057364172475,0.700033087668701,0.0903607454504769,0,0.442097021392756,7,8,15,6.93889390390723e-18,15,7
35,10,2,24,24,24,6.94939178555906,7.50195945583525,0.552567670276198,7.9209462796255,7.79363830374781,0.418986823790242,0.127307975877683,0,0.536030859192635,7,8,16,6.93889390390723e-18,16,4
35,11,2,24,24,24,7.09287874650772,7.58845905030006,0.495580303792342,7.77864454793731,7.59317670756295,0.190185497637245,0.185467840374359,0,0.921587440132394,7,7,17,6.93889390390723e-18,17,2
35,12,2,23,23,24,7.36409847983169,7.02593264719061,-0.338165832641081,7.53182215329286,7.41409192610123,0.505889506102249,0.117730227191625,0.00443602306334689,0.581351058529461,7,7,16,6.93889390390723e-18,17,5
35,13,3,20,20,24,4.50918130206038,4.57138779542212,0.0622064933617406,4.31050677778873,4.0768045691977,-0.260881017633394,0.233702208591029,0.0285357222311635,0.67301863197599,4,4,16,2.77555756156289e-17,21,8
35,14,3,23,23,24,3.91894261781728,3.85186402649016,-0.0670785913271219,4.41863585592943,4.36068966204353,0.566771829439273,0.0579461938858996,0,0.776217335597305,4,4,19,6.93889390390723e-18,20,6
35,15,3,24,24,24,4.44867083482041,4.08016377576524,-0.36850705905517,3.93535982661929,3.90764545971183,-0.144803949145945,0.0277143669074573,0,0.56722567729726,4,4,20,6.93889390390723e-18,21,3
35,16,3,24,24,24,4.28132690867354,4.65323672538828,0.37190981671474,4.56165392462356,4.23531439770114,-0.0915828007647175,0.326339526922427,0.0096353425045681,0.668707267118313,4,4,20,6.93889390390723e-18,20,5
35,17,3,23,23,24,4.39868249045152,4.74338851147192,0.344706021020401,4.62497972742283,4.61324322809675,-0.118408784049097,0.0117364993260738,0,0.631591734606754,4,4,19,6.93889390390723e-18,20,4
35,18,3,24,24,24,4.2957769007283,4.16758309628043,-0.128193804447874,4.73856663958521,4.72957688854725,0.570983543304785,0.00898975103796662,0,0.786185303988003,4,4,20,6.93889390390723e-18,20,4
35,19,4,21,21,24,4.55479783929853,4.59166972790321,0.0368718886046784,4.69414170347137,4.55567129276359,0.102471975568164,0.138470410707778,0.0296003089248451,0.64408671986364,4,4,17,6.93889390390723e-18,20,7
35,20,4,24,24,24,4.40176952201392,4.56847240809977,0.166702886085844,4.64145614159833,4.63088909280032,0.0729837334985666,0.0105670487980145,0,0.677390416253505,4,4,20,6.93889390390723e-18,20,6
35,21,4,24,24,24,4.23858112561428,4.29267692794184,0.0540958023275593,4.46379475129208,4.45468017476854,0.171117823350239,0.00911457652353498,0,0.466879878350224,4,4,20,3.46944695195361e-18,20,4
35,22,4,16,16,24,4.31802224983208,4.46887645381877,0.150854203986682,4.30472507082939,4.18654794635664,-0.164151382989379,0.118177124472747,0.0190346893384312,0.373266868061969,4,4,12,1.73472347597681e-18,20,5
35,23,4,21,21,21,4.94811226882753,4.85460270799328,-0.0935095608342555,4.65719544486864,4.64482547218276,-0.197407263124638,0.0123699726858808,0,0.300979730206856,5,5,18,1.11022302462516e-16,16,5
35,24,4,21,21,21,4.61617952111115,4.65479610730458,0.0386165861934353,4.84981394418577,4.83083584756162,0.195017836881191,0.0189780966241475,0,0.323207862597486,4,5,17,0,16,3
35,25,5,21,21,24,4.23292018157228,4.28282794079716,0.0499077592248849,5.3022613308683,5.22113076441715,1.01943339007114,0.0811305664511428,0.00465522922336348,0.437209565010867,4,5,17,6.93889390390723e-18,19,4
35,26,5,23,23,23,4.33191003796917,4.44807866125635,0.116168623287186,4.4158350803496,4.38581177423322,-0.0322435809067532,0.0300233061163784,0,0.443840859433788,4,4,19,6.93889390390723e-18,19,4
35,27,5,23,23,23,3.87914697048695,3.98081322993104,0.101666259444097,4.4422292831057,4.43998089048694,0.461416053174654,0.0022483926187622,0,0.450294460771778,4,4,19,6.93889390390723e-18,19,3
35,28,5,19,19,24,4.2421438290053,4.41763123922771,0.175487410222417,4.2227378322192,4.0630597082684,-0.194893407008515,0.1596781239508,0.0370615849297407,0.372791012329294,4,4,16,1.38777878078145e-17,20,5
35,29,5,23,23,24,4.38274407915339,4.34403657298371,-0.0387075061696809,4.45096590322262,4.44693214517619,0.106929330238917,0.00403375804643247,0,0.481743803626792,4,4,19,6.93889390390723e-18,20,5
35,30,5,24,24,24,4.29561199908559,4.25106171996729,-0.0445502791183001,4.33292929473224,4.31802322205534,0.0818675747649484,0.0149060726769008,0.0196124303679497,0.427898894914292,4,4,20,6.93889390390723e-18,20,4
35,31,6,23,23,24,5.33398216237084,5.47417611239201,0.140193950021172,5.66571144054321,5.66392718342796,0.191535328151197,0.00178425711524532,0,0.767202110467951,5,5,19,6.93889390390723e-18,19,4
35,32,6,23,23,23,5.19901274434461,5.10033168179921,-0.0986810625453973,5.46124057397465,5.45840770616386,0.36090889217544,0.0028328678107945,0,0.572227252264504,5,5,19,6.93889390390723e-18,18,4
35,33,6,23,23,23,5.41373284633198,5.36111614817652,-0.0526166981554583,5.21287324864023,5.17922281587645,-0.148242899536296,0.0336504327637819,0,0.577958720047672,5,5,19,1.11022302462516e-16,18,4
35,34,6,20,20,24,6.21709863579615,6.25065228237501,0.0335536465788646,6.28590266616659,6.19630810467078,0.0352503837915723,0.0895945614958027,0.0225754957517346,0.518774820097285,6,6,17,1.11022302462516e-16,18,6
35,35,6,24,24,24,6.09873301299942,5.84914409509699,-0.249588917902433,6.24796432733399,6.23423720283258,0.398820232236998,0.0137271245014032,0,0.554222559514753,6,6,20,1.11022302462516e-16,18,3
35,36,6,24,24,24,5.55427903604713,5.65861372805786,0.104334692010733,5.97113420060486,5.94011917811527,0.312520472546995,0.0310150224895818,0,0.551975293838313,5,6,20,6.93889390390723e-18,18,3
36,1,1,24,24,24,8.10132077601632,8.2245172945667,0.123196518550381,8.47784128823928,8.45252515830466,0.253323993672584,0.0253161299346196,0,0.547473014390095,8,8,17,6.93889390390723e-18,16,5
36,2,1,24,24,24,8.03415135746561,8.03079759207804,-0.00335376538756904,8.1901322670479,8.1793014920206,0.159334674969857,0.0108307750272978,0,0.543041572593765,8,8,20,6.93889390390723e-18,16,6
36,3,1,24,24,24,7.57037951716683,7.57092412243897,0.000544605272135179,7.91710848571795,7.89089616371989,0.346184363278986,0.0262123219980648,0,0.542438203526056,7,8,20,6.93889390390723e-18,16,4
36,4,1,24,24,24,7.61569502678018,7.82146606350628,0.205771036726102,7.66799744819449,7.62167828627567,-0.153468615311791,0.0463191619188281,0,0.540960880999059,8,8,20,6.93889390390723e-18,16,2
36,5,1,24,24,24,8.06708215171415,8.52932417671273,0.462242024998588,8.26836717739991,8.16281680134633,-0.260956999312828,0.10555037605358,0,0.547168725439039,8,8,16,6.93889390390723e-18,16,4
36,6,1,24,24,24,7.97184609054255,8.38593468394698,0.414088593404427,8.52104944662422,8.4931084047854,0.135114762677244,0.0279410418388206,0.00234773616254635,0.525697237689511,8,8,16,6.93889390390723e-18,16,7
36,7,2,24,24,24,6.8253387813402,6.84202005392011,0.0166812725799135,7.86975611845804,7.73857109514435,1.02773606453793,0.131185023313694,0.00828205677781568,0.421813146228846,7,8,17,6.93889390390723e-18,16,5
36,8,2,18,18,24,6.57764307445256,7.23650596423512,0.658862889782554,6.94290944554073,6.44474245653985,-0.293596518694385,0.498166989000886,0.048359727857652,0.944568275656118,7,6,10,6.93889390390723e-18,17,6
36,9,2,23,23,24,7.9502679053075,8.23608110945764,0.285813204150136,7.50951207422219,7.26755989624173,-0.726569035235445,0.241952177980463,0,0.639983735561398,8,7,15,1.11022302462516e-16,17,7
36,10,2,24,24,24,7.71570192071033,7.27942427024142,-0.436277650468909,8.14941378372122,8.08787981846174,0.869989513479794,0.0615339652594731,0,0.497911733620787,7,8,16,1.11022302462516e-16,16,6
36,11,2,24,24,24,7.51724494048732,8.33683043182411,0.819585491336787,7.72197595456857,7.5525949995715,-0.614854477255535,0.169380954997074,0,1.07344050056123,8,7,17,1.11022302462516e-16,16,5
36,12,2,23,23,24,7.33555934400751,8.1194443182003,0.783884974192791,8.3751348030316,8.30331780283318,0.255690484831307,0.0718170001984291,0,0.577591260271343,8,8,16,6.93889390390723e-18,16,3
36,13,3,19,19,24,4.00778615849687,4.63170590107958,0.623919742582703,5.73942893241529,5.5712766722808,1.10772303133572,0.168152260134489,0.0209237327177565,0.608191307959482,4,5,15,6.93889390390723e-18,19,6
36,14,3,24,24,24,4.3170827654231,4.75298167690567,0.435898911482571,4.67059290838324,4.65705627943596,-0.0823887685224269,0.0135366289472847,0,0.694784468144191,4,4,20,6.93889390390723e-18,20,4
36,15,3,24,24,24,3.86856900511472,4.0496371232829,0.181068118168188,4.70474823514163,4.69182224231827,0.655111111858729,0.012925992823364,0.00952068126181338,0.757714427730634,4,4,21,1.11022302462516e-16,20,3
36,16,3,21,21,24,4.1834222646446,3.73313089438813,-0.450291370256477,4.1017827704936,3.71536844291816,0.368651876105469,0.386414327575432,0.0349425096349276,0.848427001621684,4,3,17,6.93889390390723e-18,21,7
36,17,3,24,24,24,4.56711079581579,4.5088185456986,-0.0582922501171854,4.10194987706196,4.03915832000823,-0.406868668636644,0.0627915570537301,0,0.657760931576509,4,4,20,2.77555756156289e-17,20,6
36,18,3,24,24,24,4.68228111966177,4.77803933388289,0.0957582142211155,4.61834035924804,4.61261988837651,-0.15969897463485,0.00572047087152416,0.00997217796989336,0.623638876218715,4,4,20,3.46944695195361e-18,20,3
36,19,4,20,20,24,4.48081027400036,4.51067883947735,0.0298685654769866,5.08789733286818,4.93181932183698,0.577218493390829,0.156078011031193,0.0306890327421243,0.342457329514886,4,5,16,6.93889390390723e-18,19,6
36,20,4,24,24,24,4.58458020187231,4.66985513249792,0.0852749306256042,4.59822090467494,4.58804205529121,-0.0716342278229778,0.0101788493837338,0.00993123187762901,0.611449047631485,4,4,20,6.93889390390723e-18,20,5
36,21,4,24,24,24,4.41013337302086,4.41872937945778,0.0085960064369246,4.58922535681564,4.58606894163848,0.170495977357863,0.00315641517716436,0.00994309130290993,0.579109726191604,4,4,20,1.73472347597681e-18,20,4
36,22,4,19,19,24,4.12583812444803,4.05577413996102,-0.0700639844870032,5.37927923731904,5.23857734321727,1.32350509735801,0.140701894101767,0.0224874608591978,0.345487759388652,4,5,15,6.93889390390723e-18,19,7
36,23,4,21,21,21,4.59837721746093,4.60893860077811,0.0105613833171798,4.186820791525,4.14555258815649,-0.422117809253116,0.041268203368503,0,0.465698595624617,5,4,18,6.93889390390723e-18,17,6
36,24,4,21,21,21,4.78252748908601,5.02377702657988,0.241249537493872,4.84060461683433,4.83201466521504,-0.183172409745545,0.0085899516192951,0,0.303007198626178,5,5,17,1.73472347597681e-18,16,4
36,25,5,23,23,24,5.16431077984185,5.24754526031147,0.0832344804696206,6.33026500354974,6.28096952904494,1.08271974323826,0.0492954745047935,0.00734444694041514,0.410377581330962,5,6,19,6.93889390390723e-18,18,6
36,26,5,23,23,24,4.34195365649089,4.43711065989976,0.0951570034088762,5.40448944546496,5.35493063714834,0.967378785565192,0.0495588083166201,0.00932850057779788,0.429605071418877,4,5,19,6.93889390390723e-18,19,4
36,27,5,23,23,23,4.39558108158207,4.40437879909735,0.00879771751528491,4.43826681322697,4.43418481785819,0.0338880141296158,0.00408199536877696,0,0.439886577021289,4,4,19,1.73472347597681e-18,19,2
36,28,5,18,18,24,3.98573814210527,4.26328215740092,0.277544015295648,4.41087322109188,4.33271973543341,0.147591063690958,0.0781534856584685,0.040447062100248,0.370661453259083,4,4,15,1.73472347597681e-18,20,3
36,29,5,24,24,24,4.40246282372443,4.44780526567472,0.045342441950293,4.44780526567472,4.44780526567471,0,1.06581410364015e-14,0,0.476926365590522,4,4,21,6.93889390390723e-18,20,0
36,30,5,22,22,22,4.25542668377051,4.32311089027194,0.0676842065014256,4.32311089027194,4.32311089027198,0,-3.64153152077051e-14,0,0.423619905965143,4,4,18,6.93889390390723e-18,18,0
36,31,6,24,24,24,5.60728791159368,5.61795745400094,0.0106695424072587,5.83679205980235,5.82128922371718,0.218834605801415,0.0155028360851741,0.00992777449439597,0.538363911290404,5,6,20,6.93889390390723e-18,19,4
36,32,6,23,23,24,5.40382362910222,5.34382411344734,-0.0599995156548774,5.60976322757303,5.60250274322903,0.265939114125683,0.00726048434400006,0.00998843939650129,0.752739290213777,5,5,19,6.93889390390723e-18,19,4
36,33,6,23,23,23,5.12743058771768,5.22203085551999,0.0946002678023072,5.33152014864058,5.3095802597677,0.10948929312059,0.0219398888728799,0,0.5682869117505,5,5,19,1.11022302462516e-16,18,4
36,34,6,21,21,24,6.11199528282986,6.17139900329298,0.0594037204631199,6.19880543078257,5.99741695671535,0.027406427489594,0.201388474067223,0.0430350053227055,0.466166364247846,6,6,18,6.93889390390723e-18,18,6
36,35,6,24,24,24,6.17189483080426,6.08148991571721,-0.0904049150870474,6.18718786832215,6.16928174962946,0.105697952604938,0.0179061186926903,0.00998943441332401,0.5392758935013,6,6,20,1.11022302462516e-16,18,6
36,36,6,24,24,24,5.88071798633412,5.92478745457217,0.0440694682380434,5.92478745457217,5.92478745457219,0,-2.1316282072803e-14,0.00998866240832275,0.536466878491617,6,6,20,1.11022302462516e-16,18,0
37,1,1,24,24,24,8.36799990672162,8.38147952911319,0.0134796223915767,8.37658768132671,8.34138663706067,-0.00489184778648344,0.0352010442660404,0,0.537108884466228,8,8,16,6.93889390390723e-18,16,6
37,2,1,24,24,24,8.0975084771004,8.04448005184403,-0.05302842525637,8.32821007919148,8.30959589824382,0.283730027347453,0.0186141809476545,0,0.540640105175378,8,8,20,1.11022302462516e-16,16,7
37,3,1,24,24,24,7.81198720208269,7.90090652562483,0.0889193235421466,8.04138564803903,8.00467780556049,0.1404791224142,0.0367078424785454,0,0.537385258798993,8,8,20,1.11022302462516e-16,16,3
37,4,1,24,24,24,7.54546150341291,7.4869501072873,-0.0585113961256125,7.8128862497459,7.79595519647076,0.325936142458604,0.0169310532751403,0,0.536528773163333,7,8,20,1.11022302462516e-16,16,3
37,5,1,24,24,24,8.08118863333286,8.22153392573893,0.140345292406067,7.8326927093705,7.6221442717416,-0.388841216368429,0.210548437628896,0,0.537328536517523,8,8,16,6.93889390390723e-18,16,4
37,6,1,23,23,24,8.40585306193663,8.28976578005431,-0.116087281882317,8.29214360676784,8.18620776388298,0.00237782671353237,0.105935842884861,0.00812152365725538,0.50159596264643,8,8,15,6.93889390390723e-18,16,7
37,7,2,23,23,24,7.65298614798287,7.43032236928881,-0.222663778694056,7.8845261996889,7.66176229355107,0.454203830400084,0.222763906137832,0,0.438727301033608,7,8,16,6.93889390390723e-18,16,4
37,8,2,16,16,24,6.33241890139537,7.38256356860581,1.05014466721044,8.54723289954908,8.04723702890798,1.16466933094327,0.499995870641103,0.0306810475152179,0.513372631446849,7,8,8,6.93889390390723e-18,16,6
37,9,2,24,24,24,7.19488429727931,7.03318780485381,-0.161696492425503,7.58671259087495,7.54231096656676,0.553524786021139,0.0444016243081897,0.00948317768867746,0.614722585341439,7,7,16,3.46944695195361e-18,17,5
37,10,2,24,24,24,8.00700102027713,8.44888170141149,0.441880681134363,7.57314781797909,7.36715214955457,-0.875733883432404,0.205995668424521,0,0.774831762752243,8,7,16,6.93889390390723e-18,17,7
37,11,2,24,24,24,7.47706904957579,7.35987043049648,-0.11719861907931,8.24792124557776,8.17808704487686,0.888050815081283,0.0698342007009014,0,0.527746273077072,7,8,18,2.22044604925031e-16,16,4
37,12,2,24,24,24,8.22028462480485,7.98647374790539,-0.233810876899454,7.54940072183472,7.36812609784232,-0.437073026070669,0.181274623992403,0,0.917982952615212,8,7,16,3.46944695195361e-18,17,5
37,13,3,20,20,24,5.49484941016742,5.53499723671561,0.0401478265481918,5.5815351120687,5.39947883462047,0.0465378753530912,0.182056277448232,0.0247298112109746,0.493768153607461,5,5,16,6.93889390390723e-18,19,8
37,14,3,24,24,24,4.61048571664159,4.50386867034612,-0.106617046295476,5.26653200996433,5.13492047077886,0.762663339618208,0.131611539185468,0.00976613689376737,0.632904749007433,4,5,20,3.46944695195361e-18,19,4
37,15,3,23,23,24,4.63547854544589,4.45953307971613,-0.175945465729765,4.46771583251901,4.43945574862565,0.00818275280287839,0.0282600838933593,0,0.675676752623906,4,4,19,6.93889390390723e-18,20,2
37,16,3,17,17,24,3.6436216739504,4.01344780396573,0.369826130015326,4.38863228057186,4.34203004315942,0.375184476606126,0.0466022374124373,0,0.7004714498583,4,4,13,3.46944695195361e-18,20,4
37,17,3,24,24,24,3.99876673680814,3.76490349473513,-0.233863242073014,4.03319635562007,3.9733942122474,0.268292860884944,0.0598021433726723,0,0.651233515085265,4,4,20,6.93889390390723e-18,21,3
37,18,3,23,23,24,4.55662123330255,4.4833186242978,-0.0733026090047515,4.11426988508325,4.06635137941694,-0.369048739214557,0.0479185056663045,0,0.61629634968417,4,4,19,1.38777878078145e-17,20,4
37,19,4,20,20,24,4.85211898620391,4.90062434964976,0.0485053634458472,4.90682326328217,4.88278341613564,0.00619891363241365,0.0240398471465308,0.00932883735876011,0.337743853581665,5,5,16,1.73472347597681e-18,19,6
37,20,4,23,23,23,4.53232971517944,4.5390741434987,0.00674442831925948,4.79989613939094,4.79539484315587,0.260821995892242,0.00450129623507856,0,0.383778382722003,4,5,19,6.93889390390723e-18,19,4
37,21,4,23,23,23,4.53036459183222,4.53935564116554,0.00899104933332673,4.52223338559561,4.51438441937673,-0.0171222555699311,0.00784896621888453,0,0.57222669742696,4,4,19,6.93889390390723e-18,19,4
37,22,4,19,19,24,5.16392898353449,5.16677434566255,0.00284536212806064,5.56482365476837,5.39707719362788,0.39804930910582,0.16774646114049,0.0132279854340602,0.451078454544412,5,5,15,6.93889390390723e-18,19,6
37,23,4,21,21,21,4.10409706227493,3.95880955053705,-0.145287511737882,4.86028205119851,4.61866389744964,0.901472500661463,0.241618153748866,0,0.363064144911895,4,5,18,2.77555756156289e-17,16,3
37,24,4,21,21,21,4.78369451856289,4.75064238214126,-0.0330521364216239,4.21606167677304,4.18540624131433,-0.534580705368223,0.0306554354587094,0,0.557564048456595,5,4,17,6.93889390390723e-18,17,4
37,25,5,23,23,24,6.21088883128348,6.3762637211035,0.165374889820021,6.36100206844439,6.3398462431363,-0.0152616526591185,0.0211558253080861,0.00741289135288525,0.41136683774201,6,6,19,1.11022302462516e-16,18,7
37,26,5,23,23,24,5.29214611520483,5.11145295569529,-0.180693159509547,6.25193705547815,6.14957380119343,1.14048409978287,0.102363254284727,0,0.4198175771295,5,6,19,6.93889390390723e-18,18,1
37,27,5,23,23,24,4.38984296967961,4.400693901745,0.0108509320653942,5.2669968215473,5.23347331881661,0.866302919802295,0.0335235027306853,0,0.433669045347268,4,5,19,6.93889390390723e-18,19,2
37,28,5,18,18,24,4.24934994659983,4.28419412536731,0.0348441787674831,5.43030955077523,5.34360952117432,1.14611542540792,0.0867000296009097,0.0285332370571805,0.374515084543043,4,5,15,1.73472347597681e-18,19,4
37,29,5,24,24,24,4.40332721301796,4.43339722740641,0.030070014388448,4.40839397936054,4.40568725146554,-0.0250032480458673,0.0027067278950037,0,0.473307575157551,4,4,21,6.93889390390723e-18,20,1
37,30,5,22,22,24,4.27987978136926,4.33160826463162,0.0517284832623686,4.42381081527669,4.41676225618491,0.092202550645065,0.00704855909177571,0,0.458781309459503,4,4,18,6.93889390390723e-18,20,3
37,31,6,23,23,23,5.75324783473056,5.69570673745176,-0.0575410972787997,5.94143848996932,5.94007366128202,0.24573175251756,0.00136482868729626,0,0.531711975132659,6,6,19,6.93889390390723e-18,17,4
37,32,6,23,23,23,5.5365891607942,5.62895700789131,0.092367847097111,5.73175547399731,5.72261636329709,0.102798466106003,0.00913911070021811,0,0.89130628867731,5,5,19,6.93889390390723e-18,18,4
37,33,6,23,23,24,5.25648445717002,5.18541205207821,-0.0710724050918188,5.63764621976292,5.63567258845339,0.452234167684716,0.00197363130953487,0,0.758415148529858,5,5,19,6.93889390390723e-18,19,4
37,34,6,18,18,24,5.89483813187872,5.74050840955464,-0.154329722324076,6.0803746226237,5.89946713396674,0.339866213069064,0.180907488656964,0.0259184340114009,0.482311624545529,6,6,14,1.11022302462516e-16,18,6
37,35,6,23,23,23,6.09769939206397,6.15620577804764,0.0585063859836659,5.97524377234352,5.8629139360665,-0.180962005704118,0.112329836277021,0,0.531877010642951,6,6,19,1.11022302462516e-16,17,3
37,36,6,23,23,24,5.85565080424222,5.98613777782342,0.130486973581197,6.16509055157929,6.14042664389933,0.178952773755864,0.0246639076799511,0.00994960832462244,0.533619982559461,6,6,19,6.93889390390723e-18,18,4
38,1,1,24,24,24,8.25797277069006,8.28962502792169,0.031652257231638,7.95158943822399,7.86723099670825,-0.338035589697708,0.0843584415157377,0,0.527840483137941,8,8,18,1.11022302462516e-16,16,4
38,2,1,24,24,24,8.22649993926139,8.21908180283168,-0.00741813642970612,8.28815048582335,8.22767322326396,0.0690686829916647,0.0604772625593846,0,0.532756500219357,8,8,20,1.11022302462516e-16,16,4
38,3,1,24,24,24,7.92463102750488,8.02859719278726,0.103966165282377,8.19776300848059,8.17733354851947,0.169165815693333,0.0204294599611199,0,0.534244331534309,8,8,20,1.11022302462516e-16,16,1
38,4,1,24,24,24,7.71799564450605,7.6480107708259,-0.0699848736801476,7.95524439769271,7.93956786530711,0.307233626866809,0.0156765323856014,0,0.531712548749757,8,8,20,1.11022302462516e-16,16,2
38,5,1,24,24,24,7.54592282902419,8.20362033579495,0.65769750677076,8.05497116791988,7.69025872724171,-0.148649167875066,0.364712440678169,0.00339263139931489,0.508399157884745,8,8,18,6.93889390390723e-18,16,7
38,6,1,22,22,24,8.09630537782347,7.5000447861339,-0.596260591689572,8.19912098534951,8.17188733919609,0.699076199215615,0.0272336461534231,0,0.529887341963896,8,8,14,6.93889390390723e-18,16,3
38,7,2,24,24,24,7.58514467061556,7.32287113144136,-0.262273539174191,7.54775652106913,7.48219040029037,0.224885389627769,0.0655661207787643,0,0.674084652127977,7,7,16,6.93889390390723e-18,17,4
38,8,2,18,18,24,7.93639042157884,9.05891551590375,1.12252509432491,7.64651129363838,7.06054698226749,-1.41240422226538,0.585964311370883,0.0350776488581577,0.468230825937012,9,7,10,1.11022302462516e-16,17,7
38,9,2,23,23,24,7.4574995109893,8.2873799013501,0.829880390360796,9.09555871663372,8.43355776087394,0.80817881528362,0.66200095575978,0,0.930604030994582,8,8,15,6.93889390390723e-18,15,6
38,10,2,24,24,24,7.29348062805902,7.50308991615952,0.2096092881005,8.15909262575341,7.84436268909527,0.656002709593888,0.314729936658138,0,0.500962774725278,7,8,16,6.93889390390723e-18,16,4
38,11,2,24,24,24,8.09630617442809,7.97325280315224,-0.123053371275847,7.79634941069271,7.72281312763121,-0.176903392459536,0.0735362830614976,0,0.876223254949306,8,7,17,6.93889390390723e-18,17,7
38,12,2,24,24,24,7.29444483686389,7.41392220839669,0.119477371532798,7.85682222244843,7.73638710289977,0.442900014051737,0.120435119548655,0,0.457018385607272,7,8,16,6.93889390390723e-18,16,6
38,13,3,19,19,24,5.3210015331754,5.2694481828003,-0.0515533503750998,4.42268562228582,4.21227749316797,-0.846762560514484,0.210408129117845,0.0250253426622695,0.523727377950983,5,4,15,1.38777878078145e-17,20,6
38,14,3,23,23,23,5.07390279054624,5.0881124825829,0.014209692036661,5.32267063619995,5.31178587081054,0.234558153617045,0.0108847653894086,0,0.554004466184926,5,5,19,6.93889390390723e-18,18,4
38,15,3,24,24,24,4.39506119113939,4.50676368656922,0.111702495429827,4.7857929876259,4.71551537278671,0.279029301056688,0.0702776148391937,0,0.769392109337228,4,4,21,6.93889390390723e-18,20,4
38,16,3,24,24,24,4.29860974272782,4.02625812105608,-0.272351621671747,4.4376168516223,4.41111501569927,0.411358730566227,0.0265018359230362,0.00944711534173948,0.648394949421464,4,4,20,6.93889390390723e-18,20,4
38,17,3,24,24,24,3.93366027012493,4.52511328059957,0.591453010474637,4.25292115505682,4.23193787207248,-0.272192125542744,0.0209832829843366,0,0.66453031425785,4,4,20,1.73472347597681e-18,20,3
38,18,3,24,24,24,4.02568786562277,4.07251834571664,0.0468304800938633,4.43523797165347,4.39880584894552,0.36271962593683,0.0364321227079474,0,0.62681661763438,4,4,20,6.93889390390723e-18,20,3
38,19,4,23,23,24,4.82472003298911,4.85427407035668,0.0295540373675705,4.67850048425761,4.5541099344736,-0.175773586099068,0.124390549784009,0.036117918626875,0.690258981816436,5,4,19,1.11022302462516e-16,20,4
38,20,4,23,23,24,4.74744089472431,4.75326242718226,0.00582153245794892,4.84137027720908,4.83223629599282,0.088107850026824,0.00913398121625963,0,0.352536814868814,5,5,19,6.93889390390723e-18,19,4
38,21,4,23,23,23,4.46924057518296,4.4762893093355,0.0070487341525407,4.64379764681576,4.63006896173435,0.167508337480264,0.0137286850814098,0,0.68006724469189,4,4,19,6.93889390390723e-18,19,4
38,22,4,20,20,24,5.33001071611188,5.36536717182311,0.0353564557112209,5.48903021448382,5.34172367179576,0.123663042660718,0.147306542688067,0.0330102492272211,0.427841746564566,5,5,16,2.77555756156289e-17,19,8
38,23,4,21,21,21,4.57247725847515,4.61582661001122,0.043349351536075,5.25481030468444,5.24084699879251,0.638983694673213,0.0139633058919246,0,0.410430606815782,5,5,17,3.46944695195361e-18,16,6
38,24,4,21,21,21,4.14355217890119,4.3105454545572,0.16699327565601,4.35290553776076,4.23529424601429,0.0423600832035653,0.117611291746475,0,0.488267082849026,4,4,17,1.73472347597681e-18,17,4
38,25,5,23,23,24,6.26910901826558,6.16304228391031,-0.106066734355267,4.71396990626571,4.50094238147014,-1.44907237764461,0.213027524795564,0.00775846964759097,0.496281820421219,6,4,19,1.11022302462516e-16,20,5
38,26,5,24,24,24,6.08807806318149,6.09985027131633,0.0117722081348379,6.22858308081227,6.21110037955445,0.128732809495938,0.0174827012578209,0,0.417498464767823,6,6,20,1.11022302462516e-16,18,4
38,27,5,24,24,24,5.18113858562844,4.93939991123057,-0.241738674397877,5.65286354532927,5.51909368389531,0.713463634098706,0.133769861433962,0.00997636391157997,0.656482138519348,5,5,20,6.93889390390723e-18,19,2
38,28,5,19,19,24,5.26192552127597,5.30897723259856,0.0470517113225846,6.13972179864033,5.5742154903865,0.830744566041776,0.565506308253836,0.0405254191370625,0.769996516862269,5,5,16,6.93889390390723e-18,18,2
38,29,5,24,24,24,4.36163037895089,4.39240533120747,0.0307749522565812,5.24617799475605,5.10061940550707,0.853772663548585,0.145558589248987,0.00999343001915065,0.421757234847129,4,5,21,6.93889390390723e-18,19,3
38,30,5,24,24,24,4.37259463362306,4.45396581018565,0.081371176562584,4.45284485216724,4.44999796170102,-0.00112095801840528,0.00284689046622777,0,0.463321991823977,4,4,20,6.93889390390723e-18,20,3
38,31,6,23,23,24,5.8806729246692,5.89054716912343,0.00987424445423546,6.05075586225282,6.03142340472735,0.160208693129388,0.0193324575254712,0.00996071652290276,0.528732064759297,6,6,19,1.11022302462516e-16,18,4
38,32,6,23,23,23,5.66539019966412,5.70279520410769,0.0374050044435688,5.84042036645193,5.83676543562307,0.137625162344241,0.00365493082886648,0,0.527466775137007,5,6,19,6.93889390390723e-18,18,4
38,33,6,24,24,24,5.57931586256885,5.5963733495721,0.0170574870032443,5.67559726179446,5.66937403769738,0.0792239122223668,0.00622322409708165,0,0.842199594073929,5,5,20,1.11022302462516e-16,19,4
38,34,6,20,20,24,5.81481321295579,6.21239233809787,0.397579125142084,5.82894612081181,5.60455037693703,-0.383446217286062,0.224395743874781,0.0376090606409356,0.788419033385707,6,5,16,6.93889390390723e-18,19,8
38,35,6,23,23,23,5.80428479670583,6.2183666946603,0.41408189795447,6.24966587329254,6.24119885042371,0.031299178632235,0.00846702286883083,0,0.519446559314862,6,6,19,1.11022302462516e-16,17,6
38,36,6,23,23,23,6.06917226521897,6.08055377372302,0.0113815085040532,6.19063690907109,6.1804191955665,0.110083135348067,0.0102177135045807,0,0.526971827489107,6,6,19,6.93889390390723e-18,17,4
39,1,1,24,24,24,7.78855868674117,7.68201653189695,-0.106542154844217,8.1822302198502,8.04932133100655,0.500213687953246,0.132908888843644,0,0.523899440192216,8,8,18,6.93889390390723e-18,16,6
39,2,1,24,24,24,8.14539649103132,8.13897298634432,-0.0064235046870067,7.91177373415695,7.858969690132,-0.227199252187369,0.0528040440249509,0,0.523988180960854,8,8,20,1.11022302462516e-16,16,5
39,3,1,24,24,24,8.09556021303428,8.15573101140881,0.0601707983745321,8.16915645025816,8.13246641210628,0.0134254388493478,0.0366900381518835,0,0.52785964587687,8,8,20,6.93889390390723e-18,16,4
39,4,1,24,24,24,7.86017218665404,7.74479603342241,-0.115376153231632,8.08946198965993,8.07727894845924,0.344665956237516,0.012183041200684,0,0.528130448627068,8,8,20,1.11022302462516e-16,16,3
39,5,1,23,23,24,7.60999743488398,7.2813454267353,-0.32865200814868,7.71901172379249,7.34720284406334,0.437666297057198,0.371808879729154,0.00452860069295724,1.11965749092381,7,7,15,6.93889390390723e-18,16,7
39,6,1,24,24,24,8.09016846580413,8.24236900762604,0.152200541821916,7.81129353089001,7.67386696623634,-0.431075476736037,0.137426564653663,0,0.520294527822672,8,8,16,6.93889390390723e-18,16,7
39,7,2,24,24,24,7.40736849628747,7.28704121769568,-0.120327278591793,7.50633565045602,7.45189089118589,0.219294432760342,0.0544447592701296,0,0.92660480844157,7,7,16,1.73472347597681e-18,16,3
39,8,2,18,18,24,6.95521464007524,6.84172520263942,-0.113489437435822,7.27267528855089,7.01534812999828,0.430950085911474,0.257327158552611,0.023610938855561,0.463799965854325,7,7,10,6.93889390390723e-18,17,6
39,9,2,24,24,24,8.3492221832652,8.34981798184581,0.000595798580608431,7.21361004803995,6.87743682416664,-1.13620793380586,0.336173223873311,0,0.542771148496571,8,7,16,6.93889390390723e-18,17,7
39,10,2,24,24,24,7.76591906220432,8.45514086543361,0.689221803229298,8.43139350345759,8.15499599152172,-0.023747361976028,0.276397511935867,0,0.502303134728117,8,8,17,1.11022302462516e-16,16,7
39,11,2,24,24,24,7.6455849963549,7.66460664169346,0.0190216453385617,8.3931771447733,8.33168813715388,0.728570503079838,0.0614890076194126,0,0.542169736395707,7,8,17,6.93889390390723e-18,16,4
39,12,2,24,24,24,7.65902323187078,7.50752149893292,-0.151501732937858,7.64801875483869,7.63299743463951,0.140497255905769,0.0150213201991765,0,0.873845582139218,7,7,16,1.11022302462516e-16,17,7
39,13,3,19,19,24,4.14537962900065,3.77334228719927,-0.372037341801379,5.24943669938454,5.08887042581367,1.47609441218528,0.160566273570873,0.0271453027761215,0.483926135730681,4,5,15,6.93889390390723e-18,19,6
39,14,3,23,23,23,5.25866801210243,5.38957347938366,0.130905467281229,4.58660365581147,4.55153638039376,-0.802969823572195,0.0350672754177026,0,0.689810793294758,5,4,19,6.93889390390723e-18,19,5
39,15,3,24,24,24,4.66836021905884,4.62814971440286,-0.0402105046559855,5.21604956866828,5.20583546714946,0.587899854265421,0.0102141015188204,0,0.568105934327036,4,5,21,6.93889390390723e-18,19,4
39,16,3,23,23,24,4.35765122135396,4.62825310236778,0.270601881013824,4.6774162750059,4.47543946337762,0.0491631726381181,0.201976811628278,0.0157766310485403,0.555272689441848,4,4,19,2.77555756156289e-17,20,5
39,17,3,24,24,24,4.18961849335176,3.96655885940298,-0.223059633948784,4.59183760776317,4.5837855932315,0.625278748360192,0.00805201453166848,0.00992502184353761,0.63037839895327,4,4,20,5.55111512312578e-17,20,4
39,18,3,24,24,24,4.35481779045607,4.35656588462922,0.00174809417315291,4.09598785020867,4.07428156643597,-0.260578034420545,0.0217062837727022,0.00998055381302265,0.631716516871161,4,4,20,6.93889390390723e-18,20,4
39,19,4,19,19,24,4.47281209568826,4.52403890878634,0.0512268130980793,4.43119113202349,4.36119663059144,-0.0928477767628531,0.0699945014320509,0.00864912404154605,0.541084064253679,4,4,15,6.93889390390723e-18,20,7
39,20,4,24,24,24,4.78391393303289,4.73568245871788,-0.0482314743150152,4.62904009540425,4.5834094256031,-0.106642363313631,0.0456306698011488,0,0.743107754677121,5,4,20,1.11022302462516e-16,20,6
39,21,4,23,23,24,4.58376827211701,4.60386457132362,0.0200962992066058,4.70192962348763,4.69238688416974,0.0980650521640154,0.00954273931789285,0,0.360178010099545,4,5,19,6.93889390390723e-18,20,3
39,22,4,18,18,24,5.25562628834285,5.23740623034372,-0.0182200579991338,5.48919334007173,5.37166198993258,0.251787109728016,0.117531350139148,0.0141989794188158,0.529453667245797,5,5,14,1.73472347597681e-18,19,6
39,23,4,21,21,21,5.18843852880459,5.18566087908649,-0.00277764971809269,5.25659955288848,5.25077448025197,0.0709386738019884,0.00582507263651788,0,0.44305351090792,5,5,18,1.73472347597681e-18,16,3
39,24,4,21,21,21,4.19294130355415,4.27576972635584,0.0828284228016916,4.98118517024442,4.95509517873134,0.705415443888581,0.0260899915130803,0,0.383252520819672,4,5,17,1.38777878078145e-17,16,4
39,25,5,23,23,24,4.44825207270433,4.42780486225605,-0.0204472104482765,4.50490194513218,4.4451849391569,0.0770970828761275,0.0597170059752719,0.0216373993442627,0.426879873031884,4,4,19,6.93889390390723e-18,20,6
39,26,5,24,24,24,6.1489893757589,6.30935932042398,0.160369944665078,4.75867828464024,4.71816236993521,-1.55068103578374,0.04051591470503,0,0.760314886899738,6,4,20,6.93889390390723e-18,20,7
39,27,5,23,23,24,5.4540261467839,5.61129426536498,0.157268118581085,6.20801218972458,6.20214452565524,0.596717924359603,0.00586766406933936,0,0.412534362994741,5,6,19,1.11022302462516e-16,18,3
39,28,5,18,18,24,5.47835317053694,5.5020963550356,0.0237431844986595,6.52761679469521,6.42241780409111,1.02552043965962,0.105198990604101,0.0286514724303952,0.576385413283108,5,6,14,3.46944695195361e-18,18,7
39,29,5,23,23,24,5.03971971573304,5.04256378232333,0.00284406659028935,5.5460729520831,5.39705601631478,0.503509169759774,0.149016935768319,0,0.610884323111036,5,5,20,6.93889390390723e-18,19,5
39,30,5,24,24,24,4.40549798208401,4.45820061455297,0.0527026324689635,4.75940864288137,4.57796300735546,0.301208028328397,0.181445635525903,0.00995466485447416,0.619773042848424,4,4,20,6.93889390390723e-18,20,2
39,31,6,23,23,23,5.9612480613224,5.92744665695636,-0.0338014043660397,6.0724665993172,6.0615235142367,0.14501994236084,0.0109430850804992,0,0.522051368528639,6,6,19,6.93889390390723e-18,17,4
39,32,6,23,23,23,5.77839778126684,5.68644086806758,-0.0919569131992528,5.68644086806758,5.68644086806775,-8.88178419700125e-16,-1.67865721323324e-13,0,0.522192107385636,6,6,19,6.93889390390723e-18,18,0
39,33,6,24,24,24,5.61268029732041,5.57519273368893,-0.0374875636314789,5.67487749984449,5.66284485737047,0.0996847661555575,0.0120326424740176,0,0.533721407164705,5,6,20,5.55111512312578e-17,19,4
39,34,6,18,18,24,5.51127190313313,5.58467238438017,0.0734004812470381,5.70296461211442,5.4801878870455,0.118292227734254,0.222776725068924,0.0324597249645162,0.714874401672938,5,5,14,1.11022302462516e-16,19,6
39,35,6,23,23,23,6.17878686191947,6.14942447802726,-0.0293623838922112,5.85060529636709,5.83596723464097,-0.298819181660169,0.0146380617261226,0.00991595469243833,0.502324936948294,6,6,19,6.93889390390723e-18,17,4
39,36,6,23,23,23,6.11861500361084,6.11943133916622,0.000816335555383851,6.1717846330766,6.15202946851625,0.0523532939103752,0.0197551645603449,0,0.519631583083656,6,6,19,1.73472347597681e-18,17,4
40,1,1,24,24,24,7.96882811769648,7.46200775677875,-0.506820360917738,8.46582745153604,8.46050905425996,1.0038196947573,0.00531839727608663,0,0.516142797743681,7,8,18,6.93889390390723e-18,16,6
40,2,1,24,24,24,7.78037999323068,7.82790213535943,0.0475221421287504,7.6983100628114,7.23058679936419,-0.12959207254803,0.467723263447211,0,0.721188923994046,8,7,20,1.11022302462516e-16,16,2
40,3,1,24,24,24,8.05114174798521,8.05580208549286,0.00466033750764439,7.92648181377654,7.90439207612064,-0.129320271716315,0.0220897376559002,0,0.519875794528595,8,8,20,1.11022302462516e-16,16,4
40,4,1,24,24,24,7.99650615897465,8.00062612503633,0.00411996606168241,8.04991510590965,8.01404472123178,0.049288980873321,0.0358703846778692,0,0.52265657918098,8,8,20,1.11022302462516e-16,16,3
40,5,1,22,22,24,7.26924750093668,7.38802814025065,0.118780639313977,7.99378914032572,7.68067360010538,0.605761000075061,0.313115540220332,0.0105586684819947,0.472140345872541,8,8,14,6.93889390390723e-18,16,8
40,6,1,24,24,24,7.59712829657398,8.49178702796841,0.894658731394429,8.2410784905941,8.2019395534625,-0.250708537374306,0.039138937131602,0,0.511061175168691,8,8,16,6.93889390390723e-18,16,6
40,7,2,24,24,24,7.37737198227403,7.94778713728523,0.570415155011199,7.70773882454581,7.6877786023879,-0.240048312739413,0.0199602221579145,0,0.442577674412953,8,8,16,6.93889390390723e-18,17,6
40,8,2,19,19,24,6.92181981923129,7.14627707431154,0.224457255080255,7.81852583886835,7.75838144984538,0.67224876455681,0.0601443890229731,0.00812631279543741,0.813715512109207,7,7,11,2.77555756156289e-17,17,5
40,9,2,24,24,24,6.80866245592497,7.29127036333017,0.482607907405197,7.3483939163925,7.20374166875071,0.0571235530623371,0.144652247641792,0.00923353775400138,0.637935745765719,7,7,16,6.93889390390723e-18,17,7
40,10,2,24,24,24,8.0734460316065,8.05735400187471,-0.0160920297317961,7.58385957483315,7.42920986881445,-0.473494427041561,0.154649706018693,0,0.651488625216402,8,7,18,1.11022302462516e-16,17,5
40,11,2,24,24,24,8.24837125578235,8.03164193623056,-0.216729319551783,8.04924882969182,7.78875637935151,0.0176068934612612,0.26049245034031,0,0.464815139739422,8,8,18,1.11022302462516e-16,16,4
40,12,2,24,24,24,7.55666746029312,7.58632221129639,0.0296547510032763,7.81526653950636,7.76609171923547,0.228944328209969,0.0491748202708928,0,0.598677887196624,7,8,16,6.93889390390723e-18,17,5
40,13,3,19,19,24,5.01110787180717,4.71910629244597,-0.292001579361209,5.54876685577789,5.4427281868457,0.829660563331926,0.106038668932195,0.0182479157014512,0.520876776898993,5,5,15,1.11022302462516e-16,19,7
40,14,3,23,23,24,4.50602101658983,4.5714558273703,0.0654348107804763,5.2458368695611,5.19431493811954,0.674381042190801,0.0515219314415658,0,0.695310335351135,4,5,19,6.93889390390723e-18,19,3
40,15,3,24,24,24,5.15377711247796,5.12911918918158,-0.0246579232963882,4.71957763525211,4.70031812701538,-0.409541553929466,0.0192595082367264,0.00991165558935059,0.797981697965332,5,4,20,3.46944695195361e-18,20,3
40,16,3,19,19,24,4.41506620400579,4.38264216944004,-0.0324240345657492,4.89246651209823,4.87007954669305,0.509824342658195,0.0223869654051843,0.00991165558935059,0.539979766907557,4,5,15,1.38777878078145e-17,20,6
40,17,3,23,23,23,4.52812196567408,4.62324122520602,0.0951192595319394,4.55948249343293,4.53493978208158,-0.0637587317730937,0.0245427113513506,0,0.569325540659393,4,4,19,3.46944695195361e-18,19,5
40,18,3,23,23,23,4.02365800249672,4.6202854340133,0.596627431516577,4.61886812872391,4.61490798179968,-0.00141730528938666,0.00396014692422764,0,0.616808351936892,4,4,19,6.93889390390723e-18,19,3
40,19,4,23,23,24,4.30902203148439,4.20588614698185,-0.103135884502539,4.97801050802998,4.81736555991763,0.772124361048125,0.160644948112343,0.029393107791944,0.399104483594939,4,5,19,6.93889390390723e-18,20,4
40,20,4,24,24,24,4.53757533134707,4.73261930573848,0.195043974391413,4.49072391621275,4.44748524260753,-0.241895389525732,0.043238673605221,0,0.527355099040957,4,4,20,1.73472347597681e-18,20,3
40,21,4,24,24,24,4.64546301532804,4.64467626478711,-0.000786750540937575,4.74011024548776,4.72116217870248,0.0954339807006539,0.0189480667852751,0.00991418431098801,0.720971075444239,4,4,20,5.55111512312578e-17,20,3
40,22,4,20,20,24,5.30388838040863,5.21623506692555,-0.0876533134830808,4.62007428789914,4.48198230440061,-0.596160779026411,0.138091983498532,0.02651421461439,0.673148765823365,5,4,16,1.11022302462516e-16,20,5
40,23,4,21,21,21,5.19826673544945,5.02619825554418,-0.172068479905265,5.19909613010736,5.17293628256488,0.172897874563178,0.0261598475424822,0,0.486314701669919,5,5,17,6.93889390390723e-18,16,6
40,24,4,21,21,21,4.90554422694403,5.0843327957323,0.178788568788274,5.24001818402094,5.22184645972044,0.15568538828864,0.0181717243005046,0,0.417773610131775,5,5,17,6.93889390390723e-18,16,4
40,25,5,21,21,24,4.37931206441452,4.38738149304501,0.00806942863049454,5.52655267548997,5.44687249163528,1.13917118244496,0.0796801838546877,0.00957194143636197,0.463260432853578,4,5,17,6.93889390390723e-18,19,4
40,26,5,24,24,24,4.67098074623585,4.63440380791904,-0.036576938316812,4.71736626070928,4.70936134564129,0.0829624527902357,0.00800491506799084,0,0.76321702922846,4,4,20,1.38777878078145e-17,20,4
40,27,5,24,24,24,6.14012308039869,6.14842205211458,0.00829897171589167,5.0886930042917,5.06760057883282,-1.05972904782288,0.0210924254588809,0,0.740806557723683,6,5,20,6.93889390390723e-18,20,3
40,28,5,19,19,24,6.32982866834411,6.35140531264779,0.0215766443036802,6.02006548196556,5.78993255531761,-0.331339830682237,0.230132926647947,0.0138906243442234,0.374433978440241,6,6,17,1.11022302462516e-16,18,3
40,29,5,24,24,24,5.34308545615163,5.42635765865566,0.0832722025040287,6.12230716822203,6.0697326101077,0.695949509566363,0.0525745581143253,0.00992707329120357,0.596909899148646,5,6,22,1.11022302462516e-16,18,2
40,30,5,23,23,23,4.52232825907598,4.61053804665662,0.0882097875806416,5.33405284128361,5.08843996973545,0.723514794626987,0.24561287154816,0.0184376727481457,0.552149398852794,4,5,19,3.46944695195361e-18,18,4
40,31,6,23,23,23,6.00090827909434,6.1108781673358,0.109969888241464,6.17701819244684,6.17258382588278,0.0661400251110384,0.00443436656405627,0,0.514868759602237,6,6,19,1.11022302462516e-16,17,3
40,32,6,23,23,24,5.62957645938707,5.73856950648787,0.108993047100796,6.04291898936396,6.01903081144752,0.304349482876088,0.0238881779164331,0.00991564474660933,0.517699603004244,6,6,19,6.93889390390723e-18,18,4
40,33,6,24,24,24,5.60621640879676,5.68179298803556,0.0755765792388008,5.68179298803557,5.68179298803552,8.88178419700125e-16,4.44089209850063e-14,0.00997245868265395,0.518411734410404,6,6,20,1.11022302462516e-16,19,0
40,34,6,19,19,24,5.39325088046017,5.42743718785416,0.0341863073939876,5.72802434196084,5.36038842524408,0.300587154106685,0.367635916716764,0.0296916889739078,0.700833852952264,5,5,15,6.93889390390723e-18,19,7
40,35,6,22,22,22,5.76779076714904,5.77779651912153,0.0100057519724892,5.55679795172218,5.55101241959155,-0.220998567399351,0.00578553213063238,0,0.815802933192887,6,5,18,1.11022302462516e-16,17,5
40,36,6,23,23,23,6.09050917383109,6.19785933178747,0.107350157956382,5.95305840503558,5.94609769134791,-0.244800926751892,0.0069607136876737,0,0.512772886419377,6,6,19,1.11022302462516e-16,17,4
