condition,arm,frame,robot,previous,births,predicted,local,local_pruned,received,pre_fusion_prune,fusion_pruned,retained,local_lost_at_fusion,remote_only_retained,delta
reliable,marked_gaussian_evidence_prune_info,1,1,0,0,0,0,0,True,0,0,0,0,0,0
reliable,marked_gaussian_evidence_prune_info,1,2,0,0,0,0,0,True,0,0,0,0,0,0
reliable,marked_gaussian_evidence_prune_info,2,1,0,9,9,9,0,True,9,0,9,0,0,9
reliable,marked_gaussian_evidence_prune_info,2,2,0,1,1,1,0,True,9,0,9,0,8,9
reliable,marked_gaussian_evidence_prune_info,3,1,9,10,19,19,0,True,19,0,19,0,0,10
reliable,marked_gaussian_evidence_prune_info,3,2,9,0,9,7,2,True,19,0,19,0,12,10
reliable,marked_gaussian_evidence_prune_info,4,1,19,9,28,25,3,True,25,0,25,0,0,6
reliable,marked_gaussian_evidence_prune_info,4,2,19,0,19,14,5,True,25,0,25,0,11,6
reliable,marked_gaussian_evidence_prune_info,5,1,25,9,34,32,2,True,32,3,29,3,0,4
reliable,marked_gaussian_evidence_prune_info,5,2,25,0,25,20,5,True,32,3,29,3,12,4
reliable,marked_gaussian_evidence_prune_info,6,1,29,9,38,37,1,True,37,0,37,0,0,8
reliable,marked_gaussian_evidence_prune_info,6,2,29,0,29,18,11,True,37,0,37,0,19,8
reliable,marked_gaussian_evidence_prune_info,7,1,37,9,46,42,4,True,42,2,40,2,0,3
reliable,marked_gaussian_evidence_prune_info,7,2,37,0,37,19,18,True,42,2,40,2,23,3
reliable,marked_gaussian_evidence_prune_info,8,1,40,10,50,49,1,True,49,2,47,2,0,7
reliable,marked_gaussian_evidence_prune_info,8,2,40,0,40,20,20,True,49,2,47,0,27,7
reliable,marked_gaussian_evidence_prune_info,9,1,47,9,56,51,5,True,51,5,46,5,0,-1
reliable,marked_gaussian_evidence_prune_info,9,2,47,1,48,26,22,True,51,5,46,3,23,-1
reliable,marked_gaussian_evidence_prune_info,10,1,46,10,56,54,2,True,54,0,54,0,0,8
reliable,marked_gaussian_evidence_prune_info,10,2,46,1,47,25,22,True,54,0,54,0,29,8
reliable,marked_gaussian_evidence_prune_info,11,1,54,10,64,55,9,True,55,6,49,6,0,-5
reliable,marked_gaussian_evidence_prune_info,11,2,54,1,55,30,25,True,55,6,49,6,25,-5
reliable,marked_gaussian_evidence_prune_info,12,1,49,10,59,50,9,True,53,7,46,6,2,-3
reliable,marked_gaussian_evidence_prune_info,12,2,49,2,51,26,25,True,53,7,46,7,27,-3
reliable,marked_gaussian_evidence_prune_info,13,1,46,10,56,51,5,True,51,4,47,4,0,1
reliable,marked_gaussian_evidence_prune_info,13,2,46,0,46,19,27,True,51,4,47,4,32,1
reliable,marked_gaussian_evidence_prune_info,14,1,47,10,57,48,9,True,48,4,44,4,0,-3
reliable,marked_gaussian_evidence_prune_info,14,2,47,0,47,14,33,True,48,4,44,3,33,-3
reliable,marked_gaussian_evidence_prune_info,15,1,44,9,53,48,5,True,48,4,44,4,0,0
reliable,marked_gaussian_evidence_prune_info,15,2,44,0,44,12,32,True,48,4,44,2,34,0
reliable,marked_gaussian_evidence_prune_info,16,1,44,9,53,49,4,True,49,5,44,5,0,0
reliable,marked_gaussian_evidence_prune_info,16,2,44,0,44,12,32,True,49,5,44,2,34,0
reliable,marked_gaussian_evidence_prune_info,17,1,44,11,55,53,2,True,53,2,51,2,0,7
reliable,marked_gaussian_evidence_prune_info,17,2,44,0,44,12,32,True,53,2,51,1,40,7
reliable,marked_gaussian_evidence_prune_info,18,1,51,10,61,58,3,True,58,11,47,11,0,-4
reliable,marked_gaussian_evidence_prune_info,18,2,51,0,51,14,37,True,58,11,47,2,35,-4
reliable,marked_gaussian_evidence_prune_info,19,1,47,10,57,55,2,True,55,5,50,5,0,3
reliable,marked_gaussian_evidence_prune_info,19,2,47,0,47,12,35,True,55,5,50,0,38,3
reliable,marked_gaussian_evidence_prune_info,20,1,50,10,60,54,6,True,54,8,46,8,0,-4
reliable,marked_gaussian_evidence_prune_info,20,2,50,0,50,17,33,True,54,8,46,6,35,-4
reliable,marked_gaussian_evidence_prune_info,21,1,46,10,56,55,1,True,55,4,51,4,0,5
reliable,marked_gaussian_evidence_prune_info,21,2,46,0,46,9,37,True,55,4,51,1,43,5
reliable,marked_gaussian_evidence_prune_info,22,1,51,10,61,56,5,True,56,7,49,7,0,-2
reliable,marked_gaussian_evidence_prune_info,22,2,51,0,51,12,39,True,56,7,49,4,41,-2
reliable,marked_gaussian_evidence_prune_info,23,1,49,10,59,52,7,True,52,9,43,9,0,-6
reliable,marked_gaussian_evidence_prune_info,23,2,49,0,49,9,40,True,52,9,43,1,35,-6
reliable,marked_gaussian_evidence_prune_info,24,1,43,10,53,46,7,True,46,5,41,5,0,-2
reliable,marked_gaussian_evidence_prune_info,24,2,43,0,43,11,32,True,46,5,41,2,32,-2
reliable,marked_gaussian_evidence_prune_info,25,1,41,9,50,45,5,True,45,8,37,8,0,-4
reliable,marked_gaussian_evidence_prune_info,25,2,41,0,41,12,29,True,45,8,37,4,29,-4
reliable,marked_gaussian_evidence_prune_info,26,1,37,8,45,42,3,True,42,8,34,8,0,-3
reliable,marked_gaussian_evidence_prune_info,26,2,37,0,37,10,27,True,42,8,34,3,27,-3
reliable,marked_gaussian_evidence_prune_info,27,1,34,9,43,41,2,True,41,4,37,4,0,3
reliable,marked_gaussian_evidence_prune_info,27,2,34,0,34,9,25,True,41,4,37,1,29,3
reliable,marked_gaussian_evidence_prune_info,28,1,37,7,44,40,4,True,40,6,34,6,0,-3
reliable,marked_gaussian_evidence_prune_info,28,2,37,0,37,10,27,True,40,6,34,2,26,-3
reliable,marked_gaussian_evidence_prune_info,29,1,34,8,42,40,2,True,40,4,36,4,0,2
reliable,marked_gaussian_evidence_prune_info,29,2,34,0,34,9,25,True,40,4,36,1,28,2
reliable,marked_gaussian_evidence_prune_info,30,1,36,8,44,41,3,True,41,7,34,7,0,-2
reliable,marked_gaussian_evidence_prune_info,30,2,36,0,36,10,26,True,41,7,34,3,27,-2
reliable,marked_gaussian_evidence_prune_info,31,1,34,10,44,43,1,True,43,4,39,4,0,5
reliable,marked_gaussian_evidence_prune_info,31,2,34,0,34,9,25,True,43,4,39,1,31,5
reliable,marked_gaussian_evidence_prune_info,32,1,39,9,48,45,3,True,45,6,39,6,0,0
reliable,marked_gaussian_evidence_prune_info,32,2,39,0,39,13,26,True,45,6,39,2,28,0
reliable,marked_gaussian_evidence_prune_info,33,1,39,10,49,47,2,True,47,4,43,4,0,4
reliable,marked_gaussian_evidence_prune_info,33,2,39,0,39,14,25,True,47,4,43,1,30,4
reliable,marked_gaussian_evidence_prune_info,34,1,43,9,52,49,3,True,49,6,43,6,0,0
reliable,marked_gaussian_evidence_prune_info,34,2,43,0,43,17,26,True,49,6,43,2,28,0
reliable,marked_gaussian_evidence_prune_info,35,1,43,10,53,51,2,True,51,5,46,5,0,3
reliable,marked_gaussian_evidence_prune_info,35,2,43,0,43,18,25,True,51,5,46,2,30,3
reliable,marked_gaussian_evidence_prune_info,36,1,46,9,55,49,6,True,49,7,42,7,0,-4
reliable,marked_gaussian_evidence_prune_info,36,2,46,0,46,20,26,True,49,7,42,4,26,-4
reliable,marked_gaussian_evidence_prune_info,37,1,42,9,51,48,3,True,48,6,42,6,0,0
reliable,marked_gaussian_evidence_prune_info,37,2,42,0,42,17,25,True,48,6,42,3,28,0
reliable,marked_gaussian_evidence_prune_info,38,1,42,10,52,47,5,True,47,7,40,7,0,-2
reliable,marked_gaussian_evidence_prune_info,38,2,42,0,42,17,25,True,47,7,40,4,27,-2
reliable,marked_gaussian_evidence_prune_info,39,1,40,10,50,47,3,True,47,5,42,5,0,2
reliable,marked_gaussian_evidence_prune_info,39,2,40,0,40,14,26,True,47,5,42,2,30,2
reliable,marked_gaussian_evidence_prune_info,40,1,42,10,52,47,5,True,47,7,40,7,0,-2
reliable,marked_gaussian_evidence_prune_info,40,2,42,0,42,15,27,True,47,7,40,4,29,-2
reliable,marked_gaussian_evidence_prune_info,41,1,40,10,50,47,3,True,47,7,40,7,0,0
reliable,marked_gaussian_evidence_prune_info,41,2,40,0,40,12,28,True,47,7,40,3,31,0
reliable,marked_gaussian_evidence_prune_info,42,1,40,10,50,46,4,True,46,7,39,7,0,-1
reliable,marked_gaussian_evidence_prune_info,42,2,40,0,40,12,28,True,46,7,39,4,31,-1
reliable,marked_gaussian_evidence_prune_info,43,1,39,10,49,47,2,True,47,4,43,4,0,4
reliable,marked_gaussian_evidence_prune_info,43,2,39,0,39,10,29,True,47,4,43,1,34,4
reliable,marked_gaussian_evidence_prune_info,44,1,43,10,53,48,5,True,48,7,41,7,0,-2
reliable,marked_gaussian_evidence_prune_info,44,2,43,1,44,14,30,True,48,7,41,5,32,-2
reliable,marked_gaussian_evidence_prune_info,45,1,41,11,52,50,2,True,50,4,46,4,0,5
reliable,marked_gaussian_evidence_prune_info,45,2,41,0,41,10,31,True,50,4,46,1,37,5
reliable,marked_gaussian_evidence_prune_info,46,1,46,10,56,51,5,True,51,8,43,8,0,-3
reliable,marked_gaussian_evidence_prune_info,46,2,46,0,46,13,33,True,51,8,43,4,34,-3
reliable,marked_gaussian_evidence_prune_info,47,1,43,10,53,51,2,True,51,5,46,5,0,3
reliable,marked_gaussian_evidence_prune_info,47,2,43,0,43,11,32,True,51,5,46,2,37,3
reliable,marked_gaussian_evidence_prune_info,48,1,46,10,56,52,4,True,52,8,44,8,0,-2
reliable,marked_gaussian_evidence_prune_info,48,2,46,0,46,14,32,True,52,8,44,4,34,-2
reliable,marked_gaussian_evidence_prune_info,49,1,44,10,54,52,2,True,52,3,49,3,0,5
reliable,marked_gaussian_evidence_prune_info,49,2,44,0,44,10,34,True,52,3,49,1,40,5
reliable,marked_gaussian_evidence_prune_info,50,1,49,10,59,54,5,True,54,9,45,9,0,-4
reliable,marked_gaussian_evidence_prune_info,50,2,49,0,49,14,35,True,54,9,45,5,36,-4
reliable,marked_gaussian_evidence_prune_info,51,1,45,10,55,54,1,True,55,4,51,4,1,6
reliable,marked_gaussian_evidence_prune_info,51,2,45,1,46,10,36,True,55,4,51,1,42,6
reliable,marked_gaussian_evidence_prune_info,52,1,51,10,61,55,6,True,55,9,46,9,0,-5
reliable,marked_gaussian_evidence_prune_info,52,2,51,0,51,13,38,True,55,9,46,5,38,-5
reliable,marked_gaussian_evidence_prune_info,53,1,46,10,56,44,12,True,44,5,39,5,0,-7
reliable,marked_gaussian_evidence_prune_info,53,2,46,0,46,9,37,True,44,5,39,1,31,-7
reliable,marked_gaussian_evidence_prune_info,54,1,39,10,49,45,4,True,45,7,38,7,0,-1
reliable,marked_gaussian_evidence_prune_info,54,2,39,0,39,13,26,True,45,7,38,3,28,-1
reliable,marked_gaussian_evidence_prune_info,55,1,38,11,49,45,4,True,45,4,41,4,0,3
reliable,marked_gaussian_evidence_prune_info,55,2,38,0,38,14,24,True,45,4,41,1,28,3
reliable,marked_gaussian_evidence_prune_info,56,1,41,11,52,46,6,True,46,4,42,4,0,1
reliable,marked_gaussian_evidence_prune_info,56,2,41,0,41,15,26,True,46,4,42,3,30,1
reliable,marked_gaussian_evidence_prune_info,57,1,42,10,52,48,4,True,48,6,42,6,0,0
reliable,marked_gaussian_evidence_prune_info,57,2,42,0,42,13,29,True,48,6,42,2,31,0
reliable,marked_gaussian_evidence_prune_info,58,1,42,10,52,48,4,True,48,5,43,5,0,1
reliable,marked_gaussian_evidence_prune_info,58,2,42,0,42,13,29,True,48,5,43,2,32,1
reliable,marked_gaussian_evidence_prune_info,59,1,43,10,53,49,4,True,50,3,47,3,1,4
reliable,marked_gaussian_evidence_prune_info,59,2,43,1,44,14,30,True,50,3,47,2,35,4
reliable,marked_gaussian_evidence_prune_info,60,1,47,10,57,52,5,True,54,4,50,4,2,3
reliable,marked_gaussian_evidence_prune_info,60,2,47,1,48,15,33,True,54,4,50,2,37,3
reliable,marked_gaussian_evidence_prune_info,61,1,50,10,60,48,12,True,51,6,45,6,3,-5
reliable,marked_gaussian_evidence_prune_info,61,2,50,3,53,18,35,True,51,6,45,4,31,-5
reliable,marked_gaussian_evidence_prune_info,62,1,45,9,54,49,5,True,54,3,51,3,5,6
reliable,marked_gaussian_evidence_prune_info,62,2,45,3,48,18,30,True,54,3,51,2,35,6
reliable,marked_gaussian_evidence_prune_info,63,1,51,9,60,54,6,True,57,3,54,3,3,3
reliable,marked_gaussian_evidence_prune_info,63,2,51,1,52,21,31,True,57,3,54,3,36,3
reliable,marked_gaussian_evidence_prune_info,64,1,54,9,63,56,7,True,64,2,62,2,8,8
reliable,marked_gaussian_evidence_prune_info,64,2,54,3,57,23,34,True,64,2,62,1,40,8
reliable,marked_gaussian_evidence_prune_info,65,1,62,9,71,60,11,True,68,4,64,4,8,2
reliable,marked_gaussian_evidence_prune_info,65,2,62,3,65,27,38,True,68,4,64,4,41,2
reliable,marked_gaussian_evidence_prune_info,66,1,64,11,75,68,7,True,74,4,70,4,6,6
reliable,marked_gaussian_evidence_prune_info,66,2,64,2,66,23,43,True,74,4,70,2,49,6
reliable,marked_gaussian_evidence_prune_info,67,1,70,9,79,66,13,True,74,8,66,8,8,-4
reliable,marked_gaussian_evidence_prune_info,67,2,70,1,71,23,48,True,74,8,66,2,45,-4
reliable,marked_gaussian_evidence_prune_info,68,1,66,10,76,64,12,True,74,2,72,2,10,6
reliable,marked_gaussian_evidence_prune_info,68,2,66,1,67,22,45,True,74,2,72,1,51,6
reliable,marked_gaussian_evidence_prune_info,69,1,72,11,83,73,10,True,81,3,78,3,8,6
reliable,marked_gaussian_evidence_prune_info,69,2,72,1,73,26,47,True,81,3,78,2,54,6
reliable,marked_gaussian_evidence_prune_info,70,1,78,10,88,74,14,True,86,3,83,3,12,5
reliable,marked_gaussian_evidence_prune_info,70,2,78,1,79,28,51,True,86,3,83,1,56,5
reliable,marked_gaussian_evidence_prune_info,71,1,83,11,94,81,13,True,92,4,88,4,11,5
reliable,marked_gaussian_evidence_prune_info,71,2,83,1,84,32,52,True,92,4,88,2,58,5
reliable,marked_gaussian_evidence_prune_info,72,1,88,10,98,82,16,True,96,4,92,4,14,4
reliable,marked_gaussian_evidence_prune_info,72,2,88,2,90,36,54,True,96,4,92,2,58,4
reliable,marked_gaussian_evidence_prune_info,73,1,92,10,102,89,13,True,99,6,93,6,10,1
reliable,marked_gaussian_evidence_prune_info,73,2,92,1,93,38,55,True,99,6,93,3,58,1
reliable,marked_gaussian_evidence_prune_info,74,1,93,12,105,88,17,True,103,2,101,2,15,8
reliable,marked_gaussian_evidence_prune_info,74,2,93,1,94,38,56,True,103,2,101,1,64,8
reliable,marked_gaussian_evidence_prune_info,75,1,101,12,113,92,21,True,109,5,104,5,17,3
reliable,marked_gaussian_evidence_prune_info,75,2,101,2,103,43,60,True,109,5,104,3,64,3
reliable,marked_gaussian_evidence_prune_info,76,1,104,12,116,93,23,True,112,6,106,6,19,2
reliable,marked_gaussian_evidence_prune_info,76,2,104,2,106,45,61,True,112,6,106,4,65,2
reliable,marked_gaussian_evidence_prune_info,77,1,106,13,119,100,19,True,100,11,89,11,0,-17
reliable,marked_gaussian_evidence_prune_info,77,2,106,2,108,30,78,True,100,11,89,9,68,-17
reliable,marked_gaussian_evidence_prune_info,78,1,89,11,100,98,2,True,98,7,91,7,0,2
reliable,marked_gaussian_evidence_prune_info,78,2,89,1,90,24,66,True,98,7,91,5,72,2
reliable,marked_gaussian_evidence_prune_info,79,1,91,11,102,96,6,True,96,16,80,16,0,-11
reliable,marked_gaussian_evidence_prune_info,79,2,91,2,93,26,67,True,96,16,80,10,64,-11
reliable,marked_gaussian_evidence_prune_info,80,1,80,11,91,87,4,True,87,14,73,14,0,-7
reliable,marked_gaussian_evidence_prune_info,80,2,80,0,80,13,67,True,87,14,73,1,61,-7
reliable,marked_gaussian_evidence_prune_info,81,1,73,11,84,78,6,True,78,9,69,9,0,-4
reliable,marked_gaussian_evidence_prune_info,81,2,73,0,73,16,57,True,78,9,69,5,58,-4
reliable,marked_gaussian_evidence_prune_info,82,1,69,10,79,74,5,True,74,4,70,4,0,1
reliable,marked_gaussian_evidence_prune_info,82,2,69,1,70,13,57,True,74,4,70,2,59,1
reliable,marked_gaussian_evidence_prune_info,83,1,70,10,80,77,3,True,77,2,75,2,0,5
reliable,marked_gaussian_evidence_prune_info,83,2,70,0,70,14,56,True,77,2,75,1,62,5
reliable,marked_gaussian_evidence_prune_info,84,1,75,12,87,80,7,True,80,8,72,8,0,-3
reliable,marked_gaussian_evidence_prune_info,84,2,75,1,76,17,59,True,80,8,72,5,60,-3
reliable,marked_gaussian_evidence_prune_info,85,1,72,10,82,78,4,True,78,2,76,2,0,4
reliable,marked_gaussian_evidence_prune_info,85,2,72,0,72,12,60,True,78,2,76,2,66,4
reliable,marked_gaussian_evidence_prune_info,86,1,76,10,86,81,5,True,81,4,77,4,0,1
reliable,marked_gaussian_evidence_prune_info,86,2,76,0,76,14,62,True,81,4,77,3,66,1
reliable,marked_gaussian_evidence_prune_info,87,1,77,10,87,83,4,True,83,6,77,6,0,0
reliable,marked_gaussian_evidence_prune_info,87,2,77,0,77,13,64,True,83,6,77,2,66,0
reliable,marked_gaussian_evidence_prune_info,88,1,77,10,87,82,5,True,82,9,73,9,0,-4
reliable,marked_gaussian_evidence_prune_info,88,2,77,0,77,14,63,True,82,9,73,3,62,-4
reliable,marked_gaussian_evidence_prune_info,89,1,73,10,83,79,4,True,79,38,41,38,0,-32
reliable,marked_gaussian_evidence_prune_info,89,2,73,1,74,14,60,True,79,38,41,3,30,-32
reliable,marked_gaussian_evidence_prune_info,90,1,41,9,50,46,4,True,46,13,33,13,0,-8
reliable,marked_gaussian_evidence_prune_info,90,2,41,0,41,13,28,True,46,13,33,3,23,-8
reliable,marked_gaussian_evidence_prune_info,91,1,33,9,42,38,4,True,38,5,33,5,0,0
reliable,marked_gaussian_evidence_prune_info,91,2,33,1,34,14,20,True,38,5,33,4,23,0
reliable,marked_gaussian_evidence_prune_info,92,1,33,9,42,39,3,True,39,4,35,4,0,2
reliable,marked_gaussian_evidence_prune_info,92,2,33,1,34,14,20,True,39,4,35,3,24,2
reliable,marked_gaussian_evidence_prune_info,93,1,35,10,45,41,4,True,41,2,39,2,0,4
reliable,marked_gaussian_evidence_prune_info,93,2,35,1,36,15,21,True,41,2,39,2,26,4
reliable,marked_gaussian_evidence_prune_info,94,1,39,10,49,44,5,True,45,6,39,6,1,0
reliable,marked_gaussian_evidence_prune_info,94,2,39,1,40,16,24,True,45,6,39,3,26,0
reliable,marked_gaussian_evidence_prune_info,95,1,39,10,49,45,4,True,45,8,37,8,0,-2
reliable,marked_gaussian_evidence_prune_info,95,2,39,2,41,16,25,True,45,8,37,6,27,-2
reliable,marked_gaussian_evidence_prune_info,96,1,37,11,48,46,2,True,46,5,41,5,0,4
reliable,marked_gaussian_evidence_prune_info,96,2,37,1,38,13,25,True,46,5,41,2,30,4
reliable,marked_gaussian_evidence_prune_info,97,1,41,11,52,47,5,True,47,10,37,10,0,-4
reliable,marked_gaussian_evidence_prune_info,97,2,41,2,43,17,26,True,47,10,37,5,25,-4
reliable,marked_gaussian_evidence_prune_info,98,1,37,10,47,44,3,True,44,6,38,6,0,1
reliable,marked_gaussian_evidence_prune_info,98,2,37,1,38,14,24,True,44,6,38,3,27,1
reliable,marked_gaussian_evidence_prune_info,99,1,38,10,48,44,4,True,44,3,41,3,0,3
reliable,marked_gaussian_evidence_prune_info,99,2,38,1,39,15,24,True,44,3,41,2,28,3
reliable,marked_gaussian_evidence_prune_info,100,1,41,11,52,49,3,True,49,5,44,5,0,3
reliable,marked_gaussian_evidence_prune_info,100,2,41,1,42,14,28,True,49,5,44,3,33,3
reliable,marked_gaussian_evidence_prune_info,101,1,44,11,55,51,4,True,51,7,44,7,0,0
reliable,marked_gaussian_evidence_prune_info,101,2,44,1,45,16,29,True,51,7,44,4,32,0
reliable,marked_gaussian_evidence_prune_info,102,1,44,11,55,51,4,True,51,8,43,8,0,-1
reliable,marked_gaussian_evidence_prune_info,102,2,44,1,45,15,30,True,51,8,43,4,32,-1
reliable,marked_gaussian_evidence_prune_info,103,1,43,9,52,49,3,True,49,6,43,6,0,0
reliable,marked_gaussian_evidence_prune_info,103,2,43,1,44,14,30,True,49,6,43,4,33,0
reliable,marked_gaussian_evidence_prune_info,104,1,43,11,54,52,2,True,52,6,46,6,0,3
reliable,marked_gaussian_evidence_prune_info,104,2,43,0,43,13,30,True,52,6,46,1,34,3
reliable,marked_gaussian_evidence_prune_info,105,1,46,11,57,53,4,True,53,10,43,10,0,-3
reliable,marked_gaussian_evidence_prune_info,105,2,46,0,46,14,32,True,53,10,43,3,32,-3
reliable,marked_gaussian_evidence_prune_info,106,1,43,9,52,49,3,True,49,6,43,6,0,0
reliable,marked_gaussian_evidence_prune_info,106,2,43,0,43,14,29,True,49,6,43,2,31,0
reliable,marked_gaussian_evidence_prune_info,107,1,43,9,52,40,12,True,40,3,37,3,0,-6
reliable,marked_gaussian_evidence_prune_info,107,2,43,0,43,13,30,True,40,3,37,2,26,-6
reliable,marked_gaussian_evidence_prune_info,108,1,37,9,46,41,5,True,41,6,35,6,0,-2
reliable,marked_gaussian_evidence_prune_info,108,2,37,0,37,13,24,True,41,6,35,2,24,-2
reliable,marked_gaussian_evidence_prune_info,109,1,35,9,44,39,5,True,39,3,36,3,0,1
reliable,marked_gaussian_evidence_prune_info,109,2,35,0,35,12,23,True,39,3,36,3,27,1
reliable,marked_gaussian_evidence_prune_info,110,1,36,9,45,42,3,True,42,2,40,2,0,4
reliable,marked_gaussian_evidence_prune_info,110,2,36,0,36,10,26,True,42,2,40,1,31,4
reliable,marked_gaussian_evidence_prune_info,111,1,40,9,49,45,4,True,45,5,40,5,0,0
reliable,marked_gaussian_evidence_prune_info,111,2,40,2,42,14,28,True,45,5,40,5,31,0
reliable,marked_gaussian_evidence_prune_info,112,1,40,10,50,49,1,True,49,4,45,4,0,5
reliable,marked_gaussian_evidence_prune_info,112,2,40,1,41,11,30,True,49,4,45,2,36,5
reliable,marked_gaussian_evidence_prune_info,113,1,45,10,55,51,4,True,52,6,46,6,1,1
reliable,marked_gaussian_evidence_prune_info,113,2,45,2,47,17,30,True,52,6,46,4,33,1
reliable,marked_gaussian_evidence_prune_info,114,1,46,9,55,50,5,True,55,1,54,1,5,8
reliable,marked_gaussian_evidence_prune_info,114,2,46,3,49,18,31,True,55,1,54,1,37,8
reliable,marked_gaussian_evidence_prune_info,115,1,54,8,62,53,9,True,60,7,53,7,7,-1
reliable,marked_gaussian_evidence_prune_info,115,2,54,3,57,23,34,True,60,7,53,4,34,-1
reliable,marked_gaussian_evidence_prune_info,116,1,53,8,61,49,12,True,62,3,59,3,13,6
reliable,marked_gaussian_evidence_prune_info,116,2,53,3,56,23,33,True,62,3,59,1,37,6
reliable,marked_gaussian_evidence_prune_info,117,1,59,8,67,56,11,True,59,10,49,9,2,-10
reliable,marked_gaussian_evidence_prune_info,117,2,59,2,61,22,39,True,59,10,49,6,33,-10
reliable,marked_gaussian_evidence_prune_info,118,1,49,9,58,56,2,True,57,13,44,13,1,-5
reliable,marked_gaussian_evidence_prune_info,118,2,49,1,50,18,32,True,57,13,44,1,27,-5
reliable,marked_gaussian_evidence_prune_info,119,1,44,8,52,47,5,True,48,10,38,10,1,-6
reliable,marked_gaussian_evidence_prune_info,119,2,44,2,46,24,22,True,48,10,38,6,20,-6
reliable,marked_gaussian_evidence_prune_info,120,1,38,8,46,43,3,True,44,4,40,4,1,2
reliable,marked_gaussian_evidence_prune_info,120,2,38,2,40,21,19,True,44,4,40,4,23,2
reliable,marked_gaussian_evidence_prune_info,121,1,40,9,49,45,4,True,46,6,40,6,1,0
reliable,marked_gaussian_evidence_prune_info,121,2,40,4,44,24,20,True,46,6,40,5,21,0
reliable,marked_gaussian_evidence_prune_info,122,1,40,10,50,47,3,True,48,17,31,17,1,-9
reliable,marked_gaussian_evidence_prune_info,122,2,40,3,43,20,23,True,48,17,31,3,14,-9
reliable,marked_gaussian_evidence_prune_info,123,1,31,10,41,34,7,True,36,8,28,8,2,-3
reliable,marked_gaussian_evidence_prune_info,123,2,31,3,34,27,7,True,36,8,28,7,8,-3
reliable,marked_gaussian_evidence_prune_info,124,1,28,10,38,32,6,True,32,2,30,2,0,2
reliable,marked_gaussian_evidence_prune_info,124,2,28,4,32,27,5,True,32,2,30,2,5,2
reliable,marked_gaussian_evidence_prune_info,125,1,30,9,39,34,5,True,34,7,27,7,0,-3
reliable,marked_gaussian_evidence_prune_info,125,2,30,2,32,29,3,True,34,7,27,7,5,-3
reliable,marked_gaussian_evidence_prune_info,126,1,27,9,36,35,1,True,35,2,33,2,0,6
reliable,marked_gaussian_evidence_prune_info,126,2,27,2,29,23,6,True,35,2,33,1,11,6
reliable,marked_gaussian_evidence_prune_info,127,1,33,12,45,42,3,True,42,3,39,3,0,6
reliable,marked_gaussian_evidence_prune_info,127,2,33,2,35,25,10,True,42,3,39,2,16,6
reliable,marked_gaussian_evidence_prune_info,128,1,39,10,49,45,4,True,45,6,39,6,0,0
reliable,marked_gaussian_evidence_prune_info,128,2,39,1,40,19,21,True,45,6,39,2,22,0
reliable,marked_gaussian_evidence_prune_info,129,1,39,13,52,47,5,True,47,6,41,6,0,2
reliable,marked_gaussian_evidence_prune_info,129,2,39,1,40,16,24,True,47,6,41,2,27,2
reliable,marked_gaussian_evidence_prune_info,130,1,41,11,52,47,5,True,47,7,40,7,0,-1
reliable,marked_gaussian_evidence_prune_info,130,2,41,2,43,20,23,True,47,7,40,6,26,-1
reliable,marked_gaussian_evidence_prune_info,131,1,40,13,53,52,1,True,52,4,48,4,0,8
reliable,marked_gaussian_evidence_prune_info,131,2,40,1,41,15,26,True,52,4,48,2,35,8
reliable,marked_gaussian_evidence_prune_info,132,1,48,13,61,56,5,True,56,6,50,6,0,2
reliable,marked_gaussian_evidence_prune_info,132,2,48,1,49,20,29,True,56,6,50,5,35,2
reliable,marked_gaussian_evidence_prune_info,133,1,50,13,63,59,4,True,59,2,57,2,0,7
reliable,marked_gaussian_evidence_prune_info,133,2,50,0,50,15,35,True,59,2,57,1,43,7
reliable,marked_gaussian_evidence_prune_info,134,1,57,13,70,55,15,True,55,7,48,7,0,-9
reliable,marked_gaussian_evidence_prune_info,134,2,57,0,57,18,39,True,55,7,48,5,35,-9
reliable,marked_gaussian_evidence_prune_info,135,1,48,12,60,57,3,True,57,14,43,14,0,-5
reliable,marked_gaussian_evidence_prune_info,135,2,48,1,49,16,33,True,57,14,43,3,30,-5
reliable,marked_gaussian_evidence_prune_info,136,1,43,12,55,50,5,True,50,8,42,8,0,-1
reliable,marked_gaussian_evidence_prune_info,136,2,43,1,44,18,26,True,50,8,42,5,29,-1
reliable,marked_gaussian_evidence_prune_info,137,1,42,13,55,42,13,True,42,12,30,12,0,-12
reliable,marked_gaussian_evidence_prune_info,137,2,42,0,42,14,28,True,42,12,30,2,18,-12
reliable,marked_gaussian_evidence_prune_info,138,1,30,11,41,34,7,True,36,8,28,8,2,-2
reliable,marked_gaussian_evidence_prune_info,138,2,30,3,33,20,13,True,36,8,28,6,14,-2
reliable,marked_gaussian_evidence_prune_info,139,1,28,12,40,37,3,True,38,4,34,4,1,6
reliable,marked_gaussian_evidence_prune_info,139,2,28,3,31,26,5,True,38,4,34,4,12,6
reliable,marked_gaussian_evidence_prune_info,140,1,34,11,45,38,7,True,41,4,37,4,3,3
reliable,marked_gaussian_evidence_prune_info,140,2,34,3,37,33,4,True,41,4,37,4,8,3
reliable,marked_gaussian_evidence_prune_info,141,1,37,13,50,44,6,True,44,2,42,2,0,5
reliable,marked_gaussian_evidence_prune_info,141,2,37,2,39,30,9,True,44,2,42,2,14,5
reliable,marked_gaussian_evidence_prune_info,142,1,42,13,55,51,4,True,51,5,46,5,0,4
reliable,marked_gaussian_evidence_prune_info,142,2,42,2,44,36,8,True,51,5,46,4,14,4
reliable,marked_gaussian_evidence_prune_info,143,1,46,12,58,55,3,True,55,3,52,3,0,6
reliable,marked_gaussian_evidence_prune_info,143,2,46,1,47,28,19,True,55,3,52,3,27,6
reliable,marked_gaussian_evidence_prune_info,144,1,52,12,64,60,4,True,60,6,54,6,0,2
reliable,marked_gaussian_evidence_prune_info,144,2,52,2,54,20,34,True,60,6,54,4,38,2
reliable,marked_gaussian_evidence_prune_info,145,1,54,13,67,64,3,True,64,6,58,6,0,4
reliable,marked_gaussian_evidence_prune_info,145,2,54,2,56,20,36,True,64,6,58,4,42,4
reliable,marked_gaussian_evidence_prune_info,146,1,58,14,72,68,4,True,68,4,64,4,0,6
reliable,marked_gaussian_evidence_prune_info,146,2,58,2,60,17,43,True,68,4,64,4,51,6
reliable,marked_gaussian_evidence_prune_info,147,1,64,14,78,75,3,True,75,5,70,5,0,6
reliable,marked_gaussian_evidence_prune_info,147,2,64,2,66,44,22,True,75,5,70,4,30,6
reliable,marked_gaussian_evidence_prune_info,148,1,70,14,84,80,4,True,80,5,75,5,0,5
reliable,marked_gaussian_evidence_prune_info,148,2,70,3,73,50,23,True,80,5,75,5,30,5
reliable,marked_gaussian_evidence_prune_info,149,1,75,14,89,86,3,True,86,4,82,4,0,7
reliable,marked_gaussian_evidence_prune_info,149,2,75,4,79,52,27,True,86,4,82,4,34,7
reliable,marked_gaussian_evidence_prune_info,150,1,82,13,95,90,5,True,91,5,86,5,1,4
reliable,marked_gaussian_evidence_prune_info,150,2,82,2,84,47,37,True,91,5,86,4,43,4
reliable,marked_gaussian_evidence_prune_info,151,1,86,14,100,97,3,True,97,5,92,5,0,6
reliable,marked_gaussian_evidence_prune_info,151,2,86,3,89,27,62,True,97,5,92,3,68,6
reliable,marked_gaussian_evidence_prune_info,152,1,92,15,107,102,5,True,102,13,89,13,0,-3
reliable,marked_gaussian_evidence_prune_info,152,2,92,5,97,33,64,True,102,13,89,5,61,-3
reliable,marked_gaussian_evidence_prune_info,153,1,89,14,103,97,6,True,97,9,88,9,0,-1
reliable,marked_gaussian_evidence_prune_info,153,2,89,5,94,35,59,True,97,9,88,8,61,-1
reliable,marked_gaussian_evidence_prune_info,154,1,88,15,103,96,7,True,97,13,84,13,1,-4
reliable,marked_gaussian_evidence_prune_info,154,2,88,5,93,68,25,True,97,13,84,9,25,-4
reliable,marked_gaussian_evidence_prune_info,155,1,84,14,98,94,4,True,95,17,78,17,1,-6
reliable,marked_gaussian_evidence_prune_info,155,2,84,6,90,26,64,True,95,17,78,8,60,-6
reliable,marked_gaussian_evidence_prune_info,156,1,78,14,92,89,3,True,91,9,82,9,2,4
reliable,marked_gaussian_evidence_prune_info,156,2,78,4,82,23,59,True,91,9,82,5,64,4
reliable,marked_gaussian_evidence_prune_info,157,1,82,15,97,91,6,True,94,15,79,15,3,-3
reliable,marked_gaussian_evidence_prune_info,157,2,82,5,87,29,58,True,94,15,79,7,57,-3
reliable,marked_gaussian_evidence_prune_info,158,1,79,14,93,70,23,True,72,11,61,11,2,-18
reliable,marked_gaussian_evidence_prune_info,158,2,79,6,85,29,56,True,72,11,61,7,39,-18
reliable,marked_gaussian_evidence_prune_info,159,1,61,14,75,68,7,True,71,10,61,10,3,0
reliable,marked_gaussian_evidence_prune_info,159,2,61,4,65,28,37,True,71,10,61,7,40,0
reliable,marked_gaussian_evidence_prune_info,160,1,61,13,74,68,6,True,68,10,58,10,0,-3
reliable,marked_gaussian_evidence_prune_info,160,2,61,3,64,21,43,True,68,10,58,5,42,-3
reliable,marked_gaussian_evidence_prune_info,161,1,58,13,71,67,4,True,67,4,63,4,0,5
reliable,marked_gaussian_evidence_prune_info,161,2,58,2,60,18,42,True,67,4,63,4,49,5
reliable,marked_gaussian_evidence_prune_info,162,1,63,14,77,68,9,True,68,11,57,11,0,-6
reliable,marked_gaussian_evidence_prune_info,162,2,63,2,65,24,41,True,68,11,57,7,40,-6
reliable,marked_gaussian_evidence_prune_info,163,1,57,12,69,65,4,True,65,8,57,8,0,0
reliable,marked_gaussian_evidence_prune_info,163,2,57,2,59,19,40,True,65,8,57,4,42,0
reliable,marked_gaussian_evidence_prune_info,164,1,57,11,68,64,4,True,64,7,57,7,0,0
reliable,marked_gaussian_evidence_prune_info,164,2,57,2,59,20,39,True,64,7,57,5,42,0
reliable,marked_gaussian_evidence_prune_info,165,1,57,12,69,66,3,True,66,5,61,5,0,4
reliable,marked_gaussian_evidence_prune_info,165,2,57,2,59,19,40,True,66,5,61,4,46,4
reliable,marked_gaussian_evidence_prune_info,166,1,61,12,73,69,4,True,70,12,58,12,1,-3
reliable,marked_gaussian_evidence_prune_info,166,2,61,3,64,21,43,True,70,12,58,5,42,-3
reliable,marked_gaussian_evidence_prune_info,167,1,58,11,69,66,3,True,68,10,58,10,2,0
reliable,marked_gaussian_evidence_prune_info,167,2,58,5,63,23,40,True,68,10,58,5,40,0
reliable,marked_gaussian_evidence_prune_info,168,1,58,10,68,61,7,True,64,12,52,12,3,-6
reliable,marked_gaussian_evidence_prune_info,168,2,58,4,62,23,39,True,64,12,52,7,36,-6
reliable,marked_gaussian_evidence_prune_info,169,1,52,10,62,56,6,True,61,9,52,9,5,0
reliable,marked_gaussian_evidence_prune_info,169,2,52,4,56,22,34,True,61,9,52,4,34,0
reliable,marked_gaussian_evidence_prune_info,170,1,52,10,62,55,7,True,59,7,52,7,4,0
reliable,marked_gaussian_evidence_prune_info,170,2,52,3,55,23,32,True,59,7,52,5,34,0
reliable,marked_gaussian_evidence_prune_info,171,1,52,10,62,54,8,True,61,5,56,5,7,4
reliable,marked_gaussian_evidence_prune_info,171,2,52,3,55,21,34,True,61,5,56,3,38,4
reliable,marked_gaussian_evidence_prune_info,172,1,56,10,66,57,9,True,57,6,51,6,0,-5
reliable,marked_gaussian_evidence_prune_info,172,2,56,3,59,34,25,True,57,6,51,6,23,-5
reliable,marked_gaussian_evidence_prune_info,173,1,51,11,62,59,3,True,60,5,55,5,1,4
reliable,marked_gaussian_evidence_prune_info,173,2,51,4,55,42,13,True,60,5,55,5,18,4
reliable,marked_gaussian_evidence_prune_info,174,1,55,11,66,54,12,True,54,8,46,8,0,-9
reliable,marked_gaussian_evidence_prune_info,174,2,55,7,62,32,30,True,54,8,46,8,22,-9
reliable,marked_gaussian_evidence_prune_info,175,1,46,10,56,51,5,True,53,6,47,6,2,1
reliable,marked_gaussian_evidence_prune_info,175,2,46,6,52,43,9,True,53,6,47,6,10,1
reliable,marked_gaussian_evidence_prune_info,176,1,47,9,56,51,5,True,51,7,44,7,0,-3
reliable,marked_gaussian_evidence_prune_info,176,2,47,4,51,44,7,True,51,7,44,7,7,-3
reliable,marked_gaussian_evidence_prune_info,177,1,44,11,55,53,2,True,54,6,48,6,1,4
reliable,marked_gaussian_evidence_prune_info,177,2,44,5,49,44,5,True,54,6,48,6,10,4
reliable,marked_gaussian_evidence_prune_info,178,1,48,10,58,53,5,True,53,5,48,5,0,0
reliable,marked_gaussian_evidence_prune_info,178,2,48,4,52,47,5,True,53,5,48,5,6,0
reliable,marked_gaussian_evidence_prune_info,179,1,48,10,58,53,5,True,53,6,47,6,0,-1
reliable,marked_gaussian_evidence_prune_info,179,2,48,4,52,49,3,True,53,6,47,6,4,-1
reliable,marked_gaussian_evidence_prune_info,180,1,47,10,57,52,5,True,52,6,46,6,0,-1
reliable,marked_gaussian_evidence_prune_info,180,2,47,2,49,48,1,True,52,6,46,6,4,-1
reliable,marked_gaussian_evidence_prune_info,181,1,46,11,57,55,2,True,56,3,53,3,1,7
reliable,marked_gaussian_evidence_prune_info,181,2,46,4,50,48,2,True,56,3,53,3,8,7
reliable,marked_gaussian_evidence_prune_info,182,1,53,10,63,55,8,True,56,10,46,10,1,-7
reliable,marked_gaussian_evidence_prune_info,182,2,53,4,57,37,20,True,56,10,46,7,16,-7
reliable,marked_gaussian_evidence_prune_info,183,1,46,11,57,55,2,True,56,2,54,2,1,8
reliable,marked_gaussian_evidence_prune_info,183,2,46,3,49,16,33,True,56,2,54,2,40,8
reliable,marked_gaussian_evidence_prune_info,184,1,54,12,66,63,3,True,63,10,53,10,0,-1
reliable,marked_gaussian_evidence_prune_info,184,2,54,3,57,24,33,True,63,10,53,5,34,-1
reliable,marked_gaussian_evidence_prune_info,185,1,53,11,64,53,11,True,53,11,42,11,0,-11
reliable,marked_gaussian_evidence_prune_info,185,2,53,4,57,22,35,True,53,11,42,8,28,-11
reliable,marked_gaussian_evidence_prune_info,186,1,42,9,51,49,2,True,49,5,44,5,0,2
reliable,marked_gaussian_evidence_prune_info,186,2,42,3,45,28,17,True,49,5,44,5,21,2
reliable,marked_gaussian_evidence_prune_info,187,1,44,10,54,51,3,True,51,6,45,6,0,1
reliable,marked_gaussian_evidence_prune_info,187,2,44,4,48,40,8,True,51,6,45,6,11,1
reliable,marked_gaussian_evidence_prune_info,188,1,45,9,54,51,3,True,52,4,48,4,1,3
reliable,marked_gaussian_evidence_prune_info,188,2,45,5,50,48,2,True,52,4,48,4,4,3
reliable,marked_gaussian_evidence_prune_info,189,1,48,9,57,54,3,True,55,6,49,6,1,1
reliable,marked_gaussian_evidence_prune_info,189,2,48,6,54,53,1,True,55,6,49,6,2,1
reliable,marked_gaussian_evidence_prune_info,190,1,49,10,59,56,3,True,56,7,49,7,0,0
reliable,marked_gaussian_evidence_prune_info,190,2,49,4,53,42,11,True,56,7,49,7,14,0
reliable,marked_gaussian_evidence_prune_info,191,1,49,10,59,56,3,True,59,5,54,5,3,5
reliable,marked_gaussian_evidence_prune_info,191,2,49,6,55,45,10,True,59,5,54,5,14,5
reliable,marked_gaussian_evidence_prune_info,192,1,54,11,65,59,6,True,60,7,53,7,1,-1
reliable,marked_gaussian_evidence_prune_info,192,2,54,6,60,48,12,True,60,7,53,7,12,-1
reliable,marked_gaussian_evidence_prune_info,193,1,53,9,62,55,7,True,59,5,54,5,4,1
reliable,marked_gaussian_evidence_prune_info,193,2,53,5,58,51,7,True,59,5,54,5,8,1
reliable,marked_gaussian_evidence_prune_info,194,1,54,10,64,57,7,True,61,3,58,3,4,4
reliable,marked_gaussian_evidence_prune_info,194,2,54,4,58,28,30,True,61,3,58,3,33,4
reliable,marked_gaussian_evidence_prune_info,195,1,58,10,68,56,12,True,59,16,43,15,2,-15
reliable,marked_gaussian_evidence_prune_info,195,2,58,2,60,26,34,True,59,16,43,10,27,-15
reliable,marked_gaussian_evidence_prune_info,196,1,43,9,52,48,4,True,53,5,48,5,5,5
reliable,marked_gaussian_evidence_prune_info,196,2,43,3,46,18,28,True,53,5,48,2,32,5
reliable,marked_gaussian_evidence_prune_info,197,1,48,11,59,49,10,True,49,9,40,9,0,-8
reliable,marked_gaussian_evidence_prune_info,197,2,48,3,51,19,32,True,49,9,40,7,28,-8
reliable,marked_gaussian_evidence_prune_info,198,1,40,8,48,47,1,True,49,2,47,2,2,7
reliable,marked_gaussian_evidence_prune_info,198,2,40,3,43,15,28,True,49,2,47,0,32,7
reliable,marked_gaussian_evidence_prune_info,199,1,47,11,58,52,6,True,53,10,43,10,1,-4
reliable,marked_gaussian_evidence_prune_info,199,2,47,3,50,22,28,True,53,10,43,6,27,-4
reliable,marked_gaussian_evidence_prune_info,200,1,43,11,54,52,2,True,53,5,48,5,1,5
reliable,marked_gaussian_evidence_prune_info,200,2,43,3,46,20,26,True,53,5,48,3,31,5
reliable,marked_gaussian_evidence_prune_info,201,1,48,12,60,56,4,True,56,7,49,7,0,1
reliable,marked_gaussian_evidence_prune_info,201,2,48,2,50,22,28,True,56,7,49,5,32,1
reliable,marked_gaussian_evidence_prune_info,202,1,49,12,61,58,3,True,59,5,54,5,1,5
reliable,marked_gaussian_evidence_prune_info,202,2,49,2,51,23,28,True,59,5,54,3,34,5
reliable,marked_gaussian_evidence_prune_info,203,1,54,11,65,55,10,True,56,12,44,12,1,-10
reliable,marked_gaussian_evidence_prune_info,203,2,54,4,58,25,33,True,56,12,44,9,28,-10
reliable,marked_gaussian_evidence_prune_info,204,1,44,10,54,52,2,True,55,3,52,3,3,8
reliable,marked_gaussian_evidence_prune_info,204,2,44,3,47,23,24,True,55,3,52,2,31,8
reliable,marked_gaussian_evidence_prune_info,205,1,52,10,62,55,7,True,56,12,44,12,1,-8
reliable,marked_gaussian_evidence_prune_info,205,2,52,3,55,27,28,True,56,12,44,9,26,-8
reliable,marked_gaussian_evidence_prune_info,206,1,44,10,54,52,2,True,56,3,53,3,4,9
reliable,marked_gaussian_evidence_prune_info,206,2,44,4,48,20,28,True,56,3,53,2,35,9
reliable,marked_gaussian_evidence_prune_info,207,1,53,10,63,53,10,True,57,11,46,11,4,-7
reliable,marked_gaussian_evidence_prune_info,207,2,53,4,57,29,28,True,57,11,46,8,25,-7
reliable,marked_gaussian_evidence_prune_info,208,1,46,10,56,50,6,True,55,4,51,4,5,5
reliable,marked_gaussian_evidence_prune_info,208,2,46,3,49,21,28,True,55,4,51,2,32,5
reliable,marked_gaussian_evidence_prune_info,209,1,51,10,61,51,10,True,54,10,44,10,3,-7
reliable,marked_gaussian_evidence_prune_info,209,2,51,3,54,29,25,True,54,10,44,9,24,-7
reliable,marked_gaussian_evidence_prune_info,210,1,44,10,54,52,2,True,55,4,51,4,3,7
reliable,marked_gaussian_evidence_prune_info,210,2,44,5,49,26,23,True,55,4,51,3,28,7
reliable,marked_gaussian_evidence_prune_info,211,1,51,10,61,50,11,True,54,11,43,11,4,-8
reliable,marked_gaussian_evidence_prune_info,211,2,51,4,55,29,26,True,54,11,43,9,23,-8
reliable,marked_gaussian_evidence_prune_info,212,1,43,10,53,49,4,True,49,4,45,4,0,2
reliable,marked_gaussian_evidence_prune_info,212,2,43,3,46,19,27,True,49,4,45,3,29,2
reliable,marked_gaussian_evidence_prune_info,213,1,45,11,56,51,5,True,51,6,45,6,0,0
reliable,marked_gaussian_evidence_prune_info,213,2,45,2,47,41,6,True,51,6,45,6,10,0
reliable,marked_gaussian_evidence_prune_info,214,1,45,12,57,54,3,True,54,4,50,4,0,5
reliable,marked_gaussian_evidence_prune_info,214,2,45,3,48,41,7,True,54,4,50,4,13,5
reliable,marked_gaussian_evidence_prune_info,215,1,50,11,61,57,4,True,57,5,52,5,0,2
reliable,marked_gaussian_evidence_prune_info,215,2,50,4,54,51,3,True,57,5,52,5,6,2
reliable,marked_gaussian_evidence_prune_info,216,1,52,10,62,53,9,True,58,8,50,8,5,-2
reliable,marked_gaussian_evidence_prune_info,216,2,52,4,56,39,17,True,58,8,50,6,17,-2
reliable,marked_gaussian_evidence_prune_info,217,1,50,9,59,49,10,True,54,10,44,10,5,-6
reliable,marked_gaussian_evidence_prune_info,217,2,50,4,54,25,29,True,54,10,44,7,26,-6
reliable,marked_gaussian_evidence_prune_info,218,1,44,9,53,45,8,True,46,5,41,5,1,-3
reliable,marked_gaussian_evidence_prune_info,218,2,44,3,47,19,28,True,46,5,41,5,27,-3
reliable,marked_gaussian_evidence_prune_info,219,1,41,8,49,47,2,True,47,8,39,8,0,-2
reliable,marked_gaussian_evidence_prune_info,219,2,41,3,44,18,26,True,47,8,39,5,26,-2
reliable,marked_gaussian_evidence_prune_info,220,1,39,8,47,44,3,True,46,4,42,4,2,3
reliable,marked_gaussian_evidence_prune_info,220,2,39,4,43,18,25,True,46,4,42,3,27,3
reliable,marked_gaussian_evidence_prune_info,221,1,42,8,50,47,3,True,49,6,43,6,2,1
reliable,marked_gaussian_evidence_prune_info,221,2,42,3,45,20,25,True,49,6,43,4,27,1
reliable,marked_gaussian_evidence_prune_info,222,1,43,8,51,47,4,True,47,8,39,8,0,-4
reliable,marked_gaussian_evidence_prune_info,222,2,43,3,46,18,28,True,47,8,39,6,27,-4
reliable,marked_gaussian_evidence_prune_info,223,1,39,8,47,45,2,True,46,6,40,6,1,1
reliable,marked_gaussian_evidence_prune_info,223,2,39,2,41,16,25,True,46,6,40,3,27,1
reliable,marked_gaussian_evidence_prune_info,224,1,40,9,49,46,3,True,46,7,39,7,0,-1
reliable,marked_gaussian_evidence_prune_info,224,2,40,2,42,17,25,True,46,7,39,5,27,-1
reliable,marked_gaussian_evidence_prune_info,225,1,39,9,48,46,2,True,47,5,42,5,1,3
reliable,marked_gaussian_evidence_prune_info,225,2,39,2,41,17,24,True,47,5,42,3,28,3
reliable,marked_gaussian_evidence_prune_info,226,1,42,9,51,48,3,True,48,7,41,7,0,-1
reliable,marked_gaussian_evidence_prune_info,226,2,42,2,44,17,27,True,48,7,41,5,29,-1
reliable,marked_gaussian_evidence_prune_info,227,1,41,9,50,48,2,True,49,5,44,5,1,3
reliable,marked_gaussian_evidence_prune_info,227,2,41,2,43,17,26,True,49,5,44,3,30,3
reliable,marked_gaussian_evidence_prune_info,228,1,44,9,53,50,3,True,50,7,43,7,0,-1
reliable,marked_gaussian_evidence_prune_info,228,2,44,2,46,18,28,True,50,7,43,5,30,-1
reliable,marked_gaussian_evidence_prune_info,229,1,43,9,52,50,2,True,51,5,46,5,1,3
reliable,marked_gaussian_evidence_prune_info,229,2,43,2,45,18,27,True,51,5,46,3,31,3
reliable,marked_gaussian_evidence_prune_info,230,1,46,9,55,52,3,True,52,7,45,7,0,-1
reliable,marked_gaussian_evidence_prune_info,230,2,46,2,48,18,30,True,52,7,45,5,32,-1
reliable,marked_gaussian_evidence_prune_info,231,1,45,9,54,51,3,True,52,5,47,5,1,2
reliable,marked_gaussian_evidence_prune_info,231,2,45,2,47,18,29,True,52,5,47,3,32,2
reliable,marked_gaussian_evidence_prune_info,232,1,47,9,56,52,4,True,53,6,47,6,1,0
reliable,marked_gaussian_evidence_prune_info,232,2,47,2,49,18,31,True,53,6,47,4,33,0
reliable,marked_gaussian_evidence_prune_info,233,1,47,9,56,53,3,True,54,5,49,5,1,2
reliable,marked_gaussian_evidence_prune_info,233,2,47,2,49,18,31,True,54,5,49,3,34,2
reliable,marked_gaussian_evidence_prune_info,234,1,49,9,58,54,4,True,55,6,49,6,1,0
reliable,marked_gaussian_evidence_prune_info,234,2,49,2,51,21,30,True,55,6,49,4,32,0
reliable,marked_gaussian_evidence_prune_info,235,1,49,9,58,55,3,True,56,6,50,6,1,1
reliable,marked_gaussian_evidence_prune_info,235,2,49,2,51,19,32,True,56,6,50,4,35,1
reliable,marked_gaussian_evidence_prune_info,236,1,50,9,59,57,2,True,57,5,52,5,0,2
reliable,marked_gaussian_evidence_prune_info,236,2,50,1,51,20,31,True,57,5,52,3,35,2
reliable,marked_gaussian_evidence_prune_info,237,1,52,8,60,56,4,True,58,4,54,4,2,2
reliable,marked_gaussian_evidence_prune_info,237,2,52,2,54,29,25,True,58,4,54,2,27,2
reliable,marked_gaussian_evidence_prune_info,238,1,54,8,62,59,3,True,59,7,52,7,0,-2
reliable,marked_gaussian_evidence_prune_info,238,2,54,3,57,26,31,True,59,7,52,5,31,-2
reliable,marked_gaussian_evidence_prune_info,239,1,52,8,60,47,13,True,57,8,49,6,8,-3
reliable,marked_gaussian_evidence_prune_info,239,2,52,2,54,30,24,True,57,8,49,6,25,-3
reliable,marked_gaussian_evidence_prune_info,240,1,49,7,56,46,10,True,46,7,39,7,0,-10
reliable,marked_gaussian_evidence_prune_info,240,2,49,3,52,18,34,True,46,7,39,5,26,-10
reliable,marked_gaussian_evidence_guarded_scalar_prune_info,1,1,0,0,0,0,0,True,0,0,0,0,0,0
reliable,marked_gaussian_evidence_guarded_scalar_prune_info,1,2,0,0,0,0,0,True,0,0,0,0,0,0
reliable,marked_gaussian_evidence_guarded_scalar_prune_info,2,1,0,9,9,9,0,True,9,0,9,0,0,9
reliable,marked_gaussian_evidence_guarded_scalar_prune_info,2,2,0,1,1,1,0,True,9,0,9,0,8,9
reliable,marked_gaussian_evidence_guarded_scalar_prune_info,3,1,9,10,19,19,0,True,19,0,19,0,0,10
reliable,marked_gaussian_evidence_guarded_scalar_prune_info,3,2,9,0,9,7,2,True,19,0,19,0,12,10
reliable,marked_gaussian_evidence_guarded_scalar_prune_info,4,1,19,9,28,25,3,True,25,0,25,0,0,6
reliable,marked_gaussian_evidence_guarded_scalar_prune_info,4,2,19,0,19,14,5,True,25,0,25,0,11,6
reliable,marked_gaussian_evidence_guarded_scalar_prune_info,5,1,25,9,34,32,2,True,32,3,29,3,0,4
reliable,marked_gaussian_evidence_guarded_scalar_prune_info,5,2,25,0,25,20,5,True,32,3,29,3,12,4
reliable,marked_gaussian_evidence_guarded_scalar_prune_info,6,1,29,9,38,37,1,True,37,0,37,0,0,8
reliable,marked_gaussian_evidence_guarded_scalar_prune_info,6,2,29,0,29,19,10,True,37,0,37,0,18,8
reliable,marked_gaussian_evidence_guarded_scalar_prune_info,7,1,37,9,46,43,3,True,43,2,41,2,0,4
reliable,marked_gaussian_evidence_guarded_scalar_prune_info,7,2,37,0,37,20,17,True,43,2,41,2,23,4
reliable,marked_gaussian_evidence_guarded_scalar_prune_info,8,1,41,10,51,50,1,True,50,0,50,0,0,9
reliable,marked_gaussian_evidence_guarded_scalar_prune_info,8,2,41,0,41,22,19,True,50,0,50,0,28,9
reliable,marked_gaussian_evidence_guarded_scalar_prune_info,9,1,50,9,59,56,3,True,56,6,50,6,0,0
reliable,marked_gaussian_evidence_guarded_scalar_prune_info,9,2,50,1,51,26,25,True,56,6,50,3,27,0
reliable,marked_gaussian_evidence_guarded_scalar_prune_info,10,1,50,10,60,58,2,True,58,2,56,2,0,6
reliable,marked_gaussian_evidence_guarded_scalar_prune_info,10,2,50,1,51,25,26,True,58,2,56,0,31,6
reliable,marked_gaussian_evidence_guarded_scalar_prune_info,11,1,56,10,66,58,8,True,58,8,50,8,0,-6
reliable,marked_gaussian_evidence_guarded_scalar_prune_info,11,2,56,1,57,31,26,True,58,8,50,6,25,-6
reliable,marked_gaussian_evidence_guarded_scalar_prune_info,12,1,50,10,60,51,9,True,54,10,44,9,2,-6
reliable,marked_gaussian_evidence_guarded_scalar_prune_info,12,2,50,2,52,25,27,True,54,10,44,9,28,-6
reliable,marked_gaussian_evidence_guarded_scalar_prune_info,13,1,44,10,54,50,4,True,51,3,48,3,1,4
reliable,marked_gaussian_evidence_guarded_scalar_prune_info,13,2,44,0,44,15,29,True,51,3,48,3,36,4
reliable,marked_gaussian_evidence_guarded_scalar_prune_info,14,1,48,10,58,48,10,True,48,4,44,4,0,-4
reliable,marked_gaussian_evidence_guarded_scalar_prune_info,14,2,48,0,48,15,33,True,48,4,44,4,33,-4
reliable,marked_gaussian_evidence_guarded_scalar_prune_info,15,1,44,9,53,49,4,True,49,1,48,1,0,4
reliable,marked_gaussian_evidence_guarded_scalar_prune_info,15,2,44,0,44,11,33,True,49,1,48,1,38,4
reliable,marked_gaussian_evidence_guarded_scalar_prune_info,16,1,48,9,57,52,5,True,52,3,49,3,0,1
reliable,marked_gaussian_evidence_guarded_scalar_prune_info,16,2,48,0,48,11,37,True,52,3,49,3,41,1
reliable,marked_gaussian_evidence_guarded_scalar_prune_info,17,1,49,11,60,58,2,True,58,2,56,2,0,7
reliable,marked_gaussian_evidence_guarded_scalar_prune_info,17,2,49,0,49,10,39,True,58,2,56,1,47,7
reliable,marked_gaussian_evidence_guarded_scalar_prune_info,18,1,56,10,66,63,3,True,63,3,60,3,0,4
reliable,marked_gaussian_evidence_guarded_scalar_prune_info,18,2,56,0,56,14,42,True,63,3,60,2,48,4
reliable,marked_gaussian_evidence_guarded_scalar_prune_info,19,1,60,10,70,68,2,True,68,3,65,3,0,5
reliable,marked_gaussian_evidence_guarded_scalar_prune_info,19,2,60,0,60,14,46,True,68,3,65,0,51,5
reliable,marked_gaussian_evidence_guarded_scalar_prune_info,20,1,65,10,75,69,6,True,69,7,62,7,0,-3
reliable,marked_gaussian_evidence_guarded_scalar_prune_info,20,2,65,0,65,18,47,True,69,7,62,5,49,-3
reliable,marked_gaussian_evidence_guarded_scalar_prune_info,21,1,62,10,72,71,1,True,71,1,70,1,0,8
reliable,marked_gaussian_evidence_guarded_scalar_prune_info,21,2,62,0,62,10,52,True,71,1,70,0,60,8
reliable,marked_gaussian_evidence_guarded_scalar_prune_info,22,1,70,10,80,74,6,True,74,14,60,14,0,-10
reliable,marked_gaussian_evidence_guarded_scalar_prune_info,22,2,70,0,70,15,55,True,74,14,60,5,50,-10
reliable,marked_gaussian_evidence_guarded_scalar_prune_info,23,1,60,10,70,64,6,True,64,17,47,17,0,-13
reliable,marked_gaussian_evidence_guarded_scalar_prune_info,23,2,60,0,60,10,50,True,64,17,47,0,37,-13
reliable,marked_gaussian_evidence_guarded_scalar_prune_info,24,1,47,10,57,49,8,True,49,12,37,12,0,-10
reliable,marked_gaussian_evidence_guarded_scalar_prune_info,24,2,47,0,47,14,33,True,49,12,37,3,26,-10
reliable,marked_gaussian_evidence_guarded_scalar_prune_info,25,1,37,9,46,42,4,True,42,6,36,6,0,-1
reliable,marked_gaussian_evidence_guarded_scalar_prune_info,25,2,37,0,37,12,25,True,42,6,36,2,26,-1
reliable,marked_gaussian_evidence_guarded_scalar_prune_info,26,1,36,8,44,39,5,True,39,5,34,5,0,-2
reliable,marked_gaussian_evidence_guarded_scalar_prune_info,26,2,36,0,36,13,23,True,39,5,34,4,25,-2
reliable,marked_gaussian_evidence_guarded_scalar_prune_info,27,1,34,9,43,42,1,True,42,0,42,0,0,8
reliable,marked_gaussian_evidence_guarded_scalar_prune_info,27,2,34,0,34,8,26,True,42,0,42,0,34,8
reliable,marked_gaussian_evidence_guarded_scalar_prune_info,28,1,42,7,49,44,5,True,44,5,39,5,0,-3
reliable,marked_gaussian_evidence_guarded_scalar_prune_info,28,2,42,0,42,11,31,True,44,5,39,3,31,-3
reliable,marked_gaussian_evidence_guarded_scalar_prune_info,29,1,39,8,47,46,1,True,46,0,46,0,0,7
reliable,marked_gaussian_evidence_guarded_scalar_prune_info,29,2,39,0,39,9,30,True,46,0,46,0,37,7
reliable,marked_gaussian_evidence_guarded_scalar_prune_info,30,1,46,8,54,50,4,True,50,4,46,4,0,0
reliable,marked_gaussian_evidence_guarded_scalar_prune_info,30,2,46,0,46,10,36,True,50,4,46,3,39,0
reliable,marked_gaussian_evidence_guarded_scalar_prune_info,31,1,46,10,56,55,1,True,55,0,55,0,0,9
reliable,marked_gaussian_evidence_guarded_scalar_prune_info,31,2,46,0,46,8,38,True,55,0,55,0,47,9
reliable,marked_gaussian_evidence_guarded_scalar_prune_info,32,1,55,9,64,60,4,True,60,4,56,4,0,1
reliable,marked_gaussian_evidence_guarded_scalar_prune_info,32,2,55,0,55,14,41,True,60,4,56,3,45,1
reliable,marked_gaussian_evidence_guarded_scalar_prune_info,33,1,56,10,66,65,1,True,65,2,63,2,0,7
reliable,marked_gaussian_evidence_guarded_scalar_prune_info,33,2,56,0,56,12,44,True,65,2,63,0,51,7
reliable,marked_gaussian_evidence_guarded_scalar_prune_info,34,1,63,9,72,68,4,True,68,6,62,6,0,-1
reliable,marked_gaussian_evidence_guarded_scalar_prune_info,34,2,63,0,63,17,46,True,68,6,62,3,48,-1
reliable,marked_gaussian_evidence_guarded_scalar_prune_info,35,1,62,10,72,71,1,True,71,2,69,2,0,7
reliable,marked_gaussian_evidence_guarded_scalar_prune_info,35,2,62,0,62,16,46,True,71,2,69,0,53,7
reliable,marked_gaussian_evidence_guarded_scalar_prune_info,36,1,69,9,78,70,8,True,70,7,63,7,0,-6
reliable,marked_gaussian_evidence_guarded_scalar_prune_info,36,2,69,0,69,21,48,True,70,7,63,5,47,-6
reliable,marked_gaussian_evidence_guarded_scalar_prune_info,37,1,63,9,72,69,3,True,69,3,66,3,0,3
reliable,marked_gaussian_evidence_guarded_scalar_prune_info,37,2,63,0,63,16,47,True,69,3,66,2,52,3
reliable,marked_gaussian_evidence_guarded_scalar_prune_info,38,1,66,10,76,70,6,True,70,5,65,5,0,-1
reliable,marked_gaussian_evidence_guarded_scalar_prune_info,38,2,66,0,66,17,49,True,70,5,65,5,53,-1
reliable,marked_gaussian_evidence_guarded_scalar_prune_info,39,1,65,10,75,73,2,True,73,2,71,2,0,6
reliable,marked_gaussian_evidence_guarded_scalar_prune_info,39,2,65,0,65,12,53,True,73,2,71,1,60,6
reliable,marked_gaussian_evidence_guarded_scalar_prune_info,40,1,71,10,81,75,6,True,75,6,69,6,0,-2
reliable,marked_gaussian_evidence_guarded_scalar_prune_info,40,2,71,0,71,15,56,True,75,6,69,5,59,-2
reliable,marked_gaussian_evidence_guarded_scalar_prune_info,41,1,69,10,79,77,2,True,77,2,75,2,0,6
reliable,marked_gaussian_evidence_guarded_scalar_prune_info,41,2,69,0,69,10,59,True,77,2,75,1,66,6
reliable,marked_gaussian_evidence_guarded_scalar_prune_info,42,1,75,10,85,79,6,True,79,6,73,6,0,-2
reliable,marked_gaussian_evidence_guarded_scalar_prune_info,42,2,75,0,75,13,62,True,79,6,73,5,65,-2
reliable,marked_gaussian_evidence_guarded_scalar_prune_info,43,1,73,10,83,82,1,True,82,1,81,1,0,8
reliable,marked_gaussian_evidence_guarded_scalar_prune_info,43,2,73,0,73,8,65,True,82,1,81,0,73,8
reliable,marked_gaussian_evidence_guarded_scalar_prune_info,44,1,81,10,91,85,6,True,85,7,78,7,0,-3
reliable,marked_gaussian_evidence_guarded_scalar_prune_info,44,2,81,1,82,14,68,True,85,7,78,6,70,-3
reliable,marked_gaussian_evidence_guarded_scalar_prune_info,45,1,78,11,89,88,1,True,88,1,87,1,0,9
reliable,marked_gaussian_evidence_guarded_scalar_prune_info,45,2,78,0,78,8,70,True,88,1,87,0,79,9
reliable,marked_gaussian_evidence_guarded_scalar_prune_info,46,1,87,10,97,91,6,True,91,7,84,7,0,-3
reliable,marked_gaussian_evidence_guarded_scalar_prune_info,46,2,87,0,87,13,74,True,91,7,84,5,76,-3
reliable,marked_gaussian_evidence_guarded_scalar_prune_info,47,1,84,10,94,93,1,True,93,2,91,2,0,7
reliable,marked_gaussian_evidence_guarded_scalar_prune_info,47,2,84,0,84,9,75,True,93,2,91,0,82,7
reliable,marked_gaussian_evidence_guarded_scalar_prune_info,48,1,91,10,101,95,6,True,95,6,89,6,0,-2
reliable,marked_gaussian_evidence_guarded_scalar_prune_info,48,2,91,0,91,14,77,True,95,6,89,5,80,-2
reliable,marked_gaussian_evidence_guarded_scalar_prune_info,49,1,89,10,99,98,1,True,98,1,97,1,0,8
reliable,marked_gaussian_evidence_guarded_scalar_prune_info,49,2,89,0,89,8,81,True,98,1,97,0,89,8
reliable,marked_gaussian_evidence_guarded_scalar_prune_info,50,1,97,10,107,101,6,True,101,6,95,6,0,-2
reliable,marked_gaussian_evidence_guarded_scalar_prune_info,50,2,97,0,97,13,84,True,101,6,95,5,87,-2
reliable,marked_gaussian_evidence_guarded_scalar_prune_info,51,1,95,10,105,104,1,True,105,2,103,2,1,8
reliable,marked_gaussian_evidence_guarded_scalar_prune_info,51,2,95,1,96,9,87,True,105,2,103,0,94,8
reliable,marked_gaussian_evidence_guarded_scalar_prune_info,52,1,103,10,113,106,7,True,106,8,98,8,0,-5
reliable,marked_gaussian_evidence_guarded_scalar_prune_info,52,2,103,0,103,13,90,True,106,8,98,5,90,-5
reliable,marked_gaussian_evidence_guarded_scalar_prune_info,53,1,98,10,108,96,12,True,96,5,91,5,0,-7
reliable,marked_gaussian_evidence_guarded_scalar_prune_info,53,2,98,0,98,8,90,True,96,5,91,0,83,-7
reliable,marked_gaussian_evidence_guarded_scalar_prune_info,54,1,91,10,101,96,5,True,96,5,91,5,0,0
reliable,marked_gaussian_evidence_guarded_scalar_prune_info,54,2,91,0,91,13,78,True,96,5,91,3,81,0
reliable,marked_gaussian_evidence_guarded_scalar_prune_info,55,1,91,11,102,98,4,True,98,1,97,1,0,6
reliable,marked_gaussian_evidence_guarded_scalar_prune_info,55,2,91,0,91,12,79,True,98,1,97,0,85,6
reliable,marked_gaussian_evidence_guarded_scalar_prune_info,56,1,97,11,108,101,7,True,101,5,96,5,0,-1
reliable,marked_gaussian_evidence_guarded_scalar_prune_info,56,2,97,0,97,15,82,True,101,5,96,4,85,-1
reliable,marked_gaussian_evidence_guarded_scalar_prune_info,57,1,96,10,106,103,3,True,103,9,94,9,0,-2
reliable,marked_gaussian_evidence_guarded_scalar_prune_info,57,2,96,0,96,11,85,True,103,9,94,1,84,-2
reliable,marked_gaussian_evidence_guarded_scalar_prune_info,58,1,94,10,104,99,5,True,99,4,95,4,0,1
reliable,marked_gaussian_evidence_guarded_scalar_prune_info,58,2,94,0,94,13,81,True,99,4,95,3,85,1
reliable,marked_gaussian_evidence_guarded_scalar_prune_info,59,1,95,10,105,102,3,True,103,7,96,7,1,1
reliable,marked_gaussian_evidence_guarded_scalar_prune_info,59,2,95,1,96,13,83,True,103,7,96,1,84,1
reliable,marked_gaussian_evidence_guarded_scalar_prune_info,60,1,96,10,106,100,6,True,102,4,98,4,2,2
reliable,marked_gaussian_evidence_guarded_scalar_prune_info,60,2,96,1,97,15,82,True,102,4,98,3,86,2
reliable,marked_gaussian_evidence_guarded_scalar_prune_info,61,1,98,10,108,97,11,True,100,4,96,4,3,-2
reliable,marked_gaussian_evidence_guarded_scalar_prune_info,61,2,98,3,101,16,85,True,100,4,96,3,83,-2
reliable,marked_gaussian_evidence_guarded_scalar_prune_info,62,1,96,9,105,99,6,True,104,5,99,5,5,3
reliable,marked_gaussian_evidence_guarded_scalar_prune_info,62,2,96,3,99,18,81,True,104,5,99,3,84,3
reliable,marked_gaussian_evidence_guarded_scalar_prune_info,63,1,99,9,108,103,5,True,106,3,103,3,3,4
reliable,marked_gaussian_evidence_guarded_scalar_prune_info,63,2,99,1,100,19,81,True,106,3,103,2,86,4
reliable,marked_gaussian_evidence_guarded_scalar_prune_info,64,1,103,9,112,104,8,True,112,12,100,12,8,-3
reliable,marked_gaussian_evidence_guarded_scalar_prune_info,64,2,103,3,106,23,83,True,112,12,100,2,79,-3
reliable,marked_gaussian_evidence_guarded_scalar_prune_info,65,1,100,9,109,99,10,True,107,4,103,4,8,3
reliable,marked_gaussian_evidence_guarded_scalar_prune_info,65,2,100,3,103,26,77,True,107,4,103,3,80,3
reliable,marked_gaussian_evidence_guarded_scalar_prune_info,66,1,103,11,114,106,8,True,112,4,108,4,6,5
reliable,marked_gaussian_evidence_guarded_scalar_prune_info,66,2,103,2,105,26,79,True,112,4,108,3,85,5
reliable,marked_gaussian_evidence_guarded_scalar_prune_info,67,1,108,9,117,105,12,True,113,6,107,6,8,-1
reliable,marked_gaussian_evidence_guarded_scalar_prune_info,67,2,108,1,109,22,87,True,113,6,107,1,86,-1
reliable,marked_gaussian_evidence_guarded_scalar_prune_info,68,1,107,10,117,104,13,True,114,3,111,3,10,4
reliable,marked_gaussian_evidence_guarded_scalar_prune_info,68,2,107,1,108,24,84,True,114,3,111,2,89,4
reliable,marked_gaussian_evidence_guarded_scalar_prune_info,69,1,111,11,122,113,9,True,121,4,117,4,8,6
reliable,marked_gaussian_evidence_guarded_scalar_prune_info,69,2,111,1,112,26,86,True,121,4,117,1,92,6
reliable,marked_gaussian_evidence_guarded_scalar_prune_info,70,1,117,10,127,112,15,True,124,3,121,3,12,4
reliable,marked_gaussian_evidence_guarded_scalar_prune_info,70,2,117,1,118,30,88,True,124,3,121,2,93,4
reliable,marked_gaussian_evidence_guarded_scalar_prune_info,71,1,121,11,132,120,12,True,131,3,128,3,11,7
reliable,marked_gaussian_evidence_guarded_scalar_prune_info,71,2,121,1,122,32,90,True,131,3,128,1,97,7
reliable,marked_gaussian_evidence_guarded_scalar_prune_info,72,1,128,10,138,121,17,True,135,5,130,5,14,2
reliable,marked_gaussian_evidence_guarded_scalar_prune_info,72,2,128,2,130,37,93,True,135,5,130,3,96,2
reliable,marked_gaussian_evidence_guarded_scalar_prune_info,73,1,130,10,140,127,13,True,138,9,129,9,11,-1
reliable,marked_gaussian_evidence_guarded_scalar_prune_info,73,2,130,1,131,38,93,True,138,9,129,2,93,-1
reliable,marked_gaussian_evidence_guarded_scalar_prune_info,74,1,129,12,141,124,17,True,138,4,134,4,14,5
reliable,marked_gaussian_evidence_guarded_scalar_prune_info,74,2,129,1,130,40,90,True,138,4,134,2,96,5
reliable,marked_gaussian_evidence_guarded_scalar_prune_info,75,1,134,12,146,126,20,True,143,9,134,9,17,0
reliable,marked_gaussian_evidence_guarded_scalar_prune_info,75,2,134,2,136,44,92,True,143,9,134,2,92,0
reliable,marked_gaussian_evidence_guarded_scalar_prune_info,76,1,134,12,146,122,24,True,141,13,128,13,19,-6
reliable,marked_gaussian_evidence_guarded_scalar_prune_info,76,2,134,2,136,47,89,True,141,13,128,5,86,-6
reliable,marked_gaussian_evidence_guarded_scalar_prune_info,77,1,128,13,141,123,18,True,123,19,104,19,0,-24
reliable,marked_gaussian_evidence_guarded_scalar_prune_info,77,2,128,2,130,30,100,True,123,19,104,8,82,-24
reliable,marked_gaussian_evidence_guarded_scalar_prune_info,78,1,104,11,115,112,3,True,112,12,100,12,0,-4
reliable,marked_gaussian_evidence_guarded_scalar_prune_info,78,2,104,1,105,26,79,True,112,12,100,6,80,-4
reliable,marked_gaussian_evidence_guarded_scalar_prune_info,79,1,100,11,111,106,5,True,106,13,93,13,0,-7
reliable,marked_gaussian_evidence_guarded_scalar_prune_info,79,2,100,2,102,26,76,True,106,13,93,9,76,-7
reliable,marked_gaussian_evidence_guarded_scalar_prune_info,80,1,93,11,104,100,4,True,100,31,69,31,0,-24
reliable,marked_gaussian_evidence_guarded_scalar_prune_info,80,2,93,0,93,16,77,True,100,31,69,2,55,-24
reliable,marked_gaussian_evidence_guarded_scalar_prune_info,81,1,69,11,80,75,5,True,75,4,71,4,0,2
reliable,marked_gaussian_evidence_guarded_scalar_prune_info,81,2,69,0,69,16,53,True,75,4,71,3,58,2
reliable,marked_gaussian_evidence_guarded_scalar_prune_info,82,1,71,10,81,78,3,True,78,4,74,4,0,3
reliable,marked_gaussian_evidence_guarded_scalar_prune_info,82,2,71,1,72,16,56,True,78,4,74,3,61,3
reliable,marked_gaussian_evidence_guarded_scalar_prune_info,83,1,74,10,84,80,4,True,80,7,73,7,0,-1
reliable,marked_gaussian_evidence_guarded_scalar_prune_info,83,2,74,0,74,14,60,True,80,7,73,1,60,-1
reliable,marked_gaussian_evidence_guarded_scalar_prune_info,84,1,73,12,85,78,7,True,78,5,73,5,0,0
reliable,marked_gaussian_evidence_guarded_scalar_prune_info,84,2,73,1,74,18,56,True,78,5,73,5,60,0
reliable,marked_gaussian_evidence_guarded_scalar_prune_info,85,1,73,10,83,79,4,True,79,2,77,2,0,4
reliable,marked_gaussian_evidence_guarded_scalar_prune_info,85,2,73,0,73,14,59,True,79,2,77,2,65,4
reliable,marked_gaussian_evidence_guarded_scalar_prune_info,86,1,77,10,87,82,5,True,82,4,78,4,0,1
reliable,marked_gaussian_evidence_guarded_scalar_prune_info,86,2,77,0,77,15,62,True,82,4,78,3,66,1
reliable,marked_gaussian_evidence_guarded_scalar_prune_info,87,1,78,10,88,84,4,True,84,4,80,4,0,2
reliable,marked_gaussian_evidence_guarded_scalar_prune_info,87,2,78,0,78,14,64,True,84,4,80,2,68,2
reliable,marked_gaussian_evidence_guarded_scalar_prune_info,88,1,80,10,90,85,5,True,85,5,80,5,0,0
reliable,marked_gaussian_evidence_guarded_scalar_prune_info,88,2,80,0,80,15,65,True,85,5,80,3,68,0
reliable,marked_gaussian_evidence_guarded_scalar_prune_info,89,1,80,10,90,86,4,True,86,46,40,46,0,-40
reliable,marked_gaussian_evidence_guarded_scalar_prune_info,89,2,80,1,81,15,66,True,86,46,40,3,28,-40
reliable,marked_gaussian_evidence_guarded_scalar_prune_info,90,1,40,9,49,45,4,True,45,9,36,9,0,-4
reliable,marked_gaussian_evidence_guarded_scalar_prune_info,90,2,40,0,40,13,27,True,45,9,36,2,25,-4
reliable,marked_gaussian_evidence_guarded_scalar_prune_info,91,1,36,9,45,40,5,True,40,5,35,5,0,-1
reliable,marked_gaussian_evidence_guarded_scalar_prune_info,91,2,36,1,37,16,21,True,40,5,35,4,23,-1
reliable,marked_gaussian_evidence_guarded_scalar_prune_info,92,1,35,9,44,41,3,True,41,4,37,4,0,2
reliable,marked_gaussian_evidence_guarded_scalar_prune_info,92,2,35,1,36,15,21,True,41,4,37,3,25,2
reliable,marked_gaussian_evidence_guarded_scalar_prune_info,93,1,37,10,47,43,4,True,43,2,41,2,0,4
reliable,marked_gaussian_evidence_guarded_scalar_prune_info,93,2,37,1,38,16,22,True,43,2,41,2,27,4
reliable,marked_gaussian_evidence_guarded_scalar_prune_info,94,1,41,10,51,46,5,True,47,6,41,6,1,0
reliable,marked_gaussian_evidence_guarded_scalar_prune_info,94,2,41,1,42,17,25,True,47,6,41,3,27,0
reliable,marked_gaussian_evidence_guarded_scalar_prune_info,95,1,41,10,51,47,4,True,48,6,42,6,1,1
reliable,marked_gaussian_evidence_guarded_scalar_prune_info,95,2,41,2,43,17,26,True,48,6,42,5,30,1
reliable,marked_gaussian_evidence_guarded_scalar_prune_info,96,1,42,11,53,49,4,True,49,9,40,9,0,-2
reliable,marked_gaussian_evidence_guarded_scalar_prune_info,96,2,42,1,43,17,26,True,49,9,40,5,28,-2
reliable,marked_gaussian_evidence_guarded_scalar_prune_info,97,1,40,11,51,48,3,True,48,9,39,9,0,-1
reliable,marked_gaussian_evidence_guarded_scalar_prune_info,97,2,40,2,42,16,26,True,48,9,39,4,27,-1
reliable,marked_gaussian_evidence_guarded_scalar_prune_info,98,1,39,10,49,45,4,True,45,5,40,5,0,1
reliable,marked_gaussian_evidence_guarded_scalar_prune_info,98,2,39,1,40,16,24,True,45,5,40,3,27,1
reliable,marked_gaussian_evidence_guarded_scalar_prune_info,99,1,40,10,50,46,4,True,46,4,42,4,0,2
reliable,marked_gaussian_evidence_guarded_scalar_prune_info,99,2,40,1,41,16,25,True,46,4,42,3,29,2
reliable,marked_gaussian_evidence_guarded_scalar_prune_info,100,1,42,11,53,51,2,True,51,3,48,3,0,6
reliable,marked_gaussian_evidence_guarded_scalar_prune_info,100,2,42,1,43,15,28,True,51,3,48,2,35,6
reliable,marked_gaussian_evidence_guarded_scalar_prune_info,101,1,48,11,59,54,5,True,54,7,47,7,0,-1
reliable,marked_gaussian_evidence_guarded_scalar_prune_info,101,2,48,1,49,17,32,True,54,7,47,5,35,-1
reliable,marked_gaussian_evidence_guarded_scalar_prune_info,102,1,47,11,58,56,2,True,56,9,47,9,0,0
reliable,marked_gaussian_evidence_guarded_scalar_prune_info,102,2,47,1,48,14,34,True,56,9,47,2,35,0
reliable,marked_gaussian_evidence_guarded_scalar_prune_info,103,1,47,9,56,51,5,True,51,7,44,7,0,-3
reliable,marked_gaussian_evidence_guarded_scalar_prune_info,103,2,47,1,48,17,31,True,51,7,44,5,32,-3
reliable,marked_gaussian_evidence_guarded_scalar_prune_info,104,1,44,11,55,53,2,True,53,7,46,7,0,2
reliable,marked_gaussian_evidence_guarded_scalar_prune_info,104,2,44,0,44,12,32,True,53,7,46,1,35,2
reliable,marked_gaussian_evidence_guarded_scalar_prune_info,105,1,46,11,57,53,4,True,53,9,44,9,0,-2
reliable,marked_gaussian_evidence_guarded_scalar_prune_info,105,2,46,0,46,15,31,True,53,9,44,3,32,-2
reliable,marked_gaussian_evidence_guarded_scalar_prune_info,106,1,44,9,53,50,3,True,50,6,44,6,0,0
reliable,marked_gaussian_evidence_guarded_scalar_prune_info,106,2,44,0,44,15,29,True,50,6,44,2,31,0
reliable,marked_gaussian_evidence_guarded_scalar_prune_info,107,1,44,9,53,42,11,True,42,4,38,4,0,-6
reliable,marked_gaussian_evidence_guarded_scalar_prune_info,107,2,44,0,44,14,30,True,42,4,38,2,26,-6
reliable,marked_gaussian_evidence_guarded_scalar_prune_info,108,1,38,9,47,41,6,True,41,5,36,5,0,-2
reliable,marked_gaussian_evidence_guarded_scalar_prune_info,108,2,38,0,38,13,25,True,41,5,36,2,25,-2
reliable,marked_gaussian_evidence_guarded_scalar_prune_info,109,1,36,9,45,40,5,True,40,4,36,4,0,0
reliable,marked_gaussian_evidence_guarded_scalar_prune_info,109,2,36,0,36,13,23,True,40,4,36,3,26,0
reliable,marked_gaussian_evidence_guarded_scalar_prune_info,110,1,36,9,45,42,3,True,42,2,40,2,0,4
reliable,marked_gaussian_evidence_guarded_scalar_prune_info,110,2,36,0,36,10,26,True,42,2,40,1,31,4
reliable,marked_gaussian_evidence_guarded_scalar_prune_info,111,1,40,9,49,45,4,True,45,6,39,6,0,-1
reliable,marked_gaussian_evidence_guarded_scalar_prune_info,111,2,40,2,42,14,28,True,45,6,39,5,30,-1
reliable,marked_gaussian_evidence_guarded_scalar_prune_info,112,1,39,10,49,48,1,True,48,2,46,2,0,7
reliable,marked_gaussian_evidence_guarded_scalar_prune_info,112,2,39,1,40,12,28,True,48,2,46,2,36,7
reliable,marked_gaussian_evidence_guarded_scalar_prune_info,113,1,46,10,56,52,4,True,53,6,47,6,1,1
reliable,marked_gaussian_evidence_guarded_scalar_prune_info,113,2,46,2,48,17,31,True,53,6,47,4,34,1
reliable,marked_gaussian_evidence_guarded_scalar_prune_info,114,1,47,9,56,51,5,True,56,1,55,1,5,8
reliable,marked_gaussian_evidence_guarded_scalar_prune_info,114,2,47,3,50,18,32,True,56,1,55,1,38,8
reliable,marked_gaussian_evidence_guarded_scalar_prune_info,115,1,55,8,63,54,9,True,61,6,55,6,7,0
reliable,marked_gaussian_evidence_guarded_scalar_prune_info,115,2,55,3,58,23,35,True,61,6,55,4,36,0
reliable,marked_gaussian_evidence_guarded_scalar_prune_info,116,1,55,8,63,51,12,True,64,4,60,4,13,5
reliable,marked_gaussian_evidence_guarded_scalar_prune_info,116,2,55,3,58,23,35,True,64,4,60,1,38,5
reliable,marked_gaussian_evidence_guarded_scalar_prune_info,117,1,60,8,68,57,11,True,60,8,52,7,2,-8
reliable,marked_gaussian_evidence_guarded_scalar_prune_info,117,2,60,2,62,22,40,True,60,8,52,6,36,-8
reliable,marked_gaussian_evidence_guarded_scalar_prune_info,118,1,52,9,61,59,2,True,60,15,45,15,1,-7
reliable,marked_gaussian_evidence_guarded_scalar_prune_info,118,2,52,1,53,18,35,True,60,15,45,1,28,-7
reliable,marked_gaussian_evidence_guarded_scalar_prune_info,119,1,45,8,53,48,5,True,49,9,40,9,1,-5
reliable,marked_gaussian_evidence_guarded_scalar_prune_info,119,2,45,2,47,23,24,True,49,9,40,5,22,-5
reliable,marked_gaussian_evidence_guarded_scalar_prune_info,120,1,40,8,48,45,3,True,46,4,42,4,1,2
reliable,marked_gaussian_evidence_guarded_scalar_prune_info,120,2,40,2,42,21,21,True,46,4,42,4,25,2
reliable,marked_gaussian_evidence_guarded_scalar_prune_info,121,1,42,9,51,47,4,True,48,7,41,7,1,-1
reliable,marked_gaussian_evidence_guarded_scalar_prune_info,121,2,42,4,46,23,23,True,48,7,41,4,22,-1
reliable,marked_gaussian_evidence_guarded_scalar_prune_info,122,1,41,10,51,46,5,True,47,15,32,15,1,-9
reliable,marked_gaussian_evidence_guarded_scalar_prune_info,122,2,41,3,44,19,25,True,47,15,32,2,15,-9
reliable,marked_gaussian_evidence_guarded_scalar_prune_info,123,1,32,10,42,35,7,True,37,8,29,8,2,-3
reliable,marked_gaussian_evidence_guarded_scalar_prune_info,123,2,32,3,35,29,6,True,37,8,29,7,7,-3
reliable,marked_gaussian_evidence_guarded_scalar_prune_info,124,1,29,10,39,33,6,True,33,2,31,2,0,2
reliable,marked_gaussian_evidence_guarded_scalar_prune_info,124,2,29,4,33,28,5,True,33,2,31,2,5,2
reliable,marked_gaussian_evidence_guarded_scalar_prune_info,125,1,31,9,40,35,5,True,35,7,28,7,0,-3
reliable,marked_gaussian_evidence_guarded_scalar_prune_info,125,2,31,2,33,30,3,True,35,7,28,7,5,-3
reliable,marked_gaussian_evidence_guarded_scalar_prune_info,126,1,28,9,37,35,2,True,35,2,33,2,0,5
reliable,marked_gaussian_evidence_guarded_scalar_prune_info,126,2,28,2,30,24,6,True,35,2,33,1,10,5
reliable,marked_gaussian_evidence_guarded_scalar_prune_info,127,1,33,12,45,42,3,True,42,5,37,5,0,4
reliable,marked_gaussian_evidence_guarded_scalar_prune_info,127,2,33,2,35,25,10,True,42,5,37,2,14,4
reliable,marked_gaussian_evidence_guarded_scalar_prune_info,128,1,37,10,47,43,4,True,43,5,38,5,0,1
reliable,marked_gaussian_evidence_guarded_scalar_prune_info,128,2,37,1,38,18,20,True,43,5,38,2,22,1
reliable,marked_gaussian_evidence_guarded_scalar_prune_info,129,1,38,13,51,47,4,True,47,9,38,9,0,0
reliable,marked_gaussian_evidence_guarded_scalar_prune_info,129,2,38,1,39,16,23,True,47,9,38,3,25,0
reliable,marked_gaussian_evidence_guarded_scalar_prune_info,130,1,38,11,49,45,4,True,45,5,40,5,0,2
reliable,marked_gaussian_evidence_guarded_scalar_prune_info,130,2,38,2,40,17,23,True,45,5,40,5,28,2
reliable,marked_gaussian_evidence_guarded_scalar_prune_info,131,1,40,13,53,51,2,True,51,5,46,5,0,6
reliable,marked_gaussian_evidence_guarded_scalar_prune_info,131,2,40,1,41,14,27,True,51,5,46,3,35,6
reliable,marked_gaussian_evidence_guarded_scalar_prune_info,132,1,46,13,59,55,4,True,55,5,50,5,0,4
reliable,marked_gaussian_evidence_guarded_scalar_prune_info,132,2,46,1,47,17,30,True,55,5,50,4,37,4
reliable,marked_gaussian_evidence_guarded_scalar_prune_info,133,1,50,13,63,58,5,True,58,4,54,4,0,4
reliable,marked_gaussian_evidence_guarded_scalar_prune_info,133,2,50,0,50,14,36,True,58,4,54,2,42,4
reliable,marked_gaussian_evidence_guarded_scalar_prune_info,134,1,54,13,67,52,15,True,52,4,48,4,0,-6
reliable,marked_gaussian_evidence_guarded_scalar_prune_info,134,2,54,0,54,14,40,True,52,4,48,3,37,-6
reliable,marked_gaussian_evidence_guarded_scalar_prune_info,135,1,48,12,60,57,3,True,57,8,49,8,0,1
reliable,marked_gaussian_evidence_guarded_scalar_prune_info,135,2,48,1,49,16,33,True,57,8,49,4,37,1
reliable,marked_gaussian_evidence_guarded_scalar_prune_info,136,1,49,12,61,56,5,True,56,10,46,10,0,-3
reliable,marked_gaussian_evidence_guarded_scalar_prune_info,136,2,49,1,50,15,35,True,56,10,46,4,35,-3
reliable,marked_gaussian_evidence_guarded_scalar_prune_info,137,1,46,13,59,46,13,True,46,9,37,9,0,-9
reliable,marked_gaussian_evidence_guarded_scalar_prune_info,137,2,46,0,46,14,32,True,46,9,37,3,26,-9
reliable,marked_gaussian_evidence_guarded_scalar_prune_info,138,1,37,11,48,42,6,True,44,7,37,7,2,0
reliable,marked_gaussian_evidence_guarded_scalar_prune_info,138,2,37,3,40,18,22,True,44,7,37,5,24,0
reliable,marked_gaussian_evidence_guarded_scalar_prune_info,139,1,37,12,49,45,4,True,46,5,41,5,1,4
reliable,marked_gaussian_evidence_guarded_scalar_prune_info,139,2,37,3,40,27,13,True,46,5,41,5,19,4
reliable,marked_gaussian_evidence_guarded_scalar_prune_info,140,1,41,11,52,46,6,True,49,3,46,3,3,5
reliable,marked_gaussian_evidence_guarded_scalar_prune_info,140,2,41,3,44,28,16,True,49,3,46,3,21,5
reliable,marked_gaussian_evidence_guarded_scalar_prune_info,141,1,46,13,59,52,7,True,52,3,49,3,0,3
reliable,marked_gaussian_evidence_guarded_scalar_prune_info,141,2,46,2,48,28,20,True,52,3,49,3,24,3
reliable,marked_gaussian_evidence_guarded_scalar_prune_info,142,1,49,13,62,59,3,True,59,4,55,4,0,6
reliable,marked_gaussian_evidence_guarded_scalar_prune_info,142,2,49,2,51,29,22,True,59,4,55,3,29,6
reliable,marked_gaussian_evidence_guarded_scalar_prune_info,143,1,55,12,67,63,4,True,63,9,54,9,0,-1
reliable,marked_gaussian_evidence_guarded_scalar_prune_info,143,2,55,1,56,19,37,True,63,9,54,6,41,-1
reliable,marked_gaussian_evidence_guarded_scalar_prune_info,144,1,54,12,66,63,3,True,63,9,54,9,0,0
reliable,marked_gaussian_evidence_guarded_scalar_prune_info,144,2,54,2,56,17,39,True,63,9,54,3,40,0
reliable,marked_gaussian_evidence_guarded_scalar_prune_info,145,1,54,13,67,63,4,True,63,6,57,6,0,3
reliable,marked_gaussian_evidence_guarded_scalar_prune_info,145,2,54,2,56,19,37,True,63,6,57,5,43,3
reliable,marked_gaussian_evidence_guarded_scalar_prune_info,146,1,57,14,71,68,3,True,68,6,62,6,0,5
reliable,marked_gaussian_evidence_guarded_scalar_prune_info,146,2,57,2,59,16,43,True,68,6,62,3,49,5
reliable,marked_gaussian_evidence_guarded_scalar_prune_info,147,1,62,14,76,72,4,True,72,8,64,8,0,2
reliable,marked_gaussian_evidence_guarded_scalar_prune_info,147,2,62,2,64,35,29,True,72,8,64,7,36,2
reliable,marked_gaussian_evidence_guarded_scalar_prune_info,148,1,64,14,78,75,3,True,75,4,71,4,0,7
reliable,marked_gaussian_evidence_guarded_scalar_prune_info,148,2,64,3,67,40,27,True,75,4,71,4,35,7
reliable,marked_gaussian_evidence_guarded_scalar_prune_info,149,1,71,14,85,81,4,True,81,5,76,5,0,5
reliable,marked_gaussian_evidence_guarded_scalar_prune_info,149,2,71,4,75,42,33,True,81,5,76,5,39,5
reliable,marked_gaussian_evidence_guarded_scalar_prune_info,150,1,76,13,89,86,3,True,87,3,84,3,1,8
reliable,marked_gaussian_evidence_guarded_scalar_prune_info,150,2,76,2,78,32,46,True,87,3,84,3,55,8
reliable,marked_gaussian_evidence_guarded_scalar_prune_info,151,1,84,14,98,94,4,True,94,7,87,7,0,3
reliable,marked_gaussian_evidence_guarded_scalar_prune_info,151,2,84,3,87,25,62,True,94,7,87,4,66,3
reliable,marked_gaussian_evidence_guarded_scalar_prune_info,152,1,87,15,102,98,4,True,98,8,90,8,0,3
reliable,marked_gaussian_evidence_guarded_scalar_prune_info,152,2,87,5,92,35,57,True,98,8,90,5,60,3
reliable,marked_gaussian_evidence_guarded_scalar_prune_info,153,1,90,14,104,98,6,True,98,11,87,11,0,-3
reliable,marked_gaussian_evidence_guarded_scalar_prune_info,153,2,90,5,95,33,62,True,98,11,87,8,62,-3
reliable,marked_gaussian_evidence_guarded_scalar_prune_info,154,1,87,15,102,96,6,True,97,12,85,12,1,-2
reliable,marked_gaussian_evidence_guarded_scalar_prune_info,154,2,87,5,92,62,30,True,97,12,85,8,31,-2
reliable,marked_gaussian_evidence_guarded_scalar_prune_info,155,1,85,14,99,94,5,True,95,20,75,20,1,-10
reliable,marked_gaussian_evidence_guarded_scalar_prune_info,155,2,85,6,91,26,65,True,95,20,75,8,57,-10
reliable,marked_gaussian_evidence_guarded_scalar_prune_info,156,1,75,14,89,85,4,True,87,11,76,11,2,1
reliable,marked_gaussian_evidence_guarded_scalar_prune_info,156,2,75,4,79,23,56,True,87,11,76,5,58,1
reliable,marked_gaussian_evidence_guarded_scalar_prune_info,157,1,76,15,91,85,6,True,88,11,77,11,3,1
reliable,marked_gaussian_evidence_guarded_scalar_prune_info,157,2,76,5,81,27,54,True,88,11,77,7,57,1
reliable,marked_gaussian_evidence_guarded_scalar_prune_info,158,1,77,14,91,68,23,True,70,9,61,9,2,-16
reliable,marked_gaussian_evidence_guarded_scalar_prune_info,158,2,77,6,83,27,56,True,70,9,61,7,41,-16
reliable,marked_gaussian_evidence_guarded_scalar_prune_info,159,1,61,14,75,68,7,True,72,8,64,8,4,3
reliable,marked_gaussian_evidence_guarded_scalar_prune_info,159,2,61,4,65,27,38,True,72,8,64,6,43,3
reliable,marked_gaussian_evidence_guarded_scalar_prune_info,160,1,64,13,77,70,7,True,70,11,59,11,0,-5
reliable,marked_gaussian_evidence_guarded_scalar_prune_info,160,2,64,3,67,21,46,True,70,11,59,5,43,-5
reliable,marked_gaussian_evidence_guarded_scalar_prune_info,161,1,59,13,72,68,4,True,68,4,64,4,0,5
reliable,marked_gaussian_evidence_guarded_scalar_prune_info,161,2,59,2,61,19,42,True,68,4,64,4,49,5
reliable,marked_gaussian_evidence_guarded_scalar_prune_info,162,1,64,14,78,68,10,True,68,10,58,10,0,-6
reliable,marked_gaussian_evidence_guarded_scalar_prune_info,162,2,64,2,66,22,44,True,68,10,58,6,42,-6
reliable,marked_gaussian_evidence_guarded_scalar_prune_info,163,1,58,12,70,66,4,True,66,10,56,10,0,-2
reliable,marked_gaussian_evidence_guarded_scalar_prune_info,163,2,58,2,60,21,39,True,66,10,56,4,39,-2
reliable,marked_gaussian_evidence_guarded_scalar_prune_info,164,1,56,11,67,63,4,True,63,6,57,6,0,1
reliable,marked_gaussian_evidence_guarded_scalar_prune_info,164,2,56,2,58,21,37,True,63,6,57,5,41,1
reliable,marked_gaussian_evidence_guarded_scalar_prune_info,165,1,57,12,69,66,3,True,66,7,59,7,0,2
reliable,marked_gaussian_evidence_guarded_scalar_prune_info,165,2,57,2,59,20,39,True,66,7,59,4,43,2
reliable,marked_gaussian_evidence_guarded_scalar_prune_info,166,1,59,12,71,67,4,True,68,8,60,8,1,1
reliable,marked_gaussian_evidence_guarded_scalar_prune_info,166,2,59,3,62,22,40,True,68,8,60,5,43,1
reliable,marked_gaussian_evidence_guarded_scalar_prune_info,167,1,60,11,71,68,3,True,70,7,63,7,2,3
reliable,marked_gaussian_evidence_guarded_scalar_prune_info,167,2,60,5,65,24,41,True,70,7,63,5,44,3
reliable,marked_gaussian_evidence_guarded_scalar_prune_info,168,1,63,10,73,66,7,True,69,15,54,15,3,-9
reliable,marked_gaussian_evidence_guarded_scalar_prune_info,168,2,63,4,67,26,41,True,69,15,54,7,35,-9
reliable,marked_gaussian_evidence_guarded_scalar_prune_info,169,1,54,10,64,58,6,True,63,8,55,8,5,1
reliable,marked_gaussian_evidence_guarded_scalar_prune_info,169,2,54,4,58,25,33,True,63,8,55,4,34,1
reliable,marked_gaussian_evidence_guarded_scalar_prune_info,170,1,55,10,65,58,7,True,62,9,53,9,4,-2
reliable,marked_gaussian_evidence_guarded_scalar_prune_info,170,2,55,3,58,22,36,True,62,9,53,5,36,-2
reliable,marked_gaussian_evidence_guarded_scalar_prune_info,171,1,53,10,63,55,8,True,62,5,57,5,7,4
reliable,marked_gaussian_evidence_guarded_scalar_prune_info,171,2,53,3,56,21,35,True,62,5,57,3,39,4
reliable,marked_gaussian_evidence_guarded_scalar_prune_info,172,1,57,10,67,58,9,True,58,7,51,7,0,-6
reliable,marked_gaussian_evidence_guarded_scalar_prune_info,172,2,57,3,60,27,33,True,58,7,51,7,31,-6
reliable,marked_gaussian_evidence_guarded_scalar_prune_info,173,1,51,11,62,60,2,True,61,3,58,3,1,7
reliable,marked_gaussian_evidence_guarded_scalar_prune_info,173,2,51,4,55,30,25,True,61,3,58,3,31,7
reliable,marked_gaussian_evidence_guarded_scalar_prune_info,174,1,58,11,69,52,17,True,52,10,42,10,0,-16
reliable,marked_gaussian_evidence_guarded_scalar_prune_info,174,2,58,7,65,33,32,True,52,10,42,10,19,-16
reliable,marked_gaussian_evidence_guarded_scalar_prune_info,175,1,42,10,52,50,2,True,51,9,42,9,1,0
reliable,marked_gaussian_evidence_guarded_scalar_prune_info,175,2,42,6,48,32,16,True,51,9,42,9,19,0
reliable,marked_gaussian_evidence_guarded_scalar_prune_info,176,1,42,9,51,45,6,True,45,7,38,7,0,-4
reliable,marked_gaussian_evidence_guarded_scalar_prune_info,176,2,42,4,46,27,19,True,45,7,38,7,18,-4
reliable,marked_gaussian_evidence_guarded_scalar_prune_info,177,1,38,11,49,48,1,True,49,4,45,4,1,7
reliable,marked_gaussian_evidence_guarded_scalar_prune_info,177,2,38,5,43,23,20,True,49,4,45,4,26,7
reliable,marked_gaussian_evidence_guarded_scalar_prune_info,178,1,45,10,55,49,6,True,49,7,42,7,0,-3
reliable,marked_gaussian_evidence_guarded_scalar_prune_info,178,2,45,4,49,21,28,True,49,7,42,6,27,-3
reliable,marked_gaussian_evidence_guarded_scalar_prune_info,179,1,42,10,52,49,3,True,49,5,44,5,0,2
reliable,marked_gaussian_evidence_guarded_scalar_prune_info,179,2,42,4,46,15,31,True,49,5,44,3,32,2
reliable,marked_gaussian_evidence_guarded_scalar_prune_info,180,1,44,10,54,48,6,True,48,9,39,9,0,-5
reliable,marked_gaussian_evidence_guarded_scalar_prune_info,180,2,44,2,46,17,29,True,48,9,39,5,27,-5
reliable,marked_gaussian_evidence_guarded_scalar_prune_info,181,1,39,11,50,49,1,True,50,1,49,1,1,10
reliable,marked_gaussian_evidence_guarded_scalar_prune_info,181,2,39,4,43,16,27,True,50,1,49,1,34,10
reliable,marked_gaussian_evidence_guarded_scalar_prune_info,182,1,49,10,59,52,7,True,53,10,43,10,1,-6
reliable,marked_gaussian_evidence_guarded_scalar_prune_info,182,2,49,4,53,22,31,True,53,10,43,8,29,-6
reliable,marked_gaussian_evidence_guarded_scalar_prune_info,183,1,43,11,54,53,1,True,53,5,48,5,0,5
reliable,marked_gaussian_evidence_guarded_scalar_prune_info,183,2,43,3,46,14,32,True,53,5,48,3,37,5
reliable,marked_gaussian_evidence_guarded_scalar_prune_info,184,1,48,12,60,57,3,True,58,7,51,7,1,3
reliable,marked_gaussian_evidence_guarded_scalar_prune_info,184,2,48,3,51,22,29,True,58,7,51,4,33,3
reliable,marked_gaussian_evidence_guarded_scalar_prune_info,185,1,51,11,62,51,11,True,51,9,42,9,0,-9
reliable,marked_gaussian_evidence_guarded_scalar_prune_info,185,2,51,4,55,20,35,True,51,9,42,6,28,-9
reliable,marked_gaussian_evidence_guarded_scalar_prune_info,186,1,42,9,51,47,4,True,47,6,41,6,0,-1
reliable,marked_gaussian_evidence_guarded_scalar_prune_info,186,2,42,3,45,21,24,True,47,6,41,6,26,-1
reliable,marked_gaussian_evidence_guarded_scalar_prune_info,187,1,41,10,51,49,2,True,50,2,48,2,1,7
reliable,marked_gaussian_evidence_guarded_scalar_prune_info,187,2,41,4,45,45,0,True,50,2,48,2,5,7
reliable,marked_gaussian_evidence_guarded_scalar_prune_info,188,1,48,9,57,51,6,True,52,8,44,8,1,-4
reliable,marked_gaussian_evidence_guarded_scalar_prune_info,188,2,48,5,53,50,3,True,52,8,44,8,2,-4
reliable,marked_gaussian_evidence_guarded_scalar_prune_info,189,1,44,9,53,51,2,True,52,4,48,4,1,4
reliable,marked_gaussian_evidence_guarded_scalar_prune_info,189,2,44,6,50,48,2,True,52,4,48,4,4,4
reliable,marked_gaussian_evidence_guarded_scalar_prune_info,190,1,48,10,58,55,3,True,55,7,48,7,0,0
reliable,marked_gaussian_evidence_guarded_scalar_prune_info,190,2,48,4,52,45,7,True,55,7,48,6,9,0
reliable,marked_gaussian_evidence_guarded_scalar_prune_info,191,1,48,10,58,56,2,True,59,9,50,9,3,2
reliable,marked_gaussian_evidence_guarded_scalar_prune_info,191,2,48,6,54,46,8,True,59,9,50,7,11,2
reliable,marked_gaussian_evidence_guarded_scalar_prune_info,192,1,50,11,61,55,6,True,56,10,46,10,1,-4
reliable,marked_gaussian_evidence_guarded_scalar_prune_info,192,2,50,6,56,46,10,True,56,10,46,10,10,-4
reliable,marked_gaussian_evidence_guarded_scalar_prune_info,193,1,46,9,55,50,5,True,54,3,51,3,4,5
reliable,marked_gaussian_evidence_guarded_scalar_prune_info,193,2,46,5,51,48,3,True,54,3,51,3,6,5
reliable,marked_gaussian_evidence_guarded_scalar_prune_info,194,1,51,10,61,54,7,True,58,2,56,2,4,5
reliable,marked_gaussian_evidence_guarded_scalar_prune_info,194,2,51,4,55,33,22,True,58,2,56,2,25,5
reliable,marked_gaussian_evidence_guarded_scalar_prune_info,195,1,56,10,66,54,12,True,56,11,45,11,2,-11
reliable,marked_gaussian_evidence_guarded_scalar_prune_info,195,2,56,2,58,24,34,True,56,11,45,9,30,-11
reliable,marked_gaussian_evidence_guarded_scalar_prune_info,196,1,45,9,54,50,4,True,55,5,50,5,5,5
reliable,marked_gaussian_evidence_guarded_scalar_prune_info,196,2,45,3,48,18,30,True,55,5,50,2,34,5
reliable,marked_gaussian_evidence_guarded_scalar_prune_info,197,1,50,11,61,51,10,True,51,9,42,9,0,-8
reliable,marked_gaussian_evidence_guarded_scalar_prune_info,197,2,50,3,53,19,34,True,51,9,42,7,30,-8
reliable,marked_gaussian_evidence_guarded_scalar_prune_info,198,1,42,8,50,49,1,True,51,2,49,2,2,7
reliable,marked_gaussian_evidence_guarded_scalar_prune_info,198,2,42,3,45,15,30,True,51,2,49,0,34,7
reliable,marked_gaussian_evidence_guarded_scalar_prune_info,199,1,49,11,60,54,6,True,55,7,48,7,1,-1
reliable,marked_gaussian_evidence_guarded_scalar_prune_info,199,2,49,3,52,22,30,True,55,7,48,6,32,-1
reliable,marked_gaussian_evidence_guarded_scalar_prune_info,200,1,48,11,59,57,2,True,58,7,51,7,1,3
reliable,marked_gaussian_evidence_guarded_scalar_prune_info,200,2,48,3,51,20,31,True,58,7,51,4,35,3
reliable,marked_gaussian_evidence_guarded_scalar_prune_info,201,1,51,12,63,60,3,True,60,6,54,6,0,3
reliable,marked_gaussian_evidence_guarded_scalar_prune_info,201,2,51,2,53,21,32,True,60,6,54,4,37,3
reliable,marked_gaussian_evidence_guarded_scalar_prune_info,202,1,54,12,66,62,4,True,63,6,57,6,1,3
reliable,marked_gaussian_evidence_guarded_scalar_prune_info,202,2,54,2,56,24,32,True,63,6,57,4,37,3
reliable,marked_gaussian_evidence_guarded_scalar_prune_info,203,1,57,11,68,59,9,True,60,11,49,11,1,-8
reliable,marked_gaussian_evidence_guarded_scalar_prune_info,203,2,57,4,61,24,37,True,60,11,49,8,33,-8
reliable,marked_gaussian_evidence_guarded_scalar_prune_info,204,1,49,10,59,57,2,True,60,4,56,4,3,7
reliable,marked_gaussian_evidence_guarded_scalar_prune_info,204,2,49,3,52,23,29,True,60,4,56,2,35,7
reliable,marked_gaussian_evidence_guarded_scalar_prune_info,205,1,56,10,66,59,7,True,60,12,48,12,1,-8
reliable,marked_gaussian_evidence_guarded_scalar_prune_info,205,2,56,3,59,27,32,True,60,12,48,9,30,-8
reliable,marked_gaussian_evidence_guarded_scalar_prune_info,206,1,48,10,58,56,2,True,60,3,57,3,4,9
reliable,marked_gaussian_evidence_guarded_scalar_prune_info,206,2,48,4,52,20,32,True,60,3,57,2,39,9
reliable,marked_gaussian_evidence_guarded_scalar_prune_info,207,1,57,10,67,57,10,True,61,10,51,10,4,-6
reliable,marked_gaussian_evidence_guarded_scalar_prune_info,207,2,57,4,61,29,32,True,61,10,51,8,30,-6
reliable,marked_gaussian_evidence_guarded_scalar_prune_info,208,1,51,10,61,55,6,True,60,4,56,4,5,5
reliable,marked_gaussian_evidence_guarded_scalar_prune_info,208,2,51,3,54,21,33,True,60,4,56,2,37,5
reliable,marked_gaussian_evidence_guarded_scalar_prune_info,209,1,56,10,66,56,10,True,59,10,49,10,3,-7
reliable,marked_gaussian_evidence_guarded_scalar_prune_info,209,2,56,3,59,29,30,True,59,10,49,9,29,-7
reliable,marked_gaussian_evidence_guarded_scalar_prune_info,210,1,49,10,59,57,2,True,60,5,55,5,3,6
reliable,marked_gaussian_evidence_guarded_scalar_prune_info,210,2,49,5,54,26,28,True,60,5,55,3,32,6
reliable,marked_gaussian_evidence_guarded_scalar_prune_info,211,1,55,10,65,54,11,True,58,10,48,10,4,-7
reliable,marked_gaussian_evidence_guarded_scalar_prune_info,211,2,55,4,59,30,29,True,58,10,48,9,27,-7
reliable,marked_gaussian_evidence_guarded_scalar_prune_info,212,1,48,10,58,54,4,True,54,4,50,4,0,2
reliable,marked_gaussian_evidence_guarded_scalar_prune_info,212,2,48,3,51,20,31,True,54,4,50,3,33,2
reliable,marked_gaussian_evidence_guarded_scalar_prune_info,213,1,50,11,61,56,5,True,56,6,50,6,0,0
reliable,marked_gaussian_evidence_guarded_scalar_prune_info,213,2,50,2,52,33,19,True,56,6,50,6,23,0
reliable,marked_gaussian_evidence_guarded_scalar_prune_info,214,1,50,12,62,59,3,True,59,4,55,4,0,5
reliable,marked_gaussian_evidence_guarded_scalar_prune_info,214,2,50,3,53,32,21,True,59,4,55,4,27,5
reliable,marked_gaussian_evidence_guarded_scalar_prune_info,215,1,55,11,66,62,4,True,62,6,56,6,0,1
reliable,marked_gaussian_evidence_guarded_scalar_prune_info,215,2,55,4,59,37,22,True,62,6,56,6,25,1
reliable,marked_gaussian_evidence_guarded_scalar_prune_info,216,1,56,10,66,57,9,True,62,12,50,12,5,-6
reliable,marked_gaussian_evidence_guarded_scalar_prune_info,216,2,56,4,60,25,35,True,62,12,50,6,31,-6
reliable,marked_gaussian_evidence_guarded_scalar_prune_info,217,1,50,9,59,50,9,True,55,9,46,9,5,-4
reliable,marked_gaussian_evidence_guarded_scalar_prune_info,217,2,50,4,54,25,29,True,55,9,46,7,28,-4
reliable,marked_gaussian_evidence_guarded_scalar_prune_info,218,1,46,9,55,47,8,True,48,5,43,5,1,-3
reliable,marked_gaussian_evidence_guarded_scalar_prune_info,218,2,46,3,49,18,31,True,48,5,43,4,29,-3
reliable,marked_gaussian_evidence_guarded_scalar_prune_info,219,1,43,8,51,48,3,True,48,6,42,6,0,-1
reliable,marked_gaussian_evidence_guarded_scalar_prune_info,219,2,43,3,46,18,28,True,48,6,42,5,29,-1
reliable,marked_gaussian_evidence_guarded_scalar_prune_info,220,1,42,8,50,46,4,True,48,4,44,4,2,2
reliable,marked_gaussian_evidence_guarded_scalar_prune_info,220,2,42,4,46,17,29,True,48,4,44,3,30,2
reliable,marked_gaussian_evidence_guarded_scalar_prune_info,221,1,44,8,52,49,3,True,51,5,46,5,2,2
reliable,marked_gaussian_evidence_guarded_scalar_prune_info,221,2,44,3,47,20,27,True,51,5,46,4,30,2
reliable,marked_gaussian_evidence_guarded_scalar_prune_info,222,1,46,8,54,50,4,True,50,8,42,8,0,-4
reliable,marked_gaussian_evidence_guarded_scalar_prune_info,222,2,46,3,49,18,31,True,50,8,42,6,30,-4
reliable,marked_gaussian_evidence_guarded_scalar_prune_info,223,1,42,8,50,48,2,True,49,5,44,5,1,2
reliable,marked_gaussian_evidence_guarded_scalar_prune_info,223,2,42,2,44,16,28,True,49,5,44,3,31,2
reliable,marked_gaussian_evidence_guarded_scalar_prune_info,224,1,44,9,53,50,3,True,50,8,42,8,0,-2
reliable,marked_gaussian_evidence_guarded_scalar_prune_info,224,2,44,2,46,17,29,True,50,8,42,5,30,-2
reliable,marked_gaussian_evidence_guarded_scalar_prune_info,225,1,42,9,51,49,2,True,50,4,46,4,1,4
reliable,marked_gaussian_evidence_guarded_scalar_prune_info,225,2,42,2,44,17,27,True,50,4,46,3,32,4
reliable,marked_gaussian_evidence_guarded_scalar_prune_info,226,1,46,9,55,52,3,True,52,7,45,7,0,-1
reliable,marked_gaussian_evidence_guarded_scalar_prune_info,226,2,46,2,48,17,31,True,52,7,45,5,33,-1
reliable,marked_gaussian_evidence_guarded_scalar_prune_info,227,1,45,9,54,52,2,True,53,5,48,5,1,3
reliable,marked_gaussian_evidence_guarded_scalar_prune_info,227,2,45,2,47,17,30,True,53,5,48,3,34,3
reliable,marked_gaussian_evidence_guarded_scalar_prune_info,228,1,48,9,57,54,3,True,54,7,47,7,0,-1
reliable,marked_gaussian_evidence_guarded_scalar_prune_info,228,2,48,2,50,18,32,True,54,7,47,5,34,-1
reliable,marked_gaussian_evidence_guarded_scalar_prune_info,229,1,47,9,56,54,2,True,55,5,50,5,1,3
reliable,marked_gaussian_evidence_guarded_scalar_prune_info,229,2,47,2,49,18,31,True,55,5,50,3,35,3
reliable,marked_gaussian_evidence_guarded_scalar_prune_info,230,1,50,9,59,56,3,True,56,7,49,7,0,-1
reliable,marked_gaussian_evidence_guarded_scalar_prune_info,230,2,50,2,52,18,34,True,56,7,49,5,36,-1
reliable,marked_gaussian_evidence_guarded_scalar_prune_info,231,1,49,9,58,56,2,True,57,5,52,5,1,3
reliable,marked_gaussian_evidence_guarded_scalar_prune_info,231,2,49,2,51,16,35,True,57,5,52,3,39,3
reliable,marked_gaussian_evidence_guarded_scalar_prune_info,232,1,52,9,61,57,4,True,58,6,52,6,1,0
reliable,marked_gaussian_evidence_guarded_scalar_prune_info,232,2,52,2,54,18,36,True,58,6,52,4,38,0
reliable,marked_gaussian_evidence_guarded_scalar_prune_info,233,1,52,9,61,58,3,True,59,5,54,5,1,2
reliable,marked_gaussian_evidence_guarded_scalar_prune_info,233,2,52,2,54,19,35,True,59,5,54,3,38,2
reliable,marked_gaussian_evidence_guarded_scalar_prune_info,234,1,54,9,63,59,4,True,60,6,54,6,1,0
reliable,marked_gaussian_evidence_guarded_scalar_prune_info,234,2,54,2,56,22,34,True,60,6,54,4,36,0
reliable,marked_gaussian_evidence_guarded_scalar_prune_info,235,1,54,9,63,60,3,True,61,5,56,5,1,2
reliable,marked_gaussian_evidence_guarded_scalar_prune_info,235,2,54,2,56,20,36,True,61,5,56,3,39,2
reliable,marked_gaussian_evidence_guarded_scalar_prune_info,236,1,56,9,65,62,3,True,62,5,57,5,0,1
reliable,marked_gaussian_evidence_guarded_scalar_prune_info,236,2,56,1,57,21,36,True,62,5,57,3,39,1
reliable,marked_gaussian_evidence_guarded_scalar_prune_info,237,1,57,8,65,61,4,True,63,4,59,4,2,2
reliable,marked_gaussian_evidence_guarded_scalar_prune_info,237,2,57,2,59,30,29,True,63,4,59,2,31,2
reliable,marked_gaussian_evidence_guarded_scalar_prune_info,238,1,59,8,67,64,3,True,64,7,57,7,0,-2
reliable,marked_gaussian_evidence_guarded_scalar_prune_info,238,2,59,3,62,27,35,True,64,7,57,5,35,-2
reliable,marked_gaussian_evidence_guarded_scalar_prune_info,239,1,57,8,65,53,12,True,62,6,56,6,9,-1
reliable,marked_gaussian_evidence_guarded_scalar_prune_info,239,2,57,2,59,31,28,True,62,6,56,4,29,-1
reliable,marked_gaussian_evidence_guarded_scalar_prune_info,240,1,56,7,63,49,14,True,49,6,43,6,0,-13
reliable,marked_gaussian_evidence_guarded_scalar_prune_info,240,2,56,3,59,17,42,True,49,6,43,4,30,-13
reliable,marked_lineage_prune_info,1,1,0,0,0,0,0,True,0,0,0,0,0,0
reliable,marked_lineage_prune_info,1,2,0,0,0,0,0,True,0,0,0,0,0,0
reliable,marked_lineage_prune_info,2,1,0,9,9,9,0,True,9,0,9,0,0,9
reliable,marked_lineage_prune_info,2,2,0,1,1,1,0,True,9,0,9,0,8,9
reliable,marked_lineage_prune_info,3,1,9,10,19,19,0,True,19,0,19,0,0,10
reliable,marked_lineage_prune_info,3,2,9,0,9,7,2,True,19,0,19,0,12,10
reliable,marked_lineage_prune_info,4,1,19,9,28,26,2,True,26,0,26,0,0,7
reliable,marked_lineage_prune_info,4,2,19,0,19,15,4,True,26,0,26,0,11,7
reliable,marked_lineage_prune_info,5,1,26,9,35,32,3,True,32,1,31,1,0,5
reliable,marked_lineage_prune_info,5,2,26,0,26,21,5,True,32,1,31,1,11,5
reliable,marked_lineage_prune_info,6,1,31,9,40,38,2,True,38,1,37,1,0,6
reliable,marked_lineage_prune_info,6,2,31,0,31,25,6,True,38,1,37,1,13,6
reliable,marked_lineage_prune_info,7,1,37,9,46,44,2,True,44,0,44,0,0,7
reliable,marked_lineage_prune_info,7,2,37,0,37,25,12,True,44,0,44,0,19,7
reliable,marked_lineage_prune_info,8,1,44,10,54,51,3,True,51,1,50,1,0,6
reliable,marked_lineage_prune_info,8,2,44,0,44,25,19,True,51,1,50,1,26,6
reliable,marked_lineage_prune_info,9,1,50,9,59,57,2,True,57,2,55,2,0,5
reliable,marked_lineage_prune_info,9,2,50,1,51,27,24,True,57,2,55,1,29,5
reliable,marked_lineage_prune_info,10,1,55,10,65,62,3,True,62,4,58,4,0,3
reliable,marked_lineage_prune_info,10,2,55,1,56,28,28,True,62,4,58,1,31,3
reliable,marked_lineage_prune_info,11,1,58,10,68,61,7,True,61,8,53,8,0,-5
reliable,marked_lineage_prune_info,11,2,58,1,59,30,29,True,61,8,53,6,29,-5
reliable,marked_lineage_prune_info,12,1,53,10,63,56,7,True,57,8,49,8,1,-4
reliable,marked_lineage_prune_info,12,2,53,2,55,25,30,True,57,8,49,6,30,-4
reliable,marked_lineage_prune_info,13,1,49,10,59,54,5,True,54,3,51,3,0,2
reliable,marked_lineage_prune_info,13,2,49,0,49,21,28,True,54,3,51,3,33,2
reliable,marked_lineage_prune_info,14,1,51,10,61,52,9,True,53,3,50,3,1,-1
reliable,marked_lineage_prune_info,14,2,51,0,51,20,31,True,53,3,50,2,32,-1
reliable,marked_lineage_prune_info,15,1,50,9,59,50,9,True,50,5,45,5,0,-5
reliable,marked_lineage_prune_info,15,2,50,0,50,18,32,True,50,5,45,4,31,-5
reliable,marked_lineage_prune_info,16,1,45,9,54,50,4,True,50,3,47,3,0,2
reliable,marked_lineage_prune_info,16,2,45,0,45,11,34,True,50,3,47,2,38,2
reliable,marked_lineage_prune_info,17,1,47,11,58,56,2,True,56,2,54,2,0,7
reliable,marked_lineage_prune_info,17,2,47,0,47,11,36,True,56,2,54,1,44,7
reliable,marked_lineage_prune_info,18,1,54,10,64,61,3,True,61,7,54,7,0,0
reliable,marked_lineage_prune_info,18,2,54,0,54,13,41,True,61,7,54,2,43,0
reliable,marked_lineage_prune_info,19,1,54,10,64,61,3,True,61,14,47,14,0,-7
reliable,marked_lineage_prune_info,19,2,54,0,54,13,41,True,61,14,47,1,35,-7
reliable,marked_lineage_prune_info,20,1,47,10,57,53,4,True,53,4,49,4,0,2
reliable,marked_lineage_prune_info,20,2,47,0,47,15,32,True,53,4,49,0,34,2
reliable,marked_lineage_prune_info,21,1,49,10,59,53,6,True,53,7,46,7,0,-3
reliable,marked_lineage_prune_info,21,2,49,0,49,15,34,True,53,7,46,5,36,-3
reliable,marked_lineage_prune_info,22,1,46,10,56,55,1,True,55,3,52,3,0,6
reliable,marked_lineage_prune_info,22,2,46,0,46,10,36,True,55,3,52,1,43,6
reliable,marked_lineage_prune_info,23,1,52,10,62,53,9,True,53,9,44,9,0,-8
reliable,marked_lineage_prune_info,23,2,52,0,52,12,40,True,53,9,44,0,32,-8
reliable,marked_lineage_prune_info,24,1,44,10,54,46,8,True,46,4,42,4,0,-2
reliable,marked_lineage_prune_info,24,2,44,0,44,13,31,True,46,4,42,0,29,-2
reliable,marked_lineage_prune_info,25,1,42,9,51,44,7,True,44,4,40,4,0,-2
reliable,marked_lineage_prune_info,25,2,42,0,42,15,27,True,44,4,40,0,25,-2
reliable,marked_lineage_prune_info,26,1,40,8,48,41,7,True,42,9,33,9,1,-7
reliable,marked_lineage_prune_info,26,2,40,0,40,15,25,True,42,9,33,5,23,-7
reliable,marked_lineage_prune_info,27,1,33,9,42,39,3,True,40,4,36,4,1,3
reliable,marked_lineage_prune_info,27,2,33,0,33,10,23,True,40,4,36,2,28,3
reliable,marked_lineage_prune_info,28,1,36,7,43,39,4,True,40,5,35,4,0,-1
reliable,marked_lineage_prune_info,28,2,36,0,36,11,25,True,40,5,35,1,25,-1
reliable,marked_lineage_prune_info,29,1,35,8,43,39,4,True,39,3,36,3,0,1
reliable,marked_lineage_prune_info,29,2,35,0,35,11,24,True,39,3,36,0,25,1
reliable,marked_lineage_prune_info,30,1,36,8,44,40,4,True,40,8,32,8,0,-4
reliable,marked_lineage_prune_info,30,2,36,0,36,11,25,True,40,8,32,2,23,-4
reliable,marked_lineage_prune_info,31,1,32,10,42,40,2,True,40,4,36,4,0,4
reliable,marked_lineage_prune_info,31,2,32,0,32,10,22,True,40,4,36,1,27,4
reliable,marked_lineage_prune_info,32,1,36,9,45,42,3,True,42,4,38,4,0,2
reliable,marked_lineage_prune_info,32,2,36,0,36,13,23,True,42,4,38,0,25,2
reliable,marked_lineage_prune_info,33,1,38,10,48,44,4,True,44,4,40,4,0,2
reliable,marked_lineage_prune_info,33,2,38,0,38,16,22,True,44,4,40,1,25,2
reliable,marked_lineage_prune_info,34,1,40,9,49,46,3,True,46,6,40,6,0,0
reliable,marked_lineage_prune_info,34,2,40,0,40,17,23,True,46,6,40,2,25,0
reliable,marked_lineage_prune_info,35,1,40,10,50,47,3,True,47,4,43,4,0,3
reliable,marked_lineage_prune_info,35,2,40,0,40,18,22,True,47,4,43,0,25,3
reliable,marked_lineage_prune_info,36,1,43,9,52,44,8,True,44,6,38,6,0,-5
reliable,marked_lineage_prune_info,36,2,43,0,43,21,22,True,44,6,38,3,20,-5
reliable,marked_lineage_prune_info,37,1,38,9,47,43,4,True,43,3,40,3,0,2
reliable,marked_lineage_prune_info,37,2,38,0,38,18,20,True,43,3,40,1,23,2
reliable,marked_lineage_prune_info,38,1,40,10,50,42,8,True,43,9,34,8,0,-6
reliable,marked_lineage_prune_info,38,2,40,0,40,19,21,True,43,9,34,6,21,-6
reliable,marked_lineage_prune_info,39,1,34,10,44,41,3,True,41,4,37,4,0,3
reliable,marked_lineage_prune_info,39,2,34,0,34,13,21,True,41,4,37,2,26,3
reliable,marked_lineage_prune_info,40,1,37,10,47,43,4,True,43,3,40,3,0,3
reliable,marked_lineage_prune_info,40,2,37,0,37,14,23,True,43,3,40,0,26,3
reliable,marked_lineage_prune_info,41,1,40,10,50,43,7,True,43,7,36,7,0,-4
reliable,marked_lineage_prune_info,41,2,40,0,40,16,24,True,43,7,36,3,23,-4
reliable,marked_lineage_prune_info,42,1,36,10,46,41,5,True,41,6,35,6,0,-1
reliable,marked_lineage_prune_info,42,2,36,0,36,13,23,True,41,6,35,4,26,-1
reliable,marked_lineage_prune_info,43,1,35,10,45,43,2,True,43,3,40,3,0,5
reliable,marked_lineage_prune_info,43,2,35,0,35,10,25,True,43,3,40,0,30,5
reliable,marked_lineage_prune_info,44,1,40,10,50,44,6,True,44,3,41,3,0,1
reliable,marked_lineage_prune_info,44,2,40,1,41,15,26,True,44,3,41,1,27,1
reliable,marked_lineage_prune_info,45,1,41,11,52,46,6,True,46,5,41,5,0,0
reliable,marked_lineage_prune_info,45,2,41,0,41,14,27,True,46,5,41,1,28,0
reliable,marked_lineage_prune_info,46,1,41,10,51,46,5,True,46,5,41,5,0,0
reliable,marked_lineage_prune_info,46,2,41,0,41,13,28,True,46,5,41,2,30,0
reliable,marked_lineage_prune_info,47,1,41,10,51,47,4,True,47,5,42,5,0,1
reliable,marked_lineage_prune_info,47,2,41,0,41,12,29,True,47,5,42,1,31,1
reliable,marked_lineage_prune_info,48,1,42,10,52,47,5,True,47,3,44,3,0,2
reliable,marked_lineage_prune_info,48,2,42,0,42,15,27,True,47,3,44,0,29,2
reliable,marked_lineage_prune_info,49,1,44,10,54,48,6,True,48,3,45,3,0,1
reliable,marked_lineage_prune_info,49,2,44,0,44,15,29,True,48,3,45,1,31,1
reliable,marked_lineage_prune_info,50,1,45,10,55,50,5,True,50,6,44,6,0,-1
reliable,marked_lineage_prune_info,50,2,45,0,45,15,30,True,50,6,44,2,31,-1
reliable,marked_lineage_prune_info,51,1,44,10,54,50,4,True,51,5,46,5,1,2
reliable,marked_lineage_prune_info,51,2,44,1,45,14,31,True,51,5,46,0,32,2
reliable,marked_lineage_prune_info,52,1,46,10,56,49,7,True,49,6,43,6,0,-3
reliable,marked_lineage_prune_info,52,2,46,0,46,14,32,True,49,6,43,0,29,-3
reliable,marked_lineage_prune_info,53,1,43,10,53,39,14,True,39,5,34,5,0,-9
reliable,marked_lineage_prune_info,53,2,43,0,43,14,29,True,39,5,34,1,21,-9
reliable,marked_lineage_prune_info,54,1,34,10,44,40,4,True,40,7,33,7,0,-1
reliable,marked_lineage_prune_info,54,2,34,0,34,15,19,True,40,7,33,3,21,-1
reliable,marked_lineage_prune_info,55,1,33,11,44,39,5,True,39,5,34,5,0,1
reliable,marked_lineage_prune_info,55,2,33,0,33,14,19,True,39,5,34,2,22,1
reliable,marked_lineage_prune_info,56,1,34,11,45,40,5,True,40,3,37,3,0,3
reliable,marked_lineage_prune_info,56,2,34,0,34,15,19,True,40,3,37,0,22,3
reliable,marked_lineage_prune_info,57,1,37,10,47,40,7,True,40,6,34,6,0,-3
reliable,marked_lineage_prune_info,57,2,37,0,37,16,21,True,40,6,34,3,21,-3
reliable,marked_lineage_prune_info,58,1,34,10,44,40,4,True,40,2,38,2,0,4
reliable,marked_lineage_prune_info,58,2,34,0,34,13,21,True,40,2,38,0,25,4
reliable,marked_lineage_prune_info,59,1,38,10,48,42,6,True,43,3,40,3,1,2
reliable,marked_lineage_prune_info,59,2,38,1,39,16,23,True,43,3,40,0,24,2
reliable,marked_lineage_prune_info,60,1,40,10,50,43,7,True,45,3,42,3,2,2
reliable,marked_lineage_prune_info,60,2,40,1,41,16,25,True,45,3,42,0,26,2
reliable,marked_lineage_prune_info,61,1,42,10,52,39,13,True,42,5,37,5,3,-5
reliable,marked_lineage_prune_info,61,2,42,3,45,19,26,True,42,5,37,2,20,-5
reliable,marked_lineage_prune_info,62,1,37,9,46,39,7,True,43,5,38,5,4,1
reliable,marked_lineage_prune_info,62,2,37,3,40,20,20,True,43,5,38,2,20,1
reliable,marked_lineage_prune_info,63,1,38,9,47,40,7,True,44,2,42,2,4,4
reliable,marked_lineage_prune_info,63,2,38,1,39,21,18,True,44,2,42,0,21,4
reliable,marked_lineage_prune_info,64,1,42,9,51,43,8,True,48,7,41,7,5,-1
reliable,marked_lineage_prune_info,64,2,42,3,45,26,19,True,48,7,41,4,19,-1
reliable,marked_lineage_prune_info,65,1,41,9,50,43,7,True,49,4,45,4,6,4
reliable,marked_lineage_prune_info,65,2,41,3,44,24,20,True,49,4,45,1,22,4
reliable,marked_lineage_prune_info,66,1,45,11,56,46,10,True,52,2,50,2,6,5
reliable,marked_lineage_prune_info,66,2,45,2,47,27,20,True,52,2,50,1,24,5
reliable,marked_lineage_prune_info,67,1,50,9,59,48,11,True,54,9,45,9,6,-5
reliable,marked_lineage_prune_info,67,2,50,1,51,27,24,True,54,9,45,5,23,-5
reliable,marked_lineage_prune_info,68,1,45,10,55,46,9,True,53,5,48,5,7,3
reliable,marked_lineage_prune_info,68,2,45,1,46,24,22,True,53,5,48,0,24,3
reliable,marked_lineage_prune_info,69,1,48,11,59,48,11,True,56,4,52,4,8,4
reliable,marked_lineage_prune_info,69,2,48,1,49,30,19,True,56,4,52,0,22,4
reliable,marked_lineage_prune_info,70,1,52,10,62,49,13,True,58,5,53,5,9,1
reliable,marked_lineage_prune_info,70,2,52,1,53,33,20,True,58,5,53,0,20,1
reliable,marked_lineage_prune_info,71,1,53,11,64,49,15,True,61,6,55,6,12,2
reliable,marked_lineage_prune_info,71,2,53,1,54,34,20,True,61,6,55,2,23,2
reliable,marked_lineage_prune_info,72,1,55,10,65,50,15,True,63,6,57,6,13,2
reliable,marked_lineage_prune_info,72,2,55,2,57,38,19,True,63,6,57,2,21,2
reliable,marked_lineage_prune_info,73,1,57,10,67,50,17,True,64,8,56,4,10,-1
reliable,marked_lineage_prune_info,73,2,57,1,58,41,17,True,64,8,56,5,20,-1
reliable,marked_lineage_prune_info,74,1,56,12,68,53,15,True,64,7,57,4,8,1
reliable,marked_lineage_prune_info,74,2,56,1,57,38,19,True,64,7,57,3,22,1
reliable,marked_lineage_prune_info,75,1,57,12,69,54,15,True,63,11,52,10,8,-5
reliable,marked_lineage_prune_info,75,2,57,2,59,40,19,True,63,11,52,6,18,-5
reliable,marked_lineage_prune_info,76,1,52,12,64,52,12,True,61,8,53,5,6,1
reliable,marked_lineage_prune_info,76,2,52,2,54,35,19,True,61,8,53,5,23,1
reliable,marked_lineage_prune_info,77,1,53,13,66,55,11,True,55,8,47,8,0,-6
reliable,marked_lineage_prune_info,77,2,53,2,55,29,26,True,55,8,47,4,22,-6
reliable,marked_lineage_prune_info,78,1,47,11,58,54,4,True,54,9,45,9,0,-2
reliable,marked_lineage_prune_info,78,2,47,1,48,27,21,True,54,9,45,4,22,-2
reliable,marked_lineage_prune_info,79,1,45,11,56,50,6,True,50,10,40,10,0,-5
reliable,marked_lineage_prune_info,79,2,45,2,47,28,19,True,50,10,40,5,17,-5
reliable,marked_lineage_prune_info,80,1,40,11,51,47,4,True,47,4,43,4,0,3
reliable,marked_lineage_prune_info,80,2,40,0,40,18,22,True,47,4,43,1,26,3
reliable,marked_lineage_prune_info,81,1,43,11,54,45,9,True,45,2,43,2,0,0
reliable,marked_lineage_prune_info,81,2,43,0,43,19,24,True,45,2,43,1,25,0
reliable,marked_lineage_prune_info,82,1,43,10,53,48,5,True,48,5,43,5,0,0
reliable,marked_lineage_prune_info,82,2,43,1,44,17,27,True,48,5,43,2,28,0
reliable,marked_lineage_prune_info,83,1,43,10,53,49,4,True,49,5,44,5,0,1
reliable,marked_lineage_prune_info,83,2,43,0,43,16,27,True,49,5,44,0,28,1
reliable,marked_lineage_prune_info,84,1,44,12,56,50,6,True,50,4,46,4,0,2
reliable,marked_lineage_prune_info,84,2,44,1,45,20,25,True,50,4,46,1,27,2
reliable,marked_lineage_prune_info,85,1,46,10,56,49,7,True,49,10,39,10,0,-7
reliable,marked_lineage_prune_info,85,2,46,0,46,20,26,True,49,10,39,6,25,-7
reliable,marked_lineage_prune_info,86,1,39,10,49,48,1,True,48,3,45,3,0,6
reliable,marked_lineage_prune_info,86,2,39,0,39,13,26,True,48,3,45,1,33,6
reliable,marked_lineage_prune_info,87,1,45,10,55,50,5,True,50,4,46,4,0,1
reliable,marked_lineage_prune_info,87,2,45,0,45,16,29,True,50,4,46,0,30,1
reliable,marked_lineage_prune_info,88,1,46,10,56,50,6,True,50,6,44,6,0,-2
reliable,marked_lineage_prune_info,88,2,46,0,46,17,29,True,50,6,44,0,27,-2
reliable,marked_lineage_prune_info,89,1,44,10,54,32,22,True,32,4,28,4,0,-16
reliable,marked_lineage_prune_info,89,2,44,1,45,18,27,True,32,4,28,4,14,-16
reliable,marked_lineage_prune_info,90,1,28,9,37,32,5,True,32,4,28,4,0,0
reliable,marked_lineage_prune_info,90,2,28,0,28,14,14,True,32,4,28,1,15,0
reliable,marked_lineage_prune_info,91,1,28,9,37,30,7,True,30,1,29,1,0,1
reliable,marked_lineage_prune_info,91,2,28,1,29,15,14,True,30,1,29,1,15,1
reliable,marked_lineage_prune_info,92,1,29,9,38,32,6,True,32,4,28,4,0,-1
reliable,marked_lineage_prune_info,92,2,29,1,30,18,12,True,32,4,28,1,11,-1
reliable,marked_lineage_prune_info,93,1,28,10,38,32,6,True,32,4,28,4,0,0
reliable,marked_lineage_prune_info,93,2,28,1,29,18,11,True,32,4,28,4,14,0
reliable,marked_lineage_prune_info,94,1,28,10,38,30,8,True,30,1,29,1,0,1
reliable,marked_lineage_prune_info,94,2,28,1,29,15,14,True,30,1,29,1,15,1
reliable,marked_lineage_prune_info,95,1,29,10,39,33,6,True,33,8,25,8,0,-4
reliable,marked_lineage_prune_info,95,2,29,2,31,18,13,True,33,8,25,5,12,-4
reliable,marked_lineage_prune_info,96,1,25,11,36,33,3,True,33,2,31,2,0,6
reliable,marked_lineage_prune_info,96,2,25,1,26,15,11,True,33,2,31,1,17,6
reliable,marked_lineage_prune_info,97,1,31,11,42,31,11,True,31,3,28,3,0,-3
reliable,marked_lineage_prune_info,97,2,31,2,33,19,14,True,31,3,28,3,12,-3
reliable,marked_lineage_prune_info,98,1,28,10,38,34,4,True,34,5,29,5,0,1
reliable,marked_lineage_prune_info,98,2,28,1,29,16,13,True,34,5,29,2,15,1
reliable,marked_lineage_prune_info,99,1,29,10,39,33,6,True,33,4,29,4,0,0
reliable,marked_lineage_prune_info,99,2,29,1,30,17,13,True,33,4,29,3,15,0
reliable,marked_lineage_prune_info,100,1,29,11,40,37,3,True,37,1,36,1,0,7
reliable,marked_lineage_prune_info,100,2,29,1,30,15,15,True,37,1,36,1,22,7
reliable,marked_lineage_prune_info,101,1,36,11,47,41,6,True,41,6,35,6,0,-1
reliable,marked_lineage_prune_info,101,2,36,1,37,18,19,True,41,6,35,3,20,-1
reliable,marked_lineage_prune_info,102,1,35,11,46,33,13,True,33,5,28,5,0,-7
reliable,marked_lineage_prune_info,102,2,35,1,36,16,20,True,33,5,28,2,14,-7
reliable,marked_lineage_prune_info,103,1,28,9,37,32,5,True,32,8,24,8,0,-4
reliable,marked_lineage_prune_info,103,2,28,1,29,16,13,True,32,8,24,3,11,-4
reliable,marked_lineage_prune_info,104,1,24,11,35,32,3,True,32,3,29,3,0,5
reliable,marked_lineage_prune_info,104,2,24,0,24,13,11,True,32,3,29,0,16,5
reliable,marked_lineage_prune_info,105,1,29,11,40,30,10,True,30,5,25,5,0,-4
reliable,marked_lineage_prune_info,105,2,29,0,29,16,13,True,30,5,25,3,12,-4
reliable,marked_lineage_prune_info,106,1,25,9,34,28,6,True,28,3,25,3,0,0
reliable,marked_lineage_prune_info,106,2,25,0,25,15,10,True,28,3,25,2,12,0
reliable,marked_lineage_prune_info,107,1,25,9,34,22,12,True,22,3,19,3,0,-6
reliable,marked_lineage_prune_info,107,2,25,0,25,14,11,True,22,3,19,1,6,-6
reliable,marked_lineage_prune_info,108,1,19,9,28,21,7,True,21,0,21,0,0,2
reliable,marked_lineage_prune_info,108,2,19,0,19,14,5,True,21,0,21,0,7,2
reliable,marked_lineage_prune_info,109,1,21,9,30,23,7,True,23,2,21,2,0,0
reliable,marked_lineage_prune_info,109,2,21,0,21,14,7,True,23,2,21,2,9,0
reliable,marked_lineage_prune_info,110,1,21,9,30,27,3,True,27,1,26,1,0,5
reliable,marked_lineage_prune_info,110,2,21,0,21,12,9,True,27,1,26,0,14,5
reliable,marked_lineage_prune_info,111,1,26,9,35,29,6,True,29,5,24,5,0,-2
reliable,marked_lineage_prune_info,111,2,26,2,28,15,13,True,29,5,24,4,13,-2
reliable,marked_lineage_prune_info,112,1,24,10,34,31,3,True,31,6,25,6,0,1
reliable,marked_lineage_prune_info,112,2,24,1,25,12,13,True,31,6,25,2,15,1
reliable,marked_lineage_prune_info,113,1,25,10,35,31,4,True,32,7,25,7,1,0
reliable,marked_lineage_prune_info,113,2,25,2,27,16,11,True,32,7,25,3,12,0
reliable,marked_lineage_prune_info,114,1,25,9,34,28,6,True,33,6,27,6,5,2
reliable,marked_lineage_prune_info,114,2,25,3,28,18,10,True,33,6,27,0,9,2
reliable,marked_lineage_prune_info,115,1,27,8,35,25,10,True,32,4,28,4,7,1
reliable,marked_lineage_prune_info,115,2,27,3,30,23,7,True,32,4,28,2,7,1
reliable,marked_lineage_prune_info,116,1,28,8,36,26,10,True,34,3,31,3,8,3
reliable,marked_lineage_prune_info,116,2,28,3,31,24,7,True,34,3,31,1,8,3
reliable,marked_lineage_prune_info,117,1,31,8,39,28,11,True,31,7,24,7,3,-7
reliable,marked_lineage_prune_info,117,2,31,2,33,22,11,True,31,7,24,5,7,-7
reliable,marked_lineage_prune_info,118,1,24,9,33,23,10,True,23,1,22,1,0,-2
reliable,marked_lineage_prune_info,118,2,24,1,25,17,8,True,23,1,22,1,6,-2
reliable,marked_lineage_prune_info,119,1,22,8,30,23,7,True,23,2,21,2,0,-1
reliable,marked_lineage_prune_info,119,2,22,2,24,22,2,True,23,2,21,2,1,-1
reliable,marked_lineage_prune_info,120,1,21,8,29,24,5,True,25,4,21,4,1,0
reliable,marked_lineage_prune_info,120,2,21,2,23,22,1,True,25,4,21,3,2,0
reliable,marked_lineage_prune_info,121,1,21,9,30,25,5,True,26,3,23,3,1,2
reliable,marked_lineage_prune_info,121,2,21,4,25,23,2,True,26,3,23,3,3,2
reliable,marked_lineage_prune_info,122,1,23,10,33,28,5,True,29,5,24,5,1,1
reliable,marked_lineage_prune_info,122,2,23,3,26,19,7,True,29,5,24,2,7,1
reliable,marked_lineage_prune_info,123,1,24,10,34,28,6,True,30,4,26,4,2,2
reliable,marked_lineage_prune_info,123,2,24,3,27,20,7,True,30,4,26,2,8,2
reliable,marked_lineage_prune_info,124,1,26,10,36,25,11,True,25,2,23,2,0,-3
reliable,marked_lineage_prune_info,124,2,26,4,30,17,13,True,25,2,23,1,7,-3
reliable,marked_lineage_prune_info,125,1,23,9,32,20,12,True,20,3,17,3,0,-6
reliable,marked_lineage_prune_info,125,2,23,2,25,16,9,True,20,3,17,3,4,-6
reliable,marked_lineage_prune_info,126,1,17,9,26,21,5,True,21,1,20,1,0,3
reliable,marked_lineage_prune_info,126,2,17,2,19,13,6,True,21,1,20,0,7,3
reliable,marked_lineage_prune_info,127,1,20,12,32,28,4,True,28,3,25,3,0,5
reliable,marked_lineage_prune_info,127,2,20,2,22,18,4,True,28,3,25,2,9,5
reliable,marked_lineage_prune_info,128,1,25,10,35,31,4,True,31,1,30,1,0,5
reliable,marked_lineage_prune_info,128,2,25,1,26,18,8,True,31,1,30,0,12,5
reliable,marked_lineage_prune_info,129,1,30,13,43,35,8,True,35,7,28,7,0,-2
reliable,marked_lineage_prune_info,129,2,30,1,31,20,11,True,35,7,28,2,10,-2
reliable,marked_lineage_prune_info,130,1,28,11,39,34,5,True,34,2,32,2,0,4
reliable,marked_lineage_prune_info,130,2,28,2,30,20,10,True,34,2,32,1,13,4
reliable,marked_lineage_prune_info,131,1,32,13,45,39,6,True,39,1,38,1,0,6
reliable,marked_lineage_prune_info,131,2,32,1,33,19,14,True,39,1,38,1,20,6
reliable,marked_lineage_prune_info,132,1,38,13,51,46,5,True,46,4,42,4,0,4
reliable,marked_lineage_prune_info,132,2,38,1,39,18,21,True,46,4,42,3,27,4
reliable,marked_lineage_prune_info,133,1,42,13,55,47,8,True,47,4,43,4,0,1
reliable,marked_lineage_prune_info,133,2,42,0,42,15,27,True,47,4,43,1,29,1
reliable,marked_lineage_prune_info,134,1,43,13,56,41,15,True,41,3,38,3,0,-5
reliable,marked_lineage_prune_info,134,2,43,0,43,16,27,True,41,3,38,0,22,-5
reliable,marked_lineage_prune_info,135,1,38,12,50,43,7,True,43,13,30,13,0,-8
reliable,marked_lineage_prune_info,135,2,38,1,39,19,20,True,43,13,30,3,14,-8
reliable,marked_lineage_prune_info,136,1,30,12,42,37,5,True,37,5,32,5,0,2
reliable,marked_lineage_prune_info,136,2,30,1,31,20,11,True,37,5,32,0,12,2
reliable,marked_lineage_prune_info,137,1,32,13,45,31,14,True,31,5,26,5,0,-6
reliable,marked_lineage_prune_info,137,2,32,0,32,19,13,True,31,5,26,3,10,-6
reliable,marked_lineage_prune_info,138,1,26,11,37,32,5,True,33,8,25,8,1,-1
reliable,marked_lineage_prune_info,138,2,26,3,29,18,11,True,33,8,25,4,11,-1
reliable,marked_lineage_prune_info,139,1,25,12,37,30,7,True,31,2,29,2,1,4
reliable,marked_lineage_prune_info,139,2,25,3,28,23,5,True,31,2,29,2,8,4
reliable,marked_lineage_prune_info,140,1,29,11,40,33,7,True,35,0,35,0,2,6
reliable,marked_lineage_prune_info,140,2,29,3,32,24,8,True,35,0,35,0,11,6
reliable,marked_lineage_prune_info,141,1,35,13,48,37,11,True,38,2,36,2,1,1
reliable,marked_lineage_prune_info,141,2,35,2,37,24,13,True,38,2,36,2,14,1
reliable,marked_lineage_prune_info,142,1,36,13,49,41,8,True,41,4,37,4,0,1
reliable,marked_lineage_prune_info,142,2,36,2,38,24,14,True,41,4,37,3,16,1
reliable,marked_lineage_prune_info,143,1,37,12,49,36,13,True,37,8,29,7,0,-8
reliable,marked_lineage_prune_info,143,2,37,1,38,22,16,True,37,8,29,8,15,-8
reliable,marked_lineage_prune_info,144,1,29,12,41,39,2,True,39,2,37,2,0,8
reliable,marked_lineage_prune_info,144,2,29,2,31,17,14,True,39,2,37,2,22,8
reliable,marked_lineage_prune_info,145,1,37,13,50,45,5,True,45,4,41,4,0,4
reliable,marked_lineage_prune_info,145,2,37,2,39,20,19,True,45,4,41,3,24,4
reliable,marked_lineage_prune_info,146,1,41,14,55,50,5,True,50,1,49,1,0,8
reliable,marked_lineage_prune_info,146,2,41,2,43,19,24,True,50,1,49,1,31,8
reliable,marked_lineage_prune_info,147,1,49,14,63,49,14,True,54,10,44,6,1,-5
reliable,marked_lineage_prune_info,147,2,49,2,51,28,23,True,54,10,44,9,25,-5
reliable,marked_lineage_prune_info,148,1,44,14,58,53,5,True,53,4,49,4,0,5
reliable,marked_lineage_prune_info,148,2,44,3,47,24,23,True,53,4,49,3,28,5
reliable,marked_lineage_prune_info,149,1,49,14,63,56,7,True,56,7,49,7,0,0
reliable,marked_lineage_prune_info,149,2,49,4,53,23,30,True,56,7,49,4,30,0
reliable,marked_lineage_prune_info,150,1,49,13,62,58,4,True,59,2,57,2,1,8
reliable,marked_lineage_prune_info,150,2,49,2,51,20,31,True,59,2,57,0,37,8
reliable,marked_lineage_prune_info,151,1,57,14,71,64,7,True,64,4,60,4,0,3
reliable,marked_lineage_prune_info,151,2,57,3,60,26,34,True,64,4,60,4,38,3
reliable,marked_lineage_prune_info,152,1,60,15,75,68,7,True,68,9,59,9,0,-1
reliable,marked_lineage_prune_info,152,2,60,5,65,31,34,True,68,9,59,4,32,-1
reliable,marked_lineage_prune_info,153,1,59,14,73,67,6,True,67,16,51,16,0,-8
reliable,marked_lineage_prune_info,153,2,59,5,64,33,31,True,67,16,51,6,24,-8
reliable,marked_lineage_prune_info,154,1,51,15,66,51,15,True,51,9,42,9,0,-9
reliable,marked_lineage_prune_info,154,2,51,5,56,25,31,True,51,9,42,6,23,-9
reliable,marked_lineage_prune_info,155,1,42,14,56,49,7,True,49,6,43,6,0,1
reliable,marked_lineage_prune_info,155,2,42,6,48,27,21,True,49,6,43,6,22,1
reliable,marked_lineage_prune_info,156,1,43,14,57,53,4,True,54,3,51,3,1,8
reliable,marked_lineage_prune_info,156,2,43,4,47,24,23,True,54,3,51,2,29,8
reliable,marked_lineage_prune_info,157,1,51,15,66,56,10,True,58,4,54,4,2,3
reliable,marked_lineage_prune_info,157,2,51,5,56,30,26,True,58,4,54,4,28,3
reliable,marked_lineage_prune_info,158,1,54,14,68,46,22,True,48,8,40,8,2,-14
reliable,marked_lineage_prune_info,158,2,54,6,60,32,28,True,48,8,40,6,14,-14
reliable,marked_lineage_prune_info,159,1,40,14,54,47,7,True,50,5,45,5,3,5
reliable,marked_lineage_prune_info,159,2,40,4,44,29,15,True,50,5,45,3,19,5
reliable,marked_lineage_prune_info,160,1,45,13,58,46,12,True,46,6,40,6,0,-5
reliable,marked_lineage_prune_info,160,2,45,3,48,24,24,True,46,6,40,2,18,-5
reliable,marked_lineage_prune_info,161,1,40,13,53,45,8,True,45,3,42,3,0,2
reliable,marked_lineage_prune_info,161,2,40,2,42,22,20,True,45,3,42,2,22,2
reliable,marked_lineage_prune_info,162,1,42,14,56,40,16,True,40,3,37,3,0,-5
reliable,marked_lineage_prune_info,162,2,42,2,44,23,21,True,40,3,37,2,16,-5
reliable,marked_lineage_prune_info,163,1,37,12,49,33,16,True,33,8,25,8,0,-12
reliable,marked_lineage_prune_info,163,2,37,2,39,21,18,True,33,8,25,5,9,-12
reliable,marked_lineage_prune_info,164,1,25,11,36,32,4,True,32,8,24,8,0,-1
reliable,marked_lineage_prune_info,164,2,25,2,27,18,9,True,32,8,24,3,9,-1
reliable,marked_lineage_prune_info,165,1,24,12,36,31,5,True,31,5,26,5,0,2
reliable,marked_lineage_prune_info,165,2,24,2,26,20,6,True,31,5,26,3,9,2
reliable,marked_lineage_prune_info,166,1,26,12,38,27,11,True,28,5,23,5,1,-3
reliable,marked_lineage_prune_info,166,2,26,3,29,21,8,True,28,5,23,3,5,-3
reliable,marked_lineage_prune_info,167,1,23,11,34,25,9,True,26,5,21,5,1,-2
reliable,marked_lineage_prune_info,167,2,23,5,28,24,4,True,26,5,21,5,2,-2
reliable,marked_lineage_prune_info,168,1,21,10,31,24,7,True,26,5,21,5,2,0
reliable,marked_lineage_prune_info,168,2,21,4,25,24,1,True,26,5,21,5,2,0
reliable,marked_lineage_prune_info,169,1,21,10,31,24,7,True,27,5,22,5,3,1
reliable,marked_lineage_prune_info,169,2,21,4,25,24,1,True,27,5,22,5,3,1
reliable,marked_lineage_prune_info,170,1,22,10,32,24,8,True,28,2,26,2,4,4
reliable,marked_lineage_prune_info,170,2,22,3,25,24,1,True,28,2,26,2,4,4
reliable,marked_lineage_prune_info,171,1,26,10,36,23,13,True,30,3,27,3,7,1
reliable,marked_lineage_prune_info,171,2,26,3,29,27,2,True,30,3,27,3,3,1
reliable,marked_lineage_prune_info,172,1,27,10,37,23,14,True,23,3,20,3,0,-7
reliable,marked_lineage_prune_info,172,2,27,3,30,19,11,True,23,3,20,3,4,-7
reliable,marked_lineage_prune_info,173,1,20,11,31,26,5,True,26,5,21,5,0,1
reliable,marked_lineage_prune_info,173,2,20,4,24,22,2,True,26,5,21,5,4,1
reliable,marked_lineage_prune_info,174,1,21,11,32,23,9,True,24,4,20,4,1,-1
reliable,marked_lineage_prune_info,174,2,21,7,28,22,6,True,24,4,20,4,2,-1
reliable,marked_lineage_prune_info,175,1,20,10,30,23,7,True,23,5,18,5,0,-2
reliable,marked_lineage_prune_info,175,2,20,6,26,21,5,True,23,5,18,5,2,-2
reliable,marked_lineage_prune_info,176,1,18,9,27,22,5,True,22,4,18,4,0,0
reliable,marked_lineage_prune_info,176,2,18,4,22,21,1,True,22,4,18,4,1,0
reliable,marked_lineage_prune_info,177,1,18,11,29,24,5,True,24,4,20,4,0,2
reliable,marked_lineage_prune_info,177,2,18,5,23,19,4,True,24,4,20,4,5,2
reliable,marked_lineage_prune_info,178,1,20,10,30,22,8,True,23,6,17,6,1,-3
reliable,marked_lineage_prune_info,178,2,20,4,24,22,2,True,23,6,17,6,1,-3
reliable,marked_lineage_prune_info,179,1,17,10,27,23,4,True,23,3,20,3,0,3
reliable,marked_lineage_prune_info,179,2,17,4,21,19,2,True,23,3,20,3,4,3
reliable,marked_lineage_prune_info,180,1,20,10,30,24,6,True,24,2,22,2,0,2
reliable,marked_lineage_prune_info,180,2,20,2,22,20,2,True,24,2,22,2,4,2
reliable,marked_lineage_prune_info,181,1,22,11,33,27,6,True,27,3,24,3,0,2
reliable,marked_lineage_prune_info,181,2,22,4,26,24,2,True,27,3,24,3,3,2
reliable,marked_lineage_prune_info,182,1,24,10,34,27,7,True,29,3,26,3,2,2
reliable,marked_lineage_prune_info,182,2,24,4,28,24,4,True,29,3,26,3,5,2
reliable,marked_lineage_prune_info,183,1,26,11,37,31,6,True,31,3,28,3,0,2
reliable,marked_lineage_prune_info,183,2,26,3,29,22,7,True,31,3,28,2,8,2
reliable,marked_lineage_prune_info,184,1,28,12,40,34,6,True,34,3,31,3,0,3
reliable,marked_lineage_prune_info,184,2,28,3,31,22,9,True,34,3,31,2,11,3
reliable,marked_lineage_prune_info,185,1,31,11,42,28,14,True,28,4,24,4,0,-7
reliable,marked_lineage_prune_info,185,2,31,4,35,24,11,True,28,4,24,4,4,-7
reliable,marked_lineage_prune_info,186,1,24,9,33,26,7,True,27,2,25,2,1,1
reliable,marked_lineage_prune_info,186,2,24,3,27,23,4,True,27,2,25,2,4,1
reliable,marked_lineage_prune_info,187,1,25,10,35,26,9,True,28,3,25,3,2,0
reliable,marked_lineage_prune_info,187,2,25,4,29,27,2,True,28,3,25,3,1,0
reliable,marked_lineage_prune_info,188,1,25,9,34,26,8,True,30,6,24,6,4,-1
reliable,marked_lineage_prune_info,188,2,25,5,30,28,2,True,30,6,24,6,2,-1
reliable,marked_lineage_prune_info,189,1,24,9,33,27,6,True,27,6,21,6,0,-3
reliable,marked_lineage_prune_info,189,2,24,6,30,23,7,True,27,6,21,6,4,-3
reliable,marked_lineage_prune_info,190,1,21,10,31,28,3,True,28,5,23,5,0,2
reliable,marked_lineage_prune_info,190,2,21,4,25,20,5,True,28,5,23,5,8,2
reliable,marked_lineage_prune_info,191,1,23,10,33,28,5,True,31,1,30,1,3,7
reliable,marked_lineage_prune_info,191,2,23,6,29,24,5,True,31,1,30,1,7,7
reliable,marked_lineage_prune_info,192,1,30,11,41,28,13,True,29,4,25,4,1,-5
reliable,marked_lineage_prune_info,192,2,30,6,36,27,9,True,29,4,25,4,2,-5
reliable,marked_lineage_prune_info,193,1,25,9,34,26,8,True,28,4,24,4,2,-1
reliable,marked_lineage_prune_info,193,2,25,5,30,26,4,True,28,4,24,4,2,-1
reliable,marked_lineage_prune_info,194,1,24,10,34,29,5,True,32,3,29,3,3,5
reliable,marked_lineage_prune_info,194,2,24,4,28,25,3,True,32,3,29,3,7,5
reliable,marked_lineage_prune_info,195,1,29,10,39,24,15,True,28,6,22,6,4,-7
reliable,marked_lineage_prune_info,195,2,29,2,31,25,6,True,28,6,22,6,3,-7
reliable,marked_lineage_prune_info,196,1,22,9,31,24,7,True,29,3,26,3,5,4
reliable,marked_lineage_prune_info,196,2,22,3,25,22,3,True,29,3,26,2,6,4
reliable,marked_lineage_prune_info,197,1,26,11,37,23,14,True,23,4,19,4,0,-7
reliable,marked_lineage_prune_info,197,2,26,3,29,20,9,True,23,4,19,4,3,-7
reliable,marked_lineage_prune_info,198,1,19,8,27,21,6,True,22,3,19,3,1,0
reliable,marked_lineage_prune_info,198,2,19,3,22,20,2,True,22,3,19,2,1,0
reliable,marked_lineage_prune_info,199,1,19,11,30,25,5,True,26,3,23,3,1,4
reliable,marked_lineage_prune_info,199,2,19,3,22,21,1,True,26,3,23,2,4,4
reliable,marked_lineage_prune_info,200,1,23,11,34,28,6,True,28,2,26,2,0,3
reliable,marked_lineage_prune_info,200,2,23,3,26,21,5,True,28,2,26,2,7,3
reliable,marked_lineage_prune_info,201,1,26,12,38,30,8,True,30,4,26,4,0,0
reliable,marked_lineage_prune_info,201,2,26,2,28,22,6,True,30,4,26,3,7,0
reliable,marked_lineage_prune_info,202,1,26,12,38,31,7,True,31,5,26,5,0,0
reliable,marked_lineage_prune_info,202,2,26,2,28,22,6,True,31,5,26,5,9,0
reliable,marked_lineage_prune_info,203,1,26,11,37,27,10,True,28,5,23,5,1,-3
reliable,marked_lineage_prune_info,203,2,26,4,30,22,8,True,28,5,23,5,6,-3
reliable,marked_lineage_prune_info,204,1,23,10,33,27,6,True,29,2,27,2,2,4
reliable,marked_lineage_prune_info,204,2,23,3,26,24,2,True,29,2,27,2,5,4
reliable,marked_lineage_prune_info,205,1,27,10,37,29,8,True,29,3,26,3,0,-1
reliable,marked_lineage_prune_info,205,2,27,3,30,27,3,True,29,3,26,3,2,-1
reliable,marked_lineage_prune_info,206,1,26,10,36,29,7,True,29,7,22,7,0,-4
reliable,marked_lineage_prune_info,206,2,26,4,30,27,3,True,29,7,22,7,2,-4
reliable,marked_lineage_prune_info,207,1,22,10,32,28,4,True,29,7,22,7,1,0
reliable,marked_lineage_prune_info,207,2,22,4,26,24,2,True,29,7,22,7,5,0
reliable,marked_lineage_prune_info,208,1,22,10,32,28,4,True,29,3,26,3,1,4
reliable,marked_lineage_prune_info,208,2,22,3,25,23,2,True,29,3,26,3,6,4
reliable,marked_lineage_prune_info,209,1,26,10,36,29,7,True,29,3,26,3,0,0
reliable,marked_lineage_prune_info,209,2,26,3,29,26,3,True,29,3,26,3,3,0
reliable,marked_lineage_prune_info,210,1,26,10,36,29,7,True,30,5,25,5,1,-1
reliable,marked_lineage_prune_info,210,2,26,5,31,28,3,True,30,5,25,5,2,-1
reliable,marked_lineage_prune_info,211,1,25,10,35,28,7,True,29,7,22,7,1,-3
reliable,marked_lineage_prune_info,211,2,25,4,29,24,5,True,29,7,22,7,5,-3
reliable,marked_lineage_prune_info,212,1,22,10,32,28,4,True,28,4,24,4,0,2
reliable,marked_lineage_prune_info,212,2,22,3,25,21,4,True,28,4,24,4,7,2
reliable,marked_lineage_prune_info,213,1,24,11,35,28,7,True,28,3,25,3,0,1
reliable,marked_lineage_prune_info,213,2,24,2,26,21,5,True,28,3,25,2,6,1
reliable,marked_lineage_prune_info,214,1,25,12,37,28,9,True,28,11,17,11,0,-8
reliable,marked_lineage_prune_info,214,2,25,3,28,26,2,True,28,11,17,9,0,-8
reliable,marked_lineage_prune_info,215,1,17,11,28,25,3,True,25,4,21,4,0,4
reliable,marked_lineage_prune_info,215,2,17,4,21,20,1,True,25,4,21,4,5,4
reliable,marked_lineage_prune_info,216,1,21,10,31,25,6,True,25,2,23,2,0,2
reliable,marked_lineage_prune_info,216,2,21,4,25,22,3,True,25,2,23,2,3,2
reliable,marked_lineage_prune_info,217,1,23,9,32,24,8,True,25,2,23,2,1,0
reliable,marked_lineage_prune_info,217,2,23,4,27,24,3,True,25,2,23,2,1,0
reliable,marked_lineage_prune_info,218,1,23,9,32,25,7,True,25,4,21,4,0,-2
reliable,marked_lineage_prune_info,218,2,23,3,26,23,3,True,25,4,21,4,2,-2
reliable,marked_lineage_prune_info,219,1,21,8,29,25,4,True,25,6,19,6,0,-2
reliable,marked_lineage_prune_info,219,2,21,3,24,21,3,True,25,6,19,6,4,-2
reliable,marked_lineage_prune_info,220,1,19,8,27,23,4,True,23,4,19,4,0,0
reliable,marked_lineage_prune_info,220,2,19,4,23,19,4,True,23,4,19,4,4,0
reliable,marked_lineage_prune_info,221,1,19,8,27,22,5,True,22,3,19,3,0,0
reliable,marked_lineage_prune_info,221,2,19,3,22,21,1,True,22,3,19,3,1,0
reliable,marked_lineage_prune_info,222,1,19,8,27,22,5,True,22,4,18,4,0,-1
reliable,marked_lineage_prune_info,222,2,19,3,22,22,0,True,22,4,18,4,0,-1
reliable,marked_lineage_prune_info,223,1,18,8,26,22,4,True,22,3,19,3,0,1
reliable,marked_lineage_prune_info,223,2,18,2,20,20,0,True,22,3,19,3,2,1
reliable,marked_lineage_prune_info,224,1,19,9,28,23,5,True,23,5,18,5,0,-1
reliable,marked_lineage_prune_info,224,2,19,2,21,21,0,True,23,5,18,5,2,-1
reliable,marked_lineage_prune_info,225,1,18,9,27,24,3,True,24,2,22,2,0,4
reliable,marked_lineage_prune_info,225,2,18,2,20,20,0,True,24,2,22,2,4,4
reliable,marked_lineage_prune_info,226,1,22,9,31,25,6,True,25,4,21,4,0,-1
reliable,marked_lineage_prune_info,226,2,22,2,24,23,1,True,25,4,21,4,2,-1
reliable,marked_lineage_prune_info,227,1,21,9,30,26,4,True,27,2,25,2,1,4
reliable,marked_lineage_prune_info,227,2,21,2,23,22,1,True,27,2,25,2,5,4
reliable,marked_lineage_prune_info,228,1,25,9,34,27,7,True,27,4,23,4,0,-2
reliable,marked_lineage_prune_info,228,2,25,2,27,23,4,True,27,4,23,4,4,-2
reliable,marked_lineage_prune_info,229,1,23,9,32,28,4,True,28,3,25,3,0,2
reliable,marked_lineage_prune_info,229,2,23,2,25,21,4,True,28,3,25,3,7,2
reliable,marked_lineage_prune_info,230,1,25,9,34,29,5,True,29,3,26,3,0,1
reliable,marked_lineage_prune_info,230,2,25,2,27,22,5,True,29,3,26,3,7,1
reliable,marked_lineage_prune_info,231,1,26,9,35,29,6,True,30,1,29,1,1,3
reliable,marked_lineage_prune_info,231,2,26,2,28,23,5,True,30,1,29,1,7,3
reliable,marked_lineage_prune_info,232,1,29,9,38,31,7,True,31,4,27,4,0,-2
reliable,marked_lineage_prune_info,232,2,29,2,31,22,9,True,31,4,27,4,9,-2
reliable,marked_lineage_prune_info,233,1,27,9,36,32,4,True,32,1,31,1,0,4
reliable,marked_lineage_prune_info,233,2,27,2,29,19,10,True,32,1,31,1,13,4
reliable,marked_lineage_prune_info,234,1,31,9,40,33,7,True,33,5,28,5,0,-3
reliable,marked_lineage_prune_info,234,2,31,2,33,24,9,True,33,5,28,5,9,-3
reliable,marked_lineage_prune_info,235,1,28,9,37,34,3,True,35,2,33,2,1,5
reliable,marked_lineage_prune_info,235,2,28,2,30,22,8,True,35,2,33,2,13,5
reliable,marked_lineage_prune_info,236,1,33,9,42,37,5,True,37,3,34,3,0,1
reliable,marked_lineage_prune_info,236,2,33,1,34,24,10,True,37,3,34,3,13,1
reliable,marked_lineage_prune_info,237,1,34,8,42,36,6,True,37,1,36,1,1,2
reliable,marked_lineage_prune_info,237,2,34,2,36,33,3,True,37,1,36,1,4,2
reliable,marked_lineage_prune_info,238,1,36,8,44,38,6,True,38,2,36,2,0,0
reliable,marked_lineage_prune_info,238,2,36,3,39,30,9,True,38,2,36,2,8,0
reliable,marked_lineage_prune_info,239,1,36,8,44,29,15,True,36,7,29,5,5,-7
reliable,marked_lineage_prune_info,239,2,36,2,38,35,3,True,36,7,29,7,1,-7
reliable,marked_lineage_prune_info,240,1,29,7,36,26,10,True,26,6,20,6,0,-9
reliable,marked_lineage_prune_info,240,2,29,3,32,24,8,True,26,6,20,6,2,-9
intermittent,marked_gaussian_evidence_prune_info,1,1,0,0,0,0,0,True,0,0,0,0,0,0
intermittent,marked_gaussian_evidence_prune_info,1,2,0,0,0,0,0,True,0,0,0,0,0,0
intermittent,marked_gaussian_evidence_prune_info,2,1,0,9,9,9,0,True,9,0,9,0,0,9
intermittent,marked_gaussian_evidence_prune_info,2,2,0,1,1,1,0,True,9,0,9,0,8,9
intermittent,marked_gaussian_evidence_prune_info,3,1,9,10,19,19,0,True,19,0,19,0,0,10
intermittent,marked_gaussian_evidence_prune_info,3,2,9,0,9,7,2,True,19,0,19,0,12,10
intermittent,marked_gaussian_evidence_prune_info,4,1,19,9,28,25,3,True,25,0,25,0,0,6
intermittent,marked_gaussian_evidence_prune_info,4,2,19,0,19,14,5,True,25,0,25,0,11,6
intermittent,marked_gaussian_evidence_prune_info,5,1,25,9,34,32,2,True,32,3,29,3,0,4
intermittent,marked_gaussian_evidence_prune_info,5,2,25,0,25,20,5,True,32,3,29,3,12,4
intermittent,marked_gaussian_evidence_prune_info,6,1,29,9,38,37,1,True,37,0,37,0,0,8
intermittent,marked_gaussian_evidence_prune_info,6,2,29,0,29,18,11,True,37,0,37,0,19,8
intermittent,marked_gaussian_evidence_prune_info,7,1,37,9,46,42,4,True,42,2,40,2,0,3
intermittent,marked_gaussian_evidence_prune_info,7,2,37,0,37,19,18,True,42,2,40,2,23,3
intermittent,marked_gaussian_evidence_prune_info,8,1,40,10,50,49,1,True,49,2,47,2,0,7
intermittent,marked_gaussian_evidence_prune_info,8,2,40,0,40,20,20,False,20,0,20,0,0,-20
intermittent,marked_gaussian_evidence_prune_info,9,1,47,9,56,51,5,True,51,1,50,1,0,3
intermittent,marked_gaussian_evidence_prune_info,9,2,20,1,21,18,3,False,18,0,18,0,0,-2
intermittent,marked_gaussian_evidence_prune_info,10,1,50,10,60,56,4,True,56,2,54,2,0,4
intermittent,marked_gaussian_evidence_prune_info,10,2,18,1,19,18,1,True,56,2,54,2,38,36
intermittent,marked_gaussian_evidence_prune_info,11,1,54,10,64,59,5,True,59,3,56,3,0,2
intermittent,marked_gaussian_evidence_prune_info,11,2,54,1,55,31,24,True,59,3,56,3,28,2
intermittent,marked_gaussian_evidence_prune_info,12,1,56,10,66,60,6,True,60,9,51,9,0,-5
intermittent,marked_gaussian_evidence_prune_info,12,2,56,2,58,27,31,True,60,9,51,9,33,-5
intermittent,marked_gaussian_evidence_prune_info,13,1,51,10,61,56,5,True,57,6,51,5,0,0
intermittent,marked_gaussian_evidence_prune_info,13,2,51,0,51,19,32,True,57,6,51,5,37,0
intermittent,marked_gaussian_evidence_prune_info,14,1,51,10,61,54,7,True,55,9,46,8,0,-5
intermittent,marked_gaussian_evidence_prune_info,14,2,51,0,51,18,33,True,55,9,46,5,33,-5
intermittent,marked_gaussian_evidence_prune_info,15,1,46,9,55,50,5,True,50,3,47,3,0,1
intermittent,marked_gaussian_evidence_prune_info,15,2,46,0,46,13,33,True,50,3,47,2,36,1
intermittent,marked_gaussian_evidence_prune_info,16,1,47,9,56,52,4,True,52,6,46,6,0,-1
intermittent,marked_gaussian_evidence_prune_info,16,2,47,0,47,12,35,True,52,6,46,3,37,-1
intermittent,marked_gaussian_evidence_prune_info,17,1,46,11,57,56,1,True,56,1,55,1,0,9
intermittent,marked_gaussian_evidence_prune_info,17,2,46,0,46,10,36,True,56,1,55,0,45,9
intermittent,marked_gaussian_evidence_prune_info,18,1,55,10,65,61,4,False,61,0,61,0,0,6
intermittent,marked_gaussian_evidence_prune_info,18,2,55,0,55,14,41,False,14,0,14,0,0,-41
intermittent,marked_gaussian_evidence_prune_info,19,1,61,10,71,67,4,True,67,3,64,3,0,3
intermittent,marked_gaussian_evidence_prune_info,19,2,14,0,14,12,2,True,67,3,64,3,55,50
intermittent,marked_gaussian_evidence_prune_info,20,1,64,10,74,70,4,True,70,10,60,10,0,-4
intermittent,marked_gaussian_evidence_prune_info,20,2,64,0,64,18,46,True,70,10,60,3,45,-4
intermittent,marked_gaussian_evidence_prune_info,21,1,60,10,70,67,3,True,67,9,58,9,0,-2
intermittent,marked_gaussian_evidence_prune_info,21,2,60,0,60,11,49,True,67,9,58,3,50,-2
intermittent,marked_gaussian_evidence_prune_info,22,1,58,10,68,65,3,True,65,8,57,8,0,-1
intermittent,marked_gaussian_evidence_prune_info,22,2,58,0,58,10,48,True,65,8,57,3,50,-1
intermittent,marked_gaussian_evidence_prune_info,23,1,57,10,67,62,5,True,62,13,49,13,0,-8
intermittent,marked_gaussian_evidence_prune_info,23,2,57,0,57,9,48,True,62,13,49,1,41,-8
intermittent,marked_gaussian_evidence_prune_info,24,1,49,10,59,52,7,True,52,4,48,4,0,-1
intermittent,marked_gaussian_evidence_prune_info,24,2,49,0,49,11,38,True,52,4,48,2,39,-1
intermittent,marked_gaussian_evidence_prune_info,25,1,48,9,57,52,5,True,52,7,45,7,0,-3
intermittent,marked_gaussian_evidence_prune_info,25,2,48,0,48,12,36,True,52,7,45,3,36,-3
intermittent,marked_gaussian_evidence_prune_info,26,1,45,8,53,49,4,True,49,8,41,8,0,-4
intermittent,marked_gaussian_evidence_prune_info,26,2,45,0,45,11,34,True,49,8,41,4,34,-4
intermittent,marked_gaussian_evidence_prune_info,27,1,41,9,50,49,1,True,49,4,45,4,0,4
intermittent,marked_gaussian_evidence_prune_info,27,2,41,0,41,8,33,True,49,4,45,1,38,4
intermittent,marked_gaussian_evidence_prune_info,28,1,45,7,52,48,4,True,48,6,42,6,0,-3
intermittent,marked_gaussian_evidence_prune_info,28,2,45,0,45,10,35,True,48,6,42,2,34,-3
intermittent,marked_gaussian_evidence_prune_info,29,1,42,8,50,48,2,True,48,4,44,4,0,2
intermittent,marked_gaussian_evidence_prune_info,29,2,42,0,42,9,33,True,48,4,44,1,36,2
intermittent,marked_gaussian_evidence_prune_info,30,1,44,8,52,49,3,True,49,6,43,6,0,-1
intermittent,marked_gaussian_evidence_prune_info,30,2,44,0,44,10,34,True,49,6,43,2,35,-1
intermittent,marked_gaussian_evidence_prune_info,31,1,43,10,53,51,2,True,51,5,46,5,0,3
intermittent,marked_gaussian_evidence_prune_info,31,2,43,0,43,10,33,False,10,0,10,0,0,-33
intermittent,marked_gaussian_evidence_prune_info,32,1,46,9,55,53,2,True,53,1,52,1,0,6
intermittent,marked_gaussian_evidence_prune_info,32,2,10,0,10,9,1,True,53,1,52,1,44,42
intermittent,marked_gaussian_evidence_prune_info,33,1,52,10,62,58,4,True,58,5,53,5,0,1
intermittent,marked_gaussian_evidence_prune_info,33,2,52,0,52,15,37,True,58,5,53,3,41,1
intermittent,marked_gaussian_evidence_prune_info,34,1,53,9,62,61,1,True,61,9,52,9,0,-1
intermittent,marked_gaussian_evidence_prune_info,34,2,53,0,53,15,38,True,61,9,52,1,38,-1
intermittent,marked_gaussian_evidence_prune_info,35,1,52,10,62,59,3,True,59,6,53,6,0,1
intermittent,marked_gaussian_evidence_prune_info,35,2,52,0,52,19,33,True,59,6,53,2,36,1
intermittent,marked_gaussian_evidence_prune_info,36,1,53,9,62,56,6,True,56,6,50,6,0,-3
intermittent,marked_gaussian_evidence_prune_info,36,2,53,0,53,20,33,True,56,6,50,3,33,-3
intermittent,marked_gaussian_evidence_prune_info,37,1,50,9,59,55,4,True,55,6,49,6,0,-1
intermittent,marked_gaussian_evidence_prune_info,37,2,50,0,50,18,32,True,55,6,49,3,34,-1
intermittent,marked_gaussian_evidence_prune_info,38,1,49,10,59,56,3,True,56,5,51,5,0,2
intermittent,marked_gaussian_evidence_prune_info,38,2,49,0,49,17,32,True,56,5,51,3,37,2
intermittent,marked_gaussian_evidence_prune_info,39,1,51,10,61,56,5,True,56,8,48,8,0,-3
intermittent,marked_gaussian_evidence_prune_info,39,2,51,0,51,17,34,True,56,8,48,5,36,-3
intermittent,marked_gaussian_evidence_prune_info,40,1,48,10,58,56,2,True,56,5,51,5,0,3
intermittent,marked_gaussian_evidence_prune_info,40,2,48,0,48,13,35,True,56,5,51,2,40,3
intermittent,marked_gaussian_evidence_prune_info,41,1,51,10,61,56,5,True,56,6,50,6,0,-1
intermittent,marked_gaussian_evidence_prune_info,41,2,51,0,51,15,36,True,56,6,50,3,38,-1
intermittent,marked_gaussian_evidence_prune_info,42,1,50,10,60,56,4,True,56,6,50,6,0,0
intermittent,marked_gaussian_evidence_prune_info,42,2,50,0,50,13,37,True,56,6,50,3,40,0
intermittent,marked_gaussian_evidence_prune_info,43,1,50,10,60,57,3,True,57,5,52,5,0,2
intermittent,marked_gaussian_evidence_prune_info,43,2,50,0,50,12,38,True,57,5,52,2,42,2
intermittent,marked_gaussian_evidence_prune_info,44,1,52,10,62,57,5,True,57,7,50,7,0,-2
intermittent,marked_gaussian_evidence_prune_info,44,2,52,1,53,14,39,False,14,0,14,0,0,-38
intermittent,marked_gaussian_evidence_prune_info,45,1,50,11,61,59,2,True,59,5,54,5,0,4
intermittent,marked_gaussian_evidence_prune_info,45,2,14,0,14,13,1,True,59,5,54,5,46,40
intermittent,marked_gaussian_evidence_prune_info,46,1,54,10,64,63,1,True,63,3,60,3,0,6
intermittent,marked_gaussian_evidence_prune_info,46,2,54,0,54,9,45,True,63,3,60,1,52,6
intermittent,marked_gaussian_evidence_prune_info,47,1,60,10,70,65,5,True,65,12,53,12,0,-7
intermittent,marked_gaussian_evidence_prune_info,47,2,60,0,60,15,45,True,65,12,53,4,42,-7
intermittent,marked_gaussian_evidence_prune_info,48,1,53,10,63,61,2,True,61,6,55,6,0,2
intermittent,marked_gaussian_evidence_prune_info,48,2,53,0,53,10,43,False,10,0,10,0,0,-43
intermittent,marked_gaussian_evidence_prune_info,49,1,55,10,65,60,5,True,60,2,58,2,0,3
intermittent,marked_gaussian_evidence_prune_info,49,2,10,0,10,10,0,True,60,2,58,2,50,48
intermittent,marked_gaussian_evidence_prune_info,50,1,58,10,68,64,4,True,64,6,58,6,0,0
intermittent,marked_gaussian_evidence_prune_info,50,2,58,0,58,14,44,True,64,6,58,4,48,0
intermittent,marked_gaussian_evidence_prune_info,51,1,58,10,68,66,2,True,67,6,61,6,1,3
intermittent,marked_gaussian_evidence_prune_info,51,2,58,1,59,11,48,False,11,0,11,0,0,-47
intermittent,marked_gaussian_evidence_prune_info,52,1,61,10,71,65,6,True,65,1,64,1,0,3
intermittent,marked_gaussian_evidence_prune_info,52,2,11,0,11,10,1,True,65,1,64,1,55,53
intermittent,marked_gaussian_evidence_prune_info,53,1,64,10,74,55,19,False,55,0,55,0,0,-9
intermittent,marked_gaussian_evidence_prune_info,53,2,64,0,64,13,51,True,55,3,52,3,42,-12
intermittent,marked_gaussian_evidence_prune_info,54,1,55,10,65,60,5,True,60,5,55,5,0,0
intermittent,marked_gaussian_evidence_prune_info,54,2,52,0,52,11,41,True,60,5,55,2,46,3
intermittent,marked_gaussian_evidence_prune_info,55,1,55,11,66,61,5,True,61,6,55,6,0,0
intermittent,marked_gaussian_evidence_prune_info,55,2,55,0,55,14,41,True,61,6,55,4,45,0
intermittent,marked_gaussian_evidence_prune_info,56,1,55,11,66,63,3,True,63,3,60,3,0,5
intermittent,marked_gaussian_evidence_prune_info,56,2,55,0,55,11,44,True,63,3,60,1,50,5
intermittent,marked_gaussian_evidence_prune_info,57,1,60,10,70,64,6,False,64,0,64,0,0,4
intermittent,marked_gaussian_evidence_prune_info,57,2,60,0,60,14,46,True,64,5,59,4,49,-1
intermittent,marked_gaussian_evidence_prune_info,58,1,64,10,74,68,6,False,68,0,68,0,0,4
intermittent,marked_gaussian_evidence_prune_info,58,2,59,0,59,11,48,True,68,3,65,2,56,6
intermittent,marked_gaussian_evidence_prune_info,59,1,68,10,78,71,7,True,72,7,65,7,1,-3
intermittent,marked_gaussian_evidence_prune_info,59,2,65,1,66,14,52,True,72,7,65,3,54,0
intermittent,marked_gaussian_evidence_prune_info,60,1,65,10,75,71,4,True,73,4,69,4,2,4
intermittent,marked_gaussian_evidence_prune_info,60,2,65,1,66,16,50,True,73,4,69,1,54,4
intermittent,marked_gaussian_evidence_prune_info,61,1,69,10,79,68,11,True,71,12,59,12,3,-10
intermittent,marked_gaussian_evidence_prune_info,61,2,69,3,72,20,52,True,71,12,59,9,48,-10
intermittent,marked_gaussian_evidence_prune_info,62,1,59,9,68,64,4,True,69,6,63,6,5,4
intermittent,marked_gaussian_evidence_prune_info,62,2,59,3,62,15,47,True,69,6,63,2,50,4
intermittent,marked_gaussian_evidence_prune_info,63,1,63,9,72,66,6,True,69,3,66,3,3,3
intermittent,marked_gaussian_evidence_prune_info,63,2,63,1,64,19,45,True,69,3,66,3,50,3
intermittent,marked_gaussian_evidence_prune_info,64,1,66,9,75,68,7,True,76,2,74,2,8,8
intermittent,marked_gaussian_evidence_prune_info,64,2,66,3,69,21,48,True,76,2,74,1,54,8
intermittent,marked_gaussian_evidence_prune_info,65,1,74,9,83,72,11,True,80,5,75,5,8,1
intermittent,marked_gaussian_evidence_prune_info,65,2,74,3,77,26,51,False,26,0,26,0,0,-48
intermittent,marked_gaussian_evidence_prune_info,66,1,75,11,86,79,7,True,84,6,78,6,5,3
intermittent,marked_gaussian_evidence_prune_info,66,2,26,2,28,26,2,True,84,6,78,6,58,52
intermittent,marked_gaussian_evidence_prune_info,67,1,78,9,87,78,9,False,78,0,78,0,0,0
intermittent,marked_gaussian_evidence_prune_info,67,2,78,1,79,19,60,True,85,5,80,1,62,2
intermittent,marked_gaussian_evidence_prune_info,68,1,78,10,88,81,7,False,81,0,81,0,0,3
intermittent,marked_gaussian_evidence_prune_info,68,2,80,1,81,22,59,True,90,4,86,2,66,6
intermittent,marked_gaussian_evidence_prune_info,69,1,81,11,92,86,6,True,96,11,85,11,10,4
intermittent,marked_gaussian_evidence_prune_info,69,2,86,1,87,25,62,True,96,11,85,2,62,-1
intermittent,marked_gaussian_evidence_prune_info,70,1,85,10,95,85,10,True,92,7,85,7,7,0
intermittent,marked_gaussian_evidence_prune_info,70,2,85,1,86,29,57,True,92,7,85,2,58,0
intermittent,marked_gaussian_evidence_prune_info,71,1,85,11,96,83,13,True,95,2,93,2,12,8
intermittent,marked_gaussian_evidence_prune_info,71,2,85,1,86,31,55,True,95,2,93,1,63,8
intermittent,marked_gaussian_evidence_prune_info,72,1,93,10,103,88,15,True,100,6,94,6,12,1
intermittent,marked_gaussian_evidence_prune_info,72,2,93,2,95,36,59,True,100,6,94,3,61,1
intermittent,marked_gaussian_evidence_prune_info,73,1,94,10,104,93,11,True,102,5,97,5,9,3
intermittent,marked_gaussian_evidence_prune_info,73,2,94,1,95,37,58,True,102,5,97,2,62,3
intermittent,marked_gaussian_evidence_prune_info,74,1,97,12,109,92,17,True,106,3,103,3,14,6
intermittent,marked_gaussian_evidence_prune_info,74,2,97,1,98,39,59,True,106,3,103,2,66,6
intermittent,marked_gaussian_evidence_prune_info,75,1,103,12,115,96,19,True,112,6,106,6,16,3
intermittent,marked_gaussian_evidence_prune_info,75,2,103,2,105,43,62,True,112,6,106,2,65,3
intermittent,marked_gaussian_evidence_prune_info,76,1,106,12,118,97,21,True,113,10,103,9,15,-3
intermittent,marked_gaussian_evidence_prune_info,76,2,106,2,108,45,63,True,113,10,103,6,64,-3
intermittent,marked_gaussian_evidence_prune_info,77,1,103,13,116,98,18,True,98,9,89,9,0,-14
intermittent,marked_gaussian_evidence_prune_info,77,2,103,2,105,27,78,True,98,9,89,5,67,-14
intermittent,marked_gaussian_evidence_prune_info,78,1,89,11,100,96,4,True,96,12,84,12,0,-5
intermittent,marked_gaussian_evidence_prune_info,78,2,89,1,90,27,63,True,96,12,84,6,63,-5
intermittent,marked_gaussian_evidence_prune_info,79,1,84,11,95,90,5,True,90,12,78,12,0,-6
intermittent,marked_gaussian_evidence_prune_info,79,2,84,2,86,26,60,True,90,12,78,9,61,-6
intermittent,marked_gaussian_evidence_prune_info,80,1,78,11,89,85,4,True,85,7,78,7,0,0
intermittent,marked_gaussian_evidence_prune_info,80,2,78,0,78,16,62,True,85,7,78,2,64,0
intermittent,marked_gaussian_evidence_prune_info,81,1,78,11,89,84,5,True,84,9,75,9,0,-3
intermittent,marked_gaussian_evidence_prune_info,81,2,78,0,78,17,61,True,84,9,75,4,62,-3
intermittent,marked_gaussian_evidence_prune_info,82,1,75,10,85,79,6,True,79,4,75,4,0,0
intermittent,marked_gaussian_evidence_prune_info,82,2,75,1,76,16,60,True,79,4,75,3,62,0
intermittent,marked_gaussian_evidence_prune_info,83,1,75,10,85,83,2,True,83,2,81,2,0,6
intermittent,marked_gaussian_evidence_prune_info,83,2,75,0,75,15,60,True,83,2,81,1,67,6
intermittent,marked_gaussian_evidence_prune_info,84,1,81,12,93,86,7,True,86,8,78,8,0,-3
intermittent,marked_gaussian_evidence_prune_info,84,2,81,1,82,18,64,False,18,0,18,0,0,-63
intermittent,marked_gaussian_evidence_prune_info,85,1,78,10,88,84,4,True,84,5,79,5,0,1
intermittent,marked_gaussian_evidence_prune_info,85,2,18,0,18,17,1,True,84,5,79,5,67,61
intermittent,marked_gaussian_evidence_prune_info,86,1,79,10,89,87,2,False,87,0,87,0,0,8
intermittent,marked_gaussian_evidence_prune_info,86,2,79,0,79,13,66,True,87,0,87,0,74,8
intermittent,marked_gaussian_evidence_prune_info,87,1,87,10,97,90,7,True,90,6,84,6,0,-3
intermittent,marked_gaussian_evidence_prune_info,87,2,87,0,87,18,69,True,90,6,84,6,72,-3
intermittent,marked_gaussian_evidence_prune_info,88,1,84,10,94,93,1,True,93,8,85,8,0,1
intermittent,marked_gaussian_evidence_prune_info,88,2,84,0,84,12,72,True,93,8,85,0,73,1
intermittent,marked_gaussian_evidence_prune_info,89,1,85,10,95,88,7,True,88,18,70,18,0,-15
intermittent,marked_gaussian_evidence_prune_info,89,2,85,1,86,19,67,True,88,18,70,6,57,-15
intermittent,marked_gaussian_evidence_prune_info,90,1,70,9,79,77,2,True,77,20,57,20,0,-13
intermittent,marked_gaussian_evidence_prune_info,90,2,70,0,70,13,57,True,77,20,57,0,44,-13
intermittent,marked_gaussian_evidence_prune_info,91,1,57,9,66,59,7,True,59,8,51,8,0,-6
intermittent,marked_gaussian_evidence_prune_info,91,2,57,1,58,19,39,True,59,8,51,6,38,-6
intermittent,marked_gaussian_evidence_prune_info,92,1,51,9,60,59,1,True,59,1,58,1,0,7
intermittent,marked_gaussian_evidence_prune_info,92,2,51,1,52,14,38,True,59,1,58,1,45,7
intermittent,marked_gaussian_evidence_prune_info,93,1,58,10,68,62,6,True,62,4,58,4,0,0
intermittent,marked_gaussian_evidence_prune_info,93,2,58,1,59,19,40,True,62,4,58,4,43,0
intermittent,marked_gaussian_evidence_prune_info,94,1,58,10,68,65,3,False,65,0,65,0,0,7
intermittent,marked_gaussian_evidence_prune_info,94,2,58,1,59,16,43,True,66,5,61,3,48,3
intermittent,marked_gaussian_evidence_prune_info,95,1,65,10,75,70,5,True,70,8,62,8,0,-3
intermittent,marked_gaussian_evidence_prune_info,95,2,61,2,63,18,45,True,70,8,62,6,50,1
intermittent,marked_gaussian_evidence_prune_info,96,1,62,11,73,71,2,True,71,5,66,5,0,4
intermittent,marked_gaussian_evidence_prune_info,96,2,62,1,63,15,48,True,71,5,66,2,53,4
intermittent,marked_gaussian_evidence_prune_info,97,1,66,11,77,72,5,False,72,0,72,0,0,6
intermittent,marked_gaussian_evidence_prune_info,97,2,66,2,68,19,49,False,19,0,19,0,0,-47
intermittent,marked_gaussian_evidence_prune_info,98,1,72,10,82,76,6,False,76,0,76,0,0,4
intermittent,marked_gaussian_evidence_prune_info,98,2,19,1,20,19,1,False,19,0,19,0,0,0
intermittent,marked_gaussian_evidence_prune_info,99,1,76,10,86,78,8,False,78,0,78,0,0,2
intermittent,marked_gaussian_evidence_prune_info,99,2,19,1,20,19,1,False,19,0,19,0,0,0
intermittent,marked_gaussian_evidence_prune_info,100,1,78,11,89,80,9,False,80,0,80,0,0,2
intermittent,marked_gaussian_evidence_prune_info,100,2,19,1,20,17,3,False,17,0,17,0,0,-2
intermittent,marked_gaussian_evidence_prune_info,101,1,80,11,91,81,10,False,81,0,81,0,0,1
intermittent,marked_gaussian_evidence_prune_info,101,2,17,1,18,16,2,False,16,0,16,0,0,-1
intermittent,marked_gaussian_evidence_prune_info,102,1,81,11,92,76,16,False,76,0,76,0,0,-5
intermittent,marked_gaussian_evidence_prune_info,102,2,16,1,17,17,0,False,17,0,17,0,0,1
intermittent,marked_gaussian_evidence_prune_info,103,1,76,9,85,75,10,False,75,0,75,0,0,-1
intermittent,marked_gaussian_evidence_prune_info,103,2,17,1,18,17,1,False,17,0,17,0,0,0
intermittent,marked_gaussian_evidence_prune_info,104,1,75,11,86,77,9,False,77,0,77,0,0,2
intermittent,marked_gaussian_evidence_prune_info,104,2,17,0,17,14,3,False,14,0,14,0,0,-3
intermittent,marked_gaussian_evidence_prune_info,105,1,77,11,88,72,16,False,72,0,72,0,0,-5
intermittent,marked_gaussian_evidence_prune_info,105,2,14,0,14,14,0,False,14,0,14,0,0,0
intermittent,marked_gaussian_evidence_prune_info,106,1,72,9,81,69,12,False,69,0,69,0,0,-3
intermittent,marked_gaussian_evidence_prune_info,106,2,14,0,14,13,1,False,13,0,13,0,0,-1
intermittent,marked_gaussian_evidence_prune_info,107,1,69,9,78,70,8,False,70,0,70,0,0,1
intermittent,marked_gaussian_evidence_prune_info,107,2,13,0,13,12,1,False,12,0,12,0,0,-1
intermittent,marked_gaussian_evidence_prune_info,108,1,70,9,79,70,9,False,70,0,70,0,0,0
intermittent,marked_gaussian_evidence_prune_info,108,2,12,0,12,12,0,False,12,0,12,0,0,0
intermittent,marked_gaussian_evidence_prune_info,109,1,70,9,79,73,6,False,73,0,73,0,0,3
intermittent,marked_gaussian_evidence_prune_info,109,2,12,0,12,11,1,False,11,0,11,0,0,-1
intermittent,marked_gaussian_evidence_prune_info,110,1,73,9,82,71,11,False,71,0,71,0,0,-2
intermittent,marked_gaussian_evidence_prune_info,110,2,11,0,11,11,0,False,11,0,11,0,0,0
intermittent,marked_gaussian_evidence_prune_info,111,1,71,9,80,70,10,False,70,0,70,0,0,-1
intermittent,marked_gaussian_evidence_prune_info,111,2,11,2,13,13,0,False,13,0,13,0,0,2
intermittent,marked_gaussian_evidence_prune_info,112,1,70,10,80,71,9,False,71,0,71,0,0,1
intermittent,marked_gaussian_evidence_prune_info,112,2,13,1,14,12,2,False,12,0,12,0,0,-1
intermittent,marked_gaussian_evidence_prune_info,113,1,71,10,81,72,9,False,72,0,72,0,0,1
intermittent,marked_gaussian_evidence_prune_info,113,2,12,2,14,14,0,False,14,0,14,0,0,2
intermittent,marked_gaussian_evidence_prune_info,114,1,72,9,81,71,10,False,71,0,71,0,0,-1
intermittent,marked_gaussian_evidence_prune_info,114,2,14,3,17,17,0,False,17,0,17,0,0,3
intermittent,marked_gaussian_evidence_prune_info,115,1,71,8,79,67,12,False,67,0,67,0,0,-4
intermittent,marked_gaussian_evidence_prune_info,115,2,17,3,20,20,0,False,20,0,20,0,0,3
intermittent,marked_gaussian_evidence_prune_info,116,1,67,8,75,67,8,False,67,0,67,0,0,0
intermittent,marked_gaussian_evidence_prune_info,116,2,20,3,23,21,2,False,21,0,21,0,0,1
intermittent,marked_gaussian_evidence_prune_info,117,1,67,8,75,67,8,False,67,0,67,0,0,0
intermittent,marked_gaussian_evidence_prune_info,117,2,21,2,23,17,6,False,17,0,17,0,0,-4
intermittent,marked_gaussian_evidence_prune_info,118,1,67,9,76,64,12,False,64,0,64,0,0,-3
intermittent,marked_gaussian_evidence_prune_info,118,2,17,1,18,14,4,False,14,0,14,0,0,-3
intermittent,marked_gaussian_evidence_prune_info,119,1,64,8,72,63,9,False,63,0,63,0,0,-1
intermittent,marked_gaussian_evidence_prune_info,119,2,14,2,16,13,3,False,13,0,13,0,0,-1
intermittent,marked_gaussian_evidence_prune_info,120,1,63,8,71,66,5,False,66,0,66,0,0,3
intermittent,marked_gaussian_evidence_prune_info,120,2,13,2,15,14,1,False,14,0,14,0,0,1
intermittent,marked_gaussian_evidence_prune_info,121,1,66,9,75,67,8,False,67,0,67,0,0,1
intermittent,marked_gaussian_evidence_prune_info,121,2,14,4,18,16,2,False,16,0,16,0,0,2
intermittent,marked_gaussian_evidence_prune_info,122,1,67,10,77,70,7,False,70,0,70,0,0,3
intermittent,marked_gaussian_evidence_prune_info,122,2,16,3,19,17,2,False,17,0,17,0,0,1
intermittent,marked_gaussian_evidence_prune_info,123,1,70,10,80,70,10,False,70,0,70,0,0,0
intermittent,marked_gaussian_evidence_prune_info,123,2,17,3,20,19,1,False,19,0,19,0,0,2
intermittent,marked_gaussian_evidence_prune_info,124,1,70,10,80,68,12,False,68,0,68,0,0,-2
intermittent,marked_gaussian_evidence_prune_info,124,2,19,4,23,18,5,False,18,0,18,0,0,-1
intermittent,marked_gaussian_evidence_prune_info,125,1,68,9,77,64,13,False,64,0,64,0,0,-4
intermittent,marked_gaussian_evidence_prune_info,125,2,18,2,20,17,3,False,17,0,17,0,0,-1
intermittent,marked_gaussian_evidence_prune_info,126,1,64,9,73,67,6,False,67,0,67,0,0,3
intermittent,marked_gaussian_evidence_prune_info,126,2,17,2,19,15,4,False,15,0,15,0,0,-2
intermittent,marked_gaussian_evidence_prune_info,127,1,67,12,79,71,8,False,71,0,71,0,0,4
intermittent,marked_gaussian_evidence_prune_info,127,2,15,2,17,14,3,False,14,0,14,0,0,-1
intermittent,marked_gaussian_evidence_prune_info,128,1,71,10,81,72,9,False,72,0,72,0,0,1
intermittent,marked_gaussian_evidence_prune_info,128,2,14,1,15,12,3,False,12,0,12,0,0,-2
intermittent,marked_gaussian_evidence_prune_info,129,1,72,13,85,74,11,False,74,0,74,0,0,2
intermittent,marked_gaussian_evidence_prune_info,129,2,12,1,13,11,2,False,11,0,11,0,0,-1
intermittent,marked_gaussian_evidence_prune_info,130,1,74,11,85,76,9,False,76,0,76,0,0,2
intermittent,marked_gaussian_evidence_prune_info,130,2,11,2,13,11,2,False,11,0,11,0,0,0
intermittent,marked_gaussian_evidence_prune_info,131,1,76,13,89,76,13,False,76,0,76,0,0,0
intermittent,marked_gaussian_evidence_prune_info,131,2,11,1,12,9,3,False,9,0,9,0,0,-2
intermittent,marked_gaussian_evidence_prune_info,132,1,76,13,89,76,13,False,76,0,76,0,0,0
intermittent,marked_gaussian_evidence_prune_info,132,2,9,1,10,9,1,False,9,0,9,0,0,0
intermittent,marked_gaussian_evidence_prune_info,133,1,76,13,89,74,15,False,74,0,74,0,0,-2
intermittent,marked_gaussian_evidence_prune_info,133,2,9,0,9,7,2,False,7,0,7,0,0,-2
intermittent,marked_gaussian_evidence_prune_info,134,1,74,13,87,75,12,False,75,0,75,0,0,1
intermittent,marked_gaussian_evidence_prune_info,134,2,7,0,7,7,0,False,7,0,7,0,0,0
intermittent,marked_gaussian_evidence_prune_info,135,1,75,12,87,74,13,False,74,0,74,0,0,-1
intermittent,marked_gaussian_evidence_prune_info,135,2,7,1,8,8,0,False,8,0,8,0,0,1
intermittent,marked_gaussian_evidence_prune_info,136,1,74,12,86,78,8,False,78,0,78,0,0,4
intermittent,marked_gaussian_evidence_prune_info,136,2,8,1,9,7,2,False,7,0,7,0,0,-1
intermittent,marked_gaussian_evidence_prune_info,137,1,78,13,91,74,17,False,74,0,74,0,0,-4
intermittent,marked_gaussian_evidence_prune_info,137,2,7,0,7,6,1,False,6,0,6,0,0,-1
intermittent,marked_gaussian_evidence_prune_info,138,1,74,11,85,74,11,False,74,0,74,0,0,0
intermittent,marked_gaussian_evidence_prune_info,138,2,6,3,9,9,0,False,9,0,9,0,0,3
intermittent,marked_gaussian_evidence_prune_info,139,1,74,12,86,72,14,False,72,0,72,0,0,-2
intermittent,marked_gaussian_evidence_prune_info,139,2,9,3,12,12,0,False,12,0,12,0,0,3
intermittent,marked_gaussian_evidence_prune_info,140,1,72,11,83,71,12,False,71,0,71,0,0,-1
intermittent,marked_gaussian_evidence_prune_info,140,2,12,3,15,13,2,False,13,0,13,0,0,1
intermittent,marked_gaussian_evidence_prune_info,141,1,71,13,84,73,11,False,73,0,73,0,0,2
intermittent,marked_gaussian_evidence_prune_info,141,2,13,2,15,11,4,False,11,0,11,0,0,-2
intermittent,marked_gaussian_evidence_prune_info,142,1,73,13,86,70,16,False,70,0,70,0,0,-3
intermittent,marked_gaussian_evidence_prune_info,142,2,11,2,13,11,2,False,11,0,11,0,0,0
intermittent,marked_gaussian_evidence_prune_info,143,1,70,12,82,66,16,False,66,0,66,0,0,-4
intermittent,marked_gaussian_evidence_prune_info,143,2,11,1,12,12,0,False,12,0,12,0,0,1
intermittent,marked_gaussian_evidence_prune_info,144,1,66,12,78,68,10,False,68,0,68,0,0,2
intermittent,marked_gaussian_evidence_prune_info,144,2,12,2,14,14,0,False,14,0,14,0,0,2
intermittent,marked_gaussian_evidence_prune_info,145,1,68,13,81,69,12,True,71,3,68,3,2,0
intermittent,marked_gaussian_evidence_prune_info,145,2,14,2,16,11,5,False,11,0,11,0,0,-3
intermittent,marked_gaussian_evidence_prune_info,146,1,68,14,82,74,8,True,74,5,69,5,0,1
intermittent,marked_gaussian_evidence_prune_info,146,2,11,2,13,13,0,False,13,0,13,0,0,2
intermittent,marked_gaussian_evidence_prune_info,147,1,69,14,83,78,5,False,78,0,78,0,0,9
intermittent,marked_gaussian_evidence_prune_info,147,2,13,2,15,12,3,True,78,4,74,4,66,61
intermittent,marked_gaussian_evidence_prune_info,148,1,78,14,92,84,8,True,84,6,78,6,0,0
intermittent,marked_gaussian_evidence_prune_info,148,2,74,3,77,75,2,True,84,6,78,5,8,4
intermittent,marked_gaussian_evidence_prune_info,149,1,78,14,92,83,9,True,83,3,80,3,0,2
intermittent,marked_gaussian_evidence_prune_info,149,2,78,4,82,76,6,True,83,3,80,3,7,2
intermittent,marked_gaussian_evidence_prune_info,150,1,80,13,93,84,9,True,84,12,72,12,0,-8
intermittent,marked_gaussian_evidence_prune_info,150,2,80,2,82,63,19,True,84,12,72,8,17,-8
intermittent,marked_gaussian_evidence_prune_info,151,1,72,14,86,85,1,True,85,5,80,5,0,8
intermittent,marked_gaussian_evidence_prune_info,151,2,72,3,75,16,59,True,85,5,80,1,65,8
intermittent,marked_gaussian_evidence_prune_info,152,1,80,15,95,88,7,True,88,9,79,9,0,-1
intermittent,marked_gaussian_evidence_prune_info,152,2,80,5,85,28,57,True,88,9,79,7,58,-1
intermittent,marked_gaussian_evidence_prune_info,153,1,79,14,93,93,0,True,93,6,87,6,0,8
intermittent,marked_gaussian_evidence_prune_info,153,2,79,5,84,26,58,True,93,6,87,5,66,8
intermittent,marked_gaussian_evidence_prune_info,154,1,87,15,102,96,6,True,96,10,86,10,0,-1
intermittent,marked_gaussian_evidence_prune_info,154,2,87,5,92,88,4,True,96,10,86,10,8,-1
intermittent,marked_gaussian_evidence_prune_info,155,1,86,14,100,98,2,True,98,11,87,11,0,1
intermittent,marked_gaussian_evidence_prune_info,155,2,86,6,92,24,68,True,98,11,87,5,68,1
intermittent,marked_gaussian_evidence_prune_info,156,1,87,14,101,95,6,True,96,15,81,15,1,-6
intermittent,marked_gaussian_evidence_prune_info,156,2,87,4,91,28,63,True,96,15,81,8,61,-6
intermittent,marked_gaussian_evidence_prune_info,157,1,81,15,96,94,2,True,96,13,83,13,2,2
intermittent,marked_gaussian_evidence_prune_info,157,2,81,5,86,27,59,True,96,13,83,4,60,2
intermittent,marked_gaussian_evidence_prune_info,158,1,83,14,97,88,9,True,90,13,77,13,2,-6
intermittent,marked_gaussian_evidence_prune_info,158,2,83,6,89,36,53,True,90,13,77,10,51,-6
intermittent,marked_gaussian_evidence_prune_info,159,1,77,14,91,84,7,True,88,7,81,7,4,4
intermittent,marked_gaussian_evidence_prune_info,159,2,77,4,81,24,57,True,88,7,81,4,61,4
intermittent,marked_gaussian_evidence_prune_info,160,1,81,13,94,84,10,True,84,12,72,12,0,-9
intermittent,marked_gaussian_evidence_prune_info,160,2,81,3,84,24,60,True,84,12,72,8,56,-9
intermittent,marked_gaussian_evidence_prune_info,161,1,72,13,85,84,1,True,84,3,81,3,0,9
intermittent,marked_gaussian_evidence_prune_info,161,2,72,2,74,17,57,False,17,0,17,0,0,-55
intermittent,marked_gaussian_evidence_prune_info,162,1,81,14,95,86,9,True,86,4,82,4,0,1
intermittent,marked_gaussian_evidence_prune_info,162,2,17,2,19,14,5,True,86,4,82,3,71,65
intermittent,marked_gaussian_evidence_prune_info,163,1,82,12,94,87,7,True,87,9,78,9,0,-4
intermittent,marked_gaussian_evidence_prune_info,163,2,82,2,84,22,62,True,87,9,78,7,63,-4
intermittent,marked_gaussian_evidence_prune_info,164,1,78,11,89,88,1,True,88,11,77,11,0,-1
intermittent,marked_gaussian_evidence_prune_info,164,2,78,2,80,18,62,True,88,11,77,2,61,-1
intermittent,marked_gaussian_evidence_prune_info,165,1,77,12,89,83,6,True,83,10,73,10,0,-4
intermittent,marked_gaussian_evidence_prune_info,165,2,77,2,79,23,56,True,83,10,73,7,57,-4
intermittent,marked_gaussian_evidence_prune_info,166,1,73,12,85,84,1,True,85,4,81,4,1,8
intermittent,marked_gaussian_evidence_prune_info,166,2,73,3,76,19,57,True,85,4,81,2,64,8
intermittent,marked_gaussian_evidence_prune_info,167,1,81,11,92,86,6,True,88,14,74,14,2,-7
intermittent,marked_gaussian_evidence_prune_info,167,2,81,5,86,27,59,True,88,14,74,8,55,-7
intermittent,marked_gaussian_evidence_prune_info,168,1,74,10,84,80,4,True,83,11,72,11,3,-2
intermittent,marked_gaussian_evidence_prune_info,168,2,74,4,78,21,57,True,83,11,72,4,55,-2
intermittent,marked_gaussian_evidence_prune_info,169,1,72,10,82,73,9,True,78,8,70,8,5,-2
intermittent,marked_gaussian_evidence_prune_info,169,2,72,4,76,27,49,True,78,8,70,7,50,-2
intermittent,marked_gaussian_evidence_prune_info,170,1,70,10,80,76,4,True,80,4,76,4,4,6
intermittent,marked_gaussian_evidence_prune_info,170,2,70,3,73,19,54,True,80,4,76,2,59,6
intermittent,marked_gaussian_evidence_prune_info,171,1,76,10,86,75,11,True,82,8,74,8,7,-2
intermittent,marked_gaussian_evidence_prune_info,171,2,76,3,79,24,55,True,82,8,74,6,56,-2
intermittent,marked_gaussian_evidence_prune_info,172,1,74,10,84,78,6,True,78,4,74,4,0,0
intermittent,marked_gaussian_evidence_prune_info,172,2,74,3,77,20,57,True,78,4,74,4,58,0
intermittent,marked_gaussian_evidence_prune_info,173,1,74,11,85,80,5,False,80,0,80,0,0,6
intermittent,marked_gaussian_evidence_prune_info,173,2,74,4,78,29,49,True,81,7,74,7,52,0
intermittent,marked_gaussian_evidence_prune_info,174,1,80,11,91,85,6,True,86,12,74,12,1,-6
intermittent,marked_gaussian_evidence_prune_info,174,2,74,7,81,25,56,True,86,12,74,7,56,0
intermittent,marked_gaussian_evidence_prune_info,175,1,74,10,84,75,9,True,76,13,63,13,1,-11
intermittent,marked_gaussian_evidence_prune_info,175,2,74,6,80,29,51,True,76,13,63,13,47,-11
intermittent,marked_gaussian_evidence_prune_info,176,1,63,9,72,71,1,True,72,5,67,5,1,4
intermittent,marked_gaussian_evidence_prune_info,176,2,63,4,67,52,15,True,72,5,67,5,20,4
intermittent,marked_gaussian_evidence_prune_info,177,1,67,11,78,75,3,True,75,8,67,8,0,0
intermittent,marked_gaussian_evidence_prune_info,177,2,67,5,72,55,17,True,75,8,67,8,20,0
intermittent,marked_gaussian_evidence_prune_info,178,1,67,10,77,74,3,True,74,6,68,6,0,1
intermittent,marked_gaussian_evidence_prune_info,178,2,67,4,71,54,17,True,74,6,68,6,20,1
intermittent,marked_gaussian_evidence_prune_info,179,1,68,10,78,65,13,True,65,6,59,6,0,-9
intermittent,marked_gaussian_evidence_prune_info,179,2,68,4,72,53,19,True,65,6,59,6,12,-9
intermittent,marked_gaussian_evidence_prune_info,180,1,59,10,69,65,4,True,65,4,61,4,0,2
intermittent,marked_gaussian_evidence_prune_info,180,2,59,2,61,17,44,True,65,4,61,4,48,2
intermittent,marked_gaussian_evidence_prune_info,181,1,61,11,72,70,2,True,71,2,69,2,1,8
intermittent,marked_gaussian_evidence_prune_info,181,2,61,4,65,19,46,True,71,2,69,2,52,8
intermittent,marked_gaussian_evidence_prune_info,182,1,69,10,79,72,7,True,73,10,63,10,1,-6
intermittent,marked_gaussian_evidence_prune_info,182,2,69,4,73,21,52,False,21,0,21,0,0,-48
intermittent,marked_gaussian_evidence_prune_info,183,1,63,11,74,71,3,True,72,5,67,5,1,4
intermittent,marked_gaussian_evidence_prune_info,183,2,21,3,24,19,5,True,72,5,67,5,53,46
intermittent,marked_gaussian_evidence_prune_info,184,1,67,12,79,78,1,True,78,7,71,7,0,4
intermittent,marked_gaussian_evidence_prune_info,184,2,67,3,70,21,49,True,78,7,71,3,53,4
intermittent,marked_gaussian_evidence_prune_info,185,1,71,11,82,70,12,True,71,14,57,14,1,-14
intermittent,marked_gaussian_evidence_prune_info,185,2,71,4,75,24,51,True,71,14,57,8,41,-14
intermittent,marked_gaussian_evidence_prune_info,186,1,57,9,66,63,3,True,63,5,58,5,0,1
intermittent,marked_gaussian_evidence_prune_info,186,2,57,3,60,19,41,True,63,5,58,5,44,1
intermittent,marked_gaussian_evidence_prune_info,187,1,58,10,68,63,5,False,63,0,63,0,0,5
intermittent,marked_gaussian_evidence_prune_info,187,2,58,4,62,60,2,True,63,6,57,6,3,-1
intermittent,marked_gaussian_evidence_prune_info,188,1,63,9,72,63,9,True,64,5,59,5,1,-4
intermittent,marked_gaussian_evidence_prune_info,188,2,57,5,62,61,1,True,64,5,59,5,3,2
intermittent,marked_gaussian_evidence_prune_info,189,1,59,9,68,67,1,True,67,5,62,5,0,3
intermittent,marked_gaussian_evidence_prune_info,189,2,59,6,65,63,2,True,67,5,62,5,4,3
intermittent,marked_gaussian_evidence_prune_info,190,1,62,10,72,66,6,True,68,7,61,7,2,-1
intermittent,marked_gaussian_evidence_prune_info,190,2,62,4,66,62,4,True,68,7,61,7,6,-1
intermittent,marked_gaussian_evidence_prune_info,191,1,61,10,71,68,3,True,70,5,65,5,2,4
intermittent,marked_gaussian_evidence_prune_info,191,2,61,6,67,64,3,True,70,5,65,5,6,4
intermittent,marked_gaussian_evidence_prune_info,192,1,65,11,76,69,7,True,70,6,64,6,1,-1
intermittent,marked_gaussian_evidence_prune_info,192,2,65,6,71,65,6,True,70,6,64,6,5,-1
intermittent,marked_gaussian_evidence_prune_info,193,1,64,9,73,68,5,True,72,3,69,3,4,5
intermittent,marked_gaussian_evidence_prune_info,193,2,64,5,69,69,0,True,72,3,69,3,3,5
intermittent,marked_gaussian_evidence_prune_info,194,1,69,10,79,71,8,True,75,4,71,4,4,2
intermittent,marked_gaussian_evidence_prune_info,194,2,69,4,73,31,42,True,75,4,71,4,44,2
intermittent,marked_gaussian_evidence_prune_info,195,1,71,10,81,70,11,True,72,11,61,11,2,-10
intermittent,marked_gaussian_evidence_prune_info,195,2,71,2,73,24,49,True,72,11,61,9,46,-10
intermittent,marked_gaussian_evidence_prune_info,196,1,61,9,70,66,4,True,71,4,67,4,5,6
intermittent,marked_gaussian_evidence_prune_info,196,2,61,3,64,18,46,True,71,4,67,2,51,6
intermittent,marked_gaussian_evidence_prune_info,197,1,67,11,78,68,10,True,68,11,57,11,0,-10
intermittent,marked_gaussian_evidence_prune_info,197,2,67,3,70,20,50,True,68,11,57,7,44,-10
intermittent,marked_gaussian_evidence_prune_info,198,1,57,8,65,64,1,True,66,8,58,8,2,1
intermittent,marked_gaussian_evidence_prune_info,198,2,57,3,60,16,44,True,66,8,58,0,42,1
intermittent,marked_gaussian_evidence_prune_info,199,1,58,11,69,63,6,True,64,7,57,7,1,-1
intermittent,marked_gaussian_evidence_prune_info,199,2,58,3,61,23,38,False,23,0,23,0,0,-35
intermittent,marked_gaussian_evidence_prune_info,200,1,57,11,68,66,2,False,66,0,66,0,0,9
intermittent,marked_gaussian_evidence_prune_info,200,2,23,3,26,25,1,True,69,5,64,5,44,41
intermittent,marked_gaussian_evidence_prune_info,201,1,66,12,78,73,5,True,76,4,72,4,3,6
intermittent,marked_gaussian_evidence_prune_info,201,2,64,2,66,23,43,True,76,4,72,3,52,8
intermittent,marked_gaussian_evidence_prune_info,202,1,72,12,84,79,5,True,79,13,66,13,0,-6
intermittent,marked_gaussian_evidence_prune_info,202,2,72,2,74,28,46,True,79,13,66,5,43,-6
intermittent,marked_gaussian_evidence_prune_info,203,1,66,11,77,69,8,True,71,9,62,9,2,-4
intermittent,marked_gaussian_evidence_prune_info,203,2,66,4,70,25,45,False,25,0,25,0,0,-41
intermittent,marked_gaussian_evidence_prune_info,204,1,62,10,72,68,4,True,70,6,64,6,2,2
intermittent,marked_gaussian_evidence_prune_info,204,2,25,3,28,25,3,True,70,6,64,6,45,39
intermittent,marked_gaussian_evidence_prune_info,205,1,64,10,74,68,6,True,69,9,60,9,1,-4
intermittent,marked_gaussian_evidence_prune_info,205,2,64,3,67,27,40,True,69,9,60,8,41,-4
intermittent,marked_gaussian_evidence_prune_info,206,1,60,10,70,68,2,False,68,0,68,0,0,8
intermittent,marked_gaussian_evidence_prune_info,206,2,60,4,64,19,45,True,70,8,62,4,47,2
intermittent,marked_gaussian_evidence_prune_info,207,1,68,10,78,68,10,True,71,10,61,10,3,-7
intermittent,marked_gaussian_evidence_prune_info,207,2,62,4,66,27,39,True,71,10,61,9,43,-1
intermittent,marked_gaussian_evidence_prune_info,208,1,61,10,71,68,3,True,71,5,66,5,3,5
intermittent,marked_gaussian_evidence_prune_info,208,2,61,3,64,20,44,True,71,5,66,3,49,5
intermittent,marked_gaussian_evidence_prune_info,209,1,66,10,76,68,8,True,70,10,60,10,2,-6
intermittent,marked_gaussian_evidence_prune_info,209,2,66,3,69,26,43,True,70,10,60,9,43,-6
intermittent,marked_gaussian_evidence_prune_info,210,1,60,10,70,68,2,True,71,4,67,4,3,7
intermittent,marked_gaussian_evidence_prune_info,210,2,60,5,65,25,40,True,71,4,67,3,45,7
intermittent,marked_gaussian_evidence_prune_info,211,1,67,10,77,67,10,True,70,11,59,11,3,-8
intermittent,marked_gaussian_evidence_prune_info,211,2,67,4,71,26,45,True,70,11,59,9,42,-8
intermittent,marked_gaussian_evidence_prune_info,212,1,59,10,69,66,3,True,66,3,63,3,0,4
intermittent,marked_gaussian_evidence_prune_info,212,2,59,3,62,19,43,True,66,3,63,3,47,4
intermittent,marked_gaussian_evidence_prune_info,213,1,63,11,74,69,5,True,69,6,63,6,0,0
intermittent,marked_gaussian_evidence_prune_info,213,2,63,2,65,58,7,True,69,6,63,6,11,0
intermittent,marked_gaussian_evidence_prune_info,214,1,63,12,75,72,3,True,72,4,68,4,0,5
intermittent,marked_gaussian_evidence_prune_info,214,2,63,3,66,57,9,True,72,4,68,4,15,5
intermittent,marked_gaussian_evidence_prune_info,215,1,68,11,79,75,4,True,75,5,70,5,0,2
intermittent,marked_gaussian_evidence_prune_info,215,2,68,4,72,64,8,True,75,5,70,5,11,2
intermittent,marked_gaussian_evidence_prune_info,216,1,70,10,80,70,10,True,76,8,68,8,6,-2
intermittent,marked_gaussian_evidence_prune_info,216,2,70,4,74,29,45,True,76,8,68,6,45,-2
intermittent,marked_gaussian_evidence_prune_info,217,1,68,9,77,67,10,True,72,10,62,10,5,-6
intermittent,marked_gaussian_evidence_prune_info,217,2,68,4,72,26,46,False,26,0,26,0,0,-42
intermittent,marked_gaussian_evidence_prune_info,218,1,62,9,71,62,9,True,69,10,59,6,3,-3
intermittent,marked_gaussian_evidence_prune_info,218,2,26,3,29,25,4,True,69,10,59,10,44,33
intermittent,marked_gaussian_evidence_prune_info,219,1,59,8,67,63,4,True,65,4,61,4,2,2
intermittent,marked_gaussian_evidence_prune_info,219,2,59,3,62,19,43,True,65,4,61,4,46,2
intermittent,marked_gaussian_evidence_prune_info,220,1,61,8,69,63,6,True,68,6,62,6,5,1
intermittent,marked_gaussian_evidence_prune_info,220,2,61,4,65,23,42,True,68,6,62,4,43,1
intermittent,marked_gaussian_evidence_prune_info,221,1,62,8,70,65,5,True,68,7,61,7,3,-1
intermittent,marked_gaussian_evidence_prune_info,221,2,62,3,65,23,42,True,68,7,61,5,43,-1
intermittent,marked_gaussian_evidence_prune_info,222,1,61,8,69,63,6,False,63,0,63,0,0,2
intermittent,marked_gaussian_evidence_prune_info,222,2,61,3,64,19,45,True,65,8,57,4,42,-4
intermittent,marked_gaussian_evidence_prune_info,223,1,63,8,71,64,7,True,67,6,61,5,2,-2
intermittent,marked_gaussian_evidence_prune_info,223,2,57,2,59,18,41,True,67,6,61,4,47,4
intermittent,marked_gaussian_evidence_prune_info,224,1,61,9,70,65,5,False,65,0,65,0,0,4
intermittent,marked_gaussian_evidence_prune_info,224,2,61,2,63,19,44,True,66,10,56,7,44,-5
intermittent,marked_gaussian_evidence_prune_info,225,1,65,9,74,68,6,True,68,5,63,5,0,-2
intermittent,marked_gaussian_evidence_prune_info,225,2,56,2,58,16,42,True,68,5,63,3,50,7
intermittent,marked_gaussian_evidence_prune_info,226,1,63,9,72,67,5,True,69,8,61,8,2,-2
intermittent,marked_gaussian_evidence_prune_info,226,2,63,2,65,20,45,True,69,8,61,4,45,-2
intermittent,marked_gaussian_evidence_prune_info,227,1,61,9,70,68,2,False,68,0,68,0,0,7
intermittent,marked_gaussian_evidence_prune_info,227,2,61,2,63,16,47,True,68,5,63,3,50,2
intermittent,marked_gaussian_evidence_prune_info,228,1,68,9,77,71,6,True,71,9,62,9,0,-6
intermittent,marked_gaussian_evidence_prune_info,228,2,63,2,65,20,45,True,71,9,62,7,49,-1
intermittent,marked_gaussian_evidence_prune_info,229,1,62,9,71,69,2,True,70,5,65,5,1,3
intermittent,marked_gaussian_evidence_prune_info,229,2,62,2,64,18,46,True,70,5,65,2,49,3
intermittent,marked_gaussian_evidence_prune_info,230,1,65,9,74,70,4,True,70,7,63,7,0,-2
intermittent,marked_gaussian_evidence_prune_info,230,2,65,2,67,21,46,True,70,7,63,6,48,-2
intermittent,marked_gaussian_evidence_prune_info,231,1,63,9,72,71,1,True,72,5,67,5,1,4
intermittent,marked_gaussian_evidence_prune_info,231,2,63,2,65,15,50,True,72,5,67,2,54,4
intermittent,marked_gaussian_evidence_prune_info,232,1,67,9,76,71,5,True,72,6,66,6,1,-1
intermittent,marked_gaussian_evidence_prune_info,232,2,67,2,69,19,50,True,72,6,66,5,52,-1
intermittent,marked_gaussian_evidence_prune_info,233,1,66,9,75,73,2,True,74,4,70,4,1,4
intermittent,marked_gaussian_evidence_prune_info,233,2,66,2,68,16,52,True,74,4,70,2,56,4
intermittent,marked_gaussian_evidence_prune_info,234,1,70,9,79,74,5,True,75,7,68,7,1,-2
intermittent,marked_gaussian_evidence_prune_info,234,2,70,2,72,21,51,True,75,7,68,5,52,-2
intermittent,marked_gaussian_evidence_prune_info,235,1,68,9,77,75,2,True,76,3,73,3,1,5
intermittent,marked_gaussian_evidence_prune_info,235,2,68,2,70,19,51,True,76,3,73,1,55,5
intermittent,marked_gaussian_evidence_prune_info,236,1,73,9,82,77,5,True,77,8,69,8,0,-4
intermittent,marked_gaussian_evidence_prune_info,236,2,73,1,74,23,51,True,77,8,69,6,52,-4
intermittent,marked_gaussian_evidence_prune_info,237,1,69,8,77,76,1,True,78,2,76,2,2,7
intermittent,marked_gaussian_evidence_prune_info,237,2,69,2,71,26,45,True,78,2,76,0,50,7
intermittent,marked_gaussian_evidence_prune_info,238,1,76,8,84,79,5,True,79,9,70,9,0,-6
intermittent,marked_gaussian_evidence_prune_info,238,2,76,3,79,29,50,True,79,9,70,7,48,-6
intermittent,marked_gaussian_evidence_prune_info,239,1,70,8,78,68,10,True,77,7,70,4,6,0
intermittent,marked_gaussian_evidence_prune_info,239,2,70,2,72,28,44,True,77,7,70,5,47,0
intermittent,marked_gaussian_evidence_prune_info,240,1,70,7,77,66,11,True,66,9,57,9,0,-13
intermittent,marked_gaussian_evidence_prune_info,240,2,70,3,73,20,53,True,66,9,57,7,44,-13
intermittent,marked_gaussian_evidence_guarded_scalar_prune_info,1,1,0,0,0,0,0,True,0,0,0,0,0,0
intermittent,marked_gaussian_evidence_guarded_scalar_prune_info,1,2,0,0,0,0,0,True,0,0,0,0,0,0
intermittent,marked_gaussian_evidence_guarded_scalar_prune_info,2,1,0,9,9,9,0,True,9,0,9,0,0,9
intermittent,marked_gaussian_evidence_guarded_scalar_prune_info,2,2,0,1,1,1,0,True,9,0,9,0,8,9
intermittent,marked_gaussian_evidence_guarded_scalar_prune_info,3,1,9,10,19,19,0,True,19,0,19,0,0,10
intermittent,marked_gaussian_evidence_guarded_scalar_prune_info,3,2,9,0,9,7,2,True,19,0,19,0,12,10
intermittent,marked_gaussian_evidence_guarded_scalar_prune_info,4,1,19,9,28,25,3,True,25,0,25,0,0,6
intermittent,marked_gaussian_evidence_guarded_scalar_prune_info,4,2,19,0,19,14,5,True,25,0,25,0,11,6
intermittent,marked_gaussian_evidence_guarded_scalar_prune_info,5,1,25,9,34,32,2,True,32,3,29,3,0,4
intermittent,marked_gaussian_evidence_guarded_scalar_prune_info,5,2,25,0,25,20,5,True,32,3,29,3,12,4
intermittent,marked_gaussian_evidence_guarded_scalar_prune_info,6,1,29,9,38,37,1,True,37,0,37,0,0,8
intermittent,marked_gaussian_evidence_guarded_scalar_prune_info,6,2,29,0,29,19,10,True,37,0,37,0,18,8
intermittent,marked_gaussian_evidence_guarded_scalar_prune_info,7,1,37,9,46,43,3,True,43,2,41,2,0,4
intermittent,marked_gaussian_evidence_guarded_scalar_prune_info,7,2,37,0,37,20,17,True,43,2,41,2,23,4
intermittent,marked_gaussian_evidence_guarded_scalar_prune_info,8,1,41,10,51,50,1,True,50,0,50,0,0,9
intermittent,marked_gaussian_evidence_guarded_scalar_prune_info,8,2,41,0,41,22,19,False,22,0,22,0,0,-19
intermittent,marked_gaussian_evidence_guarded_scalar_prune_info,9,1,50,9,59,56,3,True,56,1,55,1,0,5
intermittent,marked_gaussian_evidence_guarded_scalar_prune_info,9,2,22,1,23,19,4,False,19,0,19,0,0,-3
intermittent,marked_gaussian_evidence_guarded_scalar_prune_info,10,1,55,10,65,62,3,True,62,2,60,2,0,5
intermittent,marked_gaussian_evidence_guarded_scalar_prune_info,10,2,19,1,20,19,1,True,62,2,60,2,43,41
intermittent,marked_gaussian_evidence_guarded_scalar_prune_info,11,1,60,10,70,65,5,True,65,4,61,4,0,1
intermittent,marked_gaussian_evidence_guarded_scalar_prune_info,11,2,60,1,61,33,28,True,65,4,61,4,32,1
intermittent,marked_gaussian_evidence_guarded_scalar_prune_info,12,1,61,10,71,64,7,True,64,9,55,9,0,-6
intermittent,marked_gaussian_evidence_guarded_scalar_prune_info,12,2,61,2,63,27,36,True,64,9,55,9,37,-6
intermittent,marked_gaussian_evidence_guarded_scalar_prune_info,13,1,55,10,65,60,5,True,61,5,56,4,0,1
intermittent,marked_gaussian_evidence_guarded_scalar_prune_info,13,2,55,0,55,21,34,True,61,5,56,5,40,1
intermittent,marked_gaussian_evidence_guarded_scalar_prune_info,14,1,56,10,66,59,7,True,59,5,54,5,0,-2
intermittent,marked_gaussian_evidence_guarded_scalar_prune_info,14,2,56,0,56,18,38,True,59,5,54,5,41,-2
intermittent,marked_gaussian_evidence_guarded_scalar_prune_info,15,1,54,9,63,59,4,True,59,2,57,2,0,3
intermittent,marked_gaussian_evidence_guarded_scalar_prune_info,15,2,54,0,54,11,43,True,59,2,57,2,48,3
intermittent,marked_gaussian_evidence_guarded_scalar_prune_info,16,1,57,9,66,62,4,True,62,5,57,5,0,0
intermittent,marked_gaussian_evidence_guarded_scalar_prune_info,16,2,57,0,57,12,45,True,62,5,57,3,48,0
intermittent,marked_gaussian_evidence_guarded_scalar_prune_info,17,1,57,11,68,63,5,True,63,5,58,5,0,1
intermittent,marked_gaussian_evidence_guarded_scalar_prune_info,17,2,57,0,57,8,49,True,63,5,58,0,50,1
intermittent,marked_gaussian_evidence_guarded_scalar_prune_info,18,1,58,10,68,64,4,False,64,0,64,0,0,6
intermittent,marked_gaussian_evidence_guarded_scalar_prune_info,18,2,58,0,58,12,46,False,12,0,12,0,0,-46
intermittent,marked_gaussian_evidence_guarded_scalar_prune_info,19,1,64,10,74,70,4,True,70,4,66,4,0,2
intermittent,marked_gaussian_evidence_guarded_scalar_prune_info,19,2,12,0,12,12,0,True,70,4,66,4,58,54
intermittent,marked_gaussian_evidence_guarded_scalar_prune_info,20,1,66,10,76,72,4,True,72,7,65,7,0,-1
intermittent,marked_gaussian_evidence_guarded_scalar_prune_info,20,2,66,0,66,22,44,True,72,7,65,4,47,-1
intermittent,marked_gaussian_evidence_guarded_scalar_prune_info,21,1,65,10,75,74,1,True,74,4,70,4,0,5
intermittent,marked_gaussian_evidence_guarded_scalar_prune_info,21,2,65,0,65,9,56,True,74,4,70,1,62,5
intermittent,marked_gaussian_evidence_guarded_scalar_prune_info,22,1,70,10,80,75,5,True,75,7,68,7,0,-2
intermittent,marked_gaussian_evidence_guarded_scalar_prune_info,22,2,70,0,70,13,57,True,75,7,68,4,59,-2
intermittent,marked_gaussian_evidence_guarded_scalar_prune_info,23,1,68,10,78,73,5,True,73,9,64,9,0,-4
intermittent,marked_gaussian_evidence_guarded_scalar_prune_info,23,2,68,0,68,9,59,True,73,9,64,0,55,-4
intermittent,marked_gaussian_evidence_guarded_scalar_prune_info,24,1,64,10,74,66,8,True,66,9,57,9,0,-7
intermittent,marked_gaussian_evidence_guarded_scalar_prune_info,24,2,64,0,64,13,51,True,66,9,57,3,47,-7
intermittent,marked_gaussian_evidence_guarded_scalar_prune_info,25,1,57,9,66,62,4,True,62,9,53,9,0,-4
intermittent,marked_gaussian_evidence_guarded_scalar_prune_info,25,2,57,0,57,12,45,True,62,9,53,2,43,-4
intermittent,marked_gaussian_evidence_guarded_scalar_prune_info,26,1,53,8,61,56,5,True,56,10,46,10,0,-7
intermittent,marked_gaussian_evidence_guarded_scalar_prune_info,26,2,53,0,53,13,40,True,56,10,46,4,37,-7
intermittent,marked_gaussian_evidence_guarded_scalar_prune_info,27,1,46,9,55,54,1,True,54,6,48,6,0,2
intermittent,marked_gaussian_evidence_guarded_scalar_prune_info,27,2,46,0,46,8,38,True,54,6,48,1,41,2
intermittent,marked_gaussian_evidence_guarded_scalar_prune_info,28,1,48,7,55,51,4,True,51,7,44,7,0,-4
intermittent,marked_gaussian_evidence_guarded_scalar_prune_info,28,2,48,0,48,10,38,True,51,7,44,3,37,-4
intermittent,marked_gaussian_evidence_guarded_scalar_prune_info,29,1,44,8,52,51,1,True,51,2,49,2,0,5
intermittent,marked_gaussian_evidence_guarded_scalar_prune_info,29,2,44,0,44,8,36,True,51,2,49,0,41,5
intermittent,marked_gaussian_evidence_guarded_scalar_prune_info,30,1,49,8,57,53,4,True,53,8,45,8,0,-4
intermittent,marked_gaussian_evidence_guarded_scalar_prune_info,30,2,49,0,49,11,38,True,53,8,45,3,37,-4
intermittent,marked_gaussian_evidence_guarded_scalar_prune_info,31,1,45,10,55,54,1,True,54,3,51,3,0,6
intermittent,marked_gaussian_evidence_guarded_scalar_prune_info,31,2,45,0,45,9,36,False,9,0,9,0,0,-36
intermittent,marked_gaussian_evidence_guarded_scalar_prune_info,32,1,51,9,60,56,4,True,56,1,55,1,0,4
intermittent,marked_gaussian_evidence_guarded_scalar_prune_info,32,2,9,0,9,9,0,True,56,1,55,1,47,46
intermittent,marked_gaussian_evidence_guarded_scalar_prune_info,33,1,55,10,65,61,4,True,61,5,56,5,0,1
intermittent,marked_gaussian_evidence_guarded_scalar_prune_info,33,2,55,0,55,15,40,True,61,5,56,3,44,1
intermittent,marked_gaussian_evidence_guarded_scalar_prune_info,34,1,56,9,65,64,1,True,64,11,53,11,0,-3
intermittent,marked_gaussian_evidence_guarded_scalar_prune_info,34,2,56,0,56,15,41,True,64,11,53,1,39,-3
intermittent,marked_gaussian_evidence_guarded_scalar_prune_info,35,1,53,10,63,60,3,True,60,6,54,6,0,1
intermittent,marked_gaussian_evidence_guarded_scalar_prune_info,35,2,53,0,53,19,34,True,60,6,54,3,38,1
intermittent,marked_gaussian_evidence_guarded_scalar_prune_info,36,1,54,9,63,58,5,True,58,5,53,5,0,-1
intermittent,marked_gaussian_evidence_guarded_scalar_prune_info,36,2,54,0,54,19,35,True,58,5,53,2,36,-1
intermittent,marked_gaussian_evidence_guarded_scalar_prune_info,37,1,53,9,62,57,5,True,57,4,53,4,0,0
intermittent,marked_gaussian_evidence_guarded_scalar_prune_info,37,2,53,0,53,18,35,True,57,4,53,2,37,0
intermittent,marked_gaussian_evidence_guarded_scalar_prune_info,38,1,53,10,63,59,4,True,59,5,54,5,0,1
intermittent,marked_gaussian_evidence_guarded_scalar_prune_info,38,2,53,0,53,18,35,True,59,5,54,2,38,1
intermittent,marked_gaussian_evidence_guarded_scalar_prune_info,39,1,54,10,64,58,6,True,58,8,50,8,0,-4
intermittent,marked_gaussian_evidence_guarded_scalar_prune_info,39,2,54,0,54,18,36,True,58,8,50,5,37,-4
intermittent,marked_gaussian_evidence_guarded_scalar_prune_info,40,1,50,10,60,58,2,True,58,5,53,5,0,3
intermittent,marked_gaussian_evidence_guarded_scalar_prune_info,40,2,50,0,50,13,37,True,58,5,53,2,42,3
intermittent,marked_gaussian_evidence_guarded_scalar_prune_info,41,1,53,10,63,58,5,True,58,7,51,7,0,-2
intermittent,marked_gaussian_evidence_guarded_scalar_prune_info,41,2,53,0,53,15,38,True,58,7,51,4,40,-2
intermittent,marked_gaussian_evidence_guarded_scalar_prune_info,42,1,51,10,61,58,3,True,58,5,53,5,0,2
intermittent,marked_gaussian_evidence_guarded_scalar_prune_info,42,2,51,0,51,12,39,True,58,5,53,2,43,2
intermittent,marked_gaussian_evidence_guarded_scalar_prune_info,43,1,53,10,63,59,4,True,59,6,53,6,0,0
intermittent,marked_gaussian_evidence_guarded_scalar_prune_info,43,2,53,0,53,13,40,True,59,6,53,3,43,0
intermittent,marked_gaussian_evidence_guarded_scalar_prune_info,44,1,53,10,63,59,4,True,59,6,53,6,0,0
intermittent,marked_gaussian_evidence_guarded_scalar_prune_info,44,2,53,1,54,13,41,False,13,0,13,0,0,-40
intermittent,marked_gaussian_evidence_guarded_scalar_prune_info,45,1,53,11,64,61,3,True,61,4,57,4,0,4
intermittent,marked_gaussian_evidence_guarded_scalar_prune_info,45,2,13,0,13,12,1,True,61,4,57,4,49,44
intermittent,marked_gaussian_evidence_guarded_scalar_prune_info,46,1,57,10,67,65,2,True,65,4,61,4,0,4
intermittent,marked_gaussian_evidence_guarded_scalar_prune_info,46,2,57,0,57,10,47,True,65,4,61,2,53,4
intermittent,marked_gaussian_evidence_guarded_scalar_prune_info,47,1,61,10,71,67,4,True,67,12,55,12,0,-6
intermittent,marked_gaussian_evidence_guarded_scalar_prune_info,47,2,61,0,61,14,47,True,67,12,55,4,45,-6
intermittent,marked_gaussian_evidence_guarded_scalar_prune_info,48,1,55,10,65,63,2,True,63,7,56,7,0,1
intermittent,marked_gaussian_evidence_guarded_scalar_prune_info,48,2,55,0,55,10,45,False,10,0,10,0,0,-45
intermittent,marked_gaussian_evidence_guarded_scalar_prune_info,49,1,56,10,66,62,4,True,62,2,60,2,0,4
intermittent,marked_gaussian_evidence_guarded_scalar_prune_info,49,2,10,0,10,10,0,True,62,2,60,2,52,50
intermittent,marked_gaussian_evidence_guarded_scalar_prune_info,50,1,60,10,70,66,4,True,66,6,60,6,0,0
intermittent,marked_gaussian_evidence_guarded_scalar_prune_info,50,2,60,0,60,14,46,True,66,6,60,4,50,0
intermittent,marked_gaussian_evidence_guarded_scalar_prune_info,51,1,60,10,70,68,2,True,69,9,60,9,1,0
intermittent,marked_gaussian_evidence_guarded_scalar_prune_info,51,2,60,1,61,11,50,False,11,0,11,0,0,-49
intermittent,marked_gaussian_evidence_guarded_scalar_prune_info,52,1,60,10,70,65,5,True,65,2,63,2,0,3
intermittent,marked_gaussian_evidence_guarded_scalar_prune_info,52,2,11,0,11,10,1,True,65,2,63,2,55,52
intermittent,marked_gaussian_evidence_guarded_scalar_prune_info,53,1,63,10,73,55,18,False,55,0,55,0,0,-8
intermittent,marked_gaussian_evidence_guarded_scalar_prune_info,53,2,63,0,63,12,51,True,55,4,51,3,42,-12
intermittent,marked_gaussian_evidence_guarded_scalar_prune_info,54,1,55,10,65,60,5,True,60,5,55,5,0,0
intermittent,marked_gaussian_evidence_guarded_scalar_prune_info,54,2,51,0,51,11,40,True,60,5,55,2,46,4
intermittent,marked_gaussian_evidence_guarded_scalar_prune_info,55,1,55,11,66,61,5,True,61,4,57,4,0,2
intermittent,marked_gaussian_evidence_guarded_scalar_prune_info,55,2,55,0,55,14,41,True,61,4,57,3,46,2
intermittent,marked_gaussian_evidence_guarded_scalar_prune_info,56,1,57,11,68,64,4,True,64,4,60,4,0,3
intermittent,marked_gaussian_evidence_guarded_scalar_prune_info,56,2,57,0,57,13,44,True,64,4,60,2,49,3
intermittent,marked_gaussian_evidence_guarded_scalar_prune_info,57,1,60,10,70,65,5,False,65,0,65,0,0,5
intermittent,marked_gaussian_evidence_guarded_scalar_prune_info,57,2,60,0,60,14,46,True,65,5,60,3,49,0
intermittent,marked_gaussian_evidence_guarded_scalar_prune_info,58,1,65,10,75,69,6,False,69,0,69,0,0,4
intermittent,marked_gaussian_evidence_guarded_scalar_prune_info,58,2,60,0,60,12,48,True,69,4,65,3,56,5
intermittent,marked_gaussian_evidence_guarded_scalar_prune_info,59,1,69,10,79,72,7,True,73,5,68,5,1,-1
intermittent,marked_gaussian_evidence_guarded_scalar_prune_info,59,2,65,1,66,12,54,True,73,5,68,2,58,3
intermittent,marked_gaussian_evidence_guarded_scalar_prune_info,60,1,68,10,78,73,5,True,75,6,69,6,2,1
intermittent,marked_gaussian_evidence_guarded_scalar_prune_info,60,2,68,1,69,18,51,True,75,6,69,2,53,1
intermittent,marked_gaussian_evidence_guarded_scalar_prune_info,61,1,69,10,79,69,10,True,72,10,62,10,3,-7
intermittent,marked_gaussian_evidence_guarded_scalar_prune_info,61,2,69,3,72,19,53,True,72,10,62,7,50,-7
intermittent,marked_gaussian_evidence_guarded_scalar_prune_info,62,1,62,9,71,65,6,True,70,6,64,6,5,2
intermittent,marked_gaussian_evidence_guarded_scalar_prune_info,62,2,62,3,65,17,48,True,70,6,64,3,50,2
intermittent,marked_gaussian_evidence_guarded_scalar_prune_info,63,1,64,9,73,68,5,True,71,2,69,2,3,5
intermittent,marked_gaussian_evidence_guarded_scalar_prune_info,63,2,64,1,65,18,47,True,71,2,69,2,53,5
intermittent,marked_gaussian_evidence_guarded_scalar_prune_info,64,1,69,9,78,70,8,True,78,3,75,3,8,6
intermittent,marked_gaussian_evidence_guarded_scalar_prune_info,64,2,69,3,72,22,50,True,78,3,75,2,55,6
intermittent,marked_gaussian_evidence_guarded_scalar_prune_info,65,1,75,9,84,74,10,True,82,5,77,5,8,2
intermittent,marked_gaussian_evidence_guarded_scalar_prune_info,65,2,75,3,78,25,53,False,25,0,25,0,0,-50
intermittent,marked_gaussian_evidence_guarded_scalar_prune_info,66,1,77,11,88,80,8,True,85,5,80,5,5,3
intermittent,marked_gaussian_evidence_guarded_scalar_prune_info,66,2,25,2,27,25,2,True,85,5,80,5,60,55
intermittent,marked_gaussian_evidence_guarded_scalar_prune_info,67,1,80,9,89,79,10,False,79,0,79,0,0,-1
intermittent,marked_gaussian_evidence_guarded_scalar_prune_info,67,2,80,1,81,20,61,True,86,6,80,2,62,0
intermittent,marked_gaussian_evidence_guarded_scalar_prune_info,68,1,79,10,89,82,7,False,82,0,82,0,0,3
intermittent,marked_gaussian_evidence_guarded_scalar_prune_info,68,2,80,1,81,21,60,True,91,4,87,2,68,7
intermittent,marked_gaussian_evidence_guarded_scalar_prune_info,69,1,82,11,93,87,6,True,97,11,86,11,10,4
intermittent,marked_gaussian_evidence_guarded_scalar_prune_info,69,2,87,1,88,25,63,True,97,11,86,2,63,-1
intermittent,marked_gaussian_evidence_guarded_scalar_prune_info,70,1,86,10,96,86,10,True,93,6,87,6,7,1
intermittent,marked_gaussian_evidence_guarded_scalar_prune_info,70,2,86,1,87,29,58,True,93,6,87,1,59,1
intermittent,marked_gaussian_evidence_guarded_scalar_prune_info,71,1,87,11,98,84,14,True,96,3,93,3,12,6
intermittent,marked_gaussian_evidence_guarded_scalar_prune_info,71,2,87,1,88,32,56,True,96,3,93,2,63,6
intermittent,marked_gaussian_evidence_guarded_scalar_prune_info,72,1,93,10,103,89,14,True,101,6,95,6,12,2
intermittent,marked_gaussian_evidence_guarded_scalar_prune_info,72,2,93,2,95,35,60,True,101,6,95,2,62,2
intermittent,marked_gaussian_evidence_guarded_scalar_prune_info,73,1,95,10,105,93,12,True,102,5,97,5,9,2
intermittent,marked_gaussian_evidence_guarded_scalar_prune_info,73,2,95,1,96,38,58,True,102,5,97,3,62,2
intermittent,marked_gaussian_evidence_guarded_scalar_prune_info,74,1,97,12,109,93,16,True,107,2,105,2,14,8
intermittent,marked_gaussian_evidence_guarded_scalar_prune_info,74,2,97,1,98,38,60,True,107,2,105,1,68,8
intermittent,marked_gaussian_evidence_guarded_scalar_prune_info,75,1,105,12,117,97,20,True,113,7,106,7,16,1
intermittent,marked_gaussian_evidence_guarded_scalar_prune_info,75,2,105,2,107,44,63,True,113,7,106,3,65,1
intermittent,marked_gaussian_evidence_guarded_scalar_prune_info,76,1,106,12,118,97,21,True,114,9,105,8,16,-1
intermittent,marked_gaussian_evidence_guarded_scalar_prune_info,76,2,106,2,108,45,63,True,114,9,105,5,65,-1
intermittent,marked_gaussian_evidence_guarded_scalar_prune_info,77,1,105,13,118,99,19,True,99,11,88,11,0,-17
intermittent,marked_gaussian_evidence_guarded_scalar_prune_info,77,2,105,2,107,30,77,True,99,11,88,7,65,-17
intermittent,marked_gaussian_evidence_guarded_scalar_prune_info,78,1,88,11,99,96,3,True,96,8,88,8,0,0
intermittent,marked_gaussian_evidence_guarded_scalar_prune_info,78,2,88,1,89,26,63,True,96,8,88,5,67,0
intermittent,marked_gaussian_evidence_guarded_scalar_prune_info,79,1,88,11,99,93,6,True,93,15,78,15,0,-10
intermittent,marked_gaussian_evidence_guarded_scalar_prune_info,79,2,88,2,90,26,64,True,93,15,78,10,62,-10
intermittent,marked_gaussian_evidence_guarded_scalar_prune_info,80,1,78,11,89,87,2,True,87,6,81,6,0,3
intermittent,marked_gaussian_evidence_guarded_scalar_prune_info,80,2,78,0,78,14,64,True,87,6,81,1,68,3
intermittent,marked_gaussian_evidence_guarded_scalar_prune_info,81,1,81,11,92,86,6,True,86,7,79,7,0,-2
intermittent,marked_gaussian_evidence_guarded_scalar_prune_info,81,2,81,0,81,17,64,True,86,7,79,4,66,-2
intermittent,marked_gaussian_evidence_guarded_scalar_prune_info,82,1,79,10,89,87,2,True,87,4,83,4,0,4
intermittent,marked_gaussian_evidence_guarded_scalar_prune_info,82,2,79,1,80,15,65,True,87,4,83,2,70,4
intermittent,marked_gaussian_evidence_guarded_scalar_prune_info,83,1,83,10,93,89,4,True,89,8,81,8,0,-2
intermittent,marked_gaussian_evidence_guarded_scalar_prune_info,83,2,83,0,83,16,67,True,89,8,81,1,66,-2
intermittent,marked_gaussian_evidence_guarded_scalar_prune_info,84,1,81,12,93,86,7,True,86,7,79,7,0,-2
intermittent,marked_gaussian_evidence_guarded_scalar_prune_info,84,2,81,1,82,19,63,False,19,0,19,0,0,-62
intermittent,marked_gaussian_evidence_guarded_scalar_prune_info,85,1,79,10,89,85,4,True,85,6,79,6,0,0
intermittent,marked_gaussian_evidence_guarded_scalar_prune_info,85,2,19,0,19,18,1,True,85,6,79,6,67,60
intermittent,marked_gaussian_evidence_guarded_scalar_prune_info,86,1,79,10,89,88,1,False,88,0,88,0,0,9
intermittent,marked_gaussian_evidence_guarded_scalar_prune_info,86,2,79,0,79,12,67,True,88,0,88,0,76,9
intermittent,marked_gaussian_evidence_guarded_scalar_prune_info,87,1,88,10,98,91,7,True,91,6,85,6,0,-3
intermittent,marked_gaussian_evidence_guarded_scalar_prune_info,87,2,88,0,88,18,70,True,91,6,85,6,73,-3
intermittent,marked_gaussian_evidence_guarded_scalar_prune_info,88,1,85,10,95,94,1,True,94,8,86,8,0,1
intermittent,marked_gaussian_evidence_guarded_scalar_prune_info,88,2,85,0,85,12,73,True,94,8,86,0,74,1
intermittent,marked_gaussian_evidence_guarded_scalar_prune_info,89,1,86,10,96,89,7,True,89,18,71,18,0,-15
intermittent,marked_gaussian_evidence_guarded_scalar_prune_info,89,2,86,1,87,19,68,True,89,18,71,6,58,-15
intermittent,marked_gaussian_evidence_guarded_scalar_prune_info,90,1,71,9,80,78,2,True,78,21,57,21,0,-14
intermittent,marked_gaussian_evidence_guarded_scalar_prune_info,90,2,71,0,71,13,58,True,78,21,57,0,44,-14
intermittent,marked_gaussian_evidence_guarded_scalar_prune_info,91,1,57,9,66,59,7,True,59,8,51,8,0,-6
intermittent,marked_gaussian_evidence_guarded_scalar_prune_info,91,2,57,1,58,19,39,True,59,8,51,6,38,-6
intermittent,marked_gaussian_evidence_guarded_scalar_prune_info,92,1,51,9,60,59,1,True,59,1,58,1,0,7
intermittent,marked_gaussian_evidence_guarded_scalar_prune_info,92,2,51,1,52,14,38,True,59,1,58,1,45,7
intermittent,marked_gaussian_evidence_guarded_scalar_prune_info,93,1,58,10,68,62,6,True,62,4,58,4,0,0
intermittent,marked_gaussian_evidence_guarded_scalar_prune_info,93,2,58,1,59,19,40,True,62,4,58,4,43,0
intermittent,marked_gaussian_evidence_guarded_scalar_prune_info,94,1,58,10,68,65,3,False,65,0,65,0,0,7
intermittent,marked_gaussian_evidence_guarded_scalar_prune_info,94,2,58,1,59,16,43,True,66,3,63,1,48,5
intermittent,marked_gaussian_evidence_guarded_scalar_prune_info,95,1,65,10,75,70,5,True,70,10,60,10,0,-5
intermittent,marked_gaussian_evidence_guarded_scalar_prune_info,95,2,63,2,65,20,45,True,70,10,60,8,48,-3
intermittent,marked_gaussian_evidence_guarded_scalar_prune_info,96,1,60,11,71,70,1,True,70,4,66,4,0,6
intermittent,marked_gaussian_evidence_guarded_scalar_prune_info,96,2,60,1,61,14,47,True,70,4,66,1,53,6
intermittent,marked_gaussian_evidence_guarded_scalar_prune_info,97,1,66,11,77,71,6,False,71,0,71,0,0,5
intermittent,marked_gaussian_evidence_guarded_scalar_prune_info,97,2,66,2,68,20,48,False,20,0,20,0,0,-46
intermittent,marked_gaussian_evidence_guarded_scalar_prune_info,98,1,71,10,81,75,6,False,75,0,75,0,0,4
intermittent,marked_gaussian_evidence_guarded_scalar_prune_info,98,2,20,1,21,20,1,False,20,0,20,0,0,0
intermittent,marked_gaussian_evidence_guarded_scalar_prune_info,99,1,75,10,85,77,8,False,77,0,77,0,0,2
intermittent,marked_gaussian_evidence_guarded_scalar_prune_info,99,2,20,1,21,20,1,False,20,0,20,0,0,0
intermittent,marked_gaussian_evidence_guarded_scalar_prune_info,100,1,77,11,88,81,7,False,81,0,81,0,0,4
intermittent,marked_gaussian_evidence_guarded_scalar_prune_info,100,2,20,1,21,18,3,False,18,0,18,0,0,-2
intermittent,marked_gaussian_evidence_guarded_scalar_prune_info,101,1,81,11,92,80,12,False,80,0,80,0,0,-1
intermittent,marked_gaussian_evidence_guarded_scalar_prune_info,101,2,18,1,19,17,2,False,17,0,17,0,0,-1
intermittent,marked_gaussian_evidence_guarded_scalar_prune_info,102,1,80,11,91,76,15,False,76,0,76,0,0,-4
intermittent,marked_gaussian_evidence_guarded_scalar_prune_info,102,2,17,1,18,18,0,False,18,0,18,0,0,1
intermittent,marked_gaussian_evidence_guarded_scalar_prune_info,103,1,76,9,85,76,9,False,76,0,76,0,0,0
intermittent,marked_gaussian_evidence_guarded_scalar_prune_info,103,2,18,1,19,18,1,False,18,0,18,0,0,0
intermittent,marked_gaussian_evidence_guarded_scalar_prune_info,104,1,76,11,87,77,10,False,77,0,77,0,0,1
intermittent,marked_gaussian_evidence_guarded_scalar_prune_info,104,2,18,0,18,15,3,False,15,0,15,0,0,-3
intermittent,marked_gaussian_evidence_guarded_scalar_prune_info,105,1,77,11,88,72,16,False,72,0,72,0,0,-5
intermittent,marked_gaussian_evidence_guarded_scalar_prune_info,105,2,15,0,15,15,0,False,15,0,15,0,0,0
intermittent,marked_gaussian_evidence_guarded_scalar_prune_info,106,1,72,9,81,69,12,False,69,0,69,0,0,-3
intermittent,marked_gaussian_evidence_guarded_scalar_prune_info,106,2,15,0,15,14,1,False,14,0,14,0,0,-1
intermittent,marked_gaussian_evidence_guarded_scalar_prune_info,107,1,69,9,78,71,7,False,71,0,71,0,0,2
intermittent,marked_gaussian_evidence_guarded_scalar_prune_info,107,2,14,0,14,14,0,False,14,0,14,0,0,0
intermittent,marked_gaussian_evidence_guarded_scalar_prune_info,108,1,71,9,80,70,10,False,70,0,70,0,0,-1
intermittent,marked_gaussian_evidence_guarded_scalar_prune_info,108,2,14,0,14,13,1,False,13,0,13,0,0,-1
intermittent,marked_gaussian_evidence_guarded_scalar_prune_info,109,1,70,9,79,73,6,False,73,0,73,0,0,3
intermittent,marked_gaussian_evidence_guarded_scalar_prune_info,109,2,13,0,13,13,0,False,13,0,13,0,0,0
intermittent,marked_gaussian_evidence_guarded_scalar_prune_info,110,1,73,9,82,71,11,False,71,0,71,0,0,-2
intermittent,marked_gaussian_evidence_guarded_scalar_prune_info,110,2,13,0,13,12,1,False,12,0,12,0,0,-1
intermittent,marked_gaussian_evidence_guarded_scalar_prune_info,111,1,71,9,80,70,10,False,70,0,70,0,0,-1
intermittent,marked_gaussian_evidence_guarded_scalar_prune_info,111,2,12,2,14,14,0,False,14,0,14,0,0,2
intermittent,marked_gaussian_evidence_guarded_scalar_prune_info,112,1,70,10,80,71,9,False,71,0,71,0,0,1
intermittent,marked_gaussian_evidence_guarded_scalar_prune_info,112,2,14,1,15,13,2,False,13,0,13,0,0,-1
intermittent,marked_gaussian_evidence_guarded_scalar_prune_info,113,1,71,10,81,72,9,False,72,0,72,0,0,1
intermittent,marked_gaussian_evidence_guarded_scalar_prune_info,113,2,13,2,15,15,0,False,15,0,15,0,0,2
intermittent,marked_gaussian_evidence_guarded_scalar_prune_info,114,1,72,9,81,71,10,False,71,0,71,0,0,-1
intermittent,marked_gaussian_evidence_guarded_scalar_prune_info,114,2,15,3,18,18,0,False,18,0,18,0,0,3
intermittent,marked_gaussian_evidence_guarded_scalar_prune_info,115,1,71,8,79,67,12,False,67,0,67,0,0,-4
intermittent,marked_gaussian_evidence_guarded_scalar_prune_info,115,2,18,3,21,21,0,False,21,0,21,0,0,3
intermittent,marked_gaussian_evidence_guarded_scalar_prune_info,116,1,67,8,75,67,8,False,67,0,67,0,0,0
intermittent,marked_gaussian_evidence_guarded_scalar_prune_info,116,2,21,3,24,22,2,False,22,0,22,0,0,1
intermittent,marked_gaussian_evidence_guarded_scalar_prune_info,117,1,67,8,75,67,8,False,67,0,67,0,0,0
intermittent,marked_gaussian_evidence_guarded_scalar_prune_info,117,2,22,2,24,18,6,False,18,0,18,0,0,-4
intermittent,marked_gaussian_evidence_guarded_scalar_prune_info,118,1,67,9,76,64,12,False,64,0,64,0,0,-3
intermittent,marked_gaussian_evidence_guarded_scalar_prune_info,118,2,18,1,19,16,3,False,16,0,16,0,0,-2
intermittent,marked_gaussian_evidence_guarded_scalar_prune_info,119,1,64,8,72,63,9,False,63,0,63,0,0,-1
intermittent,marked_gaussian_evidence_guarded_scalar_prune_info,119,2,16,2,18,14,4,False,14,0,14,0,0,-2
intermittent,marked_gaussian_evidence_guarded_scalar_prune_info,120,1,63,8,71,66,5,False,66,0,66,0,0,3
intermittent,marked_gaussian_evidence_guarded_scalar_prune_info,120,2,14,2,16,15,1,False,15,0,15,0,0,1
intermittent,marked_gaussian_evidence_guarded_scalar_prune_info,121,1,66,9,75,68,7,False,68,0,68,0,0,2
intermittent,marked_gaussian_evidence_guarded_scalar_prune_info,121,2,15,4,19,17,2,False,17,0,17,0,0,2
intermittent,marked_gaussian_evidence_guarded_scalar_prune_info,122,1,68,10,78,71,7,False,71,0,71,0,0,3
intermittent,marked_gaussian_evidence_guarded_scalar_prune_info,122,2,17,3,20,18,2,False,18,0,18,0,0,1
intermittent,marked_gaussian_evidence_guarded_scalar_prune_info,123,1,71,10,81,71,10,False,71,0,71,0,0,0
intermittent,marked_gaussian_evidence_guarded_scalar_prune_info,123,2,18,3,21,20,1,False,20,0,20,0,0,2
intermittent,marked_gaussian_evidence_guarded_scalar_prune_info,124,1,71,10,81,68,13,False,68,0,68,0,0,-3
intermittent,marked_gaussian_evidence_guarded_scalar_prune_info,124,2,20,4,24,18,6,False,18,0,18,0,0,-2
intermittent,marked_gaussian_evidence_guarded_scalar_prune_info,125,1,68,9,77,64,13,False,64,0,64,0,0,-4
intermittent,marked_gaussian_evidence_guarded_scalar_prune_info,125,2,18,2,20,17,3,False,17,0,17,0,0,-1
intermittent,marked_gaussian_evidence_guarded_scalar_prune_info,126,1,64,9,73,67,6,False,67,0,67,0,0,3
intermittent,marked_gaussian_evidence_guarded_scalar_prune_info,126,2,17,2,19,15,4,False,15,0,15,0,0,-2
intermittent,marked_gaussian_evidence_guarded_scalar_prune_info,127,1,67,12,79,71,8,False,71,0,71,0,0,4
intermittent,marked_gaussian_evidence_guarded_scalar_prune_info,127,2,15,2,17,14,3,False,14,0,14,0,0,-1
intermittent,marked_gaussian_evidence_guarded_scalar_prune_info,128,1,71,10,81,72,9,False,72,0,72,0,0,1
intermittent,marked_gaussian_evidence_guarded_scalar_prune_info,128,2,14,1,15,12,3,False,12,0,12,0,0,-2
intermittent,marked_gaussian_evidence_guarded_scalar_prune_info,129,1,72,13,85,74,11,False,74,0,74,0,0,2
intermittent,marked_gaussian_evidence_guarded_scalar_prune_info,129,2,12,1,13,11,2,False,11,0,11,0,0,-1
intermittent,marked_gaussian_evidence_guarded_scalar_prune_info,130,1,74,11,85,76,9,False,76,0,76,0,0,2
intermittent,marked_gaussian_evidence_guarded_scalar_prune_info,130,2,11,2,13,11,2,False,11,0,11,0,0,0
intermittent,marked_gaussian_evidence_guarded_scalar_prune_info,131,1,76,13,89,76,13,False,76,0,76,0,0,0
intermittent,marked_gaussian_evidence_guarded_scalar_prune_info,131,2,11,1,12,9,3,False,9,0,9,0,0,-2
intermittent,marked_gaussian_evidence_guarded_scalar_prune_info,132,1,76,13,89,76,13,False,76,0,76,0,0,0
intermittent,marked_gaussian_evidence_guarded_scalar_prune_info,132,2,9,1,10,9,1,False,9,0,9,0,0,0
intermittent,marked_gaussian_evidence_guarded_scalar_prune_info,133,1,76,13,89,75,14,False,75,0,75,0,0,-1
intermittent,marked_gaussian_evidence_guarded_scalar_prune_info,133,2,9,0,9,8,1,False,8,0,8,0,0,-1
intermittent,marked_gaussian_evidence_guarded_scalar_prune_info,134,1,75,13,88,76,12,False,76,0,76,0,0,1
intermittent,marked_gaussian_evidence_guarded_scalar_prune_info,134,2,8,0,8,8,0,False,8,0,8,0,0,0
intermittent,marked_gaussian_evidence_guarded_scalar_prune_info,135,1,76,12,88,74,14,False,74,0,74,0,0,-2
intermittent,marked_gaussian_evidence_guarded_scalar_prune_info,135,2,8,1,9,8,1,False,8,0,8,0,0,0
intermittent,marked_gaussian_evidence_guarded_scalar_prune_info,136,1,74,12,86,78,8,False,78,0,78,0,0,4
intermittent,marked_gaussian_evidence_guarded_scalar_prune_info,136,2,8,1,9,7,2,False,7,0,7,0,0,-1
intermittent,marked_gaussian_evidence_guarded_scalar_prune_info,137,1,78,13,91,74,17,False,74,0,74,0,0,-4
intermittent,marked_gaussian_evidence_guarded_scalar_prune_info,137,2,7,0,7,6,1,False,6,0,6,0,0,-1
intermittent,marked_gaussian_evidence_guarded_scalar_prune_info,138,1,74,11,85,74,11,False,74,0,74,0,0,0
intermittent,marked_gaussian_evidence_guarded_scalar_prune_info,138,2,6,3,9,9,0,False,9,0,9,0,0,3
intermittent,marked_gaussian_evidence_guarded_scalar_prune_info,139,1,74,12,86,72,14,False,72,0,72,0,0,-2
intermittent,marked_gaussian_evidence_guarded_scalar_prune_info,139,2,9,3,12,12,0,False,12,0,12,0,0,3
intermittent,marked_gaussian_evidence_guarded_scalar_prune_info,140,1,72,11,83,71,12,False,71,0,71,0,0,-1
intermittent,marked_gaussian_evidence_guarded_scalar_prune_info,140,2,12,3,15,13,2,False,13,0,13,0,0,1
intermittent,marked_gaussian_evidence_guarded_scalar_prune_info,141,1,71,13,84,73,11,False,73,0,73,0,0,2
intermittent,marked_gaussian_evidence_guarded_scalar_prune_info,141,2,13,2,15,11,4,False,11,0,11,0,0,-2
intermittent,marked_gaussian_evidence_guarded_scalar_prune_info,142,1,73,13,86,70,16,False,70,0,70,0,0,-3
intermittent,marked_gaussian_evidence_guarded_scalar_prune_info,142,2,11,2,13,11,2,False,11,0,11,0,0,0
intermittent,marked_gaussian_evidence_guarded_scalar_prune_info,143,1,70,12,82,66,16,False,66,0,66,0,0,-4
intermittent,marked_gaussian_evidence_guarded_scalar_prune_info,143,2,11,1,12,12,0,False,12,0,12,0,0,1
intermittent,marked_gaussian_evidence_guarded_scalar_prune_info,144,1,66,12,78,68,10,False,68,0,68,0,0,2
intermittent,marked_gaussian_evidence_guarded_scalar_prune_info,144,2,12,2,14,14,0,False,14,0,14,0,0,2
intermittent,marked_gaussian_evidence_guarded_scalar_prune_info,145,1,68,13,81,69,12,True,71,3,68,3,2,0
intermittent,marked_gaussian_evidence_guarded_scalar_prune_info,145,2,14,2,16,11,5,False,11,0,11,0,0,-3
intermittent,marked_gaussian_evidence_guarded_scalar_prune_info,146,1,68,14,82,74,8,True,74,5,69,5,0,1
intermittent,marked_gaussian_evidence_guarded_scalar_prune_info,146,2,11,2,13,13,0,False,13,0,13,0,0,2
intermittent,marked_gaussian_evidence_guarded_scalar_prune_info,147,1,69,14,83,78,5,False,78,0,78,0,0,9
intermittent,marked_gaussian_evidence_guarded_scalar_prune_info,147,2,13,2,15,12,3,True,78,4,74,4,66,61
intermittent,marked_gaussian_evidence_guarded_scalar_prune_info,148,1,78,14,92,84,8,True,84,6,78,6,0,0
intermittent,marked_gaussian_evidence_guarded_scalar_prune_info,148,2,74,3,77,75,2,True,84,6,78,5,8,4
intermittent,marked_gaussian_evidence_guarded_scalar_prune_info,149,1,78,14,92,83,9,True,83,3,80,3,0,2
intermittent,marked_gaussian_evidence_guarded_scalar_prune_info,149,2,78,4,82,76,6,True,83,3,80,3,7,2
intermittent,marked_gaussian_evidence_guarded_scalar_prune_info,150,1,80,13,93,84,9,True,84,12,72,12,0,-8
intermittent,marked_gaussian_evidence_guarded_scalar_prune_info,150,2,80,2,82,64,18,True,84,12,72,8,16,-8
intermittent,marked_gaussian_evidence_guarded_scalar_prune_info,151,1,72,14,86,85,1,True,85,5,80,5,0,8
intermittent,marked_gaussian_evidence_guarded_scalar_prune_info,151,2,72,3,75,16,59,True,85,5,80,1,65,8
intermittent,marked_gaussian_evidence_guarded_scalar_prune_info,152,1,80,15,95,88,7,True,88,8,80,8,0,0
intermittent,marked_gaussian_evidence_guarded_scalar_prune_info,152,2,80,5,85,28,57,True,88,8,80,6,58,0
intermittent,marked_gaussian_evidence_guarded_scalar_prune_info,153,1,80,14,94,93,1,True,93,5,88,5,0,8
intermittent,marked_gaussian_evidence_guarded_scalar_prune_info,153,2,80,5,85,27,58,True,93,5,88,4,65,8
intermittent,marked_gaussian_evidence_guarded_scalar_prune_info,154,1,88,15,103,96,7,True,96,10,86,10,0,-2
intermittent,marked_gaussian_evidence_guarded_scalar_prune_info,154,2,88,5,93,86,7,True,96,10,86,10,10,-2
intermittent,marked_gaussian_evidence_guarded_scalar_prune_info,155,1,86,14,100,98,2,True,98,12,86,12,0,0
intermittent,marked_gaussian_evidence_guarded_scalar_prune_info,155,2,86,6,92,24,68,True,98,12,86,5,67,0
intermittent,marked_gaussian_evidence_guarded_scalar_prune_info,156,1,86,14,100,94,6,True,95,13,82,13,1,-4
intermittent,marked_gaussian_evidence_guarded_scalar_prune_info,156,2,86,4,90,27,63,True,95,13,82,8,63,-4
intermittent,marked_gaussian_evidence_guarded_scalar_prune_info,157,1,82,15,97,95,2,True,97,13,84,13,2,2
intermittent,marked_gaussian_evidence_guarded_scalar_prune_info,157,2,82,5,87,27,60,True,97,13,84,4,61,2
intermittent,marked_gaussian_evidence_guarded_scalar_prune_info,158,1,84,14,98,88,10,True,90,13,77,13,2,-7
intermittent,marked_gaussian_evidence_guarded_scalar_prune_info,158,2,84,6,90,35,55,True,90,13,77,10,52,-7
intermittent,marked_gaussian_evidence_guarded_scalar_prune_info,159,1,77,14,91,85,6,True,89,5,84,5,4,7
intermittent,marked_gaussian_evidence_guarded_scalar_prune_info,159,2,77,4,81,24,57,True,89,5,84,3,63,7
intermittent,marked_gaussian_evidence_guarded_scalar_prune_info,160,1,84,13,97,86,11,True,86,12,74,12,0,-10
intermittent,marked_gaussian_evidence_guarded_scalar_prune_info,160,2,84,3,87,23,64,True,86,12,74,8,59,-10
intermittent,marked_gaussian_evidence_guarded_scalar_prune_info,161,1,74,13,87,86,1,True,86,3,83,3,0,9
intermittent,marked_gaussian_evidence_guarded_scalar_prune_info,161,2,74,2,76,17,59,False,17,0,17,0,0,-57
intermittent,marked_gaussian_evidence_guarded_scalar_prune_info,162,1,83,14,97,88,9,True,88,4,84,4,0,1
intermittent,marked_gaussian_evidence_guarded_scalar_prune_info,162,2,17,2,19,14,5,True,88,4,84,3,73,67
intermittent,marked_gaussian_evidence_guarded_scalar_prune_info,163,1,84,12,96,89,7,True,89,10,79,10,0,-5
intermittent,marked_gaussian_evidence_guarded_scalar_prune_info,163,2,84,2,86,22,64,True,89,10,79,7,64,-5
intermittent,marked_gaussian_evidence_guarded_scalar_prune_info,164,1,79,11,90,89,1,True,89,10,79,10,0,0
intermittent,marked_gaussian_evidence_guarded_scalar_prune_info,164,2,79,2,81,18,63,True,89,10,79,2,63,0
intermittent,marked_gaussian_evidence_guarded_scalar_prune_info,165,1,79,12,91,85,6,True,85,10,75,10,0,-4
intermittent,marked_gaussian_evidence_guarded_scalar_prune_info,165,2,79,2,81,23,58,True,85,10,75,7,59,-4
intermittent,marked_gaussian_evidence_guarded_scalar_prune_info,166,1,75,12,87,86,1,True,87,4,83,4,1,8
intermittent,marked_gaussian_evidence_guarded_scalar_prune_info,166,2,75,3,78,18,60,True,87,4,83,2,67,8
intermittent,marked_gaussian_evidence_guarded_scalar_prune_info,167,1,83,11,94,88,6,True,90,10,80,10,2,-3
intermittent,marked_gaussian_evidence_guarded_scalar_prune_info,167,2,83,5,88,26,62,True,90,10,80,8,62,-3
intermittent,marked_gaussian_evidence_guarded_scalar_prune_info,168,1,80,10,90,86,4,True,89,10,79,10,3,-1
intermittent,marked_gaussian_evidence_guarded_scalar_prune_info,168,2,80,4,84,21,63,True,89,10,79,4,62,-1
intermittent,marked_gaussian_evidence_guarded_scalar_prune_info,169,1,79,10,89,80,9,True,85,11,74,11,5,-5
intermittent,marked_gaussian_evidence_guarded_scalar_prune_info,169,2,79,4,83,26,57,True,85,11,74,7,55,-5
intermittent,marked_gaussian_evidence_guarded_scalar_prune_info,170,1,74,10,84,80,4,True,84,6,78,6,4,4
intermittent,marked_gaussian_evidence_guarded_scalar_prune_info,170,2,74,3,77,17,60,True,84,6,78,2,63,4
intermittent,marked_gaussian_evidence_guarded_scalar_prune_info,171,1,78,10,88,77,11,True,84,8,76,8,7,-2
intermittent,marked_gaussian_evidence_guarded_scalar_prune_info,171,2,78,3,81,24,57,True,84,8,76,6,58,-2
intermittent,marked_gaussian_evidence_guarded_scalar_prune_info,172,1,76,10,86,80,6,True,80,4,76,4,0,0
intermittent,marked_gaussian_evidence_guarded_scalar_prune_info,172,2,76,3,79,18,61,True,80,4,76,4,62,0
intermittent,marked_gaussian_evidence_guarded_scalar_prune_info,173,1,76,11,87,82,5,False,82,0,82,0,0,6
intermittent,marked_gaussian_evidence_guarded_scalar_prune_info,173,2,76,4,80,28,52,True,83,6,77,6,55,1
intermittent,marked_gaussian_evidence_guarded_scalar_prune_info,174,1,82,11,93,87,6,True,88,12,76,12,1,-6
intermittent,marked_gaussian_evidence_guarded_scalar_prune_info,174,2,77,7,84,24,60,True,88,12,76,7,59,-1
intermittent,marked_gaussian_evidence_guarded_scalar_prune_info,175,1,76,10,86,77,9,True,78,12,66,12,1,-10
intermittent,marked_gaussian_evidence_guarded_scalar_prune_info,175,2,76,6,82,29,53,True,78,12,66,12,49,-10
intermittent,marked_gaussian_evidence_guarded_scalar_prune_info,176,1,66,9,75,74,1,True,75,5,70,5,1,4
intermittent,marked_gaussian_evidence_guarded_scalar_prune_info,176,2,66,4,70,21,49,True,75,5,70,5,54,4
intermittent,marked_gaussian_evidence_guarded_scalar_prune_info,177,1,70,11,81,78,3,True,78,8,70,8,0,0
intermittent,marked_gaussian_evidence_guarded_scalar_prune_info,177,2,70,5,75,22,53,True,78,8,70,8,56,0
intermittent,marked_gaussian_evidence_guarded_scalar_prune_info,178,1,70,10,80,77,3,True,77,6,71,6,0,1
intermittent,marked_gaussian_evidence_guarded_scalar_prune_info,178,2,70,4,74,19,55,True,77,6,71,5,57,1
intermittent,marked_gaussian_evidence_guarded_scalar_prune_info,179,1,71,10,81,67,14,True,67,8,59,8,0,-12
intermittent,marked_gaussian_evidence_guarded_scalar_prune_info,179,2,71,4,75,19,56,True,67,8,59,5,45,-12
intermittent,marked_gaussian_evidence_guarded_scalar_prune_info,180,1,59,10,69,65,4,True,65,6,59,6,0,0
intermittent,marked_gaussian_evidence_guarded_scalar_prune_info,180,2,59,2,61,17,44,True,65,6,59,4,46,0
intermittent,marked_gaussian_evidence_guarded_scalar_prune_info,181,1,59,11,70,68,2,True,69,2,67,2,1,8
intermittent,marked_gaussian_evidence_guarded_scalar_prune_info,181,2,59,4,63,19,44,True,69,2,67,2,50,8
intermittent,marked_gaussian_evidence_guarded_scalar_prune_info,182,1,67,10,77,70,7,True,71,8,63,8,1,-4
intermittent,marked_gaussian_evidence_guarded_scalar_prune_info,182,2,67,4,71,21,50,False,21,0,21,0,0,-46
intermittent,marked_gaussian_evidence_guarded_scalar_prune_info,183,1,63,11,74,72,2,True,73,5,68,5,1,5
intermittent,marked_gaussian_evidence_guarded_scalar_prune_info,183,2,21,3,24,19,5,True,73,5,68,5,54,47
intermittent,marked_gaussian_evidence_guarded_scalar_prune_info,184,1,68,12,80,79,1,True,79,5,74,5,0,6
intermittent,marked_gaussian_evidence_guarded_scalar_prune_info,184,2,68,3,71,21,50,True,79,5,74,3,56,6
intermittent,marked_gaussian_evidence_guarded_scalar_prune_info,185,1,74,11,85,73,12,True,74,16,58,16,1,-16
intermittent,marked_gaussian_evidence_guarded_scalar_prune_info,185,2,74,4,78,24,54,True,74,16,58,8,42,-16
intermittent,marked_gaussian_evidence_guarded_scalar_prune_info,186,1,58,9,67,64,3,True,64,5,59,5,0,1
intermittent,marked_gaussian_evidence_guarded_scalar_prune_info,186,2,58,3,61,19,42,True,64,5,59,5,45,1
intermittent,marked_gaussian_evidence_guarded_scalar_prune_info,187,1,59,10,69,64,5,False,64,0,64,0,0,5
intermittent,marked_gaussian_evidence_guarded_scalar_prune_info,187,2,59,4,63,62,1,True,64,6,58,6,2,-1
intermittent,marked_gaussian_evidence_guarded_scalar_prune_info,188,1,64,9,73,65,8,True,66,5,61,5,1,-3
intermittent,marked_gaussian_evidence_guarded_scalar_prune_info,188,2,58,5,63,62,1,True,66,5,61,5,4,3
intermittent,marked_gaussian_evidence_guarded_scalar_prune_info,189,1,61,9,70,67,3,True,67,9,58,9,0,-3
intermittent,marked_gaussian_evidence_guarded_scalar_prune_info,189,2,61,6,67,65,2,True,67,9,58,9,2,-3
intermittent,marked_gaussian_evidence_guarded_scalar_prune_info,190,1,58,10,68,67,1,True,68,4,64,4,1,6
intermittent,marked_gaussian_evidence_guarded_scalar_prune_info,190,2,58,4,62,58,4,True,68,4,64,4,10,6
intermittent,marked_gaussian_evidence_guarded_scalar_prune_info,191,1,64,10,74,69,5,True,71,8,63,8,2,-1
intermittent,marked_gaussian_evidence_guarded_scalar_prune_info,191,2,64,6,70,67,3,True,71,8,63,8,4,-1
intermittent,marked_gaussian_evidence_guarded_scalar_prune_info,192,1,63,11,74,68,6,True,69,4,65,4,1,2
intermittent,marked_gaussian_evidence_guarded_scalar_prune_info,192,2,63,6,69,61,8,True,69,4,65,4,8,2
intermittent,marked_gaussian_evidence_guarded_scalar_prune_info,193,1,65,9,74,67,7,True,71,5,66,5,4,1
intermittent,marked_gaussian_evidence_guarded_scalar_prune_info,193,2,65,5,70,70,0,True,71,5,66,5,1,1
intermittent,marked_gaussian_evidence_guarded_scalar_prune_info,194,1,66,10,76,70,6,True,74,1,73,1,4,7
intermittent,marked_gaussian_evidence_guarded_scalar_prune_info,194,2,66,4,70,22,48,True,74,1,73,1,52,7
intermittent,marked_gaussian_evidence_guarded_scalar_prune_info,195,1,73,10,83,70,13,True,73,12,61,11,2,-12
intermittent,marked_gaussian_evidence_guarded_scalar_prune_info,195,2,73,2,75,25,50,True,73,12,61,10,46,-12
intermittent,marked_gaussian_evidence_guarded_scalar_prune_info,196,1,61,9,70,66,4,True,71,6,65,6,5,4
intermittent,marked_gaussian_evidence_guarded_scalar_prune_info,196,2,61,3,64,18,46,True,71,6,65,2,49,4
intermittent,marked_gaussian_evidence_guarded_scalar_prune_info,197,1,65,11,76,66,10,True,66,10,56,10,0,-9
intermittent,marked_gaussian_evidence_guarded_scalar_prune_info,197,2,65,3,68,19,49,True,66,10,56,7,44,-9
intermittent,marked_gaussian_evidence_guarded_scalar_prune_info,198,1,56,8,64,63,1,True,65,2,63,2,2,7
intermittent,marked_gaussian_evidence_guarded_scalar_prune_info,198,2,56,3,59,15,44,True,65,2,63,0,48,7
intermittent,marked_gaussian_evidence_guarded_scalar_prune_info,199,1,63,11,74,68,6,True,69,6,63,6,1,0
intermittent,marked_gaussian_evidence_guarded_scalar_prune_info,199,2,63,3,66,22,44,False,22,0,22,0,0,-41
intermittent,marked_gaussian_evidence_guarded_scalar_prune_info,200,1,63,11,74,72,2,False,72,0,72,0,0,9
intermittent,marked_gaussian_evidence_guarded_scalar_prune_info,200,2,22,3,25,24,1,True,75,5,70,5,51,48
intermittent,marked_gaussian_evidence_guarded_scalar_prune_info,201,1,72,12,84,79,5,True,82,3,79,3,3,7
intermittent,marked_gaussian_evidence_guarded_scalar_prune_info,201,2,70,2,72,21,51,True,82,3,79,2,60,9
intermittent,marked_gaussian_evidence_guarded_scalar_prune_info,202,1,79,12,91,85,6,True,85,14,71,14,0,-8
intermittent,marked_gaussian_evidence_guarded_scalar_prune_info,202,2,79,2,81,28,53,True,85,14,71,6,49,-8
intermittent,marked_gaussian_evidence_guarded_scalar_prune_info,203,1,71,11,82,75,7,True,77,8,69,8,2,-2
intermittent,marked_gaussian_evidence_guarded_scalar_prune_info,203,2,71,4,75,24,51,False,24,0,24,0,0,-47
intermittent,marked_gaussian_evidence_guarded_scalar_prune_info,204,1,69,10,79,75,4,True,77,5,72,5,2,3
intermittent,marked_gaussian_evidence_guarded_scalar_prune_info,204,2,24,3,27,24,3,True,77,5,72,5,53,48
intermittent,marked_gaussian_evidence_guarded_scalar_prune_info,205,1,72,10,82,76,6,True,77,11,66,11,1,-6
intermittent,marked_gaussian_evidence_guarded_scalar_prune_info,205,2,72,3,75,27,48,True,77,11,66,8,47,-6
intermittent,marked_gaussian_evidence_guarded_scalar_prune_info,206,1,66,10,76,74,2,False,74,0,74,0,0,8
intermittent,marked_gaussian_evidence_guarded_scalar_prune_info,206,2,66,4,70,19,51,True,76,8,68,4,53,2
intermittent,marked_gaussian_evidence_guarded_scalar_prune_info,207,1,74,10,84,74,10,True,77,10,67,10,3,-7
intermittent,marked_gaussian_evidence_guarded_scalar_prune_info,207,2,68,4,72,27,45,True,77,10,67,9,49,-1
intermittent,marked_gaussian_evidence_guarded_scalar_prune_info,208,1,67,10,77,74,3,True,77,6,71,6,3,4
intermittent,marked_gaussian_evidence_guarded_scalar_prune_info,208,2,67,3,70,20,50,True,77,6,71,3,54,4
intermittent,marked_gaussian_evidence_guarded_scalar_prune_info,209,1,71,10,81,73,8,True,75,8,67,8,2,-4
intermittent,marked_gaussian_evidence_guarded_scalar_prune_info,209,2,71,3,74,25,49,True,75,8,67,8,50,-4
intermittent,marked_gaussian_evidence_guarded_scalar_prune_info,210,1,67,10,77,75,2,True,78,7,71,7,3,4
intermittent,marked_gaussian_evidence_guarded_scalar_prune_info,210,2,67,5,72,25,47,True,78,7,71,3,49,4
intermittent,marked_gaussian_evidence_guarded_scalar_prune_info,211,1,71,10,81,71,10,True,74,10,64,10,3,-7
intermittent,marked_gaussian_evidence_guarded_scalar_prune_info,211,2,71,4,75,29,46,True,74,10,64,9,44,-7
intermittent,marked_gaussian_evidence_guarded_scalar_prune_info,212,1,64,10,74,71,3,True,71,3,68,3,0,4
intermittent,marked_gaussian_evidence_guarded_scalar_prune_info,212,2,64,3,67,20,47,True,71,3,68,3,51,4
intermittent,marked_gaussian_evidence_guarded_scalar_prune_info,213,1,68,11,79,74,5,True,74,6,68,6,0,0
intermittent,marked_gaussian_evidence_guarded_scalar_prune_info,213,2,68,2,70,28,42,True,74,6,68,6,46,0
intermittent,marked_gaussian_evidence_guarded_scalar_prune_info,214,1,68,12,80,77,3,True,77,4,73,4,0,5
intermittent,marked_gaussian_evidence_guarded_scalar_prune_info,214,2,68,3,71,26,45,True,77,4,73,4,51,5
intermittent,marked_gaussian_evidence_guarded_scalar_prune_info,215,1,73,11,84,80,4,True,80,7,73,7,0,0
intermittent,marked_gaussian_evidence_guarded_scalar_prune_info,215,2,73,4,77,31,46,True,80,7,73,7,49,0
intermittent,marked_gaussian_evidence_guarded_scalar_prune_info,216,1,73,10,83,72,11,True,78,12,66,12,6,-7
intermittent,marked_gaussian_evidence_guarded_scalar_prune_info,216,2,73,4,77,26,51,True,78,12,66,6,46,-7
intermittent,marked_gaussian_evidence_guarded_scalar_prune_info,217,1,66,9,75,65,10,True,71,8,63,8,6,-3
intermittent,marked_gaussian_evidence_guarded_scalar_prune_info,217,2,66,4,70,26,44,False,26,0,26,0,0,-40
intermittent,marked_gaussian_evidence_guarded_scalar_prune_info,218,1,63,9,72,63,9,True,71,10,61,6,4,-2
intermittent,marked_gaussian_evidence_guarded_scalar_prune_info,218,2,26,3,29,26,3,True,71,10,61,10,45,35
intermittent,marked_gaussian_evidence_guarded_scalar_prune_info,219,1,61,8,69,64,5,True,67,4,63,4,3,2
intermittent,marked_gaussian_evidence_guarded_scalar_prune_info,219,2,61,3,64,19,45,True,67,4,63,4,48,2
intermittent,marked_gaussian_evidence_guarded_scalar_prune_info,220,1,63,8,71,64,7,True,70,5,65,5,6,2
intermittent,marked_gaussian_evidence_guarded_scalar_prune_info,220,2,63,4,67,23,44,True,70,5,65,4,46,2
intermittent,marked_gaussian_evidence_guarded_scalar_prune_info,221,1,65,8,73,68,5,True,71,7,64,7,3,-1
intermittent,marked_gaussian_evidence_guarded_scalar_prune_info,221,2,65,3,68,23,45,True,71,7,64,5,46,-1
intermittent,marked_gaussian_evidence_guarded_scalar_prune_info,222,1,64,8,72,64,8,False,64,0,64,0,0,0
intermittent,marked_gaussian_evidence_guarded_scalar_prune_info,222,2,64,3,67,20,47,True,68,7,61,5,46,-3
intermittent,marked_gaussian_evidence_guarded_scalar_prune_info,223,1,64,8,72,66,6,True,69,5,64,5,3,0
intermittent,marked_gaussian_evidence_guarded_scalar_prune_info,223,2,61,2,63,18,45,True,69,5,64,3,49,3
intermittent,marked_gaussian_evidence_guarded_scalar_prune_info,224,1,64,9,73,67,6,False,67,0,67,0,0,3
intermittent,marked_gaussian_evidence_guarded_scalar_prune_info,224,2,64,2,66,20,46,True,69,11,58,8,46,-6
intermittent,marked_gaussian_evidence_guarded_scalar_prune_info,225,1,67,9,76,70,6,True,70,5,65,5,0,-2
intermittent,marked_gaussian_evidence_guarded_scalar_prune_info,225,2,58,2,60,16,44,True,70,5,65,3,52,7
intermittent,marked_gaussian_evidence_guarded_scalar_prune_info,226,1,65,9,74,69,5,True,71,8,63,8,2,-2
intermittent,marked_gaussian_evidence_guarded_scalar_prune_info,226,2,65,2,67,20,47,True,71,8,63,4,47,-2
intermittent,marked_gaussian_evidence_guarded_scalar_prune_info,227,1,63,9,72,70,2,False,70,0,70,0,0,7
intermittent,marked_gaussian_evidence_guarded_scalar_prune_info,227,2,63,2,65,16,49,True,70,5,65,3,52,2
intermittent,marked_gaussian_evidence_guarded_scalar_prune_info,228,1,70,9,79,73,6,True,73,9,64,9,0,-6
intermittent,marked_gaussian_evidence_guarded_scalar_prune_info,228,2,65,2,67,20,47,True,73,9,64,7,51,-1
intermittent,marked_gaussian_evidence_guarded_scalar_prune_info,229,1,64,9,73,71,2,True,72,5,67,5,1,3
intermittent,marked_gaussian_evidence_guarded_scalar_prune_info,229,2,64,2,66,18,48,True,72,5,67,2,51,3
intermittent,marked_gaussian_evidence_guarded_scalar_prune_info,230,1,67,9,76,72,4,True,72,7,65,7,0,-2
intermittent,marked_gaussian_evidence_guarded_scalar_prune_info,230,2,67,2,69,21,48,True,72,7,65,6,50,-2
intermittent,marked_gaussian_evidence_guarded_scalar_prune_info,231,1,65,9,74,73,1,True,74,5,69,5,1,4
intermittent,marked_gaussian_evidence_guarded_scalar_prune_info,231,2,65,2,67,15,52,True,74,5,69,2,56,4
intermittent,marked_gaussian_evidence_guarded_scalar_prune_info,232,1,69,9,78,73,5,True,74,6,68,6,1,-1
intermittent,marked_gaussian_evidence_guarded_scalar_prune_info,232,2,69,2,71,19,52,True,74,6,68,5,54,-1
intermittent,marked_gaussian_evidence_guarded_scalar_prune_info,233,1,68,9,77,75,2,True,76,4,72,4,1,4
intermittent,marked_gaussian_evidence_guarded_scalar_prune_info,233,2,68,2,70,16,54,True,76,4,72,2,58,4
intermittent,marked_gaussian_evidence_guarded_scalar_prune_info,234,1,72,9,81,76,5,True,77,7,70,7,1,-2
intermittent,marked_gaussian_evidence_guarded_scalar_prune_info,234,2,72,2,74,21,53,True,77,7,70,5,54,-2
intermittent,marked_gaussian_evidence_guarded_scalar_prune_info,235,1,70,9,79,77,2,True,78,3,75,3,1,5
intermittent,marked_gaussian_evidence_guarded_scalar_prune_info,235,2,70,2,72,19,53,True,78,3,75,1,57,5
intermittent,marked_gaussian_evidence_guarded_scalar_prune_info,236,1,75,9,84,79,5,True,79,7,72,7,0,-3
intermittent,marked_gaussian_evidence_guarded_scalar_prune_info,236,2,75,1,76,23,53,True,79,7,72,5,54,-3
intermittent,marked_gaussian_evidence_guarded_scalar_prune_info,237,1,72,8,80,78,2,True,80,2,78,2,2,6
intermittent,marked_gaussian_evidence_guarded_scalar_prune_info,237,2,72,2,74,27,47,True,80,2,78,0,51,6
intermittent,marked_gaussian_evidence_guarded_scalar_prune_info,238,1,78,8,86,81,5,True,81,9,72,9,0,-6
intermittent,marked_gaussian_evidence_guarded_scalar_prune_info,238,2,78,3,81,28,53,True,81,9,72,7,51,-6
intermittent,marked_gaussian_evidence_guarded_scalar_prune_info,239,1,72,8,80,70,10,True,79,4,75,4,9,3
intermittent,marked_gaussian_evidence_guarded_scalar_prune_info,239,2,72,2,74,28,46,True,79,4,75,2,49,3
intermittent,marked_gaussian_evidence_guarded_scalar_prune_info,240,1,75,7,82,67,15,True,67,8,59,8,0,-16
intermittent,marked_gaussian_evidence_guarded_scalar_prune_info,240,2,75,3,78,19,59,True,67,8,59,6,46,-16
intermittent,marked_lineage_prune_info,1,1,0,0,0,0,0,True,0,0,0,0,0,0
intermittent,marked_lineage_prune_info,1,2,0,0,0,0,0,True,0,0,0,0,0,0
intermittent,marked_lineage_prune_info,2,1,0,9,9,9,0,True,9,0,9,0,0,9
intermittent,marked_lineage_prune_info,2,2,0,1,1,1,0,True,9,0,9,0,8,9
intermittent,marked_lineage_prune_info,3,1,9,10,19,19,0,True,19,0,19,0,0,10
intermittent,marked_lineage_prune_info,3,2,9,0,9,7,2,True,19,0,19,0,12,10
intermittent,marked_lineage_prune_info,4,1,19,9,28,26,2,True,26,0,26,0,0,7
intermittent,marked_lineage_prune_info,4,2,19,0,19,15,4,True,26,0,26,0,11,7
intermittent,marked_lineage_prune_info,5,1,26,9,35,32,3,True,32,1,31,1,0,5
intermittent,marked_lineage_prune_info,5,2,26,0,26,21,5,True,32,1,31,1,11,5
intermittent,marked_lineage_prune_info,6,1,31,9,40,38,2,True,38,1,37,1,0,6
intermittent,marked_lineage_prune_info,6,2,31,0,31,25,6,True,38,1,37,1,13,6
intermittent,marked_lineage_prune_info,7,1,37,9,46,44,2,True,44,0,44,0,0,7
intermittent,marked_lineage_prune_info,7,2,37,0,37,25,12,True,44,0,44,0,19,7
intermittent,marked_lineage_prune_info,8,1,44,10,54,51,3,True,51,1,50,1,0,6
intermittent,marked_lineage_prune_info,8,2,44,0,44,25,19,False,25,0,25,0,0,-19
intermittent,marked_lineage_prune_info,9,1,50,9,59,57,2,True,57,2,55,2,0,5
intermittent,marked_lineage_prune_info,9,2,25,1,26,21,5,False,21,0,21,0,0,-4
intermittent,marked_lineage_prune_info,10,1,55,10,65,63,2,True,63,2,61,2,0,6
intermittent,marked_lineage_prune_info,10,2,21,1,22,20,2,True,63,2,61,2,43,40
intermittent,marked_lineage_prune_info,11,1,61,10,71,67,4,True,67,0,67,0,0,6
intermittent,marked_lineage_prune_info,11,2,61,1,62,31,31,True,67,0,67,0,36,6
intermittent,marked_lineage_prune_info,12,1,67,10,77,69,8,True,69,6,63,6,0,-4
intermittent,marked_lineage_prune_info,12,2,67,2,69,33,36,True,69,6,63,6,36,-4
intermittent,marked_lineage_prune_info,13,1,63,10,73,65,8,True,67,4,63,3,1,0
intermittent,marked_lineage_prune_info,13,2,63,0,63,27,36,True,67,4,63,3,39,0
intermittent,marked_lineage_prune_info,14,1,63,10,73,63,10,True,65,5,60,4,1,-3
intermittent,marked_lineage_prune_info,14,2,63,0,63,25,38,True,65,5,60,5,40,-3
intermittent,marked_lineage_prune_info,15,1,60,9,69,60,9,True,61,5,56,5,1,-4
intermittent,marked_lineage_prune_info,15,2,60,0,60,18,42,True,61,5,56,5,43,-4
intermittent,marked_lineage_prune_info,16,1,56,9,65,63,2,True,63,4,59,4,0,3
intermittent,marked_lineage_prune_info,16,2,56,0,56,14,42,True,63,4,59,1,46,3
intermittent,marked_lineage_prune_info,17,1,59,11,70,64,6,True,64,4,60,4,0,1
intermittent,marked_lineage_prune_info,17,2,59,0,59,14,45,True,64,4,60,2,48,1
intermittent,marked_lineage_prune_info,18,1,60,10,70,68,2,False,68,0,68,0,0,8
intermittent,marked_lineage_prune_info,18,2,60,0,60,11,49,False,11,0,11,0,0,-49
intermittent,marked_lineage_prune_info,19,1,68,10,78,73,5,True,73,3,70,3,0,2
intermittent,marked_lineage_prune_info,19,2,11,0,11,11,0,True,73,3,70,3,62,59
intermittent,marked_lineage_prune_info,20,1,70,10,80,76,4,True,76,10,66,10,0,-4
intermittent,marked_lineage_prune_info,20,2,70,0,70,17,53,True,76,10,66,0,49,-4
intermittent,marked_lineage_prune_info,21,1,66,10,76,71,5,True,71,6,65,6,0,-1
intermittent,marked_lineage_prune_info,21,2,66,0,66,16,50,True,71,6,65,0,49,-1
intermittent,marked_lineage_prune_info,22,1,65,10,75,70,5,True,70,8,62,8,0,-3
intermittent,marked_lineage_prune_info,22,2,65,0,65,14,51,True,70,8,62,1,49,-3
intermittent,marked_lineage_prune_info,23,1,62,10,72,64,8,True,64,10,54,10,0,-8
intermittent,marked_lineage_prune_info,23,2,62,0,62,12,50,True,64,10,54,1,43,-8
intermittent,marked_lineage_prune_info,24,1,54,10,64,55,9,True,55,6,49,6,0,-5
intermittent,marked_lineage_prune_info,24,2,54,0,54,12,42,True,55,6,49,2,39,-5
intermittent,marked_lineage_prune_info,25,1,49,9,58,53,5,True,53,4,49,4,0,0
intermittent,marked_lineage_prune_info,25,2,49,0,49,13,36,True,53,4,49,1,37,0
intermittent,marked_lineage_prune_info,26,1,49,8,57,51,6,True,51,7,44,7,0,-5
intermittent,marked_lineage_prune_info,26,2,49,0,49,14,35,True,51,7,44,3,33,-5
intermittent,marked_lineage_prune_info,27,1,44,9,53,49,4,True,49,5,44,5,0,0
intermittent,marked_lineage_prune_info,27,2,44,0,44,10,34,True,49,5,44,2,36,0
intermittent,marked_lineage_prune_info,28,1,44,7,51,48,3,True,48,4,44,4,0,0
intermittent,marked_lineage_prune_info,28,2,44,0,44,10,34,True,48,4,44,0,34,0
intermittent,marked_lineage_prune_info,29,1,44,8,52,48,4,True,48,4,44,4,0,0
intermittent,marked_lineage_prune_info,29,2,44,0,44,11,33,True,48,4,44,1,34,0
intermittent,marked_lineage_prune_info,30,1,44,8,52,49,3,True,49,6,43,6,0,-1
intermittent,marked_lineage_prune_info,30,2,44,0,44,10,34,True,49,6,43,0,33,-1
intermittent,marked_lineage_prune_info,31,1,43,10,53,49,4,True,49,5,44,5,0,1
intermittent,marked_lineage_prune_info,31,2,43,0,43,12,31,False,12,0,12,0,0,-31
intermittent,marked_lineage_prune_info,32,1,44,9,53,51,2,True,51,3,48,3,0,4
intermittent,marked_lineage_prune_info,32,2,12,0,12,12,0,True,51,3,48,3,39,36
intermittent,marked_lineage_prune_info,33,1,48,10,58,56,2,True,56,2,54,2,0,6
intermittent,marked_lineage_prune_info,33,2,48,0,48,12,36,True,56,2,54,0,42,6
intermittent,marked_lineage_prune_info,34,1,54,9,63,59,4,True,59,8,51,8,0,-3
intermittent,marked_lineage_prune_info,34,2,54,0,54,18,36,True,59,8,51,0,33,-3
intermittent,marked_lineage_prune_info,35,1,51,10,61,56,5,True,56,4,52,4,0,1
intermittent,marked_lineage_prune_info,35,2,51,0,51,20,31,True,56,4,52,0,32,1
intermittent,marked_lineage_prune_info,36,1,52,9,61,53,8,True,53,7,46,7,0,-6
intermittent,marked_lineage_prune_info,36,2,52,0,52,21,31,True,53,7,46,4,29,-6
intermittent,marked_lineage_prune_info,37,1,46,9,55,52,3,True,52,2,50,2,0,4
intermittent,marked_lineage_prune_info,37,2,46,0,46,17,29,True,52,2,50,1,34,4
intermittent,marked_lineage_prune_info,38,1,50,10,60,55,5,True,55,5,50,5,0,0
intermittent,marked_lineage_prune_info,38,2,50,0,50,19,31,True,55,5,50,2,33,0
intermittent,marked_lineage_prune_info,39,1,50,10,60,54,6,True,54,6,48,6,0,-2
intermittent,marked_lineage_prune_info,39,2,50,0,50,18,32,True,54,6,48,3,33,-2
intermittent,marked_lineage_prune_info,40,1,48,10,58,54,4,True,54,7,47,7,0,-1
intermittent,marked_lineage_prune_info,40,2,48,0,48,15,33,True,54,7,47,4,36,-1
intermittent,marked_lineage_prune_info,41,1,47,10,57,54,3,True,54,4,50,4,0,3
intermittent,marked_lineage_prune_info,41,2,47,0,47,13,34,True,54,4,50,1,38,3
intermittent,marked_lineage_prune_info,42,1,50,10,60,55,5,True,55,3,52,3,0,2
intermittent,marked_lineage_prune_info,42,2,50,0,50,15,35,True,55,3,52,0,37,2
intermittent,marked_lineage_prune_info,43,1,52,10,62,55,7,True,55,6,49,6,0,-3
intermittent,marked_lineage_prune_info,43,2,52,0,52,16,36,True,55,6,49,3,36,-3
intermittent,marked_lineage_prune_info,44,1,49,10,59,55,4,True,55,4,51,4,0,2
intermittent,marked_lineage_prune_info,44,2,49,1,50,14,36,False,14,0,14,0,0,-35
intermittent,marked_lineage_prune_info,45,1,51,11,62,58,4,True,58,4,54,4,0,3
intermittent,marked_lineage_prune_info,45,2,14,0,14,13,1,True,58,4,54,4,45,40
intermittent,marked_lineage_prune_info,46,1,54,10,64,61,3,True,61,5,56,5,0,2
intermittent,marked_lineage_prune_info,46,2,54,0,54,11,43,True,61,5,56,3,48,2
intermittent,marked_lineage_prune_info,47,1,56,10,66,63,3,True,63,7,56,7,0,0
intermittent,marked_lineage_prune_info,47,2,56,0,56,13,43,True,63,7,56,0,43,0
intermittent,marked_lineage_prune_info,48,1,56,10,66,60,6,True,60,6,54,6,0,-2
intermittent,marked_lineage_prune_info,48,2,56,0,56,16,40,False,16,0,16,0,0,-40
intermittent,marked_lineage_prune_info,49,1,54,10,64,58,6,True,58,2,56,2,0,2
intermittent,marked_lineage_prune_info,49,2,16,0,16,14,2,True,58,2,56,2,44,40
intermittent,marked_lineage_prune_info,50,1,56,10,66,62,4,True,62,4,58,4,0,2
intermittent,marked_lineage_prune_info,50,2,56,0,56,12,44,True,62,4,58,2,48,2
intermittent,marked_lineage_prune_info,51,1,58,10,68,64,4,True,65,8,57,8,1,-1
intermittent,marked_lineage_prune_info,51,2,58,1,59,14,45,False,14,0,14,0,0,-44
intermittent,marked_lineage_prune_info,52,1,57,10,67,61,6,True,61,2,59,2,0,2
intermittent,marked_lineage_prune_info,52,2,14,0,14,11,3,True,61,2,59,2,50,45
intermittent,marked_lineage_prune_info,53,1,59,10,69,51,18,False,51,0,51,0,0,-8
intermittent,marked_lineage_prune_info,53,2,59,0,59,12,47,True,51,3,48,0,36,-11
intermittent,marked_lineage_prune_info,54,1,51,10,61,54,7,True,54,9,45,9,0,-6
intermittent,marked_lineage_prune_info,54,2,48,0,48,14,34,True,54,9,45,1,32,-3
intermittent,marked_lineage_prune_info,55,1,45,11,56,49,7,True,49,5,44,5,0,-1
intermittent,marked_lineage_prune_info,55,2,45,0,45,15,30,True,49,5,44,2,31,-1
intermittent,marked_lineage_prune_info,56,1,44,11,55,50,5,True,50,1,49,1,0,5
intermittent,marked_lineage_prune_info,56,2,44,0,44,14,30,True,50,1,49,0,35,5
intermittent,marked_lineage_prune_info,57,1,49,10,59,52,7,False,52,0,52,0,0,3
intermittent,marked_lineage_prune_info,57,2,49,0,49,16,33,True,52,6,46,2,32,-3
intermittent,marked_lineage_prune_info,58,1,52,10,62,56,6,False,56,0,56,0,0,4
intermittent,marked_lineage_prune_info,58,2,46,0,46,13,33,True,56,4,52,1,40,6
intermittent,marked_lineage_prune_info,59,1,56,10,66,55,11,True,56,4,52,4,1,-4
intermittent,marked_lineage_prune_info,59,2,52,1,53,13,40,True,56,4,52,1,40,0
intermittent,marked_lineage_prune_info,60,1,52,10,62,55,7,True,57,5,52,5,2,0
intermittent,marked_lineage_prune_info,60,2,52,1,53,19,34,True,57,5,52,0,33,0
intermittent,marked_lineage_prune_info,61,1,52,10,62,51,11,True,54,2,52,2,3,0
intermittent,marked_lineage_prune_info,61,2,52,3,55,22,33,True,54,2,52,1,31,0
intermittent,marked_lineage_prune_info,62,1,52,9,61,51,10,True,55,5,50,5,4,-2
intermittent,marked_lineage_prune_info,62,2,52,3,55,21,34,True,55,5,50,2,31,-2
intermittent,marked_lineage_prune_info,63,1,50,9,59,50,9,True,54,5,49,5,4,-1
intermittent,marked_lineage_prune_info,63,2,50,1,51,21,30,True,54,5,49,3,31,-1
intermittent,marked_lineage_prune_info,64,1,49,9,58,54,4,True,59,2,57,2,5,8
intermittent,marked_lineage_prune_info,64,2,49,3,52,20,32,True,59,2,57,0,37,8
intermittent,marked_lineage_prune_info,65,1,57,9,66,56,10,True,62,5,57,5,6,0
intermittent,marked_lineage_prune_info,65,2,57,3,60,27,33,False,27,0,27,0,0,-30
intermittent,marked_lineage_prune_info,66,1,57,11,68,59,9,True,64,1,63,1,5,6
intermittent,marked_lineage_prune_info,66,2,27,2,29,26,3,True,64,1,63,1,38,36
intermittent,marked_lineage_prune_info,67,1,63,9,72,61,11,False,61,0,61,0,0,-2
intermittent,marked_lineage_prune_info,67,2,63,1,64,25,39,True,66,7,59,5,39,-4
intermittent,marked_lineage_prune_info,68,1,61,10,71,61,10,False,61,0,61,0,0,0
intermittent,marked_lineage_prune_info,68,2,59,1,60,20,40,True,70,7,63,0,43,4
intermittent,marked_lineage_prune_info,69,1,61,11,72,62,10,True,72,4,68,4,10,7
intermittent,marked_lineage_prune_info,69,2,63,1,64,28,36,True,72,4,68,0,40,5
intermittent,marked_lineage_prune_info,70,1,68,10,78,63,15,True,72,8,64,8,9,-4
intermittent,marked_lineage_prune_info,70,2,68,1,69,31,38,True,72,8,64,0,33,-4
intermittent,marked_lineage_prune_info,71,1,64,11,75,61,14,True,71,4,67,4,10,3
intermittent,marked_lineage_prune_info,71,2,64,1,65,33,32,True,71,4,67,2,36,3
intermittent,marked_lineage_prune_info,72,1,67,10,77,66,11,True,75,5,70,5,9,3
intermittent,marked_lineage_prune_info,72,2,67,2,69,35,34,True,75,5,70,2,37,3
intermittent,marked_lineage_prune_info,73,1,70,10,80,67,13,True,77,4,73,4,10,3
intermittent,marked_lineage_prune_info,73,2,70,1,71,38,33,True,77,4,73,1,36,3
intermittent,marked_lineage_prune_info,74,1,73,12,85,71,14,True,81,5,76,4,9,3
intermittent,marked_lineage_prune_info,74,2,73,1,74,40,34,True,81,5,76,1,37,3
intermittent,marked_lineage_prune_info,75,1,76,12,88,70,18,True,82,11,71,10,11,-5
intermittent,marked_lineage_prune_info,75,2,76,2,78,44,34,True,82,11,71,6,33,-5
intermittent,marked_lineage_prune_info,76,1,71,12,83,67,16,True,80,6,74,5,12,3
intermittent,marked_lineage_prune_info,76,2,71,2,73,41,32,True,80,6,74,3,36,3
intermittent,marked_lineage_prune_info,77,1,74,13,87,70,17,True,70,8,62,8,0,-12
intermittent,marked_lineage_prune_info,77,2,74,2,76,31,45,True,70,8,62,4,35,-12
intermittent,marked_lineage_prune_info,78,1,62,11,73,67,6,True,69,9,60,9,2,-2
intermittent,marked_lineage_prune_info,78,2,62,1,63,29,34,True,69,9,60,4,35,-2
intermittent,marked_lineage_prune_info,79,1,60,11,71,63,8,True,63,8,55,8,0,-5
intermittent,marked_lineage_prune_info,79,2,60,2,62,28,34,True,63,8,55,5,32,-5
intermittent,marked_lineage_prune_info,80,1,55,11,66,63,3,True,63,4,59,4,0,4
intermittent,marked_lineage_prune_info,80,2,55,0,55,19,36,True,63,4,59,1,41,4
intermittent,marked_lineage_prune_info,81,1,59,11,70,61,9,True,61,2,59,2,0,0
intermittent,marked_lineage_prune_info,81,2,59,0,59,20,39,True,61,2,59,1,40,0
intermittent,marked_lineage_prune_info,82,1,59,10,69,63,6,True,63,5,58,5,0,-1
intermittent,marked_lineage_prune_info,82,2,59,1,60,17,43,True,63,5,58,2,43,-1
intermittent,marked_lineage_prune_info,83,1,58,10,68,64,4,True,64,4,60,4,0,2
intermittent,marked_lineage_prune_info,83,2,58,0,58,16,42,True,64,4,60,0,44,2
intermittent,marked_lineage_prune_info,84,1,60,12,72,66,6,True,66,4,62,4,0,2
intermittent,marked_lineage_prune_info,84,2,60,1,61,20,41,False,20,0,20,0,0,-40
intermittent,marked_lineage_prune_info,85,1,62,10,72,65,7,True,65,4,61,4,0,-1
intermittent,marked_lineage_prune_info,85,2,20,0,20,16,4,True,65,4,61,4,49,41
intermittent,marked_lineage_prune_info,86,1,61,10,71,68,3,False,68,0,68,0,0,7
intermittent,marked_lineage_prune_info,86,2,61,0,61,11,50,True,68,0,68,0,57,7
intermittent,marked_lineage_prune_info,87,1,68,10,78,72,6,True,72,13,59,13,0,-9
intermittent,marked_lineage_prune_info,87,2,68,0,68,16,52,True,72,13,59,1,44,-9
intermittent,marked_lineage_prune_info,88,1,59,10,69,64,5,True,64,5,59,5,0,0
intermittent,marked_lineage_prune_info,88,2,59,0,59,17,42,True,64,5,59,0,42,0
intermittent,marked_lineage_prune_info,89,1,59,10,69,33,36,True,33,7,26,7,0,-33
intermittent,marked_lineage_prune_info,89,2,59,1,60,17,43,True,33,7,26,5,14,-33
intermittent,marked_lineage_prune_info,90,1,26,9,35,31,4,True,31,1,30,1,0,4
intermittent,marked_lineage_prune_info,90,2,26,0,26,14,12,True,31,1,30,1,17,4
intermittent,marked_lineage_prune_info,91,1,30,9,39,32,7,True,32,1,31,1,0,1
intermittent,marked_lineage_prune_info,91,2,30,1,31,18,13,True,32,1,31,1,14,1
intermittent,marked_lineage_prune_info,92,1,31,9,40,34,6,True,34,4,30,4,0,-1
intermittent,marked_lineage_prune_info,92,2,31,1,32,17,15,True,34,4,30,1,14,-1
intermittent,marked_lineage_prune_info,93,1,30,10,40,34,6,True,34,6,28,6,0,-2
intermittent,marked_lineage_prune_info,93,2,30,1,31,17,14,True,34,6,28,6,17,-2
intermittent,marked_lineage_prune_info,94,1,28,10,38,32,6,False,32,0,32,0,0,4
intermittent,marked_lineage_prune_info,94,2,28,1,29,14,15,True,32,0,32,0,18,4
intermittent,marked_lineage_prune_info,95,1,32,10,42,36,6,True,36,8,28,8,0,-4
intermittent,marked_lineage_prune_info,95,2,32,2,34,21,13,True,36,8,28,5,12,-4
intermittent,marked_lineage_prune_info,96,1,28,11,39,36,3,True,36,1,35,1,0,7
intermittent,marked_lineage_prune_info,96,2,28,1,29,17,12,True,36,1,35,1,19,7
intermittent,marked_lineage_prune_info,97,1,35,11,46,35,11,False,35,0,35,0,0,0
intermittent,marked_lineage_prune_info,97,2,35,2,37,21,16,False,21,0,21,0,0,-14
intermittent,marked_lineage_prune_info,98,1,35,10,45,39,6,False,39,0,39,0,0,4
intermittent,marked_lineage_prune_info,98,2,21,1,22,17,5,False,17,0,17,0,0,-4
intermittent,marked_lineage_prune_info,99,1,39,10,49,42,7,False,42,0,42,0,0,3
intermittent,marked_lineage_prune_info,99,2,17,1,18,17,1,False,17,0,17,0,0,0
intermittent,marked_lineage_prune_info,100,1,42,11,53,44,9,False,44,0,44,0,0,2
intermittent,marked_lineage_prune_info,100,2,17,1,18,16,2,False,16,0,16,0,0,-1
intermittent,marked_lineage_prune_info,101,1,44,11,55,47,8,False,47,0,47,0,0,3
intermittent,marked_lineage_prune_info,101,2,16,1,17,13,4,False,13,0,13,0,0,-3
intermittent,marked_lineage_prune_info,102,1,47,11,58,45,13,False,45,0,45,0,0,-2
intermittent,marked_lineage_prune_info,102,2,13,1,14,14,0,False,14,0,14,0,0,1
intermittent,marked_lineage_prune_info,103,1,45,9,54,44,10,False,44,0,44,0,0,-1
intermittent,marked_lineage_prune_info,103,2,14,1,15,14,1,False,14,0,14,0,0,0
intermittent,marked_lineage_prune_info,104,1,44,11,55,47,8,False,47,0,47,0,0,3
intermittent,marked_lineage_prune_info,104,2,14,0,14,11,3,False,11,0,11,0,0,-3
intermittent,marked_lineage_prune_info,105,1,47,11,58,42,16,False,42,0,42,0,0,-5
intermittent,marked_lineage_prune_info,105,2,11,0,11,11,0,False,11,0,11,0,0,0
intermittent,marked_lineage_prune_info,106,1,42,9,51,34,17,False,34,0,34,0,0,-8
intermittent,marked_lineage_prune_info,106,2,11,0,11,10,1,False,10,0,10,0,0,-1
intermittent,marked_lineage_prune_info,107,1,34,9,43,36,7,False,36,0,36,0,0,2
intermittent,marked_lineage_prune_info,107,2,10,0,10,10,0,False,10,0,10,0,0,0
intermittent,marked_lineage_prune_info,108,1,36,9,45,37,8,False,37,0,37,0,0,1
intermittent,marked_lineage_prune_info,108,2,10,0,10,10,0,False,10,0,10,0,0,0
intermittent,marked_lineage_prune_info,109,1,37,9,46,37,9,False,37,0,37,0,0,0
intermittent,marked_lineage_prune_info,109,2,10,0,10,10,0,False,10,0,10,0,0,0
intermittent,marked_lineage_prune_info,110,1,37,9,46,30,16,False,30,0,30,0,0,-7
intermittent,marked_lineage_prune_info,110,2,10,0,10,10,0,False,10,0,10,0,0,0
intermittent,marked_lineage_prune_info,111,1,30,9,39,22,17,False,22,0,22,0,0,-8
intermittent,marked_lineage_prune_info,111,2,10,2,12,12,0,False,12,0,12,0,0,2
intermittent,marked_lineage_prune_info,112,1,22,10,32,22,10,False,22,0,22,0,0,0
intermittent,marked_lineage_prune_info,112,2,12,1,13,13,0,False,13,0,13,0,0,1
intermittent,marked_lineage_prune_info,113,1,22,10,32,24,8,False,24,0,24,0,0,2
intermittent,marked_lineage_prune_info,113,2,13,2,15,15,0,False,15,0,15,0,0,2
intermittent,marked_lineage_prune_info,114,1,24,9,33,23,10,False,23,0,23,0,0,-1
intermittent,marked_lineage_prune_info,114,2,15,3,18,18,0,False,18,0,18,0,0,3
intermittent,marked_lineage_prune_info,115,1,23,8,31,19,12,False,19,0,19,0,0,-4
intermittent,marked_lineage_prune_info,115,2,18,3,21,20,1,False,20,0,20,0,0,2
intermittent,marked_lineage_prune_info,116,1,19,8,27,18,9,False,18,0,18,0,0,-1
intermittent,marked_lineage_prune_info,116,2,20,3,23,21,2,False,21,0,21,0,0,1
intermittent,marked_lineage_prune_info,117,1,18,8,26,18,8,False,18,0,18,0,0,0
intermittent,marked_lineage_prune_info,117,2,21,2,23,17,6,False,17,0,17,0,0,-4
intermittent,marked_lineage_prune_info,118,1,18,9,27,19,8,False,19,0,19,0,0,1
intermittent,marked_lineage_prune_info,118,2,17,1,18,14,4,False,14,0,14,0,0,-3
intermittent,marked_lineage_prune_info,119,1,19,8,27,18,9,False,18,0,18,0,0,-1
intermittent,marked_lineage_prune_info,119,2,14,2,16,11,5,False,11,0,11,0,0,-3
intermittent,marked_lineage_prune_info,120,1,18,8,26,19,7,False,19,0,19,0,0,1
intermittent,marked_lineage_prune_info,120,2,11,2,13,12,1,False,12,0,12,0,0,1
intermittent,marked_lineage_prune_info,121,1,19,9,28,19,9,False,19,0,19,0,0,0
intermittent,marked_lineage_prune_info,121,2,12,4,16,15,1,False,15,0,15,0,0,3
intermittent,marked_lineage_prune_info,122,1,19,10,29,21,8,False,21,0,21,0,0,2
intermittent,marked_lineage_prune_info,122,2,15,3,18,16,2,False,16,0,16,0,0,1
intermittent,marked_lineage_prune_info,123,1,21,10,31,21,10,False,21,0,21,0,0,0
intermittent,marked_lineage_prune_info,123,2,16,3,19,18,1,False,18,0,18,0,0,2
intermittent,marked_lineage_prune_info,124,1,21,10,31,20,11,False,20,0,20,0,0,-1
intermittent,marked_lineage_prune_info,124,2,18,4,22,17,5,False,17,0,17,0,0,-1
intermittent,marked_lineage_prune_info,125,1,20,9,29,20,9,False,20,0,20,0,0,0
intermittent,marked_lineage_prune_info,125,2,17,2,19,16,3,False,16,0,16,0,0,-1
intermittent,marked_lineage_prune_info,126,1,20,9,29,21,8,False,21,0,21,0,0,1
intermittent,marked_lineage_prune_info,126,2,16,2,18,14,4,False,14,0,14,0,0,-2
intermittent,marked_lineage_prune_info,127,1,21,12,33,25,8,False,25,0,25,0,0,4
intermittent,marked_lineage_prune_info,127,2,14,2,16,13,3,False,13,0,13,0,0,-1
intermittent,marked_lineage_prune_info,128,1,25,10,35,25,10,False,25,0,25,0,0,0
intermittent,marked_lineage_prune_info,128,2,13,1,14,11,3,False,11,0,11,0,0,-2
intermittent,marked_lineage_prune_info,129,1,25,13,38,29,9,False,29,0,29,0,0,4
intermittent,marked_lineage_prune_info,129,2,11,1,12,10,2,False,10,0,10,0,0,-1
intermittent,marked_lineage_prune_info,130,1,29,11,40,29,11,False,29,0,29,0,0,0
intermittent,marked_lineage_prune_info,130,2,10,2,12,10,2,False,10,0,10,0,0,0
intermittent,marked_lineage_prune_info,131,1,29,13,42,28,14,False,28,0,28,0,0,-1
intermittent,marked_lineage_prune_info,131,2,10,1,11,8,3,False,8,0,8,0,0,-2
intermittent,marked_lineage_prune_info,132,1,28,13,41,28,13,False,28,0,28,0,0,0
intermittent,marked_lineage_prune_info,132,2,8,1,9,8,1,False,8,0,8,0,0,0
intermittent,marked_lineage_prune_info,133,1,28,13,41,28,13,False,28,0,28,0,0,0
intermittent,marked_lineage_prune_info,133,2,8,0,8,7,1,False,7,0,7,0,0,-1
intermittent,marked_lineage_prune_info,134,1,28,13,41,30,11,False,30,0,30,0,0,2
intermittent,marked_lineage_prune_info,134,2,7,0,7,7,0,False,7,0,7,0,0,0
intermittent,marked_lineage_prune_info,135,1,30,12,42,31,11,False,31,0,31,0,0,1
intermittent,marked_lineage_prune_info,135,2,7,1,8,8,0,False,8,0,8,0,0,1
intermittent,marked_lineage_prune_info,136,1,31,12,43,33,10,False,33,0,33,0,0,2
intermittent,marked_lineage_prune_info,136,2,8,1,9,7,2,False,7,0,7,0,0,-1
intermittent,marked_lineage_prune_info,137,1,33,13,46,30,16,False,30,0,30,0,0,-3
intermittent,marked_lineage_prune_info,137,2,7,0,7,6,1,False,6,0,6,0,0,-1
intermittent,marked_lineage_prune_info,138,1,30,11,41,28,13,False,28,0,28,0,0,-2
intermittent,marked_lineage_prune_info,138,2,6,3,9,9,0,False,9,0,9,0,0,3
intermittent,marked_lineage_prune_info,139,1,28,12,40,29,11,False,29,0,29,0,0,1
intermittent,marked_lineage_prune_info,139,2,9,3,12,12,0,False,12,0,12,0,0,3
intermittent,marked_lineage_prune_info,140,1,29,11,40,26,14,False,26,0,26,0,0,-3
intermittent,marked_lineage_prune_info,140,2,12,3,15,13,2,False,13,0,13,0,0,1
intermittent,marked_lineage_prune_info,141,1,26,13,39,27,12,False,27,0,27,0,0,1
intermittent,marked_lineage_prune_info,141,2,13,2,15,11,4,False,11,0,11,0,0,-2
intermittent,marked_lineage_prune_info,142,1,27,13,40,27,13,False,27,0,27,0,0,0
intermittent,marked_lineage_prune_info,142,2,11,2,13,11,2,False,11,0,11,0,0,0
intermittent,marked_lineage_prune_info,143,1,27,12,39,27,12,False,27,0,27,0,0,0
intermittent,marked_lineage_prune_info,143,2,11,1,12,12,0,False,12,0,12,0,0,1
intermittent,marked_lineage_prune_info,144,1,27,12,39,27,12,False,27,0,27,0,0,0
intermittent,marked_lineage_prune_info,144,2,12,2,14,14,0,False,14,0,14,0,0,2
intermittent,marked_lineage_prune_info,145,1,27,13,40,27,13,True,29,2,27,2,2,0
intermittent,marked_lineage_prune_info,145,2,14,2,16,11,5,False,11,0,11,0,0,-3
intermittent,marked_lineage_prune_info,146,1,27,14,41,30,11,True,30,5,25,5,0,-2
intermittent,marked_lineage_prune_info,146,2,11,2,13,13,0,False,13,0,13,0,0,2
intermittent,marked_lineage_prune_info,147,1,25,14,39,34,5,False,34,0,34,0,0,9
intermittent,marked_lineage_prune_info,147,2,13,2,15,12,3,True,34,3,31,3,22,18
intermittent,marked_lineage_prune_info,148,1,34,14,48,40,8,True,40,3,37,3,0,3
intermittent,marked_lineage_prune_info,148,2,31,3,34,32,2,True,40,3,37,2,7,6
intermittent,marked_lineage_prune_info,149,1,37,14,51,40,11,True,40,2,38,2,0,1
intermittent,marked_lineage_prune_info,149,2,37,4,41,36,5,True,40,2,38,2,4,1
intermittent,marked_lineage_prune_info,150,1,38,13,51,42,9,True,42,8,34,8,0,-4
intermittent,marked_lineage_prune_info,150,2,38,2,40,29,11,True,42,8,34,4,9,-4
intermittent,marked_lineage_prune_info,151,1,34,14,48,43,5,True,43,8,35,8,0,1
intermittent,marked_lineage_prune_info,151,2,34,3,37,25,12,True,43,8,35,5,15,1
intermittent,marked_lineage_prune_info,152,1,35,15,50,46,4,True,46,13,33,13,0,-2
intermittent,marked_lineage_prune_info,152,2,35,5,40,27,13,True,46,13,33,4,10,-2
intermittent,marked_lineage_prune_info,153,1,33,14,47,40,7,True,40,6,34,6,0,1
intermittent,marked_lineage_prune_info,153,2,33,5,38,30,8,True,40,6,34,4,8,1
intermittent,marked_lineage_prune_info,154,1,34,15,49,37,12,True,39,9,30,8,1,-4
intermittent,marked_lineage_prune_info,154,2,34,5,39,33,6,True,39,9,30,9,6,-4
intermittent,marked_lineage_prune_info,155,1,30,14,44,37,7,True,37,6,31,6,0,1
intermittent,marked_lineage_prune_info,155,2,30,6,36,29,7,True,37,6,31,6,8,1
intermittent,marked_lineage_prune_info,156,1,31,14,45,40,5,True,41,5,36,5,1,5
intermittent,marked_lineage_prune_info,156,2,31,4,35,24,11,True,41,5,36,5,17,5
intermittent,marked_lineage_prune_info,157,1,36,15,51,44,7,True,46,5,41,5,2,5
intermittent,marked_lineage_prune_info,157,2,36,5,41,27,14,True,46,5,41,3,17,5
intermittent,marked_lineage_prune_info,158,1,41,14,55,48,7,True,50,7,43,7,2,2
intermittent,marked_lineage_prune_info,158,2,41,6,47,32,15,True,50,7,43,4,15,2
intermittent,marked_lineage_prune_info,159,1,43,14,57,48,9,True,51,5,46,5,3,3
intermittent,marked_lineage_prune_info,159,2,43,4,47,32,15,True,51,5,46,3,17,3
intermittent,marked_lineage_prune_info,160,1,46,13,59,47,12,True,47,6,41,6,0,-5
intermittent,marked_lineage_prune_info,160,2,46,3,49,24,25,True,47,6,41,2,19,-5
intermittent,marked_lineage_prune_info,161,1,41,13,54,46,8,True,46,6,40,6,0,-1
intermittent,marked_lineage_prune_info,161,2,41,2,43,24,19,False,24,0,24,0,0,-17
intermittent,marked_lineage_prune_info,162,1,40,14,54,41,13,True,41,7,34,7,0,-6
intermittent,marked_lineage_prune_info,162,2,24,2,26,20,6,True,41,7,34,6,20,10
intermittent,marked_lineage_prune_info,163,1,34,12,46,37,9,True,37,4,33,4,0,-1
intermittent,marked_lineage_prune_info,163,2,34,2,36,15,21,True,37,4,33,2,20,-1
intermittent,marked_lineage_prune_info,164,1,33,11,44,38,6,True,38,5,33,5,0,0
intermittent,marked_lineage_prune_info,164,2,33,2,35,21,14,True,38,5,33,2,14,0
intermittent,marked_lineage_prune_info,165,1,33,12,45,39,6,True,39,3,36,3,0,3
intermittent,marked_lineage_prune_info,165,2,33,2,35,21,14,True,39,3,36,2,17,3
intermittent,marked_lineage_prune_info,166,1,36,12,48,37,11,True,38,5,33,5,1,-3
intermittent,marked_lineage_prune_info,166,2,36,3,39,22,17,True,38,5,33,4,15,-3
intermittent,marked_lineage_prune_info,167,1,33,11,44,37,7,True,38,10,28,10,1,-5
intermittent,marked_lineage_prune_info,167,2,33,5,38,23,15,True,38,10,28,8,13,-5
intermittent,marked_lineage_prune_info,168,1,28,10,38,35,3,True,38,4,34,4,3,6
intermittent,marked_lineage_prune_info,168,2,28,4,32,21,11,True,38,4,34,2,15,6
intermittent,marked_lineage_prune_info,169,1,34,10,44,35,9,True,38,4,34,4,3,0
intermittent,marked_lineage_prune_info,169,2,34,4,38,26,12,True,38,4,34,2,10,0
intermittent,marked_lineage_prune_info,170,1,34,10,44,34,10,True,38,5,33,5,4,-1
intermittent,marked_lineage_prune_info,170,2,34,3,37,26,11,True,38,5,33,3,10,-1
intermittent,marked_lineage_prune_info,171,1,33,10,43,32,11,True,38,5,33,5,6,0
intermittent,marked_lineage_prune_info,171,2,33,3,36,25,11,True,38,5,33,2,10,0
intermittent,marked_lineage_prune_info,172,1,33,10,43,28,15,True,29,6,23,6,1,-10
intermittent,marked_lineage_prune_info,172,2,33,3,36,20,16,True,29,6,23,4,7,-10
intermittent,marked_lineage_prune_info,173,1,23,11,34,30,4,False,30,0,30,0,0,7
intermittent,marked_lineage_prune_info,173,2,23,4,27,20,7,True,30,7,23,2,5,0
intermittent,marked_lineage_prune_info,174,1,30,11,41,28,13,True,28,8,20,8,0,-10
intermittent,marked_lineage_prune_info,174,2,23,7,30,25,5,True,28,8,20,6,1,-3
intermittent,marked_lineage_prune_info,175,1,20,10,30,23,7,True,24,7,17,7,1,-3
intermittent,marked_lineage_prune_info,175,2,20,6,26,22,4,True,24,7,17,7,2,-3
intermittent,marked_lineage_prune_info,176,1,17,9,26,23,3,True,23,2,21,2,0,4
intermittent,marked_lineage_prune_info,176,2,17,4,21,20,1,True,23,2,21,2,3,4
intermittent,marked_lineage_prune_info,177,1,21,11,32,26,6,True,26,6,20,6,0,-1
intermittent,marked_lineage_prune_info,177,2,21,5,26,23,3,True,26,6,20,5,2,-1
intermittent,marked_lineage_prune_info,178,1,20,10,30,23,7,True,24,4,20,4,1,0
intermittent,marked_lineage_prune_info,178,2,20,4,24,22,2,True,24,4,20,4,2,0
intermittent,marked_lineage_prune_info,179,1,20,10,30,26,4,True,26,3,23,3,0,3
intermittent,marked_lineage_prune_info,179,2,20,4,24,20,4,True,26,3,23,3,6,3
intermittent,marked_lineage_prune_info,180,1,23,10,33,26,7,True,26,3,23,3,0,0
intermittent,marked_lineage_prune_info,180,2,23,2,25,21,4,True,26,3,23,3,5,0
intermittent,marked_lineage_prune_info,181,1,23,11,34,27,7,True,27,2,25,2,0,2
intermittent,marked_lineage_prune_info,181,2,23,4,27,22,5,True,27,2,25,2,5,2
intermittent,marked_lineage_prune_info,182,1,25,10,35,27,8,True,30,3,27,3,3,2
intermittent,marked_lineage_prune_info,182,2,25,4,29,25,4,False,25,0,25,0,0,0
intermittent,marked_lineage_prune_info,183,1,27,11,38,34,4,True,34,6,28,6,0,1
intermittent,marked_lineage_prune_info,183,2,25,3,28,23,5,True,34,6,28,6,11,3
intermittent,marked_lineage_prune_info,184,1,28,12,40,37,3,True,37,0,37,0,0,9
intermittent,marked_lineage_prune_info,184,2,28,3,31,21,10,True,37,0,37,0,16,9
intermittent,marked_lineage_prune_info,185,1,37,11,48,30,18,True,30,4,26,4,0,-11
intermittent,marked_lineage_prune_info,185,2,37,4,41,28,13,True,30,4,26,4,2,-11
intermittent,marked_lineage_prune_info,186,1,26,9,35,25,10,True,26,3,23,3,1,-3
intermittent,marked_lineage_prune_info,186,2,26,3,29,23,6,True,26,3,23,3,3,-3
intermittent,marked_lineage_prune_info,187,1,23,10,33,25,8,False,25,0,25,0,0,2
intermittent,marked_lineage_prune_info,187,2,23,4,27,22,5,True,25,6,19,6,3,-4
intermittent,marked_lineage_prune_info,188,1,25,9,34,24,10,True,25,5,20,5,1,-5
intermittent,marked_lineage_prune_info,188,2,19,5,24,20,4,True,25,5,20,5,5,1
intermittent,marked_lineage_prune_info,189,1,20,9,29,25,4,True,25,6,19,6,0,-1
intermittent,marked_lineage_prune_info,189,2,20,6,26,23,3,True,25,6,19,6,2,-1
intermittent,marked_lineage_prune_info,190,1,19,10,29,27,2,True,27,2,25,2,0,6
intermittent,marked_lineage_prune_info,190,2,19,4,23,20,3,True,27,2,25,2,7,6
intermittent,marked_lineage_prune_info,191,1,25,10,35,28,7,True,31,4,27,4,3,2
intermittent,marked_lineage_prune_info,191,2,25,6,31,26,5,True,31,4,27,4,5,2
intermittent,marked_lineage_prune_info,192,1,27,11,38,30,8,True,31,2,29,2,1,2
intermittent,marked_lineage_prune_info,192,2,27,6,33,26,7,True,31,2,29,2,5,2
intermittent,marked_lineage_prune_info,193,1,29,9,38,29,9,True,31,2,29,2,2,0
intermittent,marked_lineage_prune_info,193,2,29,5,34,27,7,True,31,2,29,2,4,0
intermittent,marked_lineage_prune_info,194,1,29,10,39,30,9,True,33,4,29,4,3,0
intermittent,marked_lineage_prune_info,194,2,29,4,33,25,8,True,33,4,29,4,8,0
intermittent,marked_lineage_prune_info,195,1,29,10,39,24,15,True,28,5,23,5,4,-6
intermittent,marked_lineage_prune_info,195,2,29,2,31,24,7,True,28,5,23,5,4,-6
intermittent,marked_lineage_prune_info,196,1,23,9,32,24,8,True,29,2,27,2,5,4
intermittent,marked_lineage_prune_info,196,2,23,3,26,22,4,True,29,2,27,1,6,4
intermittent,marked_lineage_prune_info,197,1,27,11,38,23,15,True,23,5,18,5,0,-9
intermittent,marked_lineage_prune_info,197,2,27,3,30,21,9,True,23,5,18,5,2,-9
intermittent,marked_lineage_prune_info,198,1,18,8,26,21,5,True,22,3,19,3,1,1
intermittent,marked_lineage_prune_info,198,2,18,3,21,19,2,True,22,3,19,2,2,1
intermittent,marked_lineage_prune_info,199,1,19,11,30,25,5,True,26,3,23,3,1,4
intermittent,marked_lineage_prune_info,199,2,19,3,22,21,1,False,21,0,21,0,0,2
intermittent,marked_lineage_prune_info,200,1,23,11,34,28,6,False,28,0,28,0,0,5
intermittent,marked_lineage_prune_info,200,2,21,3,24,23,1,True,28,6,22,6,5,1
intermittent,marked_lineage_prune_info,201,1,28,12,40,32,8,True,32,6,26,6,0,-2
intermittent,marked_lineage_prune_info,201,2,22,2,24,19,5,True,32,6,26,5,12,4
intermittent,marked_lineage_prune_info,202,1,26,12,38,31,7,True,31,3,28,3,0,2
intermittent,marked_lineage_prune_info,202,2,26,2,28,22,6,True,31,3,28,3,9,2
intermittent,marked_lineage_prune_info,203,1,28,11,39,29,10,True,30,3,27,3,1,-1
intermittent,marked_lineage_prune_info,203,2,28,4,32,25,7,False,25,0,25,0,0,-3
intermittent,marked_lineage_prune_info,204,1,27,10,37,28,9,True,30,6,24,6,2,-3
intermittent,marked_lineage_prune_info,204,2,25,3,28,22,6,True,30,6,24,6,8,-1
intermittent,marked_lineage_prune_info,205,1,24,10,34,29,5,True,30,4,26,4,1,2
intermittent,marked_lineage_prune_info,205,2,24,3,27,23,4,True,30,4,26,4,7,2
intermittent,marked_lineage_prune_info,206,1,26,10,36,29,7,False,29,0,29,0,0,3
intermittent,marked_lineage_prune_info,206,2,26,4,30,26,4,True,30,4,26,4,4,0
intermittent,marked_lineage_prune_info,207,1,29,10,39,29,10,True,31,5,26,5,2,-3
intermittent,marked_lineage_prune_info,207,2,26,4,30,28,2,True,31,5,26,5,3,0
intermittent,marked_lineage_prune_info,208,1,26,10,36,30,6,True,31,6,25,6,1,-1
intermittent,marked_lineage_prune_info,208,2,26,3,29,26,3,True,31,6,25,6,5,-1
intermittent,marked_lineage_prune_info,209,1,25,10,35,30,5,True,31,4,27,4,1,2
intermittent,marked_lineage_prune_info,209,2,25,3,28,24,4,True,31,4,27,4,7,2
intermittent,marked_lineage_prune_info,210,1,27,10,37,30,7,True,32,4,28,4,2,1
intermittent,marked_lineage_prune_info,210,2,27,5,32,28,4,True,32,4,28,4,4,1
intermittent,marked_lineage_prune_info,211,1,28,10,38,30,8,True,31,6,25,6,1,-3
intermittent,marked_lineage_prune_info,211,2,28,4,32,27,5,True,31,6,25,5,3,-3
intermittent,marked_lineage_prune_info,212,1,25,10,35,29,6,True,29,6,23,6,0,-2
intermittent,marked_lineage_prune_info,212,2,25,3,28,23,5,True,29,6,23,6,6,-2
intermittent,marked_lineage_prune_info,213,1,23,11,34,29,5,True,29,2,27,2,0,4
intermittent,marked_lineage_prune_info,213,2,23,2,25,19,6,True,29,2,27,2,10,4
intermittent,marked_lineage_prune_info,214,1,27,12,39,30,9,True,30,9,21,9,0,-6
intermittent,marked_lineage_prune_info,214,2,27,3,30,26,4,True,30,9,21,8,3,-6
intermittent,marked_lineage_prune_info,215,1,21,11,32,28,4,True,28,5,23,5,0,2
intermittent,marked_lineage_prune_info,215,2,21,4,25,22,3,True,28,5,23,2,3,2
intermittent,marked_lineage_prune_info,216,1,23,10,33,25,8,True,25,6,19,6,0,-4
intermittent,marked_lineage_prune_info,216,2,23,4,27,24,3,True,25,6,19,6,1,-4
intermittent,marked_lineage_prune_info,217,1,19,9,28,24,4,True,24,6,18,6,0,-1
intermittent,marked_lineage_prune_info,217,2,19,4,23,20,3,False,20,0,20,0,0,1
intermittent,marked_lineage_prune_info,218,1,18,9,27,25,2,True,25,6,19,6,0,1
intermittent,marked_lineage_prune_info,218,2,20,3,23,20,3,True,25,6,19,6,5,-1
intermittent,marked_lineage_prune_info,219,1,19,8,27,24,3,True,24,3,21,3,0,2
intermittent,marked_lineage_prune_info,219,2,19,3,22,19,3,True,24,3,21,3,5,2
intermittent,marked_lineage_prune_info,220,1,21,8,29,23,6,True,23,4,19,4,0,-2
intermittent,marked_lineage_prune_info,220,2,21,4,25,23,2,True,23,4,19,4,0,-2
intermittent,marked_lineage_prune_info,221,1,19,8,27,22,5,True,22,5,17,5,0,-2
intermittent,marked_lineage_prune_info,221,2,19,3,22,21,1,True,22,5,17,5,1,-2
intermittent,marked_lineage_prune_info,222,1,17,8,25,22,3,False,22,0,22,0,0,5
intermittent,marked_lineage_prune_info,222,2,17,3,20,20,0,True,22,3,19,3,2,2
intermittent,marked_lineage_prune_info,223,1,22,8,30,22,8,True,22,4,18,4,0,-4
intermittent,marked_lineage_prune_info,223,2,19,2,21,21,0,True,22,4,18,4,1,-1
intermittent,marked_lineage_prune_info,224,1,18,9,27,23,4,False,23,0,23,0,0,5
intermittent,marked_lineage_prune_info,224,2,18,2,20,20,0,True,23,3,20,3,3,2
intermittent,marked_lineage_prune_info,225,1,23,9,32,24,8,True,24,4,20,4,0,-3
intermittent,marked_lineage_prune_info,225,2,20,2,22,22,0,True,24,4,20,4,2,0
intermittent,marked_lineage_prune_info,226,1,20,9,29,25,4,True,25,3,22,3,0,2
intermittent,marked_lineage_prune_info,226,2,20,2,22,21,1,True,25,3,22,3,4,2
intermittent,marked_lineage_prune_info,227,1,22,9,31,25,6,False,25,0,25,0,0,3
intermittent,marked_lineage_prune_info,227,2,22,2,24,22,2,True,27,1,26,1,5,4
intermittent,marked_lineage_prune_info,228,1,25,9,34,26,8,True,28,3,25,3,2,0
intermittent,marked_lineage_prune_info,228,2,26,2,28,22,6,True,28,3,25,3,6,-1
intermittent,marked_lineage_prune_info,229,1,25,9,34,28,6,True,28,3,25,3,0,0
intermittent,marked_lineage_prune_info,229,2,25,2,27,21,6,True,28,3,25,3,7,0
intermittent,marked_lineage_prune_info,230,1,25,9,34,29,5,True,29,4,25,4,0,0
intermittent,marked_lineage_prune_info,230,2,25,2,27,21,6,True,29,4,25,2,6,0
intermittent,marked_lineage_prune_info,231,1,25,9,34,27,7,True,27,4,23,4,0,-2
intermittent,marked_lineage_prune_info,231,2,25,2,27,21,6,True,27,4,23,2,4,-2
intermittent,marked_lineage_prune_info,232,1,23,9,32,24,8,True,25,1,24,1,1,1
intermittent,marked_lineage_prune_info,232,2,23,2,25,23,2,True,25,1,24,1,2,1
intermittent,marked_lineage_prune_info,233,1,24,9,33,25,8,True,25,5,20,5,0,-4
intermittent,marked_lineage_prune_info,233,2,24,2,26,23,3,True,25,5,20,5,2,-4
intermittent,marked_lineage_prune_info,234,1,20,9,29,25,4,True,25,3,22,3,0,2
intermittent,marked_lineage_prune_info,234,2,20,2,22,19,3,True,25,3,22,3,6,2
intermittent,marked_lineage_prune_info,235,1,22,9,31,25,6,True,25,2,23,2,0,1
intermittent,marked_lineage_prune_info,235,2,22,2,24,21,3,True,25,2,23,2,4,1
intermittent,marked_lineage_prune_info,236,1,23,9,32,25,7,True,25,1,24,1,0,1
intermittent,marked_lineage_prune_info,236,2,23,1,24,22,2,True,25,1,24,1,3,1
intermittent,marked_lineage_prune_info,237,1,24,8,32,24,8,True,25,3,22,3,1,-2
intermittent,marked_lineage_prune_info,237,2,24,2,26,23,3,True,25,3,22,3,2,-2
intermittent,marked_lineage_prune_info,238,1,22,8,30,25,5,True,25,5,20,5,0,-2
intermittent,marked_lineage_prune_info,238,2,22,3,25,22,3,True,25,5,20,5,3,-2
intermittent,marked_lineage_prune_info,239,1,20,8,28,25,3,True,25,1,24,1,0,4
intermittent,marked_lineage_prune_info,239,2,20,2,22,20,2,True,25,1,24,1,5,4
intermittent,marked_lineage_prune_info,240,1,24,7,31,23,8,True,24,5,19,5,1,-5
intermittent,marked_lineage_prune_info,240,2,24,3,27,24,3,True,24,5,19,5,0,-5
