condition,arm,frame,robot,previous,births,predicted,local,local_pruned,received,pre_fusion_prune,fusion_pruned,retained,local_lost_at_fusion,remote_only_retained,delta
reliable,marked_gaussian_evidence_known_censor,1,1,0,0,0,0,0,True,0,0,0,0,0,0
reliable,marked_gaussian_evidence_known_censor,1,2,0,0,0,0,0,True,0,0,0,0,0,0
reliable,marked_gaussian_evidence_known_censor,2,1,0,9,9,9,0,True,9,0,9,0,0,9
reliable,marked_gaussian_evidence_known_censor,2,2,0,1,1,1,0,True,9,0,9,0,8,9
reliable,marked_gaussian_evidence_known_censor,3,1,9,10,19,19,0,True,19,0,19,0,0,10
reliable,marked_gaussian_evidence_known_censor,3,2,9,0,9,7,2,True,19,0,19,0,12,10
reliable,marked_gaussian_evidence_known_censor,4,1,19,9,28,25,3,True,25,0,25,0,0,6
reliable,marked_gaussian_evidence_known_censor,4,2,19,0,19,14,5,True,25,0,25,0,11,6
reliable,marked_gaussian_evidence_known_censor,5,1,25,9,34,32,2,True,32,3,29,3,0,4
reliable,marked_gaussian_evidence_known_censor,5,2,25,0,25,20,5,True,32,3,29,3,12,4
reliable,marked_gaussian_evidence_known_censor,6,1,29,9,38,36,2,True,36,0,36,0,0,7
reliable,marked_gaussian_evidence_known_censor,6,2,29,0,29,16,13,True,36,0,36,0,20,7
reliable,marked_gaussian_evidence_known_censor,7,1,36,9,45,42,3,True,42,2,40,2,0,4
reliable,marked_gaussian_evidence_known_censor,7,2,36,0,36,18,18,True,42,2,40,2,24,4
reliable,marked_gaussian_evidence_known_censor,8,1,40,10,50,49,1,True,49,0,49,0,0,9
reliable,marked_gaussian_evidence_known_censor,8,2,40,0,40,21,19,True,49,2,47,0,26,7
reliable,marked_gaussian_evidence_known_censor,9,1,49,9,58,53,5,True,53,3,50,3,0,1
reliable,marked_gaussian_evidence_known_censor,9,2,47,1,48,24,24,True,53,6,47,3,26,0
reliable,marked_gaussian_evidence_known_censor,10,1,50,10,60,56,4,True,56,0,56,0,0,6
reliable,marked_gaussian_evidence_known_censor,10,2,47,1,48,26,22,True,56,0,56,0,30,9
reliable,marked_gaussian_evidence_known_censor,11,1,56,10,66,57,9,True,57,6,51,6,0,-5
reliable,marked_gaussian_evidence_known_censor,11,2,56,1,57,29,28,True,57,8,49,6,26,-7
reliable,marked_gaussian_evidence_known_censor,12,1,51,10,61,50,11,True,53,7,46,6,2,-5
reliable,marked_gaussian_evidence_known_censor,12,2,49,2,51,24,27,True,53,6,47,6,29,-2
reliable,marked_gaussian_evidence_known_censor,13,1,46,10,56,51,5,True,52,5,47,5,1,1
reliable,marked_gaussian_evidence_known_censor,13,2,47,0,47,18,29,True,52,5,47,5,34,0
reliable,marked_gaussian_evidence_known_censor,14,1,47,10,57,48,9,True,48,4,44,4,0,-3
reliable,marked_gaussian_evidence_known_censor,14,2,47,0,47,13,34,True,48,4,44,4,35,-3
reliable,marked_gaussian_evidence_known_censor,15,1,44,9,53,48,5,True,48,2,46,2,0,2
reliable,marked_gaussian_evidence_known_censor,15,2,44,0,44,11,33,True,48,2,46,2,37,2
reliable,marked_gaussian_evidence_known_censor,16,1,46,9,55,51,4,True,51,2,49,2,0,3
reliable,marked_gaussian_evidence_known_censor,16,2,46,0,46,11,35,True,51,3,48,2,39,2
reliable,marked_gaussian_evidence_known_censor,17,1,49,11,60,58,2,True,58,1,57,1,0,8
reliable,marked_gaussian_evidence_known_censor,17,2,48,0,48,11,37,True,58,2,56,1,46,8
reliable,marked_gaussian_evidence_known_censor,18,1,57,10,67,64,3,True,64,2,62,2,0,5
reliable,marked_gaussian_evidence_known_censor,18,2,56,0,56,13,43,True,64,3,61,2,50,5
reliable,marked_gaussian_evidence_known_censor,19,1,62,10,72,70,2,True,70,0,70,0,0,8
reliable,marked_gaussian_evidence_known_censor,19,2,61,0,61,12,49,True,70,1,69,0,57,8
reliable,marked_gaussian_evidence_known_censor,20,1,70,10,80,74,6,True,74,6,68,6,0,-2
reliable,marked_gaussian_evidence_known_censor,20,2,69,0,69,17,52,True,74,11,63,6,52,-6
reliable,marked_gaussian_evidence_known_censor,21,1,68,10,78,77,1,True,77,1,76,1,0,8
reliable,marked_gaussian_evidence_known_censor,21,2,63,0,63,10,53,True,77,7,70,1,61,7
reliable,marked_gaussian_evidence_known_censor,22,1,76,10,86,81,5,True,81,5,76,5,0,0
reliable,marked_gaussian_evidence_known_censor,22,2,70,0,70,12,58,True,81,11,70,5,63,0
reliable,marked_gaussian_evidence_known_censor,23,1,76,10,86,81,5,True,81,1,80,1,0,4
reliable,marked_gaussian_evidence_known_censor,23,2,70,0,70,8,62,True,81,7,74,1,67,4
reliable,marked_gaussian_evidence_known_censor,24,1,80,10,90,75,15,True,75,3,72,3,0,-8
reliable,marked_gaussian_evidence_known_censor,24,2,74,0,74,11,63,True,75,11,64,3,56,-10
reliable,marked_gaussian_evidence_known_censor,25,1,72,9,81,76,5,True,76,3,73,3,0,1
reliable,marked_gaussian_evidence_known_censor,25,2,64,0,64,11,53,True,76,9,67,3,59,3
reliable,marked_gaussian_evidence_known_censor,26,1,73,8,81,75,6,True,75,4,71,4,0,-2
reliable,marked_gaussian_evidence_known_censor,26,2,67,0,67,11,56,True,75,12,63,4,56,-4
reliable,marked_gaussian_evidence_known_censor,27,1,71,9,80,78,2,True,78,1,77,1,0,6
reliable,marked_gaussian_evidence_known_censor,27,2,63,0,63,8,55,True,78,6,72,1,65,9
reliable,marked_gaussian_evidence_known_censor,28,1,77,7,84,79,5,True,79,3,76,3,0,-1
reliable,marked_gaussian_evidence_known_censor,28,2,72,0,72,10,62,True,79,10,69,3,62,-3
reliable,marked_gaussian_evidence_known_censor,29,1,76,8,84,81,3,True,81,1,80,1,0,4
reliable,marked_gaussian_evidence_known_censor,29,2,69,0,69,8,61,True,81,8,73,1,66,4
reliable,marked_gaussian_evidence_known_censor,30,1,80,8,88,84,4,True,84,3,81,3,0,1
reliable,marked_gaussian_evidence_known_censor,30,2,73,0,73,10,63,True,84,10,74,3,67,1
reliable,marked_gaussian_evidence_known_censor,31,1,81,10,91,88,3,True,88,1,87,1,0,6
reliable,marked_gaussian_evidence_known_censor,31,2,74,0,74,9,65,True,88,8,80,1,72,6
reliable,marked_gaussian_evidence_known_censor,32,1,87,9,96,92,4,True,92,3,89,3,0,2
reliable,marked_gaussian_evidence_known_censor,32,2,80,0,80,13,67,True,92,10,82,3,72,2
reliable,marked_gaussian_evidence_known_censor,33,1,89,10,99,96,3,True,96,1,95,1,0,6
reliable,marked_gaussian_evidence_known_censor,33,2,82,0,82,13,69,True,96,7,89,1,77,7
reliable,marked_gaussian_evidence_known_censor,34,1,95,9,104,100,4,True,100,3,97,3,0,2
reliable,marked_gaussian_evidence_known_censor,34,2,89,0,89,17,72,True,100,10,90,3,76,1
reliable,marked_gaussian_evidence_known_censor,35,1,97,10,107,104,3,True,104,1,103,1,0,6
reliable,marked_gaussian_evidence_known_censor,35,2,90,0,90,17,73,True,104,7,97,1,81,7
reliable,marked_gaussian_evidence_known_censor,36,1,103,9,112,104,8,True,104,5,99,5,0,-4
reliable,marked_gaussian_evidence_known_censor,36,2,97,0,97,21,76,True,104,11,93,5,77,-4
reliable,marked_gaussian_evidence_known_censor,37,1,99,9,108,105,3,True,105,3,102,3,0,3
reliable,marked_gaussian_evidence_known_censor,37,2,93,0,93,17,76,True,105,9,96,3,82,3
reliable,marked_gaussian_evidence_known_censor,38,1,102,10,112,106,6,True,106,5,101,5,0,-1
reliable,marked_gaussian_evidence_known_censor,38,2,96,0,96,17,79,True,106,13,93,5,81,-3
reliable,marked_gaussian_evidence_known_censor,39,1,101,10,111,108,3,True,108,2,106,2,0,5
reliable,marked_gaussian_evidence_known_censor,39,2,93,0,93,13,80,True,108,10,98,2,87,5
reliable,marked_gaussian_evidence_known_censor,40,1,106,10,116,110,6,True,110,5,105,5,0,-1
reliable,marked_gaussian_evidence_known_censor,40,2,98,0,98,15,83,True,110,13,97,5,87,-1
reliable,marked_gaussian_evidence_known_censor,41,1,105,10,115,112,3,True,112,2,110,2,0,5
reliable,marked_gaussian_evidence_known_censor,41,2,97,0,97,11,86,True,112,11,101,2,92,4
reliable,marked_gaussian_evidence_known_censor,42,1,110,10,120,114,6,True,114,5,109,5,0,-1
reliable,marked_gaussian_evidence_known_censor,42,2,101,0,101,13,88,True,114,13,101,5,93,0
reliable,marked_gaussian_evidence_known_censor,43,1,109,10,119,117,2,True,117,1,116,1,0,7
reliable,marked_gaussian_evidence_known_censor,43,2,101,0,101,9,92,True,117,9,108,1,100,7
reliable,marked_gaussian_evidence_known_censor,44,1,116,10,126,120,6,True,120,6,114,6,0,-2
reliable,marked_gaussian_evidence_known_censor,44,2,108,1,109,15,94,True,120,14,106,6,97,-2
reliable,marked_gaussian_evidence_known_censor,45,1,114,11,125,123,2,True,123,1,122,1,0,8
reliable,marked_gaussian_evidence_known_censor,45,2,106,0,106,9,97,True,123,9,114,1,106,8
reliable,marked_gaussian_evidence_known_censor,46,1,122,10,132,126,6,True,126,5,121,5,0,-1
reliable,marked_gaussian_evidence_known_censor,46,2,114,0,114,14,100,True,126,14,112,5,103,-2
reliable,marked_gaussian_evidence_known_censor,47,1,121,10,131,129,2,True,129,1,128,1,0,7
reliable,marked_gaussian_evidence_known_censor,47,2,112,0,112,10,102,True,129,9,120,1,111,8
reliable,marked_gaussian_evidence_known_censor,48,1,128,10,138,132,6,True,132,5,127,5,0,-1
reliable,marked_gaussian_evidence_known_censor,48,2,120,0,120,13,107,True,132,13,119,5,111,-1
reliable,marked_gaussian_evidence_known_censor,49,1,127,10,137,135,2,True,135,1,134,1,0,7
reliable,marked_gaussian_evidence_known_censor,49,2,119,0,119,10,109,True,135,9,126,1,117,7
reliable,marked_gaussian_evidence_known_censor,50,1,134,10,144,138,6,True,138,5,133,5,0,-1
reliable,marked_gaussian_evidence_known_censor,50,2,126,0,126,14,112,True,138,97,41,5,32,-85
reliable,marked_gaussian_evidence_known_censor,51,1,133,10,143,141,2,True,142,1,141,1,1,8
reliable,marked_gaussian_evidence_known_censor,51,2,41,1,42,10,32,True,142,12,130,1,121,89
reliable,marked_gaussian_evidence_known_censor,52,1,141,10,151,144,7,True,144,5,139,5,0,-2
reliable,marked_gaussian_evidence_known_censor,52,2,130,0,130,13,117,True,144,17,127,5,119,-3
reliable,marked_gaussian_evidence_known_censor,53,1,139,10,149,132,17,True,132,1,131,1,0,-8
reliable,marked_gaussian_evidence_known_censor,53,2,127,0,127,9,118,True,132,12,120,1,112,-7
reliable,marked_gaussian_evidence_known_censor,54,1,131,10,141,136,5,True,136,4,132,4,0,1
reliable,marked_gaussian_evidence_known_censor,54,2,120,0,120,13,107,True,136,17,119,4,110,-1
reliable,marked_gaussian_evidence_known_censor,55,1,132,11,143,139,4,True,139,2,137,2,0,5
reliable,marked_gaussian_evidence_known_censor,55,2,119,0,119,12,107,True,139,7,132,2,122,13
reliable,marked_gaussian_evidence_known_censor,56,1,137,11,148,143,5,True,143,3,140,3,0,3
reliable,marked_gaussian_evidence_known_censor,56,2,132,0,132,14,118,True,143,6,137,3,126,5
reliable,marked_gaussian_evidence_known_censor,57,1,140,10,150,146,4,True,146,2,144,2,0,4
reliable,marked_gaussian_evidence_known_censor,57,2,137,0,137,13,124,True,146,6,140,2,129,3
reliable,marked_gaussian_evidence_known_censor,58,1,144,10,154,150,4,True,150,2,148,2,0,4
reliable,marked_gaussian_evidence_known_censor,58,2,140,0,140,13,127,True,150,6,144,2,133,4
reliable,marked_gaussian_evidence_known_censor,59,1,148,10,158,154,4,True,155,2,153,2,1,5
reliable,marked_gaussian_evidence_known_censor,59,2,144,1,145,13,132,True,155,7,148,2,137,4
reliable,marked_gaussian_evidence_known_censor,60,1,153,10,163,158,5,True,160,2,158,2,2,5
reliable,marked_gaussian_evidence_known_censor,60,2,148,1,149,15,134,True,160,6,154,2,141,6
reliable,marked_gaussian_evidence_known_censor,61,1,158,10,168,156,12,True,159,6,153,6,3,-5
reliable,marked_gaussian_evidence_known_censor,61,2,154,3,157,18,139,True,159,11,148,6,136,-6
reliable,marked_gaussian_evidence_known_censor,62,1,153,9,162,157,5,True,162,2,160,2,5,7
reliable,marked_gaussian_evidence_known_censor,62,2,148,3,151,16,135,True,162,10,152,2,138,4
reliable,marked_gaussian_evidence_known_censor,63,1,160,9,169,163,6,True,166,3,163,3,3,3
reliable,marked_gaussian_evidence_known_censor,63,2,152,1,153,19,134,True,166,9,157,3,141,5
reliable,marked_gaussian_evidence_known_censor,64,1,163,9,172,165,7,True,173,1,172,1,8,9
reliable,marked_gaussian_evidence_known_censor,64,2,157,3,160,21,139,True,173,8,165,1,145,8
reliable,marked_gaussian_evidence_known_censor,65,1,172,9,181,171,10,True,178,4,174,4,7,2
reliable,marked_gaussian_evidence_known_censor,65,2,165,3,168,26,142,True,178,10,168,4,146,3
reliable,marked_gaussian_evidence_known_censor,66,1,174,11,185,177,8,True,184,2,182,2,7,8
reliable,marked_gaussian_evidence_known_censor,66,2,168,2,170,24,146,True,184,8,176,2,154,8
reliable,marked_gaussian_evidence_known_censor,67,1,182,9,191,178,13,True,186,3,183,3,8,1
reliable,marked_gaussian_evidence_known_censor,67,2,176,1,177,24,153,True,186,13,173,3,152,-3
reliable,marked_gaussian_evidence_known_censor,68,1,183,10,193,183,10,True,192,1,191,1,9,8
reliable,marked_gaussian_evidence_known_censor,68,2,173,1,174,24,150,True,192,6,186,1,163,13
reliable,marked_gaussian_evidence_known_censor,69,1,191,11,202,189,13,True,198,2,196,2,9,5
reliable,marked_gaussian_evidence_known_censor,69,2,186,1,187,29,158,True,198,11,187,2,160,1
reliable,marked_gaussian_evidence_known_censor,70,1,196,10,206,190,16,True,201,1,200,1,11,4
reliable,marked_gaussian_evidence_known_censor,70,2,187,1,188,31,157,True,201,8,193,1,163,6
reliable,marked_gaussian_evidence_known_censor,71,1,200,11,211,196,15,True,209,2,207,2,13,7
reliable,marked_gaussian_evidence_known_censor,71,2,193,1,194,35,159,True,209,10,199,2,166,6
reliable,marked_gaussian_evidence_known_censor,72,1,207,10,217,203,14,True,214,3,211,3,11,4
reliable,marked_gaussian_evidence_known_censor,72,2,199,2,201,37,164,True,214,11,203,3,169,4
reliable,marked_gaussian_evidence_known_censor,73,1,211,10,221,205,16,True,219,3,216,3,14,5
reliable,marked_gaussian_evidence_known_censor,73,2,203,1,204,39,165,True,219,11,208,3,172,5
reliable,marked_gaussian_evidence_known_censor,74,1,216,12,228,213,15,True,226,1,225,1,13,9
reliable,marked_gaussian_evidence_known_censor,74,2,208,1,209,40,169,True,226,12,214,1,175,6
reliable,marked_gaussian_evidence_known_censor,75,1,225,12,237,216,21,True,233,3,230,3,17,5
reliable,marked_gaussian_evidence_known_censor,75,2,214,2,216,46,170,True,233,13,220,3,177,6
reliable,marked_gaussian_evidence_known_censor,76,1,230,12,242,221,21,True,238,4,234,4,17,4
reliable,marked_gaussian_evidence_known_censor,76,2,220,2,222,47,175,True,238,15,223,4,180,3
reliable,marked_gaussian_evidence_known_censor,77,1,234,13,247,225,22,True,225,6,219,6,0,-15
reliable,marked_gaussian_evidence_known_censor,77,2,223,2,225,29,196,True,225,19,206,6,183,-17
reliable,marked_gaussian_evidence_known_censor,78,1,219,11,230,227,3,True,227,6,221,6,0,2
reliable,marked_gaussian_evidence_known_censor,78,2,206,1,207,27,180,True,227,25,202,6,181,-4
reliable,marked_gaussian_evidence_known_censor,79,1,221,11,232,227,5,True,227,9,218,9,0,-3
reliable,marked_gaussian_evidence_known_censor,79,2,202,2,204,27,177,True,227,24,203,9,185,1
reliable,marked_gaussian_evidence_known_censor,80,1,218,11,229,225,4,True,225,2,223,2,0,5
reliable,marked_gaussian_evidence_known_censor,80,2,203,0,203,17,186,True,225,163,62,2,47,-141
reliable,marked_gaussian_evidence_known_censor,81,1,223,11,234,230,4,True,230,4,226,4,0,3
reliable,marked_gaussian_evidence_known_censor,81,2,62,0,62,18,44,True,230,18,212,4,198,150
reliable,marked_gaussian_evidence_known_censor,82,1,226,10,236,229,7,True,229,4,225,4,0,-1
reliable,marked_gaussian_evidence_known_censor,82,2,212,1,213,17,196,True,229,23,206,4,193,-6
reliable,marked_gaussian_evidence_known_censor,83,1,225,10,235,230,5,True,230,0,230,0,0,5
reliable,marked_gaussian_evidence_known_censor,83,2,206,0,206,15,191,True,230,18,212,0,197,6
reliable,marked_gaussian_evidence_known_censor,84,1,230,12,242,234,8,True,234,5,229,5,0,-1
reliable,marked_gaussian_evidence_known_censor,84,2,212,1,213,20,193,True,234,27,207,5,192,-5
reliable,marked_gaussian_evidence_known_censor,85,1,229,10,239,235,4,True,235,2,233,2,0,4
reliable,marked_gaussian_evidence_known_censor,85,2,207,0,207,16,191,True,235,14,221,2,207,14
reliable,marked_gaussian_evidence_known_censor,86,1,233,10,243,238,5,True,238,3,235,3,0,2
reliable,marked_gaussian_evidence_known_censor,86,2,221,0,221,17,204,True,238,170,68,3,54,-153
reliable,marked_gaussian_evidence_known_censor,87,1,235,10,245,241,4,True,241,3,238,3,0,3
reliable,marked_gaussian_evidence_known_censor,87,2,68,0,68,16,52,True,241,25,216,3,203,148
reliable,marked_gaussian_evidence_known_censor,88,1,238,10,248,244,4,True,244,3,241,3,0,3
reliable,marked_gaussian_evidence_known_censor,88,2,216,0,216,16,200,True,244,35,209,3,196,-7
reliable,marked_gaussian_evidence_known_censor,89,1,241,10,251,245,6,True,245,3,242,3,0,1
reliable,marked_gaussian_evidence_known_censor,89,2,209,1,210,17,193,True,245,183,62,3,48,-147
reliable,marked_gaussian_evidence_known_censor,90,1,242,9,251,244,7,True,244,2,242,2,0,0
reliable,marked_gaussian_evidence_known_censor,90,2,62,0,62,16,46,True,244,45,199,2,185,137
reliable,marked_gaussian_evidence_known_censor,91,1,242,9,251,244,7,True,244,4,240,4,0,-2
reliable,marked_gaussian_evidence_known_censor,91,2,199,1,200,18,182,True,244,184,60,4,46,-139
reliable,marked_gaussian_evidence_known_censor,92,1,240,9,249,246,3,True,246,4,242,4,0,2
reliable,marked_gaussian_evidence_known_censor,92,2,60,1,61,17,44,True,246,16,230,4,217,170
reliable,marked_gaussian_evidence_known_censor,93,1,242,10,252,249,3,True,249,2,247,2,0,5
reliable,marked_gaussian_evidence_known_censor,93,2,230,1,231,17,214,True,249,41,208,2,193,-22
reliable,marked_gaussian_evidence_known_censor,94,1,247,10,257,248,9,True,249,3,246,3,1,-1
reliable,marked_gaussian_evidence_known_censor,94,2,208,1,209,19,190,True,249,190,59,3,43,-149
reliable,marked_gaussian_evidence_known_censor,95,1,246,10,256,251,5,True,251,6,245,6,0,-1
reliable,marked_gaussian_evidence_known_censor,95,2,59,2,61,19,42,True,251,15,236,6,223,177
reliable,marked_gaussian_evidence_known_censor,96,1,245,11,256,254,2,True,254,2,252,2,0,7
reliable,marked_gaussian_evidence_known_censor,96,2,236,1,237,16,221,True,254,38,216,2,202,-20
reliable,marked_gaussian_evidence_known_censor,97,1,252,11,263,253,10,True,253,5,248,5,0,-4
reliable,marked_gaussian_evidence_known_censor,97,2,216,2,218,19,199,True,253,198,55,5,41,-161
reliable,marked_gaussian_evidence_known_censor,98,1,248,10,258,255,3,True,255,3,252,3,0,4
reliable,marked_gaussian_evidence_known_censor,98,2,55,1,56,16,40,True,255,10,245,3,232,190
reliable,marked_gaussian_evidence_known_censor,99,1,252,10,262,258,4,True,258,3,255,3,0,3
reliable,marked_gaussian_evidence_known_censor,99,2,245,1,246,17,229,True,258,39,219,3,205,-26
reliable,marked_gaussian_evidence_known_censor,100,1,255,11,266,264,2,True,264,3,261,3,0,6
reliable,marked_gaussian_evidence_known_censor,100,2,219,1,220,15,205,True,264,195,69,3,57,-150
reliable,marked_gaussian_evidence_known_censor,101,1,261,11,272,267,5,True,267,5,262,5,0,1
reliable,marked_gaussian_evidence_known_censor,101,2,69,1,70,16,54,True,267,21,246,5,235,177
reliable,marked_gaussian_evidence_known_censor,102,1,262,11,273,268,5,True,268,2,266,2,0,4
reliable,marked_gaussian_evidence_known_censor,102,2,246,1,247,14,233,True,268,47,221,2,209,-25
reliable,marked_gaussian_evidence_known_censor,103,1,266,9,275,270,5,True,270,6,264,6,0,-2
reliable,marked_gaussian_evidence_known_censor,103,2,221,1,222,17,205,True,270,201,69,6,58,-152
reliable,marked_gaussian_evidence_known_censor,104,1,264,11,275,273,2,True,273,1,272,1,0,8
reliable,marked_gaussian_evidence_known_censor,104,2,69,0,69,11,58,True,273,15,258,1,248,189
reliable,marked_gaussian_evidence_known_censor,105,1,272,11,283,277,6,True,277,3,274,3,0,2
reliable,marked_gaussian_evidence_known_censor,105,2,258,0,258,14,244,True,277,54,223,3,212,-35
reliable,marked_gaussian_evidence_known_censor,106,1,274,9,283,274,9,True,274,3,271,3,0,-3
reliable,marked_gaussian_evidence_known_censor,106,2,223,0,223,15,208,True,274,201,73,3,61,-150
reliable,marked_gaussian_evidence_known_censor,107,1,271,9,280,264,16,True,264,2,262,2,0,-9
reliable,marked_gaussian_evidence_known_censor,107,2,73,0,73,12,61,True,264,18,246,2,236,173
reliable,marked_gaussian_evidence_known_censor,108,1,262,9,271,266,5,True,266,2,264,2,0,2
reliable,marked_gaussian_evidence_known_censor,108,2,246,0,246,13,233,True,266,44,222,2,211,-24
reliable,marked_gaussian_evidence_known_censor,109,1,264,9,273,268,5,True,268,3,265,3,0,1
reliable,marked_gaussian_evidence_known_censor,109,2,222,0,222,13,209,True,268,196,72,3,62,-150
reliable,marked_gaussian_evidence_known_censor,110,1,265,9,274,271,3,True,271,1,270,1,0,5
reliable,marked_gaussian_evidence_known_censor,110,2,72,0,72,10,62,True,271,20,251,1,242,179
reliable,marked_gaussian_evidence_known_censor,111,1,270,9,279,275,4,True,275,5,270,5,0,0
reliable,marked_gaussian_evidence_known_censor,111,2,251,2,253,14,239,True,275,23,252,5,243,1
reliable,marked_gaussian_evidence_known_censor,112,1,270,10,280,279,1,True,279,2,277,2,0,7
reliable,marked_gaussian_evidence_known_censor,112,2,252,1,253,11,242,True,279,229,50,2,41,-202
reliable,marked_gaussian_evidence_known_censor,113,1,277,10,287,283,4,True,283,4,279,4,0,2
reliable,marked_gaussian_evidence_known_censor,113,2,50,2,52,17,35,True,283,29,254,4,241,204
reliable,marked_gaussian_evidence_known_censor,114,1,279,9,288,282,6,True,287,2,285,1,4,6
reliable,marked_gaussian_evidence_known_censor,114,2,254,3,257,17,240,True,287,18,269,1,253,15
reliable,marked_gaussian_evidence_known_censor,115,1,285,8,293,284,9,True,292,4,288,4,8,3
reliable,marked_gaussian_evidence_known_censor,115,2,269,3,272,22,250,True,292,237,55,4,37,-214
reliable,marked_gaussian_evidence_known_censor,116,1,288,8,296,286,10,True,296,2,294,2,10,6
reliable,marked_gaussian_evidence_known_censor,116,2,55,3,58,22,36,True,296,28,268,2,248,213
reliable,marked_gaussian_evidence_known_censor,117,1,294,8,302,290,12,True,295,5,290,5,5,-4
reliable,marked_gaussian_evidence_known_censor,117,2,268,2,270,21,249,True,295,26,269,5,253,1
reliable,marked_gaussian_evidence_known_censor,118,1,290,9,299,296,3,True,298,1,297,1,2,7
reliable,marked_gaussian_evidence_known_censor,118,2,269,1,270,18,252,True,298,251,47,1,30,-222
reliable,marked_gaussian_evidence_known_censor,119,1,297,8,305,295,10,True,296,7,289,7,1,-8
reliable,marked_gaussian_evidence_known_censor,119,2,47,2,49,24,25,True,296,29,267,7,250,220
reliable,marked_gaussian_evidence_known_censor,120,1,289,8,297,293,4,True,296,4,292,4,3,3
reliable,marked_gaussian_evidence_known_censor,120,2,267,2,269,20,249,True,296,252,44,4,28,-223
reliable,marked_gaussian_evidence_known_censor,121,1,292,9,301,297,4,True,298,5,293,5,1,1
reliable,marked_gaussian_evidence_known_censor,121,2,44,4,48,24,24,True,298,17,281,5,262,237
reliable,marked_gaussian_evidence_known_censor,122,1,293,10,303,298,5,True,299,4,295,4,1,2
reliable,marked_gaussian_evidence_known_censor,122,2,281,3,284,19,265,True,299,262,37,4,22,-244
reliable,marked_gaussian_evidence_known_censor,123,1,295,10,305,298,7,True,300,8,292,8,2,-3
reliable,marked_gaussian_evidence_known_censor,123,2,37,3,40,34,6,True,300,9,291,8,265,254
reliable,marked_gaussian_evidence_known_censor,124,1,292,10,302,295,7,True,295,2,293,2,0,1
reliable,marked_gaussian_evidence_known_censor,124,2,291,4,295,290,5,True,295,2,293,2,5,2
reliable,marked_gaussian_evidence_known_censor,125,1,293,9,302,294,8,True,294,7,287,7,0,-6
reliable,marked_gaussian_evidence_known_censor,125,2,293,2,295,289,6,True,294,7,287,7,5,-6
reliable,marked_gaussian_evidence_known_censor,126,1,287,9,296,295,1,True,295,1,294,1,0,7
reliable,marked_gaussian_evidence_known_censor,126,2,287,2,289,283,6,True,295,2,293,1,11,6
reliable,marked_gaussian_evidence_known_censor,127,1,294,12,306,45,261,True,45,11,34,11,0,-260
reliable,marked_gaussian_evidence_known_censor,127,2,293,2,295,27,268,True,45,15,30,11,14,-263
reliable,marked_gaussian_evidence_known_censor,128,1,34,10,44,40,4,True,40,2,38,2,0,4
reliable,marked_gaussian_evidence_known_censor,128,2,30,1,31,16,15,True,40,4,36,2,22,6
reliable,marked_gaussian_evidence_known_censor,129,1,38,13,51,46,5,True,46,2,44,2,0,6
reliable,marked_gaussian_evidence_known_censor,129,2,36,1,37,14,23,True,46,5,41,2,29,5
reliable,marked_gaussian_evidence_known_censor,130,1,44,11,55,50,5,True,50,6,44,6,0,0
reliable,marked_gaussian_evidence_known_censor,130,2,41,2,43,18,25,True,50,6,44,6,32,3
reliable,marked_gaussian_evidence_known_censor,131,1,44,13,57,56,1,True,56,2,54,2,0,10
reliable,marked_gaussian_evidence_known_censor,131,2,44,1,45,12,33,True,56,4,52,2,42,8
reliable,marked_gaussian_evidence_known_censor,132,1,54,13,67,62,5,True,62,5,57,5,0,3
reliable,marked_gaussian_evidence_known_censor,132,2,52,1,53,16,37,True,62,5,57,5,46,5
reliable,marked_gaussian_evidence_known_censor,133,1,57,13,70,65,5,True,65,1,64,1,0,7
reliable,marked_gaussian_evidence_known_censor,133,2,57,0,57,12,45,True,65,3,62,1,51,5
reliable,marked_gaussian_evidence_known_censor,134,1,64,13,77,65,12,True,65,6,59,6,0,-5
reliable,marked_gaussian_evidence_known_censor,134,2,62,0,62,16,46,True,65,7,58,6,48,-4
reliable,marked_gaussian_evidence_known_censor,135,1,59,12,71,69,2,True,69,3,66,3,0,7
reliable,marked_gaussian_evidence_known_censor,135,2,58,1,59,14,45,True,69,6,63,3,52,5
reliable,marked_gaussian_evidence_known_censor,136,1,66,12,78,73,5,True,73,6,67,6,0,1
reliable,marked_gaussian_evidence_known_censor,136,2,63,1,64,16,48,True,73,8,65,6,55,2
reliable,marked_gaussian_evidence_known_censor,137,1,67,13,80,66,14,True,66,2,64,2,0,-3
reliable,marked_gaussian_evidence_known_censor,137,2,65,0,65,15,50,True,66,10,56,2,43,-9
reliable,marked_gaussian_evidence_known_censor,138,1,64,11,75,68,7,True,69,7,62,7,1,-2
reliable,marked_gaussian_evidence_known_censor,138,2,56,3,59,22,37,True,69,10,59,7,44,3
reliable,marked_gaussian_evidence_known_censor,139,1,62,12,74,70,4,True,71,5,66,5,1,4
reliable,marked_gaussian_evidence_known_censor,139,2,59,3,62,54,8,True,71,5,66,5,17,7
reliable,marked_gaussian_evidence_known_censor,140,1,66,11,77,70,7,True,73,4,69,4,3,3
reliable,marked_gaussian_evidence_known_censor,140,2,66,3,69,61,8,True,73,4,69,4,12,3
reliable,marked_gaussian_evidence_known_censor,141,1,69,13,82,76,6,True,76,2,74,2,0,5
reliable,marked_gaussian_evidence_known_censor,141,2,69,2,71,57,14,True,76,2,74,2,19,5
reliable,marked_gaussian_evidence_known_censor,142,1,74,13,87,82,5,True,82,4,78,4,0,4
reliable,marked_gaussian_evidence_known_censor,142,2,74,2,76,62,14,True,82,4,78,4,20,4
reliable,marked_gaussian_evidence_known_censor,143,1,78,12,90,87,3,True,87,4,83,4,0,5
reliable,marked_gaussian_evidence_known_censor,143,2,78,1,79,31,48,True,87,7,80,4,53,2
reliable,marked_gaussian_evidence_known_censor,144,1,83,12,95,91,4,True,91,4,87,4,0,4
reliable,marked_gaussian_evidence_known_censor,144,2,80,2,82,18,64,True,91,5,86,4,72,6
reliable,marked_gaussian_evidence_known_censor,145,1,87,13,100,96,4,True,96,4,92,4,0,5
reliable,marked_gaussian_evidence_known_censor,145,2,86,2,88,17,71,True,96,5,91,4,78,5
reliable,marked_gaussian_evidence_known_censor,146,1,92,14,106,102,4,True,102,4,98,4,0,6
reliable,marked_gaussian_evidence_known_censor,146,2,91,2,93,16,77,True,102,6,96,4,84,5
reliable,marked_gaussian_evidence_known_censor,147,1,98,14,112,108,4,True,108,4,104,4,0,6
reliable,marked_gaussian_evidence_known_censor,147,2,96,2,98,70,28,True,108,5,103,4,37,7
reliable,marked_gaussian_evidence_known_censor,148,1,104,14,118,114,4,True,114,5,109,5,0,5
reliable,marked_gaussian_evidence_known_censor,148,2,103,3,106,78,28,True,114,6,108,5,35,5
reliable,marked_gaussian_evidence_known_censor,149,1,109,14,123,120,3,True,120,4,116,4,0,7
reliable,marked_gaussian_evidence_known_censor,149,2,108,4,112,81,31,True,120,6,114,4,37,6
reliable,marked_gaussian_evidence_known_censor,150,1,116,13,129,124,5,True,125,4,121,4,1,5
reliable,marked_gaussian_evidence_known_censor,150,2,114,2,116,66,50,True,125,6,119,4,57,5
reliable,marked_gaussian_evidence_known_censor,151,1,121,14,135,132,3,True,132,3,129,3,0,8
reliable,marked_gaussian_evidence_known_censor,151,2,119,3,122,23,99,True,132,8,124,3,104,5
reliable,marked_gaussian_evidence_known_censor,152,1,129,15,144,139,5,True,139,6,133,6,0,4
reliable,marked_gaussian_evidence_known_censor,152,2,124,5,129,33,96,True,139,9,130,6,103,6
reliable,marked_gaussian_evidence_known_censor,153,1,133,14,147,142,5,True,142,8,134,8,0,1
reliable,marked_gaussian_evidence_known_censor,153,2,130,5,135,32,103,True,142,9,133,8,109,3
reliable,marked_gaussian_evidence_known_censor,154,1,134,15,149,142,7,True,143,10,133,10,1,-1
reliable,marked_gaussian_evidence_known_censor,154,2,133,5,138,101,37,True,143,10,133,10,42,0
reliable,marked_gaussian_evidence_known_censor,155,1,133,14,147,143,4,True,144,7,137,7,1,4
reliable,marked_gaussian_evidence_known_censor,155,2,133,6,139,25,114,True,144,25,119,7,101,-14
reliable,marked_gaussian_evidence_known_censor,156,1,137,14,151,146,5,True,148,6,142,6,2,5
reliable,marked_gaussian_evidence_known_censor,156,2,119,4,123,24,99,True,148,8,140,6,122,21
reliable,marked_gaussian_evidence_known_censor,157,1,142,15,157,152,5,True,155,7,148,7,3,6
reliable,marked_gaussian_evidence_known_censor,157,2,140,5,145,26,119,True,155,16,139,7,120,-1
reliable,marked_gaussian_evidence_known_censor,158,1,148,14,162,130,32,True,132,8,124,8,2,-24
reliable,marked_gaussian_evidence_known_censor,158,2,139,6,145,28,117,True,132,12,120,8,100,-19
reliable,marked_gaussian_evidence_known_censor,159,1,124,14,138,132,6,True,136,5,131,5,4,7
reliable,marked_gaussian_evidence_known_censor,159,2,120,4,124,26,98,True,136,15,121,5,100,1
reliable,marked_gaussian_evidence_known_censor,160,1,131,13,144,135,9,True,135,6,129,6,0,-2
reliable,marked_gaussian_evidence_known_censor,160,2,121,3,124,22,102,True,135,16,119,6,103,-2
reliable,marked_gaussian_evidence_known_censor,161,1,129,13,142,139,3,True,139,3,136,3,0,7
reliable,marked_gaussian_evidence_known_censor,161,2,119,2,121,17,104,True,139,10,129,3,115,10
reliable,marked_gaussian_evidence_known_censor,162,1,136,14,150,138,12,True,138,7,131,7,0,-5
reliable,marked_gaussian_evidence_known_censor,162,2,129,2,131,21,110,True,138,13,125,7,111,-4
reliable,marked_gaussian_evidence_known_censor,163,1,131,12,143,137,6,True,137,3,134,3,0,3
reliable,marked_gaussian_evidence_known_censor,163,2,125,2,127,18,109,True,137,20,117,3,102,-8
reliable,marked_gaussian_evidence_known_censor,164,1,134,11,145,140,5,True,140,6,134,6,0,0
reliable,marked_gaussian_evidence_known_censor,164,2,117,2,119,22,97,True,140,10,130,6,114,13
reliable,marked_gaussian_evidence_known_censor,165,1,134,12,146,144,2,True,144,3,141,3,0,7
reliable,marked_gaussian_evidence_known_censor,165,2,130,2,132,19,113,True,144,5,139,3,123,9
reliable,marked_gaussian_evidence_known_censor,166,1,141,12,153,148,5,True,149,6,143,6,1,2
reliable,marked_gaussian_evidence_known_censor,166,2,139,3,142,22,120,True,149,27,122,6,106,-17
reliable,marked_gaussian_evidence_known_censor,167,1,143,11,154,151,3,True,153,5,148,5,2,5
reliable,marked_gaussian_evidence_known_censor,167,2,122,5,127,21,106,True,153,16,137,5,121,15
reliable,marked_gaussian_evidence_known_censor,168,1,148,10,158,151,7,True,154,8,146,8,3,-2
reliable,marked_gaussian_evidence_known_censor,168,2,137,4,141,23,118,True,154,32,122,8,107,-15
reliable,marked_gaussian_evidence_known_censor,169,1,146,10,156,151,5,True,156,3,153,3,5,7
reliable,marked_gaussian_evidence_known_censor,169,2,122,4,126,21,105,True,156,12,144,3,126,22
reliable,marked_gaussian_evidence_known_censor,170,1,153,10,163,155,8,True,158,6,152,6,3,-1
reliable,marked_gaussian_evidence_known_censor,170,2,144,3,147,22,125,True,158,82,76,6,60,-68
reliable,marked_gaussian_evidence_known_censor,171,1,152,10,162,154,8,True,161,2,159,2,7,7
reliable,marked_gaussian_evidence_known_censor,171,2,76,3,79,20,59,True,161,14,147,2,129,71
reliable,marked_gaussian_evidence_known_censor,172,1,159,10,169,158,11,True,158,7,151,7,0,-8
reliable,marked_gaussian_evidence_known_censor,172,2,147,3,150,84,66,True,158,7,151,7,74,4
reliable,marked_gaussian_evidence_known_censor,173,1,151,11,162,161,1,True,162,3,159,3,1,8
reliable,marked_gaussian_evidence_known_censor,173,2,151,4,155,91,64,True,162,3,159,3,71,8
reliable,marked_gaussian_evidence_known_censor,174,1,159,11,170,141,29,True,141,14,127,14,0,-32
reliable,marked_gaussian_evidence_known_censor,174,2,159,7,166,29,137,True,141,14,127,14,112,-32
reliable,marked_gaussian_evidence_known_censor,175,1,127,10,137,131,6,True,132,11,121,11,1,-6
reliable,marked_gaussian_evidence_known_censor,175,2,127,6,133,86,47,True,132,11,121,11,46,-6
reliable,marked_gaussian_evidence_known_censor,176,1,121,9,130,127,3,True,127,5,122,5,0,1
reliable,marked_gaussian_evidence_known_censor,176,2,121,4,125,81,44,True,127,5,122,5,46,1
reliable,marked_gaussian_evidence_known_censor,177,1,122,11,133,130,3,True,131,7,124,7,1,2
reliable,marked_gaussian_evidence_known_censor,177,2,122,5,127,83,44,True,131,7,124,7,48,2
reliable,marked_gaussian_evidence_known_censor,178,1,124,10,134,128,6,True,128,5,123,5,0,-1
reliable,marked_gaussian_evidence_known_censor,178,2,124,4,128,82,46,True,128,5,123,5,46,-1
reliable,marked_gaussian_evidence_known_censor,179,1,123,10,133,66,67,True,85,47,38,47,19,-85
reliable,marked_gaussian_evidence_known_censor,179,2,123,4,127,82,45,True,85,47,38,47,3,-85
reliable,marked_gaussian_evidence_known_censor,180,1,38,10,48,45,3,True,45,3,42,3,0,4
reliable,marked_gaussian_evidence_known_censor,180,2,38,2,40,38,2,True,45,3,42,3,7,4
reliable,marked_gaussian_evidence_known_censor,181,1,42,11,53,51,2,True,52,1,51,1,1,9
reliable,marked_gaussian_evidence_known_censor,181,2,42,4,46,45,1,True,52,1,51,1,7,9
reliable,marked_gaussian_evidence_known_censor,182,1,51,10,61,54,7,True,56,6,50,6,2,-1
reliable,marked_gaussian_evidence_known_censor,182,2,51,4,55,24,31,True,56,6,50,6,32,-1
reliable,marked_gaussian_evidence_known_censor,183,1,50,11,61,58,3,True,58,2,56,2,0,6
reliable,marked_gaussian_evidence_known_censor,183,2,50,3,53,17,36,True,58,2,56,2,41,6
reliable,marked_gaussian_evidence_known_censor,184,1,56,12,68,64,4,True,64,5,59,5,0,3
reliable,marked_gaussian_evidence_known_censor,184,2,56,3,59,24,35,True,64,5,59,5,40,3
reliable,marked_gaussian_evidence_known_censor,185,1,59,11,70,59,11,True,59,7,52,7,0,-7
reliable,marked_gaussian_evidence_known_censor,185,2,59,4,63,22,41,True,59,11,48,7,33,-11
reliable,marked_gaussian_evidence_known_censor,186,1,52,9,61,58,3,True,58,6,52,6,0,0
reliable,marked_gaussian_evidence_known_censor,186,2,48,3,51,26,25,True,58,6,52,6,32,4
reliable,marked_gaussian_evidence_known_censor,187,1,52,10,62,60,2,True,60,4,56,4,0,4
reliable,marked_gaussian_evidence_known_censor,187,2,52,4,56,55,1,True,60,4,56,4,5,4
reliable,marked_gaussian_evidence_known_censor,188,1,56,9,65,60,5,True,63,4,59,4,3,3
reliable,marked_gaussian_evidence_known_censor,188,2,56,5,61,60,1,True,63,4,59,4,3,3
reliable,marked_gaussian_evidence_known_censor,189,1,59,9,68,63,5,True,63,7,56,7,0,-3
reliable,marked_gaussian_evidence_known_censor,189,2,59,6,65,61,4,True,63,7,56,7,2,-3
reliable,marked_gaussian_evidence_known_censor,190,1,56,10,66,62,4,True,64,4,60,4,2,4
reliable,marked_gaussian_evidence_known_censor,190,2,56,4,60,56,4,True,64,4,60,4,8,4
reliable,marked_gaussian_evidence_known_censor,191,1,60,10,70,66,4,True,69,6,63,6,3,3
reliable,marked_gaussian_evidence_known_censor,191,2,60,6,66,61,5,True,69,6,63,6,8,3
reliable,marked_gaussian_evidence_known_censor,192,1,63,11,74,71,3,True,73,7,66,7,2,3
reliable,marked_gaussian_evidence_known_censor,192,2,63,6,69,65,4,True,73,8,65,7,7,2
reliable,marked_gaussian_evidence_known_censor,193,1,66,9,75,68,7,True,71,5,66,5,3,0
reliable,marked_gaussian_evidence_known_censor,193,2,65,5,70,67,3,True,71,6,65,5,3,0
reliable,marked_gaussian_evidence_known_censor,194,1,66,10,76,69,7,True,73,3,70,3,4,4
reliable,marked_gaussian_evidence_known_censor,194,2,65,4,69,25,44,True,73,4,69,3,47,4
reliable,marked_gaussian_evidence_known_censor,195,1,70,10,80,68,12,True,71,10,61,9,2,-9
reliable,marked_gaussian_evidence_known_censor,195,2,69,2,71,25,46,True,71,16,55,9,39,-14
reliable,marked_gaussian_evidence_known_censor,196,1,61,9,70,66,4,True,71,3,68,3,5,7
reliable,marked_gaussian_evidence_known_censor,196,2,55,3,58,19,39,True,71,9,62,3,46,7
reliable,marked_gaussian_evidence_known_censor,197,1,68,11,79,70,9,True,70,7,63,7,0,-5
reliable,marked_gaussian_evidence_known_censor,197,2,62,3,65,18,47,True,70,9,61,7,50,-1
reliable,marked_gaussian_evidence_known_censor,198,1,63,8,71,70,1,True,71,2,69,2,1,6
reliable,marked_gaussian_evidence_known_censor,198,2,61,3,64,15,49,True,71,6,65,2,52,4
reliable,marked_gaussian_evidence_known_censor,199,1,69,11,80,76,4,True,77,6,71,6,1,2
reliable,marked_gaussian_evidence_known_censor,199,2,65,3,68,20,48,True,77,7,70,6,56,5
reliable,marked_gaussian_evidence_known_censor,200,1,71,11,82,80,2,True,80,3,77,3,0,6
reliable,marked_gaussian_evidence_known_censor,200,2,70,3,73,19,54,True,80,9,71,3,55,1
reliable,marked_gaussian_evidence_known_censor,201,1,77,12,89,84,5,True,85,4,81,4,1,4
reliable,marked_gaussian_evidence_known_censor,201,2,71,2,73,22,51,True,85,7,78,4,60,7
reliable,marked_gaussian_evidence_known_censor,202,1,81,12,93,90,3,True,90,4,86,4,0,5
reliable,marked_gaussian_evidence_known_censor,202,2,78,2,80,22,58,True,90,9,81,4,63,3
reliable,marked_gaussian_evidence_known_censor,203,1,86,11,97,86,11,True,88,8,80,8,2,-6
reliable,marked_gaussian_evidence_known_censor,203,2,81,4,85,24,61,True,88,14,74,8,58,-7
reliable,marked_gaussian_evidence_known_censor,204,1,80,10,90,88,2,True,90,3,87,3,2,7
reliable,marked_gaussian_evidence_known_censor,204,2,74,3,77,22,55,True,90,7,83,3,64,9
reliable,marked_gaussian_evidence_known_censor,205,1,87,10,97,89,8,True,91,8,83,8,2,-4
reliable,marked_gaussian_evidence_known_censor,205,2,83,3,86,26,60,True,91,13,78,8,60,-5
reliable,marked_gaussian_evidence_known_censor,206,1,83,10,93,91,2,True,94,3,91,3,3,8
reliable,marked_gaussian_evidence_known_censor,206,2,78,4,82,19,63,True,94,6,88,3,72,10
reliable,marked_gaussian_evidence_known_censor,207,1,91,10,101,90,11,True,95,8,87,8,5,-4
reliable,marked_gaussian_evidence_known_censor,207,2,88,4,92,29,63,True,95,11,84,8,63,-4
reliable,marked_gaussian_evidence_known_censor,208,1,87,10,97,92,5,True,96,3,93,3,4,6
reliable,marked_gaussian_evidence_known_censor,208,2,84,3,87,21,66,True,96,6,90,3,72,6
reliable,marked_gaussian_evidence_known_censor,209,1,93,10,103,94,9,True,96,9,87,9,2,-6
reliable,marked_gaussian_evidence_known_censor,209,2,90,3,93,31,62,True,96,12,84,9,62,-6
reliable,marked_gaussian_evidence_known_censor,210,1,87,10,97,93,4,True,97,5,92,5,4,5
reliable,marked_gaussian_evidence_known_censor,210,2,84,5,89,27,62,True,97,7,90,5,68,6
reliable,marked_gaussian_evidence_known_censor,211,1,92,10,102,92,10,True,96,9,87,9,4,-5
reliable,marked_gaussian_evidence_known_censor,211,2,90,4,94,29,65,True,96,12,84,9,64,-6
reliable,marked_gaussian_evidence_known_censor,212,1,87,10,97,92,5,True,92,3,89,3,0,2
reliable,marked_gaussian_evidence_known_censor,212,2,84,3,87,21,66,True,92,3,89,3,71,5
reliable,marked_gaussian_evidence_known_censor,213,1,89,11,100,94,6,True,94,6,88,6,0,-1
reliable,marked_gaussian_evidence_known_censor,213,2,89,2,91,30,61,True,94,6,88,6,64,-1
reliable,marked_gaussian_evidence_known_censor,214,1,88,12,100,97,3,True,97,4,93,4,0,5
reliable,marked_gaussian_evidence_known_censor,214,2,88,3,91,77,14,True,97,4,93,4,20,5
reliable,marked_gaussian_evidence_known_censor,215,1,93,11,104,100,4,True,100,7,93,7,0,0
reliable,marked_gaussian_evidence_known_censor,215,2,93,4,97,94,3,True,100,7,93,7,6,0
reliable,marked_gaussian_evidence_known_censor,216,1,93,10,103,95,8,True,100,6,94,6,5,1
reliable,marked_gaussian_evidence_known_censor,216,2,93,4,97,25,72,True,100,10,90,6,71,-3
reliable,marked_gaussian_evidence_known_censor,217,1,94,9,103,94,9,True,99,7,92,7,5,-2
reliable,marked_gaussian_evidence_known_censor,217,2,90,4,94,25,69,True,99,14,85,7,67,-5
reliable,marked_gaussian_evidence_known_censor,218,1,92,9,101,93,8,True,94,4,90,4,1,-2
reliable,marked_gaussian_evidence_known_censor,218,2,85,3,88,18,70,True,94,7,87,4,73,2
reliable,marked_gaussian_evidence_known_censor,219,1,90,8,98,94,4,True,94,7,87,7,0,-3
reliable,marked_gaussian_evidence_known_censor,219,2,87,3,90,20,70,True,94,11,83,7,70,-4
reliable,marked_gaussian_evidence_known_censor,220,1,87,8,95,93,2,True,95,4,91,4,2,4
reliable,marked_gaussian_evidence_known_censor,220,2,83,4,87,19,68,True,95,4,91,4,76,8
reliable,marked_gaussian_evidence_known_censor,221,1,91,8,99,95,4,True,97,4,93,4,2,2
reliable,marked_gaussian_evidence_known_censor,221,2,91,3,94,22,72,True,97,8,89,4,71,-2
reliable,marked_gaussian_evidence_known_censor,222,1,93,8,101,96,5,True,96,6,90,6,0,-3
reliable,marked_gaussian_evidence_known_censor,222,2,89,3,92,19,73,True,96,9,87,6,74,-2
reliable,marked_gaussian_evidence_known_censor,223,1,90,8,98,95,3,True,96,3,93,3,1,3
reliable,marked_gaussian_evidence_known_censor,223,2,87,2,89,17,72,True,96,8,88,3,74,1
reliable,marked_gaussian_evidence_known_censor,224,1,93,9,102,98,4,True,98,6,92,6,0,-1
reliable,marked_gaussian_evidence_known_censor,224,2,88,2,90,18,72,True,98,8,90,6,78,2
reliable,marked_gaussian_evidence_known_censor,225,1,92,9,101,99,2,True,100,3,97,3,1,5
reliable,marked_gaussian_evidence_known_censor,225,2,90,2,92,17,75,True,100,6,94,3,80,4
reliable,marked_gaussian_evidence_known_censor,226,1,97,9,106,102,4,True,102,5,97,5,0,0
reliable,marked_gaussian_evidence_known_censor,226,2,94,2,96,18,78,True,102,8,94,5,81,0
reliable,marked_gaussian_evidence_known_censor,227,1,97,9,106,103,3,True,104,3,101,3,1,4
reliable,marked_gaussian_evidence_known_censor,227,2,94,2,96,18,78,True,104,6,98,3,83,4
reliable,marked_gaussian_evidence_known_censor,228,1,101,9,110,106,4,True,106,5,101,5,0,0
reliable,marked_gaussian_evidence_known_censor,228,2,98,2,100,19,81,True,106,8,98,5,84,0
reliable,marked_gaussian_evidence_known_censor,229,1,101,9,110,107,3,True,108,4,104,4,1,3
reliable,marked_gaussian_evidence_known_censor,229,2,98,2,100,19,81,True,108,7,101,4,86,3
reliable,marked_gaussian_evidence_known_censor,230,1,104,9,113,110,3,True,110,5,105,5,0,1
reliable,marked_gaussian_evidence_known_censor,230,2,101,2,103,18,85,True,110,8,102,5,89,1
reliable,marked_gaussian_evidence_known_censor,231,1,105,9,114,110,4,True,111,3,108,3,1,3
reliable,marked_gaussian_evidence_known_censor,231,2,102,2,104,19,85,True,111,7,104,3,88,2
reliable,marked_gaussian_evidence_known_censor,232,1,108,9,117,112,5,True,113,4,109,4,1,1
reliable,marked_gaussian_evidence_known_censor,232,2,104,2,106,18,88,True,113,8,105,4,91,1
reliable,marked_gaussian_evidence_known_censor,233,1,109,9,118,114,4,True,115,3,112,3,1,3
reliable,marked_gaussian_evidence_known_censor,233,2,105,2,107,17,90,True,115,7,108,3,94,3
reliable,marked_gaussian_evidence_known_censor,234,1,112,9,121,116,5,True,117,5,112,5,1,0
reliable,marked_gaussian_evidence_known_censor,234,2,108,2,110,20,90,True,117,9,108,5,93,0
reliable,marked_gaussian_evidence_known_censor,235,1,112,9,121,118,3,True,119,3,116,3,1,4
reliable,marked_gaussian_evidence_known_censor,235,2,108,2,110,21,89,True,119,7,112,3,94,4
reliable,marked_gaussian_evidence_known_censor,236,1,116,9,125,121,4,True,121,3,118,3,0,2
reliable,marked_gaussian_evidence_known_censor,236,2,112,1,113,22,91,True,121,7,114,3,95,2
reliable,marked_gaussian_evidence_known_censor,237,1,118,8,126,121,5,True,123,2,121,2,2,3
reliable,marked_gaussian_evidence_known_censor,237,2,114,2,116,29,87,True,123,7,116,2,89,2
reliable,marked_gaussian_evidence_known_censor,238,1,121,8,129,125,4,True,125,5,120,5,0,-1
reliable,marked_gaussian_evidence_known_censor,238,2,116,3,119,27,92,True,125,9,116,5,94,0
reliable,marked_gaussian_evidence_known_censor,239,1,120,8,128,117,11,True,124,6,118,5,6,-2
reliable,marked_gaussian_evidence_known_censor,239,2,116,2,118,30,88,True,124,9,115,5,90,-1
reliable,marked_gaussian_evidence_known_censor,240,1,118,7,125,113,12,True,113,4,109,4,0,-9
reliable,marked_gaussian_evidence_known_censor,240,2,115,3,118,16,102,True,113,8,105,4,93,-10
reliable,marked_gaussian_evidence_guarded_scalar_known_censor,1,1,0,0,0,0,0,True,0,0,0,0,0,0
reliable,marked_gaussian_evidence_guarded_scalar_known_censor,1,2,0,0,0,0,0,True,0,0,0,0,0,0
reliable,marked_gaussian_evidence_guarded_scalar_known_censor,2,1,0,9,9,9,0,True,9,0,9,0,0,9
reliable,marked_gaussian_evidence_guarded_scalar_known_censor,2,2,0,1,1,1,0,True,9,0,9,0,8,9
reliable,marked_gaussian_evidence_guarded_scalar_known_censor,3,1,9,10,19,19,0,True,19,0,19,0,0,10
reliable,marked_gaussian_evidence_guarded_scalar_known_censor,3,2,9,0,9,7,2,True,19,0,19,0,12,10
reliable,marked_gaussian_evidence_guarded_scalar_known_censor,4,1,19,9,28,25,3,True,25,0,25,0,0,6
reliable,marked_gaussian_evidence_guarded_scalar_known_censor,4,2,19,0,19,14,5,True,25,0,25,0,11,6
reliable,marked_gaussian_evidence_guarded_scalar_known_censor,5,1,25,9,34,32,2,True,32,3,29,3,0,4
reliable,marked_gaussian_evidence_guarded_scalar_known_censor,5,2,25,0,25,19,6,True,32,3,29,3,13,4
reliable,marked_gaussian_evidence_guarded_scalar_known_censor,6,1,29,9,38,37,1,True,37,0,37,0,0,8
reliable,marked_gaussian_evidence_guarded_scalar_known_censor,6,2,29,0,29,19,10,True,37,0,37,0,18,8
reliable,marked_gaussian_evidence_guarded_scalar_known_censor,7,1,37,9,46,43,3,True,43,2,41,2,0,4
reliable,marked_gaussian_evidence_guarded_scalar_known_censor,7,2,37,0,37,21,16,True,43,2,41,2,22,4
reliable,marked_gaussian_evidence_guarded_scalar_known_censor,8,1,41,10,51,50,1,True,50,0,50,0,0,9
reliable,marked_gaussian_evidence_guarded_scalar_known_censor,8,2,41,0,41,23,18,True,50,0,50,0,27,9
reliable,marked_gaussian_evidence_guarded_scalar_known_censor,9,1,50,9,59,56,3,True,56,3,53,3,0,3
reliable,marked_gaussian_evidence_guarded_scalar_known_censor,9,2,50,1,51,27,24,True,56,4,52,3,28,2
reliable,marked_gaussian_evidence_guarded_scalar_known_censor,10,1,53,10,63,61,2,True,61,0,61,0,0,8
reliable,marked_gaussian_evidence_guarded_scalar_known_censor,10,2,52,1,53,26,27,True,61,2,59,0,33,7
reliable,marked_gaussian_evidence_guarded_scalar_known_censor,11,1,61,10,71,63,8,True,63,6,57,6,0,-4
reliable,marked_gaussian_evidence_guarded_scalar_known_censor,11,2,59,1,60,30,30,True,63,7,56,6,32,-3
reliable,marked_gaussian_evidence_guarded_scalar_known_censor,12,1,57,10,67,58,9,True,60,8,52,7,1,-5
reliable,marked_gaussian_evidence_guarded_scalar_known_censor,12,2,56,2,58,25,33,True,60,7,53,7,35,-3
reliable,marked_gaussian_evidence_guarded_scalar_known_censor,13,1,52,10,62,57,5,True,59,4,55,3,1,3
reliable,marked_gaussian_evidence_guarded_scalar_known_censor,13,2,53,0,53,17,36,True,59,4,55,3,41,2
reliable,marked_gaussian_evidence_guarded_scalar_known_censor,14,1,55,10,65,57,8,True,58,4,54,3,0,-1
reliable,marked_gaussian_evidence_guarded_scalar_known_censor,14,2,55,0,55,15,40,True,58,3,55,3,43,0
reliable,marked_gaussian_evidence_guarded_scalar_known_censor,15,1,54,9,63,59,4,True,59,3,56,3,0,2
reliable,marked_gaussian_evidence_guarded_scalar_known_censor,15,2,55,0,55,11,44,True,59,3,56,3,48,1
reliable,marked_gaussian_evidence_guarded_scalar_known_censor,16,1,56,9,65,63,2,True,63,1,62,1,0,6
reliable,marked_gaussian_evidence_guarded_scalar_known_censor,16,2,56,0,56,9,47,True,63,2,61,1,53,5
reliable,marked_gaussian_evidence_guarded_scalar_known_censor,17,1,62,11,73,70,3,True,70,1,69,1,0,7
reliable,marked_gaussian_evidence_guarded_scalar_known_censor,17,2,61,0,61,9,52,True,70,11,59,1,51,-2
reliable,marked_gaussian_evidence_guarded_scalar_known_censor,18,1,69,10,79,76,3,True,76,2,74,2,0,5
reliable,marked_gaussian_evidence_guarded_scalar_known_censor,18,2,59,0,59,11,48,True,76,5,71,2,62,12
reliable,marked_gaussian_evidence_guarded_scalar_known_censor,19,1,74,10,84,82,2,True,82,0,82,0,0,8
reliable,marked_gaussian_evidence_guarded_scalar_known_censor,19,2,71,0,71,13,58,True,82,11,71,0,58,0
reliable,marked_gaussian_evidence_guarded_scalar_known_censor,20,1,82,10,92,85,7,True,85,7,78,7,0,-4
reliable,marked_gaussian_evidence_guarded_scalar_known_censor,20,2,71,0,71,17,54,True,85,9,76,7,66,5
reliable,marked_gaussian_evidence_guarded_scalar_known_censor,21,1,78,10,88,88,0,True,88,0,88,0,0,10
reliable,marked_gaussian_evidence_guarded_scalar_known_censor,21,2,76,0,76,9,67,True,88,10,78,0,69,2
reliable,marked_gaussian_evidence_guarded_scalar_known_censor,22,1,88,10,98,85,13,True,85,5,80,5,0,-8
reliable,marked_gaussian_evidence_guarded_scalar_known_censor,22,2,78,0,78,14,64,True,85,7,78,5,69,0
reliable,marked_gaussian_evidence_guarded_scalar_known_censor,23,1,80,10,90,82,8,True,82,0,82,0,0,2
reliable,marked_gaussian_evidence_guarded_scalar_known_censor,23,2,78,0,78,10,68,True,82,5,77,0,67,-1
reliable,marked_gaussian_evidence_guarded_scalar_known_censor,24,1,82,10,92,75,17,True,75,3,72,3,0,-10
reliable,marked_gaussian_evidence_guarded_scalar_known_censor,24,2,77,0,77,14,63,True,75,4,71,3,60,-6
reliable,marked_gaussian_evidence_guarded_scalar_known_censor,25,1,72,9,81,76,5,True,76,2,74,2,0,2
reliable,marked_gaussian_evidence_guarded_scalar_known_censor,25,2,71,0,71,12,59,True,76,9,67,2,57,-4
reliable,marked_gaussian_evidence_guarded_scalar_known_censor,26,1,74,8,82,77,5,True,77,5,72,5,0,-2
reliable,marked_gaussian_evidence_guarded_scalar_known_censor,26,2,67,0,67,13,54,True,77,10,67,5,59,0
reliable,marked_gaussian_evidence_guarded_scalar_known_censor,27,1,72,9,81,81,0,True,81,0,81,0,0,9
reliable,marked_gaussian_evidence_guarded_scalar_known_censor,27,2,67,0,67,7,60,True,81,4,77,0,70,10
reliable,marked_gaussian_evidence_guarded_scalar_known_censor,28,1,81,7,88,83,5,True,83,3,80,3,0,-1
reliable,marked_gaussian_evidence_guarded_scalar_known_censor,28,2,77,0,77,11,66,True,83,9,74,3,66,-3
reliable,marked_gaussian_evidence_guarded_scalar_known_censor,29,1,80,8,88,86,2,True,86,1,85,1,0,5
reliable,marked_gaussian_evidence_guarded_scalar_known_censor,29,2,74,0,74,8,66,True,86,11,75,1,68,1
reliable,marked_gaussian_evidence_guarded_scalar_known_censor,30,1,85,8,93,89,4,True,89,3,86,3,0,1
reliable,marked_gaussian_evidence_guarded_scalar_known_censor,30,2,75,0,75,10,65,True,89,13,76,3,69,1
reliable,marked_gaussian_evidence_guarded_scalar_known_censor,31,1,86,10,96,93,3,True,93,1,92,1,0,6
reliable,marked_gaussian_evidence_guarded_scalar_known_censor,31,2,76,0,76,9,67,True,93,8,85,1,77,9
reliable,marked_gaussian_evidence_guarded_scalar_known_censor,32,1,92,9,101,97,4,True,97,3,94,3,0,2
reliable,marked_gaussian_evidence_guarded_scalar_known_censor,32,2,85,0,85,13,72,True,97,12,85,3,75,0
reliable,marked_gaussian_evidence_guarded_scalar_known_censor,33,1,94,10,104,101,3,True,101,1,100,1,0,6
reliable,marked_gaussian_evidence_guarded_scalar_known_censor,33,2,85,0,85,13,72,True,101,10,91,1,79,6
reliable,marked_gaussian_evidence_guarded_scalar_known_censor,34,1,100,9,109,105,4,True,105,3,102,3,0,2
reliable,marked_gaussian_evidence_guarded_scalar_known_censor,34,2,91,0,91,17,74,True,105,13,92,3,78,1
reliable,marked_gaussian_evidence_guarded_scalar_known_censor,35,1,102,10,112,109,3,True,109,1,108,1,0,6
reliable,marked_gaussian_evidence_guarded_scalar_known_censor,35,2,92,0,92,17,75,True,109,9,100,1,84,8
reliable,marked_gaussian_evidence_guarded_scalar_known_censor,36,1,108,9,117,109,8,True,109,5,104,5,0,-4
reliable,marked_gaussian_evidence_guarded_scalar_known_censor,36,2,100,0,100,21,79,True,109,12,97,5,81,-3
reliable,marked_gaussian_evidence_guarded_scalar_known_censor,37,1,104,9,113,110,3,True,110,2,108,2,0,4
reliable,marked_gaussian_evidence_guarded_scalar_known_censor,37,2,97,0,97,16,81,True,110,9,101,2,87,4
reliable,marked_gaussian_evidence_guarded_scalar_known_censor,38,1,108,10,118,111,7,True,111,6,105,6,0,-3
reliable,marked_gaussian_evidence_guarded_scalar_known_censor,38,2,101,0,101,18,83,True,111,15,96,6,84,-5
reliable,marked_gaussian_evidence_guarded_scalar_known_censor,39,1,105,10,115,113,2,True,113,1,112,1,0,7
reliable,marked_gaussian_evidence_guarded_scalar_known_censor,39,2,96,0,96,12,84,True,113,10,103,1,92,7
reliable,marked_gaussian_evidence_guarded_scalar_known_censor,40,1,112,10,122,115,7,True,115,6,109,6,0,-3
reliable,marked_gaussian_evidence_guarded_scalar_known_censor,40,2,103,0,103,16,87,True,115,14,101,6,91,-2
reliable,marked_gaussian_evidence_guarded_scalar_known_censor,41,1,109,10,119,117,2,True,117,1,116,1,0,7
reliable,marked_gaussian_evidence_guarded_scalar_known_censor,41,2,101,0,101,10,91,True,117,9,108,1,99,7
reliable,marked_gaussian_evidence_guarded_scalar_known_censor,42,1,116,10,126,119,7,True,119,6,113,6,0,-3
reliable,marked_gaussian_evidence_guarded_scalar_known_censor,42,2,108,0,108,14,94,True,119,14,105,6,97,-3
reliable,marked_gaussian_evidence_guarded_scalar_known_censor,43,1,113,10,123,122,1,True,122,0,122,0,0,9
reliable,marked_gaussian_evidence_guarded_scalar_known_censor,43,2,105,0,105,8,97,True,122,8,114,0,106,9
reliable,marked_gaussian_evidence_guarded_scalar_known_censor,44,1,122,10,132,125,7,True,125,7,118,7,0,-4
reliable,marked_gaussian_evidence_guarded_scalar_known_censor,44,2,114,1,115,16,99,True,125,15,110,7,101,-4
reliable,marked_gaussian_evidence_guarded_scalar_known_censor,45,1,118,11,129,128,1,True,128,0,128,0,0,10
reliable,marked_gaussian_evidence_guarded_scalar_known_censor,45,2,110,0,110,8,102,True,128,8,120,0,112,10
reliable,marked_gaussian_evidence_guarded_scalar_known_censor,46,1,128,10,138,131,7,True,131,6,125,6,0,-3
reliable,marked_gaussian_evidence_guarded_scalar_known_censor,46,2,120,0,120,15,105,True,131,16,115,6,106,-5
reliable,marked_gaussian_evidence_guarded_scalar_known_censor,47,1,125,10,135,134,1,True,134,0,134,0,0,9
reliable,marked_gaussian_evidence_guarded_scalar_known_censor,47,2,115,0,115,9,106,True,134,7,127,0,118,12
reliable,marked_gaussian_evidence_guarded_scalar_known_censor,48,1,134,10,144,137,7,True,137,6,131,6,0,-3
reliable,marked_gaussian_evidence_guarded_scalar_known_censor,48,2,127,0,127,14,113,True,137,100,37,6,29,-90
reliable,marked_gaussian_evidence_guarded_scalar_known_censor,49,1,131,10,141,140,1,True,140,0,140,0,0,9
reliable,marked_gaussian_evidence_guarded_scalar_known_censor,49,2,37,0,37,9,28,True,140,10,130,0,121,93
reliable,marked_gaussian_evidence_guarded_scalar_known_censor,50,1,140,10,150,143,7,True,143,6,137,6,0,-3
reliable,marked_gaussian_evidence_guarded_scalar_known_censor,50,2,130,0,130,15,115,True,143,19,124,6,115,-6
reliable,marked_gaussian_evidence_guarded_scalar_known_censor,51,1,137,10,147,146,1,True,147,0,147,0,1,10
reliable,marked_gaussian_evidence_guarded_scalar_known_censor,51,2,124,1,125,9,116,True,147,10,137,0,128,13
reliable,marked_gaussian_evidence_guarded_scalar_known_censor,52,1,147,10,157,149,8,True,149,6,143,6,0,-4
reliable,marked_gaussian_evidence_guarded_scalar_known_censor,52,2,137,0,137,14,123,True,149,19,130,6,122,-7
reliable,marked_gaussian_evidence_guarded_scalar_known_censor,53,1,143,10,153,137,16,True,137,0,137,0,0,-6
reliable,marked_gaussian_evidence_guarded_scalar_known_censor,53,2,130,0,130,8,122,True,137,96,41,0,33,-89
reliable,marked_gaussian_evidence_guarded_scalar_known_censor,54,1,137,10,147,141,6,True,141,5,136,5,0,-1
reliable,marked_gaussian_evidence_guarded_scalar_known_censor,54,2,41,0,41,14,27,True,141,19,122,5,113,81
reliable,marked_gaussian_evidence_guarded_scalar_known_censor,55,1,136,11,147,145,2,True,145,0,145,0,0,9
reliable,marked_gaussian_evidence_guarded_scalar_known_censor,55,2,122,0,122,11,111,True,145,6,139,0,128,17
reliable,marked_gaussian_evidence_guarded_scalar_known_censor,56,1,145,11,156,149,7,True,149,4,145,4,0,0
reliable,marked_gaussian_evidence_guarded_scalar_known_censor,56,2,139,0,139,16,123,True,149,7,142,4,130,3
reliable,marked_gaussian_evidence_guarded_scalar_known_censor,57,1,145,10,155,152,3,True,152,1,151,1,0,6
reliable,marked_gaussian_evidence_guarded_scalar_known_censor,57,2,142,0,142,12,130,True,152,6,146,1,135,4
reliable,marked_gaussian_evidence_guarded_scalar_known_censor,58,1,151,10,161,156,5,True,156,3,153,3,0,2
reliable,marked_gaussian_evidence_guarded_scalar_known_censor,58,2,146,0,146,14,132,True,156,7,149,3,138,3
reliable,marked_gaussian_evidence_guarded_scalar_known_censor,59,1,153,10,163,160,3,True,161,1,160,1,1,7
reliable,marked_gaussian_evidence_guarded_scalar_known_censor,59,2,149,1,150,12,138,True,161,6,155,1,144,6
reliable,marked_gaussian_evidence_guarded_scalar_known_censor,60,1,160,10,170,164,6,True,166,3,163,3,2,3
reliable,marked_gaussian_evidence_guarded_scalar_known_censor,60,2,155,1,156,16,140,True,166,8,158,3,145,3
reliable,marked_gaussian_evidence_guarded_scalar_known_censor,61,1,163,10,173,162,11,True,165,4,161,4,3,-2
reliable,marked_gaussian_evidence_guarded_scalar_known_censor,61,2,158,3,161,17,144,True,165,11,154,4,141,-4
reliable,marked_gaussian_evidence_guarded_scalar_known_censor,62,1,161,9,170,163,7,True,168,3,165,3,5,4
reliable,marked_gaussian_evidence_guarded_scalar_known_censor,62,2,154,3,157,18,139,True,168,10,158,3,143,4
reliable,marked_gaussian_evidence_guarded_scalar_known_censor,63,1,165,9,174,169,5,True,172,2,170,2,3,5
reliable,marked_gaussian_evidence_guarded_scalar_known_censor,63,2,158,1,159,18,141,True,172,8,164,2,148,6
reliable,marked_gaussian_evidence_guarded_scalar_known_censor,64,1,170,9,179,171,8,True,179,2,177,2,8,7
reliable,marked_gaussian_evidence_guarded_scalar_known_censor,64,2,164,3,167,21,146,True,179,9,170,2,151,6
reliable,marked_gaussian_evidence_guarded_scalar_known_censor,65,1,177,9,186,177,9,True,184,3,181,3,7,4
reliable,marked_gaussian_evidence_guarded_scalar_known_censor,65,2,170,3,173,25,148,True,184,9,175,3,153,5
reliable,marked_gaussian_evidence_guarded_scalar_known_censor,66,1,181,11,192,183,9,True,190,3,187,3,7,6
reliable,marked_gaussian_evidence_guarded_scalar_known_censor,66,2,175,2,177,25,152,True,190,9,181,3,159,6
reliable,marked_gaussian_evidence_guarded_scalar_known_censor,67,1,187,9,196,184,12,True,192,1,191,1,8,4
reliable,marked_gaussian_evidence_guarded_scalar_known_censor,67,2,181,1,182,23,159,True,192,11,181,1,159,0
reliable,marked_gaussian_evidence_guarded_scalar_known_censor,68,1,191,10,201,189,12,True,198,2,196,2,9,5
reliable,marked_gaussian_evidence_guarded_scalar_known_censor,68,2,181,1,182,26,156,True,198,8,190,2,166,9
reliable,marked_gaussian_evidence_guarded_scalar_known_censor,69,1,196,11,207,195,12,True,204,1,203,1,9,7
reliable,marked_gaussian_evidence_guarded_scalar_known_censor,69,2,190,1,191,28,163,True,204,10,194,1,167,4
reliable,marked_gaussian_evidence_guarded_scalar_known_censor,70,1,203,10,213,196,17,True,207,3,204,3,11,1
reliable,marked_gaussian_evidence_guarded_scalar_known_censor,70,2,194,1,195,32,163,True,207,9,198,3,169,4
reliable,marked_gaussian_evidence_guarded_scalar_known_censor,71,1,204,11,215,202,13,True,215,1,214,1,13,10
reliable,marked_gaussian_evidence_guarded_scalar_known_censor,71,2,198,1,199,33,166,True,215,9,206,1,174,8
reliable,marked_gaussian_evidence_guarded_scalar_known_censor,72,1,214,10,224,209,15,True,220,3,217,3,11,3
reliable,marked_gaussian_evidence_guarded_scalar_known_censor,72,2,206,2,208,38,170,True,220,11,209,3,174,3
reliable,marked_gaussian_evidence_guarded_scalar_known_censor,73,1,217,10,227,211,16,True,225,2,223,2,14,6
reliable,marked_gaussian_evidence_guarded_scalar_known_censor,73,2,209,1,210,39,171,True,225,13,212,2,175,3
reliable,marked_gaussian_evidence_guarded_scalar_known_censor,74,1,223,12,235,219,16,True,232,2,230,2,13,7
reliable,marked_gaussian_evidence_guarded_scalar_known_censor,74,2,212,1,213,41,172,True,232,11,221,2,182,9
reliable,marked_gaussian_evidence_guarded_scalar_known_censor,75,1,230,12,242,222,20,True,239,2,237,2,17,7
reliable,marked_gaussian_evidence_guarded_scalar_known_censor,75,2,221,2,223,45,178,True,239,12,227,2,184,6
reliable,marked_gaussian_evidence_guarded_scalar_known_censor,76,1,237,12,249,226,23,True,244,5,239,5,18,2
reliable,marked_gaussian_evidence_guarded_scalar_known_censor,76,2,227,2,229,48,181,True,244,19,225,5,182,-2
reliable,marked_gaussian_evidence_guarded_scalar_known_censor,77,1,239,13,252,231,21,True,231,4,227,4,0,-12
reliable,marked_gaussian_evidence_guarded_scalar_known_censor,77,2,225,2,227,27,200,True,231,22,209,4,186,-16
reliable,marked_gaussian_evidence_guarded_scalar_known_censor,78,1,227,11,238,233,5,True,233,7,226,7,0,-1
reliable,marked_gaussian_evidence_guarded_scalar_known_censor,78,2,209,1,210,29,181,True,233,23,210,7,188,1
reliable,marked_gaussian_evidence_guarded_scalar_known_censor,79,1,226,11,237,233,4,True,233,8,225,8,0,-1
reliable,marked_gaussian_evidence_guarded_scalar_known_censor,79,2,210,2,212,26,186,True,233,158,75,8,57,-135
reliable,marked_gaussian_evidence_guarded_scalar_known_censor,80,1,225,11,236,231,5,True,231,3,228,3,0,3
reliable,marked_gaussian_evidence_guarded_scalar_known_censor,80,2,75,0,75,18,57,True,231,32,199,3,184,124
reliable,marked_gaussian_evidence_guarded_scalar_known_censor,81,1,228,11,239,236,3,True,236,2,234,2,0,6
reliable,marked_gaussian_evidence_guarded_scalar_known_censor,81,2,199,0,199,16,183,True,236,19,217,2,203,18
reliable,marked_gaussian_evidence_guarded_scalar_known_censor,82,1,234,10,244,239,5,True,239,5,234,5,0,0
reliable,marked_gaussian_evidence_guarded_scalar_known_censor,82,2,217,1,218,18,200,True,239,29,210,5,197,-7
reliable,marked_gaussian_evidence_guarded_scalar_known_censor,83,1,234,10,244,243,1,True,243,0,243,0,0,9
reliable,marked_gaussian_evidence_guarded_scalar_known_censor,83,2,210,0,210,14,196,True,243,23,220,0,206,10
reliable,marked_gaussian_evidence_guarded_scalar_known_censor,84,1,243,12,255,243,12,True,243,5,238,5,0,-5
reliable,marked_gaussian_evidence_guarded_scalar_known_censor,84,2,220,1,221,20,201,True,243,158,85,5,70,-135
reliable,marked_gaussian_evidence_guarded_scalar_known_censor,85,1,238,10,248,241,7,True,241,2,239,2,0,1
reliable,marked_gaussian_evidence_guarded_scalar_known_censor,85,2,85,0,85,16,69,True,241,35,206,2,192,121
reliable,marked_gaussian_evidence_guarded_scalar_known_censor,86,1,239,10,249,244,5,True,244,3,241,3,0,2
reliable,marked_gaussian_evidence_guarded_scalar_known_censor,86,2,206,0,206,17,189,True,244,20,224,3,210,18
reliable,marked_gaussian_evidence_guarded_scalar_known_censor,87,1,241,10,251,247,4,True,247,2,245,2,0,4
reliable,marked_gaussian_evidence_guarded_scalar_known_censor,87,2,224,0,224,16,208,True,247,33,214,2,200,-10
reliable,marked_gaussian_evidence_guarded_scalar_known_censor,88,1,245,10,255,250,5,True,250,4,246,4,0,1
reliable,marked_gaussian_evidence_guarded_scalar_known_censor,88,2,214,0,214,17,197,True,250,167,83,4,70,-131
reliable,marked_gaussian_evidence_guarded_scalar_known_censor,89,1,246,10,256,251,5,True,251,3,248,3,0,2
reliable,marked_gaussian_evidence_guarded_scalar_known_censor,89,2,83,1,84,16,68,True,251,48,203,3,190,120
reliable,marked_gaussian_evidence_guarded_scalar_known_censor,90,1,248,9,257,250,7,True,250,3,247,3,0,-1
reliable,marked_gaussian_evidence_guarded_scalar_known_censor,90,2,203,0,203,16,187,True,250,187,63,3,50,-140
reliable,marked_gaussian_evidence_guarded_scalar_known_censor,91,1,247,9,256,250,6,True,250,4,246,4,0,-1
reliable,marked_gaussian_evidence_guarded_scalar_known_censor,91,2,63,1,64,17,47,True,250,49,201,4,188,138
reliable,marked_gaussian_evidence_guarded_scalar_known_censor,92,1,246,9,255,252,3,True,252,3,249,3,0,3
reliable,marked_gaussian_evidence_guarded_scalar_known_censor,92,2,201,1,202,17,185,True,252,19,233,3,219,32
reliable,marked_gaussian_evidence_guarded_scalar_known_censor,93,1,249,10,259,255,4,True,255,2,253,2,0,4
reliable,marked_gaussian_evidence_guarded_scalar_known_censor,93,2,233,1,234,18,216,True,255,178,77,2,61,-156
reliable,marked_gaussian_evidence_guarded_scalar_known_censor,94,1,253,10,263,254,9,True,255,3,252,3,1,-1
reliable,marked_gaussian_evidence_guarded_scalar_known_censor,94,2,77,1,78,19,59,True,255,59,196,3,180,119
reliable,marked_gaussian_evidence_guarded_scalar_known_censor,95,1,252,10,262,257,5,True,258,5,253,5,1,1
reliable,marked_gaussian_evidence_guarded_scalar_known_censor,95,2,196,2,198,19,179,True,258,13,245,5,231,49
reliable,marked_gaussian_evidence_guarded_scalar_known_censor,96,1,253,11,264,260,4,True,260,5,255,5,0,2
reliable,marked_gaussian_evidence_guarded_scalar_known_censor,96,2,245,1,246,18,228,True,260,179,81,5,68,-164
reliable,marked_gaussian_evidence_guarded_scalar_known_censor,97,1,255,11,266,259,7,True,259,4,255,4,0,0
reliable,marked_gaussian_evidence_guarded_scalar_known_censor,97,2,81,2,83,18,65,True,259,65,194,4,180,113
reliable,marked_gaussian_evidence_guarded_scalar_known_censor,98,1,255,10,265,260,5,True,260,3,257,3,0,2
reliable,marked_gaussian_evidence_guarded_scalar_known_censor,98,2,194,1,195,17,178,True,260,10,250,3,236,56
reliable,marked_gaussian_evidence_guarded_scalar_known_censor,99,1,257,10,267,263,4,True,263,3,260,3,0,3
reliable,marked_gaussian_evidence_guarded_scalar_known_censor,99,2,250,1,251,17,234,True,263,177,86,3,72,-164
reliable,marked_gaussian_evidence_guarded_scalar_known_censor,100,1,260,11,271,269,2,True,269,2,267,2,0,7
reliable,marked_gaussian_evidence_guarded_scalar_known_censor,100,2,86,1,87,15,72,True,269,63,206,2,193,120
reliable,marked_gaussian_evidence_guarded_scalar_known_censor,101,1,267,11,278,272,6,True,272,5,267,5,0,0
reliable,marked_gaussian_evidence_guarded_scalar_known_censor,101,2,206,1,207,17,190,True,272,21,251,5,239,45
reliable,marked_gaussian_evidence_guarded_scalar_known_censor,102,1,267,11,278,273,5,True,273,2,271,2,0,4
reliable,marked_gaussian_evidence_guarded_scalar_known_censor,102,2,251,1,252,13,239,True,273,187,86,2,75,-165
reliable,marked_gaussian_evidence_guarded_scalar_known_censor,103,1,271,9,280,275,5,True,275,5,270,5,0,-1
reliable,marked_gaussian_evidence_guarded_scalar_known_censor,103,2,86,1,87,17,70,True,275,68,207,5,195,121
reliable,marked_gaussian_evidence_guarded_scalar_known_censor,104,1,270,11,281,279,2,True,279,1,278,1,0,8
reliable,marked_gaussian_evidence_guarded_scalar_known_censor,104,2,207,0,207,12,195,True,279,13,266,1,255,59
reliable,marked_gaussian_evidence_guarded_scalar_known_censor,105,1,278,11,289,282,7,True,282,4,278,4,0,0
reliable,marked_gaussian_evidence_guarded_scalar_known_censor,105,2,266,0,266,14,252,True,282,197,85,4,75,-181
reliable,marked_gaussian_evidence_guarded_scalar_known_censor,106,1,278,9,287,278,9,True,278,2,276,2,0,-2
reliable,marked_gaussian_evidence_guarded_scalar_known_censor,106,2,85,0,85,13,72,True,278,65,213,2,202,128
reliable,marked_gaussian_evidence_guarded_scalar_known_censor,107,1,276,9,285,270,15,True,270,2,268,2,0,-8
reliable,marked_gaussian_evidence_guarded_scalar_known_censor,107,2,213,0,213,13,200,True,270,191,79,2,68,-134
reliable,marked_gaussian_evidence_guarded_scalar_known_censor,108,1,268,9,277,271,6,True,271,2,269,2,0,1
reliable,marked_gaussian_evidence_guarded_scalar_known_censor,108,2,79,0,79,13,66,True,271,12,259,2,248,180
reliable,marked_gaussian_evidence_guarded_scalar_known_censor,109,1,269,9,278,273,5,True,273,3,270,3,0,1
reliable,marked_gaussian_evidence_guarded_scalar_known_censor,109,2,259,0,259,13,246,True,273,60,213,3,203,-46
reliable,marked_gaussian_evidence_guarded_scalar_known_censor,110,1,270,9,279,276,3,True,276,1,275,1,0,5
reliable,marked_gaussian_evidence_guarded_scalar_known_censor,110,2,213,0,213,10,203,True,276,193,83,1,74,-130
reliable,marked_gaussian_evidence_guarded_scalar_known_censor,111,1,275,9,284,280,4,True,280,5,275,5,0,0
reliable,marked_gaussian_evidence_guarded_scalar_known_censor,111,2,83,2,85,14,71,True,280,23,257,5,248,174
reliable,marked_gaussian_evidence_guarded_scalar_known_censor,112,1,275,10,285,284,1,True,284,2,282,2,0,7
reliable,marked_gaussian_evidence_guarded_scalar_known_censor,112,2,257,1,258,11,247,True,284,61,223,2,214,-34
reliable,marked_gaussian_evidence_guarded_scalar_known_censor,113,1,282,10,292,288,4,True,288,4,284,4,0,2
reliable,marked_gaussian_evidence_guarded_scalar_known_censor,113,2,223,2,225,17,208,True,288,202,86,4,73,-137
reliable,marked_gaussian_evidence_guarded_scalar_known_censor,114,1,284,9,293,288,5,True,293,2,291,1,4,7
reliable,marked_gaussian_evidence_guarded_scalar_known_censor,114,2,86,3,89,18,71,True,293,18,275,1,258,189
reliable,marked_gaussian_evidence_guarded_scalar_known_censor,115,1,291,8,299,289,10,True,297,4,293,4,8,2
reliable,marked_gaussian_evidence_guarded_scalar_known_censor,115,2,275,3,278,22,256,True,297,69,228,4,210,-47
reliable,marked_gaussian_evidence_guarded_scalar_known_censor,116,1,293,8,301,291,10,True,301,2,299,2,10,6
reliable,marked_gaussian_evidence_guarded_scalar_known_censor,116,2,228,3,231,22,209,True,301,201,100,2,80,-128
reliable,marked_gaussian_evidence_guarded_scalar_known_censor,117,1,299,8,307,296,11,True,300,4,296,4,4,-3
reliable,marked_gaussian_evidence_guarded_scalar_known_censor,117,2,100,2,102,21,81,True,300,25,275,4,258,175
reliable,marked_gaussian_evidence_guarded_scalar_known_censor,118,1,296,9,305,301,4,True,303,2,301,2,2,5
reliable,marked_gaussian_evidence_guarded_scalar_known_censor,118,2,275,1,276,19,257,True,303,258,45,2,28,-230
reliable,marked_gaussian_evidence_guarded_scalar_known_censor,119,1,301,8,309,299,10,True,300,5,295,5,1,-6
reliable,marked_gaussian_evidence_guarded_scalar_known_censor,119,2,45,2,47,22,25,True,300,26,274,5,257,229
reliable,marked_gaussian_evidence_guarded_scalar_known_censor,120,1,295,8,303,299,4,True,301,4,297,4,2,2
reliable,marked_gaussian_evidence_guarded_scalar_known_censor,120,2,274,2,276,21,255,True,301,259,42,4,25,-232
reliable,marked_gaussian_evidence_guarded_scalar_known_censor,121,1,297,9,306,302,4,True,303,4,299,4,1,2
reliable,marked_gaussian_evidence_guarded_scalar_known_censor,121,2,42,4,46,23,23,True,303,17,286,4,267,244
reliable,marked_gaussian_evidence_guarded_scalar_known_censor,122,1,299,10,309,304,5,True,305,4,301,4,1,2
reliable,marked_gaussian_evidence_guarded_scalar_known_censor,122,2,286,3,289,18,271,True,305,269,36,4,22,-250
reliable,marked_gaussian_evidence_guarded_scalar_known_censor,123,1,301,10,311,304,7,True,306,7,299,7,2,-2
reliable,marked_gaussian_evidence_guarded_scalar_known_censor,123,2,36,3,39,32,7,True,306,8,298,7,273,262
reliable,marked_gaussian_evidence_guarded_scalar_known_censor,124,1,299,10,309,302,7,True,302,2,300,2,0,1
reliable,marked_gaussian_evidence_guarded_scalar_known_censor,124,2,298,4,302,296,6,True,302,2,300,2,6,2
reliable,marked_gaussian_evidence_guarded_scalar_known_censor,125,1,300,9,309,299,10,True,299,7,292,7,0,-8
reliable,marked_gaussian_evidence_guarded_scalar_known_censor,125,2,300,2,302,294,8,True,299,7,292,7,5,-8
reliable,marked_gaussian_evidence_guarded_scalar_known_censor,126,1,292,9,301,300,1,True,300,1,299,1,0,7
reliable,marked_gaussian_evidence_guarded_scalar_known_censor,126,2,292,2,294,286,8,True,300,2,298,1,13,6
reliable,marked_gaussian_evidence_guarded_scalar_known_censor,127,1,299,12,311,46,265,True,46,10,36,10,0,-263
reliable,marked_gaussian_evidence_guarded_scalar_known_censor,127,2,298,2,300,26,274,True,46,15,31,10,15,-267
reliable,marked_gaussian_evidence_guarded_scalar_known_censor,128,1,36,10,46,42,4,True,42,2,40,2,0,4
reliable,marked_gaussian_evidence_guarded_scalar_known_censor,128,2,31,1,32,16,16,True,42,5,37,2,23,6
reliable,marked_gaussian_evidence_guarded_scalar_known_censor,129,1,40,13,53,48,5,True,48,3,45,3,0,5
reliable,marked_gaussian_evidence_guarded_scalar_known_censor,129,2,37,1,38,15,23,True,48,5,43,3,31,6
reliable,marked_gaussian_evidence_guarded_scalar_known_censor,130,1,45,11,56,52,4,True,52,5,47,5,0,2
reliable,marked_gaussian_evidence_guarded_scalar_known_censor,130,2,43,2,45,17,28,True,52,5,47,5,35,4
reliable,marked_gaussian_evidence_guarded_scalar_known_censor,131,1,47,13,60,58,2,True,58,3,55,3,0,8
reliable,marked_gaussian_evidence_guarded_scalar_known_censor,131,2,47,1,48,12,36,True,58,5,53,3,44,6
reliable,marked_gaussian_evidence_guarded_scalar_known_censor,132,1,55,13,68,64,4,True,64,4,60,4,0,5
reliable,marked_gaussian_evidence_guarded_scalar_known_censor,132,2,53,1,54,16,38,True,64,4,60,4,48,7
reliable,marked_gaussian_evidence_guarded_scalar_known_censor,133,1,60,13,73,67,6,True,67,2,65,2,0,5
reliable,marked_gaussian_evidence_guarded_scalar_known_censor,133,2,60,0,60,13,47,True,67,4,63,2,52,3
reliable,marked_gaussian_evidence_guarded_scalar_known_censor,134,1,65,13,78,66,12,True,66,5,61,5,0,-4
reliable,marked_gaussian_evidence_guarded_scalar_known_censor,134,2,63,0,63,15,48,True,66,6,60,5,50,-3
reliable,marked_gaussian_evidence_guarded_scalar_known_censor,135,1,61,12,73,70,3,True,70,4,66,4,0,5
reliable,marked_gaussian_evidence_guarded_scalar_known_censor,135,2,60,1,61,15,46,True,70,7,63,4,52,3
reliable,marked_gaussian_evidence_guarded_scalar_known_censor,136,1,66,12,78,74,4,True,74,4,70,4,0,4
reliable,marked_gaussian_evidence_guarded_scalar_known_censor,136,2,63,1,64,15,49,True,74,6,68,4,57,5
reliable,marked_gaussian_evidence_guarded_scalar_known_censor,137,1,70,13,83,68,15,True,68,4,64,4,0,-6
reliable,marked_gaussian_evidence_guarded_scalar_known_censor,137,2,68,0,68,16,52,True,68,12,56,4,44,-12
reliable,marked_gaussian_evidence_guarded_scalar_known_censor,138,1,64,11,75,70,5,True,72,5,67,5,2,3
reliable,marked_gaussian_evidence_guarded_scalar_known_censor,138,2,56,3,59,19,40,True,72,9,63,5,49,7
reliable,marked_gaussian_evidence_guarded_scalar_known_censor,139,1,67,12,79,73,6,True,74,5,69,5,1,2
reliable,marked_gaussian_evidence_guarded_scalar_known_censor,139,2,63,3,66,47,19,True,74,5,69,5,27,6
reliable,marked_gaussian_evidence_guarded_scalar_known_censor,140,1,69,11,80,74,6,True,77,3,74,3,3,5
reliable,marked_gaussian_evidence_guarded_scalar_known_censor,140,2,69,3,72,47,25,True,77,3,74,3,30,5
reliable,marked_gaussian_evidence_guarded_scalar_known_censor,141,1,74,13,87,80,7,True,80,3,77,3,0,3
reliable,marked_gaussian_evidence_guarded_scalar_known_censor,141,2,74,2,76,48,28,True,80,3,77,3,32,3
reliable,marked_gaussian_evidence_guarded_scalar_known_censor,142,1,77,13,90,86,4,True,86,3,83,3,0,6
reliable,marked_gaussian_evidence_guarded_scalar_known_censor,142,2,77,2,79,47,32,True,86,3,83,3,39,6
reliable,marked_gaussian_evidence_guarded_scalar_known_censor,143,1,83,12,95,89,6,True,89,4,85,4,0,2
reliable,marked_gaussian_evidence_guarded_scalar_known_censor,143,2,83,1,84,18,66,True,89,11,78,4,64,-5
reliable,marked_gaussian_evidence_guarded_scalar_known_censor,144,1,85,12,97,94,3,True,94,3,91,3,0,6
reliable,marked_gaussian_evidence_guarded_scalar_known_censor,144,2,78,2,80,19,61,True,94,7,87,3,71,9
reliable,marked_gaussian_evidence_guarded_scalar_known_censor,145,1,91,13,104,100,4,True,100,5,95,5,0,4
reliable,marked_gaussian_evidence_guarded_scalar_known_censor,145,2,87,2,89,17,72,True,100,9,91,5,79,4
reliable,marked_gaussian_evidence_guarded_scalar_known_censor,146,1,95,14,109,106,3,True,106,3,103,3,0,8
reliable,marked_gaussian_evidence_guarded_scalar_known_censor,146,2,91,2,93,16,77,True,106,5,101,3,88,10
reliable,marked_gaussian_evidence_guarded_scalar_known_censor,147,1,103,14,117,112,5,True,112,5,107,5,0,4
reliable,marked_gaussian_evidence_guarded_scalar_known_censor,147,2,101,2,103,73,30,True,112,6,106,5,38,5
reliable,marked_gaussian_evidence_guarded_scalar_known_censor,148,1,107,14,121,118,3,True,118,4,114,4,0,7
reliable,marked_gaussian_evidence_guarded_scalar_known_censor,148,2,106,3,109,79,30,True,118,6,112,4,37,6
reliable,marked_gaussian_evidence_guarded_scalar_known_censor,149,1,114,14,128,123,5,True,123,5,118,5,0,4
reliable,marked_gaussian_evidence_guarded_scalar_known_censor,149,2,112,4,116,81,35,True,123,6,117,5,41,5
reliable,marked_gaussian_evidence_guarded_scalar_known_censor,150,1,118,13,131,128,3,True,129,3,126,3,1,8
reliable,marked_gaussian_evidence_guarded_scalar_known_censor,150,2,117,2,119,48,71,True,129,3,126,3,81,9
reliable,marked_gaussian_evidence_guarded_scalar_known_censor,151,1,126,14,140,136,4,True,136,4,132,4,0,6
reliable,marked_gaussian_evidence_guarded_scalar_known_censor,151,2,126,3,129,24,105,True,136,11,125,4,105,-1
reliable,marked_gaussian_evidence_guarded_scalar_known_censor,152,1,132,15,147,142,5,True,142,4,138,4,0,6
reliable,marked_gaussian_evidence_guarded_scalar_known_censor,152,2,125,5,130,31,99,True,142,7,135,4,108,10
reliable,marked_gaussian_evidence_guarded_scalar_known_censor,153,1,138,14,152,144,8,True,144,8,136,8,0,-2
reliable,marked_gaussian_evidence_guarded_scalar_known_censor,153,2,135,5,140,32,108,True,144,10,134,8,110,-1
reliable,marked_gaussian_evidence_guarded_scalar_known_censor,154,1,136,15,151,146,5,True,146,9,137,9,0,1
reliable,marked_gaussian_evidence_guarded_scalar_known_censor,154,2,134,5,139,100,39,True,146,9,137,9,46,3
reliable,marked_gaussian_evidence_guarded_scalar_known_censor,155,1,137,14,151,146,5,True,146,8,138,8,0,1
reliable,marked_gaussian_evidence_guarded_scalar_known_censor,155,2,137,6,143,25,118,True,146,41,105,8,88,-32
reliable,marked_gaussian_evidence_guarded_scalar_known_censor,156,1,138,14,152,149,3,True,150,5,145,5,1,7
reliable,marked_gaussian_evidence_guarded_scalar_known_censor,156,2,105,4,109,22,87,True,150,6,144,5,127,39
reliable,marked_gaussian_evidence_guarded_scalar_known_censor,157,1,145,15,160,155,5,True,157,7,150,7,2,5
reliable,marked_gaussian_evidence_guarded_scalar_known_censor,157,2,144,5,149,26,123,True,157,15,142,7,123,-2
reliable,marked_gaussian_evidence_guarded_scalar_known_censor,158,1,150,14,164,130,34,True,132,7,125,7,2,-25
reliable,marked_gaussian_evidence_guarded_scalar_known_censor,158,2,142,6,148,27,121,True,132,12,120,7,100,-22
reliable,marked_gaussian_evidence_guarded_scalar_known_censor,159,1,125,14,139,132,7,True,136,6,130,6,4,5
reliable,marked_gaussian_evidence_guarded_scalar_known_censor,159,2,120,4,124,27,97,True,136,17,119,6,98,-1
reliable,marked_gaussian_evidence_guarded_scalar_known_censor,160,1,130,13,143,135,8,True,135,5,130,5,0,0
reliable,marked_gaussian_evidence_guarded_scalar_known_censor,160,2,119,3,122,22,100,True,135,14,121,5,104,2
reliable,marked_gaussian_evidence_guarded_scalar_known_censor,161,1,130,13,143,139,4,True,139,4,135,4,0,5
reliable,marked_gaussian_evidence_guarded_scalar_known_censor,161,2,121,2,123,17,106,True,139,11,128,4,115,7
reliable,marked_gaussian_evidence_guarded_scalar_known_censor,162,1,135,14,149,139,10,True,139,6,133,6,0,-2
reliable,marked_gaussian_evidence_guarded_scalar_known_censor,162,2,128,2,130,21,109,True,139,12,127,6,112,-1
reliable,marked_gaussian_evidence_guarded_scalar_known_censor,163,1,133,12,145,137,8,True,137,5,132,5,0,-1
reliable,marked_gaussian_evidence_guarded_scalar_known_censor,163,2,127,2,129,19,110,True,137,22,115,5,101,-12
reliable,marked_gaussian_evidence_guarded_scalar_known_censor,164,1,132,11,143,140,3,True,140,5,135,5,0,3
reliable,marked_gaussian_evidence_guarded_scalar_known_censor,164,2,115,2,117,19,98,True,140,9,131,5,117,16
reliable,marked_gaussian_evidence_guarded_scalar_known_censor,165,1,135,12,147,144,3,True,144,4,140,4,0,5
reliable,marked_gaussian_evidence_guarded_scalar_known_censor,165,2,131,2,133,19,114,True,144,6,138,4,123,7
reliable,marked_gaussian_evidence_guarded_scalar_known_censor,166,1,140,12,152,148,4,True,149,5,144,5,1,4
reliable,marked_gaussian_evidence_guarded_scalar_known_censor,166,2,138,3,141,19,122,True,149,26,123,5,109,-15
reliable,marked_gaussian_evidence_guarded_scalar_known_censor,167,1,144,11,155,151,4,True,153,5,148,5,2,4
reliable,marked_gaussian_evidence_guarded_scalar_known_censor,167,2,123,5,128,21,107,True,153,17,136,5,120,13
reliable,marked_gaussian_evidence_guarded_scalar_known_censor,168,1,148,10,158,151,7,True,154,8,146,8,3,-2
reliable,marked_gaussian_evidence_guarded_scalar_known_censor,168,2,136,4,140,21,119,True,154,29,125,8,112,-11
reliable,marked_gaussian_evidence_guarded_scalar_known_censor,169,1,146,10,156,151,5,True,156,4,152,4,5,6
reliable,marked_gaussian_evidence_guarded_scalar_known_censor,169,2,125,4,129,19,110,True,156,12,144,4,129,19
reliable,marked_gaussian_evidence_guarded_scalar_known_censor,170,1,152,10,162,155,7,True,158,6,152,6,3,0
reliable,marked_gaussian_evidence_guarded_scalar_known_censor,170,2,144,3,147,21,126,True,158,72,86,6,71,-58
reliable,marked_gaussian_evidence_guarded_scalar_known_censor,171,1,152,10,162,154,8,True,161,3,158,3,7,6
reliable,marked_gaussian_evidence_guarded_scalar_known_censor,171,2,86,3,89,20,69,True,161,28,133,3,116,47
reliable,marked_gaussian_evidence_guarded_scalar_known_censor,172,1,158,10,168,158,10,True,158,6,152,6,0,-6
reliable,marked_gaussian_evidence_guarded_scalar_known_censor,172,2,133,3,136,20,116,True,158,6,152,6,138,19
reliable,marked_gaussian_evidence_guarded_scalar_known_censor,173,1,152,11,163,161,2,True,162,3,159,3,1,7
reliable,marked_gaussian_evidence_guarded_scalar_known_censor,173,2,152,4,156,26,130,True,162,3,159,3,136,7
reliable,marked_gaussian_evidence_guarded_scalar_known_censor,174,1,159,11,170,140,30,True,140,14,126,14,0,-33
reliable,marked_gaussian_evidence_guarded_scalar_known_censor,174,2,159,7,166,27,139,True,140,20,120,14,107,-39
reliable,marked_gaussian_evidence_guarded_scalar_known_censor,175,1,126,10,136,132,4,True,133,7,126,7,1,0
reliable,marked_gaussian_evidence_guarded_scalar_known_censor,175,2,120,6,126,19,107,True,133,7,126,7,114,6
reliable,marked_gaussian_evidence_guarded_scalar_known_censor,176,1,126,9,135,130,5,True,130,6,124,6,0,-2
reliable,marked_gaussian_evidence_guarded_scalar_known_censor,176,2,126,4,130,18,112,True,130,6,124,6,112,-2
reliable,marked_gaussian_evidence_guarded_scalar_known_censor,177,1,124,11,135,133,2,True,134,5,129,5,1,5
reliable,marked_gaussian_evidence_guarded_scalar_known_censor,177,2,124,5,129,17,112,True,134,7,127,5,115,3
reliable,marked_gaussian_evidence_guarded_scalar_known_censor,178,1,129,10,139,133,6,True,133,6,127,6,0,-2
reliable,marked_gaussian_evidence_guarded_scalar_known_censor,178,2,127,4,131,17,114,True,133,21,112,6,101,-15
reliable,marked_gaussian_evidence_guarded_scalar_known_censor,179,1,127,10,137,133,4,True,133,5,128,5,0,1
reliable,marked_gaussian_evidence_guarded_scalar_known_censor,179,2,112,4,116,16,100,True,133,101,32,5,21,-80
reliable,marked_gaussian_evidence_guarded_scalar_known_censor,180,1,128,10,138,133,5,True,133,5,128,5,0,0
reliable,marked_gaussian_evidence_guarded_scalar_known_censor,180,2,32,2,34,16,18,True,133,8,125,5,114,93
reliable,marked_gaussian_evidence_guarded_scalar_known_censor,181,1,128,11,139,138,1,True,139,1,138,1,1,10
reliable,marked_gaussian_evidence_guarded_scalar_known_censor,181,2,125,4,129,17,112,True,139,4,135,1,119,10
reliable,marked_gaussian_evidence_guarded_scalar_known_censor,182,1,138,10,148,140,8,True,141,8,133,8,1,-5
reliable,marked_gaussian_evidence_guarded_scalar_known_censor,182,2,135,4,139,22,117,True,141,13,128,8,114,-7
reliable,marked_gaussian_evidence_guarded_scalar_known_censor,183,1,133,11,144,143,1,True,143,3,140,3,0,7
reliable,marked_gaussian_evidence_guarded_scalar_known_censor,183,2,128,3,131,14,117,True,143,17,126,3,115,-2
reliable,marked_gaussian_evidence_guarded_scalar_known_censor,184,1,140,12,152,146,6,True,147,4,143,4,1,3
reliable,marked_gaussian_evidence_guarded_scalar_known_censor,184,2,126,3,129,22,107,True,147,103,44,4,26,-82
reliable,marked_gaussian_evidence_guarded_scalar_known_censor,185,1,143,11,154,139,15,True,139,7,132,7,0,-11
reliable,marked_gaussian_evidence_guarded_scalar_known_censor,185,2,44,4,48,20,28,True,139,11,128,7,115,84
reliable,marked_gaussian_evidence_guarded_scalar_known_censor,186,1,132,9,141,138,3,True,138,7,131,7,0,-1
reliable,marked_gaussian_evidence_guarded_scalar_known_censor,186,2,128,3,131,19,112,True,138,8,130,7,118,2
reliable,marked_gaussian_evidence_guarded_scalar_known_censor,187,1,131,10,141,138,3,True,139,3,136,3,1,5
reliable,marked_gaussian_evidence_guarded_scalar_known_censor,187,2,130,4,134,134,0,True,139,3,136,3,5,6
reliable,marked_gaussian_evidence_guarded_scalar_known_censor,188,1,136,9,145,140,5,True,142,6,136,6,2,0
reliable,marked_gaussian_evidence_guarded_scalar_known_censor,188,2,136,5,141,138,3,True,142,6,136,6,4,0
reliable,marked_gaussian_evidence_guarded_scalar_known_censor,189,1,136,9,145,141,4,True,141,7,134,7,0,-2
reliable,marked_gaussian_evidence_guarded_scalar_known_censor,189,2,136,6,142,138,4,True,141,7,134,7,3,-2
reliable,marked_gaussian_evidence_guarded_scalar_known_censor,190,1,134,10,144,140,4,True,141,5,136,5,1,2
reliable,marked_gaussian_evidence_guarded_scalar_known_censor,190,2,134,4,138,116,22,True,141,6,135,5,24,1
reliable,marked_gaussian_evidence_guarded_scalar_known_censor,191,1,136,10,146,143,3,True,145,7,138,7,2,2
reliable,marked_gaussian_evidence_guarded_scalar_known_censor,191,2,135,6,141,21,120,True,145,8,137,7,123,2
reliable,marked_gaussian_evidence_guarded_scalar_known_censor,192,1,138,11,149,146,3,True,147,10,137,10,1,-1
reliable,marked_gaussian_evidence_guarded_scalar_known_censor,192,2,137,6,143,25,118,True,147,13,134,10,119,-3
reliable,marked_gaussian_evidence_guarded_scalar_known_censor,193,1,137,9,146,141,5,True,145,4,141,4,4,4
reliable,marked_gaussian_evidence_guarded_scalar_known_censor,193,2,134,5,139,25,114,True,145,5,140,4,119,6
reliable,marked_gaussian_evidence_guarded_scalar_known_censor,194,1,141,10,151,142,9,True,146,2,144,2,4,3
reliable,marked_gaussian_evidence_guarded_scalar_known_censor,194,2,140,4,144,24,120,True,146,3,143,2,121,3
reliable,marked_gaussian_evidence_guarded_scalar_known_censor,195,1,144,10,154,139,15,True,141,9,132,9,2,-12
reliable,marked_gaussian_evidence_guarded_scalar_known_censor,195,2,143,2,145,24,121,True,141,11,130,9,115,-13
reliable,marked_gaussian_evidence_guarded_scalar_known_censor,196,1,132,9,141,136,5,True,141,3,138,3,5,6
reliable,marked_gaussian_evidence_guarded_scalar_known_censor,196,2,130,3,133,19,114,True,141,116,25,3,9,-105
reliable,marked_gaussian_evidence_guarded_scalar_known_censor,197,1,138,11,149,139,10,True,139,7,132,7,0,-6
reliable,marked_gaussian_evidence_guarded_scalar_known_censor,197,2,25,3,28,18,10,True,139,10,129,7,118,104
reliable,marked_gaussian_evidence_guarded_scalar_known_censor,198,1,132,8,140,139,1,True,140,3,137,3,1,5
reliable,marked_gaussian_evidence_guarded_scalar_known_censor,198,2,129,3,132,15,117,True,140,6,134,3,122,5
reliable,marked_gaussian_evidence_guarded_scalar_known_censor,199,1,137,11,148,145,3,True,146,5,141,5,1,4
reliable,marked_gaussian_evidence_guarded_scalar_known_censor,199,2,134,3,137,20,117,True,146,8,138,5,123,4
reliable,marked_gaussian_evidence_guarded_scalar_known_censor,200,1,141,11,152,149,3,True,149,4,145,4,0,4
reliable,marked_gaussian_evidence_guarded_scalar_known_censor,200,2,138,3,141,20,121,True,149,121,28,4,12,-110
reliable,marked_gaussian_evidence_guarded_scalar_known_censor,201,1,145,12,157,153,4,True,154,4,150,4,1,5
reliable,marked_gaussian_evidence_guarded_scalar_known_censor,201,2,28,2,30,21,9,True,154,9,145,4,128,117
reliable,marked_gaussian_evidence_guarded_scalar_known_censor,202,1,150,12,162,158,4,True,158,5,153,5,0,3
reliable,marked_gaussian_evidence_guarded_scalar_known_censor,202,2,145,2,147,22,125,True,158,11,147,5,130,2
reliable,marked_gaussian_evidence_guarded_scalar_known_censor,203,1,153,11,164,151,13,True,152,8,144,8,1,-9
reliable,marked_gaussian_evidence_guarded_scalar_known_censor,203,2,147,4,151,23,128,True,152,12,140,8,125,-7
reliable,marked_gaussian_evidence_guarded_scalar_known_censor,204,1,144,10,154,152,2,True,154,3,151,3,2,7
reliable,marked_gaussian_evidence_guarded_scalar_known_censor,204,2,140,3,143,22,121,True,154,123,31,3,12,-109
reliable,marked_gaussian_evidence_guarded_scalar_known_censor,205,1,151,10,161,154,7,True,156,8,148,8,2,-3
reliable,marked_gaussian_evidence_guarded_scalar_known_censor,205,2,31,3,34,26,8,True,156,12,144,8,126,113
reliable,marked_gaussian_evidence_guarded_scalar_known_censor,206,1,148,10,158,156,2,True,158,4,154,4,2,6
reliable,marked_gaussian_evidence_guarded_scalar_known_censor,206,2,144,4,148,19,129,True,158,11,147,4,132,3
reliable,marked_gaussian_evidence_guarded_scalar_known_censor,207,1,154,10,164,155,9,True,159,9,150,9,4,-4
reliable,marked_gaussian_evidence_guarded_scalar_known_censor,207,2,147,4,151,28,123,True,159,14,145,9,126,-2
reliable,marked_gaussian_evidence_guarded_scalar_known_censor,208,1,150,10,160,157,3,True,160,3,157,3,3,7
reliable,marked_gaussian_evidence_guarded_scalar_known_censor,208,2,145,3,148,19,129,True,160,123,37,3,21,-108
reliable,marked_gaussian_evidence_guarded_scalar_known_censor,209,1,157,10,167,160,7,True,160,9,151,9,0,-6
reliable,marked_gaussian_evidence_guarded_scalar_known_censor,209,2,37,3,40,29,11,True,160,15,145,9,125,108
reliable,marked_gaussian_evidence_guarded_scalar_known_censor,210,1,151,10,161,158,3,True,162,4,158,4,4,7
reliable,marked_gaussian_evidence_guarded_scalar_known_censor,210,2,145,5,150,25,125,True,162,12,150,4,129,5
reliable,marked_gaussian_evidence_guarded_scalar_known_censor,211,1,158,10,168,158,10,True,161,10,151,10,3,-7
reliable,marked_gaussian_evidence_guarded_scalar_known_censor,211,2,150,4,154,29,125,True,161,15,146,10,127,-4
reliable,marked_gaussian_evidence_guarded_scalar_known_censor,212,1,151,10,161,158,3,True,158,3,155,3,0,4
reliable,marked_gaussian_evidence_guarded_scalar_known_censor,212,2,146,3,149,20,129,True,158,124,34,3,17,-112
reliable,marked_gaussian_evidence_guarded_scalar_known_censor,213,1,155,11,166,160,6,True,160,6,154,6,0,-1
reliable,marked_gaussian_evidence_guarded_scalar_known_censor,213,2,34,2,36,26,10,True,160,6,154,6,134,120
reliable,marked_gaussian_evidence_guarded_scalar_known_censor,214,1,154,12,166,163,3,True,163,7,156,7,0,2
reliable,marked_gaussian_evidence_guarded_scalar_known_censor,214,2,154,3,157,24,133,True,163,7,156,7,139,2
reliable,marked_gaussian_evidence_guarded_scalar_known_censor,215,1,156,11,167,159,8,True,159,11,148,11,0,-8
reliable,marked_gaussian_evidence_guarded_scalar_known_censor,215,2,156,4,160,27,133,True,159,11,148,11,132,-8
reliable,marked_gaussian_evidence_guarded_scalar_known_censor,216,1,148,10,158,150,8,True,155,6,149,6,5,1
reliable,marked_gaussian_evidence_guarded_scalar_known_censor,216,2,148,4,152,24,128,True,155,7,148,6,130,0
reliable,marked_gaussian_evidence_guarded_scalar_known_censor,217,1,149,9,158,149,9,True,154,8,146,8,5,-3
reliable,marked_gaussian_evidence_guarded_scalar_known_censor,217,2,148,4,152,25,127,True,154,133,21,8,4,-127
reliable,marked_gaussian_evidence_guarded_scalar_known_censor,218,1,146,9,155,148,7,True,149,4,145,4,1,-1
reliable,marked_gaussian_evidence_guarded_scalar_known_censor,218,2,21,3,24,17,7,True,149,4,145,4,132,124
reliable,marked_gaussian_evidence_guarded_scalar_known_censor,219,1,145,8,153,149,4,True,149,7,142,7,0,-3
reliable,marked_gaussian_evidence_guarded_scalar_known_censor,219,2,145,3,148,19,129,True,149,8,141,7,129,-4
reliable,marked_gaussian_evidence_guarded_scalar_known_censor,220,1,142,8,150,148,2,True,150,4,146,4,2,4
reliable,marked_gaussian_evidence_guarded_scalar_known_censor,220,2,141,4,145,18,127,True,150,5,145,4,131,4
reliable,marked_gaussian_evidence_guarded_scalar_known_censor,221,1,146,8,154,150,4,True,152,5,147,5,2,1
reliable,marked_gaussian_evidence_guarded_scalar_known_censor,221,2,145,3,148,21,127,True,152,132,20,5,4,-125
reliable,marked_gaussian_evidence_guarded_scalar_known_censor,222,1,147,8,155,151,4,True,151,6,145,6,0,-2
reliable,marked_gaussian_evidence_guarded_scalar_known_censor,222,2,20,3,23,18,5,True,151,7,144,6,132,124
reliable,marked_gaussian_evidence_guarded_scalar_known_censor,223,1,145,8,153,150,3,True,151,4,147,4,1,2
reliable,marked_gaussian_evidence_guarded_scalar_known_censor,223,2,144,2,146,17,129,True,151,7,144,4,131,0
reliable,marked_gaussian_evidence_guarded_scalar_known_censor,224,1,147,9,156,152,4,True,152,5,147,5,0,0
reliable,marked_gaussian_evidence_guarded_scalar_known_censor,224,2,144,2,146,17,129,True,152,133,19,5,7,-125
reliable,marked_gaussian_evidence_guarded_scalar_known_censor,225,1,147,9,156,152,4,True,153,4,149,4,1,2
reliable,marked_gaussian_evidence_guarded_scalar_known_censor,225,2,19,2,21,18,3,True,153,7,146,4,132,127
reliable,marked_gaussian_evidence_guarded_scalar_known_censor,226,1,149,9,158,154,4,True,154,5,149,5,0,0
reliable,marked_gaussian_evidence_guarded_scalar_known_censor,226,2,146,2,148,17,131,True,154,7,147,5,135,1
reliable,marked_gaussian_evidence_guarded_scalar_known_censor,227,1,149,9,158,155,3,True,156,4,152,4,1,3
reliable,marked_gaussian_evidence_guarded_scalar_known_censor,227,2,147,2,149,18,131,True,156,6,150,4,136,3
reliable,marked_gaussian_evidence_guarded_scalar_known_censor,228,1,152,9,161,157,4,True,157,5,152,5,0,0
reliable,marked_gaussian_evidence_guarded_scalar_known_censor,228,2,150,2,152,18,134,True,157,135,22,5,9,-128
reliable,marked_gaussian_evidence_guarded_scalar_known_censor,229,1,152,9,161,158,3,True,159,4,155,4,1,3
reliable,marked_gaussian_evidence_guarded_scalar_known_censor,229,2,22,2,24,19,5,True,159,5,154,4,139,132
reliable,marked_gaussian_evidence_guarded_scalar_known_censor,230,1,155,9,164,161,3,True,161,5,156,5,0,1
reliable,marked_gaussian_evidence_guarded_scalar_known_censor,230,2,154,2,156,19,137,True,161,9,152,5,138,-2
reliable,marked_gaussian_evidence_guarded_scalar_known_censor,231,1,156,9,165,161,4,True,162,4,158,4,1,2
reliable,marked_gaussian_evidence_guarded_scalar_known_censor,231,2,152,2,154,18,136,True,162,134,28,4,14,-124
reliable,marked_gaussian_evidence_guarded_scalar_known_censor,232,1,158,9,167,162,5,True,162,5,157,5,0,-1
reliable,marked_gaussian_evidence_guarded_scalar_known_censor,232,2,28,2,30,17,13,True,162,8,154,5,142,126
reliable,marked_gaussian_evidence_guarded_scalar_known_censor,233,1,157,9,166,163,3,True,165,3,162,3,2,5
reliable,marked_gaussian_evidence_guarded_scalar_known_censor,233,2,154,2,156,17,139,True,165,6,159,3,145,5
reliable,marked_gaussian_evidence_guarded_scalar_known_censor,234,1,162,9,171,166,5,True,166,5,161,5,0,-1
reliable,marked_gaussian_evidence_guarded_scalar_known_censor,234,2,159,2,161,20,141,True,166,136,30,5,15,-129
reliable,marked_gaussian_evidence_guarded_scalar_known_censor,235,1,161,9,170,166,4,True,168,3,165,3,2,4
reliable,marked_gaussian_evidence_guarded_scalar_known_censor,235,2,30,2,32,20,12,True,168,6,162,3,145,132
reliable,marked_gaussian_evidence_guarded_scalar_known_censor,236,1,165,9,174,171,3,True,171,3,168,3,0,3
reliable,marked_gaussian_evidence_guarded_scalar_known_censor,236,2,162,1,163,21,142,True,171,7,164,3,146,2
reliable,marked_gaussian_evidence_guarded_scalar_known_censor,237,1,168,8,176,169,7,True,171,3,168,3,2,0
reliable,marked_gaussian_evidence_guarded_scalar_known_censor,237,2,164,2,166,30,136,True,171,135,36,3,9,-128
reliable,marked_gaussian_evidence_guarded_scalar_known_censor,238,1,168,8,176,173,3,True,173,5,168,5,0,0
reliable,marked_gaussian_evidence_guarded_scalar_known_censor,238,2,36,3,39,28,11,True,173,10,163,5,140,127
reliable,marked_gaussian_evidence_guarded_scalar_known_censor,239,1,168,8,176,163,13,True,171,6,165,5,7,-3
reliable,marked_gaussian_evidence_guarded_scalar_known_censor,239,2,163,2,165,31,134,True,171,8,163,5,137,0
reliable,marked_gaussian_evidence_guarded_scalar_known_censor,240,1,165,7,172,159,13,True,159,4,155,4,0,-10
reliable,marked_gaussian_evidence_guarded_scalar_known_censor,240,2,163,3,166,16,150,True,159,7,152,4,140,-11
reliable,marked_lineage_known_censor,1,1,0,0,0,0,0,True,0,0,0,0,0,0
reliable,marked_lineage_known_censor,1,2,0,0,0,0,0,True,0,0,0,0,0,0
reliable,marked_lineage_known_censor,2,1,0,9,9,9,0,True,9,0,9,0,0,9
reliable,marked_lineage_known_censor,2,2,0,1,1,1,0,True,9,0,9,0,8,9
reliable,marked_lineage_known_censor,3,1,9,10,19,19,0,True,19,0,19,0,0,10
reliable,marked_lineage_known_censor,3,2,9,0,9,7,2,True,19,0,19,0,12,10
reliable,marked_lineage_known_censor,4,1,19,9,28,26,2,True,26,0,26,0,0,7
reliable,marked_lineage_known_censor,4,2,19,0,19,15,4,True,26,0,26,0,11,7
reliable,marked_lineage_known_censor,5,1,26,9,35,32,3,True,32,1,31,1,0,5
reliable,marked_lineage_known_censor,5,2,26,0,26,21,5,True,32,1,31,1,11,5
reliable,marked_lineage_known_censor,6,1,31,9,40,38,2,True,38,1,37,1,0,6
reliable,marked_lineage_known_censor,6,2,31,0,31,25,6,True,38,1,37,1,13,6
reliable,marked_lineage_known_censor,7,1,37,9,46,44,2,True,44,0,44,0,0,7
reliable,marked_lineage_known_censor,7,2,37,0,37,25,12,True,44,0,44,0,19,7
reliable,marked_lineage_known_censor,8,1,44,10,54,51,3,True,51,1,50,1,0,6
reliable,marked_lineage_known_censor,8,2,44,0,44,25,19,True,51,1,50,1,26,6
reliable,marked_lineage_known_censor,9,1,50,9,59,57,2,True,57,1,56,1,0,6
reliable,marked_lineage_known_censor,9,2,50,1,51,28,23,True,57,1,56,1,29,6
reliable,marked_lineage_known_censor,10,1,56,10,66,63,3,True,63,1,62,1,0,6
reliable,marked_lineage_known_censor,10,2,56,1,57,28,29,True,63,3,60,1,33,4
reliable,marked_lineage_known_censor,11,1,62,10,72,65,7,True,65,6,59,6,0,-3
reliable,marked_lineage_known_censor,11,2,60,1,61,30,31,True,65,8,57,6,33,-3
reliable,marked_lineage_known_censor,12,1,59,10,69,61,8,True,62,6,56,6,1,-3
reliable,marked_lineage_known_censor,12,2,57,2,59,25,34,True,62,9,53,6,34,-4
reliable,marked_lineage_known_censor,13,1,56,10,66,61,5,True,61,3,58,3,0,2
reliable,marked_lineage_known_censor,13,2,53,0,53,19,34,True,61,6,55,3,39,2
reliable,marked_lineage_known_censor,14,1,58,10,68,56,12,True,56,3,53,3,0,-5
reliable,marked_lineage_known_censor,14,2,55,0,55,18,37,True,56,4,52,3,37,-3
reliable,marked_lineage_known_censor,15,1,53,9,62,51,11,True,51,2,49,2,0,-4
reliable,marked_lineage_known_censor,15,2,52,0,52,13,39,True,51,2,49,2,38,-3
reliable,marked_lineage_known_censor,16,1,49,9,58,52,6,True,52,3,49,3,0,0
reliable,marked_lineage_known_censor,16,2,49,0,49,12,37,True,52,3,49,3,40,0
reliable,marked_lineage_known_censor,17,1,49,11,60,59,1,True,59,1,58,1,0,9
reliable,marked_lineage_known_censor,17,2,49,0,49,10,39,True,59,2,57,1,48,8
reliable,marked_lineage_known_censor,18,1,58,10,68,65,3,True,65,0,65,0,0,7
reliable,marked_lineage_known_censor,18,2,57,0,57,13,44,True,65,1,64,0,51,7
reliable,marked_lineage_known_censor,19,1,65,10,75,70,5,True,70,1,69,1,0,4
reliable,marked_lineage_known_censor,19,2,64,0,64,15,49,True,70,2,68,1,54,4
reliable,marked_lineage_known_censor,20,1,69,10,79,75,4,True,75,1,74,1,0,5
reliable,marked_lineage_known_censor,20,2,68,0,68,16,52,True,75,5,70,1,55,2
reliable,marked_lineage_known_censor,21,1,74,10,84,79,5,True,79,5,74,5,0,0
reliable,marked_lineage_known_censor,21,2,70,0,70,15,55,True,79,12,67,5,57,-3
reliable,marked_lineage_known_censor,22,1,74,10,84,83,1,True,83,0,83,0,0,9
reliable,marked_lineage_known_censor,22,2,67,0,67,10,57,True,83,4,79,0,69,12
reliable,marked_lineage_known_censor,23,1,83,10,93,83,10,True,83,0,83,0,0,0
reliable,marked_lineage_known_censor,23,2,79,0,79,13,66,True,83,8,75,0,62,-4
reliable,marked_lineage_known_censor,24,1,83,10,93,78,15,True,78,0,78,0,0,-5
reliable,marked_lineage_known_censor,24,2,75,0,75,13,62,True,78,6,72,0,59,-3
reliable,marked_lineage_known_censor,25,1,78,9,87,79,8,True,79,1,78,1,0,0
reliable,marked_lineage_known_censor,25,2,72,0,72,15,57,True,79,10,69,1,55,-3
reliable,marked_lineage_known_censor,26,1,78,8,86,79,7,True,79,5,74,5,0,-4
reliable,marked_lineage_known_censor,26,2,69,0,69,14,55,True,79,13,66,5,57,-3
reliable,marked_lineage_known_censor,27,1,74,9,83,81,2,True,81,1,80,1,0,6
reliable,marked_lineage_known_censor,27,2,66,0,66,8,58,True,81,8,73,1,66,7
reliable,marked_lineage_known_censor,28,1,80,7,87,82,5,True,82,0,82,0,0,2
reliable,marked_lineage_known_censor,28,2,73,0,73,11,62,True,82,7,75,0,64,2
reliable,marked_lineage_known_censor,29,1,82,8,90,83,7,True,83,0,83,0,0,1
reliable,marked_lineage_known_censor,29,2,75,0,75,11,64,True,83,7,76,0,65,1
reliable,marked_lineage_known_censor,30,1,83,8,91,86,5,True,86,2,84,2,0,1
reliable,marked_lineage_known_censor,30,2,76,0,76,11,65,True,86,10,76,2,67,0
reliable,marked_lineage_known_censor,31,1,84,10,94,90,4,True,90,1,89,1,0,5
reliable,marked_lineage_known_censor,31,2,76,0,76,10,66,True,90,7,83,1,74,7
reliable,marked_lineage_known_censor,32,1,89,9,98,94,4,True,94,0,94,0,0,5
reliable,marked_lineage_known_censor,32,2,83,0,83,12,71,True,94,7,87,0,75,4
reliable,marked_lineage_known_censor,33,1,94,10,104,98,6,True,98,0,98,0,0,4
reliable,marked_lineage_known_censor,33,2,87,0,87,16,71,True,98,6,92,0,76,5
reliable,marked_lineage_known_censor,34,1,98,9,107,102,5,True,102,2,100,2,0,2
reliable,marked_lineage_known_censor,34,2,92,0,92,18,74,True,102,9,93,2,77,1
reliable,marked_lineage_known_censor,35,1,100,10,110,105,5,True,105,0,105,0,0,5
reliable,marked_lineage_known_censor,35,2,93,0,93,18,75,True,105,6,99,0,81,6
reliable,marked_lineage_known_censor,36,1,105,9,114,105,9,True,105,3,102,3,0,-3
reliable,marked_lineage_known_censor,36,2,99,0,99,21,78,True,105,9,96,3,78,-3
reliable,marked_lineage_known_censor,37,1,102,9,111,107,4,True,107,1,106,1,0,4
reliable,marked_lineage_known_censor,37,2,96,0,96,17,79,True,107,8,99,1,83,3
reliable,marked_lineage_known_censor,38,1,106,10,116,107,9,True,108,6,102,5,0,-4
reliable,marked_lineage_known_censor,38,2,99,0,99,19,80,True,108,14,94,5,80,-5
reliable,marked_lineage_known_censor,39,1,102,10,112,109,3,True,109,2,107,2,0,5
reliable,marked_lineage_known_censor,39,2,94,0,94,14,80,True,109,11,98,2,86,4
reliable,marked_lineage_known_censor,40,1,107,10,117,112,5,True,112,0,112,0,0,5
reliable,marked_lineage_known_censor,40,2,98,0,98,14,84,True,112,8,104,0,90,6
reliable,marked_lineage_known_censor,41,1,112,10,122,114,8,True,114,3,111,3,0,-1
reliable,marked_lineage_known_censor,41,2,104,0,104,16,88,True,114,11,103,3,90,-1
reliable,marked_lineage_known_censor,42,1,111,10,121,116,5,True,116,4,112,4,0,1
reliable,marked_lineage_known_censor,42,2,103,0,103,12,91,True,116,12,104,4,96,1
reliable,marked_lineage_known_censor,43,1,112,10,122,119,3,True,119,0,119,0,0,7
reliable,marked_lineage_known_censor,43,2,104,0,104,10,94,True,119,8,111,0,101,7
reliable,marked_lineage_known_censor,44,1,119,10,129,122,7,True,122,1,121,1,0,2
reliable,marked_lineage_known_censor,44,2,111,1,112,16,96,True,122,9,113,1,98,2
reliable,marked_lineage_known_censor,45,1,121,11,132,125,7,True,125,1,124,1,0,3
reliable,marked_lineage_known_censor,45,2,113,0,113,15,98,True,125,9,116,1,102,3
reliable,marked_lineage_known_censor,46,1,124,10,134,128,6,True,128,2,126,2,0,2
reliable,marked_lineage_known_censor,46,2,116,0,116,15,101,True,128,11,117,2,104,1
reliable,marked_lineage_known_censor,47,1,126,10,136,131,5,True,131,1,130,1,0,4
reliable,marked_lineage_known_censor,47,2,117,0,117,15,102,True,131,9,122,1,108,5
reliable,marked_lineage_known_censor,48,1,130,10,140,134,6,True,134,0,134,0,0,4
reliable,marked_lineage_known_censor,48,2,122,0,122,16,106,True,134,17,117,0,101,-5
reliable,marked_lineage_known_censor,49,1,134,10,144,137,7,True,137,1,136,1,0,2
reliable,marked_lineage_known_censor,49,2,117,0,117,13,104,True,137,83,54,1,42,-63
reliable,marked_lineage_known_censor,50,1,136,10,146,140,6,True,140,2,138,2,0,2
reliable,marked_lineage_known_censor,50,2,54,0,54,13,41,True,140,14,126,2,115,72
reliable,marked_lineage_known_censor,51,1,138,10,148,143,5,True,144,0,144,0,1,6
reliable,marked_lineage_known_censor,51,2,126,1,127,13,114,True,144,10,134,0,121,8
reliable,marked_lineage_known_censor,52,1,144,10,154,146,8,True,146,0,146,0,0,2
reliable,marked_lineage_known_censor,52,2,134,0,134,14,120,True,146,15,131,0,117,-3
reliable,marked_lineage_known_censor,53,1,146,10,156,134,22,True,134,1,133,1,0,-13
reliable,marked_lineage_known_censor,53,2,131,0,131,14,117,True,134,20,114,1,101,-17
reliable,marked_lineage_known_censor,54,1,133,10,143,137,6,True,137,2,135,2,0,2
reliable,marked_lineage_known_censor,54,2,114,0,114,13,101,True,137,86,51,2,40,-63
reliable,marked_lineage_known_censor,55,1,135,11,146,138,8,True,138,2,136,2,0,1
reliable,marked_lineage_known_censor,55,2,51,0,51,15,36,True,138,16,122,2,109,71
reliable,marked_lineage_known_censor,56,1,136,11,147,140,7,True,140,0,140,0,0,4
reliable,marked_lineage_known_censor,56,2,122,0,122,14,108,True,140,11,129,0,115,7
reliable,marked_lineage_known_censor,57,1,140,10,150,141,9,True,141,3,138,3,0,-2
reliable,marked_lineage_known_censor,57,2,129,0,129,16,113,True,141,27,114,3,101,-15
reliable,marked_lineage_known_censor,58,1,138,10,148,143,5,True,143,0,143,0,0,5
reliable,marked_lineage_known_censor,58,2,114,0,114,13,101,True,143,83,60,0,47,-54
reliable,marked_lineage_known_censor,59,1,143,10,153,145,8,True,146,1,145,1,1,2
reliable,marked_lineage_known_censor,59,2,60,1,61,15,46,True,146,15,131,1,117,71
reliable,marked_lineage_known_censor,60,1,145,10,155,147,8,True,149,0,149,0,2,4
reliable,marked_lineage_known_censor,60,2,131,1,132,17,115,True,149,12,137,0,120,6
reliable,marked_lineage_known_censor,61,1,149,10,159,144,15,True,147,2,145,2,3,-4
reliable,marked_lineage_known_censor,61,2,137,3,140,20,120,True,147,26,121,2,103,-16
reliable,marked_lineage_known_censor,62,1,145,9,154,144,10,True,148,2,146,2,4,1
reliable,marked_lineage_known_censor,62,2,121,3,124,20,104,True,148,86,62,2,44,-59
reliable,marked_lineage_known_censor,63,1,146,9,155,146,9,True,150,0,150,0,4,4
reliable,marked_lineage_known_censor,63,2,62,1,63,21,42,True,150,15,135,0,114,73
reliable,marked_lineage_known_censor,64,1,150,9,159,148,11,True,153,5,148,5,5,-2
reliable,marked_lineage_known_censor,64,2,135,3,138,25,113,True,153,18,135,5,115,0
reliable,marked_lineage_known_censor,65,1,148,9,157,149,8,True,155,1,154,1,6,6
reliable,marked_lineage_known_censor,65,2,135,3,138,22,116,True,155,26,129,1,108,-6
reliable,marked_lineage_known_censor,66,1,154,11,165,154,11,True,160,1,159,1,6,5
reliable,marked_lineage_known_censor,66,2,129,2,131,25,106,True,160,86,74,1,50,-55
reliable,marked_lineage_known_censor,67,1,159,9,168,155,13,True,161,4,157,4,6,-2
reliable,marked_lineage_known_censor,67,2,74,1,75,24,51,True,161,21,140,4,120,66
reliable,marked_lineage_known_censor,68,1,157,10,167,157,10,True,164,0,164,0,7,7
reliable,marked_lineage_known_censor,68,2,140,1,141,21,120,True,164,16,148,0,127,8
reliable,marked_lineage_known_censor,69,1,164,11,175,162,13,True,169,0,169,0,7,5
reliable,marked_lineage_known_censor,69,2,148,1,149,28,121,True,169,28,141,0,113,-7
reliable,marked_lineage_known_censor,70,1,169,10,179,164,15,True,172,0,172,0,8,3
reliable,marked_lineage_known_censor,70,2,141,1,142,31,111,True,172,88,84,0,53,-57
reliable,marked_lineage_known_censor,71,1,172,11,183,166,17,True,177,2,175,2,11,3
reliable,marked_lineage_known_censor,71,2,84,1,85,33,52,True,177,21,156,2,125,72
reliable,marked_lineage_known_censor,72,1,175,10,185,168,17,True,180,2,178,2,12,3
reliable,marked_lineage_known_censor,72,2,156,2,158,35,123,True,180,19,161,2,128,5
reliable,marked_lineage_known_censor,73,1,178,10,188,168,20,True,181,1,180,1,13,2
reliable,marked_lineage_known_censor,73,2,161,1,162,38,124,True,181,29,152,1,115,-9
reliable,marked_lineage_known_censor,74,1,180,12,192,168,24,True,183,0,183,0,15,3
reliable,marked_lineage_known_censor,74,2,152,1,153,40,113,True,183,87,96,0,56,-56
reliable,marked_lineage_known_censor,75,1,183,12,195,170,25,True,186,5,181,5,16,-2
reliable,marked_lineage_known_censor,75,2,96,2,98,45,53,True,186,23,163,5,123,67
reliable,marked_lineage_known_censor,76,1,181,12,193,171,22,True,188,2,186,2,17,5
reliable,marked_lineage_known_censor,76,2,163,2,165,43,122,True,188,19,169,2,128,6
reliable,marked_lineage_known_censor,77,1,186,13,199,174,25,True,174,4,170,4,0,-16
reliable,marked_lineage_known_censor,77,2,169,2,171,29,142,True,174,32,142,4,117,-27
reliable,marked_lineage_known_censor,78,1,170,11,181,171,10,True,172,4,168,4,1,-2
reliable,marked_lineage_known_censor,78,2,142,1,143,27,116,True,172,103,69,4,46,-73
reliable,marked_lineage_known_censor,79,1,168,11,179,169,10,True,169,4,165,4,0,-3
reliable,marked_lineage_known_censor,79,2,69,2,71,26,45,True,169,20,149,4,127,80
reliable,marked_lineage_known_censor,80,1,165,11,176,170,6,True,170,1,169,1,0,4
reliable,marked_lineage_known_censor,80,2,149,0,149,19,130,True,170,29,141,1,123,-8
reliable,marked_lineage_known_censor,81,1,169,11,180,169,11,True,169,1,168,1,0,-1
reliable,marked_lineage_known_censor,81,2,141,0,141,19,122,True,169,102,67,1,49,-74
reliable,marked_lineage_known_censor,82,1,168,10,178,170,8,True,170,2,168,2,0,0
reliable,marked_lineage_known_censor,82,2,67,1,68,17,51,True,170,19,151,2,136,84
reliable,marked_lineage_known_censor,83,1,168,10,178,169,9,True,169,0,169,0,0,1
reliable,marked_lineage_known_censor,83,2,151,0,151,17,134,True,169,27,142,0,125,-9
reliable,marked_lineage_known_censor,84,1,169,12,181,172,9,True,172,1,171,1,0,2
reliable,marked_lineage_known_censor,84,2,142,1,143,19,124,True,172,99,73,1,55,-69
reliable,marked_lineage_known_censor,85,1,171,10,181,173,8,True,173,6,167,6,0,-4
reliable,marked_lineage_known_censor,85,2,73,0,73,19,54,True,173,23,150,6,137,77
reliable,marked_lineage_known_censor,86,1,167,10,177,175,2,True,175,1,174,1,0,7
reliable,marked_lineage_known_censor,86,2,150,0,150,12,138,True,175,30,145,1,134,-5
reliable,marked_lineage_known_censor,87,1,174,10,184,174,10,True,174,0,174,0,0,0
reliable,marked_lineage_known_censor,87,2,145,0,145,16,129,True,174,98,76,0,60,-69
reliable,marked_lineage_known_censor,88,1,174,10,184,175,9,True,175,0,175,0,0,1
reliable,marked_lineage_known_censor,88,2,76,0,76,17,59,True,175,17,158,0,141,82
reliable,marked_lineage_known_censor,89,1,175,10,185,37,148,True,37,4,33,4,0,-142
reliable,marked_lineage_known_censor,89,2,158,1,159,18,141,True,37,4,33,4,19,-125
reliable,marked_lineage_known_censor,90,1,33,9,42,37,5,True,37,2,35,2,0,2
reliable,marked_lineage_known_censor,90,2,33,0,33,14,19,True,37,2,35,2,23,2
reliable,marked_lineage_known_censor,91,1,35,9,44,38,6,True,38,1,37,1,0,2
reliable,marked_lineage_known_censor,91,2,35,1,36,15,21,True,38,1,37,1,23,2
reliable,marked_lineage_known_censor,92,1,37,9,46,40,6,True,40,1,39,1,0,2
reliable,marked_lineage_known_censor,92,2,37,1,38,17,21,True,40,3,37,1,21,0
reliable,marked_lineage_known_censor,93,1,39,10,49,43,6,True,43,4,39,4,0,0
reliable,marked_lineage_known_censor,93,2,37,1,38,17,21,True,43,4,39,4,26,2
reliable,marked_lineage_known_censor,94,1,39,10,49,39,10,True,39,1,38,1,0,-1
reliable,marked_lineage_known_censor,94,2,39,1,40,14,26,True,39,1,38,1,25,-1
reliable,marked_lineage_known_censor,95,1,38,10,48,41,7,True,41,5,36,5,0,-2
reliable,marked_lineage_known_censor,95,2,38,2,40,17,23,True,41,7,34,5,22,-4
reliable,marked_lineage_known_censor,96,1,36,11,47,44,3,True,44,1,43,1,0,7
reliable,marked_lineage_known_censor,96,2,34,1,35,14,21,True,44,1,43,1,30,9
reliable,marked_lineage_known_censor,97,1,43,11,54,41,13,True,41,3,38,3,0,-5
reliable,marked_lineage_known_censor,97,2,43,2,45,18,27,True,41,3,38,3,23,-5
reliable,marked_lineage_known_censor,98,1,38,10,48,44,4,True,44,2,42,2,0,4
reliable,marked_lineage_known_censor,98,2,38,1,39,15,24,True,44,5,39,2,26,1
reliable,marked_lineage_known_censor,99,1,42,10,52,47,5,True,47,3,44,3,0,2
reliable,marked_lineage_known_censor,99,2,39,1,40,17,23,True,47,3,44,3,30,5
reliable,marked_lineage_known_censor,100,1,44,11,55,51,4,True,51,1,50,1,0,6
reliable,marked_lineage_known_censor,100,2,44,1,45,14,31,True,51,1,50,1,37,6
reliable,marked_lineage_known_censor,101,1,50,11,61,55,6,True,55,3,52,3,0,2
reliable,marked_lineage_known_censor,101,2,50,1,51,16,35,True,55,4,51,3,38,1
reliable,marked_lineage_known_censor,102,1,52,11,63,46,17,True,46,2,44,2,0,-8
reliable,marked_lineage_known_censor,102,2,51,1,52,14,38,True,46,3,43,2,31,-8
reliable,marked_lineage_known_censor,103,1,44,9,53,47,6,True,47,3,44,3,0,0
reliable,marked_lineage_known_censor,103,2,43,1,44,14,30,True,47,8,39,3,28,-4
reliable,marked_lineage_known_censor,104,1,44,11,55,52,3,True,52,0,52,0,0,8
reliable,marked_lineage_known_censor,104,2,39,0,39,11,28,True,52,2,50,0,39,11
reliable,marked_lineage_known_censor,105,1,52,11,63,50,13,True,50,3,47,3,0,-5
reliable,marked_lineage_known_censor,105,2,50,0,50,13,37,True,50,5,45,3,35,-5
reliable,marked_lineage_known_censor,106,1,47,9,56,50,6,True,50,2,48,2,0,1
reliable,marked_lineage_known_censor,106,2,45,0,45,14,31,True,50,5,45,2,33,0
reliable,marked_lineage_known_censor,107,1,48,9,57,45,12,True,45,1,44,1,0,-4
reliable,marked_lineage_known_censor,107,2,45,0,45,13,32,True,45,4,41,1,29,-4
reliable,marked_lineage_known_censor,108,1,44,9,53,46,7,True,46,0,46,0,0,2
reliable,marked_lineage_known_censor,108,2,41,0,41,12,29,True,46,4,42,0,30,1
reliable,marked_lineage_known_censor,109,1,46,9,55,24,31,True,24,2,22,2,0,-24
reliable,marked_lineage_known_censor,109,2,42,0,42,13,29,True,24,2,22,2,11,-20
reliable,marked_lineage_known_censor,110,1,22,9,31,28,3,True,28,0,28,0,0,6
reliable,marked_lineage_known_censor,110,2,22,0,22,11,11,True,28,1,27,0,16,5
reliable,marked_lineage_known_censor,111,1,28,9,37,32,5,True,32,4,28,4,0,0
reliable,marked_lineage_known_censor,111,2,27,2,29,15,14,True,32,4,28,4,17,1
reliable,marked_lineage_known_censor,112,1,28,10,38,35,3,True,35,2,33,2,0,5
reliable,marked_lineage_known_censor,112,2,28,1,29,12,17,True,35,2,33,2,23,5
reliable,marked_lineage_known_censor,113,1,33,10,43,39,4,True,39,3,36,3,0,3
reliable,marked_lineage_known_censor,113,2,33,2,35,16,19,True,39,4,35,3,22,2
reliable,marked_lineage_known_censor,114,1,36,9,45,39,6,True,44,1,43,0,4,7
reliable,marked_lineage_known_censor,114,2,35,3,38,18,20,True,44,3,41,0,23,6
reliable,marked_lineage_known_censor,115,1,43,8,51,42,9,True,49,2,47,2,7,4
reliable,marked_lineage_known_censor,115,2,41,3,44,23,21,True,49,4,45,2,24,4
reliable,marked_lineage_known_censor,116,1,47,8,55,44,11,True,53,1,52,1,9,5
reliable,marked_lineage_known_censor,116,2,45,3,48,24,24,True,53,5,48,1,25,3
reliable,marked_lineage_known_censor,117,1,52,8,60,47,13,True,52,4,48,4,5,-4
reliable,marked_lineage_known_censor,117,2,48,2,50,22,28,True,52,7,45,4,27,-3
reliable,marked_lineage_known_censor,118,1,48,9,57,22,35,True,24,2,22,2,2,-26
reliable,marked_lineage_known_censor,118,2,45,1,46,19,27,True,24,2,22,2,5,-23
reliable,marked_lineage_known_censor,119,1,22,8,30,21,9,True,24,3,21,3,3,-1
reliable,marked_lineage_known_censor,119,2,22,2,24,22,2,True,24,3,21,3,2,-1
reliable,marked_lineage_known_censor,120,1,21,8,29,20,9,True,25,2,23,2,5,2
reliable,marked_lineage_known_censor,120,2,21,2,23,22,1,True,25,3,22,2,2,1
reliable,marked_lineage_known_censor,121,1,23,9,32,27,5,True,28,3,25,3,1,2
reliable,marked_lineage_known_censor,121,2,22,4,26,24,2,True,28,3,25,3,4,3
reliable,marked_lineage_known_censor,122,1,25,10,35,30,5,True,31,2,29,2,1,4
reliable,marked_lineage_known_censor,122,2,25,3,28,20,8,True,31,4,27,2,9,2
reliable,marked_lineage_known_censor,123,1,29,10,39,31,8,True,33,2,31,2,2,2
reliable,marked_lineage_known_censor,123,2,27,3,30,24,6,True,33,2,31,2,9,4
reliable,marked_lineage_known_censor,124,1,31,10,41,29,12,True,29,1,28,1,0,-3
reliable,marked_lineage_known_censor,124,2,31,4,35,17,18,True,29,1,28,1,12,-3
reliable,marked_lineage_known_censor,125,1,28,9,37,20,17,True,20,4,16,4,0,-12
reliable,marked_lineage_known_censor,125,2,28,2,30,16,14,True,20,4,16,4,4,-12
reliable,marked_lineage_known_censor,126,1,16,9,25,21,4,True,21,0,21,0,0,5
reliable,marked_lineage_known_censor,126,2,16,2,18,12,6,True,21,1,20,0,8,4
reliable,marked_lineage_known_censor,127,1,21,12,33,29,4,True,29,2,27,2,0,6
reliable,marked_lineage_known_censor,127,2,20,2,22,17,5,True,29,3,26,2,11,6
reliable,marked_lineage_known_censor,128,1,27,10,37,33,4,True,33,0,33,0,0,6
reliable,marked_lineage_known_censor,128,2,26,1,27,19,8,True,33,1,32,0,13,6
reliable,marked_lineage_known_censor,129,1,33,13,46,38,8,True,38,1,37,1,0,4
reliable,marked_lineage_known_censor,129,2,32,1,33,20,13,True,38,4,34,1,15,2
reliable,marked_lineage_known_censor,130,1,37,11,48,42,6,True,42,1,41,1,0,4
reliable,marked_lineage_known_censor,130,2,34,2,36,21,15,True,42,2,40,1,20,6
reliable,marked_lineage_known_censor,131,1,41,13,54,47,7,True,47,1,46,1,0,5
reliable,marked_lineage_known_censor,131,2,40,1,41,19,22,True,47,1,46,1,28,6
reliable,marked_lineage_known_censor,132,1,46,13,59,54,5,True,54,3,51,3,0,5
reliable,marked_lineage_known_censor,132,2,46,1,47,18,29,True,54,3,51,3,36,5
reliable,marked_lineage_known_censor,133,1,51,13,64,56,8,True,56,1,55,1,0,4
reliable,marked_lineage_known_censor,133,2,51,0,51,15,36,True,56,2,54,1,40,3
reliable,marked_lineage_known_censor,134,1,55,13,68,54,14,True,54,0,54,0,0,-1
reliable,marked_lineage_known_censor,134,2,54,0,54,15,39,True,54,4,50,0,35,-4
reliable,marked_lineage_known_censor,135,1,54,12,66,60,6,True,60,3,57,3,0,3
reliable,marked_lineage_known_censor,135,2,50,1,51,19,32,True,60,12,48,3,32,-2
reliable,marked_lineage_known_censor,136,1,57,12,69,64,5,True,64,0,64,0,0,7
reliable,marked_lineage_known_censor,136,2,48,1,49,18,31,True,64,4,60,0,42,12
reliable,marked_lineage_known_censor,137,1,64,13,77,64,13,True,64,2,62,2,0,-2
reliable,marked_lineage_known_censor,137,2,60,0,60,22,38,True,64,8,56,2,36,-4
reliable,marked_lineage_known_censor,138,1,62,11,73,67,6,True,68,4,64,4,1,2
reliable,marked_lineage_known_censor,138,2,56,3,59,21,38,True,68,8,60,4,43,4
reliable,marked_lineage_known_censor,139,1,64,12,76,69,7,True,70,3,67,3,1,3
reliable,marked_lineage_known_censor,139,2,60,3,63,50,13,True,70,3,67,3,20,7
reliable,marked_lineage_known_censor,140,1,67,11,78,71,7,True,73,0,73,0,2,6
reliable,marked_lineage_known_censor,140,2,67,3,70,51,19,True,73,0,73,0,22,6
reliable,marked_lineage_known_censor,141,1,73,13,86,75,11,True,76,2,74,2,1,1
reliable,marked_lineage_known_censor,141,2,73,2,75,52,23,True,76,2,74,2,24,1
reliable,marked_lineage_known_censor,142,1,74,13,87,81,6,True,81,2,79,2,0,5
reliable,marked_lineage_known_censor,142,2,74,2,76,51,25,True,81,3,78,2,29,4
reliable,marked_lineage_known_censor,143,1,79,12,91,84,7,True,84,4,80,4,0,1
reliable,marked_lineage_known_censor,143,2,78,1,79,20,59,True,84,15,69,4,53,-9
reliable,marked_lineage_known_censor,144,1,80,12,92,87,5,True,87,2,85,2,0,5
reliable,marked_lineage_known_censor,144,2,69,2,71,19,52,True,87,7,80,2,63,11
reliable,marked_lineage_known_censor,145,1,85,13,98,92,6,True,92,3,89,3,0,4
reliable,marked_lineage_known_censor,145,2,80,2,82,20,62,True,92,4,88,3,71,8
reliable,marked_lineage_known_censor,146,1,89,14,103,98,5,True,98,2,96,2,0,7
reliable,marked_lineage_known_censor,146,2,88,2,90,18,72,True,98,5,93,2,77,5
reliable,marked_lineage_known_censor,147,1,96,14,110,104,6,True,104,4,100,4,0,4
reliable,marked_lineage_known_censor,147,2,93,2,95,62,33,True,104,5,99,4,41,6
reliable,marked_lineage_known_censor,148,1,100,14,114,110,4,True,110,2,108,2,0,8
reliable,marked_lineage_known_censor,148,2,99,3,102,66,36,True,110,3,107,2,43,8
reliable,marked_lineage_known_censor,149,1,108,14,122,113,9,True,113,3,110,3,0,2
reliable,marked_lineage_known_censor,149,2,107,4,111,69,42,True,113,5,108,3,42,1
reliable,marked_lineage_known_censor,150,1,110,13,123,118,5,True,119,0,119,0,1,9
reliable,marked_lineage_known_censor,150,2,108,2,110,49,61,True,119,3,116,0,67,8
reliable,marked_lineage_known_censor,151,1,119,14,133,126,7,True,126,4,122,4,0,3
reliable,marked_lineage_known_censor,151,2,116,3,119,24,95,True,126,9,117,4,97,1
reliable,marked_lineage_known_censor,152,1,122,15,137,129,8,True,129,4,125,4,0,3
reliable,marked_lineage_known_censor,152,2,117,5,122,28,94,True,129,6,123,4,99,6
reliable,marked_lineage_known_censor,153,1,125,14,139,133,6,True,133,7,126,7,0,1
reliable,marked_lineage_known_censor,153,2,123,5,128,30,98,True,133,10,123,7,100,0
reliable,marked_lineage_known_censor,154,1,126,15,141,137,4,True,137,6,131,6,0,5
reliable,marked_lineage_known_censor,154,2,123,5,128,87,41,True,137,6,131,6,50,8
reliable,marked_lineage_known_censor,155,1,131,14,145,140,5,True,140,5,135,5,0,4
reliable,marked_lineage_known_censor,155,2,131,6,137,25,112,True,140,25,115,5,95,-16
reliable,marked_lineage_known_censor,156,1,135,14,149,144,5,True,145,2,143,2,1,8
reliable,marked_lineage_known_censor,156,2,115,4,119,23,96,True,145,3,142,2,121,27
reliable,marked_lineage_known_censor,157,1,143,15,158,151,7,True,153,5,148,5,2,5
reliable,marked_lineage_known_censor,157,2,142,5,147,28,119,True,153,14,139,5,116,-3
reliable,marked_lineage_known_censor,158,1,148,14,162,124,38,True,126,5,121,5,2,-27
reliable,marked_lineage_known_censor,158,2,139,6,145,29,116,True,126,9,117,5,93,-22
reliable,marked_lineage_known_censor,159,1,121,14,135,128,7,True,131,3,128,3,3,7
reliable,marked_lineage_known_censor,159,2,117,4,121,28,93,True,131,14,117,3,92,0
reliable,marked_lineage_known_censor,160,1,128,13,141,131,10,True,131,2,129,2,0,1
reliable,marked_lineage_known_censor,160,2,117,3,120,20,100,True,131,12,119,2,101,2
reliable,marked_lineage_known_censor,161,1,129,13,142,136,6,True,136,2,134,2,0,5
reliable,marked_lineage_known_censor,161,2,119,2,121,20,101,True,136,9,127,2,109,8
reliable,marked_lineage_known_censor,162,1,134,14,148,126,22,True,126,3,123,3,0,-11
reliable,marked_lineage_known_censor,162,2,127,2,129,20,109,True,126,5,121,3,104,-6
reliable,marked_lineage_known_censor,163,1,123,12,135,127,8,True,127,3,124,3,0,1
reliable,marked_lineage_known_censor,163,2,121,2,123,19,104,True,127,16,111,3,95,-10
reliable,marked_lineage_known_censor,164,1,124,11,135,130,5,True,130,4,126,4,0,2
reliable,marked_lineage_known_censor,164,2,111,2,113,19,94,True,130,12,118,4,103,7
reliable,marked_lineage_known_censor,165,1,126,12,138,134,4,True,134,3,131,3,0,5
reliable,marked_lineage_known_censor,165,2,118,2,120,18,102,True,134,5,129,3,114,11
reliable,marked_lineage_known_censor,166,1,131,12,143,138,5,True,139,2,137,2,1,6
reliable,marked_lineage_known_censor,166,2,129,3,132,19,113,True,139,22,117,2,100,-12
reliable,marked_lineage_known_censor,167,1,137,11,148,141,7,True,143,4,139,4,2,2
reliable,marked_lineage_known_censor,167,2,117,5,122,24,98,True,143,14,129,4,109,12
reliable,marked_lineage_known_censor,168,1,139,10,149,143,6,True,145,4,141,4,2,2
reliable,marked_lineage_known_censor,168,2,129,4,133,23,110,True,145,17,128,4,109,-1
reliable,marked_lineage_known_censor,169,1,141,10,151,145,6,True,148,4,144,4,3,3
reliable,marked_lineage_known_censor,169,2,128,4,132,23,109,True,148,17,131,4,112,3
reliable,marked_lineage_known_censor,170,1,144,10,154,146,8,True,150,1,149,1,4,5
reliable,marked_lineage_known_censor,170,2,131,3,134,23,111,True,150,13,137,1,115,6
reliable,marked_lineage_known_censor,171,1,149,10,159,147,12,True,153,2,151,2,6,2
reliable,marked_lineage_known_censor,171,2,137,3,140,26,114,True,153,14,139,2,115,2
reliable,marked_lineage_known_censor,172,1,151,10,161,149,12,True,149,5,144,5,0,-7
reliable,marked_lineage_known_censor,172,2,139,3,142,22,120,True,149,6,143,5,126,4
reliable,marked_lineage_known_censor,173,1,144,11,155,153,2,True,153,5,148,5,0,4
reliable,marked_lineage_known_censor,173,2,143,4,147,27,120,True,153,6,147,5,125,4
reliable,marked_lineage_known_censor,174,1,148,11,159,132,27,True,133,7,126,7,1,-22
reliable,marked_lineage_known_censor,174,2,147,7,154,27,127,True,133,11,122,7,102,-25
reliable,marked_lineage_known_censor,175,1,126,10,136,126,10,True,127,4,123,4,1,-3
reliable,marked_lineage_known_censor,175,2,122,6,128,24,104,True,127,4,123,4,103,1
reliable,marked_lineage_known_censor,176,1,123,9,132,124,8,True,125,6,119,6,1,-4
reliable,marked_lineage_known_censor,176,2,123,4,127,24,103,True,125,6,119,6,101,-4
reliable,marked_lineage_known_censor,177,1,119,11,130,128,2,True,128,5,123,5,0,4
reliable,marked_lineage_known_censor,177,2,119,5,124,21,103,True,128,5,123,5,107,4
reliable,marked_lineage_known_censor,178,1,123,10,133,126,7,True,126,4,122,4,0,-1
reliable,marked_lineage_known_censor,178,2,123,4,127,22,105,True,126,7,119,4,101,-4
reliable,marked_lineage_known_censor,179,1,122,10,132,126,6,True,126,2,124,2,0,2
reliable,marked_lineage_known_censor,179,2,119,4,123,18,105,True,126,100,26,2,10,-93
reliable,marked_lineage_known_censor,180,1,124,10,134,126,8,True,126,2,124,2,0,0
reliable,marked_lineage_known_censor,180,2,26,2,28,20,8,True,126,4,122,2,104,96
reliable,marked_lineage_known_censor,181,1,124,11,135,129,6,True,130,3,127,3,1,3
reliable,marked_lineage_known_censor,181,2,122,4,126,23,103,True,130,4,126,3,106,4
reliable,marked_lineage_known_censor,182,1,127,10,137,131,6,True,131,4,127,4,0,0
reliable,marked_lineage_known_censor,182,2,126,4,130,23,107,True,131,7,124,4,105,-2
reliable,marked_lineage_known_censor,183,1,127,11,138,133,5,True,133,3,130,3,0,3
reliable,marked_lineage_known_censor,183,2,124,3,127,21,106,True,133,5,128,3,110,4
reliable,marked_lineage_known_censor,184,1,130,12,142,137,5,True,137,4,133,4,0,3
reliable,marked_lineage_known_censor,184,2,128,3,131,20,111,True,137,9,128,4,112,0
reliable,marked_lineage_known_censor,185,1,133,11,144,130,14,True,131,4,127,4,1,-6
reliable,marked_lineage_known_censor,185,2,128,4,132,22,110,True,131,106,25,4,7,-103
reliable,marked_lineage_known_censor,186,1,127,9,136,130,6,True,131,2,129,2,1,2
reliable,marked_lineage_known_censor,186,2,25,3,28,22,6,True,131,3,128,2,108,103
reliable,marked_lineage_known_censor,187,1,129,10,139,130,9,True,130,2,128,2,0,-1
reliable,marked_lineage_known_censor,187,2,128,4,132,128,4,True,130,2,128,2,2,0
reliable,marked_lineage_known_censor,188,1,128,9,137,131,6,True,132,4,128,4,1,0
reliable,marked_lineage_known_censor,188,2,128,5,133,129,4,True,132,4,128,4,3,0
reliable,marked_lineage_known_censor,189,1,128,9,137,130,7,True,131,8,123,8,1,-5
reliable,marked_lineage_known_censor,189,2,128,6,134,128,6,True,131,8,123,8,3,-5
reliable,marked_lineage_known_censor,190,1,123,10,133,130,3,True,130,0,130,0,0,7
reliable,marked_lineage_known_censor,190,2,123,4,127,116,11,True,130,0,130,0,14,7
reliable,marked_lineage_known_censor,191,1,130,10,140,132,8,True,135,3,132,3,3,2
reliable,marked_lineage_known_censor,191,2,130,6,136,26,110,True,135,3,132,3,109,2
reliable,marked_lineage_known_censor,192,1,132,11,143,133,10,True,134,3,131,3,1,-1
reliable,marked_lineage_known_censor,192,2,132,6,138,26,112,True,134,4,130,3,107,-2
reliable,marked_lineage_known_censor,193,1,131,9,140,132,8,True,134,8,126,8,2,-5
reliable,marked_lineage_known_censor,193,2,130,5,135,31,104,True,134,8,126,8,103,-4
reliable,marked_lineage_known_censor,194,1,126,10,136,130,6,True,133,3,130,3,3,4
reliable,marked_lineage_known_censor,194,2,126,4,130,25,105,True,133,3,130,3,108,4
reliable,marked_lineage_known_censor,195,1,130,10,140,129,11,True,132,5,127,5,3,-3
reliable,marked_lineage_known_censor,195,2,130,2,132,23,109,True,132,7,125,5,107,-5
reliable,marked_lineage_known_censor,196,1,127,9,136,127,9,True,132,1,131,1,5,4
reliable,marked_lineage_known_censor,196,2,125,3,128,21,107,True,132,3,129,1,109,4
reliable,marked_lineage_known_censor,197,1,131,11,142,127,15,True,127,5,122,5,0,-9
reliable,marked_lineage_known_censor,197,2,129,3,132,20,112,True,127,107,20,5,5,-109
reliable,marked_lineage_known_censor,198,1,122,8,130,126,4,True,127,2,125,2,1,3
reliable,marked_lineage_known_censor,198,2,20,3,23,18,5,True,127,7,120,2,104,100
reliable,marked_lineage_known_censor,199,1,125,11,136,131,5,True,132,3,129,3,1,4
reliable,marked_lineage_known_censor,199,2,120,3,123,20,103,True,132,6,126,3,109,6
reliable,marked_lineage_known_censor,200,1,129,11,140,137,3,True,137,2,135,2,0,6
reliable,marked_lineage_known_censor,200,2,126,3,129,19,110,True,137,6,131,2,114,5
reliable,marked_lineage_known_censor,201,1,135,12,147,140,7,True,140,3,137,3,0,2
reliable,marked_lineage_known_censor,201,2,131,2,133,21,112,True,140,8,132,3,114,1
reliable,marked_lineage_known_censor,202,1,137,12,149,143,6,True,143,4,139,4,0,2
reliable,marked_lineage_known_censor,202,2,132,2,134,21,113,True,143,110,33,4,16,-99
reliable,marked_lineage_known_censor,203,1,139,11,150,138,12,True,139,5,134,5,1,-5
reliable,marked_lineage_known_censor,203,2,33,4,37,22,15,True,139,11,128,5,111,95
reliable,marked_lineage_known_censor,204,1,134,10,144,139,5,True,141,3,138,3,2,4
reliable,marked_lineage_known_censor,204,2,128,3,131,23,108,True,141,9,132,3,112,4
reliable,marked_lineage_known_censor,205,1,138,10,148,142,6,True,142,3,139,3,0,1
reliable,marked_lineage_known_censor,205,2,132,3,135,25,110,True,142,8,134,3,112,2
reliable,marked_lineage_known_censor,206,1,139,10,149,143,6,True,144,4,140,4,1,1
reliable,marked_lineage_known_censor,206,2,134,4,138,26,112,True,144,10,134,4,112,0
reliable,marked_lineage_known_censor,207,1,140,10,150,144,6,True,145,7,138,7,1,-2
reliable,marked_lineage_known_censor,207,2,134,4,138,25,113,True,145,114,31,7,13,-103
reliable,marked_lineage_known_censor,208,1,138,10,148,145,3,True,146,4,142,4,1,4
reliable,marked_lineage_known_censor,208,2,31,3,34,21,13,True,146,10,136,4,119,105
reliable,marked_lineage_known_censor,209,1,142,10,152,146,6,True,146,3,143,3,0,1
reliable,marked_lineage_known_censor,209,2,136,3,139,25,114,True,146,10,136,3,114,0
reliable,marked_lineage_known_censor,210,1,143,10,153,147,6,True,148,5,143,5,1,0
reliable,marked_lineage_known_censor,210,2,136,5,141,28,113,True,148,11,137,5,114,1
reliable,marked_lineage_known_censor,211,1,143,10,153,147,6,True,147,6,141,6,0,-2
reliable,marked_lineage_known_censor,211,2,137,4,141,25,116,True,147,113,34,6,15,-103
reliable,marked_lineage_known_censor,212,1,141,10,151,146,5,True,146,4,142,4,0,1
reliable,marked_lineage_known_censor,212,2,34,3,37,21,16,True,146,10,136,4,119,102
reliable,marked_lineage_known_censor,213,1,142,11,153,147,6,True,147,3,144,3,0,2
reliable,marked_lineage_known_censor,213,2,136,2,138,21,117,True,147,3,144,3,126,8
reliable,marked_lineage_known_censor,214,1,144,12,156,150,6,True,150,6,144,6,0,0
reliable,marked_lineage_known_censor,214,2,144,3,147,28,119,True,150,6,144,6,122,0
reliable,marked_lineage_known_censor,215,1,144,11,155,149,6,True,149,11,138,11,0,-6
reliable,marked_lineage_known_censor,215,2,144,4,148,27,121,True,149,14,135,11,119,-9
reliable,marked_lineage_known_censor,216,1,138,10,148,140,8,True,140,4,136,4,0,-2
reliable,marked_lineage_known_censor,216,2,135,4,139,20,119,True,140,4,136,4,120,1
reliable,marked_lineage_known_censor,217,1,136,9,145,139,6,True,140,2,138,2,1,2
reliable,marked_lineage_known_censor,217,2,136,4,140,23,117,True,140,7,133,2,112,-3
reliable,marked_lineage_known_censor,218,1,138,9,147,140,7,True,140,4,136,4,0,-2
reliable,marked_lineage_known_censor,218,2,133,3,136,22,114,True,140,113,27,4,9,-106
reliable,marked_lineage_known_censor,219,1,136,8,144,140,4,True,140,6,134,6,0,-2
reliable,marked_lineage_known_censor,219,2,27,3,30,20,10,True,140,7,133,6,119,106
reliable,marked_lineage_known_censor,220,1,134,8,142,140,2,True,141,3,138,3,1,4
reliable,marked_lineage_known_censor,220,2,133,4,137,19,118,True,141,4,137,3,121,4
reliable,marked_lineage_known_censor,221,1,138,8,146,137,9,True,139,3,136,2,1,-2
reliable,marked_lineage_known_censor,221,2,137,3,140,21,119,True,139,9,130,2,111,-7
reliable,marked_lineage_known_censor,222,1,136,8,144,139,5,True,139,3,136,3,0,0
reliable,marked_lineage_known_censor,222,2,130,3,133,21,112,True,139,113,26,3,8,-104
reliable,marked_lineage_known_censor,223,1,136,8,144,140,4,True,140,2,138,2,0,2
reliable,marked_lineage_known_censor,223,2,26,2,28,19,9,True,140,5,135,2,118,109
reliable,marked_lineage_known_censor,224,1,138,9,147,142,5,True,142,4,138,4,0,0
reliable,marked_lineage_known_censor,224,2,135,2,137,20,117,True,142,6,136,4,120,1
reliable,marked_lineage_known_censor,225,1,138,9,147,143,4,True,144,2,142,2,1,4
reliable,marked_lineage_known_censor,225,2,136,2,138,20,118,True,144,11,133,2,115,-3
reliable,marked_lineage_known_censor,226,1,142,9,151,146,5,True,146,3,143,3,0,1
reliable,marked_lineage_known_censor,226,2,133,2,135,21,114,True,146,115,31,3,13,-102
reliable,marked_lineage_known_censor,227,1,143,9,152,147,5,True,148,2,146,2,1,3
reliable,marked_lineage_known_censor,227,2,31,2,33,21,12,True,148,6,142,2,123,111
reliable,marked_lineage_known_censor,228,1,146,9,155,149,6,True,149,5,144,5,0,-2
reliable,marked_lineage_known_censor,228,2,142,2,144,22,122,True,149,10,139,5,122,-3
reliable,marked_lineage_known_censor,229,1,144,9,153,150,3,True,151,2,149,2,1,5
reliable,marked_lineage_known_censor,229,2,139,2,141,20,121,True,151,11,140,2,122,1
reliable,marked_lineage_known_censor,230,1,149,9,158,153,5,True,153,2,151,2,0,2
reliable,marked_lineage_known_censor,230,2,140,2,142,22,120,True,153,116,37,2,17,-103
reliable,marked_lineage_known_censor,231,1,151,9,160,155,5,True,155,2,153,2,0,2
reliable,marked_lineage_known_censor,231,2,37,2,39,22,17,True,155,7,148,2,128,111
reliable,marked_lineage_known_censor,232,1,153,9,162,156,6,True,156,5,151,5,0,-2
reliable,marked_lineage_known_censor,232,2,148,2,150,20,130,True,156,11,145,5,130,-3
reliable,marked_lineage_known_censor,233,1,151,9,160,157,3,True,159,0,159,0,2,8
reliable,marked_lineage_known_censor,233,2,145,2,147,18,129,True,159,10,149,0,131,4
reliable,marked_lineage_known_censor,234,1,159,9,168,161,7,True,161,2,159,2,0,0
reliable,marked_lineage_known_censor,234,2,149,2,151,24,127,True,161,117,44,2,22,-105
reliable,marked_lineage_known_censor,235,1,159,9,168,164,4,True,164,2,162,2,0,3
reliable,marked_lineage_known_censor,235,2,44,2,46,23,23,True,164,8,156,2,135,112
reliable,marked_lineage_known_censor,236,1,162,9,171,166,5,True,166,3,163,3,0,1
reliable,marked_lineage_known_censor,236,2,156,1,157,24,133,True,166,10,156,3,135,0
reliable,marked_lineage_known_censor,237,1,163,8,171,166,5,True,168,1,167,1,2,4
reliable,marked_lineage_known_censor,237,2,156,2,158,31,127,True,168,13,155,1,125,-1
reliable,marked_lineage_known_censor,238,1,167,8,175,170,5,True,170,0,170,0,0,3
reliable,marked_lineage_known_censor,238,2,155,3,158,30,128,True,170,115,55,0,25,-100
reliable,marked_lineage_known_censor,239,1,170,8,178,165,13,True,170,4,166,3,4,-4
reliable,marked_lineage_known_censor,239,2,55,2,57,34,23,True,170,10,160,3,129,105
reliable,marked_lineage_known_censor,240,1,166,7,173,163,10,True,163,6,157,6,0,-9
reliable,marked_lineage_known_censor,240,2,160,3,163,26,137,True,163,14,149,6,129,-11
intermittent,marked_gaussian_evidence_known_censor,1,1,0,0,0,0,0,True,0,0,0,0,0,0
intermittent,marked_gaussian_evidence_known_censor,1,2,0,0,0,0,0,True,0,0,0,0,0,0
intermittent,marked_gaussian_evidence_known_censor,2,1,0,9,9,9,0,True,9,0,9,0,0,9
intermittent,marked_gaussian_evidence_known_censor,2,2,0,1,1,1,0,True,9,0,9,0,8,9
intermittent,marked_gaussian_evidence_known_censor,3,1,9,10,19,19,0,True,19,0,19,0,0,10
intermittent,marked_gaussian_evidence_known_censor,3,2,9,0,9,7,2,True,19,0,19,0,12,10
intermittent,marked_gaussian_evidence_known_censor,4,1,19,9,28,25,3,True,25,0,25,0,0,6
intermittent,marked_gaussian_evidence_known_censor,4,2,19,0,19,14,5,True,25,0,25,0,11,6
intermittent,marked_gaussian_evidence_known_censor,5,1,25,9,34,32,2,True,32,3,29,3,0,4
intermittent,marked_gaussian_evidence_known_censor,5,2,25,0,25,20,5,True,32,3,29,3,12,4
intermittent,marked_gaussian_evidence_known_censor,6,1,29,9,38,36,2,True,36,0,36,0,0,7
intermittent,marked_gaussian_evidence_known_censor,6,2,29,0,29,16,13,True,36,0,36,0,20,7
intermittent,marked_gaussian_evidence_known_censor,7,1,36,9,45,42,3,True,42,2,40,2,0,4
intermittent,marked_gaussian_evidence_known_censor,7,2,36,0,36,18,18,True,42,2,40,2,24,4
intermittent,marked_gaussian_evidence_known_censor,8,1,40,10,50,49,1,True,49,0,49,0,0,9
intermittent,marked_gaussian_evidence_known_censor,8,2,40,0,40,21,19,False,21,0,21,0,0,-19
intermittent,marked_gaussian_evidence_known_censor,9,1,49,9,58,53,5,True,53,1,52,1,0,3
intermittent,marked_gaussian_evidence_known_censor,9,2,21,1,22,18,4,False,18,0,18,0,0,-3
intermittent,marked_gaussian_evidence_known_censor,10,1,52,10,62,59,3,True,59,2,57,2,0,5
intermittent,marked_gaussian_evidence_known_censor,10,2,18,1,19,18,1,True,59,2,57,2,41,39
intermittent,marked_gaussian_evidence_known_censor,11,1,57,10,67,62,5,True,62,3,59,3,0,2
intermittent,marked_gaussian_evidence_known_censor,11,2,57,1,58,32,26,True,62,4,58,3,29,1
intermittent,marked_gaussian_evidence_known_censor,12,1,59,10,69,63,6,True,63,9,54,9,0,-5
intermittent,marked_gaussian_evidence_known_censor,12,2,58,2,60,27,33,True,63,9,54,9,36,-4
intermittent,marked_gaussian_evidence_known_censor,13,1,54,10,64,59,5,True,60,5,55,4,0,1
intermittent,marked_gaussian_evidence_known_censor,13,2,54,0,54,18,36,True,60,4,56,4,42,2
intermittent,marked_gaussian_evidence_known_censor,14,1,55,10,65,58,7,True,59,6,53,5,0,-2
intermittent,marked_gaussian_evidence_known_censor,14,2,56,0,56,18,38,True,59,6,53,5,40,-3
intermittent,marked_gaussian_evidence_known_censor,15,1,53,9,62,58,4,True,58,3,55,3,0,2
intermittent,marked_gaussian_evidence_known_censor,15,2,53,0,53,13,40,True,58,4,54,3,44,1
intermittent,marked_gaussian_evidence_known_censor,16,1,55,9,64,61,3,True,61,2,59,2,0,4
intermittent,marked_gaussian_evidence_known_censor,16,2,54,0,54,11,43,True,61,4,57,2,48,3
intermittent,marked_gaussian_evidence_known_censor,17,1,59,11,70,68,2,True,68,1,67,1,0,8
intermittent,marked_gaussian_evidence_known_censor,17,2,57,0,57,11,46,True,68,8,60,1,50,3
intermittent,marked_gaussian_evidence_known_censor,18,1,67,10,77,73,4,False,73,0,73,0,0,6
intermittent,marked_gaussian_evidence_known_censor,18,2,60,0,60,13,47,False,13,0,13,0,0,-47
intermittent,marked_gaussian_evidence_known_censor,19,1,73,10,83,79,4,True,79,2,77,2,0,4
intermittent,marked_gaussian_evidence_known_censor,19,2,13,0,13,11,2,True,79,2,77,2,68,64
intermittent,marked_gaussian_evidence_known_censor,20,1,77,10,87,82,5,True,82,3,79,3,0,2
intermittent,marked_gaussian_evidence_known_censor,20,2,77,0,77,19,58,True,82,15,67,3,51,-10
intermittent,marked_gaussian_evidence_known_censor,21,1,79,10,89,86,3,True,86,2,84,2,0,5
intermittent,marked_gaussian_evidence_known_censor,21,2,67,0,67,11,56,True,86,8,78,2,69,11
intermittent,marked_gaussian_evidence_known_censor,22,1,84,10,94,90,4,True,90,4,86,4,0,2
intermittent,marked_gaussian_evidence_known_censor,22,2,78,0,78,11,67,True,90,19,71,4,64,-7
intermittent,marked_gaussian_evidence_known_censor,23,1,86,10,96,85,11,True,85,1,84,1,0,-2
intermittent,marked_gaussian_evidence_known_censor,23,2,71,0,71,8,63,True,85,11,74,1,67,3
intermittent,marked_gaussian_evidence_known_censor,24,1,84,10,94,78,16,True,78,3,75,3,0,-9
intermittent,marked_gaussian_evidence_known_censor,24,2,74,0,74,13,61,True,78,9,69,3,59,-5
intermittent,marked_gaussian_evidence_known_censor,25,1,75,9,84,78,6,True,78,3,75,3,0,0
intermittent,marked_gaussian_evidence_known_censor,25,2,69,0,69,12,57,True,78,10,68,3,59,-1
intermittent,marked_gaussian_evidence_known_censor,26,1,75,8,83,78,5,True,78,4,74,4,0,-1
intermittent,marked_gaussian_evidence_known_censor,26,2,68,0,68,12,56,True,78,13,65,4,57,-3
intermittent,marked_gaussian_evidence_known_censor,27,1,74,9,83,81,2,True,81,1,80,1,0,6
intermittent,marked_gaussian_evidence_known_censor,27,2,65,0,65,9,56,True,81,7,74,1,66,9
intermittent,marked_gaussian_evidence_known_censor,28,1,80,7,87,81,6,True,81,3,78,3,0,-2
intermittent,marked_gaussian_evidence_known_censor,28,2,74,0,74,10,64,True,81,10,71,3,64,-3
intermittent,marked_gaussian_evidence_known_censor,29,1,78,8,86,83,3,True,83,1,82,1,0,4
intermittent,marked_gaussian_evidence_known_censor,29,2,71,0,71,8,63,True,83,8,75,1,68,4
intermittent,marked_gaussian_evidence_known_censor,30,1,82,8,90,86,4,True,86,3,83,3,0,1
intermittent,marked_gaussian_evidence_known_censor,30,2,75,0,75,10,65,True,86,10,76,3,69,1
intermittent,marked_gaussian_evidence_known_censor,31,1,83,10,93,90,3,True,90,1,89,1,0,6
intermittent,marked_gaussian_evidence_known_censor,31,2,76,0,76,9,67,False,9,0,9,0,0,-67
intermittent,marked_gaussian_evidence_known_censor,32,1,89,9,98,94,4,True,94,1,93,1,0,4
intermittent,marked_gaussian_evidence_known_censor,32,2,9,0,9,9,0,True,94,1,93,1,85,84
intermittent,marked_gaussian_evidence_known_censor,33,1,93,10,103,98,5,True,98,3,95,3,0,2
intermittent,marked_gaussian_evidence_known_censor,33,2,93,0,93,15,78,True,98,13,85,3,73,-8
intermittent,marked_gaussian_evidence_known_censor,34,1,95,9,104,102,2,True,102,1,101,1,0,6
intermittent,marked_gaussian_evidence_known_censor,34,2,85,0,85,15,70,True,102,6,96,1,82,11
intermittent,marked_gaussian_evidence_known_censor,35,1,101,10,111,106,5,True,106,3,103,3,0,2
intermittent,marked_gaussian_evidence_known_censor,35,2,96,0,96,19,77,True,106,12,94,3,78,-2
intermittent,marked_gaussian_evidence_known_censor,36,1,103,9,112,106,6,True,106,3,103,3,0,0
intermittent,marked_gaussian_evidence_known_censor,36,2,94,0,94,19,75,True,106,8,98,3,82,4
intermittent,marked_gaussian_evidence_known_censor,37,1,103,9,112,107,5,True,107,4,103,4,0,0
intermittent,marked_gaussian_evidence_known_censor,37,2,98,0,98,18,80,True,107,12,95,4,81,-3
intermittent,marked_gaussian_evidence_known_censor,38,1,103,10,113,110,3,True,110,2,108,2,0,5
intermittent,marked_gaussian_evidence_known_censor,38,2,95,0,95,16,79,True,110,10,100,2,86,5
intermittent,marked_gaussian_evidence_known_censor,39,1,108,10,118,111,7,True,111,6,105,6,0,-3
intermittent,marked_gaussian_evidence_known_censor,39,2,100,0,100,18,82,True,111,13,98,6,86,-2
intermittent,marked_gaussian_evidence_known_censor,40,1,105,10,115,113,2,True,113,2,111,2,0,6
intermittent,marked_gaussian_evidence_known_censor,40,2,98,0,98,13,85,True,113,10,103,2,92,5
intermittent,marked_gaussian_evidence_known_censor,41,1,111,10,121,115,6,True,115,4,111,4,0,0
intermittent,marked_gaussian_evidence_known_censor,41,2,103,0,103,15,88,True,115,12,103,4,92,0
intermittent,marked_gaussian_evidence_known_censor,42,1,111,10,121,117,4,True,117,3,114,3,0,3
intermittent,marked_gaussian_evidence_known_censor,42,2,103,0,103,12,91,True,117,12,105,3,96,2
intermittent,marked_gaussian_evidence_known_censor,43,1,114,10,124,120,4,True,120,3,117,3,0,3
intermittent,marked_gaussian_evidence_known_censor,43,2,105,0,105,12,93,True,120,11,109,3,100,4
intermittent,marked_gaussian_evidence_known_censor,44,1,117,10,127,122,5,True,122,5,117,5,0,0
intermittent,marked_gaussian_evidence_known_censor,44,2,109,1,110,14,96,False,14,0,14,0,0,-95
intermittent,marked_gaussian_evidence_known_censor,45,1,117,11,128,125,3,True,125,4,121,4,0,4
intermittent,marked_gaussian_evidence_known_censor,45,2,14,0,14,12,2,True,125,4,121,4,113,107
intermittent,marked_gaussian_evidence_known_censor,46,1,121,10,131,128,3,True,128,2,126,2,0,5
intermittent,marked_gaussian_evidence_known_censor,46,2,121,0,121,11,110,True,128,15,113,2,104,-8
intermittent,marked_gaussian_evidence_known_censor,47,1,126,10,136,131,5,True,131,4,127,4,0,1
intermittent,marked_gaussian_evidence_known_censor,47,2,113,0,113,14,99,True,131,9,122,4,112,9
intermittent,marked_gaussian_evidence_known_censor,48,1,127,10,137,134,3,True,134,2,132,2,0,5
intermittent,marked_gaussian_evidence_known_censor,48,2,122,0,122,10,112,False,10,0,10,0,0,-112
intermittent,marked_gaussian_evidence_known_censor,49,1,132,10,142,137,5,True,137,2,135,2,0,3
intermittent,marked_gaussian_evidence_known_censor,49,2,10,0,10,10,0,True,137,2,135,2,127,125
intermittent,marked_gaussian_evidence_known_censor,50,1,135,10,145,140,5,True,140,4,136,4,0,1
intermittent,marked_gaussian_evidence_known_censor,50,2,135,0,135,13,122,True,140,17,123,4,114,-12
intermittent,marked_gaussian_evidence_known_censor,51,1,136,10,146,143,3,True,144,2,142,2,1,6
intermittent,marked_gaussian_evidence_known_censor,51,2,123,1,124,11,113,False,11,0,11,0,0,-112
intermittent,marked_gaussian_evidence_known_censor,52,1,142,10,152,146,6,True,146,2,144,2,0,2
intermittent,marked_gaussian_evidence_known_censor,52,2,11,0,11,10,1,True,146,2,144,2,136,133
intermittent,marked_gaussian_evidence_known_censor,53,1,144,10,154,135,19,False,135,0,135,0,0,-9
intermittent,marked_gaussian_evidence_known_censor,53,2,144,0,144,12,132,True,135,14,121,4,113,-23
intermittent,marked_gaussian_evidence_known_censor,54,1,135,10,145,138,7,True,138,1,137,1,0,2
intermittent,marked_gaussian_evidence_known_censor,54,2,121,0,121,10,111,True,138,9,129,1,120,8
intermittent,marked_gaussian_evidence_known_censor,55,1,137,11,148,141,7,True,141,5,136,5,0,-1
intermittent,marked_gaussian_evidence_known_censor,55,2,129,0,129,15,114,True,141,16,125,5,115,-4
intermittent,marked_gaussian_evidence_known_censor,56,1,136,11,147,145,2,True,145,1,144,1,0,8
intermittent,marked_gaussian_evidence_known_censor,56,2,125,0,125,11,114,True,145,2,143,1,133,18
intermittent,marked_gaussian_evidence_known_censor,57,1,144,10,154,148,6,False,148,0,148,0,0,4
intermittent,marked_gaussian_evidence_known_censor,57,2,143,0,143,15,128,True,148,8,140,4,129,-3
intermittent,marked_gaussian_evidence_known_censor,58,1,148,10,158,150,8,False,150,0,150,0,0,2
intermittent,marked_gaussian_evidence_known_censor,58,2,140,0,140,11,129,True,150,8,142,2,133,2
intermittent,marked_gaussian_evidence_known_censor,59,1,150,10,160,152,8,True,153,3,150,3,1,0
intermittent,marked_gaussian_evidence_known_censor,59,2,142,1,143,13,130,True,153,10,143,3,133,1
intermittent,marked_gaussian_evidence_known_censor,60,1,150,10,160,155,5,True,157,1,156,1,2,6
intermittent,marked_gaussian_evidence_known_censor,60,2,143,1,144,16,128,True,157,8,149,1,134,6
intermittent,marked_gaussian_evidence_known_censor,61,1,156,10,166,154,12,True,157,8,149,8,3,-7
intermittent,marked_gaussian_evidence_known_censor,61,2,149,3,152,20,132,True,157,14,143,8,131,-6
intermittent,marked_gaussian_evidence_known_censor,62,1,149,9,158,153,5,True,158,2,156,2,5,7
intermittent,marked_gaussian_evidence_known_censor,62,2,143,3,146,15,131,True,158,6,152,2,139,9
intermittent,marked_gaussian_evidence_known_censor,63,1,156,9,165,159,6,True,162,3,159,3,3,3
intermittent,marked_gaussian_evidence_known_censor,63,2,152,1,153,19,134,True,162,6,156,3,140,4
intermittent,marked_gaussian_evidence_known_censor,64,1,159,9,168,161,7,True,169,1,168,1,8,9
intermittent,marked_gaussian_evidence_known_censor,64,2,156,3,159,21,138,True,169,6,163,1,143,7
intermittent,marked_gaussian_evidence_known_censor,65,1,168,9,177,167,10,True,174,4,170,4,7,2
intermittent,marked_gaussian_evidence_known_censor,65,2,163,3,166,26,140,False,26,0,26,0,0,-137
intermittent,marked_gaussian_evidence_known_censor,66,1,170,11,181,173,8,True,179,6,173,6,6,3
intermittent,marked_gaussian_evidence_known_censor,66,2,26,2,28,26,2,True,179,6,173,6,153,147
intermittent,marked_gaussian_evidence_known_censor,67,1,173,9,182,174,8,False,174,0,174,0,0,1
intermittent,marked_gaussian_evidence_known_censor,67,2,173,1,174,20,154,True,180,7,173,1,154,0
intermittent,marked_gaussian_evidence_known_censor,68,1,174,10,184,175,9,False,175,0,175,0,0,1
intermittent,marked_gaussian_evidence_known_censor,68,2,173,1,174,24,150,True,184,13,171,3,150,-2
intermittent,marked_gaussian_evidence_known_censor,69,1,175,11,186,181,5,True,191,1,190,1,10,15
intermittent,marked_gaussian_evidence_known_censor,69,2,171,1,172,26,146,True,191,12,179,1,154,8
intermittent,marked_gaussian_evidence_known_censor,70,1,190,10,200,188,12,True,195,2,193,2,7,3
intermittent,marked_gaussian_evidence_known_censor,70,2,179,1,180,32,148,True,195,11,184,2,154,5
intermittent,marked_gaussian_evidence_known_censor,71,1,193,11,204,191,13,True,202,1,201,1,11,8
intermittent,marked_gaussian_evidence_known_censor,71,2,184,1,185,33,152,True,202,10,192,1,160,8
intermittent,marked_gaussian_evidence_known_censor,72,1,201,10,211,193,18,True,205,3,202,3,12,1
intermittent,marked_gaussian_evidence_known_censor,72,2,192,2,194,38,156,True,205,9,196,3,161,4
intermittent,marked_gaussian_evidence_known_censor,73,1,202,10,212,198,14,True,210,3,207,3,12,5
intermittent,marked_gaussian_evidence_known_censor,73,2,196,1,197,39,158,True,210,11,199,3,163,3
intermittent,marked_gaussian_evidence_known_censor,74,1,207,12,219,205,14,True,217,2,215,2,12,8
intermittent,marked_gaussian_evidence_known_censor,74,2,199,1,200,40,160,True,217,8,209,2,171,10
intermittent,marked_gaussian_evidence_known_censor,75,1,215,12,227,210,17,True,224,2,222,2,14,7
intermittent,marked_gaussian_evidence_known_censor,75,2,209,2,211,45,166,True,224,14,210,2,167,1
intermittent,marked_gaussian_evidence_known_censor,76,1,222,12,234,211,23,True,229,6,223,5,17,1
intermittent,marked_gaussian_evidence_known_censor,76,2,210,2,212,48,164,True,229,17,212,5,169,2
intermittent,marked_gaussian_evidence_known_censor,77,1,223,13,236,217,19,True,218,7,211,6,0,-12
intermittent,marked_gaussian_evidence_known_censor,77,2,212,2,214,32,182,True,218,16,202,6,176,-10
intermittent,marked_gaussian_evidence_known_censor,78,1,211,11,222,218,4,True,219,7,212,7,1,1
intermittent,marked_gaussian_evidence_known_censor,78,2,202,1,203,30,173,True,219,17,202,7,179,0
intermittent,marked_gaussian_evidence_known_censor,79,1,212,11,223,218,5,True,218,9,209,9,0,-3
intermittent,marked_gaussian_evidence_known_censor,79,2,202,2,204,27,177,True,218,21,197,9,179,-5
intermittent,marked_gaussian_evidence_known_censor,80,1,209,11,220,216,4,True,216,2,214,2,0,5
intermittent,marked_gaussian_evidence_known_censor,80,2,197,0,197,18,179,True,216,18,198,2,182,1
intermittent,marked_gaussian_evidence_known_censor,81,1,214,11,225,221,4,True,221,4,217,4,0,3
intermittent,marked_gaussian_evidence_known_censor,81,2,198,0,198,19,179,True,221,17,204,4,189,6
intermittent,marked_gaussian_evidence_known_censor,82,1,217,10,227,220,7,True,220,3,217,3,0,0
intermittent,marked_gaussian_evidence_known_censor,82,2,204,1,205,18,187,True,220,16,204,3,189,0
intermittent,marked_gaussian_evidence_known_censor,83,1,217,10,227,222,5,True,222,2,220,2,0,3
intermittent,marked_gaussian_evidence_known_censor,83,2,204,0,204,17,187,True,222,164,58,2,43,-146
intermittent,marked_gaussian_evidence_known_censor,84,1,220,12,232,225,7,True,225,5,220,5,0,0
intermittent,marked_gaussian_evidence_known_censor,84,2,58,1,59,20,39,False,20,0,20,0,0,-38
intermittent,marked_gaussian_evidence_known_censor,85,1,220,10,230,226,4,True,226,5,221,5,0,1
intermittent,marked_gaussian_evidence_known_censor,85,2,20,0,20,19,1,True,226,5,221,5,207,201
intermittent,marked_gaussian_evidence_known_censor,86,1,221,10,231,229,2,False,229,0,229,0,0,8
intermittent,marked_gaussian_evidence_known_censor,86,2,221,0,221,15,206,True,229,13,216,0,201,-5
intermittent,marked_gaussian_evidence_known_censor,87,1,229,10,239,232,7,True,232,6,226,6,0,-3
intermittent,marked_gaussian_evidence_known_censor,87,2,216,0,216,20,196,True,232,15,217,6,203,1
intermittent,marked_gaussian_evidence_known_censor,88,1,226,10,236,234,2,True,234,0,234,0,0,8
intermittent,marked_gaussian_evidence_known_censor,88,2,217,0,217,14,203,True,234,21,213,0,199,-4
intermittent,marked_gaussian_evidence_known_censor,89,1,234,10,244,234,10,True,234,6,228,6,0,-6
intermittent,marked_gaussian_evidence_known_censor,89,2,213,1,214,21,193,True,234,194,40,6,25,-173
intermittent,marked_gaussian_evidence_known_censor,90,1,228,9,237,232,5,True,232,0,232,0,0,4
intermittent,marked_gaussian_evidence_known_censor,90,2,40,0,40,15,25,True,232,22,210,0,195,170
intermittent,marked_gaussian_evidence_known_censor,91,1,232,9,241,232,9,True,232,6,226,6,0,-6
intermittent,marked_gaussian_evidence_known_censor,91,2,210,1,211,21,190,True,232,189,43,6,28,-167
intermittent,marked_gaussian_evidence_known_censor,92,1,226,9,235,234,1,True,234,2,232,2,0,6
intermittent,marked_gaussian_evidence_known_censor,92,2,43,1,44,16,28,True,234,22,212,2,198,169
intermittent,marked_gaussian_evidence_known_censor,93,1,232,10,242,237,5,True,237,4,233,4,0,1
intermittent,marked_gaussian_evidence_known_censor,93,2,212,1,213,20,193,True,237,14,223,4,207,11
intermittent,marked_gaussian_evidence_known_censor,94,1,233,10,243,236,7,False,236,0,236,0,0,3
intermittent,marked_gaussian_evidence_known_censor,94,2,223,1,224,18,206,True,237,198,39,2,23,-184
intermittent,marked_gaussian_evidence_known_censor,95,1,236,10,246,240,6,True,240,7,233,7,0,-3
intermittent,marked_gaussian_evidence_known_censor,95,2,39,2,41,21,20,True,240,18,222,7,208,183
intermittent,marked_gaussian_evidence_known_censor,96,1,233,11,244,243,1,True,243,1,242,1,0,9
intermittent,marked_gaussian_evidence_known_censor,96,2,222,1,223,16,207,True,243,14,229,1,214,7
intermittent,marked_gaussian_evidence_known_censor,97,1,242,11,253,242,11,False,242,0,242,0,0,0
intermittent,marked_gaussian_evidence_known_censor,97,2,229,2,231,21,210,False,21,0,21,0,0,-208
intermittent,marked_gaussian_evidence_known_censor,98,1,242,10,252,246,6,False,246,0,246,0,0,4
intermittent,marked_gaussian_evidence_known_censor,98,2,21,1,22,21,1,False,21,0,21,0,0,0
intermittent,marked_gaussian_evidence_known_censor,99,1,246,10,256,249,7,False,249,0,249,0,0,3
intermittent,marked_gaussian_evidence_known_censor,99,2,21,1,22,22,0,False,22,0,22,0,0,1
intermittent,marked_gaussian_evidence_known_censor,100,1,249,11,260,248,12,False,248,0,248,0,0,-1
intermittent,marked_gaussian_evidence_known_censor,100,2,22,1,23,19,4,False,19,0,19,0,0,-3
intermittent,marked_gaussian_evidence_known_censor,101,1,248,11,259,245,14,False,245,0,245,0,0,-3
intermittent,marked_gaussian_evidence_known_censor,101,2,19,1,20,18,2,False,18,0,18,0,0,-1
intermittent,marked_gaussian_evidence_known_censor,102,1,245,11,256,236,20,False,236,0,236,0,0,-9
intermittent,marked_gaussian_evidence_known_censor,102,2,18,1,19,19,0,False,19,0,19,0,0,1
intermittent,marked_gaussian_evidence_known_censor,103,1,236,9,245,235,10,False,235,0,235,0,0,-1
intermittent,marked_gaussian_evidence_known_censor,103,2,19,1,20,19,1,False,19,0,19,0,0,0
intermittent,marked_gaussian_evidence_known_censor,104,1,235,11,246,236,10,False,236,0,236,0,0,1
intermittent,marked_gaussian_evidence_known_censor,104,2,19,0,19,15,4,False,15,0,15,0,0,-4
intermittent,marked_gaussian_evidence_known_censor,105,1,236,11,247,234,13,False,234,0,234,0,0,-2
intermittent,marked_gaussian_evidence_known_censor,105,2,15,0,15,15,0,False,15,0,15,0,0,0
intermittent,marked_gaussian_evidence_known_censor,106,1,234,9,243,231,12,False,231,0,231,0,0,-3
intermittent,marked_gaussian_evidence_known_censor,106,2,15,0,15,14,1,False,14,0,14,0,0,-1
intermittent,marked_gaussian_evidence_known_censor,107,1,231,9,240,233,7,False,233,0,233,0,0,2
intermittent,marked_gaussian_evidence_known_censor,107,2,14,0,14,14,0,False,14,0,14,0,0,0
intermittent,marked_gaussian_evidence_known_censor,108,1,233,9,242,233,9,False,233,0,233,0,0,0
intermittent,marked_gaussian_evidence_known_censor,108,2,14,0,14,14,0,False,14,0,14,0,0,0
intermittent,marked_gaussian_evidence_known_censor,109,1,233,9,242,236,6,False,236,0,236,0,0,3
intermittent,marked_gaussian_evidence_known_censor,109,2,14,0,14,13,1,False,13,0,13,0,0,-1
intermittent,marked_gaussian_evidence_known_censor,110,1,236,9,245,235,10,False,235,0,235,0,0,-1
intermittent,marked_gaussian_evidence_known_censor,110,2,13,0,13,13,0,False,13,0,13,0,0,0
intermittent,marked_gaussian_evidence_known_censor,111,1,235,9,244,233,11,False,233,0,233,0,0,-2
intermittent,marked_gaussian_evidence_known_censor,111,2,13,2,15,15,0,False,15,0,15,0,0,2
intermittent,marked_gaussian_evidence_known_censor,112,1,233,10,243,234,9,False,234,0,234,0,0,1
intermittent,marked_gaussian_evidence_known_censor,112,2,15,1,16,14,2,False,14,0,14,0,0,-1
intermittent,marked_gaussian_evidence_known_censor,113,1,234,10,244,235,9,False,235,0,235,0,0,1
intermittent,marked_gaussian_evidence_known_censor,113,2,14,2,16,16,0,False,16,0,16,0,0,2
intermittent,marked_gaussian_evidence_known_censor,114,1,235,9,244,233,11,False,233,0,233,0,0,-2
intermittent,marked_gaussian_evidence_known_censor,114,2,16,3,19,18,1,False,18,0,18,0,0,2
intermittent,marked_gaussian_evidence_known_censor,115,1,233,8,241,229,12,False,229,0,229,0,0,-4
intermittent,marked_gaussian_evidence_known_censor,115,2,18,3,21,20,1,False,20,0,20,0,0,2
intermittent,marked_gaussian_evidence_known_censor,116,1,229,8,237,229,8,False,229,0,229,0,0,0
intermittent,marked_gaussian_evidence_known_censor,116,2,20,3,23,20,3,False,20,0,20,0,0,0
intermittent,marked_gaussian_evidence_known_censor,117,1,229,8,237,229,8,False,229,0,229,0,0,0
intermittent,marked_gaussian_evidence_known_censor,117,2,20,2,22,16,6,False,16,0,16,0,0,-4
intermittent,marked_gaussian_evidence_known_censor,118,1,229,9,238,228,10,False,228,0,228,0,0,-1
intermittent,marked_gaussian_evidence_known_censor,118,2,16,1,17,14,3,False,14,0,14,0,0,-2
intermittent,marked_gaussian_evidence_known_censor,119,1,228,8,236,228,8,False,228,0,228,0,0,0
intermittent,marked_gaussian_evidence_known_censor,119,2,14,2,16,13,3,False,13,0,13,0,0,-1
intermittent,marked_gaussian_evidence_known_censor,120,1,228,8,236,231,5,False,231,0,231,0,0,3
intermittent,marked_gaussian_evidence_known_censor,120,2,13,2,15,14,1,False,14,0,14,0,0,1
intermittent,marked_gaussian_evidence_known_censor,121,1,231,9,240,233,7,False,233,0,233,0,0,2
intermittent,marked_gaussian_evidence_known_censor,121,2,14,4,18,17,1,False,17,0,17,0,0,3
intermittent,marked_gaussian_evidence_known_censor,122,1,233,10,243,235,8,False,235,0,235,0,0,2
intermittent,marked_gaussian_evidence_known_censor,122,2,17,3,20,17,3,False,17,0,17,0,0,0
intermittent,marked_gaussian_evidence_known_censor,123,1,235,10,245,236,9,False,236,0,236,0,0,1
intermittent,marked_gaussian_evidence_known_censor,123,2,17,3,20,19,1,False,19,0,19,0,0,2
intermittent,marked_gaussian_evidence_known_censor,124,1,236,10,246,234,12,False,234,0,234,0,0,-2
intermittent,marked_gaussian_evidence_known_censor,124,2,19,4,23,18,5,False,18,0,18,0,0,-1
intermittent,marked_gaussian_evidence_known_censor,125,1,234,9,243,229,14,False,229,0,229,0,0,-5
intermittent,marked_gaussian_evidence_known_censor,125,2,18,2,20,17,3,False,17,0,17,0,0,-1
intermittent,marked_gaussian_evidence_known_censor,126,1,229,9,238,231,7,False,231,0,231,0,0,2
intermittent,marked_gaussian_evidence_known_censor,126,2,17,2,19,14,5,False,14,0,14,0,0,-3
intermittent,marked_gaussian_evidence_known_censor,127,1,231,12,243,235,8,False,235,0,235,0,0,4
intermittent,marked_gaussian_evidence_known_censor,127,2,14,2,16,13,3,False,13,0,13,0,0,-1
intermittent,marked_gaussian_evidence_known_censor,128,1,235,10,245,236,9,False,236,0,236,0,0,1
intermittent,marked_gaussian_evidence_known_censor,128,2,13,1,14,11,3,False,11,0,11,0,0,-2
intermittent,marked_gaussian_evidence_known_censor,129,1,236,13,249,238,11,False,238,0,238,0,0,2
intermittent,marked_gaussian_evidence_known_censor,129,2,11,1,12,10,2,False,10,0,10,0,0,-1
intermittent,marked_gaussian_evidence_known_censor,130,1,238,11,249,240,9,False,240,0,240,0,0,2
intermittent,marked_gaussian_evidence_known_censor,130,2,10,2,12,10,2,False,10,0,10,0,0,0
intermittent,marked_gaussian_evidence_known_censor,131,1,240,13,253,241,12,False,241,0,241,0,0,1
intermittent,marked_gaussian_evidence_known_censor,131,2,10,1,11,8,3,False,8,0,8,0,0,-2
intermittent,marked_gaussian_evidence_known_censor,132,1,241,13,254,240,14,False,240,0,240,0,0,-1
intermittent,marked_gaussian_evidence_known_censor,132,2,8,1,9,8,1,False,8,0,8,0,0,0
intermittent,marked_gaussian_evidence_known_censor,133,1,240,13,253,239,14,False,239,0,239,0,0,-1
intermittent,marked_gaussian_evidence_known_censor,133,2,8,0,8,7,1,False,7,0,7,0,0,-1
intermittent,marked_gaussian_evidence_known_censor,134,1,239,13,252,240,12,False,240,0,240,0,0,1
intermittent,marked_gaussian_evidence_known_censor,134,2,7,0,7,7,0,False,7,0,7,0,0,0
intermittent,marked_gaussian_evidence_known_censor,135,1,240,12,252,239,13,False,239,0,239,0,0,-1
intermittent,marked_gaussian_evidence_known_censor,135,2,7,1,8,8,0,False,8,0,8,0,0,1
intermittent,marked_gaussian_evidence_known_censor,136,1,239,12,251,243,8,False,243,0,243,0,0,4
intermittent,marked_gaussian_evidence_known_censor,136,2,8,1,9,7,2,False,7,0,7,0,0,-1
intermittent,marked_gaussian_evidence_known_censor,137,1,243,13,256,239,17,False,239,0,239,0,0,-4
intermittent,marked_gaussian_evidence_known_censor,137,2,7,0,7,6,1,False,6,0,6,0,0,-1
intermittent,marked_gaussian_evidence_known_censor,138,1,239,11,250,239,11,False,239,0,239,0,0,0
intermittent,marked_gaussian_evidence_known_censor,138,2,6,3,9,9,0,False,9,0,9,0,0,3
intermittent,marked_gaussian_evidence_known_censor,139,1,239,12,251,238,13,False,238,0,238,0,0,-1
intermittent,marked_gaussian_evidence_known_censor,139,2,9,3,12,12,0,False,12,0,12,0,0,3
intermittent,marked_gaussian_evidence_known_censor,140,1,238,11,249,237,12,False,237,0,237,0,0,-1
intermittent,marked_gaussian_evidence_known_censor,140,2,12,3,15,13,2,False,13,0,13,0,0,1
intermittent,marked_gaussian_evidence_known_censor,141,1,237,13,250,240,10,False,240,0,240,0,0,3
intermittent,marked_gaussian_evidence_known_censor,141,2,13,2,15,11,4,False,11,0,11,0,0,-2
intermittent,marked_gaussian_evidence_known_censor,142,1,240,13,253,236,17,False,236,0,236,0,0,-4
intermittent,marked_gaussian_evidence_known_censor,142,2,11,2,13,11,2,False,11,0,11,0,0,0
intermittent,marked_gaussian_evidence_known_censor,143,1,236,12,248,235,13,False,235,0,235,0,0,-1
intermittent,marked_gaussian_evidence_known_censor,143,2,11,1,12,12,0,False,12,0,12,0,0,1
intermittent,marked_gaussian_evidence_known_censor,144,1,235,12,247,237,10,False,237,0,237,0,0,2
intermittent,marked_gaussian_evidence_known_censor,144,2,12,2,14,14,0,False,14,0,14,0,0,2
intermittent,marked_gaussian_evidence_known_censor,145,1,237,13,250,238,12,True,240,3,237,3,2,0
intermittent,marked_gaussian_evidence_known_censor,145,2,14,2,16,11,5,False,11,0,11,0,0,-3
intermittent,marked_gaussian_evidence_known_censor,146,1,237,14,251,243,8,True,243,5,238,5,0,1
intermittent,marked_gaussian_evidence_known_censor,146,2,11,2,13,13,0,False,13,0,13,0,0,2
intermittent,marked_gaussian_evidence_known_censor,147,1,238,14,252,246,6,False,246,0,246,0,0,8
intermittent,marked_gaussian_evidence_known_censor,147,2,13,2,15,12,3,True,246,4,242,4,234,229
intermittent,marked_gaussian_evidence_known_censor,148,1,246,14,260,252,8,True,252,6,246,6,0,0
intermittent,marked_gaussian_evidence_known_censor,148,2,242,3,245,243,2,True,252,7,245,6,8,3
intermittent,marked_gaussian_evidence_known_censor,149,1,246,14,260,251,9,True,251,3,248,3,0,2
intermittent,marked_gaussian_evidence_known_censor,149,2,245,4,249,242,7,True,251,3,248,3,9,3
intermittent,marked_gaussian_evidence_known_censor,150,1,248,13,261,252,9,True,252,8,244,8,0,-4
intermittent,marked_gaussian_evidence_known_censor,150,2,248,2,250,20,230,True,252,20,232,8,220,-16
intermittent,marked_gaussian_evidence_known_censor,151,1,244,14,258,257,1,True,257,1,256,1,0,12
intermittent,marked_gaussian_evidence_known_censor,151,2,232,3,235,16,219,True,257,6,251,1,236,19
intermittent,marked_gaussian_evidence_known_censor,152,1,256,15,271,263,8,True,263,6,257,6,0,1
intermittent,marked_gaussian_evidence_known_censor,152,2,251,5,256,30,226,True,263,230,33,6,9,-218
intermittent,marked_gaussian_evidence_known_censor,153,1,257,14,271,270,1,True,270,5,265,5,0,8
intermittent,marked_gaussian_evidence_known_censor,153,2,33,5,38,29,9,True,270,11,259,5,235,226
intermittent,marked_gaussian_evidence_known_censor,154,1,265,15,280,275,5,True,275,17,258,17,0,-7
intermittent,marked_gaussian_evidence_known_censor,154,2,259,5,264,257,7,True,275,18,257,17,17,-2
intermittent,marked_gaussian_evidence_known_censor,155,1,258,14,272,268,4,True,268,5,263,5,0,5
intermittent,marked_gaussian_evidence_known_censor,155,2,257,6,263,25,238,True,268,231,37,5,17,-220
intermittent,marked_gaussian_evidence_known_censor,156,1,263,14,277,271,6,True,272,8,264,8,1,1
intermittent,marked_gaussian_evidence_known_censor,156,2,37,4,41,29,12,True,272,12,260,8,239,223
intermittent,marked_gaussian_evidence_known_censor,157,1,264,15,279,275,4,True,277,5,272,5,2,8
intermittent,marked_gaussian_evidence_known_censor,157,2,260,5,265,28,237,True,277,14,263,5,240,3
intermittent,marked_gaussian_evidence_known_censor,158,1,272,14,286,278,8,True,280,10,270,10,2,-2
intermittent,marked_gaussian_evidence_known_censor,158,2,263,6,269,35,234,True,280,232,48,10,23,-215
intermittent,marked_gaussian_evidence_known_censor,159,1,270,14,284,274,10,True,278,5,273,5,4,3
intermittent,marked_gaussian_evidence_known_censor,159,2,48,4,52,28,24,True,278,18,260,5,237,212
intermittent,marked_gaussian_evidence_known_censor,160,1,273,13,286,273,13,True,273,8,265,8,0,-8
intermittent,marked_gaussian_evidence_known_censor,160,2,260,3,263,24,239,True,273,228,45,8,29,-215
intermittent,marked_gaussian_evidence_known_censor,161,1,265,13,278,276,2,True,276,2,274,2,0,9
intermittent,marked_gaussian_evidence_known_censor,161,2,45,2,47,15,32,False,15,0,15,0,0,-30
intermittent,marked_gaussian_evidence_known_censor,162,1,274,14,288,277,11,True,277,2,275,2,0,1
intermittent,marked_gaussian_evidence_known_censor,162,2,15,2,17,14,3,True,277,2,275,2,263,260
intermittent,marked_gaussian_evidence_known_censor,163,1,275,12,287,273,14,True,273,8,265,8,0,-10
intermittent,marked_gaussian_evidence_known_censor,163,2,275,2,277,25,252,True,273,233,40,8,23,-235
intermittent,marked_gaussian_evidence_known_censor,164,1,265,11,276,276,0,True,276,2,274,2,0,9
intermittent,marked_gaussian_evidence_known_censor,164,2,40,2,42,17,25,True,276,15,261,2,246,221
intermittent,marked_gaussian_evidence_known_censor,165,1,274,12,286,280,6,True,280,7,273,7,0,-1
intermittent,marked_gaussian_evidence_known_censor,165,2,261,2,263,24,239,True,280,12,268,7,251,7
intermittent,marked_gaussian_evidence_known_censor,166,1,273,12,285,281,4,True,282,3,279,3,1,6
intermittent,marked_gaussian_evidence_known_censor,166,2,268,3,271,18,253,True,282,228,54,3,39,-214
intermittent,marked_gaussian_evidence_known_censor,167,1,279,11,290,279,11,True,281,8,273,8,2,-6
intermittent,marked_gaussian_evidence_known_censor,167,2,54,5,59,25,34,True,281,22,259,8,242,205
intermittent,marked_gaussian_evidence_known_censor,168,1,273,10,283,276,7,True,279,5,274,5,3,1
intermittent,marked_gaussian_evidence_known_censor,168,2,259,4,263,19,244,True,279,225,54,5,40,-205
intermittent,marked_gaussian_evidence_known_censor,169,1,274,10,284,275,9,True,280,7,273,7,5,-1
intermittent,marked_gaussian_evidence_known_censor,169,2,54,4,58,22,36,True,280,20,260,7,245,206
intermittent,marked_gaussian_evidence_known_censor,170,1,273,10,283,278,5,True,281,3,278,3,3,5
intermittent,marked_gaussian_evidence_known_censor,170,2,260,3,263,18,245,True,281,225,56,3,41,-204
intermittent,marked_gaussian_evidence_known_censor,171,1,278,10,288,276,12,True,283,6,277,6,7,-1
intermittent,marked_gaussian_evidence_known_censor,171,2,56,3,59,23,36,True,283,19,264,6,247,208
intermittent,marked_gaussian_evidence_known_censor,172,1,277,10,287,280,7,True,280,3,277,3,0,0
intermittent,marked_gaussian_evidence_known_censor,172,2,264,3,267,16,251,True,280,3,277,3,264,13
intermittent,marked_gaussian_evidence_known_censor,173,1,277,11,288,283,5,False,283,0,283,0,0,6
intermittent,marked_gaussian_evidence_known_censor,173,2,277,4,281,25,256,True,284,8,276,7,258,-1
intermittent,marked_gaussian_evidence_known_censor,174,1,283,11,294,283,11,True,284,11,273,11,1,-10
intermittent,marked_gaussian_evidence_known_censor,174,2,276,7,283,23,260,True,284,240,44,11,32,-232
intermittent,marked_gaussian_evidence_known_censor,175,1,273,10,283,277,6,True,277,10,267,10,0,-6
intermittent,marked_gaussian_evidence_known_censor,175,2,44,6,50,22,28,True,277,10,267,10,255,223
intermittent,marked_gaussian_evidence_known_censor,176,1,267,9,276,274,2,True,275,3,272,3,1,5
intermittent,marked_gaussian_evidence_known_censor,176,2,267,4,271,17,254,True,275,3,272,3,258,5
intermittent,marked_gaussian_evidence_known_censor,177,1,272,11,283,278,5,True,278,8,270,8,0,-2
intermittent,marked_gaussian_evidence_known_censor,177,2,272,5,277,21,256,True,278,8,270,8,257,-2
intermittent,marked_gaussian_evidence_known_censor,178,1,270,10,280,275,5,True,275,5,270,5,0,0
intermittent,marked_gaussian_evidence_known_censor,178,2,270,4,274,19,255,True,275,236,39,5,25,-231
intermittent,marked_gaussian_evidence_known_censor,179,1,270,10,280,251,29,True,251,8,243,8,0,-27
intermittent,marked_gaussian_evidence_known_censor,179,2,39,4,43,20,23,True,251,8,243,8,231,204
intermittent,marked_gaussian_evidence_known_censor,180,1,243,10,253,249,4,True,249,4,245,4,0,2
intermittent,marked_gaussian_evidence_known_censor,180,2,243,2,245,15,230,True,249,232,17,4,6,-226
intermittent,marked_gaussian_evidence_known_censor,181,1,245,11,256,252,4,True,253,1,252,1,1,7
intermittent,marked_gaussian_evidence_known_censor,181,2,17,4,21,18,3,True,253,1,252,1,235,235
intermittent,marked_gaussian_evidence_known_censor,182,1,252,10,262,253,9,True,255,6,249,6,2,-3
intermittent,marked_gaussian_evidence_known_censor,182,2,252,4,256,22,234,False,22,0,22,0,0,-230
intermittent,marked_gaussian_evidence_known_censor,183,1,249,11,260,257,3,True,258,7,251,7,1,2
intermittent,marked_gaussian_evidence_known_censor,183,2,22,3,25,20,5,True,258,7,251,7,238,229
intermittent,marked_gaussian_evidence_known_censor,184,1,251,12,263,259,4,True,260,2,258,2,1,7
intermittent,marked_gaussian_evidence_known_censor,184,2,251,3,254,21,233,True,260,230,30,2,11,-221
intermittent,marked_gaussian_evidence_known_censor,185,1,258,11,269,255,14,True,255,11,244,11,0,-14
intermittent,marked_gaussian_evidence_known_censor,185,2,30,4,34,25,9,True,255,11,244,11,230,214
intermittent,marked_gaussian_evidence_known_censor,186,1,244,9,253,249,4,True,249,4,245,4,0,1
intermittent,marked_gaussian_evidence_known_censor,186,2,244,3,247,17,230,True,249,4,245,4,232,1
intermittent,marked_gaussian_evidence_known_censor,187,1,245,10,255,249,6,False,249,0,249,0,0,4
intermittent,marked_gaussian_evidence_known_censor,187,2,245,4,249,248,1,True,250,6,244,6,2,-1
intermittent,marked_gaussian_evidence_known_censor,188,1,249,9,258,249,9,True,250,5,245,5,1,-4
intermittent,marked_gaussian_evidence_known_censor,188,2,244,5,249,247,2,True,250,5,245,5,3,1
intermittent,marked_gaussian_evidence_known_censor,189,1,245,9,254,252,2,True,252,6,246,6,0,1
intermittent,marked_gaussian_evidence_known_censor,189,2,245,6,251,249,2,True,252,6,246,6,3,1
intermittent,marked_gaussian_evidence_known_censor,190,1,246,10,256,252,4,True,254,4,250,4,2,4
intermittent,marked_gaussian_evidence_known_censor,190,2,246,4,250,248,2,True,254,4,250,4,6,4
intermittent,marked_gaussian_evidence_known_censor,191,1,250,10,260,256,4,True,258,6,252,6,2,2
intermittent,marked_gaussian_evidence_known_censor,191,2,250,6,256,252,4,True,258,6,252,6,6,2
intermittent,marked_gaussian_evidence_known_censor,192,1,252,11,263,259,4,True,260,5,255,5,1,3
intermittent,marked_gaussian_evidence_known_censor,192,2,252,6,258,252,6,True,260,6,254,5,7,2
intermittent,marked_gaussian_evidence_known_censor,193,1,255,9,264,258,6,True,262,4,258,4,4,3
intermittent,marked_gaussian_evidence_known_censor,193,2,254,5,259,258,1,True,262,5,257,4,3,3
intermittent,marked_gaussian_evidence_known_censor,194,1,258,10,268,259,9,True,263,3,260,3,4,2
intermittent,marked_gaussian_evidence_known_censor,194,2,257,4,261,23,238,True,263,7,256,3,236,-1
intermittent,marked_gaussian_evidence_known_censor,195,1,260,10,270,258,12,True,260,10,250,10,2,-10
intermittent,marked_gaussian_evidence_known_censor,195,2,256,2,258,25,233,True,260,235,25,10,10,-231
intermittent,marked_gaussian_evidence_known_censor,196,1,250,9,259,255,4,True,260,2,258,2,5,8
intermittent,marked_gaussian_evidence_known_censor,196,2,25,3,28,18,10,True,260,11,249,2,233,224
intermittent,marked_gaussian_evidence_known_censor,197,1,258,11,269,258,11,True,258,8,250,8,0,-8
intermittent,marked_gaussian_evidence_known_censor,197,2,249,3,252,19,233,True,258,235,23,8,12,-226
intermittent,marked_gaussian_evidence_known_censor,198,1,250,8,258,256,2,True,257,2,255,2,1,5
intermittent,marked_gaussian_evidence_known_censor,198,2,23,3,26,15,11,True,257,11,246,2,233,223
intermittent,marked_gaussian_evidence_known_censor,199,1,255,11,266,262,4,True,263,6,257,6,1,2
intermittent,marked_gaussian_evidence_known_censor,199,2,246,3,249,22,227,False,22,0,22,0,0,-224
intermittent,marked_gaussian_evidence_known_censor,200,1,257,11,268,264,4,False,264,0,264,0,0,7
intermittent,marked_gaussian_evidence_known_censor,200,2,22,3,25,24,1,True,265,6,259,6,241,237
intermittent,marked_gaussian_evidence_known_censor,201,1,264,12,276,271,5,True,272,5,267,5,1,3
intermittent,marked_gaussian_evidence_known_censor,201,2,259,2,261,22,239,True,272,13,259,5,242,0
intermittent,marked_gaussian_evidence_known_censor,202,1,267,12,279,270,9,True,271,4,267,4,1,0
intermittent,marked_gaussian_evidence_known_censor,202,2,259,2,261,25,236,True,271,234,37,4,16,-222
intermittent,marked_gaussian_evidence_known_censor,203,1,267,11,278,265,13,True,266,7,259,7,1,-8
intermittent,marked_gaussian_evidence_known_censor,203,2,37,4,41,23,18,False,23,0,23,0,0,-14
intermittent,marked_gaussian_evidence_known_censor,204,1,259,10,269,264,5,True,266,6,260,6,2,1
intermittent,marked_gaussian_evidence_known_censor,204,2,23,3,26,23,3,True,266,6,260,6,243,237
intermittent,marked_gaussian_evidence_known_censor,205,1,260,10,270,264,6,True,266,7,259,7,2,-1
intermittent,marked_gaussian_evidence_known_censor,205,2,260,3,263,27,236,True,266,242,24,7,4,-236
intermittent,marked_gaussian_evidence_known_censor,206,1,259,10,269,265,4,False,265,0,265,0,0,6
intermittent,marked_gaussian_evidence_known_censor,206,2,24,4,28,21,7,True,266,5,261,5,245,237
intermittent,marked_gaussian_evidence_known_censor,207,1,265,10,275,265,10,True,267,9,258,9,2,-7
intermittent,marked_gaussian_evidence_known_censor,207,2,261,4,265,26,239,True,267,244,23,9,6,-238
intermittent,marked_gaussian_evidence_known_censor,208,1,258,10,268,266,2,True,266,4,262,4,0,4
intermittent,marked_gaussian_evidence_known_censor,208,2,23,3,26,21,5,True,266,4,262,4,245,239
intermittent,marked_gaussian_evidence_known_censor,209,1,262,10,272,264,8,True,266,8,258,8,2,-4
intermittent,marked_gaussian_evidence_known_censor,209,2,262,3,265,26,239,True,266,243,23,8,5,-239
intermittent,marked_gaussian_evidence_known_censor,210,1,258,10,268,265,3,True,266,5,261,5,1,3
intermittent,marked_gaussian_evidence_known_censor,210,2,23,5,28,25,3,True,266,5,261,5,241,238
intermittent,marked_gaussian_evidence_known_censor,211,1,261,10,271,263,8,True,265,9,256,9,2,-5
intermittent,marked_gaussian_evidence_known_censor,211,2,261,4,265,28,237,True,265,244,21,9,2,-240
intermittent,marked_gaussian_evidence_known_censor,212,1,256,10,266,263,3,True,263,3,260,3,0,4
intermittent,marked_gaussian_evidence_known_censor,212,2,21,3,24,21,3,True,263,3,260,3,242,239
intermittent,marked_gaussian_evidence_known_censor,213,1,260,11,271,265,6,True,265,6,259,6,0,-1
intermittent,marked_gaussian_evidence_known_censor,213,2,260,2,262,28,234,True,265,6,259,6,237,-1
intermittent,marked_gaussian_evidence_known_censor,214,1,259,12,271,267,4,True,267,5,262,5,0,3
intermittent,marked_gaussian_evidence_known_censor,214,2,259,3,262,254,8,True,267,5,262,5,13,3
intermittent,marked_gaussian_evidence_known_censor,215,1,262,11,273,270,3,True,270,6,264,6,0,2
intermittent,marked_gaussian_evidence_known_censor,215,2,262,4,266,259,7,True,270,6,264,6,11,2
intermittent,marked_gaussian_evidence_known_censor,216,1,264,10,274,264,10,True,270,6,264,6,6,0
intermittent,marked_gaussian_evidence_known_censor,216,2,264,4,268,27,241,True,270,238,32,6,11,-232
intermittent,marked_gaussian_evidence_known_censor,217,1,264,9,273,261,12,True,267,8,259,8,6,-5
intermittent,marked_gaussian_evidence_known_censor,217,2,32,4,36,26,10,False,26,0,26,0,0,-6
intermittent,marked_gaussian_evidence_known_censor,218,1,259,9,268,260,8,True,267,8,259,7,6,0
intermittent,marked_gaussian_evidence_known_censor,218,2,26,3,29,26,3,True,267,7,260,7,241,234
intermittent,marked_gaussian_evidence_known_censor,219,1,259,8,267,260,7,True,266,5,261,5,6,2
intermittent,marked_gaussian_evidence_known_censor,219,2,260,3,263,23,240,True,266,238,28,5,10,-232
intermittent,marked_gaussian_evidence_known_censor,220,1,261,8,269,258,11,True,265,7,258,7,7,-3
intermittent,marked_gaussian_evidence_known_censor,220,2,28,4,32,26,6,True,265,11,254,7,235,226
intermittent,marked_gaussian_evidence_known_censor,221,1,258,8,266,258,8,True,266,2,264,2,8,6
intermittent,marked_gaussian_evidence_known_censor,221,2,254,3,257,23,234,True,266,235,31,2,10,-223
intermittent,marked_gaussian_evidence_known_censor,222,1,264,8,272,263,9,False,263,0,263,0,0,-1
intermittent,marked_gaussian_evidence_known_censor,222,2,31,3,34,26,8,True,264,12,252,8,234,221
intermittent,marked_gaussian_evidence_known_censor,223,1,263,8,271,258,13,True,264,8,256,3,1,-7
intermittent,marked_gaussian_evidence_known_censor,223,2,252,2,254,21,233,True,264,236,28,3,10,-224
intermittent,marked_gaussian_evidence_known_censor,224,1,256,9,265,258,7,False,258,0,258,0,0,2
intermittent,marked_gaussian_evidence_known_censor,224,2,28,2,30,25,5,True,265,10,255,6,236,227
intermittent,marked_gaussian_evidence_known_censor,225,1,258,9,267,259,8,True,266,2,264,2,7,6
intermittent,marked_gaussian_evidence_known_censor,225,2,255,2,257,22,235,True,266,235,31,2,11,-224
intermittent,marked_gaussian_evidence_known_censor,226,1,264,9,273,261,12,True,267,13,254,7,0,-10
intermittent,marked_gaussian_evidence_known_censor,226,2,31,2,33,26,7,True,267,11,256,7,237,225
intermittent,marked_gaussian_evidence_known_censor,227,1,254,9,263,261,2,False,261,0,261,0,0,7
intermittent,marked_gaussian_evidence_known_censor,227,2,256,2,258,21,237,True,268,235,33,2,14,-223
intermittent,marked_gaussian_evidence_known_censor,228,1,261,9,270,262,8,True,264,6,258,6,2,-3
intermittent,marked_gaussian_evidence_known_censor,228,2,33,2,35,21,14,True,264,10,254,6,239,221
intermittent,marked_gaussian_evidence_known_censor,229,1,258,9,267,263,4,True,263,3,260,3,0,2
intermittent,marked_gaussian_evidence_known_censor,229,2,254,2,256,18,238,True,263,236,27,3,12,-227
intermittent,marked_gaussian_evidence_known_censor,230,1,260,9,269,263,6,True,264,6,258,6,1,-2
intermittent,marked_gaussian_evidence_known_censor,230,2,27,2,29,21,8,True,264,10,254,6,239,227
intermittent,marked_gaussian_evidence_known_censor,231,1,258,9,267,265,2,True,265,3,262,3,0,4
intermittent,marked_gaussian_evidence_known_censor,231,2,254,2,256,15,241,True,265,236,29,3,17,-225
intermittent,marked_gaussian_evidence_known_censor,232,1,262,9,271,264,7,True,265,6,259,6,1,-3
intermittent,marked_gaussian_evidence_known_censor,232,2,29,2,31,19,12,True,265,10,255,6,242,226
intermittent,marked_gaussian_evidence_known_censor,233,1,259,9,268,266,2,True,266,3,263,3,0,4
intermittent,marked_gaussian_evidence_known_censor,233,2,255,2,257,16,241,True,266,236,30,3,17,-225
intermittent,marked_gaussian_evidence_known_censor,234,1,263,9,272,266,6,True,267,6,261,6,1,-2
intermittent,marked_gaussian_evidence_known_censor,234,2,30,2,32,23,9,True,267,10,257,6,240,227
intermittent,marked_gaussian_evidence_known_censor,235,1,261,9,270,268,2,True,268,2,266,2,0,5
intermittent,marked_gaussian_evidence_known_censor,235,2,257,2,259,19,240,True,268,235,33,2,16,-224
intermittent,marked_gaussian_evidence_known_censor,236,1,266,9,275,269,6,True,270,5,265,5,1,-1
intermittent,marked_gaussian_evidence_known_censor,236,2,33,1,34,24,10,True,270,9,261,5,242,228
intermittent,marked_gaussian_evidence_known_censor,237,1,265,8,273,270,3,True,271,1,270,1,1,5
intermittent,marked_gaussian_evidence_known_censor,237,2,261,2,263,26,237,True,271,234,37,1,12,-224
intermittent,marked_gaussian_evidence_known_censor,238,1,270,8,278,271,7,True,271,8,263,8,0,-7
intermittent,marked_gaussian_evidence_known_censor,238,2,37,3,40,30,10,True,271,12,259,8,237,222
intermittent,marked_gaussian_evidence_known_censor,239,1,263,8,271,262,9,True,269,3,266,2,6,3
intermittent,marked_gaussian_evidence_known_censor,239,2,259,2,261,26,235,True,269,235,34,2,10,-225
intermittent,marked_gaussian_evidence_known_censor,240,1,266,7,273,258,15,True,258,7,251,7,0,-15
intermittent,marked_gaussian_evidence_known_censor,240,2,34,3,37,19,18,True,258,11,247,7,235,213
intermittent,marked_gaussian_evidence_guarded_scalar_known_censor,1,1,0,0,0,0,0,True,0,0,0,0,0,0
intermittent,marked_gaussian_evidence_guarded_scalar_known_censor,1,2,0,0,0,0,0,True,0,0,0,0,0,0
intermittent,marked_gaussian_evidence_guarded_scalar_known_censor,2,1,0,9,9,9,0,True,9,0,9,0,0,9
intermittent,marked_gaussian_evidence_guarded_scalar_known_censor,2,2,0,1,1,1,0,True,9,0,9,0,8,9
intermittent,marked_gaussian_evidence_guarded_scalar_known_censor,3,1,9,10,19,19,0,True,19,0,19,0,0,10
intermittent,marked_gaussian_evidence_guarded_scalar_known_censor,3,2,9,0,9,7,2,True,19,0,19,0,12,10
intermittent,marked_gaussian_evidence_guarded_scalar_known_censor,4,1,19,9,28,25,3,True,25,0,25,0,0,6
intermittent,marked_gaussian_evidence_guarded_scalar_known_censor,4,2,19,0,19,14,5,True,25,0,25,0,11,6
intermittent,marked_gaussian_evidence_guarded_scalar_known_censor,5,1,25,9,34,32,2,True,32,3,29,3,0,4
intermittent,marked_gaussian_evidence_guarded_scalar_known_censor,5,2,25,0,25,19,6,True,32,3,29,3,13,4
intermittent,marked_gaussian_evidence_guarded_scalar_known_censor,6,1,29,9,38,37,1,True,37,0,37,0,0,8
intermittent,marked_gaussian_evidence_guarded_scalar_known_censor,6,2,29,0,29,19,10,True,37,0,37,0,18,8
intermittent,marked_gaussian_evidence_guarded_scalar_known_censor,7,1,37,9,46,43,3,True,43,2,41,2,0,4
intermittent,marked_gaussian_evidence_guarded_scalar_known_censor,7,2,37,0,37,21,16,True,43,2,41,2,22,4
intermittent,marked_gaussian_evidence_guarded_scalar_known_censor,8,1,41,10,51,50,1,True,50,0,50,0,0,9
intermittent,marked_gaussian_evidence_guarded_scalar_known_censor,8,2,41,0,41,23,18,False,23,0,23,0,0,-18
intermittent,marked_gaussian_evidence_guarded_scalar_known_censor,9,1,50,9,59,56,3,True,56,1,55,1,0,5
intermittent,marked_gaussian_evidence_guarded_scalar_known_censor,9,2,23,1,24,19,5,False,19,0,19,0,0,-4
intermittent,marked_gaussian_evidence_guarded_scalar_known_censor,10,1,55,10,65,62,3,True,62,2,60,2,0,5
intermittent,marked_gaussian_evidence_guarded_scalar_known_censor,10,2,19,1,20,19,1,True,62,2,60,2,43,41
intermittent,marked_gaussian_evidence_guarded_scalar_known_censor,11,1,60,10,70,65,5,True,65,4,61,4,0,1
intermittent,marked_gaussian_evidence_guarded_scalar_known_censor,11,2,60,1,61,32,29,True,65,4,61,4,33,1
intermittent,marked_gaussian_evidence_guarded_scalar_known_censor,12,1,61,10,71,64,7,True,64,8,56,8,0,-5
intermittent,marked_gaussian_evidence_guarded_scalar_known_censor,12,2,61,2,63,26,37,True,64,8,56,8,38,-5
intermittent,marked_gaussian_evidence_guarded_scalar_known_censor,13,1,56,10,66,61,5,True,62,5,57,4,0,1
intermittent,marked_gaussian_evidence_guarded_scalar_known_censor,13,2,56,0,56,21,35,True,62,4,58,4,41,2
intermittent,marked_gaussian_evidence_guarded_scalar_known_censor,14,1,57,10,67,60,7,True,61,6,55,5,0,-2
intermittent,marked_gaussian_evidence_guarded_scalar_known_censor,14,2,58,0,58,19,39,True,61,5,56,5,42,-2
intermittent,marked_gaussian_evidence_guarded_scalar_known_censor,15,1,55,9,64,60,4,True,60,3,57,3,0,2
intermittent,marked_gaussian_evidence_guarded_scalar_known_censor,15,2,56,0,56,11,45,True,60,3,57,3,49,1
intermittent,marked_gaussian_evidence_guarded_scalar_known_censor,16,1,57,9,66,63,3,True,63,2,61,2,0,4
intermittent,marked_gaussian_evidence_guarded_scalar_known_censor,16,2,57,0,57,11,46,True,63,2,61,2,52,4
intermittent,marked_gaussian_evidence_guarded_scalar_known_censor,17,1,61,11,72,70,2,True,70,0,70,0,0,9
intermittent,marked_gaussian_evidence_guarded_scalar_known_censor,17,2,61,0,61,9,52,True,70,8,62,0,53,1
intermittent,marked_gaussian_evidence_guarded_scalar_known_censor,18,1,70,10,80,76,4,False,76,0,76,0,0,6
intermittent,marked_gaussian_evidence_guarded_scalar_known_censor,18,2,62,0,62,12,50,False,12,0,12,0,0,-50
intermittent,marked_gaussian_evidence_guarded_scalar_known_censor,19,1,76,10,86,81,5,True,81,3,78,3,0,2
intermittent,marked_gaussian_evidence_guarded_scalar_known_censor,19,2,12,0,12,11,1,True,81,3,78,3,70,66
intermittent,marked_gaussian_evidence_guarded_scalar_known_censor,20,1,78,10,88,83,5,True,83,4,79,4,0,1
intermittent,marked_gaussian_evidence_guarded_scalar_known_censor,20,2,78,0,78,18,60,True,83,16,67,4,53,-11
intermittent,marked_gaussian_evidence_guarded_scalar_known_censor,21,1,79,10,89,88,1,True,88,1,87,1,0,8
intermittent,marked_gaussian_evidence_guarded_scalar_known_censor,21,2,67,0,67,9,58,True,88,3,85,1,77,18
intermittent,marked_gaussian_evidence_guarded_scalar_known_censor,22,1,87,10,97,92,5,True,92,4,88,4,0,1
intermittent,marked_gaussian_evidence_guarded_scalar_known_censor,22,2,85,0,85,12,73,True,92,14,78,4,70,-7
intermittent,marked_gaussian_evidence_guarded_scalar_known_censor,23,1,88,10,98,89,9,True,89,0,89,0,0,1
intermittent,marked_gaussian_evidence_guarded_scalar_known_censor,23,2,78,0,78,8,70,True,89,7,82,0,74,4
intermittent,marked_gaussian_evidence_guarded_scalar_known_censor,24,1,89,10,99,80,19,True,80,3,77,3,0,-12
intermittent,marked_gaussian_evidence_guarded_scalar_known_censor,24,2,82,0,82,14,68,True,80,4,76,3,65,-6
intermittent,marked_gaussian_evidence_guarded_scalar_known_censor,25,1,77,9,86,81,5,True,81,2,79,2,0,2
intermittent,marked_gaussian_evidence_guarded_scalar_known_censor,25,2,76,0,76,12,64,True,81,5,76,2,66,0
intermittent,marked_gaussian_evidence_guarded_scalar_known_censor,26,1,79,8,87,82,5,True,82,4,78,4,0,-1
intermittent,marked_gaussian_evidence_guarded_scalar_known_censor,26,2,76,0,76,13,63,True,82,13,69,4,60,-7
intermittent,marked_gaussian_evidence_guarded_scalar_known_censor,27,1,78,9,87,85,2,True,85,0,85,0,0,7
intermittent,marked_gaussian_evidence_guarded_scalar_known_censor,27,2,69,0,69,8,61,True,85,4,81,0,73,12
intermittent,marked_gaussian_evidence_guarded_scalar_known_censor,28,1,85,7,92,86,6,True,86,4,82,4,0,-3
intermittent,marked_gaussian_evidence_guarded_scalar_known_censor,28,2,81,0,81,11,70,True,86,10,76,4,69,-5
intermittent,marked_gaussian_evidence_guarded_scalar_known_censor,29,1,82,8,90,89,1,True,89,0,89,0,0,7
intermittent,marked_gaussian_evidence_guarded_scalar_known_censor,29,2,76,0,76,7,69,True,89,10,79,0,72,3
intermittent,marked_gaussian_evidence_guarded_scalar_known_censor,30,1,89,8,97,92,5,True,92,4,88,4,0,-1
intermittent,marked_gaussian_evidence_guarded_scalar_known_censor,30,2,79,0,79,11,68,True,92,16,76,4,69,-3
intermittent,marked_gaussian_evidence_guarded_scalar_known_censor,31,1,88,10,98,96,2,True,96,0,96,0,0,8
intermittent,marked_gaussian_evidence_guarded_scalar_known_censor,31,2,76,0,76,8,68,False,8,0,8,0,0,-68
intermittent,marked_gaussian_evidence_guarded_scalar_known_censor,32,1,96,9,105,100,5,True,100,0,100,0,0,4
intermittent,marked_gaussian_evidence_guarded_scalar_known_censor,32,2,8,0,8,8,0,True,100,0,100,0,92,92
intermittent,marked_gaussian_evidence_guarded_scalar_known_censor,33,1,100,10,110,104,6,True,104,4,100,4,0,0
intermittent,marked_gaussian_evidence_guarded_scalar_known_censor,33,2,100,0,100,16,84,True,104,16,88,4,76,-12
intermittent,marked_gaussian_evidence_guarded_scalar_known_censor,34,1,100,9,109,108,1,True,108,0,108,0,0,8
intermittent,marked_gaussian_evidence_guarded_scalar_known_censor,34,2,88,0,88,14,74,True,108,6,102,0,88,14
intermittent,marked_gaussian_evidence_guarded_scalar_known_censor,35,1,108,10,118,112,6,True,112,4,108,4,0,0
intermittent,marked_gaussian_evidence_guarded_scalar_known_censor,35,2,102,0,102,20,82,True,112,12,100,4,84,-2
intermittent,marked_gaussian_evidence_guarded_scalar_known_censor,36,1,108,9,117,112,5,True,112,2,110,2,0,2
intermittent,marked_gaussian_evidence_guarded_scalar_known_censor,36,2,100,0,100,18,82,True,112,9,103,2,87,3
intermittent,marked_gaussian_evidence_guarded_scalar_known_censor,37,1,110,9,119,113,6,True,113,3,110,3,0,0
intermittent,marked_gaussian_evidence_guarded_scalar_known_censor,37,2,103,0,103,18,85,True,113,11,102,3,87,-1
intermittent,marked_gaussian_evidence_guarded_scalar_known_censor,38,1,110,10,120,116,4,True,116,2,114,2,0,4
intermittent,marked_gaussian_evidence_guarded_scalar_known_censor,38,2,102,0,102,17,85,True,116,13,103,2,88,1
intermittent,marked_gaussian_evidence_guarded_scalar_known_censor,39,1,114,10,124,117,7,True,117,6,111,6,0,-3
intermittent,marked_gaussian_evidence_guarded_scalar_known_censor,39,2,103,0,103,18,85,True,117,12,105,6,93,2
intermittent,marked_gaussian_evidence_guarded_scalar_known_censor,40,1,111,10,121,119,2,True,119,1,118,1,0,7
intermittent,marked_gaussian_evidence_guarded_scalar_known_censor,40,2,105,0,105,12,93,True,119,9,110,1,99,5
intermittent,marked_gaussian_evidence_guarded_scalar_known_censor,41,1,118,10,128,121,7,True,121,5,116,5,0,-2
intermittent,marked_gaussian_evidence_guarded_scalar_known_censor,41,2,110,0,110,16,94,True,121,14,107,5,96,-3
intermittent,marked_gaussian_evidence_guarded_scalar_known_censor,42,1,116,10,126,123,3,True,123,2,121,2,0,5
intermittent,marked_gaussian_evidence_guarded_scalar_known_censor,42,2,107,0,107,11,96,True,123,10,113,2,104,6
intermittent,marked_gaussian_evidence_guarded_scalar_known_censor,43,1,121,10,131,126,5,True,126,4,122,4,0,1
intermittent,marked_gaussian_evidence_guarded_scalar_known_censor,43,2,113,0,113,13,100,True,126,12,114,4,105,1
intermittent,marked_gaussian_evidence_guarded_scalar_known_censor,44,1,122,10,132,128,4,True,128,4,124,4,0,2
intermittent,marked_gaussian_evidence_guarded_scalar_known_censor,44,2,114,1,115,13,102,False,13,0,13,0,0,-101
intermittent,marked_gaussian_evidence_guarded_scalar_known_censor,45,1,124,11,135,131,4,True,131,3,128,3,0,4
intermittent,marked_gaussian_evidence_guarded_scalar_known_censor,45,2,13,0,13,11,2,True,131,3,128,3,120,115
intermittent,marked_gaussian_evidence_guarded_scalar_known_censor,46,1,128,10,138,134,4,True,134,3,131,3,0,3
intermittent,marked_gaussian_evidence_guarded_scalar_known_censor,46,2,128,0,128,12,116,True,134,17,117,3,108,-11
intermittent,marked_gaussian_evidence_guarded_scalar_known_censor,47,1,131,10,141,137,4,True,137,3,134,3,0,3
intermittent,marked_gaussian_evidence_guarded_scalar_known_censor,47,2,117,0,117,13,104,True,137,8,129,3,119,12
intermittent,marked_gaussian_evidence_guarded_scalar_known_censor,48,1,134,10,144,140,4,True,140,3,137,3,0,3
intermittent,marked_gaussian_evidence_guarded_scalar_known_censor,48,2,129,0,129,11,118,False,11,0,11,0,0,-118
intermittent,marked_gaussian_evidence_guarded_scalar_known_censor,49,1,137,10,147,143,4,True,143,3,140,3,0,3
intermittent,marked_gaussian_evidence_guarded_scalar_known_censor,49,2,11,0,11,11,0,True,143,3,140,3,132,129
intermittent,marked_gaussian_evidence_guarded_scalar_known_censor,50,1,140,10,150,146,4,True,146,3,143,3,0,3
intermittent,marked_gaussian_evidence_guarded_scalar_known_censor,50,2,140,0,140,12,128,True,146,17,129,3,120,-11
intermittent,marked_gaussian_evidence_guarded_scalar_known_censor,51,1,143,10,153,149,4,True,150,3,147,3,1,4
intermittent,marked_gaussian_evidence_guarded_scalar_known_censor,51,2,129,1,130,12,118,False,12,0,12,0,0,-117
intermittent,marked_gaussian_evidence_guarded_scalar_known_censor,52,1,147,10,157,152,5,True,152,3,149,3,0,2
intermittent,marked_gaussian_evidence_guarded_scalar_known_censor,52,2,12,0,12,11,1,True,152,3,149,3,141,137
intermittent,marked_gaussian_evidence_guarded_scalar_known_censor,53,1,149,10,159,141,18,False,141,0,141,0,0,-8
intermittent,marked_gaussian_evidence_guarded_scalar_known_censor,53,2,149,0,149,11,138,True,141,7,134,3,126,-15
intermittent,marked_gaussian_evidence_guarded_scalar_known_censor,54,1,141,10,151,144,7,True,144,2,142,2,0,1
intermittent,marked_gaussian_evidence_guarded_scalar_known_censor,54,2,134,0,134,11,123,True,144,10,134,2,125,0
intermittent,marked_gaussian_evidence_guarded_scalar_known_censor,55,1,142,11,153,147,6,True,147,3,144,3,0,2
intermittent,marked_gaussian_evidence_guarded_scalar_known_censor,55,2,134,0,134,14,120,True,147,6,141,3,130,7
intermittent,marked_gaussian_evidence_guarded_scalar_known_censor,56,1,144,11,155,151,4,True,151,3,148,3,0,4
intermittent,marked_gaussian_evidence_guarded_scalar_known_censor,56,2,141,0,141,12,129,True,151,5,146,3,137,5
intermittent,marked_gaussian_evidence_guarded_scalar_known_censor,57,1,148,10,158,154,4,False,154,0,154,0,0,6
intermittent,marked_gaussian_evidence_guarded_scalar_known_censor,57,2,146,0,146,12,134,True,154,8,146,2,136,0
intermittent,marked_gaussian_evidence_guarded_scalar_known_censor,58,1,154,10,164,156,8,False,156,0,156,0,0,2
intermittent,marked_gaussian_evidence_guarded_scalar_known_censor,58,2,146,0,146,12,134,True,156,8,148,3,139,2
intermittent,marked_gaussian_evidence_guarded_scalar_known_censor,59,1,156,10,166,158,8,True,159,3,156,3,1,0
intermittent,marked_gaussian_evidence_guarded_scalar_known_censor,59,2,148,1,149,12,137,True,159,13,146,3,137,-2
intermittent,marked_gaussian_evidence_guarded_scalar_known_censor,60,1,156,10,166,161,5,True,163,2,161,2,2,5
intermittent,marked_gaussian_evidence_guarded_scalar_known_censor,60,2,146,1,147,16,131,True,163,7,156,2,142,10
intermittent,marked_gaussian_evidence_guarded_scalar_known_censor,61,1,161,10,171,160,11,True,163,6,157,6,3,-4
intermittent,marked_gaussian_evidence_guarded_scalar_known_censor,61,2,156,3,159,19,140,True,163,11,152,6,139,-4
intermittent,marked_gaussian_evidence_guarded_scalar_known_censor,62,1,157,9,166,159,7,True,164,3,161,3,5,4
intermittent,marked_gaussian_evidence_guarded_scalar_known_censor,62,2,152,3,155,17,138,True,164,7,157,3,143,5
intermittent,marked_gaussian_evidence_guarded_scalar_known_censor,63,1,161,9,170,165,5,True,168,2,166,2,3,5
intermittent,marked_gaussian_evidence_guarded_scalar_known_censor,63,2,157,1,158,17,141,True,168,5,163,2,148,6
intermittent,marked_gaussian_evidence_guarded_scalar_known_censor,64,1,166,9,175,167,8,True,175,2,173,2,8,7
intermittent,marked_gaussian_evidence_guarded_scalar_known_censor,64,2,163,3,166,22,144,True,175,7,168,2,148,5
intermittent,marked_gaussian_evidence_guarded_scalar_known_censor,65,1,173,9,182,173,9,True,180,3,177,3,7,4
intermittent,marked_gaussian_evidence_guarded_scalar_known_censor,65,2,168,3,171,25,146,False,25,0,25,0,0,-143
intermittent,marked_gaussian_evidence_guarded_scalar_known_censor,66,1,177,11,188,179,9,True,185,4,181,4,6,4
intermittent,marked_gaussian_evidence_guarded_scalar_known_censor,66,2,25,2,27,25,2,True,185,4,181,4,160,156
intermittent,marked_gaussian_evidence_guarded_scalar_known_censor,67,1,181,9,190,180,10,False,180,0,180,0,0,-1
intermittent,marked_gaussian_evidence_guarded_scalar_known_censor,67,2,181,1,182,22,160,True,186,12,174,3,155,-7
intermittent,marked_gaussian_evidence_guarded_scalar_known_censor,68,1,180,10,190,181,9,False,181,0,181,0,0,1
intermittent,marked_gaussian_evidence_guarded_scalar_known_censor,68,2,174,1,175,22,153,True,190,8,182,1,161,8
intermittent,marked_gaussian_evidence_guarded_scalar_known_censor,69,1,181,11,192,187,5,True,197,3,194,3,10,13
intermittent,marked_gaussian_evidence_guarded_scalar_known_censor,69,2,182,1,183,28,155,True,197,18,179,3,154,-3
intermittent,marked_gaussian_evidence_guarded_scalar_known_censor,70,1,194,10,204,194,10,True,201,1,200,1,7,6
intermittent,marked_gaussian_evidence_guarded_scalar_known_censor,70,2,179,1,180,30,150,True,201,6,195,1,166,16
intermittent,marked_gaussian_evidence_guarded_scalar_known_censor,71,1,200,11,211,197,14,True,208,2,206,2,11,6
intermittent,marked_gaussian_evidence_guarded_scalar_known_censor,71,2,195,1,196,34,162,True,208,13,195,2,163,0
intermittent,marked_gaussian_evidence_guarded_scalar_known_censor,72,1,206,10,216,199,17,True,211,2,209,2,12,3
intermittent,marked_gaussian_evidence_guarded_scalar_known_censor,72,2,195,2,197,37,160,True,211,9,202,2,167,7
intermittent,marked_gaussian_evidence_guarded_scalar_known_censor,73,1,209,10,219,204,15,True,216,3,213,3,12,4
intermittent,marked_gaussian_evidence_guarded_scalar_known_censor,73,2,202,1,203,40,163,True,216,14,202,3,165,0
intermittent,marked_gaussian_evidence_guarded_scalar_known_censor,74,1,213,12,225,210,15,True,223,1,222,1,13,9
intermittent,marked_gaussian_evidence_guarded_scalar_known_censor,74,2,202,1,203,40,163,True,223,11,212,1,173,10
intermittent,marked_gaussian_evidence_guarded_scalar_known_censor,75,1,222,12,234,217,17,True,230,3,227,3,13,5
intermittent,marked_gaussian_evidence_guarded_scalar_known_censor,75,2,212,2,214,46,168,True,230,13,217,3,174,5
intermittent,marked_gaussian_evidence_guarded_scalar_known_censor,76,1,227,12,239,217,22,True,235,4,231,3,17,4
intermittent,marked_gaussian_evidence_guarded_scalar_known_censor,76,2,217,2,219,46,173,True,235,13,222,3,179,5
intermittent,marked_gaussian_evidence_guarded_scalar_known_censor,77,1,231,13,244,224,20,True,225,8,217,7,0,-14
intermittent,marked_gaussian_evidence_guarded_scalar_known_censor,77,2,222,2,224,32,192,True,225,20,205,7,180,-17
intermittent,marked_gaussian_evidence_guarded_scalar_known_censor,78,1,217,11,228,225,3,True,226,5,221,5,1,4
intermittent,marked_gaussian_evidence_guarded_scalar_known_censor,78,2,205,1,206,29,177,True,226,17,209,5,185,4
intermittent,marked_gaussian_evidence_guarded_scalar_known_censor,79,1,221,11,232,225,7,True,225,10,215,10,0,-6
intermittent,marked_gaussian_evidence_guarded_scalar_known_censor,79,2,209,2,211,29,182,True,225,23,202,10,183,-7
intermittent,marked_gaussian_evidence_guarded_scalar_known_censor,80,1,215,11,226,223,3,True,223,1,222,1,0,7
intermittent,marked_gaussian_evidence_guarded_scalar_known_censor,80,2,202,0,202,17,185,True,223,168,55,1,39,-147
intermittent,marked_gaussian_evidence_guarded_scalar_known_censor,81,1,222,11,233,228,5,True,228,4,224,4,0,2
intermittent,marked_gaussian_evidence_guarded_scalar_known_censor,81,2,55,0,55,19,36,True,228,18,210,4,195,155
intermittent,marked_gaussian_evidence_guarded_scalar_known_censor,82,1,224,10,234,231,3,True,231,3,228,3,0,4
intermittent,marked_gaussian_evidence_guarded_scalar_known_censor,82,2,210,1,211,17,194,True,231,16,215,3,201,5
intermittent,marked_gaussian_evidence_guarded_scalar_known_censor,83,1,228,10,238,236,2,True,236,1,235,1,0,7
intermittent,marked_gaussian_evidence_guarded_scalar_known_censor,83,2,215,0,215,17,198,True,236,20,216,1,200,1
intermittent,marked_gaussian_evidence_guarded_scalar_known_censor,84,1,235,12,247,235,12,True,235,5,230,5,0,-5
intermittent,marked_gaussian_evidence_guarded_scalar_known_censor,84,2,216,1,217,21,196,False,21,0,21,0,0,-195
intermittent,marked_gaussian_evidence_guarded_scalar_known_censor,85,1,230,10,240,233,7,True,233,5,228,5,0,-2
intermittent,marked_gaussian_evidence_guarded_scalar_known_censor,85,2,21,0,21,20,1,True,233,5,228,5,213,207
intermittent,marked_gaussian_evidence_guarded_scalar_known_censor,86,1,228,10,238,236,2,False,236,0,236,0,0,8
intermittent,marked_gaussian_evidence_guarded_scalar_known_censor,86,2,228,0,228,15,213,True,236,14,222,0,207,-6
intermittent,marked_gaussian_evidence_guarded_scalar_known_censor,87,1,236,10,246,239,7,True,239,6,233,6,0,-3
intermittent,marked_gaussian_evidence_guarded_scalar_known_censor,87,2,222,0,222,20,202,True,239,14,225,6,211,3
intermittent,marked_gaussian_evidence_guarded_scalar_known_censor,88,1,233,10,243,241,2,True,241,0,241,0,0,8
intermittent,marked_gaussian_evidence_guarded_scalar_known_censor,88,2,225,0,225,14,211,True,241,26,215,0,201,-10
intermittent,marked_gaussian_evidence_guarded_scalar_known_censor,89,1,241,10,251,241,10,True,241,6,235,6,0,-6
intermittent,marked_gaussian_evidence_guarded_scalar_known_censor,89,2,215,1,216,21,195,True,241,198,43,6,28,-172
intermittent,marked_gaussian_evidence_guarded_scalar_known_censor,90,1,235,9,244,239,5,True,239,1,238,1,0,3
intermittent,marked_gaussian_evidence_guarded_scalar_known_censor,90,2,43,0,43,15,28,True,239,26,213,1,199,170
intermittent,marked_gaussian_evidence_guarded_scalar_known_censor,91,1,238,9,247,239,8,True,239,6,233,6,0,-5
intermittent,marked_gaussian_evidence_guarded_scalar_known_censor,91,2,213,1,214,20,194,True,239,198,41,6,27,-172
intermittent,marked_gaussian_evidence_guarded_scalar_known_censor,92,1,233,9,242,241,1,True,241,1,240,1,0,7
intermittent,marked_gaussian_evidence_guarded_scalar_known_censor,92,2,41,1,42,16,26,True,241,16,225,1,210,184
intermittent,marked_gaussian_evidence_guarded_scalar_known_censor,93,1,240,10,250,244,6,True,244,4,240,4,0,0
intermittent,marked_gaussian_evidence_guarded_scalar_known_censor,93,2,225,1,226,21,205,True,244,17,227,4,210,2
intermittent,marked_gaussian_evidence_guarded_scalar_known_censor,94,1,240,10,250,243,7,False,243,0,243,0,0,3
intermittent,marked_gaussian_evidence_guarded_scalar_known_censor,94,2,227,1,228,18,210,True,244,207,37,1,20,-190
intermittent,marked_gaussian_evidence_guarded_scalar_known_censor,95,1,243,10,253,247,6,True,247,8,239,8,0,-4
intermittent,marked_gaussian_evidence_guarded_scalar_known_censor,95,2,37,2,39,22,17,True,247,13,234,8,220,197
intermittent,marked_gaussian_evidence_guarded_scalar_known_censor,96,1,239,11,250,249,1,True,249,1,248,1,0,9
intermittent,marked_gaussian_evidence_guarded_scalar_known_censor,96,2,234,1,235,16,219,True,249,17,232,1,217,-2
intermittent,marked_gaussian_evidence_guarded_scalar_known_censor,97,1,248,11,259,249,10,False,249,0,249,0,0,1
intermittent,marked_gaussian_evidence_guarded_scalar_known_censor,97,2,232,2,234,22,212,False,22,0,22,0,0,-210
intermittent,marked_gaussian_evidence_guarded_scalar_known_censor,98,1,249,10,259,252,7,False,252,0,252,0,0,3
intermittent,marked_gaussian_evidence_guarded_scalar_known_censor,98,2,22,1,23,21,2,False,21,0,21,0,0,-1
intermittent,marked_gaussian_evidence_guarded_scalar_known_censor,99,1,252,10,262,255,7,False,255,0,255,0,0,3
intermittent,marked_gaussian_evidence_guarded_scalar_known_censor,99,2,21,1,22,22,0,False,22,0,22,0,0,1
intermittent,marked_gaussian_evidence_guarded_scalar_known_censor,100,1,255,11,266,257,9,False,257,0,257,0,0,2
intermittent,marked_gaussian_evidence_guarded_scalar_known_censor,100,2,22,1,23,20,3,False,20,0,20,0,0,-2
intermittent,marked_gaussian_evidence_guarded_scalar_known_censor,101,1,257,11,268,252,16,False,252,0,252,0,0,-5
intermittent,marked_gaussian_evidence_guarded_scalar_known_censor,101,2,20,1,21,19,2,False,19,0,19,0,0,-1
intermittent,marked_gaussian_evidence_guarded_scalar_known_censor,102,1,252,11,263,243,20,False,243,0,243,0,0,-9
intermittent,marked_gaussian_evidence_guarded_scalar_known_censor,102,2,19,1,20,19,1,False,19,0,19,0,0,0
intermittent,marked_gaussian_evidence_guarded_scalar_known_censor,103,1,243,9,252,243,9,False,243,0,243,0,0,0
intermittent,marked_gaussian_evidence_guarded_scalar_known_censor,103,2,19,1,20,19,1,False,19,0,19,0,0,0
intermittent,marked_gaussian_evidence_guarded_scalar_known_censor,104,1,243,11,254,244,10,False,244,0,244,0,0,1
intermittent,marked_gaussian_evidence_guarded_scalar_known_censor,104,2,19,0,19,16,3,False,16,0,16,0,0,-3
intermittent,marked_gaussian_evidence_guarded_scalar_known_censor,105,1,244,11,255,241,14,False,241,0,241,0,0,-3
intermittent,marked_gaussian_evidence_guarded_scalar_known_censor,105,2,16,0,16,15,1,False,15,0,15,0,0,-1
intermittent,marked_gaussian_evidence_guarded_scalar_known_censor,106,1,241,9,250,238,12,False,238,0,238,0,0,-3
intermittent,marked_gaussian_evidence_guarded_scalar_known_censor,106,2,15,0,15,14,1,False,14,0,14,0,0,-1
intermittent,marked_gaussian_evidence_guarded_scalar_known_censor,107,1,238,9,247,240,7,False,240,0,240,0,0,2
intermittent,marked_gaussian_evidence_guarded_scalar_known_censor,107,2,14,0,14,14,0,False,14,0,14,0,0,0
intermittent,marked_gaussian_evidence_guarded_scalar_known_censor,108,1,240,9,249,240,9,False,240,0,240,0,0,0
intermittent,marked_gaussian_evidence_guarded_scalar_known_censor,108,2,14,0,14,14,0,False,14,0,14,0,0,0
intermittent,marked_gaussian_evidence_guarded_scalar_known_censor,109,1,240,9,249,243,6,False,243,0,243,0,0,3
intermittent,marked_gaussian_evidence_guarded_scalar_known_censor,109,2,14,0,14,14,0,False,14,0,14,0,0,0
intermittent,marked_gaussian_evidence_guarded_scalar_known_censor,110,1,243,9,252,242,10,False,242,0,242,0,0,-1
intermittent,marked_gaussian_evidence_guarded_scalar_known_censor,110,2,14,0,14,13,1,False,13,0,13,0,0,-1
intermittent,marked_gaussian_evidence_guarded_scalar_known_censor,111,1,242,9,251,240,11,False,240,0,240,0,0,-2
intermittent,marked_gaussian_evidence_guarded_scalar_known_censor,111,2,13,2,15,15,0,False,15,0,15,0,0,2
intermittent,marked_gaussian_evidence_guarded_scalar_known_censor,112,1,240,10,250,241,9,False,241,0,241,0,0,1
intermittent,marked_gaussian_evidence_guarded_scalar_known_censor,112,2,15,1,16,14,2,False,14,0,14,0,0,-1
intermittent,marked_gaussian_evidence_guarded_scalar_known_censor,113,1,241,10,251,242,9,False,242,0,242,0,0,1
intermittent,marked_gaussian_evidence_guarded_scalar_known_censor,113,2,14,2,16,16,0,False,16,0,16,0,0,2
intermittent,marked_gaussian_evidence_guarded_scalar_known_censor,114,1,242,9,251,241,10,False,241,0,241,0,0,-1
intermittent,marked_gaussian_evidence_guarded_scalar_known_censor,114,2,16,3,19,19,0,False,19,0,19,0,0,3
intermittent,marked_gaussian_evidence_guarded_scalar_known_censor,115,1,241,8,249,236,13,False,236,0,236,0,0,-5
intermittent,marked_gaussian_evidence_guarded_scalar_known_censor,115,2,19,3,22,21,1,False,21,0,21,0,0,2
intermittent,marked_gaussian_evidence_guarded_scalar_known_censor,116,1,236,8,244,236,8,False,236,0,236,0,0,0
intermittent,marked_gaussian_evidence_guarded_scalar_known_censor,116,2,21,3,24,22,2,False,22,0,22,0,0,1
intermittent,marked_gaussian_evidence_guarded_scalar_known_censor,117,1,236,8,244,236,8,False,236,0,236,0,0,0
intermittent,marked_gaussian_evidence_guarded_scalar_known_censor,117,2,22,2,24,18,6,False,18,0,18,0,0,-4
intermittent,marked_gaussian_evidence_guarded_scalar_known_censor,118,1,236,9,245,235,10,False,235,0,235,0,0,-1
intermittent,marked_gaussian_evidence_guarded_scalar_known_censor,118,2,18,1,19,15,4,False,15,0,15,0,0,-3
intermittent,marked_gaussian_evidence_guarded_scalar_known_censor,119,1,235,8,243,235,8,False,235,0,235,0,0,0
intermittent,marked_gaussian_evidence_guarded_scalar_known_censor,119,2,15,2,17,13,4,False,13,0,13,0,0,-2
intermittent,marked_gaussian_evidence_guarded_scalar_known_censor,120,1,235,8,243,238,5,False,238,0,238,0,0,3
intermittent,marked_gaussian_evidence_guarded_scalar_known_censor,120,2,13,2,15,14,1,False,14,0,14,0,0,1
intermittent,marked_gaussian_evidence_guarded_scalar_known_censor,121,1,238,9,247,240,7,False,240,0,240,0,0,2
intermittent,marked_gaussian_evidence_guarded_scalar_known_censor,121,2,14,4,18,17,1,False,17,0,17,0,0,3
intermittent,marked_gaussian_evidence_guarded_scalar_known_censor,122,1,240,10,250,242,8,False,242,0,242,0,0,2
intermittent,marked_gaussian_evidence_guarded_scalar_known_censor,122,2,17,3,20,17,3,False,17,0,17,0,0,0
intermittent,marked_gaussian_evidence_guarded_scalar_known_censor,123,1,242,10,252,243,9,False,243,0,243,0,0,1
intermittent,marked_gaussian_evidence_guarded_scalar_known_censor,123,2,17,3,20,19,1,False,19,0,19,0,0,2
intermittent,marked_gaussian_evidence_guarded_scalar_known_censor,124,1,243,10,253,241,12,False,241,0,241,0,0,-2
intermittent,marked_gaussian_evidence_guarded_scalar_known_censor,124,2,19,4,23,18,5,False,18,0,18,0,0,-1
intermittent,marked_gaussian_evidence_guarded_scalar_known_censor,125,1,241,9,250,236,14,False,236,0,236,0,0,-5
intermittent,marked_gaussian_evidence_guarded_scalar_known_censor,125,2,18,2,20,17,3,False,17,0,17,0,0,-1
intermittent,marked_gaussian_evidence_guarded_scalar_known_censor,126,1,236,9,245,239,6,False,239,0,239,0,0,3
intermittent,marked_gaussian_evidence_guarded_scalar_known_censor,126,2,17,2,19,15,4,False,15,0,15,0,0,-2
intermittent,marked_gaussian_evidence_guarded_scalar_known_censor,127,1,239,12,251,242,9,False,242,0,242,0,0,3
intermittent,marked_gaussian_evidence_guarded_scalar_known_censor,127,2,15,2,17,13,4,False,13,0,13,0,0,-2
intermittent,marked_gaussian_evidence_guarded_scalar_known_censor,128,1,242,10,252,243,9,False,243,0,243,0,0,1
intermittent,marked_gaussian_evidence_guarded_scalar_known_censor,128,2,13,1,14,11,3,False,11,0,11,0,0,-2
intermittent,marked_gaussian_evidence_guarded_scalar_known_censor,129,1,243,13,256,245,11,False,245,0,245,0,0,2
intermittent,marked_gaussian_evidence_guarded_scalar_known_censor,129,2,11,1,12,10,2,False,10,0,10,0,0,-1
intermittent,marked_gaussian_evidence_guarded_scalar_known_censor,130,1,245,11,256,247,9,False,247,0,247,0,0,2
intermittent,marked_gaussian_evidence_guarded_scalar_known_censor,130,2,10,2,12,10,2,False,10,0,10,0,0,0
intermittent,marked_gaussian_evidence_guarded_scalar_known_censor,131,1,247,13,260,248,12,False,248,0,248,0,0,1
intermittent,marked_gaussian_evidence_guarded_scalar_known_censor,131,2,10,1,11,8,3,False,8,0,8,0,0,-2
intermittent,marked_gaussian_evidence_guarded_scalar_known_censor,132,1,248,13,261,247,14,False,247,0,247,0,0,-1
intermittent,marked_gaussian_evidence_guarded_scalar_known_censor,132,2,8,1,9,8,1,False,8,0,8,0,0,0
intermittent,marked_gaussian_evidence_guarded_scalar_known_censor,133,1,247,13,260,246,14,False,246,0,246,0,0,-1
intermittent,marked_gaussian_evidence_guarded_scalar_known_censor,133,2,8,0,8,7,1,False,7,0,7,0,0,-1
intermittent,marked_gaussian_evidence_guarded_scalar_known_censor,134,1,246,13,259,247,12,False,247,0,247,0,0,1
intermittent,marked_gaussian_evidence_guarded_scalar_known_censor,134,2,7,0,7,7,0,False,7,0,7,0,0,0
intermittent,marked_gaussian_evidence_guarded_scalar_known_censor,135,1,247,12,259,246,13,False,246,0,246,0,0,-1
intermittent,marked_gaussian_evidence_guarded_scalar_known_censor,135,2,7,1,8,8,0,False,8,0,8,0,0,1
intermittent,marked_gaussian_evidence_guarded_scalar_known_censor,136,1,246,12,258,250,8,False,250,0,250,0,0,4
intermittent,marked_gaussian_evidence_guarded_scalar_known_censor,136,2,8,1,9,7,2,False,7,0,7,0,0,-1
intermittent,marked_gaussian_evidence_guarded_scalar_known_censor,137,1,250,13,263,246,17,False,246,0,246,0,0,-4
intermittent,marked_gaussian_evidence_guarded_scalar_known_censor,137,2,7,0,7,6,1,False,6,0,6,0,0,-1
intermittent,marked_gaussian_evidence_guarded_scalar_known_censor,138,1,246,11,257,246,11,False,246,0,246,0,0,0
intermittent,marked_gaussian_evidence_guarded_scalar_known_censor,138,2,6,3,9,9,0,False,9,0,9,0,0,3
intermittent,marked_gaussian_evidence_guarded_scalar_known_censor,139,1,246,12,258,245,13,False,245,0,245,0,0,-1
intermittent,marked_gaussian_evidence_guarded_scalar_known_censor,139,2,9,3,12,12,0,False,12,0,12,0,0,3
intermittent,marked_gaussian_evidence_guarded_scalar_known_censor,140,1,245,11,256,244,12,False,244,0,244,0,0,-1
intermittent,marked_gaussian_evidence_guarded_scalar_known_censor,140,2,12,3,15,13,2,False,13,0,13,0,0,1
intermittent,marked_gaussian_evidence_guarded_scalar_known_censor,141,1,244,13,257,247,10,False,247,0,247,0,0,3
intermittent,marked_gaussian_evidence_guarded_scalar_known_censor,141,2,13,2,15,11,4,False,11,0,11,0,0,-2
intermittent,marked_gaussian_evidence_guarded_scalar_known_censor,142,1,247,13,260,243,17,False,243,0,243,0,0,-4
intermittent,marked_gaussian_evidence_guarded_scalar_known_censor,142,2,11,2,13,11,2,False,11,0,11,0,0,0
intermittent,marked_gaussian_evidence_guarded_scalar_known_censor,143,1,243,12,255,242,13,False,242,0,242,0,0,-1
intermittent,marked_gaussian_evidence_guarded_scalar_known_censor,143,2,11,1,12,12,0,False,12,0,12,0,0,1
intermittent,marked_gaussian_evidence_guarded_scalar_known_censor,144,1,242,12,254,244,10,False,244,0,244,0,0,2
intermittent,marked_gaussian_evidence_guarded_scalar_known_censor,144,2,12,2,14,14,0,False,14,0,14,0,0,2
intermittent,marked_gaussian_evidence_guarded_scalar_known_censor,145,1,244,13,257,245,12,True,247,3,244,3,2,0
intermittent,marked_gaussian_evidence_guarded_scalar_known_censor,145,2,14,2,16,11,5,False,11,0,11,0,0,-3
intermittent,marked_gaussian_evidence_guarded_scalar_known_censor,146,1,244,14,258,250,8,True,250,5,245,5,0,1
intermittent,marked_gaussian_evidence_guarded_scalar_known_censor,146,2,11,2,13,13,0,False,13,0,13,0,0,2
intermittent,marked_gaussian_evidence_guarded_scalar_known_censor,147,1,245,14,259,253,6,False,253,0,253,0,0,8
intermittent,marked_gaussian_evidence_guarded_scalar_known_censor,147,2,13,2,15,12,3,True,253,4,249,4,241,236
intermittent,marked_gaussian_evidence_guarded_scalar_known_censor,148,1,253,14,267,259,8,True,259,6,253,6,0,0
intermittent,marked_gaussian_evidence_guarded_scalar_known_censor,148,2,249,3,252,250,2,True,259,7,252,6,8,3
intermittent,marked_gaussian_evidence_guarded_scalar_known_censor,149,1,253,14,267,258,9,True,258,3,255,3,0,2
intermittent,marked_gaussian_evidence_guarded_scalar_known_censor,149,2,252,4,256,249,7,True,258,3,255,3,9,3
intermittent,marked_gaussian_evidence_guarded_scalar_known_censor,150,1,255,13,268,259,9,True,259,8,251,8,0,-4
intermittent,marked_gaussian_evidence_guarded_scalar_known_censor,150,2,255,2,257,21,236,True,259,21,238,8,225,-17
intermittent,marked_gaussian_evidence_guarded_scalar_known_censor,151,1,251,14,265,264,1,True,264,1,263,1,0,12
intermittent,marked_gaussian_evidence_guarded_scalar_known_censor,151,2,238,3,241,16,225,True,264,5,259,1,244,21
intermittent,marked_gaussian_evidence_guarded_scalar_known_censor,152,1,263,15,278,270,8,True,270,6,264,6,0,1
intermittent,marked_gaussian_evidence_guarded_scalar_known_censor,152,2,259,5,264,30,234,True,270,238,32,6,8,-227
intermittent,marked_gaussian_evidence_guarded_scalar_known_censor,153,1,264,14,278,277,1,True,277,3,274,3,0,10
intermittent,marked_gaussian_evidence_guarded_scalar_known_censor,153,2,32,5,37,28,9,True,277,8,269,3,244,237
intermittent,marked_gaussian_evidence_guarded_scalar_known_censor,154,1,274,15,289,282,7,True,282,16,266,16,0,-8
intermittent,marked_gaussian_evidence_guarded_scalar_known_censor,154,2,269,5,274,262,12,True,282,16,266,16,20,-3
intermittent,marked_gaussian_evidence_guarded_scalar_known_censor,155,1,266,14,280,277,3,True,277,5,272,5,0,6
intermittent,marked_gaussian_evidence_guarded_scalar_known_censor,155,2,266,6,272,24,248,True,277,237,40,5,21,-226
intermittent,marked_gaussian_evidence_guarded_scalar_known_censor,156,1,272,14,286,279,7,True,280,8,272,8,1,0
intermittent,marked_gaussian_evidence_guarded_scalar_known_censor,156,2,40,4,44,29,15,True,280,13,267,8,246,227
intermittent,marked_gaussian_evidence_guarded_scalar_known_censor,157,1,272,15,287,282,5,True,284,5,279,5,2,7
intermittent,marked_gaussian_evidence_guarded_scalar_known_censor,157,2,267,5,272,28,244,True,284,234,50,5,27,-217
intermittent,marked_gaussian_evidence_guarded_scalar_known_censor,158,1,279,14,293,284,9,True,286,10,276,10,2,-3
intermittent,marked_gaussian_evidence_guarded_scalar_known_censor,158,2,50,6,56,34,22,True,286,18,268,10,244,218
intermittent,marked_gaussian_evidence_guarded_scalar_known_censor,159,1,276,14,290,280,10,True,284,4,280,4,4,4
intermittent,marked_gaussian_evidence_guarded_scalar_known_censor,159,2,268,4,272,26,246,True,284,18,266,4,244,-2
intermittent,marked_gaussian_evidence_guarded_scalar_known_censor,160,1,280,13,293,278,15,True,278,8,270,8,0,-10
intermittent,marked_gaussian_evidence_guarded_scalar_known_censor,160,2,266,3,269,23,246,True,278,233,45,8,30,-221
intermittent,marked_gaussian_evidence_guarded_scalar_known_censor,161,1,270,13,283,281,2,True,281,2,279,2,0,9
intermittent,marked_gaussian_evidence_guarded_scalar_known_censor,161,2,45,2,47,17,30,False,17,0,17,0,0,-28
intermittent,marked_gaussian_evidence_guarded_scalar_known_censor,162,1,279,14,293,283,10,True,283,2,281,2,0,2
intermittent,marked_gaussian_evidence_guarded_scalar_known_censor,162,2,17,2,19,14,5,True,283,2,281,2,269,264
intermittent,marked_gaussian_evidence_guarded_scalar_known_censor,163,1,281,12,293,279,14,True,279,8,271,8,0,-10
intermittent,marked_gaussian_evidence_guarded_scalar_known_censor,163,2,281,2,283,23,260,True,279,249,30,8,15,-251
intermittent,marked_gaussian_evidence_guarded_scalar_known_censor,164,1,271,11,282,282,0,True,282,2,280,2,0,9
intermittent,marked_gaussian_evidence_guarded_scalar_known_censor,164,2,30,2,32,15,17,True,282,5,277,2,264,247
intermittent,marked_gaussian_evidence_guarded_scalar_known_censor,165,1,280,12,292,286,6,True,286,7,279,7,0,-1
intermittent,marked_gaussian_evidence_guarded_scalar_known_censor,165,2,277,2,279,22,257,True,286,12,274,7,259,-3
intermittent,marked_gaussian_evidence_guarded_scalar_known_censor,166,1,279,12,291,286,5,True,287,3,284,3,1,5
intermittent,marked_gaussian_evidence_guarded_scalar_known_censor,166,2,274,3,277,15,262,True,287,242,45,3,33,-229
intermittent,marked_gaussian_evidence_guarded_scalar_known_censor,167,1,284,11,295,284,11,True,286,8,278,8,2,-6
intermittent,marked_gaussian_evidence_guarded_scalar_known_censor,167,2,45,5,50,22,28,True,286,13,273,8,259,228
intermittent,marked_gaussian_evidence_guarded_scalar_known_censor,168,1,278,10,288,282,6,True,285,5,280,5,3,2
intermittent,marked_gaussian_evidence_guarded_scalar_known_censor,168,2,273,4,277,18,259,True,285,240,45,5,32,-228
intermittent,marked_gaussian_evidence_guarded_scalar_known_censor,169,1,280,10,290,281,9,True,286,7,279,7,5,-1
intermittent,marked_gaussian_evidence_guarded_scalar_known_censor,169,2,45,4,49,22,27,True,286,11,275,7,260,230
intermittent,marked_gaussian_evidence_guarded_scalar_known_censor,170,1,279,10,289,284,5,True,287,3,284,3,3,5
intermittent,marked_gaussian_evidence_guarded_scalar_known_censor,170,2,275,3,278,18,260,True,287,240,47,3,32,-228
intermittent,marked_gaussian_evidence_guarded_scalar_known_censor,171,1,284,10,294,282,12,True,289,6,283,6,7,-1
intermittent,marked_gaussian_evidence_guarded_scalar_known_censor,171,2,47,3,50,23,27,True,289,10,279,6,262,232
intermittent,marked_gaussian_evidence_guarded_scalar_known_censor,172,1,283,10,293,286,7,True,286,3,283,3,0,0
intermittent,marked_gaussian_evidence_guarded_scalar_known_censor,172,2,279,3,282,16,266,True,286,3,283,3,270,4
intermittent,marked_gaussian_evidence_guarded_scalar_known_censor,173,1,283,11,294,289,5,False,289,0,289,0,0,6
intermittent,marked_gaussian_evidence_guarded_scalar_known_censor,173,2,283,4,287,23,264,True,290,7,283,6,266,0
intermittent,marked_gaussian_evidence_guarded_scalar_known_censor,174,1,289,11,300,289,11,True,290,10,280,10,1,-9
intermittent,marked_gaussian_evidence_guarded_scalar_known_censor,174,2,283,7,290,22,268,True,290,252,38,10,26,-245
intermittent,marked_gaussian_evidence_guarded_scalar_known_censor,175,1,280,10,290,283,7,True,283,10,273,10,0,-7
intermittent,marked_gaussian_evidence_guarded_scalar_known_censor,175,2,38,6,44,22,22,True,283,10,273,10,261,235
intermittent,marked_gaussian_evidence_guarded_scalar_known_censor,176,1,273,9,282,280,2,True,281,4,277,4,1,4
intermittent,marked_gaussian_evidence_guarded_scalar_known_censor,176,2,273,4,277,17,260,True,281,4,277,4,264,4
intermittent,marked_gaussian_evidence_guarded_scalar_known_censor,177,1,277,11,288,284,4,True,284,8,276,8,0,-1
intermittent,marked_gaussian_evidence_guarded_scalar_known_censor,177,2,277,5,282,20,262,True,284,246,38,8,26,-239
intermittent,marked_gaussian_evidence_guarded_scalar_known_censor,178,1,276,10,286,282,4,True,282,5,277,5,0,1
intermittent,marked_gaussian_evidence_guarded_scalar_known_censor,178,2,38,4,42,17,25,True,282,6,276,5,264,238
intermittent,marked_gaussian_evidence_guarded_scalar_known_censor,179,1,277,10,287,259,28,True,259,7,252,7,0,-25
intermittent,marked_gaussian_evidence_guarded_scalar_known_censor,179,2,276,4,280,18,262,True,259,245,14,7,3,-262
intermittent,marked_gaussian_evidence_guarded_scalar_known_censor,180,1,252,10,262,259,3,True,259,5,254,5,0,2
intermittent,marked_gaussian_evidence_guarded_scalar_known_censor,180,2,14,2,16,15,1,True,259,5,254,5,244,240
intermittent,marked_gaussian_evidence_guarded_scalar_known_censor,181,1,254,11,265,262,3,True,263,2,261,2,1,7
intermittent,marked_gaussian_evidence_guarded_scalar_known_censor,181,2,254,4,258,18,240,True,263,240,23,2,7,-231
intermittent,marked_gaussian_evidence_guarded_scalar_known_censor,182,1,261,10,271,262,9,True,264,5,259,5,2,-2
intermittent,marked_gaussian_evidence_guarded_scalar_known_censor,182,2,23,4,27,21,6,False,21,0,21,0,0,-2
intermittent,marked_gaussian_evidence_guarded_scalar_known_censor,183,1,259,11,270,268,2,True,268,5,263,5,0,4
intermittent,marked_gaussian_evidence_guarded_scalar_known_censor,183,2,21,3,24,19,5,True,268,5,263,5,249,242
intermittent,marked_gaussian_evidence_guarded_scalar_known_censor,184,1,263,12,275,271,4,True,272,3,269,3,1,6
intermittent,marked_gaussian_evidence_guarded_scalar_known_censor,184,2,263,3,266,22,244,True,272,243,29,3,10,-234
intermittent,marked_gaussian_evidence_guarded_scalar_known_censor,185,1,269,11,280,265,15,True,265,10,255,10,0,-14
intermittent,marked_gaussian_evidence_guarded_scalar_known_censor,185,2,29,4,33,24,9,True,265,10,255,10,241,226
intermittent,marked_gaussian_evidence_guarded_scalar_known_censor,186,1,255,9,264,260,4,True,260,6,254,6,0,-1
intermittent,marked_gaussian_evidence_guarded_scalar_known_censor,186,2,255,3,258,19,239,True,260,6,254,6,241,-1
intermittent,marked_gaussian_evidence_guarded_scalar_known_censor,187,1,254,10,264,259,5,False,259,0,259,0,0,5
intermittent,marked_gaussian_evidence_guarded_scalar_known_censor,187,2,254,4,258,257,1,True,259,6,253,6,2,-1
intermittent,marked_gaussian_evidence_guarded_scalar_known_censor,188,1,259,9,268,259,9,True,260,5,255,5,1,-4
intermittent,marked_gaussian_evidence_guarded_scalar_known_censor,188,2,253,5,258,257,1,True,260,5,255,5,3,2
intermittent,marked_gaussian_evidence_guarded_scalar_known_censor,189,1,255,9,264,262,2,True,262,7,255,7,0,0
intermittent,marked_gaussian_evidence_guarded_scalar_known_censor,189,2,255,6,261,21,240,True,262,7,255,7,241,0
intermittent,marked_gaussian_evidence_guarded_scalar_known_censor,190,1,255,10,265,261,4,True,262,6,256,6,1,1
intermittent,marked_gaussian_evidence_guarded_scalar_known_censor,190,2,255,4,259,20,239,True,262,6,256,6,242,1
intermittent,marked_gaussian_evidence_guarded_scalar_known_censor,191,1,256,10,266,263,3,True,265,6,259,6,2,3
intermittent,marked_gaussian_evidence_guarded_scalar_known_censor,191,2,256,6,262,22,240,True,265,242,23,6,7,-233
intermittent,marked_gaussian_evidence_guarded_scalar_known_censor,192,1,259,11,270,264,6,True,265,7,258,7,1,-1
intermittent,marked_gaussian_evidence_guarded_scalar_known_censor,192,2,23,6,29,23,6,True,265,8,257,7,241,234
intermittent,marked_gaussian_evidence_guarded_scalar_known_censor,193,1,258,9,267,261,6,True,265,5,260,5,4,2
intermittent,marked_gaussian_evidence_guarded_scalar_known_censor,193,2,257,5,262,25,237,True,265,6,259,5,239,2
intermittent,marked_gaussian_evidence_guarded_scalar_known_censor,194,1,260,10,270,261,9,True,265,1,264,1,4,4
intermittent,marked_gaussian_evidence_guarded_scalar_known_censor,194,2,259,4,263,22,241,True,265,237,28,1,7,-231
intermittent,marked_gaussian_evidence_guarded_scalar_known_censor,195,1,264,10,274,260,14,True,262,9,253,9,2,-11
intermittent,marked_gaussian_evidence_guarded_scalar_known_censor,195,2,28,2,30,24,6,True,262,10,252,9,237,224
intermittent,marked_gaussian_evidence_guarded_scalar_known_censor,196,1,253,9,262,256,6,True,261,2,259,2,5,6
intermittent,marked_gaussian_evidence_guarded_scalar_known_censor,196,2,252,3,255,18,237,True,261,238,23,2,7,-229
intermittent,marked_gaussian_evidence_guarded_scalar_known_censor,197,1,259,11,270,258,12,True,258,8,250,8,0,-9
intermittent,marked_gaussian_evidence_guarded_scalar_known_censor,197,2,23,3,26,19,7,True,258,8,250,8,239,227
intermittent,marked_gaussian_evidence_guarded_scalar_known_censor,198,1,250,8,258,257,1,True,258,2,256,2,1,6
intermittent,marked_gaussian_evidence_guarded_scalar_known_censor,198,2,250,3,253,14,239,True,258,239,19,2,7,-231
intermittent,marked_gaussian_evidence_guarded_scalar_known_censor,199,1,256,11,267,263,4,True,264,6,258,6,1,2
intermittent,marked_gaussian_evidence_guarded_scalar_known_censor,199,2,19,3,22,21,1,False,21,0,21,0,0,2
intermittent,marked_gaussian_evidence_guarded_scalar_known_censor,200,1,258,11,269,265,4,False,265,0,265,0,0,7
intermittent,marked_gaussian_evidence_guarded_scalar_known_censor,200,2,21,3,24,23,1,True,266,7,259,7,243,238
intermittent,marked_gaussian_evidence_guarded_scalar_known_censor,201,1,265,12,277,272,5,True,273,3,270,3,1,5
intermittent,marked_gaussian_evidence_guarded_scalar_known_censor,201,2,259,2,261,20,241,True,273,5,268,3,251,9
intermittent,marked_gaussian_evidence_guarded_scalar_known_censor,202,1,270,12,282,271,11,True,272,5,267,5,1,-3
intermittent,marked_gaussian_evidence_guarded_scalar_known_censor,202,2,268,2,270,26,244,True,272,242,30,5,9,-238
intermittent,marked_gaussian_evidence_guarded_scalar_known_censor,203,1,267,11,278,266,12,True,267,6,261,6,1,-6
intermittent,marked_gaussian_evidence_guarded_scalar_known_censor,203,2,30,4,34,22,12,False,22,0,22,0,0,-8
intermittent,marked_gaussian_evidence_guarded_scalar_known_censor,204,1,261,10,271,265,6,True,267,5,262,5,2,1
intermittent,marked_gaussian_evidence_guarded_scalar_known_censor,204,2,22,3,25,22,3,True,267,5,262,5,245,240
intermittent,marked_gaussian_evidence_guarded_scalar_known_censor,205,1,262,10,272,265,7,True,267,7,260,7,2,-2
intermittent,marked_gaussian_evidence_guarded_scalar_known_censor,205,2,262,3,265,27,238,True,267,243,24,7,4,-238
intermittent,marked_gaussian_evidence_guarded_scalar_known_censor,206,1,260,10,270,266,4,False,266,0,266,0,0,6
intermittent,marked_gaussian_evidence_guarded_scalar_known_censor,206,2,24,4,28,21,7,True,267,5,262,5,246,238
intermittent,marked_gaussian_evidence_guarded_scalar_known_censor,207,1,266,10,276,266,10,True,268,9,259,9,2,-7
intermittent,marked_gaussian_evidence_guarded_scalar_known_censor,207,2,262,4,266,26,240,True,268,245,23,9,6,-239
intermittent,marked_gaussian_evidence_guarded_scalar_known_censor,208,1,259,10,269,267,2,True,267,4,263,4,0,4
intermittent,marked_gaussian_evidence_guarded_scalar_known_censor,208,2,23,3,26,21,5,True,267,4,263,4,246,240
intermittent,marked_gaussian_evidence_guarded_scalar_known_censor,209,1,263,10,273,265,8,True,267,8,259,8,2,-4
intermittent,marked_gaussian_evidence_guarded_scalar_known_censor,209,2,263,3,266,26,240,True,267,244,23,8,5,-240
intermittent,marked_gaussian_evidence_guarded_scalar_known_censor,210,1,259,10,269,266,3,True,267,5,262,5,1,3
intermittent,marked_gaussian_evidence_guarded_scalar_known_censor,210,2,23,5,28,25,3,True,267,5,262,5,242,239
intermittent,marked_gaussian_evidence_guarded_scalar_known_censor,211,1,262,10,272,264,8,True,266,9,257,9,2,-5
intermittent,marked_gaussian_evidence_guarded_scalar_known_censor,211,2,262,4,266,28,238,True,266,245,21,9,2,-241
intermittent,marked_gaussian_evidence_guarded_scalar_known_censor,212,1,257,10,267,264,3,True,264,4,260,4,0,3
intermittent,marked_gaussian_evidence_guarded_scalar_known_censor,212,2,21,3,24,20,4,True,264,4,260,4,244,239
intermittent,marked_gaussian_evidence_guarded_scalar_known_censor,213,1,260,11,271,266,5,True,266,5,261,5,0,1
intermittent,marked_gaussian_evidence_guarded_scalar_known_censor,213,2,260,2,262,26,236,True,266,5,261,5,240,1
intermittent,marked_gaussian_evidence_guarded_scalar_known_censor,214,1,261,12,273,268,5,True,268,6,262,6,0,1
intermittent,marked_gaussian_evidence_guarded_scalar_known_censor,214,2,261,3,264,23,241,True,268,6,262,6,245,1
intermittent,marked_gaussian_evidence_guarded_scalar_known_censor,215,1,262,11,273,266,7,True,266,9,257,9,0,-5
intermittent,marked_gaussian_evidence_guarded_scalar_known_censor,215,2,262,4,266,27,239,True,266,9,257,9,239,-5
intermittent,marked_gaussian_evidence_guarded_scalar_known_censor,216,1,257,10,267,255,12,True,262,7,255,7,7,-2
intermittent,marked_gaussian_evidence_guarded_scalar_known_censor,216,2,257,4,261,26,235,True,262,239,23,7,4,-234
intermittent,marked_gaussian_evidence_guarded_scalar_known_censor,217,1,255,9,264,256,8,True,262,6,256,6,6,1
intermittent,marked_gaussian_evidence_guarded_scalar_known_censor,217,2,23,4,27,24,3,False,24,0,24,0,0,1
intermittent,marked_gaussian_evidence_guarded_scalar_known_censor,218,1,256,9,265,256,9,True,263,5,258,5,7,2
intermittent,marked_gaussian_evidence_guarded_scalar_known_censor,218,2,24,3,27,24,3,True,263,5,258,5,239,234
intermittent,marked_gaussian_evidence_guarded_scalar_known_censor,219,1,258,8,266,256,10,True,262,6,256,6,6,-2
intermittent,marked_gaussian_evidence_guarded_scalar_known_censor,219,2,258,3,261,24,237,True,262,238,24,6,6,-234
intermittent,marked_gaussian_evidence_guarded_scalar_known_censor,220,1,256,8,264,254,10,True,261,5,256,5,7,0
intermittent,marked_gaussian_evidence_guarded_scalar_known_censor,220,2,24,4,28,24,4,True,261,5,256,5,237,232
intermittent,marked_gaussian_evidence_guarded_scalar_known_censor,221,1,256,8,264,252,12,True,261,4,257,4,9,1
intermittent,marked_gaussian_evidence_guarded_scalar_known_censor,221,2,256,3,259,25,234,True,261,236,25,4,4,-231
intermittent,marked_gaussian_evidence_guarded_scalar_known_censor,222,1,257,8,265,259,6,False,259,0,259,0,0,2
intermittent,marked_gaussian_evidence_guarded_scalar_known_censor,222,2,25,3,28,24,4,True,259,6,253,6,235,228
intermittent,marked_gaussian_evidence_guarded_scalar_known_censor,223,1,259,8,267,253,14,True,259,11,248,5,0,-11
intermittent,marked_gaussian_evidence_guarded_scalar_known_censor,223,2,253,2,255,23,232,True,259,237,22,5,4,-231
intermittent,marked_gaussian_evidence_guarded_scalar_known_censor,224,1,248,9,257,253,4,False,253,0,253,0,0,5
intermittent,marked_gaussian_evidence_guarded_scalar_known_censor,224,2,22,2,24,23,1,True,260,4,256,4,237,234
intermittent,marked_gaussian_evidence_guarded_scalar_known_censor,225,1,253,9,262,254,8,True,261,4,257,4,7,4
intermittent,marked_gaussian_evidence_guarded_scalar_known_censor,225,2,256,2,258,24,234,True,261,236,25,4,5,-231
intermittent,marked_gaussian_evidence_guarded_scalar_known_censor,226,1,257,9,266,256,10,True,262,11,251,5,0,-6
intermittent,marked_gaussian_evidence_guarded_scalar_known_censor,226,2,25,2,27,24,3,True,262,5,257,5,238,232
intermittent,marked_gaussian_evidence_guarded_scalar_known_censor,227,1,251,9,260,256,4,False,256,0,256,0,0,5
intermittent,marked_gaussian_evidence_guarded_scalar_known_censor,227,2,257,2,259,23,236,True,263,236,27,4,8,-230
intermittent,marked_gaussian_evidence_guarded_scalar_known_censor,228,1,256,9,265,257,8,True,258,4,254,4,1,-2
intermittent,marked_gaussian_evidence_guarded_scalar_known_censor,228,2,27,2,29,18,11,True,258,4,254,4,240,227
intermittent,marked_gaussian_evidence_guarded_scalar_known_censor,229,1,254,9,263,258,5,True,258,5,253,5,0,-1
intermittent,marked_gaussian_evidence_guarded_scalar_known_censor,229,2,254,2,256,20,236,True,258,237,21,5,6,-233
intermittent,marked_gaussian_evidence_guarded_scalar_known_censor,230,1,253,9,262,258,4,True,259,4,255,4,1,2
intermittent,marked_gaussian_evidence_guarded_scalar_known_censor,230,2,21,2,23,18,5,True,259,4,255,4,241,234
intermittent,marked_gaussian_evidence_guarded_scalar_known_censor,231,1,255,9,264,260,4,True,260,5,255,5,0,0
intermittent,marked_gaussian_evidence_guarded_scalar_known_censor,231,2,255,2,257,18,239,True,260,237,23,5,10,-232
intermittent,marked_gaussian_evidence_guarded_scalar_known_censor,232,1,255,9,264,259,5,True,260,4,256,4,1,1
intermittent,marked_gaussian_evidence_guarded_scalar_known_censor,232,2,23,2,25,17,8,True,260,4,256,4,243,233
intermittent,marked_gaussian_evidence_guarded_scalar_known_censor,233,1,256,9,265,261,4,True,261,5,256,5,0,0
intermittent,marked_gaussian_evidence_guarded_scalar_known_censor,233,2,256,2,258,19,239,True,261,237,24,5,10,-232
intermittent,marked_gaussian_evidence_guarded_scalar_known_censor,234,1,256,9,265,261,4,True,262,4,258,4,1,2
intermittent,marked_gaussian_evidence_guarded_scalar_known_censor,234,2,24,2,26,20,6,True,262,4,258,4,242,234
intermittent,marked_gaussian_evidence_guarded_scalar_known_censor,235,1,258,9,267,263,4,True,264,3,261,3,1,3
intermittent,marked_gaussian_evidence_guarded_scalar_known_censor,235,2,258,2,260,20,240,True,264,235,29,3,12,-229
intermittent,marked_gaussian_evidence_guarded_scalar_known_censor,236,1,261,9,270,265,5,True,265,4,261,4,0,0
intermittent,marked_gaussian_evidence_guarded_scalar_known_censor,236,2,29,1,30,21,9,True,265,4,261,4,244,232
intermittent,marked_gaussian_evidence_guarded_scalar_known_censor,237,1,261,8,269,264,5,True,266,2,264,2,2,3
intermittent,marked_gaussian_evidence_guarded_scalar_known_censor,237,2,261,2,263,28,235,True,266,234,32,2,6,-229
intermittent,marked_gaussian_evidence_guarded_scalar_known_censor,238,1,264,8,272,267,5,True,267,6,261,6,0,-3
intermittent,marked_gaussian_evidence_guarded_scalar_known_censor,238,2,32,3,35,28,7,True,267,6,261,6,239,229
intermittent,marked_gaussian_evidence_guarded_scalar_known_censor,239,1,261,8,269,257,12,True,265,5,260,4,7,-1
intermittent,marked_gaussian_evidence_guarded_scalar_known_censor,239,2,261,2,263,29,234,True,265,236,29,4,4,-232
intermittent,marked_gaussian_evidence_guarded_scalar_known_censor,240,1,260,7,267,253,14,True,253,5,248,5,0,-12
intermittent,marked_gaussian_evidence_guarded_scalar_known_censor,240,2,29,3,32,17,15,True,253,5,248,5,236,219
intermittent,marked_lineage_known_censor,1,1,0,0,0,0,0,True,0,0,0,0,0,0
intermittent,marked_lineage_known_censor,1,2,0,0,0,0,0,True,0,0,0,0,0,0
intermittent,marked_lineage_known_censor,2,1,0,9,9,9,0,True,9,0,9,0,0,9
intermittent,marked_lineage_known_censor,2,2,0,1,1,1,0,True,9,0,9,0,8,9
intermittent,marked_lineage_known_censor,3,1,9,10,19,19,0,True,19,0,19,0,0,10
intermittent,marked_lineage_known_censor,3,2,9,0,9,7,2,True,19,0,19,0,12,10
intermittent,marked_lineage_known_censor,4,1,19,9,28,26,2,True,26,0,26,0,0,7
intermittent,marked_lineage_known_censor,4,2,19,0,19,15,4,True,26,0,26,0,11,7
intermittent,marked_lineage_known_censor,5,1,26,9,35,32,3,True,32,1,31,1,0,5
intermittent,marked_lineage_known_censor,5,2,26,0,26,21,5,True,32,1,31,1,11,5
intermittent,marked_lineage_known_censor,6,1,31,9,40,38,2,True,38,1,37,1,0,6
intermittent,marked_lineage_known_censor,6,2,31,0,31,25,6,True,38,1,37,1,13,6
intermittent,marked_lineage_known_censor,7,1,37,9,46,44,2,True,44,0,44,0,0,7
intermittent,marked_lineage_known_censor,7,2,37,0,37,25,12,True,44,0,44,0,19,7
intermittent,marked_lineage_known_censor,8,1,44,10,54,51,3,True,51,1,50,1,0,6
intermittent,marked_lineage_known_censor,8,2,44,0,44,25,19,False,25,0,25,0,0,-19
intermittent,marked_lineage_known_censor,9,1,50,9,59,57,2,True,57,2,55,2,0,5
intermittent,marked_lineage_known_censor,9,2,25,1,26,21,5,False,21,0,21,0,0,-4
intermittent,marked_lineage_known_censor,10,1,55,10,65,63,2,True,63,3,60,3,0,5
intermittent,marked_lineage_known_censor,10,2,21,1,22,20,2,True,63,3,60,3,43,39
intermittent,marked_lineage_known_censor,11,1,60,10,70,67,3,True,67,0,67,0,0,7
intermittent,marked_lineage_known_censor,11,2,60,1,61,30,31,True,67,0,67,0,37,7
intermittent,marked_lineage_known_censor,12,1,67,10,77,69,8,True,69,6,63,6,0,-4
intermittent,marked_lineage_known_censor,12,2,67,2,69,31,38,True,69,6,63,6,38,-4
intermittent,marked_lineage_known_censor,13,1,63,10,73,65,8,True,67,3,64,2,1,1
intermittent,marked_lineage_known_censor,13,2,63,0,63,26,37,True,67,2,65,2,41,2
intermittent,marked_lineage_known_censor,14,1,64,10,74,64,10,True,67,6,61,5,2,-3
intermittent,marked_lineage_known_censor,14,2,65,0,65,25,40,True,67,5,62,5,42,-3
intermittent,marked_lineage_known_censor,15,1,61,9,70,61,9,True,64,6,58,5,2,-3
intermittent,marked_lineage_known_censor,15,2,62,0,62,19,43,True,64,5,59,5,45,-3
intermittent,marked_lineage_known_censor,16,1,58,9,67,64,3,True,65,3,62,2,0,4
intermittent,marked_lineage_known_censor,16,2,59,0,59,13,46,True,65,2,63,2,52,4
intermittent,marked_lineage_known_censor,17,1,62,11,73,70,3,True,70,2,68,2,0,6
intermittent,marked_lineage_known_censor,17,2,63,0,63,13,50,True,70,7,63,2,52,0
intermittent,marked_lineage_known_censor,18,1,68,10,78,76,2,False,76,0,76,0,0,8
intermittent,marked_lineage_known_censor,18,2,63,0,63,11,52,False,11,0,11,0,0,-52
intermittent,marked_lineage_known_censor,19,1,76,10,86,81,5,True,81,3,78,3,0,2
intermittent,marked_lineage_known_censor,19,2,11,0,11,11,0,True,81,3,78,3,70,67
intermittent,marked_lineage_known_censor,20,1,78,10,88,84,4,True,84,0,84,0,0,6
intermittent,marked_lineage_known_censor,20,2,78,0,78,17,61,True,84,15,69,0,52,-9
intermittent,marked_lineage_known_censor,21,1,84,10,94,89,5,True,89,0,89,0,0,5
intermittent,marked_lineage_known_censor,21,2,69,0,69,16,53,True,89,1,88,0,72,19
intermittent,marked_lineage_known_censor,22,1,89,10,99,94,5,True,94,1,93,1,0,4
intermittent,marked_lineage_known_censor,22,2,88,0,88,15,73,True,94,17,77,1,63,-11
intermittent,marked_lineage_known_censor,23,1,93,10,103,90,13,True,90,1,89,1,0,-4
intermittent,marked_lineage_known_censor,23,2,77,0,77,12,65,True,90,12,78,1,67,1
intermittent,marked_lineage_known_censor,24,1,89,10,99,80,19,True,80,2,78,2,0,-11
intermittent,marked_lineage_known_censor,24,2,78,0,78,14,64,True,80,8,72,2,60,-6
intermittent,marked_lineage_known_censor,25,1,78,9,87,81,6,True,81,1,80,1,0,2
intermittent,marked_lineage_known_censor,25,2,72,0,72,14,58,True,81,7,74,1,61,2
intermittent,marked_lineage_known_censor,26,1,80,8,88,80,8,True,80,3,77,3,0,-3
intermittent,marked_lineage_known_censor,26,2,74,0,74,15,59,True,80,12,68,3,56,-6
intermittent,marked_lineage_known_censor,27,1,77,9,86,82,4,True,82,2,80,2,0,3
intermittent,marked_lineage_known_censor,27,2,68,0,68,11,57,True,82,10,72,2,63,4
intermittent,marked_lineage_known_censor,28,1,80,7,87,83,4,True,83,0,83,0,0,3
intermittent,marked_lineage_known_censor,28,2,72,0,72,11,61,True,83,6,77,0,66,5
intermittent,marked_lineage_known_censor,29,1,83,8,91,84,7,True,84,1,83,1,0,0
intermittent,marked_lineage_known_censor,29,2,77,0,77,11,66,True,84,7,77,1,67,0
intermittent,marked_lineage_known_censor,30,1,83,8,91,87,4,True,87,0,87,0,0,4
intermittent,marked_lineage_known_censor,30,2,77,0,77,10,67,True,87,8,79,0,69,2
intermittent,marked_lineage_known_censor,31,1,87,10,97,91,6,True,91,2,89,2,0,2
intermittent,marked_lineage_known_censor,31,2,79,0,79,12,67,False,12,0,12,0,0,-67
intermittent,marked_lineage_known_censor,32,1,89,9,98,95,3,True,95,3,92,3,0,3
intermittent,marked_lineage_known_censor,32,2,12,0,12,12,0,True,95,3,92,3,83,80
intermittent,marked_lineage_known_censor,33,1,92,10,102,99,3,True,99,0,99,0,0,7
intermittent,marked_lineage_known_censor,33,2,92,0,92,12,80,True,99,10,89,0,77,-3
intermittent,marked_lineage_known_censor,34,1,99,9,108,103,5,True,103,0,103,0,0,4
intermittent,marked_lineage_known_censor,34,2,89,0,89,18,71,True,103,5,98,0,80,9
intermittent,marked_lineage_known_censor,35,1,103,10,113,106,7,True,106,0,106,0,0,3
intermittent,marked_lineage_known_censor,35,2,98,0,98,20,78,True,106,9,97,0,77,-1
intermittent,marked_lineage_known_censor,36,1,106,9,115,106,9,True,106,4,102,4,0,-4
intermittent,marked_lineage_known_censor,36,2,97,0,97,21,76,True,106,9,97,4,80,0
intermittent,marked_lineage_known_censor,37,1,102,9,111,108,3,True,108,1,107,1,0,5
intermittent,marked_lineage_known_censor,37,2,97,0,97,17,80,True,108,9,99,1,83,2
intermittent,marked_lineage_known_censor,38,1,107,10,117,111,6,True,111,1,110,1,0,3
intermittent,marked_lineage_known_censor,38,2,99,0,99,18,81,True,111,9,102,1,85,3
intermittent,marked_lineage_known_censor,39,1,110,10,120,112,8,True,112,3,109,3,0,-1
intermittent,marked_lineage_known_censor,39,2,102,0,102,19,83,True,112,10,102,3,86,0
intermittent,marked_lineage_known_censor,40,1,109,10,119,114,5,True,114,3,111,3,0,2
intermittent,marked_lineage_known_censor,40,2,102,0,102,16,86,True,114,11,103,3,90,1
intermittent,marked_lineage_known_censor,41,1,111,10,121,116,5,True,116,1,115,1,0,4
intermittent,marked_lineage_known_censor,41,2,103,0,103,14,89,True,116,10,106,1,93,3
intermittent,marked_lineage_known_censor,42,1,115,10,125,119,6,True,119,0,119,0,0,4
intermittent,marked_lineage_known_censor,42,2,106,0,106,15,91,True,119,8,111,0,96,5
intermittent,marked_lineage_known_censor,43,1,119,10,129,121,8,True,121,5,116,5,0,-3
intermittent,marked_lineage_known_censor,43,2,111,0,111,16,95,True,121,13,108,5,97,-3
intermittent,marked_lineage_known_censor,44,1,116,10,126,124,2,True,124,3,121,3,0,5
intermittent,marked_lineage_known_censor,44,2,108,1,109,13,96,False,13,0,13,0,0,-95
intermittent,marked_lineage_known_censor,45,1,121,11,132,127,5,True,127,2,125,2,0,4
intermittent,marked_lineage_known_censor,45,2,13,0,13,11,2,True,127,2,125,2,116,112
intermittent,marked_lineage_known_censor,46,1,125,10,135,129,6,True,129,4,125,4,0,0
intermittent,marked_lineage_known_censor,46,2,125,0,125,14,111,True,129,17,112,4,102,-13
intermittent,marked_lineage_known_censor,47,1,125,10,135,132,3,True,132,0,132,0,0,7
intermittent,marked_lineage_known_censor,47,2,112,0,112,12,100,True,132,5,127,0,115,15
intermittent,marked_lineage_known_censor,48,1,132,10,142,135,7,True,135,0,135,0,0,3
intermittent,marked_lineage_known_censor,48,2,127,0,127,17,110,False,17,0,17,0,0,-110
intermittent,marked_lineage_known_censor,49,1,135,10,145,138,7,True,138,2,136,2,0,1
intermittent,marked_lineage_known_censor,49,2,17,0,17,14,3,True,138,2,136,2,124,119
intermittent,marked_lineage_known_censor,50,1,136,10,146,141,5,True,141,2,139,2,0,3
intermittent,marked_lineage_known_censor,50,2,136,0,136,12,124,True,141,15,126,2,116,-10
intermittent,marked_lineage_known_censor,51,1,139,10,149,144,5,True,145,2,143,2,1,4
intermittent,marked_lineage_known_censor,51,2,126,1,127,13,114,False,13,0,13,0,0,-113
intermittent,marked_lineage_known_censor,52,1,143,10,153,147,6,True,147,2,145,2,0,2
intermittent,marked_lineage_known_censor,52,2,13,0,13,11,2,True,147,2,145,2,136,132
intermittent,marked_lineage_known_censor,53,1,145,10,155,135,20,False,135,0,135,0,0,-10
intermittent,marked_lineage_known_censor,53,2,145,0,145,12,133,True,135,14,121,0,109,-24
intermittent,marked_lineage_known_censor,54,1,135,10,145,133,12,True,133,0,133,0,0,-2
intermittent,marked_lineage_known_censor,54,2,121,0,121,14,107,True,133,7,126,0,112,5
intermittent,marked_lineage_known_censor,55,1,133,11,144,132,12,True,132,2,130,2,0,-3
intermittent,marked_lineage_known_censor,55,2,126,0,126,16,110,True,132,10,122,2,108,-4
intermittent,marked_lineage_known_censor,56,1,130,11,141,135,6,True,135,0,135,0,0,5
intermittent,marked_lineage_known_censor,56,2,122,0,122,14,108,True,135,101,34,0,20,-88
intermittent,marked_lineage_known_censor,57,1,135,10,145,136,9,False,136,0,136,0,0,1
intermittent,marked_lineage_known_censor,57,2,34,0,34,16,18,True,136,7,129,3,116,95
intermittent,marked_lineage_known_censor,58,1,136,10,146,136,10,False,136,0,136,0,0,0
intermittent,marked_lineage_known_censor,58,2,129,0,129,11,118,True,136,10,126,1,116,-3
intermittent,marked_lineage_known_censor,59,1,136,10,146,135,11,True,136,0,136,0,1,0
intermittent,marked_lineage_known_censor,59,2,126,1,127,14,113,True,136,1,135,0,121,9
intermittent,marked_lineage_known_censor,60,1,136,10,146,136,10,True,138,0,138,0,2,2
intermittent,marked_lineage_known_censor,60,2,135,1,136,20,116,True,138,7,131,0,111,-4
intermittent,marked_lineage_known_censor,61,1,138,10,148,135,13,True,138,1,137,1,3,-1
intermittent,marked_lineage_known_censor,61,2,131,3,134,22,112,True,138,102,36,1,15,-95
intermittent,marked_lineage_known_censor,62,1,137,9,146,134,12,True,138,2,136,2,4,-1
intermittent,marked_lineage_known_censor,62,2,36,3,39,21,18,True,138,9,129,2,110,93
intermittent,marked_lineage_known_censor,63,1,136,9,145,135,10,True,139,3,136,3,4,0
intermittent,marked_lineage_known_censor,63,2,129,1,130,21,109,True,139,7,132,3,114,3
intermittent,marked_lineage_known_censor,64,1,136,9,145,138,7,True,143,0,143,0,5,7
intermittent,marked_lineage_known_censor,64,2,132,3,135,19,116,True,143,9,134,0,115,2
intermittent,marked_lineage_known_censor,65,1,143,9,152,140,12,True,146,1,145,1,6,2
intermittent,marked_lineage_known_censor,65,2,134,3,137,26,111,False,26,0,26,0,0,-108
intermittent,marked_lineage_known_censor,66,1,145,11,156,145,11,True,150,1,149,1,5,4
intermittent,marked_lineage_known_censor,66,2,26,2,28,26,2,True,150,1,149,1,124,123
intermittent,marked_lineage_known_censor,67,1,149,9,158,146,12,False,146,0,146,0,0,-3
intermittent,marked_lineage_known_censor,67,2,149,1,150,25,125,True,151,14,137,5,117,-12
intermittent,marked_lineage_known_censor,68,1,146,10,156,142,14,False,142,0,142,0,0,-4
intermittent,marked_lineage_known_censor,68,2,137,1,138,19,119,True,151,3,148,0,129,11
intermittent,marked_lineage_known_censor,69,1,142,11,153,142,11,True,152,0,152,0,10,10
intermittent,marked_lineage_known_censor,69,2,148,1,149,28,121,True,152,4,148,0,120,0
intermittent,marked_lineage_known_censor,70,1,152,10,162,147,15,True,154,0,154,0,7,2
intermittent,marked_lineage_known_censor,70,2,148,1,149,31,118,True,154,114,40,0,9,-108
intermittent,marked_lineage_known_censor,71,1,154,11,165,152,13,True,160,2,158,2,8,4
intermittent,marked_lineage_known_censor,71,2,40,1,41,34,7,True,160,6,154,2,122,114
intermittent,marked_lineage_known_censor,72,1,158,10,168,155,13,True,163,2,161,2,8,3
intermittent,marked_lineage_known_censor,72,2,154,2,156,35,121,True,163,9,154,2,121,0
intermittent,marked_lineage_known_censor,73,1,161,10,171,157,14,True,166,0,166,0,9,5
intermittent,marked_lineage_known_censor,73,2,154,1,155,37,118,True,166,4,162,0,125,8
intermittent,marked_lineage_known_censor,74,1,166,12,178,159,19,True,170,0,170,0,11,4
intermittent,marked_lineage_known_censor,74,2,162,1,163,41,122,True,170,6,164,0,123,2
intermittent,marked_lineage_known_censor,75,1,170,12,182,157,25,True,171,5,166,5,14,-4
intermittent,marked_lineage_known_censor,75,2,164,2,166,45,121,True,171,121,50,5,10,-114
intermittent,marked_lineage_known_censor,76,1,166,12,178,157,21,True,172,2,170,2,15,4
intermittent,marked_lineage_known_censor,76,2,50,2,52,43,9,True,172,9,163,2,122,113
intermittent,marked_lineage_known_censor,77,1,170,13,183,158,25,True,158,4,154,4,0,-16
intermittent,marked_lineage_known_censor,77,2,163,2,165,30,135,True,158,9,149,4,123,-14
intermittent,marked_lineage_known_censor,78,1,154,11,165,157,8,True,158,4,154,4,1,0
intermittent,marked_lineage_known_censor,78,2,149,1,150,27,123,True,158,9,149,4,126,0
intermittent,marked_lineage_known_censor,79,1,154,11,165,156,9,True,156,4,152,4,0,-2
intermittent,marked_lineage_known_censor,79,2,149,2,151,28,123,True,156,121,35,4,11,-114
intermittent,marked_lineage_known_censor,80,1,152,11,163,158,5,True,158,1,157,1,0,5
intermittent,marked_lineage_known_censor,80,2,35,0,35,20,15,True,158,10,148,1,129,113
intermittent,marked_lineage_known_censor,81,1,157,11,168,157,11,True,157,1,156,1,0,-1
intermittent,marked_lineage_known_censor,81,2,148,0,148,20,128,True,157,9,148,1,129,0
intermittent,marked_lineage_known_censor,82,1,156,10,166,158,8,True,158,2,156,2,0,0
intermittent,marked_lineage_known_censor,82,2,148,1,149,18,131,True,158,8,150,2,134,2
intermittent,marked_lineage_known_censor,83,1,156,10,166,160,6,True,160,0,160,0,0,4
intermittent,marked_lineage_known_censor,83,2,150,0,150,17,133,True,160,119,41,0,24,-109
intermittent,marked_lineage_known_censor,84,1,160,12,172,164,8,True,164,1,163,1,0,3
intermittent,marked_lineage_known_censor,84,2,41,1,42,21,21,False,21,0,21,0,0,-20
intermittent,marked_lineage_known_censor,85,1,163,10,173,164,9,True,164,3,161,3,0,-2
intermittent,marked_lineage_known_censor,85,2,21,0,21,17,4,True,164,3,161,3,147,140
intermittent,marked_lineage_known_censor,86,1,161,10,171,166,5,False,166,0,166,0,0,5
intermittent,marked_lineage_known_censor,86,2,161,0,161,14,147,True,166,9,157,0,143,-4
intermittent,marked_lineage_known_censor,87,1,166,10,176,164,12,True,164,1,163,1,0,-3
intermittent,marked_lineage_known_censor,87,2,157,0,157,17,140,True,164,7,157,1,141,0
intermittent,marked_lineage_known_censor,88,1,163,10,173,163,10,True,163,0,163,0,0,0
intermittent,marked_lineage_known_censor,88,2,157,0,157,18,139,True,163,123,40,0,22,-117
intermittent,marked_lineage_known_censor,89,1,163,10,173,38,135,True,38,5,33,5,0,-130
intermittent,marked_lineage_known_censor,89,2,40,1,41,19,22,True,38,5,33,5,19,-7
intermittent,marked_lineage_known_censor,90,1,33,9,42,38,4,True,38,0,38,0,0,5
intermittent,marked_lineage_known_censor,90,2,33,0,33,14,19,True,38,0,38,0,24,5
intermittent,marked_lineage_known_censor,91,1,38,9,47,39,8,True,39,2,37,2,0,-1
intermittent,marked_lineage_known_censor,91,2,38,1,39,19,20,True,39,2,37,2,20,-1
intermittent,marked_lineage_known_censor,92,1,37,9,46,41,5,True,41,1,40,1,0,3
intermittent,marked_lineage_known_censor,92,2,37,1,38,17,21,True,41,3,38,1,22,1
intermittent,marked_lineage_known_censor,93,1,40,10,50,44,6,True,44,6,38,6,0,-2
intermittent,marked_lineage_known_censor,93,2,38,1,39,18,21,True,44,6,38,6,26,0
intermittent,marked_lineage_known_censor,94,1,38,10,48,40,8,False,40,0,40,0,0,2
intermittent,marked_lineage_known_censor,94,2,38,1,39,13,26,True,40,0,40,0,27,2
intermittent,marked_lineage_known_censor,95,1,40,10,50,44,6,True,44,5,39,5,0,-1
intermittent,marked_lineage_known_censor,95,2,40,2,42,19,23,True,44,8,36,5,22,-4
intermittent,marked_lineage_known_censor,96,1,39,11,50,47,3,True,47,1,46,1,0,7
intermittent,marked_lineage_known_censor,96,2,36,1,37,15,22,True,47,1,46,1,32,10
intermittent,marked_lineage_known_censor,97,1,46,11,57,43,14,False,43,0,43,0,0,-3
intermittent,marked_lineage_known_censor,97,2,46,2,48,19,29,False,19,0,19,0,0,-27
intermittent,marked_lineage_known_censor,98,1,43,10,53,47,6,False,47,0,47,0,0,4
intermittent,marked_lineage_known_censor,98,2,19,1,20,19,1,False,19,0,19,0,0,0
intermittent,marked_lineage_known_censor,99,1,47,10,57,50,7,False,50,0,50,0,0,3
intermittent,marked_lineage_known_censor,99,2,19,1,20,19,1,False,19,0,19,0,0,0
intermittent,marked_lineage_known_censor,100,1,50,11,61,51,10,False,51,0,51,0,0,1
intermittent,marked_lineage_known_censor,100,2,19,1,20,17,3,False,17,0,17,0,0,-2
intermittent,marked_lineage_known_censor,101,1,51,11,62,54,8,False,54,0,54,0,0,3
intermittent,marked_lineage_known_censor,101,2,17,1,18,14,4,False,14,0,14,0,0,-3
intermittent,marked_lineage_known_censor,102,1,54,11,65,52,13,False,52,0,52,0,0,-2
intermittent,marked_lineage_known_censor,102,2,14,1,15,15,0,False,15,0,15,0,0,1
intermittent,marked_lineage_known_censor,103,1,52,9,61,51,10,False,51,0,51,0,0,-1
intermittent,marked_lineage_known_censor,103,2,15,1,16,15,1,False,15,0,15,0,0,0
intermittent,marked_lineage_known_censor,104,1,51,11,62,53,9,False,53,0,53,0,0,2
intermittent,marked_lineage_known_censor,104,2,15,0,15,11,4,False,11,0,11,0,0,-4
intermittent,marked_lineage_known_censor,105,1,53,11,64,48,16,False,48,0,48,0,0,-5
intermittent,marked_lineage_known_censor,105,2,11,0,11,11,0,False,11,0,11,0,0,0
intermittent,marked_lineage_known_censor,106,1,48,9,57,40,17,False,40,0,40,0,0,-8
intermittent,marked_lineage_known_censor,106,2,11,0,11,10,1,False,10,0,10,0,0,-1
intermittent,marked_lineage_known_censor,107,1,40,9,49,42,7,False,42,0,42,0,0,2
intermittent,marked_lineage_known_censor,107,2,10,0,10,10,0,False,10,0,10,0,0,0
intermittent,marked_lineage_known_censor,108,1,42,9,51,43,8,False,43,0,43,0,0,1
intermittent,marked_lineage_known_censor,108,2,10,0,10,10,0,False,10,0,10,0,0,0
intermittent,marked_lineage_known_censor,109,1,43,9,52,45,7,False,45,0,45,0,0,2
intermittent,marked_lineage_known_censor,109,2,10,0,10,9,1,False,9,0,9,0,0,-1
intermittent,marked_lineage_known_censor,110,1,45,9,54,25,29,False,25,0,25,0,0,-20
intermittent,marked_lineage_known_censor,110,2,9,0,9,9,0,False,9,0,9,0,0,0
intermittent,marked_lineage_known_censor,111,1,25,9,34,21,13,False,21,0,21,0,0,-4
intermittent,marked_lineage_known_censor,111,2,9,2,11,11,0,False,11,0,11,0,0,2
intermittent,marked_lineage_known_censor,112,1,21,10,31,21,10,False,21,0,21,0,0,0
intermittent,marked_lineage_known_censor,112,2,11,1,12,12,0,False,12,0,12,0,0,1
intermittent,marked_lineage_known_censor,113,1,21,10,31,23,8,False,23,0,23,0,0,2
intermittent,marked_lineage_known_censor,113,2,12,2,14,14,0,False,14,0,14,0,0,2
intermittent,marked_lineage_known_censor,114,1,23,9,32,22,10,False,22,0,22,0,0,-1
intermittent,marked_lineage_known_censor,114,2,14,3,17,17,0,False,17,0,17,0,0,3
intermittent,marked_lineage_known_censor,115,1,22,8,30,18,12,False,18,0,18,0,0,-4
intermittent,marked_lineage_known_censor,115,2,17,3,20,19,1,False,19,0,19,0,0,2
intermittent,marked_lineage_known_censor,116,1,18,8,26,17,9,False,17,0,17,0,0,-1
intermittent,marked_lineage_known_censor,116,2,19,3,22,20,2,False,20,0,20,0,0,1
intermittent,marked_lineage_known_censor,117,1,17,8,25,17,8,False,17,0,17,0,0,0
intermittent,marked_lineage_known_censor,117,2,20,2,22,16,6,False,16,0,16,0,0,-4
intermittent,marked_lineage_known_censor,118,1,17,9,26,18,8,False,18,0,18,0,0,1
intermittent,marked_lineage_known_censor,118,2,16,1,17,13,4,False,13,0,13,0,0,-3
intermittent,marked_lineage_known_censor,119,1,18,8,26,18,8,False,18,0,18,0,0,0
intermittent,marked_lineage_known_censor,119,2,13,2,15,11,4,False,11,0,11,0,0,-2
intermittent,marked_lineage_known_censor,120,1,18,8,26,19,7,False,19,0,19,0,0,1
intermittent,marked_lineage_known_censor,120,2,11,2,13,12,1,False,12,0,12,0,0,1
intermittent,marked_lineage_known_censor,121,1,19,9,28,19,9,False,19,0,19,0,0,0
intermittent,marked_lineage_known_censor,121,2,12,4,16,15,1,False,15,0,15,0,0,3
intermittent,marked_lineage_known_censor,122,1,19,10,29,21,8,False,21,0,21,0,0,2
intermittent,marked_lineage_known_censor,122,2,15,3,18,16,2,False,16,0,16,0,0,1
intermittent,marked_lineage_known_censor,123,1,21,10,31,21,10,False,21,0,21,0,0,0
intermittent,marked_lineage_known_censor,123,2,16,3,19,18,1,False,18,0,18,0,0,2
intermittent,marked_lineage_known_censor,124,1,21,10,31,20,11,False,20,0,20,0,0,-1
intermittent,marked_lineage_known_censor,124,2,18,4,22,17,5,False,17,0,17,0,0,-1
intermittent,marked_lineage_known_censor,125,1,20,9,29,20,9,False,20,0,20,0,0,0
intermittent,marked_lineage_known_censor,125,2,17,2,19,16,3,False,16,0,16,0,0,-1
intermittent,marked_lineage_known_censor,126,1,20,9,29,21,8,False,21,0,21,0,0,1
intermittent,marked_lineage_known_censor,126,2,16,2,18,14,4,False,14,0,14,0,0,-2
intermittent,marked_lineage_known_censor,127,1,21,12,33,25,8,False,25,0,25,0,0,4
intermittent,marked_lineage_known_censor,127,2,14,2,16,13,3,False,13,0,13,0,0,-1
intermittent,marked_lineage_known_censor,128,1,25,10,35,25,10,False,25,0,25,0,0,0
intermittent,marked_lineage_known_censor,128,2,13,1,14,11,3,False,11,0,11,0,0,-2
intermittent,marked_lineage_known_censor,129,1,25,13,38,29,9,False,29,0,29,0,0,4
intermittent,marked_lineage_known_censor,129,2,11,1,12,10,2,False,10,0,10,0,0,-1
intermittent,marked_lineage_known_censor,130,1,29,11,40,29,11,False,29,0,29,0,0,0
intermittent,marked_lineage_known_censor,130,2,10,2,12,10,2,False,10,0,10,0,0,0
intermittent,marked_lineage_known_censor,131,1,29,13,42,28,14,False,28,0,28,0,0,-1
intermittent,marked_lineage_known_censor,131,2,10,1,11,8,3,False,8,0,8,0,0,-2
intermittent,marked_lineage_known_censor,132,1,28,13,41,28,13,False,28,0,28,0,0,0
intermittent,marked_lineage_known_censor,132,2,8,1,9,8,1,False,8,0,8,0,0,0
intermittent,marked_lineage_known_censor,133,1,28,13,41,28,13,False,28,0,28,0,0,0
intermittent,marked_lineage_known_censor,133,2,8,0,8,7,1,False,7,0,7,0,0,-1
intermittent,marked_lineage_known_censor,134,1,28,13,41,30,11,False,30,0,30,0,0,2
intermittent,marked_lineage_known_censor,134,2,7,0,7,7,0,False,7,0,7,0,0,0
intermittent,marked_lineage_known_censor,135,1,30,12,42,31,11,False,31,0,31,0,0,1
intermittent,marked_lineage_known_censor,135,2,7,1,8,8,0,False,8,0,8,0,0,1
intermittent,marked_lineage_known_censor,136,1,31,12,43,33,10,False,33,0,33,0,0,2
intermittent,marked_lineage_known_censor,136,2,8,1,9,7,2,False,7,0,7,0,0,-1
intermittent,marked_lineage_known_censor,137,1,33,13,46,30,16,False,30,0,30,0,0,-3
intermittent,marked_lineage_known_censor,137,2,7,0,7,6,1,False,6,0,6,0,0,-1
intermittent,marked_lineage_known_censor,138,1,30,11,41,28,13,False,28,0,28,0,0,-2
intermittent,marked_lineage_known_censor,138,2,6,3,9,9,0,False,9,0,9,0,0,3
intermittent,marked_lineage_known_censor,139,1,28,12,40,29,11,False,29,0,29,0,0,1
intermittent,marked_lineage_known_censor,139,2,9,3,12,12,0,False,12,0,12,0,0,3
intermittent,marked_lineage_known_censor,140,1,29,11,40,26,14,False,26,0,26,0,0,-3
intermittent,marked_lineage_known_censor,140,2,12,3,15,13,2,False,13,0,13,0,0,1
intermittent,marked_lineage_known_censor,141,1,26,13,39,27,12,False,27,0,27,0,0,1
intermittent,marked_lineage_known_censor,141,2,13,2,15,11,4,False,11,0,11,0,0,-2
intermittent,marked_lineage_known_censor,142,1,27,13,40,27,13,False,27,0,27,0,0,0
intermittent,marked_lineage_known_censor,142,2,11,2,13,11,2,False,11,0,11,0,0,0
intermittent,marked_lineage_known_censor,143,1,27,12,39,27,12,False,27,0,27,0,0,0
intermittent,marked_lineage_known_censor,143,2,11,1,12,12,0,False,12,0,12,0,0,1
intermittent,marked_lineage_known_censor,144,1,27,12,39,27,12,False,27,0,27,0,0,0
intermittent,marked_lineage_known_censor,144,2,12,2,14,14,0,False,14,0,14,0,0,2
intermittent,marked_lineage_known_censor,145,1,27,13,40,27,13,True,29,2,27,2,2,0
intermittent,marked_lineage_known_censor,145,2,14,2,16,11,5,False,11,0,11,0,0,-3
intermittent,marked_lineage_known_censor,146,1,27,14,41,30,11,True,30,5,25,5,0,-2
intermittent,marked_lineage_known_censor,146,2,11,2,13,13,0,False,13,0,13,0,0,2
intermittent,marked_lineage_known_censor,147,1,25,14,39,34,5,False,34,0,34,0,0,9
intermittent,marked_lineage_known_censor,147,2,13,2,15,12,3,True,34,3,31,3,22,18
intermittent,marked_lineage_known_censor,148,1,34,14,48,40,8,True,40,2,38,2,0,4
intermittent,marked_lineage_known_censor,148,2,31,3,34,32,2,True,40,3,37,2,7,6
intermittent,marked_lineage_known_censor,149,1,38,14,52,40,12,True,40,2,38,2,0,0
intermittent,marked_lineage_known_censor,149,2,37,4,41,36,5,True,40,2,38,2,4,1
intermittent,marked_lineage_known_censor,150,1,38,13,51,42,9,True,42,4,38,4,0,0
intermittent,marked_lineage_known_censor,150,2,38,2,40,29,11,True,42,8,34,4,9,-4
intermittent,marked_lineage_known_censor,151,1,38,14,52,47,5,True,47,5,42,5,0,4
intermittent,marked_lineage_known_censor,151,2,34,3,37,25,12,True,47,8,39,5,19,5
intermittent,marked_lineage_known_censor,152,1,42,15,57,52,5,True,52,3,49,3,0,7
intermittent,marked_lineage_known_censor,152,2,39,5,44,29,15,True,52,14,38,3,12,-1
intermittent,marked_lineage_known_censor,153,1,49,14,63,55,8,True,55,4,51,4,0,2
intermittent,marked_lineage_known_censor,153,2,38,5,43,32,11,True,55,7,48,4,20,10
intermittent,marked_lineage_known_censor,154,1,51,15,66,40,26,True,53,16,37,8,5,-14
intermittent,marked_lineage_known_censor,154,2,48,5,53,46,7,True,53,8,45,8,7,-3
intermittent,marked_lineage_known_censor,155,1,37,14,51,40,11,True,40,6,34,6,0,-3
intermittent,marked_lineage_known_censor,155,2,45,6,51,30,21,True,40,6,34,6,10,-11
intermittent,marked_lineage_known_censor,156,1,34,14,48,43,5,True,44,5,39,5,1,5
intermittent,marked_lineage_known_censor,156,2,34,4,38,25,13,True,44,6,38,5,18,4
intermittent,marked_lineage_known_censor,157,1,39,15,54,46,8,True,48,3,45,3,2,6
intermittent,marked_lineage_known_censor,157,2,38,5,43,28,15,True,48,4,44,3,19,6
intermittent,marked_lineage_known_censor,158,1,45,14,59,52,7,True,54,4,50,4,2,5
intermittent,marked_lineage_known_censor,158,2,44,6,50,32,18,True,54,8,46,4,18,2
intermittent,marked_lineage_known_censor,159,1,50,14,64,52,12,True,55,3,52,3,3,2
intermittent,marked_lineage_known_censor,159,2,46,4,50,32,18,True,55,5,50,3,21,4
intermittent,marked_lineage_known_censor,160,1,52,13,65,53,12,True,53,2,51,2,0,-1
intermittent,marked_lineage_known_censor,160,2,50,3,53,25,28,True,53,3,50,2,27,0
intermittent,marked_lineage_known_censor,161,1,51,13,64,56,8,True,56,4,52,4,0,1
intermittent,marked_lineage_known_censor,161,2,50,2,52,25,27,False,25,0,25,0,0,-25
intermittent,marked_lineage_known_censor,162,1,52,14,66,46,20,True,46,6,40,6,0,-12
intermittent,marked_lineage_known_censor,162,2,25,2,27,21,6,True,46,7,39,6,24,14
intermittent,marked_lineage_known_censor,163,1,40,12,52,41,11,True,41,2,39,2,0,-1
intermittent,marked_lineage_known_censor,163,2,39,2,41,16,25,True,41,2,39,2,25,0
intermittent,marked_lineage_known_censor,164,1,39,11,50,44,6,True,44,2,42,2,0,3
intermittent,marked_lineage_known_censor,164,2,39,2,41,22,19,True,44,5,39,2,19,0
intermittent,marked_lineage_known_censor,165,1,42,12,54,48,6,True,48,2,46,2,0,4
intermittent,marked_lineage_known_censor,165,2,39,2,41,22,19,True,48,2,46,2,26,7
intermittent,marked_lineage_known_censor,166,1,46,12,58,44,14,True,45,4,41,4,1,-5
intermittent,marked_lineage_known_censor,166,2,46,3,49,23,26,True,45,4,41,4,22,-5
intermittent,marked_lineage_known_censor,167,1,41,11,52,45,7,True,46,8,38,8,1,-3
intermittent,marked_lineage_known_censor,167,2,41,5,46,24,22,True,46,8,38,8,22,-3
intermittent,marked_lineage_known_censor,168,1,38,10,48,45,3,True,48,2,46,2,3,8
intermittent,marked_lineage_known_censor,168,2,38,4,42,22,20,True,48,2,46,2,26,8
intermittent,marked_lineage_known_censor,169,1,46,10,56,47,9,True,50,2,48,2,3,2
intermittent,marked_lineage_known_censor,169,2,46,4,50,27,23,True,50,2,48,2,23,2
intermittent,marked_lineage_known_censor,170,1,48,10,58,49,9,True,52,3,49,3,3,1
intermittent,marked_lineage_known_censor,170,2,48,3,51,27,24,True,52,5,47,3,23,-1
intermittent,marked_lineage_known_censor,171,1,49,10,59,48,11,True,54,2,52,2,6,3
intermittent,marked_lineage_known_censor,171,2,47,3,50,25,25,True,54,2,52,2,29,5
intermittent,marked_lineage_known_censor,172,1,52,10,62,47,15,True,48,4,44,4,1,-8
intermittent,marked_lineage_known_censor,172,2,52,3,55,20,35,True,48,4,44,4,28,-8
intermittent,marked_lineage_known_censor,173,1,44,11,55,51,4,False,51,0,51,0,0,7
intermittent,marked_lineage_known_censor,173,2,44,4,48,20,28,True,51,3,48,2,30,4
intermittent,marked_lineage_known_censor,174,1,51,11,62,51,11,True,51,6,45,6,0,-6
intermittent,marked_lineage_known_censor,174,2,48,7,55,25,30,True,51,13,38,6,19,-10
intermittent,marked_lineage_known_censor,175,1,45,10,55,46,9,True,47,7,40,7,1,-5
intermittent,marked_lineage_known_censor,175,2,38,6,44,22,22,True,47,7,40,7,25,2
intermittent,marked_lineage_known_censor,176,1,40,9,49,46,3,True,46,2,44,2,0,4
intermittent,marked_lineage_known_censor,176,2,40,4,44,20,24,True,46,2,44,2,26,4
intermittent,marked_lineage_known_censor,177,1,44,11,55,49,6,True,49,5,44,5,0,0
intermittent,marked_lineage_known_censor,177,2,44,5,49,23,26,True,49,5,44,5,26,0
intermittent,marked_lineage_known_censor,178,1,44,10,54,47,7,True,47,5,42,5,0,-2
intermittent,marked_lineage_known_censor,178,2,44,4,48,22,26,True,47,6,41,5,24,-3
intermittent,marked_lineage_known_censor,179,1,42,10,52,23,29,True,23,3,20,3,0,-22
intermittent,marked_lineage_known_censor,179,2,41,4,45,19,26,True,23,3,20,3,4,-21
intermittent,marked_lineage_known_censor,180,1,20,10,30,24,6,True,24,3,21,3,0,1
intermittent,marked_lineage_known_censor,180,2,20,2,22,20,2,True,24,3,21,3,4,1
intermittent,marked_lineage_known_censor,181,1,21,11,32,26,6,True,27,1,26,1,1,5
intermittent,marked_lineage_known_censor,181,2,21,4,25,22,3,True,27,1,26,1,5,5
intermittent,marked_lineage_known_censor,182,1,26,10,36,27,9,True,29,4,25,4,2,-1
intermittent,marked_lineage_known_censor,182,2,26,4,30,26,4,False,26,0,26,0,0,0
intermittent,marked_lineage_known_censor,183,1,25,11,36,32,4,True,32,7,25,7,0,0
intermittent,marked_lineage_known_censor,183,2,26,3,29,24,5,True,32,7,25,7,8,-1
intermittent,marked_lineage_known_censor,184,1,25,12,37,35,2,True,35,1,34,1,0,9
intermittent,marked_lineage_known_censor,184,2,25,3,28,22,6,True,35,1,34,1,13,9
intermittent,marked_lineage_known_censor,185,1,34,11,45,29,16,True,29,5,24,5,0,-10
intermittent,marked_lineage_known_censor,185,2,34,4,38,28,10,True,29,6,23,5,0,-11
intermittent,marked_lineage_known_censor,186,1,24,9,33,25,8,True,26,3,23,3,1,-1
intermittent,marked_lineage_known_censor,186,2,23,3,26,23,3,True,26,3,23,3,3,0
intermittent,marked_lineage_known_censor,187,1,23,10,33,25,8,False,25,0,25,0,0,2
intermittent,marked_lineage_known_censor,187,2,23,4,27,22,5,True,25,6,19,6,3,-4
intermittent,marked_lineage_known_censor,188,1,25,9,34,24,10,True,25,5,20,5,1,-5
intermittent,marked_lineage_known_censor,188,2,19,5,24,21,3,True,25,5,20,5,4,1
intermittent,marked_lineage_known_censor,189,1,20,9,29,25,4,True,25,6,19,6,0,-1
intermittent,marked_lineage_known_censor,189,2,20,6,26,23,3,True,25,6,19,6,2,-1
intermittent,marked_lineage_known_censor,190,1,19,10,29,27,2,True,27,2,25,2,0,6
intermittent,marked_lineage_known_censor,190,2,19,4,23,20,3,True,27,2,25,2,7,6
intermittent,marked_lineage_known_censor,191,1,25,10,35,28,7,True,31,4,27,4,3,2
intermittent,marked_lineage_known_censor,191,2,25,6,31,26,5,True,31,4,27,4,5,2
intermittent,marked_lineage_known_censor,192,1,27,11,38,30,8,True,31,2,29,2,1,2
intermittent,marked_lineage_known_censor,192,2,27,6,33,26,7,True,31,2,29,2,5,2
intermittent,marked_lineage_known_censor,193,1,29,9,38,29,9,True,31,2,29,2,2,0
intermittent,marked_lineage_known_censor,193,2,29,5,34,28,6,True,31,2,29,2,3,0
intermittent,marked_lineage_known_censor,194,1,29,10,39,30,9,True,33,4,29,4,3,0
intermittent,marked_lineage_known_censor,194,2,29,4,33,25,8,True,33,4,29,4,8,0
intermittent,marked_lineage_known_censor,195,1,29,10,39,25,14,True,28,5,23,5,3,-6
intermittent,marked_lineage_known_censor,195,2,29,2,31,24,7,True,28,5,23,5,4,-6
intermittent,marked_lineage_known_censor,196,1,23,9,32,24,8,True,29,1,28,1,5,5
intermittent,marked_lineage_known_censor,196,2,23,3,26,22,4,True,29,2,27,1,6,4
intermittent,marked_lineage_known_censor,197,1,28,11,39,23,16,True,23,5,18,5,0,-10
intermittent,marked_lineage_known_censor,197,2,27,3,30,21,9,True,23,5,18,5,2,-9
intermittent,marked_lineage_known_censor,198,1,18,8,26,21,5,True,22,2,20,2,1,2
intermittent,marked_lineage_known_censor,198,2,18,3,21,19,2,True,22,3,19,2,2,1
intermittent,marked_lineage_known_censor,199,1,20,11,31,26,5,True,27,2,25,2,1,5
intermittent,marked_lineage_known_censor,199,2,19,3,22,21,1,False,21,0,21,0,0,2
intermittent,marked_lineage_known_censor,200,1,25,11,36,29,7,False,29,0,29,0,0,4
intermittent,marked_lineage_known_censor,200,2,21,3,24,23,1,True,29,6,23,6,6,2
intermittent,marked_lineage_known_censor,201,1,29,12,41,33,8,True,33,5,28,5,0,-1
intermittent,marked_lineage_known_censor,201,2,23,2,25,19,6,True,33,6,27,5,13,4
intermittent,marked_lineage_known_censor,202,1,28,12,40,32,8,True,32,3,29,3,0,1
intermittent,marked_lineage_known_censor,202,2,27,2,29,23,6,True,32,3,29,3,9,2
intermittent,marked_lineage_known_censor,203,1,29,11,40,29,11,True,30,3,27,3,1,-2
intermittent,marked_lineage_known_censor,203,2,29,4,33,25,8,False,25,0,25,0,0,-4
intermittent,marked_lineage_known_censor,204,1,27,10,37,28,9,True,30,6,24,6,2,-3
intermittent,marked_lineage_known_censor,204,2,25,3,28,22,6,True,30,6,24,6,8,-1
intermittent,marked_lineage_known_censor,205,1,24,10,34,29,5,True,30,4,26,4,1,2
intermittent,marked_lineage_known_censor,205,2,24,3,27,23,4,True,30,4,26,4,7,2
intermittent,marked_lineage_known_censor,206,1,26,10,36,29,7,False,29,0,29,0,0,3
intermittent,marked_lineage_known_censor,206,2,26,4,30,27,3,True,30,4,26,4,3,0
intermittent,marked_lineage_known_censor,207,1,29,10,39,29,10,True,31,5,26,5,2,-3
intermittent,marked_lineage_known_censor,207,2,26,4,30,28,2,True,31,5,26,5,3,0
intermittent,marked_lineage_known_censor,208,1,26,10,36,30,6,True,31,6,25,6,1,-1
intermittent,marked_lineage_known_censor,208,2,26,3,29,26,3,True,31,6,25,6,5,-1
intermittent,marked_lineage_known_censor,209,1,25,10,35,30,5,True,31,4,27,4,1,2
intermittent,marked_lineage_known_censor,209,2,25,3,28,24,4,True,31,4,27,4,7,2
intermittent,marked_lineage_known_censor,210,1,27,10,37,30,7,True,32,4,28,4,2,1
intermittent,marked_lineage_known_censor,210,2,27,5,32,27,5,True,32,4,28,4,5,1
intermittent,marked_lineage_known_censor,211,1,28,10,38,30,8,True,31,5,26,5,1,-2
intermittent,marked_lineage_known_censor,211,2,28,4,32,26,6,True,31,5,26,5,5,-2
intermittent,marked_lineage_known_censor,212,1,26,10,36,30,6,True,30,6,24,6,0,-2
intermittent,marked_lineage_known_censor,212,2,26,3,29,24,5,True,30,6,24,6,6,-2
intermittent,marked_lineage_known_censor,213,1,24,11,35,30,5,True,30,2,28,2,0,4
intermittent,marked_lineage_known_censor,213,2,24,2,26,19,7,True,30,2,28,2,11,4
intermittent,marked_lineage_known_censor,214,1,28,12,40,31,9,True,31,8,23,8,0,-5
intermittent,marked_lineage_known_censor,214,2,28,3,31,26,5,True,31,8,23,8,5,-5
intermittent,marked_lineage_known_censor,215,1,23,11,34,30,4,True,30,2,28,2,0,5
intermittent,marked_lineage_known_censor,215,2,23,4,27,22,5,True,30,2,28,2,8,5
intermittent,marked_lineage_known_censor,216,1,28,10,38,25,13,True,30,6,24,6,5,-4
intermittent,marked_lineage_known_censor,216,2,28,4,32,29,3,True,30,6,24,6,1,-4
intermittent,marked_lineage_known_censor,217,1,24,9,33,24,9,True,29,6,23,6,5,-1
intermittent,marked_lineage_known_censor,217,2,24,4,28,25,3,False,25,0,25,0,0,1
intermittent,marked_lineage_known_censor,218,1,23,9,32,25,7,True,25,6,19,6,0,-4
intermittent,marked_lineage_known_censor,218,2,25,3,28,20,8,True,25,6,19,6,5,-6
intermittent,marked_lineage_known_censor,219,1,19,8,27,24,3,True,24,3,21,3,0,2
intermittent,marked_lineage_known_censor,219,2,19,3,22,19,3,True,24,3,21,3,5,2
intermittent,marked_lineage_known_censor,220,1,21,8,29,24,5,True,25,3,22,3,1,1
intermittent,marked_lineage_known_censor,220,2,21,4,25,23,2,True,25,4,21,3,1,0
intermittent,marked_lineage_known_censor,221,1,22,8,30,22,8,True,23,5,18,5,1,-4
intermittent,marked_lineage_known_censor,221,2,21,3,24,22,2,True,23,5,18,5,1,-3
intermittent,marked_lineage_known_censor,222,1,18,8,26,22,4,False,22,0,22,0,0,4
intermittent,marked_lineage_known_censor,222,2,18,3,21,20,1,True,22,3,19,3,2,1
intermittent,marked_lineage_known_censor,223,1,22,8,30,22,8,True,22,4,18,4,0,-4
intermittent,marked_lineage_known_censor,223,2,19,2,21,21,0,True,22,4,18,4,1,-1
intermittent,marked_lineage_known_censor,224,1,18,9,27,23,4,False,23,0,23,0,0,5
intermittent,marked_lineage_known_censor,224,2,18,2,20,20,0,True,23,3,20,3,3,2
intermittent,marked_lineage_known_censor,225,1,23,9,32,23,9,True,24,4,20,4,1,-3
intermittent,marked_lineage_known_censor,225,2,20,2,22,22,0,True,24,4,20,4,2,0
intermittent,marked_lineage_known_censor,226,1,20,9,29,24,5,True,25,3,22,3,1,2
intermittent,marked_lineage_known_censor,226,2,20,2,22,21,1,True,25,3,22,3,4,2
intermittent,marked_lineage_known_censor,227,1,22,9,31,25,6,False,25,0,25,0,0,3
intermittent,marked_lineage_known_censor,227,2,22,2,24,22,2,True,27,1,26,1,5,4
intermittent,marked_lineage_known_censor,228,1,25,9,34,26,8,True,28,3,25,3,2,0
intermittent,marked_lineage_known_censor,228,2,26,2,28,22,6,True,28,3,25,3,6,-1
intermittent,marked_lineage_known_censor,229,1,25,9,34,28,6,True,28,3,25,3,0,0
intermittent,marked_lineage_known_censor,229,2,25,2,27,21,6,True,28,3,25,3,7,0
intermittent,marked_lineage_known_censor,230,1,25,9,34,29,5,True,29,2,27,2,0,2
intermittent,marked_lineage_known_censor,230,2,25,2,27,21,6,True,29,3,26,2,7,1
intermittent,marked_lineage_known_censor,231,1,27,9,36,29,7,True,29,2,27,2,0,0
intermittent,marked_lineage_known_censor,231,2,26,2,28,21,7,True,29,3,26,2,7,0
intermittent,marked_lineage_known_censor,232,1,27,9,36,28,8,True,29,1,28,1,1,1
intermittent,marked_lineage_known_censor,232,2,26,2,28,23,5,True,29,1,28,1,6,2
intermittent,marked_lineage_known_censor,233,1,28,9,37,29,8,True,29,5,24,5,0,-4
intermittent,marked_lineage_known_censor,233,2,28,2,30,23,7,True,29,6,23,5,5,-5
intermittent,marked_lineage_known_censor,234,1,24,9,33,29,4,True,29,3,26,3,0,2
intermittent,marked_lineage_known_censor,234,2,23,2,25,19,6,True,29,6,23,3,7,0
intermittent,marked_lineage_known_censor,235,1,26,9,35,29,6,True,29,2,27,2,0,1
intermittent,marked_lineage_known_censor,235,2,23,2,25,21,4,True,29,3,26,2,7,3
intermittent,marked_lineage_known_censor,236,1,27,9,36,25,11,True,25,1,24,1,0,-3
intermittent,marked_lineage_known_censor,236,2,26,1,27,22,5,True,25,1,24,1,3,-2
intermittent,marked_lineage_known_censor,237,1,24,8,32,24,8,True,25,3,22,3,1,-2
intermittent,marked_lineage_known_censor,237,2,24,2,26,23,3,True,25,3,22,3,2,-2
intermittent,marked_lineage_known_censor,238,1,22,8,30,25,5,True,25,5,20,5,0,-2
intermittent,marked_lineage_known_censor,238,2,22,3,25,22,3,True,25,5,20,5,3,-2
intermittent,marked_lineage_known_censor,239,1,20,8,28,25,3,True,25,1,24,1,0,4
intermittent,marked_lineage_known_censor,239,2,20,2,22,20,2,True,25,1,24,1,5,4
intermittent,marked_lineage_known_censor,240,1,24,7,31,23,8,True,24,5,19,5,1,-5
intermittent,marked_lineage_known_censor,240,2,24,3,27,24,3,True,24,5,19,5,0,-5
