arm,frame,robot,detected,output_count,active_components,near_active_components,near_total_r,near_max_r,association_has_column,association_effective_labels,association_largest_share,association_nearest_distance_m,association_joint_mass
marked_gaussian_evidence_guarded_scalar_once_joint_range,1,1,False,0,0,0,0.0,0.0,False,,,,
marked_gaussian_evidence_guarded_scalar_once_joint_range,1,2,False,0,0,0,0.0,0.0,False,,,,
marked_gaussian_evidence_guarded_scalar_once_joint_range,2,1,False,2,9,1,0.010432654096559416,0.010432654096559416,True,2.213184274790416,0.585415501140231,0.06757423227289326,0.1062352979724278
marked_gaussian_evidence_guarded_scalar_once_joint_range,2,2,False,2,9,1,0.010432654096559416,0.010432654096559416,False,,,,
marked_gaussian_evidence_guarded_scalar_once_joint_range,3,1,False,3,19,1,0.009073840137579756,0.009073840137579756,True,3.9824941444514805,0.3541768761728752,0.07036703932767976,0.16292125840893615
marked_gaussian_evidence_guarded_scalar_once_joint_range,3,2,False,3,19,1,0.009073840137579756,0.009073840137579756,False,,,,
marked_gaussian_evidence_guarded_scalar_once_joint_range,4,1,False,3,23,3,0.04997463714157452,0.022628721718759497,True,5.9622737522956,0.2540031861429864,0.0560528450527953,0.45731074851201575
marked_gaussian_evidence_guarded_scalar_once_joint_range,4,2,False,3,23,3,0.049974637141574504,0.022628721718759348,False,,,,
marked_gaussian_evidence_guarded_scalar_once_joint_range,5,1,False,4,30,5,0.08999790712854748,0.029049390203236835,True,7.996175650890173,0.1995536617570999,0.09935741134367751,0.5458604717015778
marked_gaussian_evidence_guarded_scalar_once_joint_range,5,2,False,4,30,5,0.08999790712854758,0.029049390203236835,False,,,,
marked_gaussian_evidence_guarded_scalar_once_joint_range,6,1,False,4,36,7,0.13875242352332617,0.03529142067481469,True,9.889007367387434,0.1828145430724945,0.10656854480590164,0.6993099164873587
marked_gaussian_evidence_guarded_scalar_once_joint_range,6,2,False,4,36,7,0.1387524235233263,0.03529142067481494,False,,,,
marked_gaussian_evidence_guarded_scalar_once_joint_range,7,1,False,5,42,10,0.22001773342967906,0.04636591939970309,True,11.24053969682171,0.17946690815738,0.05378356768864491,0.7658384571457522
marked_gaussian_evidence_guarded_scalar_once_joint_range,7,2,False,5,42,10,0.2200177334296787,0.04636591939970277,False,,,,
marked_gaussian_evidence_guarded_scalar_once_joint_range,8,1,False,5,48,15,0.28113712398412855,0.05756175128321774,True,11.864882394728058,0.1848002739996766,0.051262000733259636,0.8935539155262893
marked_gaussian_evidence_guarded_scalar_once_joint_range,8,2,False,4,33,12,0.08931765893505306,0.01799548421399705,True,1.076816559565892,0.9859189628796741,35.07648949985105,2.0360339054125563e-22
marked_gaussian_evidence_guarded_scalar_once_joint_range,9,1,False,5,54,20,0.1761148684190224,0.03242836468498112,True,12.547009453860296,0.18855121553794948,0.05706067093004055,0.8475067848394493
marked_gaussian_evidence_guarded_scalar_once_joint_range,9,2,False,4,30,11,0.03391841708624302,0.00685309974655705,True,1.0000000000870688,0.9999999999968513,35.64463907174475,0.0005408466544268181
marked_gaussian_evidence_guarded_scalar_once_joint_range,10,1,False,5,60,23,0.16200642867765602,0.015483127812629094,True,16.745933779875422,0.16121390031932556,0.04529137185970938,0.8894411841523169
marked_gaussian_evidence_guarded_scalar_once_joint_range,10,2,False,5,60,23,0.1620064286776561,0.015483127812629203,True,1.269105620438208,0.9358218247888845,35.80341075488868,0.03823313034422428
marked_gaussian_evidence_guarded_scalar_once_joint_range,11,1,False,5,67,26,0.21319922564117255,0.020126892774219224,True,23.533132652479654,0.11982838564892302,0.11247041930649476,0.7794337249307982
marked_gaussian_evidence_guarded_scalar_once_joint_range,11,2,False,5,67,26,0.21319922564117288,0.020126892774219224,True,1.7717112467245806,0.8170568926060823,35.99589844149703,0.19168749423854947
marked_gaussian_evidence_guarded_scalar_once_joint_range,12,1,False,5,74,27,0.28027790239821254,0.028624843040306797,True,24.115594254089817,0.13100730082319817,0.051580401947551806,0.843030838465222
marked_gaussian_evidence_guarded_scalar_once_joint_range,12,2,False,5,74,27,0.2802779023982118,0.0286248430403064,False,,,,
marked_gaussian_evidence_guarded_scalar_once_joint_range,13,1,False,6,81,29,0.33542264926283016,0.03562146828102207,True,24.110183080093183,0.13495311520691153,0.03365421759250316,0.8866294574813934
marked_gaussian_evidence_guarded_scalar_once_joint_range,13,2,False,6,81,29,0.3354226492628297,0.035621468281021584,False,,,,
marked_gaussian_evidence_guarded_scalar_once_joint_range,14,1,False,6,81,32,0.3968991602087628,0.055028265454833664,True,23.21343151239926,0.1349246400763036,0.03193951217151648,0.9303906715980935
marked_gaussian_evidence_guarded_scalar_once_joint_range,14,2,False,6,81,32,0.3968991602087641,0.05502826545483404,False,,,,
marked_gaussian_evidence_guarded_scalar_once_joint_range,15,1,False,6,75,25,0.3083988803000366,0.056644546001123605,True,21.29397566667204,0.17655648593131346,0.09931305650821314,0.9059807797424482
marked_gaussian_evidence_guarded_scalar_once_joint_range,15,2,False,6,75,25,0.30839888030003765,0.05664454600112399,False,,,,
marked_gaussian_evidence_guarded_scalar_once_joint_range,16,1,False,6,77,27,0.28941895017511443,0.060081781061985015,True,20.224901379692284,0.18792302534531682,0.11344635573578923,0.9112836882970792
marked_gaussian_evidence_guarded_scalar_once_joint_range,16,2,False,6,77,27,0.2894189501751143,0.060081781061985015,False,,,,
marked_gaussian_evidence_guarded_scalar_once_joint_range,17,1,False,6,80,30,0.3375418078421244,0.06350934821481534,True,21.092567108684605,0.19351410303634145,0.03564853079705343,0.914847187503339
marked_gaussian_evidence_guarded_scalar_once_joint_range,17,2,False,6,80,30,0.3375418078421245,0.06350934821481534,False,,,,
marked_gaussian_evidence_guarded_scalar_once_joint_range,18,1,True,8,80,40,1.6430175180841289,0.2389890885024755,True,21.691212180835112,0.19985294918113808,0.045649281019597344,0.9257493502168173
marked_gaussian_evidence_guarded_scalar_once_joint_range,18,2,False,6,57,21,0.10972827128582135,0.02637865786813115,False,,,,
marked_gaussian_evidence_guarded_scalar_once_joint_range,19,1,False,6,89,33,0.2603722363807273,0.07994338113517514,True,20.359189928401698,0.21865809079837542,0.041851459391518776,0.9705874010933033
marked_gaussian_evidence_guarded_scalar_once_joint_range,19,2,False,6,89,33,0.2603722363807279,0.07994338113517567,False,,,,
marked_gaussian_evidence_guarded_scalar_once_joint_range,20,1,False,6,93,35,0.3257241577046341,0.09760089355223847,True,22.193732316306637,0.28794411996818636,0.09105700630675714,0.9532128782429293
marked_gaussian_evidence_guarded_scalar_once_joint_range,20,2,False,6,93,35,0.32572415770463403,0.09760089355223847,False,,,,
marked_gaussian_evidence_guarded_scalar_once_joint_range,21,1,False,6,96,35,0.31196694761694377,0.10905813834548311,True,22.20153507799299,0.3051079580603331,0.09168980582450387,0.8851999852687295
marked_gaussian_evidence_guarded_scalar_once_joint_range,21,2,False,6,96,35,0.311966947616943,0.10905813834548311,False,,,,
marked_gaussian_evidence_guarded_scalar_once_joint_range,22,1,False,6,96,36,0.335958147447967,0.12601502282444818,True,21.362987250818428,0.324100303935696,0.06143679940974246,0.9384496893742684
marked_gaussian_evidence_guarded_scalar_once_joint_range,22,2,False,6,96,36,0.335958147447968,0.12601502282444896,False,,,,
marked_gaussian_evidence_guarded_scalar_once_joint_range,23,1,False,6,99,32,0.3166983626496527,0.14244505901797455,True,21.054918928029,0.33981231181248345,0.1200661223864506,0.9094424812353051
marked_gaussian_evidence_guarded_scalar_once_joint_range,23,2,False,6,99,32,0.3166983626496521,0.14244505901797366,False,,,,
marked_gaussian_evidence_guarded_scalar_once_joint_range,24,1,False,6,76,40,0.37275744380101283,0.15958301378556994,True,20.501691604733526,0.35842968877077885,0.04687810512051207,0.9265618065565128
marked_gaussian_evidence_guarded_scalar_once_joint_range,24,2,False,6,76,40,0.3727574438010109,0.15958301378556805,False,,,,
marked_gaussian_evidence_guarded_scalar_once_joint_range,25,1,False,6,74,40,0.37631569711470336,0.1762003203271929,True,20.026501577167412,0.3768107639676903,0.11109578156562097,0.905740910492577
marked_gaussian_evidence_guarded_scalar_once_joint_range,25,2,False,6,74,40,0.37631569711470336,0.1762003203271929,False,,,,
marked_gaussian_evidence_guarded_scalar_once_joint_range,26,1,False,6,77,41,0.3818068993940762,0.19893887560661744,True,19.576390312603305,0.3925187350720923,0.1446768418821758,0.9326501108115148
marked_gaussian_evidence_guarded_scalar_once_joint_range,26,2,False,6,77,41,0.3818068993940776,0.19893887560661858,False,,,,
marked_gaussian_evidence_guarded_scalar_once_joint_range,27,1,False,6,79,59,0.5019616732728461,0.22253741710665578,True,19.133401642668886,0.4104047374419315,0.09425574860562583,0.9374656875436153
marked_gaussian_evidence_guarded_scalar_once_joint_range,27,2,False,6,79,59,0.5019616732728465,0.22253741710665578,False,,,,
marked_gaussian_evidence_guarded_scalar_once_joint_range,28,1,False,6,82,42,0.3845638320495821,0.2430459566560676,True,18.945958327649098,0.4242135050227,0.14609414399609785,0.8851807854640139
marked_gaussian_evidence_guarded_scalar_once_joint_range,28,2,False,6,82,42,0.38456383204958083,0.24304595665606626,False,,,,
marked_gaussian_evidence_guarded_scalar_once_joint_range,29,1,False,6,82,57,0.4888418608184636,0.273108443697905,True,19.095475313026103,0.43143896596827397,0.06595437955072765,0.9164160223954348
marked_gaussian_evidence_guarded_scalar_once_joint_range,29,2,False,6,82,57,0.48884186081846215,0.27310844369790355,False,,,,
marked_gaussian_evidence_guarded_scalar_once_joint_range,30,1,False,6,87,69,0.5628722950449179,0.30050012729279735,True,18.132272598316696,0.45438795647725133,0.10946912424036814,0.9282986011959629
marked_gaussian_evidence_guarded_scalar_once_joint_range,30,2,False,6,87,69,0.5628722950449175,0.30050012729279735,False,,,,
marked_gaussian_evidence_guarded_scalar_once_joint_range,31,1,False,6,93,75,0.5977276282483098,0.3307065124868515,True,17.548447850940775,0.4711276463883533,0.08829915880796961,0.924324140251403
marked_gaussian_evidence_guarded_scalar_once_joint_range,31,2,False,6,62,44,0.2055925482248263,0.14036645267937603,False,,,,
marked_gaussian_evidence_guarded_scalar_once_joint_range,32,1,False,6,98,72,0.46921644823305386,0.23143755770156688,True,17.604243505241858,0.47923229466243467,0.1276275268101563,0.9028520818991995
marked_gaussian_evidence_guarded_scalar_once_joint_range,32,2,False,6,98,72,0.46921644823305386,0.23143755770156688,False,,,,
marked_gaussian_evidence_guarded_scalar_once_joint_range,33,1,False,6,102,81,0.5229428359822459,0.24863704255700483,True,28.20898977579227,0.386681253046548,0.13037048703411427,0.9208678764076238
marked_gaussian_evidence_guarded_scalar_once_joint_range,33,2,False,6,102,81,0.5229428359822461,0.24863704255700483,False,,,,
marked_gaussian_evidence_guarded_scalar_once_joint_range,34,1,False,6,108,85,0.5426329095978779,0.2697923864624222,True,26.793836384810195,0.40590416702643284,0.06686490791099757,0.9464991330461624
marked_gaussian_evidence_guarded_scalar_once_joint_range,34,2,False,6,108,85,0.5426329095978775,0.2697923864624222,False,,,,
marked_gaussian_evidence_guarded_scalar_once_joint_range,35,1,True,7,113,87,0.5494911640543596,0.2896129838495063,True,25.214494156034707,0.42637547393269004,0.07119023561182705,0.8850821062897755
marked_gaussian_evidence_guarded_scalar_once_joint_range,35,2,True,7,113,87,0.5494911640543594,0.2896129838495063,False,,,,
marked_gaussian_evidence_guarded_scalar_once_joint_range,36,1,True,7,115,90,0.5802132671381186,0.318453692560351,True,24.04746116175489,0.44279385052517395,0.06371735568738825,0.9183088446047731
marked_gaussian_evidence_guarded_scalar_once_joint_range,36,2,True,7,115,90,0.5802132671381202,0.3184536925603525,False,,,,
marked_gaussian_evidence_guarded_scalar_once_joint_range,37,1,True,7,119,93,0.6346167007693051,0.3574952489987081,True,25.024775892569256,0.43872911356885824,0.09117330618167116,0.9579966092250667
marked_gaussian_evidence_guarded_scalar_once_joint_range,37,2,True,7,119,93,0.6346167007693055,0.3574952489987081,False,,,,
marked_gaussian_evidence_guarded_scalar_once_joint_range,38,1,False,7,118,95,0.6412797353413306,0.3802075106240823,True,23.058064900181108,0.4620080416813188,0.11920467821727368,0.9274474432687061
marked_gaussian_evidence_guarded_scalar_once_joint_range,38,2,False,7,118,95,0.6412797353413312,0.3802075106240823,False,,,,
marked_gaussian_evidence_guarded_scalar_once_joint_range,39,1,False,7,121,98,0.6858826528182317,0.4121394325760272,True,21.99728811937029,0.4751116285143753,0.13080897192112637,0.9281244384034453
marked_gaussian_evidence_guarded_scalar_once_joint_range,39,2,False,7,121,98,0.6858826528182316,0.4121394325760272,False,,,,
marked_gaussian_evidence_guarded_scalar_once_joint_range,40,1,False,7,123,101,0.7148849867286649,0.4440019391871483,True,23.07649082742482,0.4685425162946108,0.08858551246905268,0.9497191090891197
marked_gaussian_evidence_guarded_scalar_once_joint_range,40,2,False,7,123,101,0.7148849867286668,0.44400193918715014,False,,,,
marked_gaussian_evidence_guarded_scalar_once_joint_range,41,1,True,8,122,103,0.7353269830534778,0.4629074301006613,True,19.453542795152735,0.5087145643583727,0.07037480290136493,0.9103165690251346
marked_gaussian_evidence_guarded_scalar_once_joint_range,41,2,True,8,122,103,0.7353269830534775,0.4629074301006613,False,,,,
marked_gaussian_evidence_guarded_scalar_once_joint_range,42,1,True,8,127,98,0.7444975093012105,0.4856915560481918,True,20.678648818032478,0.4978421140099226,0.1352366596943447,0.9237546366927923
marked_gaussian_evidence_guarded_scalar_once_joint_range,42,2,True,8,127,98,0.7444975093012121,0.48569155604819353,False,,,,
marked_gaussian_evidence_guarded_scalar_once_joint_range,43,1,True,8,129,107,0.8040586190263854,0.5126972116181183,True,21.75113835168352,0.48967295172894754,0.0833394835762643,0.9411484555488787
marked_gaussian_evidence_guarded_scalar_once_joint_range,43,2,True,8,129,107,0.8040586190263858,0.5126972116181183,True,1.01284541428424,0.9982648174410599,54.83688755796934,2.1432259072758545e-38
marked_gaussian_evidence_guarded_scalar_once_joint_range,44,1,True,8,134,110,0.8206451755017062,0.5309033491258082,True,20.954984833807522,0.5000034997621785,0.07579585839954701,0.9596143282493068
marked_gaussian_evidence_guarded_scalar_once_joint_range,44,2,False,7,79,62,0.34904199135914304,0.28185212493089445,False,,,,
marked_gaussian_evidence_guarded_scalar_once_joint_range,45,1,True,8,139,113,0.7271905670067151,0.40031869855917285,True,19.6170527637461,0.5166414244754247,0.07599994338219847,0.967134719839459
marked_gaussian_evidence_guarded_scalar_once_joint_range,45,2,True,8,139,113,0.7271905670067151,0.40031869855917285,False,,,,
marked_gaussian_evidence_guarded_scalar_once_joint_range,46,1,True,8,139,116,0.6920951477336623,0.3950663922666932,True,27.993991963204234,0.44300953760751377,0.05281856519235835,0.9472047013641954
marked_gaussian_evidence_guarded_scalar_once_joint_range,46,2,True,8,139,116,0.6920951477336641,0.395066392266695,False,,,,
marked_gaussian_evidence_guarded_scalar_once_joint_range,47,1,True,8,144,119,0.7426618957725527,0.4135472442440236,True,27.662153338123698,0.44895117970421844,0.03337188178640938,0.9301896102613313
marked_gaussian_evidence_guarded_scalar_once_joint_range,47,2,True,8,144,119,0.7426618957725527,0.4135472442440236,False,,,,
marked_gaussian_evidence_guarded_scalar_once_joint_range,48,1,True,8,148,122,0.7244129573118641,0.41170731222412915,True,26.43495675152304,0.46069226242338884,0.054656727329486246,0.9332257015874711
marked_gaussian_evidence_guarded_scalar_once_joint_range,48,2,False,7,88,70,0.2857748651062044,0.20825608058956308,False,,,,
marked_gaussian_evidence_guarded_scalar_once_joint_range,49,1,False,7,152,124,0.6642900065678206,0.29835956110727335,True,27.80146654180665,0.453128102021284,0.0581685833824595,0.9694504078899946
marked_gaussian_evidence_guarded_scalar_once_joint_range,49,2,False,7,152,124,0.6642900065678191,0.29835956110727185,False,,,,
marked_gaussian_evidence_guarded_scalar_once_joint_range,50,1,False,7,155,127,0.6042142132001994,0.2801587633868224,True,41.09430836482722,0.3684023185150675,0.13003677900754507,0.9204252009704281
marked_gaussian_evidence_guarded_scalar_once_joint_range,50,2,False,7,155,127,0.6042142132001992,0.2801587633868224,True,1.0000000000042713,0.9999999999998604,66.29367577706189,1.5845801409093248e-68
marked_gaussian_evidence_guarded_scalar_once_joint_range,51,1,False,7,158,130,0.6495883089665744,0.28625686856523397,True,39.90665332348952,0.3790272762154198,0.08924475283613055,0.9451829052377476
marked_gaussian_evidence_guarded_scalar_once_joint_range,51,2,False,7,58,39,0.16551739187376877,0.1265992946321328,False,,,,
marked_gaussian_evidence_guarded_scalar_once_joint_range,52,1,False,7,162,133,0.5737291696097664,0.17665763325715075,True,43.08282025086496,0.36350988244648325,0.04546557902497019,0.9403018827039817
marked_gaussian_evidence_guarded_scalar_once_joint_range,52,2,False,7,162,133,0.5737291696097664,0.17665763325715075,False,,,,
marked_gaussian_evidence_guarded_scalar_once_joint_range,53,1,True,9,165,136,1.829768301240096,0.44403782569646805,True,68.98524523959786,0.25196731571232767,0.06837284706978408,0.9334941706829903
marked_gaussian_evidence_guarded_scalar_once_joint_range,53,2,False,8,160,136,0.5229756800472994,0.15924833550476286,False,,,,
marked_gaussian_evidence_guarded_scalar_once_joint_range,54,1,False,8,169,139,0.5623828595061302,0.1699066308722038,True,64.67038171742787,0.2672705762556759,0.04155659970176547,0.9873770234997603
marked_gaussian_evidence_guarded_scalar_once_joint_range,54,2,False,8,169,139,0.5623828595061302,0.1699066308722038,False,,,,
marked_gaussian_evidence_guarded_scalar_once_joint_range,55,1,False,8,174,141,0.5350957983472592,0.1651160588747853,True,68.96305785653075,0.2559646088859943,0.07864627236752818,0.9546354748363455
marked_gaussian_evidence_guarded_scalar_once_joint_range,55,2,False,8,174,141,0.5350957983472612,0.16511605887478725,False,,,,
marked_gaussian_evidence_guarded_scalar_once_joint_range,56,1,False,8,175,143,0.5692620835604111,0.16389128737196212,True,68.60137213884948,0.2628335413186785,0.08208080467486802,0.9635063684069627
marked_gaussian_evidence_guarded_scalar_once_joint_range,56,2,False,8,175,143,0.569262083560411,0.16389128737196212,False,,,,
marked_gaussian_evidence_guarded_scalar_once_joint_range,57,1,True,10,179,147,1.8133070049670708,0.43828722286397076,True,74.63553035306214,0.244868502878154,0.09887432377805208,0.9451229133677443
marked_gaussian_evidence_guarded_scalar_once_joint_range,57,2,False,8,178,146,0.5132411538132906,0.1519092211911577,False,,,,
marked_gaussian_evidence_guarded_scalar_once_joint_range,58,1,True,10,181,148,2.042621194453466,0.5270449341536668,True,69.85717658159159,0.26098463356062696,0.039719495252907425,0.9899122452449169
marked_gaussian_evidence_guarded_scalar_once_joint_range,58,2,False,8,178,148,0.6287734426181422,0.1671642449405852,True,1.0000000000000004,1.0,32.641485575489284,7.010464348769264e-27
marked_gaussian_evidence_guarded_scalar_once_joint_range,59,1,False,8,184,150,0.594869324536707,0.19475240989457085,True,61.42903308181774,0.29192507717955435,0.0830707168783325,0.9810752499476392
marked_gaussian_evidence_guarded_scalar_once_joint_range,59,2,False,8,184,150,0.5948693245367066,0.19475240989457085,True,1.0,1.0,32.593402563315735,0.06020001182558284
marked_gaussian_evidence_guarded_scalar_once_joint_range,60,1,True,8,189,152,0.584192149190659,0.18788263241277642,True,66.57135302931167,0.2791897483642188,0.07681619984072663,0.9720139191784662
marked_gaussian_evidence_guarded_scalar_once_joint_range,60,2,True,8,189,152,0.5841921491906592,0.18788263241277642,True,1.7921757915550227,0.7298274288957673,32.43225471951759,0.12689008499381435
marked_gaussian_evidence_guarded_scalar_once_joint_range,61,1,False,7,186,154,0.5857572079010478,0.17602742791800297,True,70.89259227193351,0.26786906168235514,0.04629540010971166,0.9202627179974605
marked_gaussian_evidence_guarded_scalar_once_joint_range,61,2,False,7,186,154,0.5857572079010478,0.17602742791800297,True,2.667044501428755,0.5494025772410642,32.3352049730279,0.27745799168163554
marked_gaussian_evidence_guarded_scalar_once_joint_range,62,1,False,7,176,156,0.5592820356546532,0.15878938360374195,True,76.65384477620333,0.252238534880902,0.0820008669988391,0.946054747640257
marked_gaussian_evidence_guarded_scalar_once_joint_range,62,2,False,7,176,156,0.5592820356546534,0.15878938360374195,True,3.3127392513179474,0.5087365605063864,32.270453544530376,0.5259199391482541
marked_gaussian_evidence_guarded_scalar_once_joint_range,63,1,False,7,181,159,0.5742031560409049,0.14684264380301826,True,82.87150994734606,0.23456371215180913,0.060304704569526225,0.9543140818792716
marked_gaussian_evidence_guarded_scalar_once_joint_range,63,2,False,7,181,159,0.5742031560409049,0.14684264380301826,True,3.4989131237991735,0.5536231441733446,32.26200262235368,0.6209917477925777
marked_gaussian_evidence_guarded_scalar_once_joint_range,64,1,False,7,185,161,0.5449504069059408,0.12909148486407135,True,90.7091125029013,0.21470472840435662,0.0795192752049788,0.9205280734314065
marked_gaussian_evidence_guarded_scalar_once_joint_range,64,2,False,7,185,161,0.5449504069059417,0.12909148486407213,True,3.210163130821231,0.6345215314582042,32.24008665436323,0.5234466108858642
marked_gaussian_evidence_guarded_scalar_once_joint_range,65,1,False,7,188,163,0.5556744732254973,0.115582710924967,True,97.3438107040616,0.19841624502725297,0.08209555183358459,0.9084314069779232
marked_gaussian_evidence_guarded_scalar_once_joint_range,65,2,False,8,86,62,0.11351638022814532,0.05057698188284449,True,2.7833139568202228,0.7091063817863691,32.10116601583492,0.6731788097945515
marked_gaussian_evidence_guarded_scalar_once_joint_range,66,1,False,7,192,166,0.5707509287453049,0.06352308389480156,True,108.04286821202263,0.17302360949678808,0.06599980548507882,0.9401024304752879
marked_gaussian_evidence_guarded_scalar_once_joint_range,66,2,False,7,192,166,0.5707509287453045,0.06352308389480114,True,2.0643572358004514,0.810554517854098,31.943306649089752,0.9707750037983761
marked_gaussian_evidence_guarded_scalar_once_joint_range,67,1,True,9,195,168,1.8648250680219969,0.1707751451299354,True,142.377028641805,0.09066668827840475,0.04927572298403228,0.8961579941513464
marked_gaussian_evidence_guarded_scalar_once_joint_range,67,2,False,8,192,168,0.48551535421123615,0.049619757263008026,True,1.5677521063863065,0.9004062861574363,32.058025496969925,0.8317739013104521
marked_gaussian_evidence_guarded_scalar_once_joint_range,68,1,True,9,195,170,2.050481850325319,0.1904069275763465,True,141.12096624988385,0.09245639582008477,0.0349348153204243,0.977342165846314
marked_gaussian_evidence_guarded_scalar_once_joint_range,68,2,False,8,197,170,0.5998849905332023,0.04595592384064838,True,1.31255226170716,0.9467964634967483,31.767677130348332,0.9620484088424498
marked_gaussian_evidence_guarded_scalar_once_joint_range,69,1,False,7,200,172,0.5259362732345362,0.04612417259505718,True,138.071902823644,0.09809421352435659,0.048842939611930904,0.9741983113207183
marked_gaussian_evidence_guarded_scalar_once_joint_range,69,2,False,7,200,172,0.5259362732345367,0.04612417259505718,True,1.190297546543339,0.9711218629482175,31.773103596231277,0.9540719944637116
marked_gaussian_evidence_guarded_scalar_once_joint_range,70,1,False,8,204,174,0.5216100856683432,0.04011998919296841,True,149.9363011315966,0.0802373107477625,0.040988381890688735,0.9175685478311455
marked_gaussian_evidence_guarded_scalar_once_joint_range,70,2,False,8,204,174,0.5216100856683433,0.04011998919296841,True,1.2296493524469416,0.9658837281084902,31.716923557479213,0.9094750006769571
marked_gaussian_evidence_guarded_scalar_once_joint_range,71,1,False,8,209,176,0.5366968309670086,0.03419529336748161,True,156.89288225960777,0.06908136109652227,0.07970625736675815,0.9233612769931142
marked_gaussian_evidence_guarded_scalar_once_joint_range,71,2,False,8,209,176,0.5366968309670088,0.03419529336748161,True,1.1522753361616762,0.9783146195392304,31.722093907388395,0.9872325943915938
marked_gaussian_evidence_guarded_scalar_once_joint_range,72,1,False,8,209,178,0.5260036170417421,0.028705694665923872,True,165.34563621203125,0.056312655221372125,0.09955328073333283,0.9524828423558798
marked_gaussian_evidence_guarded_scalar_once_joint_range,72,2,False,8,209,178,0.5260036170417427,0.028705694665923872,True,1.0541764258407347,0.99319864884781,31.690189526503122,0.9978421389501648
marked_gaussian_evidence_guarded_scalar_once_joint_range,73,1,False,8,211,181,0.5286067032486101,0.023077317828363357,True,169.9026645235778,0.048337209366409395,0.042233186738611615,0.8293821051068189
marked_gaussian_evidence_guarded_scalar_once_joint_range,73,2,False,8,211,181,0.5286067032486095,0.023077317828363038,True,1.0270758144720296,0.9968761799721744,31.607370832779715,0.9965679251735017
marked_gaussian_evidence_guarded_scalar_once_joint_range,74,1,False,9,214,185,0.5221442569525037,0.01858742137903968,True,176.93912143436552,0.03862052776024319,0.047087991380743204,0.8948213890429558
marked_gaussian_evidence_guarded_scalar_once_joint_range,74,2,False,9,214,185,0.5221442569525037,0.018587421379039813,True,1.0172434329990745,0.9980672334330577,31.508568426791683,0.9967161371964248
marked_gaussian_evidence_guarded_scalar_once_joint_range,75,1,False,9,220,188,0.5301334725359086,0.014822504081942443,True,182.13010082973466,0.03163477883718636,0.05412117733474206,0.8614017274349631
marked_gaussian_evidence_guarded_scalar_once_joint_range,75,2,False,9,220,188,0.5301334725359088,0.014822504081942443,True,1.0043371135949413,0.9994963920057228,31.472848442884164,0.9962606255203212
marked_gaussian_evidence_guarded_scalar_once_joint_range,76,1,False,9,227,192,0.5189064595771059,0.011614195649944573,True,188.44158728037928,0.024851920538691168,0.06050622674186132,0.8831621909689171
marked_gaussian_evidence_guarded_scalar_once_joint_range,76,2,False,9,227,192,0.518906459577106,0.011614195649944656,True,1.0043199873706217,0.9994986370905897,31.400538804888537,0.9976959894602505
marked_gaussian_evidence_guarded_scalar_once_joint_range,77,1,False,9,231,196,0.5290254789898474,0.00910785581623862,True,193.09176359160216,0.019941821642998393,0.05918060669807441,0.853382599347326
marked_gaussian_evidence_guarded_scalar_once_joint_range,77,2,False,9,231,196,0.529025478989847,0.00910785581623862,True,3.215442841559921,0.5643746146480464,40.117099119661724,0.5366102311566876
marked_gaussian_evidence_guarded_scalar_once_joint_range,78,1,False,9,234,199,0.5148398941889205,0.007015801822606907,True,197.6129985346803,0.015299857271064834,0.06272869970874015,0.8759729878136555
marked_gaussian_evidence_guarded_scalar_once_joint_range,78,2,False,9,234,199,0.5148398941889207,0.007015801822606859,True,1.0,1.0,31.115789584391614,0.9505528860725017
marked_gaussian_evidence_guarded_scalar_once_joint_range,79,1,False,9,237,205,0.5356871711433842,0.005454913970808159,True,201.62607559094278,0.01213957242522898,0.07063913026894945,0.8974440610207597
marked_gaussian_evidence_guarded_scalar_once_joint_range,79,2,False,9,237,205,0.535687171143384,0.005454913970808159,False,,,,
marked_gaussian_evidence_guarded_scalar_once_joint_range,80,1,False,8,240,206,0.5067325825715839,0.004067885382604625,True,205.02437880620218,0.009031532935032234,0.089886470798468,0.7976445539726251
marked_gaussian_evidence_guarded_scalar_once_joint_range,80,2,False,8,240,206,0.5067325825715843,0.004067885382604654,False,,,,
marked_gaussian_evidence_guarded_scalar_once_joint_range,81,1,False,8,242,208,0.5943631339756527,0.0031988679175198637,True,208.76987616437899,0.0071566728834169145,0.09683389666624291,0.859004713909472
marked_gaussian_evidence_guarded_scalar_once_joint_range,81,2,False,8,242,208,0.5943631339756527,0.0031988679175198637,True,1.0,1.0,30.75079573750311,0.6895010147566262
marked_gaussian_evidence_guarded_scalar_once_joint_range,82,1,False,8,239,212,0.5550097607127783,0.002883832837641417,True,211.79094434798895,0.005632910438670852,0.05456438340554461,0.8728664126322814
marked_gaussian_evidence_guarded_scalar_once_joint_range,82,2,False,8,239,212,0.5550097607127786,0.002883832837641417,False,,,,
marked_gaussian_evidence_guarded_scalar_once_joint_range,83,1,False,8,240,216,0.550001045342511,0.00302072918078717,True,214.20343303303062,0.005728667701058359,0.10988162286020166,0.9331463115515966
marked_gaussian_evidence_guarded_scalar_once_joint_range,83,2,False,8,240,216,0.5500010453425113,0.00302072918078717,True,1.2741811249842616,0.9425350679124704,39.147150548792176,2.8401132393905966e-05
marked_gaussian_evidence_guarded_scalar_once_joint_range,84,1,False,8,241,219,0.6129051419311635,0.003031800061132239,True,217.52806298680795,0.006016197146740666,0.09778786706145108,0.8901782678912796
marked_gaussian_evidence_guarded_scalar_once_joint_range,84,2,False,8,26,11,0.011475502309505455,0.0010856316309203519,False,,,,
marked_gaussian_evidence_guarded_scalar_once_joint_range,85,1,False,8,235,221,0.6476619813943649,0.0031118025849000614,True,220.37357596632884,0.005326407520320666,0.06426381982018775,0.9766576807838301
marked_gaussian_evidence_guarded_scalar_once_joint_range,85,2,False,8,235,221,0.6476619813943649,0.0031118025849000614,False,,,,
marked_gaussian_evidence_guarded_scalar_once_joint_range,86,1,False,8,242,223,1.83719249394846,0.0089662678771592,True,223.04652550400897,0.005574610975626421,0.08472257983545375,0.9343269782700685
marked_gaussian_evidence_guarded_scalar_once_joint_range,86,2,False,8,242,223,0.5231335824085162,0.0027817475576972684,False,,,,
marked_gaussian_evidence_guarded_scalar_once_joint_range,87,1,False,8,246,226,0.6633294951096371,0.0031205448328875947,True,222.15457116652524,0.005282783709309647,0.08195296594854169,0.9606122016361152
marked_gaussian_evidence_guarded_scalar_once_joint_range,87,2,False,8,246,226,0.6633294951096371,0.0031205448328875947,False,,,,
marked_gaussian_evidence_guarded_scalar_once_joint_range,88,1,False,8,243,229,0.5122350086425318,0.002716880591592945,True,226.47586402433637,0.006004241966340113,0.08739144764921328,0.8906068286732791
marked_gaussian_evidence_guarded_scalar_once_joint_range,88,2,False,8,243,229,0.5122350086425314,0.002716880591592945,True,1.0000060930722101,0.9999996160993313,30.441956274636272,8.720861921624993e-22
marked_gaussian_evidence_guarded_scalar_once_joint_range,89,1,False,8,247,234,0.427056194854731,0.0026206760879557357,True,230.72004527385798,0.0088975333654925,0.07896311212900294,0.7561855663910999
marked_gaussian_evidence_guarded_scalar_once_joint_range,89,2,False,8,247,234,0.427056194854731,0.0026206760879557357,False,,,,
marked_gaussian_evidence_guarded_scalar_once_joint_range,90,1,False,8,248,234,0.4440711069335235,0.0021227616943970892,True,231.49949050690108,0.00628571303367615,0.07416026837806886,0.8306010428050576
marked_gaussian_evidence_guarded_scalar_once_joint_range,90,2,False,8,248,234,0.44407110693352336,0.0021227616943970892,True,1.9491505437746637,0.6129859928498856,32.05388853703006,0.002152387209315403
marked_gaussian_evidence_guarded_scalar_once_joint_range,91,1,False,8,249,234,0.4702842830505043,0.002168324326792911,True,231.95330836521447,0.004928367315556561,0.0642205263939614,0.9314383579218001
marked_gaussian_evidence_guarded_scalar_once_joint_range,91,2,False,8,249,234,0.4702842830505043,0.002168324326792911,True,1.6135413944938544,0.8688646607001436,31.88531971379977,0.0313362902665487
marked_gaussian_evidence_guarded_scalar_once_joint_range,92,1,False,8,250,233,0.5106443231170239,0.002293766499763943,True,232.42636018765035,0.004691409965679987,0.054113951884488136,0.9620973587024043
marked_gaussian_evidence_guarded_scalar_once_joint_range,92,2,False,8,250,233,0.5106443231170239,0.002293766499763943,True,2.0764973442957495,0.6261459673447669,31.636080327321533,0.08461295719563658
marked_gaussian_evidence_guarded_scalar_once_joint_range,93,1,False,8,256,229,0.5371852282048021,0.0024381888996797356,True,234.7863014992393,0.004534066516522275,0.05445279724919179,0.9495125161807393
marked_gaussian_evidence_guarded_scalar_once_joint_range,93,2,False,8,256,229,0.5371852282048021,0.0024381888996797356,True,2.7884174470966867,0.5535843836477509,31.347511980690964,0.29260250905329954
marked_gaussian_evidence_guarded_scalar_once_joint_range,94,1,False,8,252,236,0.9075348312177277,0.00409546708427939,True,236.50312556396605,0.004506484915950751,0.07796268354325396,0.8829741763345101
marked_gaussian_evidence_guarded_scalar_once_joint_range,94,2,False,8,249,233,0.45791369571459206,0.00202478947607069,True,1.0002588135967632,0.9999795273268774,30.7831349125223,0.00010038409311561654
marked_gaussian_evidence_guarded_scalar_once_joint_range,95,1,False,8,254,230,0.5640125643295367,0.00249473861363806,True,232.14466323344035,0.004597193071666168,0.08441973851349295,0.9818870764263742
marked_gaussian_evidence_guarded_scalar_once_joint_range,95,2,False,8,254,230,0.5640125643295367,0.00249473861363806,True,3.802432528470395,0.4963523247671972,30.602051906893415,0.23092779041103137
marked_gaussian_evidence_guarded_scalar_once_joint_range,96,1,False,8,259,228,0.5780543857039451,0.0025974870226446157,True,235.76511349386766,0.004547276227218214,0.040618386094781356,0.9455188454783672
marked_gaussian_evidence_guarded_scalar_once_joint_range,96,2,False,8,259,228,0.5780543857039451,0.0025974870226446157,True,3.0132702094510786,0.5030324168923879,30.258975680107575,0.14726963579499838
marked_gaussian_evidence_guarded_scalar_once_joint_range,97,1,False,8,258,239,0.9088734230649324,0.0043988750597697725,True,238.99932101329438,0.004852058354911335,0.041476966417009195,0.8819534449240469
marked_gaussian_evidence_guarded_scalar_once_joint_range,97,2,False,8,19,0,0.0,0.0,True,2.6789696769256524,0.5275064890694978,29.982045133464638,0.09699314721468778
marked_gaussian_evidence_guarded_scalar_once_joint_range,98,1,False,9,261,237,1.5142434948989423,0.007070236893792492,True,234.75589099119188,0.005060840605722463,0.0951229083917213,0.9542525006042017
marked_gaussian_evidence_guarded_scalar_once_joint_range,98,2,False,8,20,0,0.0,0.0,True,2.487144600703249,0.5448150772352925,29.802164772458756,0.49927036377874057
marked_gaussian_evidence_guarded_scalar_once_joint_range,99,1,False,10,265,231,1.83961992437382,0.008376356552135238,True,235.85064282903738,0.005000602744792689,0.044937956344475075,0.9793164793682618
marked_gaussian_evidence_guarded_scalar_once_joint_range,99,2,False,7,20,0,0.0,0.0,True,2.25449192766356,0.5221126213843313,37.43796145220059,0.00182976198404918
marked_gaussian_evidence_guarded_scalar_once_joint_range,100,1,False,11,269,231,1.9353900847349574,0.00881784439793232,True,237.04054885297458,0.004907257246452283,0.04982663915443186,0.9844774804074274
marked_gaussian_evidence_guarded_scalar_once_joint_range,100,2,False,6,19,0,0.0,0.0,True,2.0893637053782363,0.7837307829118795,37.03838277142777,0.03452385335716581
marked_gaussian_evidence_guarded_scalar_once_joint_range,101,1,False,11,267,233,1.9721832663934387,0.009058417243989498,True,237.3787616299434,0.0048220270537043365,0.01459123017618354,0.9736025485686051
marked_gaussian_evidence_guarded_scalar_once_joint_range,101,2,False,6,19,0,0.0,0.0,True,2.2653644372002413,0.7560891679677901,36.55566614307732,0.2477172805221324
marked_gaussian_evidence_guarded_scalar_once_joint_range,102,1,False,10,257,234,1.0392090305405752,0.004935582738444959,True,236.74595673754757,0.004750381930825814,0.0612702434879851,0.9400188928358952
marked_gaussian_evidence_guarded_scalar_once_joint_range,102,2,False,6,18,0,0.0,0.0,True,2.221075959568807,0.7808149576016563,37.0280922826782,0.6284140778887601
marked_gaussian_evidence_guarded_scalar_once_joint_range,103,1,False,10,258,233,1.7926226878439526,0.008438825802285749,True,232.42340138472045,0.004831058221457773,0.03749735343735392,0.9915634615354147
marked_gaussian_evidence_guarded_scalar_once_joint_range,103,2,False,6,19,0,0.0,0.0,False,,,,
marked_gaussian_evidence_guarded_scalar_once_joint_range,104,1,False,10,259,232,1.901876950154578,0.008946069639715112,True,233.6326292613444,0.004776053106447528,0.05698818335245788,0.9408924754662847
marked_gaussian_evidence_guarded_scalar_once_joint_range,104,2,False,6,19,0,0.0,0.0,False,,,,
marked_gaussian_evidence_guarded_scalar_once_joint_range,105,1,False,9,253,234,1.0749695459478725,0.0050843224654126135,True,234.2125810649263,0.004725467584324272,0.05239452243633204,0.9782106320872296
marked_gaussian_evidence_guarded_scalar_once_joint_range,105,2,False,6,17,0,0.0,0.0,False,,,,
marked_gaussian_evidence_guarded_scalar_once_joint_range,106,1,False,9,252,233,0.9908738770450157,0.0046972150038320955,True,232.53196784135397,0.004737745669244069,0.0719553852227941,0.9379113536893076
marked_gaussian_evidence_guarded_scalar_once_joint_range,106,2,False,6,14,0,0.0,0.0,False,,,,
marked_gaussian_evidence_guarded_scalar_once_joint_range,107,1,False,8,253,232,1.448485811218719,0.006955634891959812,True,232.23575943326443,0.004740623615136546,0.0510837335245769,0.9737231997553202
marked_gaussian_evidence_guarded_scalar_once_joint_range,107,2,False,6,13,0,0.0,0.0,False,,,,
marked_gaussian_evidence_guarded_scalar_once_joint_range,108,1,False,8,254,232,1.7330344176469343,0.008444316996040598,True,233.66201847943336,0.004735294464477222,0.021879969483652523,0.9467011158060501
marked_gaussian_evidence_guarded_scalar_once_joint_range,108,2,False,6,13,0,0.0,0.0,False,,,,
marked_gaussian_evidence_guarded_scalar_once_joint_range,109,1,False,8,256,233,1.9475763483944113,0.009541141933675163,True,235.1246670517878,0.004729225449464209,0.045280644753644225,0.9594203084262423
marked_gaussian_evidence_guarded_scalar_once_joint_range,109,2,False,6,13,0,0.0,0.0,False,,,,
marked_gaussian_evidence_guarded_scalar_once_joint_range,110,1,False,8,256,235,1.9992499103151977,0.009776102010041072,True,236.0461621814755,0.004727016375282193,0.038825024169705465,0.9645783337289273
marked_gaussian_evidence_guarded_scalar_once_joint_range,110,2,False,6,13,0,0.0,0.0,True,1.8512702963756567,0.8584824475491593,28.086867842343377,1.1380257768864e-311
marked_gaussian_evidence_guarded_scalar_once_joint_range,111,1,False,8,255,237,2.0092485764562484,0.009782670561336427,True,235.8729103343803,0.004736627587399712,0.05057140941230824,0.9750772075167071
marked_gaussian_evidence_guarded_scalar_once_joint_range,111,2,False,6,15,0,0.0,0.0,True,1.0793829226876848,0.9853557534346183,26.48790250405761,0.0024155715888880876
marked_gaussian_evidence_guarded_scalar_once_joint_range,112,1,False,8,257,237,1.9539101056797479,0.009498661130905138,True,235.1732962770261,0.0047479772424976145,0.04904137301125394,0.9442426838226138
marked_gaussian_evidence_guarded_scalar_once_joint_range,112,2,False,5,16,0,0.0,0.0,True,1.0630484696776261,0.9902310479128049,27.422584183486848,0.0033484529352446717
marked_gaussian_evidence_guarded_scalar_once_joint_range,113,1,False,9,259,237,1.9780920552573393,0.009603524270184047,True,235.10198811757695,0.004757526339947829,0.06875918499295304,0.9709134999022235
marked_gaussian_evidence_guarded_scalar_once_joint_range,113,2,False,6,17,0,0.0,0.0,True,2.00920385842991,0.5354635014692218,27.209184340531873,0.06355475222777074
marked_gaussian_evidence_guarded_scalar_once_joint_range,114,1,False,8,259,237,1.9810606723990831,0.009610984699182205,True,235.01662847414735,0.004768348548249159,0.07189153767717339,0.9752837945765457
marked_gaussian_evidence_guarded_scalar_once_joint_range,114,2,False,7,20,0,0.0,0.0,True,2.338598142732495,0.5198937743842086,27.009404979788208,0.6949862356440566
marked_gaussian_evidence_guarded_scalar_once_joint_range,115,1,False,7,254,236,1.9755242940475726,0.009587110423678458,True,234.978942476051,0.004778156130196621,0.08584352655279938,0.9396526735432558
marked_gaussian_evidence_guarded_scalar_once_joint_range,115,2,False,7,22,0,0.0,0.0,True,2.163685186215183,0.6027164102197543,27.036502130402436,0.9841195297484949
marked_gaussian_evidence_guarded_scalar_once_joint_range,116,1,False,7,253,236,1.9318157991828877,0.009375478660215583,True,234.94054751353718,0.0047897295235386885,0.06237627225631114,0.8993576549060907
marked_gaussian_evidence_guarded_scalar_once_joint_range,116,2,False,8,25,0,0.0,0.0,True,1.862252103938405,0.7367320264063587,26.885216517387924,0.9940390845166814
marked_gaussian_evidence_guarded_scalar_once_joint_range,117,1,False,7,252,236,1.9724072078241013,0.00957067728484415,True,234.9360148770651,0.004800908825425894,0.046204382595739536,0.955318664632503
marked_gaussian_evidence_guarded_scalar_once_joint_range,117,2,False,7,25,0,0.0,0.0,True,1.462807658064684,0.8810137620314034,26.819649921034678,0.9969982698007427
marked_gaussian_evidence_guarded_scalar_once_joint_range,118,1,False,7,248,234,1.02730818822801,0.004964062165571775,True,234.85593329077034,0.0048143170070879876,0.08009353867312048,0.9278779781399833
marked_gaussian_evidence_guarded_scalar_once_joint_range,118,2,False,6,21,0,0.0,0.0,True,1.1573607748315395,0.9679233380307991,26.636313159231786,0.994512142368677
marked_gaussian_evidence_guarded_scalar_once_joint_range,119,1,False,7,248,233,0.9600778227085567,0.004638334698171153,True,232.44817886952808,0.00482759240774039,0.0614665593688981,0.9095419996709502
marked_gaussian_evidence_guarded_scalar_once_joint_range,119,2,False,6,19,0,0.0,0.0,True,1.2006960635312736,0.9634678249532992,9.807268694382405,3.4100858191887666e-05
marked_gaussian_evidence_guarded_scalar_once_joint_range,120,1,False,7,249,232,1.5118157860510468,0.007318012561663148,True,232.1453190584132,0.0048287065358894885,0.07214371370798427,0.9662424440699242
marked_gaussian_evidence_guarded_scalar_once_joint_range,120,2,False,6,19,0,0.0,0.0,True,1.0056704381993304,0.9993891706435967,9.762092159306667,0.036554317112592334
marked_gaussian_evidence_guarded_scalar_once_joint_range,121,1,False,8,253,232,1.7751386299706169,0.00859322512635541,True,233.70987186558398,0.004817595421822043,0.07254837022456813,0.9490813347410163
marked_gaussian_evidence_guarded_scalar_once_joint_range,121,2,False,7,21,0,0.0,0.0,True,1.2965947123325274,0.9277977539491807,9.721748538037938,0.2757608324897544
marked_gaussian_evidence_guarded_scalar_once_joint_range,122,1,False,8,257,0,0.0,0.0,True,237.52944341734994,0.006495304752595974,3.483331537044233,0.8936265357976992
marked_gaussian_evidence_guarded_scalar_once_joint_range,122,2,False,8,22,0,0.0,0.0,True,1.2619256167177686,0.9456973633375142,9.69554672988585,0.9482451351922343
marked_gaussian_evidence_guarded_scalar_once_joint_range,123,1,False,8,260,6,0.015518955997329078,0.00585052185978921,True,238.6301121101602,0.0061102320459045295,0.08303720827616741,0.6525021794169503
marked_gaussian_evidence_guarded_scalar_once_joint_range,123,2,False,8,22,0,0.0,0.0,True,3.7225999158952465,0.3616901524970395,4.009254279345464,0.053296096551817884
marked_gaussian_evidence_guarded_scalar_once_joint_range,124,1,False,9,260,10,0.03248793846609277,0.00722916128531108,True,239.62820900115116,0.005122885791638392,0.05159638179157058,0.9152085925526086
marked_gaussian_evidence_guarded_scalar_once_joint_range,124,2,False,7,25,0,0.0,0.0,True,3.497498281985581,0.4944518887251171,3.932953547494068,0.9821754867467127
marked_gaussian_evidence_guarded_scalar_once_joint_range,125,1,False,8,255,1,0.0012208948598517826,0.0012208948598517826,True,237.10034433717053,0.004799856838118608,3.5228792165230707,0.9264986563424132
marked_gaussian_evidence_guarded_scalar_once_joint_range,125,2,False,8,23,0,0.0,0.0,True,2.3093550957350697,0.7376834872129284,3.9762470423818486,0.9988859098824313
marked_gaussian_evidence_guarded_scalar_once_joint_range,126,1,False,10,259,7,0.022730897734008618,0.006547434825910342,True,237.23893799501997,0.008132854188716338,0.03177097888515216,0.5829716376064599
marked_gaussian_evidence_guarded_scalar_once_joint_range,126,2,False,8,24,0,0.0,0.0,True,1.5983517124654558,0.8864344045521003,4.056538795459674,0.9402142120976086
marked_gaussian_evidence_guarded_scalar_once_joint_range,127,1,False,10,264,238,0.8932177880331573,0.0057398220690254445,True,238.55722849206612,0.006789115134029234,0.04967207406246074,0.8113359383776083
marked_gaussian_evidence_guarded_scalar_once_joint_range,127,2,False,7,20,0,0.0,0.0,True,1.0028675146710202,0.9997039296770128,26.66770256673142,0.9998209311667698
marked_gaussian_evidence_guarded_scalar_once_joint_range,128,1,False,11,266,238,1.6589900615825222,0.007948427385582473,True,236.27865265355157,0.00761292847145728,0.05031572624499657,0.8723754096980595
marked_gaussian_evidence_guarded_scalar_once_joint_range,128,2,False,7,17,0,0.0,0.0,True,1.0030214891200355,0.999682097597414,25.69109267370397,0.9996028593762576
marked_gaussian_evidence_guarded_scalar_once_joint_range,129,1,False,11,266,237,1.022065538250326,0.00674776968979598,True,236.55856624740278,0.006767546606091635,0.06537621963130108,0.9396190274927466
marked_gaussian_evidence_guarded_scalar_once_joint_range,129,2,False,6,16,0,0.0,0.0,True,1.0268437696594264,0.9962220285121823,23.872732121927005,0.06058555595295957
marked_gaussian_evidence_guarded_scalar_once_joint_range,130,1,False,12,270,233,1.5728120636119054,0.007665911751729642,True,234.18907872325144,0.006836769492508319,0.05407432501368672,0.9424767904662734
marked_gaussian_evidence_guarded_scalar_once_joint_range,130,2,False,6,15,0,0.0,0.0,True,1.0023757716929598,0.9997566576819507,25.212750941242707,0.9902474335425824
marked_gaussian_evidence_guarded_scalar_once_joint_range,131,1,False,13,275,234,1.8584955056658594,0.00899147964629255,True,235.54528917078463,0.0061137827842595634,0.051589845790832915,0.9746411442374683
marked_gaussian_evidence_guarded_scalar_once_joint_range,131,2,False,6,15,0,0.0,0.0,True,1.0041157271235999,0.9995522722307757,23.736515805006352,0.9640144212019965
marked_gaussian_evidence_guarded_scalar_once_joint_range,132,1,False,13,273,235,1.9617790945517832,0.009494001953328094,True,236.6001955497156,0.005923031883087603,0.05623382425027728,0.9677501070856074
marked_gaussian_evidence_guarded_scalar_once_joint_range,132,2,False,5,14,0,0.0,0.0,False,,,,
marked_gaussian_evidence_guarded_scalar_once_joint_range,133,1,False,12,274,235,1.9599556565340837,0.009490873533339893,True,236.63098325058,0.0060746174939369044,0.07599963724473588,0.9644918026372814
marked_gaussian_evidence_guarded_scalar_once_joint_range,133,2,False,5,13,0,0.0,0.0,False,,,,
marked_gaussian_evidence_guarded_scalar_once_joint_range,134,1,False,13,275,237,1.9543149580465342,0.009453066866205458,True,236.36682340279705,0.006518212506195357,0.058855474737248406,0.9180663300533425
marked_gaussian_evidence_guarded_scalar_once_joint_range,134,2,False,5,13,0,0.0,0.0,True,1.051597525792992,0.9912214026998747,28.01943144308654,2.598286100267537e-07
marked_gaussian_evidence_guarded_scalar_once_joint_range,135,1,False,12,269,235,1.036785334177988,0.006739292078510809,True,235.98824547828022,0.006813180134312926,0.0722990595570594,0.9380059195460815
marked_gaussian_evidence_guarded_scalar_once_joint_range,135,2,False,4,13,0,0.0,0.0,True,1.0623340154810088,0.9891984751469102,9.838591457570624,3.0581833396865764e-05
marked_gaussian_evidence_guarded_scalar_once_joint_range,136,1,False,13,272,234,1.622440019650138,0.008942541303488637,True,233.27510769085617,0.007919015324484075,0.08269244635451287,0.9010889669397109
marked_gaussian_evidence_guarded_scalar_once_joint_range,136,2,False,4,13,0,0.0,0.0,False,,,,
marked_gaussian_evidence_guarded_scalar_once_joint_range,137,1,False,11,273,236,1.0153444243898924,0.007603468535446818,True,234.51049343523005,0.007672020680243508,0.09417792242607549,0.9330129157111068
marked_gaussian_evidence_guarded_scalar_once_joint_range,137,2,False,4,12,0,0.0,0.0,True,1.0020970116713819,0.9997773827662407,25.631999262119564,0.04732127342911036
marked_gaussian_evidence_guarded_scalar_once_joint_range,138,1,False,12,275,233,1.5598800077411648,0.010752658009257045,True,233.35276348943762,0.008187954149487824,0.07358348226386179,0.9696206586524068
marked_gaussian_evidence_guarded_scalar_once_joint_range,138,2,False,5,15,0,0.0,0.0,True,1.1534576037513713,0.9676660013906397,25.48475292057483,0.7105817916645859
marked_gaussian_evidence_guarded_scalar_once_joint_range,139,1,False,12,273,236,1.0155441579115563,0.007985445638876503,True,234.683967257911,0.007947341983639658,0.06489808707935799,0.9370775060275677
marked_gaussian_evidence_guarded_scalar_once_joint_range,139,2,False,6,16,0,0.0,0.0,True,1.0007012052813815,0.9999381650734187,3.970182585090696,6.286954456642911e-08
marked_gaussian_evidence_guarded_scalar_once_joint_range,140,1,False,12,272,233,1.5101931243956352,0.011734851350348293,True,233.31393553423976,0.008169230585908283,0.05081532155112087,0.9303926235676094
marked_gaussian_evidence_guarded_scalar_once_joint_range,140,2,False,6,18,0,0.0,0.0,True,1.00001713917577,0.9999988440116109,4.046835950538874,0.036526276389560346
marked_gaussian_evidence_guarded_scalar_once_joint_range,141,1,False,12,275,234,1.8700900680689991,0.014431898896542056,True,234.77612857043368,0.007995693900397073,0.0568251415284723,0.9794902768606529
marked_gaussian_evidence_guarded_scalar_once_joint_range,141,2,False,5,18,0,0.0,0.0,True,1.2996190746443865,0.9267088119185426,4.029938961571288,0.22132125580911163
marked_gaussian_evidence_guarded_scalar_once_joint_range,142,1,False,12,270,236,1.0384886374164282,0.008099037117719487,True,236.0060966199898,0.0077888522465621056,0.05077160343976151,0.944506481961735
marked_gaussian_evidence_guarded_scalar_once_joint_range,142,2,False,5,18,0,0.0,0.0,True,1.2816554977887258,0.9418736531666818,4.003674924464814,0.837961575545045
marked_gaussian_evidence_guarded_scalar_once_joint_range,143,1,False,12,269,234,1.008643420382702,0.007862775245269677,True,233.55186395951318,0.0077853292270628665,0.03770167553269916,0.958058370668138
marked_gaussian_evidence_guarded_scalar_once_joint_range,143,2,False,5,17,0,0.0,0.0,True,2.744288185915259,0.6592593378384329,9.784586370198094,0.3556409555488514
marked_gaussian_evidence_guarded_scalar_once_joint_range,144,1,False,12,270,233,1.3495707577127836,0.01097426423748039,True,232.92158230973155,0.007793905597398553,0.03577541140049287,0.9632978934861431
marked_gaussian_evidence_guarded_scalar_once_joint_range,144,2,False,4,19,0,0.0,0.0,True,1.1013052894997022,0.9806638316129217,26.324719650510765,1.2095286761357365e-05
marked_gaussian_evidence_guarded_scalar_once_joint_range,145,1,False,10,269,233,0.6313632847008608,0.003858300352150354,True,234.33618801543903,0.007810099767742808,0.03951553556406854,0.9816532065203398
marked_gaussian_evidence_guarded_scalar_once_joint_range,145,2,False,5,19,0,0.0,0.0,True,1.0033901877932898,0.9996239750012584,26.39252378351145,0.018211666565769797
marked_gaussian_evidence_guarded_scalar_once_joint_range,146,1,False,7,266,234,0.631390465131499,0.0032546866600132603,True,237.02636727264112,0.005521308717664048,0.03964059325722988,0.9563105141610637
marked_gaussian_evidence_guarded_scalar_once_joint_range,146,2,False,5,19,0,0.0,0.0,True,2.4511162796242907,0.4788246067466481,29.29554745383821,0.0009113026582205046
marked_gaussian_evidence_guarded_scalar_once_joint_range,147,1,False,12,275,239,0.9418386035953138,0.004578847976706573,True,238.73547471883796,0.004560025475409919,0.06434110555570793,0.9058420592100471
marked_gaussian_evidence_guarded_scalar_once_joint_range,147,2,False,6,272,238,0.48020340954120433,0.00993264502567572,True,1.1384316941019266,0.9758178059831845,3.9526799907387944,0.07292170766659621
marked_gaussian_evidence_guarded_scalar_once_joint_range,148,1,False,10,276,235,0.9259244019091061,0.004627016407061243,True,237.84024053462758,0.004481087997009405,0.08025739217535569,0.9652643435138529
marked_gaussian_evidence_guarded_scalar_once_joint_range,148,2,False,10,276,235,0.9259244019091069,0.004627016407061243,True,187.8252138636166,0.06145098799526088,4.095406510006405,0.6299962301518023
marked_gaussian_evidence_guarded_scalar_once_joint_range,149,1,False,11,281,1,0.002048575436639358,0.002048575436639358,True,240.6127163507502,0.007044371389264802,0.07216541575981192,0.9105361676989816
marked_gaussian_evidence_guarded_scalar_once_joint_range,149,2,False,11,281,1,0.002048575436639358,0.002048575436639358,True,231.83230130401432,0.029410267175272238,3.8508272648788604,0.8582783383141315
marked_gaussian_evidence_guarded_scalar_once_joint_range,150,1,False,11,282,7,0.010488739746924075,0.0020391624579734315,True,242.3075381867729,0.009778955095146372,0.05942246472333614,0.9777819670091884
marked_gaussian_evidence_guarded_scalar_once_joint_range,150,2,False,11,282,7,0.010488739746924075,0.0020391624579734315,True,1.0008204086246386,0.9999328468184683,26.56647715208948,0.986136471437598
marked_gaussian_evidence_guarded_scalar_once_joint_range,151,1,False,11,283,236,0.6140758741258557,0.002685982327904616,True,245.79224916886736,0.012051062733743215,0.034724695433174885,0.9133714945961205
marked_gaussian_evidence_guarded_scalar_once_joint_range,151,2,False,11,283,236,0.6140758741258558,0.002685982327904616,True,1.5046593635322008,0.8922022772014085,23.71772616440841,0.024860222812522904
marked_gaussian_evidence_guarded_scalar_once_joint_range,152,1,False,12,287,248,0.6285374372598227,0.004030915974490626,True,247.39581174150211,0.008617247698809364,0.06096482851798742,0.838073288328091
marked_gaussian_evidence_guarded_scalar_once_joint_range,152,2,False,12,287,248,0.6285374372598228,0.004030915974490683,True,1.5726287307335194,0.902520263207412,23.47299854847429,0.6457436266351567
marked_gaussian_evidence_guarded_scalar_once_joint_range,153,1,False,12,290,251,0.6574100017368525,0.0028296197145923027,True,251.35716024847875,0.0060185933126382365,0.07459492102439318,0.9298320957584634
marked_gaussian_evidence_guarded_scalar_once_joint_range,153,2,False,12,290,251,0.6574100017368525,0.0028296197145923027,True,1.0745716346692789,0.9891117306935417,23.404566828600867,0.9888866477293077
marked_gaussian_evidence_guarded_scalar_once_joint_range,154,1,False,11,290,254,0.5201023553013262,0.0024041631771049778,True,254.43793350050484,0.005461332190245861,0.037441576463484554,0.9720157961956186
marked_gaussian_evidence_guarded_scalar_once_joint_range,154,2,False,11,290,254,0.5201023553013262,0.0024041631771049778,True,215.31602499761078,0.07661039985582811,4.02877154193303,0.6974222070844014
marked_gaussian_evidence_guarded_scalar_once_joint_range,155,1,False,11,293,255,0.48145895783106996,0.0023008711449616155,True,252.41171997986623,0.0058112189783609885,0.06401478719287002,0.888797573406274
marked_gaussian_evidence_guarded_scalar_once_joint_range,155,2,False,11,293,255,0.48145895783106996,0.0023008711449616155,True,2.296049989757079,0.5355105696158055,24.479758524351364,0.011844628598242023
marked_gaussian_evidence_guarded_scalar_once_joint_range,156,1,False,11,300,255,0.5601959145520812,0.002293387961504212,True,253.5621551638604,0.004866935733222602,0.04328619549196966,0.9375990630974849
marked_gaussian_evidence_guarded_scalar_once_joint_range,156,2,False,11,300,255,0.5601959145520812,0.002293387961504212,True,1.000124364876598,0.9999907732357168,23.023512265963845,0.9804645886100457
marked_gaussian_evidence_guarded_scalar_once_joint_range,157,1,False,11,301,254,0.4918607646016293,0.0020977966217067467,True,255.81698918303863,0.004594306512668977,0.04926901172401335,0.932025380365478
marked_gaussian_evidence_guarded_scalar_once_joint_range,157,2,False,11,301,254,0.4918607646016293,0.0020977966217067467,True,3.1997547857959296,0.5620836166932608,9.79823712375142,3.511118746781129e-06
marked_gaussian_evidence_guarded_scalar_once_joint_range,158,1,False,11,301,252,0.5603228208300043,0.0022459263866046316,True,253.37210502125274,0.004337353737572312,0.06516997259959327,0.9467447637421039
marked_gaussian_evidence_guarded_scalar_once_joint_range,158,2,False,11,301,252,0.5603228208300043,0.0022459263866046316,True,1.0021798231559638,0.9997718841506161,21.51952535563326,0.9875610234600561
marked_gaussian_evidence_guarded_scalar_once_joint_range,159,1,False,11,297,254,0.5034360703441182,0.002072980380299213,True,255.2067461314314,0.004297691541362544,0.04785693532367379,0.9734088767300646
marked_gaussian_evidence_guarded_scalar_once_joint_range,159,2,False,11,297,254,0.5034360703441182,0.002072980380299213,True,2.5709444956681287,0.5658128068937399,29.810333673020114,0.059421930878397665
marked_gaussian_evidence_guarded_scalar_once_joint_range,160,1,False,11,297,253,0.4955153924887075,0.0020247515501941424,True,254.29232476583707,0.0042131909584751945,0.04565215250640443,0.9477595635375521
marked_gaussian_evidence_guarded_scalar_once_joint_range,160,2,False,11,297,253,0.4955153924887075,0.0020247515501941424,True,1.0011781089460048,0.9998832336688761,33.56702856921174,0.999825365908429
marked_gaussian_evidence_guarded_scalar_once_joint_range,161,1,False,11,301,253,0.5362151219316369,0.002143654272326163,True,254.01940230476234,0.004100151509558578,0.04544016340744353,0.9759484832531203
marked_gaussian_evidence_guarded_scalar_once_joint_range,161,2,False,11,18,0,0.0,0.0,True,1.0010992757481625,0.9998917577585859,34.17489993217299,0.9998911793239782
marked_gaussian_evidence_guarded_scalar_once_joint_range,162,1,False,11,306,252,0.5751151294882793,0.002286967019368565,True,256.0134491463554,0.004046456284914315,0.05522851524925686,0.9643985823897575
marked_gaussian_evidence_guarded_scalar_once_joint_range,162,2,False,11,306,252,0.5751151294882793,0.002286967019368565,True,1.0010881610845221,0.9998929625020553,35.085981654292134,0.9999230328248148
marked_gaussian_evidence_guarded_scalar_once_joint_range,163,1,False,11,289,255,0.490336967172599,0.0019875020803141554,True,258.2563385971985,0.004176622843933297,0.056311228586091465,0.9192706151451615
marked_gaussian_evidence_guarded_scalar_once_joint_range,163,2,False,11,289,255,0.490336967172599,0.0019875020803141554,True,1.0012151137379903,0.9998794800478191,35.694994974646036,0.9999906310858211
marked_gaussian_evidence_guarded_scalar_once_joint_range,164,1,False,11,291,254,0.5554575684953449,0.0022092097160173723,True,255.2373368247551,0.00418673761392751,0.05133739829068235,0.928639357984105
marked_gaussian_evidence_guarded_scalar_once_joint_range,164,2,False,11,291,254,0.5554575684953449,0.0022092097160173723,True,1.0012831093746783,0.9998714117362889,36.73306940255367,0.9999601980442804
marked_gaussian_evidence_guarded_scalar_once_joint_range,165,1,False,11,295,252,0.6177881049102729,0.0025013750623692006,True,257.4588726788094,0.004176125256639386,0.04913231474759352,0.9692256402177566
marked_gaussian_evidence_guarded_scalar_once_joint_range,165,2,False,11,295,252,0.6177881049102729,0.0025013750623692006,True,1.0000005121483515,0.9999999721610615,29.585069737567935,2.439162067772307e-08
marked_gaussian_evidence_guarded_scalar_once_joint_range,166,1,False,11,294,257,0.49266819130397144,0.002003319954669131,True,259.8498965877439,0.004234036342715541,0.06539483692032157,0.9182893601714979
marked_gaussian_evidence_guarded_scalar_once_joint_range,166,2,False,11,294,257,0.49266819130397144,0.002003319954669131,True,1.0000000327397998,0.9999999985013811,18.10289779245892,0.9880367860570892
marked_gaussian_evidence_guarded_scalar_once_joint_range,167,1,False,11,288,256,0.49745505113022015,0.00200871038078497,True,256.9031057317269,0.004157919484885755,0.050299753448544544,0.9454813654404832
marked_gaussian_evidence_guarded_scalar_once_joint_range,167,2,False,11,288,256,0.49745505113022015,0.00200871038078497,True,1.0699853642558734,0.9887473806870634,9.7665329308141,0.10490233174619275
marked_gaussian_evidence_guarded_scalar_once_joint_range,168,1,False,11,284,254,0.4920319903214453,0.0019708806572902153,True,256.26029476658965,0.004061005469788803,0.06198837420036239,0.9310805582973531
marked_gaussian_evidence_guarded_scalar_once_joint_range,168,2,False,11,284,254,0.4920319903214453,0.0019708806572902153,True,1.0039740938128832,0.9995615774928315,25.008701296066874,0.05382046004937171
marked_gaussian_evidence_guarded_scalar_once_joint_range,169,1,False,11,277,254,0.5013575190829249,0.001994282994252727,True,254.84577683382267,0.004013427849605522,0.06898381488217338,0.9656668657732245
marked_gaussian_evidence_guarded_scalar_once_joint_range,169,2,False,11,277,254,0.5013575190829249,0.001994282994252727,True,3.107072564390539,0.5722736780709113,29.726491358582685,0.28834674125382886
marked_gaussian_evidence_guarded_scalar_once_joint_range,170,1,False,11,275,254,0.4953394779036836,0.001963207896734544,True,255.07701605144626,0.0039837526869172584,0.06001146417858079,0.9417911240353338
marked_gaussian_evidence_guarded_scalar_once_joint_range,170,2,False,11,275,254,0.4953394779036836,0.001963207896734544,True,3.4022532514898085,0.5931900006923441,29.870318008185638,0.14221603150455675
marked_gaussian_evidence_guarded_scalar_once_joint_range,171,1,False,11,275,254,0.4971974348902176,0.001967538133510147,True,254.86418550820935,0.0039727259115780724,0.06770664708556767,0.949081164249425
marked_gaussian_evidence_guarded_scalar_once_joint_range,171,2,False,11,275,254,0.4971974348902176,0.001967538133510147,True,3.0380858306116214,0.655644991978129,29.80722669540908,0.19683013114603257
marked_gaussian_evidence_guarded_scalar_once_joint_range,172,1,False,11,276,253,0.5192949627767538,0.002087000681475926,True,255.10919823553724,0.003962711119539329,0.07822402410291412,0.9424168512042628
marked_gaussian_evidence_guarded_scalar_once_joint_range,172,2,False,11,276,253,0.5192949627767531,0.002087000681475926,True,4.761410108364488,0.8054082574614583,4.0301250744733705,0.5045158504991699
marked_gaussian_evidence_guarded_scalar_once_joint_range,173,1,False,12,280,253,1.2985286473437503,0.005282036659440449,True,257.53393852676277,0.003956943503102961,0.041239786655181895,0.9385911230595436
marked_gaussian_evidence_guarded_scalar_once_joint_range,173,2,False,11,276,253,0.7081006055666961,0.002918347134784021,True,28.465255454186288,0.5089103160052236,4.03203528425681,0.5850473853726169
marked_gaussian_evidence_guarded_scalar_once_joint_range,174,1,False,11,274,253,0.42454808484758466,0.002074409485710929,True,259.11272503429984,0.004215467450111801,0.08194093495650183,0.9734304693303393
marked_gaussian_evidence_guarded_scalar_once_joint_range,174,2,False,11,274,253,0.4245480848475844,0.002074409485710929,True,1.797006378807791,0.8803096786451826,9.747675905257452,0.7489304571560234
marked_gaussian_evidence_guarded_scalar_once_joint_range,175,1,False,10,271,251,0.4099639571321242,0.0020737368226402095,True,254.7272003870543,0.00686242890776469,0.08341765312680782,0.8955576053129544
marked_gaussian_evidence_guarded_scalar_once_joint_range,175,2,False,10,271,251,0.4099639571321244,0.0020737368226402095,True,89.2082073286224,0.3004360743294179,4.0905350090806945,0.28971475404792596
marked_gaussian_evidence_guarded_scalar_once_joint_range,176,1,False,11,272,251,0.4407233676417622,0.0022591530482482455,True,252.52118642253043,0.005707019199798599,0.05480676160192004,0.8555966380474185
marked_gaussian_evidence_guarded_scalar_once_joint_range,176,2,False,11,272,251,0.44072336764176234,0.0022591530482482455,True,44.74563765064568,0.43231012440181366,4.032503617485689,0.6650987788481246
marked_gaussian_evidence_guarded_scalar_once_joint_range,177,1,False,9,270,251,0.45720711070565456,0.002366486197059049,True,253.04884080930591,0.00554179854623551,0.08225705586607583,0.8894114503823496
marked_gaussian_evidence_guarded_scalar_once_joint_range,177,2,False,9,270,251,0.4572071107056543,0.002366486197059049,True,30.21671998426147,0.5043343456587489,4.021024962495358,0.7872889570142463
marked_gaussian_evidence_guarded_scalar_once_joint_range,178,1,False,9,270,251,0.47216301038202535,0.0024706946986671344,True,252.52154453018775,0.005539081367251644,0.038092195107582875,0.9044332728057298
marked_gaussian_evidence_guarded_scalar_once_joint_range,178,2,False,9,270,251,0.47216301038202546,0.0024706946986670993,True,18.604429240949973,0.5925336644668522,3.954291449963879,0.9770352634676823
marked_gaussian_evidence_guarded_scalar_once_joint_range,179,1,False,8,272,250,0.4540634836202833,0.0024173508274957876,True,252.11814787013844,0.0056064155360433824,0.07681927028024434,0.8266189827122855
marked_gaussian_evidence_guarded_scalar_once_joint_range,179,2,False,8,272,250,0.4540634836202835,0.0024173508274957533,True,17.48871482703025,0.6030184816816458,3.939889602523123,0.9979988796421269
marked_gaussian_evidence_guarded_scalar_once_joint_range,180,1,False,8,275,250,0.44196257829374364,0.002409284475279737,True,252.70202282793585,0.005689845126234072,0.07084714023405572,0.9059596641814315
marked_gaussian_evidence_guarded_scalar_once_joint_range,180,2,False,8,275,250,0.4419625782937432,0.002409284475279737,True,15.255160827391085,0.6251722542955546,4.262406411482945,0.9830315975563152
marked_gaussian_evidence_guarded_scalar_once_joint_range,181,1,False,9,274,250,0.4706105601850962,0.002610492555432483,True,252.54586839657264,0.005782295104317583,0.056466655651523125,0.9343913992938462
marked_gaussian_evidence_guarded_scalar_once_joint_range,181,2,False,9,274,250,0.47061056018509595,0.0026104925554324464,True,54.736309798848524,0.3965130612930235,3.9039017901192747,0.6851310397482503
marked_gaussian_evidence_guarded_scalar_once_joint_range,182,1,False,9,279,251,0.48508738526474615,0.0023429830289061608,True,251.57917012958114,0.005854634441972672,0.061528513038350205,0.9132815796345002
marked_gaussian_evidence_guarded_scalar_once_joint_range,182,2,False,9,28,0,0.0,0.0,True,3.075844887313229,0.5030660060098119,23.090669344392712,0.13936502916034446
marked_gaussian_evidence_guarded_scalar_once_joint_range,183,1,False,9,284,251,0.5578952035910535,0.002434041812574722,True,252.40254693166014,0.004863178768353812,0.06636579778567875,0.9567900242091798
marked_gaussian_evidence_guarded_scalar_once_joint_range,183,2,False,9,284,251,0.5578952035910535,0.002434041812574722,True,3.2747357966761754,0.4919905496249202,23.06422286477258,0.48171982419982756
marked_gaussian_evidence_guarded_scalar_once_joint_range,184,1,False,9,283,252,0.488836678820732,0.0020465138506729134,True,254.19668030499307,0.00440414332155081,0.052135025534342114,0.9223137804393652
marked_gaussian_evidence_guarded_scalar_once_joint_range,184,2,False,9,283,252,0.488836678820732,0.0020465138506729134,True,3.1209971186129706,0.44896950933313745,23.244441060778218,0.7528171301073825
marked_gaussian_evidence_guarded_scalar_once_joint_range,185,1,False,9,282,251,0.48680697416122276,0.0019938631832882533,True,252.69290281624032,0.004201280760037866,0.06226259564888908,0.9211696788092495
marked_gaussian_evidence_guarded_scalar_once_joint_range,185,2,False,9,282,251,0.48680697416122276,0.0019938631832882533,True,2.6924963792611614,0.5555851679471385,23.355681681882615,0.950878150564261
marked_gaussian_evidence_guarded_scalar_once_joint_range,186,1,False,9,277,251,0.4459581801897262,0.0018371640307903664,True,251.95924394907743,0.004101002131673463,0.06343665935715466,0.9512807285626812
marked_gaussian_evidence_guarded_scalar_once_joint_range,186,2,False,9,277,251,0.4459581801897262,0.0018371640307903664,True,3.779140740135617,0.8386313536822523,3.9894329184269917,0.45570363462012264
marked_gaussian_evidence_guarded_scalar_once_joint_range,187,1,False,10,278,251,0.956541559821296,0.003942209057802904,True,252.1098644876691,0.004115589522848567,0.05985284916602841,0.9357966815016336
marked_gaussian_evidence_guarded_scalar_once_joint_range,187,2,False,9,279,250,0.5744555133596608,0.0024105215260342384,True,144.62969555838046,0.13617939062102138,3.942345587450753,0.8083835973874495
marked_gaussian_evidence_guarded_scalar_once_joint_range,188,1,False,9,277,251,0.8963332966422555,0.0037235680960914118,True,251.75313231016958,0.004128433785959587,0.049191523816096656,0.9790824791438169
marked_gaussian_evidence_guarded_scalar_once_joint_range,188,2,False,9,277,251,0.8963332966422548,0.0037235680960914647,True,253.22699759606826,0.0041781287794295,1.2026905857810624,0.7459649124967798
marked_gaussian_evidence_guarded_scalar_once_joint_range,189,1,False,9,274,250,0.6041455569306988,0.002526258353849885,True,252.10982318686516,0.004120611916026701,0.05874710297263044,0.9557092141297272
marked_gaussian_evidence_guarded_scalar_once_joint_range,189,2,False,9,274,250,0.6041455569306986,0.002526258353849885,True,12.251122734302403,0.6549002645230833,4.100243332100155,0.5940597366492641
marked_gaussian_evidence_guarded_scalar_once_joint_range,190,1,False,9,277,250,0.501503328669174,0.0021071970570604973,True,252.16753075925996,0.004132521805371379,0.05962269804324278,0.9201811991258685
marked_gaussian_evidence_guarded_scalar_once_joint_range,190,2,False,9,277,250,0.5015033286691736,0.0021071970570604973,True,8.932438047205647,0.7093293196281701,4.0590347415783326,0.742455697603712
marked_gaussian_evidence_guarded_scalar_once_joint_range,191,1,False,9,284,250,0.4705325611199063,0.001985774370357631,True,251.8355297273242,0.0041578000087920605,0.04517577955746385,0.9271512490787612
marked_gaussian_evidence_guarded_scalar_once_joint_range,191,2,False,9,284,250,0.4705325611199065,0.001985774370357631,True,8.156217581903952,0.722073042519601,4.300701473728037,0.9742858484150447
marked_gaussian_evidence_guarded_scalar_once_joint_range,192,1,False,9,282,250,0.49148576820961437,0.0020788450000362507,True,252.7600668221494,0.00416129905879237,0.03408115496125422,0.9231938433477609
marked_gaussian_evidence_guarded_scalar_once_joint_range,192,2,False,9,282,250,0.4914857682096139,0.0020788450000362797,True,21.65154765430174,0.5641309465521508,3.9262044383489125,0.8460343250664242
marked_gaussian_evidence_guarded_scalar_once_joint_range,193,1,False,8,278,250,0.5197779515984744,0.002196387307876458,True,253.27006710860863,0.004150575912392645,0.07196183858624701,0.9531934786128925
marked_gaussian_evidence_guarded_scalar_once_joint_range,193,2,False,8,278,250,0.519777951598474,0.0021963873078764268,True,218.5088311363986,0.0683555802231051,3.86811585857935,0.5133693412810355
marked_gaussian_evidence_guarded_scalar_once_joint_range,194,1,False,8,276,250,0.5962364295332281,0.0024597182720092555,True,253.1867585900905,0.0041315363702627145,0.06130070533412322,0.945861901045665
marked_gaussian_evidence_guarded_scalar_once_joint_range,194,2,False,8,276,250,0.5962364295332281,0.0024597182720092555,True,1.9993175073348852,0.7667289260266811,29.730090281345422,0.261149976980359
marked_gaussian_evidence_guarded_scalar_once_joint_range,195,1,False,8,271,253,0.47701175004237256,0.0019029821013001387,True,255.2025016600333,0.003998441223457188,0.03945285854593812,0.8735234531151739
marked_gaussian_evidence_guarded_scalar_once_joint_range,195,2,False,8,271,253,0.47701175004237256,0.0019029821013001387,True,1.0000013601300468,0.9999999216989709,26.203380218912535,0.9978381299743276
marked_gaussian_evidence_guarded_scalar_once_joint_range,196,1,False,8,270,252,0.4814532467538512,0.0019162589764673424,True,253.2304373403266,0.003980065883173064,0.06408518772225984,0.898004423595186
marked_gaussian_evidence_guarded_scalar_once_joint_range,196,2,False,8,270,252,0.4814532467538512,0.0019162589764673424,True,1.0012079472976922,0.9998798274242884,26.59296014079977,0.9894954998568358
marked_gaussian_evidence_guarded_scalar_once_joint_range,197,1,False,8,271,251,0.49408669986073134,0.0019699910960656146,True,252.75030839715188,0.003980780990590093,0.08781263801348846,0.9501705993152028
marked_gaussian_evidence_guarded_scalar_once_joint_range,197,2,False,8,271,251,0.49408669986073134,0.0019699910960656146,True,1.001127928224488,0.999888392065232,26.930185502865193,0.9952007698228794
marked_gaussian_evidence_guarded_scalar_once_joint_range,198,1,False,8,272,251,0.4900148676778773,0.001953795576984132,True,252.1771551889219,0.003984485909948335,0.040650883246340086,0.9327637190211905
marked_gaussian_evidence_guarded_scalar_once_joint_range,198,2,False,8,272,251,0.4900148676778773,0.001953795576984132,True,1.0013359080740123,0.999872047040063,27.207477905852752,0.9977402666607983
marked_gaussian_evidence_guarded_scalar_once_joint_range,199,1,False,8,273,250,0.5169016639086876,0.0020678768704061484,True,251.90277857575572,0.003985651771379547,0.09285532593309735,0.9357226146711237
marked_gaussian_evidence_guarded_scalar_once_joint_range,199,2,False,8,22,0,0.0,0.0,True,1.001361211688563,0.9998707438517237,27.53198816761992,0.9958479448885222
marked_gaussian_evidence_guarded_scalar_once_joint_range,200,1,False,9,278,252,0.9197594914514051,0.0036623039086324943,True,253.07239686421735,0.003978563441254625,0.11501013588422487,0.8949140158609252
marked_gaussian_evidence_guarded_scalar_once_joint_range,200,2,False,8,275,251,0.4801268003668764,0.0019145155787496707,True,1.2818965474140598,0.9439483260067109,35.95704023874231,0.7846679542627201
marked_gaussian_evidence_guarded_scalar_once_joint_range,201,1,False,9,283,250,0.567599443130848,0.0022707613781435486,True,251.9439560033655,0.003992356024608481,0.06811917491574063,0.9831944697354598
marked_gaussian_evidence_guarded_scalar_once_joint_range,201,2,False,9,283,250,0.567599443130848,0.0022707613781435486,True,1.4629175641213559,0.891024039911226,36.40232513374528,0.7700102417557609
marked_gaussian_evidence_guarded_scalar_once_joint_range,202,1,False,9,283,252,0.4847976956030253,0.001930486750734516,True,254.37716289604836,0.003977634678820213,0.048224977011482505,0.9078504189178951
marked_gaussian_evidence_guarded_scalar_once_joint_range,202,2,False,9,283,252,0.4847976956030253,0.001930486750734516,True,1.0002294490734716,0.9999808818068553,28.43722145848474,0.9888795439882176
marked_gaussian_evidence_guarded_scalar_once_joint_range,203,1,False,10,279,251,0.4964530389955109,0.001981034503550637,True,252.72287211340753,0.003987936926672675,0.05860063194985308,0.9592335084512911
marked_gaussian_evidence_guarded_scalar_once_joint_range,203,2,False,9,27,0,0.0,0.0,True,1.0000414397643795,0.99999699347014,29.58718130535832,0.051439010781203304
marked_gaussian_evidence_guarded_scalar_once_joint_range,204,1,False,10,276,251,0.48205292055317694,0.0019230855326248149,True,252.15250945637305,0.003989155408252932,0.06207674993916809,0.9017506924642995
marked_gaussian_evidence_guarded_scalar_once_joint_range,204,2,False,10,276,251,0.48205292055317694,0.0019230855326248149,True,1.2221971194822052,0.9492731140215778,29.574749677419533,0.8283063127145824
marked_gaussian_evidence_guarded_scalar_once_joint_range,205,1,False,10,279,251,0.4923366269027211,0.001963533875253824,True,251.9239781649719,0.003987682630803355,0.0628590764247227,0.9421194264554198
marked_gaussian_evidence_guarded_scalar_once_joint_range,205,2,False,10,279,251,0.4923366269027211,0.001963533875253824,True,1.176702378052581,0.9616340206607948,29.683789072424418,0.5470658000712257
marked_gaussian_evidence_guarded_scalar_once_joint_range,206,1,False,11,281,251,0.9610349272486196,0.003835245208166276,True,252.14357224279138,0.0039856489001162225,0.06583152851386327,0.9379146269297752
marked_gaussian_evidence_guarded_scalar_once_joint_range,206,2,False,10,278,251,0.49133444396501336,0.001959279970518018,True,1.1338613566574705,0.9725884388396576,29.702429292642826,0.512774302353941
marked_gaussian_evidence_guarded_scalar_once_joint_range,207,1,False,10,276,250,0.5013015068773523,0.002005555336001971,True,251.55948756737027,0.003992373700616317,0.06561758132762427,0.9589594479042749
marked_gaussian_evidence_guarded_scalar_once_joint_range,207,2,False,10,276,250,0.5013015068773523,0.002005555336001971,True,1.1078317577361312,0.9788702099158069,29.995786236153048,0.6840328893608663
marked_gaussian_evidence_guarded_scalar_once_joint_range,208,1,False,10,280,251,0.4973802639742999,0.0019832731627218245,True,251.37862880024713,0.00398925839969242,0.073969130096442,0.9602161476727548
marked_gaussian_evidence_guarded_scalar_once_joint_range,208,2,False,10,280,251,0.4973802639742999,0.0019832731627218245,True,1.1422954210260046,0.9705137203724107,29.946632165775068,0.607322553878825
marked_gaussian_evidence_guarded_scalar_once_joint_range,209,1,False,11,275,250,0.4925051391173468,0.0019701214014873148,True,252.12978881733954,0.003984781738220252,0.04775826755425418,0.9485690743667904
marked_gaussian_evidence_guarded_scalar_once_joint_range,209,2,False,11,275,250,0.4925051391173468,0.0019701214014873148,True,1.0138879996706724,0.9981355843313441,9.779924119095908,0.5855998588203993
marked_gaussian_evidence_guarded_scalar_once_joint_range,210,1,False,10,273,250,0.4853424143860851,0.001941438343777098,True,251.38942233673035,0.003988644096976882,0.042165136083119684,0.9197718670486261
marked_gaussian_evidence_guarded_scalar_once_joint_range,210,2,False,10,273,250,0.4853424143860851,0.001941438343777098,True,1.1600765596694198,0.9659691468324892,9.875147421598884,0.6974067058205174
marked_gaussian_evidence_guarded_scalar_once_joint_range,211,1,False,10,274,251,0.49162147636938835,0.00196009464473702,True,251.3948701055765,0.003988431993607896,0.02084135724080894,0.9383385563315647
marked_gaussian_evidence_guarded_scalar_once_joint_range,211,2,False,10,274,251,0.49162147636938835,0.00196009464473702,True,1.0468850344081928,0.9921605923989396,29.81270160880803,0.5577675146941498
marked_gaussian_evidence_guarded_scalar_once_joint_range,212,1,False,10,270,251,0.49864948613372084,0.0019881424270916125,True,251.9084880845526,0.003985319516947287,0.033692282088099726,0.9665450071348186
marked_gaussian_evidence_guarded_scalar_once_joint_range,212,2,False,10,270,251,0.49864948613372084,0.0019881424270916125,True,1.0011563709920974,0.9998880416441984,33.24317221541638,0.9999778612406394
marked_gaussian_evidence_guarded_scalar_once_joint_range,213,1,False,10,271,250,0.5901394822675208,0.0023609684627047844,True,251.89741249287113,0.003985509143413619,0.008656144748537497,0.9597969980502541
marked_gaussian_evidence_guarded_scalar_once_joint_range,213,2,False,10,271,250,0.5901394822675206,0.0023609684627047844,True,5.604823974210423,0.7818027389528489,4.068718585950331,0.9157867274987634
marked_gaussian_evidence_guarded_scalar_once_joint_range,214,1,False,10,274,251,0.554323300344176,0.002211042481656592,True,254.11565828214034,0.003967682435321668,0.03971441525767842,0.9689007914813274
marked_gaussian_evidence_guarded_scalar_once_joint_range,214,2,False,10,274,251,0.554323300344176,0.0022110424816565613,True,21.755599960023513,0.559433600480424,4.0235378061813964,0.9856800849078704
marked_gaussian_evidence_guarded_scalar_once_joint_range,215,1,False,10,272,251,0.5475979723513263,0.0021845556976417555,True,254.60501073847973,0.003964642697228552,0.053468525999527255,0.9536049010864317
marked_gaussian_evidence_guarded_scalar_once_joint_range,215,2,False,10,272,251,0.5475979723513262,0.0021845556976417555,True,96.71357674981923,0.2756729366833171,3.8792368406658597,0.6953028297205683
marked_gaussian_evidence_guarded_scalar_once_joint_range,216,1,False,10,269,251,0.4883993258868628,0.0019471165269743234,True,253.5713240622092,0.003972096827067587,0.06809956098325791,0.9255764787117602
marked_gaussian_evidence_guarded_scalar_once_joint_range,216,2,False,10,269,251,0.4883993258868628,0.0019471165269743234,True,1.022620032451092,0.9975651942755636,6.532080689368406,0.8931537561543145
marked_gaussian_evidence_guarded_scalar_once_joint_range,217,1,False,10,270,251,0.49421606940309326,0.001970101667848897,True,251.95981908052264,0.003983987047881479,0.05899454786044703,0.9488570655340156
marked_gaussian_evidence_guarded_scalar_once_joint_range,217,2,False,10,21,0,0.0,0.0,True,1.005627691019623,0.9993237529053233,23.33259066643812,0.9336133916202658
marked_gaussian_evidence_guarded_scalar_once_joint_range,218,1,False,10,269,251,0.4887019179866299,0.0019483649878221712,True,251.96701951271783,0.003984499774856153,0.0643968139473203,0.927292100752187
marked_gaussian_evidence_guarded_scalar_once_joint_range,218,2,False,10,269,251,0.4887019179866299,0.0019483649878221712,True,2.7352283591269577,0.5373774349416884,29.758725144650366,0.006223594340807775
marked_gaussian_evidence_guarded_scalar_once_joint_range,219,1,False,10,269,251,0.4896889148033915,0.0019523332176887862,True,251.92536258555245,0.003985008672830627,0.060550218160909434,0.9313896582862282
marked_gaussian_evidence_guarded_scalar_once_joint_range,219,2,False,10,269,251,0.4896889148033915,0.0019523332176887862,True,1.0031961473927433,0.999642958598993,25.159482159529425,0.9883934423805139
marked_gaussian_evidence_guarded_scalar_once_joint_range,220,1,False,10,267,251,0.4968043660409184,0.0019807422451876846,True,251.9104533539279,0.003985183925822909,0.05456849460861239,0.9592957150491427
marked_gaussian_evidence_guarded_scalar_once_joint_range,220,2,False,10,267,251,0.4968043660409184,0.0019807422451876846,True,1.0084082145289204,0.9990156757302328,25.915394683306207,0.9988667080618086
marked_gaussian_evidence_guarded_scalar_once_joint_range,221,1,False,10,269,251,0.4961689515126684,0.001978243035099923,True,251.9090724055303,0.003985260828935884,0.03516851984425861,0.9564666638273478
marked_gaussian_evidence_guarded_scalar_once_joint_range,221,2,False,10,269,251,0.4961689515126684,0.001978243035099923,True,1.0050553434075427,0.9994011269087786,26.479064267167423,0.9937237725029102
marked_gaussian_evidence_guarded_scalar_once_joint_range,222,1,False,10,271,251,0.9678284125694081,0.0038610669587621554,True,251.90639421660848,0.003985276714629407,0.05491960265650315,0.944325380193501
marked_gaussian_evidence_guarded_scalar_once_joint_range,222,2,False,10,268,251,0.4930701021808447,0.0019658770625918098,True,1.001446915245431,0.9998551716102754,38.52267211238246,0.9990623051005313
marked_gaussian_evidence_guarded_scalar_once_joint_range,223,1,False,10,269,250,0.5034502510508304,0.002013801619459979,True,251.5632272392037,0.00399095896442278,0.05362690795592121,0.9672856993867917
marked_gaussian_evidence_guarded_scalar_once_joint_range,223,2,False,10,269,250,0.5034502510508304,0.002013801619459979,True,1.0014589221903138,0.9998533564251333,39.33213102387669,0.9999744501754326
marked_gaussian_evidence_guarded_scalar_once_joint_range,224,1,False,10,272,251,0.929051000607158,0.0037063185485298293,True,251.38283842813777,0.003988511764402691,0.048677824319571225,0.904326705921564
marked_gaussian_evidence_guarded_scalar_once_joint_range,224,2,False,10,272,251,0.48307388957673675,0.001926006191978351,True,1.0015514801067507,0.9998430746234078,39.95358441337893,0.9994229966997012
marked_gaussian_evidence_guarded_scalar_once_joint_range,225,1,False,9,270,251,0.5034437462392184,0.002008655517375471,True,251.54720394741588,0.003991018480298879,0.07708579953184173,0.9639829604873968
marked_gaussian_evidence_guarded_scalar_once_joint_range,225,2,False,9,270,251,0.5034437462392184,0.002008655517375471,True,1.0015362354191677,0.9998449267586167,40.60573753463662,0.999963590521431
marked_gaussian_evidence_guarded_scalar_once_joint_range,226,1,False,9,271,251,0.4909553791604321,0.001957457695113129,True,251.7632961321784,0.003986562321299446,0.03913696606826184,0.9353883341521212
marked_gaussian_evidence_guarded_scalar_once_joint_range,226,2,False,9,271,251,0.4909553791604321,0.001957457695113129,True,1.0016218812362856,0.9998351245816951,41.18557136591738,0.9998344336798823
marked_gaussian_evidence_guarded_scalar_once_joint_range,227,1,False,9,273,251,0.9876551625231992,0.003940087028574867,True,251.8987915146878,0.003985294787724703,0.057757624060808366,0.9643972910316779
marked_gaussian_evidence_guarded_scalar_once_joint_range,227,2,False,9,273,251,0.4981057853179458,0.001985930729167128,True,1.0015764697952743,0.9998396378958543,41.79027698352538,0.9998836326563328
marked_gaussian_evidence_guarded_scalar_once_joint_range,228,1,False,9,273,251,0.5051835801502292,0.002015721805776999,True,251.54512058911902,0.0039911355619283015,0.06676181936255454,0.9681638480212417
marked_gaussian_evidence_guarded_scalar_once_joint_range,228,2,False,9,273,251,0.5051835801502292,0.002015721805776999,True,1.0015985814320676,0.9998378909367186,42.63896450013883,0.9997756707439833
marked_gaussian_evidence_guarded_scalar_once_joint_range,229,1,False,9,276,251,0.4937390459129527,0.001968583559918477,True,251.7514711597291,0.003986687509537828,0.04700705094565211,0.9461699996935007
marked_gaussian_evidence_guarded_scalar_once_joint_range,229,2,False,9,276,251,0.4937390459129527,0.001968583559918477,True,1.001715807544079,0.9998243860946966,43.19792226310027,0.9989218769324958
marked_gaussian_evidence_guarded_scalar_once_joint_range,230,1,False,9,272,251,0.4950819652116486,0.0019738898601557673,True,252.1268318488871,0.003984371700334559,0.041392668138748714,0.9525381700224982
marked_gaussian_evidence_guarded_scalar_once_joint_range,230,2,False,9,272,251,0.4950819652116486,0.0019738898601557673,True,1.0017243423301925,0.9998237561502678,44.16876805321179,0.9999631433054602
marked_gaussian_evidence_guarded_scalar_once_joint_range,231,1,False,9,272,251,0.48643579277613513,0.0019394087973522113,True,251.90605570318175,0.003985277432738572,0.049857391588657415,0.9184897248713926
marked_gaussian_evidence_guarded_scalar_once_joint_range,231,2,False,9,272,251,0.48643579277613513,0.0019394087973522113,True,1.001700719411207,0.9998253312708407,44.66479200985909,0.9990857974965199
marked_gaussian_evidence_guarded_scalar_once_joint_range,232,1,False,9,274,251,0.4926680964588039,0.001964227035883099,True,252.13819030156336,0.0039841959618987285,0.05172505163700242,0.943410954934867
marked_gaussian_evidence_guarded_scalar_once_joint_range,232,2,False,9,274,251,0.4926680964588039,0.001964227035883099,True,1.001757599338602,0.9998198260180766,45.50154305387202,0.9999935894143375
marked_gaussian_evidence_guarded_scalar_once_joint_range,233,1,False,9,275,251,0.49828617297774447,0.0019866740766742563,True,252.14314675239257,0.003984234285686589,0.016432032305835377,0.9652881785312313
marked_gaussian_evidence_guarded_scalar_once_joint_range,233,2,False,9,275,251,0.49828617297774447,0.0019866740766742563,True,1.0017882744001676,0.9998160649169885,46.21655221139383,0.9999743608984609
marked_gaussian_evidence_guarded_scalar_once_joint_range,234,1,False,10,273,251,0.48752516686520875,0.0019437746109412378,True,252.13569243049258,0.00398436637724277,0.0373912975571454,0.9227868939301108
marked_gaussian_evidence_guarded_scalar_once_joint_range,234,2,False,10,273,251,0.48752516686520875,0.0019437746109412378,True,1.0018479794522321,0.9998090848290861,46.801397439572305,0.9999903765593366
marked_gaussian_evidence_guarded_scalar_once_joint_range,235,1,False,9,274,251,0.4944644552204532,0.0019714010430900483,True,252.14128639677148,0.003984187599138803,0.05137014095214747,0.9504418689344922
marked_gaussian_evidence_guarded_scalar_once_joint_range,235,2,False,9,274,251,0.4944644552204532,0.0019714010430900483,True,1.0018666964695708,0.9998062570959821,47.764766683824426,0.9999794767368358
marked_gaussian_evidence_guarded_scalar_once_joint_range,236,1,False,9,274,251,0.49886024646714255,0.0019889741034237614,True,252.13723944779764,0.00398431264057162,0.058169332449503126,0.9674657809486862
marked_gaussian_evidence_guarded_scalar_once_joint_range,236,2,False,9,274,251,0.49886024646714255,0.0019889741034237614,True,1.001902659185071,0.9998012356265074,48.38334312141698,0.9999810381603179
marked_gaussian_evidence_guarded_scalar_once_joint_range,237,1,False,9,274,251,0.48550704287198726,0.0019357258779744554,True,252.1306987067026,0.003984405615550298,0.07113477214083058,0.9149247755864574
marked_gaussian_evidence_guarded_scalar_once_joint_range,237,2,False,9,274,251,0.48550704287198726,0.0019357258779744554,True,1.00063195306391,0.9999411832962245,21.523914869425763,0.9646227260981919
marked_gaussian_evidence_guarded_scalar_once_joint_range,238,1,False,9,272,251,0.498794391533807,0.0019886617680879184,True,252.14559387227206,0.003984121213231973,0.0722115424540299,0.9676292196313552
marked_gaussian_evidence_guarded_scalar_once_joint_range,238,2,False,9,272,251,0.498794391533807,0.0019886617680879184,True,1.002087252868389,0.9997808299500036,49.720547627188765,0.9999607202860352
marked_gaussian_evidence_guarded_scalar_once_joint_range,239,1,False,9,271,251,0.49622510811050036,0.001978484356996648,True,251.90890646543392,0.003985294457971713,0.07412462852478958,0.956563201862769
marked_gaussian_evidence_guarded_scalar_once_joint_range,239,2,False,9,271,251,0.49622510811050036,0.001978484356996648,True,1.0,1.0,22.92486580541537,0.9674720847351937
marked_gaussian_evidence_guarded_scalar_once_joint_range,240,1,False,9,273,251,0.5001566035749988,0.0019941548161290204,True,252.13131833926005,0.003984381155721702,0.08680447856255674,0.9724900179873249
marked_gaussian_evidence_guarded_scalar_once_joint_range,240,2,False,9,273,251,0.5001566035749988,0.0019941548161290204,True,1.0021750682197648,0.9997709552780456,51.49090653768347,0.9999744497927056
marked_gaussian_evidence_guarded_scalar_once_existence_range,1,1,False,0,0,0,0.0,0.0,False,,,,
marked_gaussian_evidence_guarded_scalar_once_existence_range,1,2,False,0,0,0,0.0,0.0,False,,,,
marked_gaussian_evidence_guarded_scalar_once_existence_range,2,1,False,2,9,1,0.010432654096559416,0.010432654096559416,True,2.213184274790416,0.585415501140231,0.06757423227289326,0.1062352979724278
marked_gaussian_evidence_guarded_scalar_once_existence_range,2,2,False,2,9,1,0.010432654096559416,0.010432654096559416,False,,,,
marked_gaussian_evidence_guarded_scalar_once_existence_range,3,1,False,3,19,1,0.009073840137579756,0.009073840137579756,True,3.9824941444514805,0.3541768761728752,0.07036703932767976,0.16292125840893615
marked_gaussian_evidence_guarded_scalar_once_existence_range,3,2,False,3,19,1,0.009073840137579756,0.009073840137579756,False,,,,
marked_gaussian_evidence_guarded_scalar_once_existence_range,4,1,False,3,24,3,0.05015435822340886,0.022706595263282454,True,5.990134786886333,0.2538846306192491,0.0560528450527953,0.45707638609484885
marked_gaussian_evidence_guarded_scalar_once_existence_range,4,2,False,3,24,3,0.05015435822340879,0.022706595263282378,False,,,,
marked_gaussian_evidence_guarded_scalar_once_existence_range,5,1,False,4,31,4,0.07707205198725411,0.029250854106714724,True,8.055002695591583,0.20060942894398798,0.09935741134367751,0.5439038226889494
marked_gaussian_evidence_guarded_scalar_once_existence_range,5,2,False,4,31,4,0.0770720519872539,0.029250854106714522,False,,,,
marked_gaussian_evidence_guarded_scalar_once_existence_range,6,1,False,4,35,7,0.1390948414731633,0.035078058783741296,True,9.903511246283596,0.18022933102654556,0.10656854480590164,0.6969951900804188
marked_gaussian_evidence_guarded_scalar_once_existence_range,6,2,False,4,35,7,0.13909484147316306,0.03507805878374105,False,,,,
marked_gaussian_evidence_guarded_scalar_once_existence_range,7,1,False,5,41,10,0.21908424255756764,0.04551072352656661,True,11.276506946766833,0.17660964437531754,0.05378356768864491,0.763895974629016
marked_gaussian_evidence_guarded_scalar_once_existence_range,7,2,False,5,41,10,0.21908424255756725,0.04551072352656661,False,,,,
marked_gaussian_evidence_guarded_scalar_once_existence_range,8,1,False,5,48,15,0.2803484038558687,0.05629832577279625,True,11.921114703879867,0.18158739748330005,0.051262000733259636,0.8928590586301225
marked_gaussian_evidence_guarded_scalar_once_existence_range,8,2,False,4,33,12,0.0891983884010382,0.017643288975472148,True,1.0230714547757531,0.9965847507943694,35.07648949985105,8.395198267564404e-22
marked_gaussian_evidence_guarded_scalar_once_existence_range,9,1,False,5,53,20,0.17566905950255537,0.03163804065856902,True,12.62172998787315,0.1850595230264862,0.05706067093004055,0.8470039369111492
marked_gaussian_evidence_guarded_scalar_once_existence_range,9,2,False,4,29,11,0.03384077020918219,0.006713285645642852,True,1.0000000000870626,0.9999999999968517,35.64463907174475,0.0005408466544268178
marked_gaussian_evidence_guarded_scalar_once_existence_range,10,1,False,5,59,23,0.16194467899700557,0.015076542636805643,True,16.83953538596417,0.15777893574189833,0.04529137185970938,0.8891806352613068
marked_gaussian_evidence_guarded_scalar_once_existence_range,10,2,False,5,59,23,0.16194467899700565,0.015076542636805749,True,1.269105620230185,0.9358218247960558,35.80341075488868,0.038233130343942504
marked_gaussian_evidence_guarded_scalar_once_existence_range,11,1,False,5,66,26,0.21332974277931624,0.020063525032577606,True,23.624766706400653,0.11886331118749158,0.11247041930649476,0.7792740219285607
marked_gaussian_evidence_guarded_scalar_once_existence_range,11,2,False,5,66,26,0.21332974277931635,0.020063525032577884,True,1.7717112467092038,0.8170568926085771,35.99589844149703,0.19168749423756606
marked_gaussian_evidence_guarded_scalar_once_existence_range,12,1,False,5,73,27,0.28076137362397074,0.0284807024622355,True,24.21428725322899,0.12940564710917052,0.051580401947551806,0.8429785726930441
marked_gaussian_evidence_guarded_scalar_once_existence_range,12,2,False,5,73,27,0.2807613736239707,0.028480702462235104,False,,,,
marked_gaussian_evidence_guarded_scalar_once_existence_range,13,1,False,6,80,29,0.33669687775539164,0.03534566602083457,True,24.163727050841537,0.13273011136242277,0.03365421759250316,0.8867396976696393
marked_gaussian_evidence_guarded_scalar_once_existence_range,13,2,False,6,80,29,0.33669687775539237,0.035345666020835054,False,,,,
marked_gaussian_evidence_guarded_scalar_once_existence_range,14,1,False,6,80,32,0.39970226416181787,0.05993198555723184,True,23.121596043590305,0.13189056542229116,0.03193951217151648,0.930651792241598
marked_gaussian_evidence_guarded_scalar_once_existence_range,14,2,False,6,80,32,0.39970226416181787,0.05993198555723184,False,,,,
marked_gaussian_evidence_guarded_scalar_once_existence_range,15,1,False,6,74,24,0.35705039440348507,0.1107348479350662,True,20.92608546317247,0.1903002990539319,0.09931305650821314,0.9067239069055525
marked_gaussian_evidence_guarded_scalar_once_existence_range,15,2,False,6,74,24,0.3570503944034843,0.1107348479350655,False,,,,
marked_gaussian_evidence_guarded_scalar_once_existence_range,16,1,False,6,76,20,0.31198636185015216,0.11700472726258926,True,15.828459468071596,0.3127171974710091,0.11344635573578923,0.9231430103008607
marked_gaussian_evidence_guarded_scalar_once_existence_range,16,2,False,6,76,20,0.3119863618501529,0.11700472726258926,False,,,,
marked_gaussian_evidence_guarded_scalar_once_existence_range,17,1,False,6,79,22,0.3005953255444021,0.12590550404185497,True,15.740906783803252,0.33402892727876277,0.03564853079705343,0.9236021540060337
marked_gaussian_evidence_guarded_scalar_once_existence_range,17,2,False,6,79,22,0.30059532554439994,0.1259055040418534,False,,,,
marked_gaussian_evidence_guarded_scalar_once_existence_range,18,1,True,8,80,28,1.2167451102098898,0.4198277596101248,True,15.46043773791237,0.35845683013281243,0.045649281019597344,0.9330036483406956
marked_gaussian_evidence_guarded_scalar_once_existence_range,18,2,False,6,56,15,0.11273427724366125,0.054483389245395385,False,,,,
marked_gaussian_evidence_guarded_scalar_once_existence_range,19,1,False,6,89,20,0.26557051621765215,0.170382425814467,True,12.953171362554489,0.4168087647609189,0.041851459391518776,0.9733214559571873
marked_gaussian_evidence_guarded_scalar_once_existence_range,19,2,False,6,89,20,0.26557051621765126,0.17038242581446597,False,,,,
marked_gaussian_evidence_guarded_scalar_once_existence_range,20,1,False,6,93,15,0.30044531777153877,0.2153776842094689,True,11.440197566696416,0.5096143956719864,0.09105700630675714,0.9615256573713948
marked_gaussian_evidence_guarded_scalar_once_existence_range,20,2,False,6,93,15,0.300445317771539,0.2153776842094689,False,,,,
marked_gaussian_evidence_guarded_scalar_once_existence_range,21,1,False,6,96,10,0.3143269882746208,0.25231829890784,True,9.924328239090558,0.5578149629781525,0.09168980582450387,0.9058902380264487
marked_gaussian_evidence_guarded_scalar_once_existence_range,21,2,False,6,96,10,0.31432698827462086,0.25231829890784,False,,,,
marked_gaussian_evidence_guarded_scalar_once_existence_range,22,1,False,6,98,5,0.3200928019747425,0.3086345453726223,True,8.322783719700263,0.6057421660297647,0.06143679940974246,0.9512617996628228
marked_gaussian_evidence_guarded_scalar_once_existence_range,22,2,False,6,98,5,0.32009280197474244,0.3086345453726223,False,,,,
marked_gaussian_evidence_guarded_scalar_once_existence_range,23,1,False,6,101,3,0.3741357151686598,0.36889473805282824,True,7.139198748277652,0.6487025833193719,0.1200661223864506,0.9303512367128142
marked_gaussian_evidence_guarded_scalar_once_existence_range,23,2,False,6,101,3,0.37413571516865984,0.36889473805282824,False,,,,
marked_gaussian_evidence_guarded_scalar_once_existence_range,24,1,True,7,78,3,0.4454770822270895,0.4404659818932325,True,5.788952087088039,0.6996999996296214,0.04687810512051207,0.9464943454331359
marked_gaussian_evidence_guarded_scalar_once_existence_range,24,2,True,7,78,3,0.4454770822270913,0.44046598189323427,False,,,,
marked_gaussian_evidence_guarded_scalar_once_existence_range,25,1,True,7,76,3,0.5203747864159993,0.5155623553359542,True,4.658912408474986,0.7490379396823561,0.11109578156562097,0.9356028228439698
marked_gaussian_evidence_guarded_scalar_once_existence_range,25,2,True,7,76,3,0.5203747864159993,0.5155623553359542,False,,,,
marked_gaussian_evidence_guarded_scalar_once_existence_range,26,1,True,7,79,2,0.6078349728886999,0.6048969773456471,True,3.958684639395744,0.7846102466015475,0.1446768418821758,0.9572255153124508
marked_gaussian_evidence_guarded_scalar_once_existence_range,26,2,True,7,79,2,0.6078349728886983,0.6048969773456454,False,,,,
marked_gaussian_evidence_guarded_scalar_once_existence_range,27,1,True,7,81,2,0.6958778672486838,0.6930357619486488,True,3.1973044224888225,0.8267337619111051,0.09425574860562583,0.9641782857879633
marked_gaussian_evidence_guarded_scalar_once_existence_range,27,2,True,7,81,2,0.6958778672486824,0.6930357619486474,False,,,,
marked_gaussian_evidence_guarded_scalar_once_existence_range,28,1,True,7,83,1,0.7609365385182107,0.7609365385182107,True,2.576541546603671,0.8661270134082046,0.14609414399609785,0.9415094467368292
marked_gaussian_evidence_guarded_scalar_once_existence_range,28,2,True,7,83,1,0.7609365385182107,0.7609365385182107,False,,,,
marked_gaussian_evidence_guarded_scalar_once_existence_range,29,1,True,6,83,1,0.8323188821832446,0.8323188821832446,True,2.168517156501086,0.8954400543595094,0.06595437955072765,0.9620236060167756
marked_gaussian_evidence_guarded_scalar_once_existence_range,29,2,True,6,83,1,0.8323188821832446,0.8323188821832446,False,,,,
marked_gaussian_evidence_guarded_scalar_once_existence_range,30,1,True,7,88,1,0.8902913959848823,0.8902913959848823,True,1.705396514978127,0.9325703126653239,0.10946912424036814,0.9743557077333826
marked_gaussian_evidence_guarded_scalar_once_existence_range,30,2,True,7,88,1,0.8902913959848816,0.8902913959848816,False,,,,
marked_gaussian_evidence_guarded_scalar_once_existence_range,31,1,True,7,94,1,0.9332233072397532,0.9332233072397532,True,1.3885876988708814,0.961528165042322,0.08829915880796961,0.9800780207719401
marked_gaussian_evidence_guarded_scalar_once_existence_range,31,2,True,6,49,1,0.7503081602273343,0.7503081602273343,False,,,,
marked_gaussian_evidence_guarded_scalar_once_existence_range,32,1,True,7,99,1,0.9115111877580594,0.9115111877580594,True,1.209712599336331,0.9792631989865891,0.1276275268101563,0.9811922538910776
marked_gaussian_evidence_guarded_scalar_once_existence_range,32,2,True,7,99,1,0.9115111877580594,0.9115111877580594,False,,,,
marked_gaussian_evidence_guarded_scalar_once_existence_range,33,1,True,7,103,1,0.9751256990474457,0.9751256990474457,True,1.1308229758357118,0.9872890240278877,0.13037048703411427,0.9886068139417544
marked_gaussian_evidence_guarded_scalar_once_existence_range,33,2,True,7,103,1,0.9751256990474457,0.9751256990474457,False,,,,
marked_gaussian_evidence_guarded_scalar_once_existence_range,34,1,True,7,108,1,0.9930420475727175,0.9930420475727175,True,1.0778366134320503,0.9926589880121689,0.06686490791099757,0.9945963357762642
marked_gaussian_evidence_guarded_scalar_once_existence_range,34,2,True,7,108,1,0.9930420475727175,0.9930420475727175,False,,,,
marked_gaussian_evidence_guarded_scalar_once_existence_range,35,1,True,7,112,1,0.9960175089837264,0.9960175089837264,True,1.0500721683542995,0.9954214005199528,0.07119023561182705,0.9911958765458965
marked_gaussian_evidence_guarded_scalar_once_existence_range,35,2,True,7,112,1,0.9960175089837264,0.9960175089837264,False,,,,
marked_gaussian_evidence_guarded_scalar_once_existence_range,36,1,True,7,113,1,0.9971652134174923,0.9971652134174923,True,1.0437058030700124,0.9960459320136726,0.06371735568738825,0.9944253859742599
marked_gaussian_evidence_guarded_scalar_once_existence_range,36,2,True,7,113,1,0.9971652134174923,0.9971652134174923,False,,,,
marked_gaussian_evidence_guarded_scalar_once_existence_range,37,1,True,8,116,1,0.9978273700431357,0.9978273700431357,True,1.039966027661257,0.9964155785423038,0.09117330618167116,0.9974151726525274
marked_gaussian_evidence_guarded_scalar_once_existence_range,37,2,True,8,116,1,0.9978273700431357,0.9978273700431357,False,,,,
marked_gaussian_evidence_guarded_scalar_once_existence_range,38,1,True,8,114,1,0.9975593463913286,0.9975593463913286,True,1.0378514037465503,0.9966297455291613,0.11920467821727368,0.9952209272461262
marked_gaussian_evidence_guarded_scalar_once_existence_range,38,2,True,8,114,1,0.9975593463913286,0.9975593463913286,False,,,,
marked_gaussian_evidence_guarded_scalar_once_existence_range,39,1,True,8,117,1,0.9975446085876147,0.9975446085876147,True,1.035567881127319,0.9968528346309491,0.13080897192112637,0.9956595128035587
marked_gaussian_evidence_guarded_scalar_once_existence_range,39,2,True,8,117,1,0.9975446085876147,0.9975446085876147,False,,,,
marked_gaussian_evidence_guarded_scalar_once_existence_range,40,1,True,8,118,1,0.9977509128749794,0.9977509128749794,True,1.0375347487254591,0.9966718774935858,0.08858551246905268,0.9967506710496802
marked_gaussian_evidence_guarded_scalar_once_existence_range,40,2,True,8,118,1,0.9977509128749794,0.9977509128749794,False,,,,
marked_gaussian_evidence_guarded_scalar_once_existence_range,41,1,True,8,119,1,0.9973269214174697,0.9973269214174697,True,1.0361862212637525,0.996804721032034,0.07037480290136493,0.9940294174127061
marked_gaussian_evidence_guarded_scalar_once_existence_range,41,2,True,8,119,1,0.9973269214174697,0.9973269214174697,False,,,,
marked_gaussian_evidence_guarded_scalar_once_existence_range,42,1,True,8,121,1,0.9973535779013726,0.9973535779013726,True,1.039765782889348,0.9964738642011505,0.1352366596943447,0.9944521218795332
marked_gaussian_evidence_guarded_scalar_once_existence_range,42,2,True,8,121,1,0.9973535779013726,0.9973535779013726,False,,,,
marked_gaussian_evidence_guarded_scalar_once_existence_range,43,1,True,8,123,1,0.997565815784285,0.997565815784285,True,1.0383232563014024,0.9966173968119033,0.0833394835762643,0.9960179827662596
marked_gaussian_evidence_guarded_scalar_once_existence_range,43,2,True,8,123,1,0.997565815784285,0.997565815784285,True,1.012845414305032,0.9982648174403257,54.83688755796934,2.143225907292688e-38
marked_gaussian_evidence_guarded_scalar_once_existence_range,44,1,True,8,127,1,0.9977621425918258,0.9977621425918258,True,1.0422937424209138,0.9962510124382703,0.07579585839954701,0.9969049516920075
marked_gaussian_evidence_guarded_scalar_once_existence_range,44,2,True,8,45,1,0.9875901576264422,0.9875901576264422,False,,,,
marked_gaussian_evidence_guarded_scalar_once_existence_range,45,1,True,8,131,1,0.9967424725353091,0.9967424725353091,True,1.0427243908655892,0.9962250566790738,0.07599994338219847,0.9975967016765259
marked_gaussian_evidence_guarded_scalar_once_existence_range,45,2,True,8,131,1,0.9967424725353091,0.9967424725353091,False,,,,
marked_gaussian_evidence_guarded_scalar_once_existence_range,46,1,True,8,130,1,0.9948701585210306,0.9948701585210306,True,1.0449985741041,0.9960131099705619,0.05281856519235835,0.9957114765415594
marked_gaussian_evidence_guarded_scalar_once_existence_range,46,2,True,8,130,1,0.9948701585210306,0.9948701585210306,False,,,,
marked_gaussian_evidence_guarded_scalar_once_existence_range,47,1,True,8,135,1,0.9940715402658935,0.9940715402658935,True,1.0493141175512328,0.9956000964482922,0.03337188178640938,0.994333629842326
marked_gaussian_evidence_guarded_scalar_once_existence_range,47,2,True,8,135,1,0.9940715402658935,0.9940715402658935,False,,,,
marked_gaussian_evidence_guarded_scalar_once_existence_range,48,1,True,8,138,1,0.9934292959003648,0.9934292959003648,True,1.0477279526311627,0.9957792506587437,0.054656727329486246,0.9947571167782058
marked_gaussian_evidence_guarded_scalar_once_existence_range,48,2,True,8,53,1,0.9617335117177939,0.9617335117177939,False,,,,
marked_gaussian_evidence_guarded_scalar_once_existence_range,49,1,True,8,141,1,0.9893864016055613,0.9893864016055613,True,1.0501312368984332,0.995553219131726,0.0581685833824595,0.9976382491505206
marked_gaussian_evidence_guarded_scalar_once_existence_range,49,2,True,8,141,1,0.9893864016055613,0.9893864016055613,False,,,,
marked_gaussian_evidence_guarded_scalar_once_existence_range,50,1,True,8,143,1,0.9907288438086048,0.9907288438086048,True,1.051497471770818,0.9954352530404877,0.13003677900754507,0.9932630917111698
marked_gaussian_evidence_guarded_scalar_once_existence_range,50,2,True,8,143,1,0.9907288438086048,0.9907288438086048,True,1.000000030539762,0.99999999857064,66.29367577706189,1.584580143199169e-68
marked_gaussian_evidence_guarded_scalar_once_existence_range,51,1,True,8,145,1,0.992719686857983,0.992719686857983,True,1.0532127757188814,0.9952738403365282,0.08924475283613055,0.9958327743533532
marked_gaussian_evidence_guarded_scalar_once_existence_range,51,2,True,8,20,1,0.953760223261687,0.953760223261687,False,,,,
marked_gaussian_evidence_guarded_scalar_once_existence_range,52,1,True,8,148,1,0.985752423395795,0.985752423395795,True,1.047782952016018,0.995806341526373,0.04546557902497019,0.995779979285913
marked_gaussian_evidence_guarded_scalar_once_existence_range,52,2,True,8,148,1,0.985752423395795,0.985752423395795,False,,,,
marked_gaussian_evidence_guarded_scalar_once_existence_range,53,1,True,9,150,1,0.9990071177153683,0.9990071177153683,True,1.0504580446633236,0.9955543477334198,0.06837284706978408,0.9949111830269938
marked_gaussian_evidence_guarded_scalar_once_existence_range,53,2,True,9,145,1,0.9897438684811245,0.9897438684811245,False,,,,
marked_gaussian_evidence_guarded_scalar_once_existence_range,54,1,True,9,149,2,0.9943393586683479,0.993150292875663,True,1.041192030251634,0.9964725773937709,0.04155659970176547,0.9988029193799056
marked_gaussian_evidence_guarded_scalar_once_existence_range,54,2,True,9,149,2,0.9943393586683479,0.993150292875663,False,,,,
marked_gaussian_evidence_guarded_scalar_once_existence_range,55,1,True,9,152,1,0.9941794426279397,0.9941794426279397,True,1.0378546294421858,0.9967260920421952,0.07864627236752818,0.997412208425019
marked_gaussian_evidence_guarded_scalar_once_existence_range,55,2,True,9,152,1,0.9941794426279397,0.9941794426279397,False,,,,
marked_gaussian_evidence_guarded_scalar_once_existence_range,56,1,True,9,152,1,0.9947801954916146,0.9947801954916146,True,1.0462786296158681,0.9959322776211602,0.08208080467486802,0.9975999358350807
marked_gaussian_evidence_guarded_scalar_once_existence_range,56,2,True,9,152,1,0.9947801954916146,0.9947801954916146,False,,,,
marked_gaussian_evidence_guarded_scalar_once_existence_range,57,1,True,10,156,1,0.9994843972823937,0.9994843972823937,True,1.0427700193720892,0.996274755942983,0.09887432377805208,0.996590958461531
marked_gaussian_evidence_guarded_scalar_once_existence_range,57,2,True,9,155,1,0.9941749016429972,0.9941749016429972,False,,,,
marked_gaussian_evidence_guarded_scalar_once_existence_range,58,1,True,10,153,2,1.000973003067826,0.9995349365650923,True,1.0418994593580049,0.9964115576045337,0.039719495252907425,0.9990818373827923
marked_gaussian_evidence_guarded_scalar_once_existence_range,58,2,True,9,150,2,0.9953532692211645,0.9941540512953752,True,1.000000000004908,0.999999999999839,32.641485575489284,1.816116023046612e-23
marked_gaussian_evidence_guarded_scalar_once_existence_range,59,1,True,9,153,2,0.9946463461026326,0.993498731860515,True,1.0389585043617537,0.9966757674971697,0.0830707168783325,0.9983224416789586
marked_gaussian_evidence_guarded_scalar_once_existence_range,59,2,True,9,153,2,0.9946463461026326,0.993498731860515,True,1.0,1.0,32.593402563315735,0.06020001182558284
marked_gaussian_evidence_guarded_scalar_once_existence_range,60,1,True,8,156,1,0.9951255263441158,0.9951255263441158,True,1.0358179712757074,0.9969205312026986,0.07681619984072663,0.9985040189255009
marked_gaussian_evidence_guarded_scalar_once_existence_range,60,2,True,8,156,1,0.9951255263441156,0.9951255263441156,True,1.7921757915550227,0.7298274288957673,32.43225471951759,0.12689008499381435
marked_gaussian_evidence_guarded_scalar_once_existence_range,61,1,True,8,152,1,0.9938693319294252,0.9938693319294252,True,1.036091677892254,0.9968876588070318,0.04629540010971166,0.9952721061033918
marked_gaussian_evidence_guarded_scalar_once_existence_range,61,2,True,8,152,1,0.9938693319294252,0.9938693319294252,True,2.667044501428755,0.5494025772410643,32.3352049730279,0.2774579916816355
marked_gaussian_evidence_guarded_scalar_once_existence_range,62,1,True,8,142,1,0.9937968911238255,0.9937968911238255,True,1.0373194521979783,0.9967821981634698,0.0820008669988391,0.996874590981532
marked_gaussian_evidence_guarded_scalar_once_existence_range,62,2,True,8,142,1,0.9937968911238255,0.9937968911238255,True,3.312739251317898,0.508736560506412,32.270453544530376,0.5259199391482414
marked_gaussian_evidence_guarded_scalar_once_existence_range,63,1,True,8,147,1,0.9942152597415435,0.9942152597415435,True,1.0365651360089398,0.9968452203019413,0.060304704569526225,0.9972774390253757
marked_gaussian_evidence_guarded_scalar_once_existence_range,63,2,True,8,147,1,0.9942152597415435,0.9942152597415435,True,3.4989131237991153,0.5536231441733656,32.26200262235368,0.6209917477925727
marked_gaussian_evidence_guarded_scalar_once_existence_range,64,1,True,8,150,1,0.9932705582728268,0.9932705582728268,True,1.038781303216063,0.9966490358143202,0.0795192752049788,0.9947698889189909
marked_gaussian_evidence_guarded_scalar_once_existence_range,64,2,True,8,150,1,0.9932705582728268,0.9932705582728268,True,3.2101631308227345,0.6345215314579156,32.24008665436323,0.5234466108857629
marked_gaussian_evidence_guarded_scalar_once_existence_range,65,1,True,8,154,1,0.992575425926935,0.992575425926935,True,1.04181393871708,0.9963724689948006,0.08209555183358459,0.9939393838695357
marked_gaussian_evidence_guarded_scalar_once_existence_range,65,2,True,9,25,1,0.9584563355074065,0.9584563355074065,True,2.783313956822712,0.7091063817859141,32.10116601583492,0.6731788097944926
marked_gaussian_evidence_guarded_scalar_once_existence_range,66,1,True,8,156,1,0.9864087855104474,0.9864087855104474,True,1.0445619602206442,0.9961328925327972,0.06599980548507882,0.996144040832031
marked_gaussian_evidence_guarded_scalar_once_existence_range,66,2,True,8,156,1,0.9864087855104474,0.9864087855104474,True,2.064357235802571,0.810554517853672,31.943306649089752,0.9707750037983618
marked_gaussian_evidence_guarded_scalar_once_existence_range,67,1,True,9,158,1,0.9986951323361891,0.9986951323361891,True,1.0504120868030073,0.995587248558406,0.04927572298403228,0.991283337438382
marked_gaussian_evidence_guarded_scalar_once_existence_range,67,2,True,8,155,1,0.9881342756260633,0.9881342756260633,True,1.5633545401080842,0.9008479250789129,32.058025496969925,0.8317052748417096
marked_gaussian_evidence_guarded_scalar_once_existence_range,68,1,True,9,153,2,1.0007437147044176,0.9993480117052698,True,1.0461751984412235,0.9960430425138819,0.0349348153204243,0.997859174257879
marked_gaussian_evidence_guarded_scalar_once_existence_range,68,2,True,8,154,2,0.9928162435590961,0.9916348253514757,True,1.31091965661722,0.9469709176559994,31.767677130348332,0.9620661115233412
marked_gaussian_evidence_guarded_scalar_once_existence_range,69,1,True,8,155,2,0.9934618521942136,0.9923045143036213,True,1.042801357434512,0.9963429725580245,0.048842939611930904,0.9976831606427987
marked_gaussian_evidence_guarded_scalar_once_existence_range,69,2,True,8,155,2,0.9934618521942138,0.9923045143036215,True,1.1850635535951595,0.9716433692380319,31.773103596231277,0.9540922775057515
marked_gaussian_evidence_guarded_scalar_once_existence_range,70,1,True,9,157,1,0.9926255995925626,0.9926255995925626,True,1.0387486090048204,0.9966719917860293,0.040988381890688735,0.9957195925336327
marked_gaussian_evidence_guarded_scalar_once_existence_range,70,2,True,9,157,1,0.9926255995925626,0.9926255995925626,True,1.228885970289079,0.9660068724456813,31.716923557479213,0.9097503407923666
marked_gaussian_evidence_guarded_scalar_once_existence_range,71,1,True,9,161,1,0.9926428483630563,0.9926428483630563,True,1.0428788951223011,0.9962922896620601,0.07970625736675815,0.9957238553181607
marked_gaussian_evidence_guarded_scalar_once_existence_range,71,2,True,9,161,1,0.9926428483630563,0.9926428483630563,True,1.1516408271702976,0.9784144918914695,31.722093907388395,0.987270179481843
marked_gaussian_evidence_guarded_scalar_once_existence_range,72,1,True,9,160,1,0.9934357521495869,0.9934357521495869,True,1.0430422170109555,0.9962754906678988,0.09955328073333283,0.9971867432839521
marked_gaussian_evidence_guarded_scalar_once_existence_range,72,2,True,9,160,1,0.9934357521495869,0.9934357521495869,True,1.053961269541088,0.9932290191710054,31.690189526503122,0.9978458408541738
marked_gaussian_evidence_guarded_scalar_once_existence_range,73,1,True,9,162,1,0.9905770439547487,0.9905770439547487,True,1.0421749976381292,0.9963540939760621,0.042233186738611615,0.9886826173776114
marked_gaussian_evidence_guarded_scalar_once_existence_range,73,2,True,9,162,1,0.9905770439547488,0.9905770439547488,True,1.0270170797009972,0.9968837470427285,31.607370832779715,0.9965689065829115
marked_gaussian_evidence_guarded_scalar_once_existence_range,74,1,True,9,164,1,0.990753799081271,0.990753799081271,True,1.0461002463451035,0.995999449669592,0.047087991380743204,0.9931217553569766
marked_gaussian_evidence_guarded_scalar_once_existence_range,74,2,True,9,164,1,0.990753799081271,0.990753799081271,True,1.0172234186776636,0.9980697134217529,31.508568426791683,0.9967163537372661
marked_gaussian_evidence_guarded_scalar_once_existence_range,75,1,True,10,167,1,0.9898666310101217,0.9898666310101217,True,1.0456312007167687,0.9960486670339204,0.05412117733474206,0.9908903642815968
marked_gaussian_evidence_guarded_scalar_once_existence_range,75,2,True,10,167,1,0.9898666310101217,0.9898666310101217,True,1.0043370530309916,0.9994963999473393,31.472848442884164,0.9962606842676659
marked_gaussian_evidence_guarded_scalar_once_existence_range,76,1,True,10,169,1,0.9900386652182029,0.9900386652182029,True,1.043894552951151,0.996211695771299,0.06050622674186132,0.9925488362881107
marked_gaussian_evidence_guarded_scalar_once_existence_range,76,2,True,10,169,1,0.9900386652182029,0.9900386652182029,True,1.0043199729764551,0.9994986389769879,31.400538804888537,0.9976959981092102
marked_gaussian_evidence_guarded_scalar_once_existence_range,77,1,True,10,172,1,0.9894194873964289,0.9894194873964289,True,1.0418136860734777,0.9963938565033911,0.05918060669807441,0.9902878579404375
marked_gaussian_evidence_guarded_scalar_once_existence_range,77,2,True,10,172,1,0.9894194873964287,0.9894194873964287,True,3.2154428415610807,0.564374614647765,40.117099119661724,0.5366102311565808
marked_gaussian_evidence_guarded_scalar_once_existence_range,78,1,True,10,168,1,0.9895627269937484,0.9895627269937484,True,1.0401695259868482,0.9965525274653587,0.06272869970874015,0.9924747496349965
marked_gaussian_evidence_guarded_scalar_once_existence_range,78,2,True,10,168,1,0.9895627269937484,0.9895627269937484,True,1.0,1.0,31.115789584391614,0.9505529605029255
marked_gaussian_evidence_guarded_scalar_once_existence_range,79,1,True,10,171,1,0.9906234128837966,0.9906234128837966,True,1.037428943619118,0.9967913899679954,0.07063913026894945,0.9937928477057874
marked_gaussian_evidence_guarded_scalar_once_existence_range,79,2,True,10,171,1,0.9906234128837966,0.9906234128837966,False,,,,
marked_gaussian_evidence_guarded_scalar_once_existence_range,80,1,True,9,175,1,0.9879112420127903,0.9879112420127903,True,1.03718915413091,0.9968146909974536,0.089886470798468,0.9857279379325956
marked_gaussian_evidence_guarded_scalar_once_existence_range,80,2,True,9,175,1,0.9879112420127903,0.9879112420127903,False,,,,
marked_gaussian_evidence_guarded_scalar_once_existence_range,81,1,True,9,174,1,0.9884322106628765,0.9884322106628765,True,1.0409776700073663,0.996477401179789,0.09683389666624291,0.9909857340502972
marked_gaussian_evidence_guarded_scalar_once_existence_range,81,2,True,9,174,1,0.9884322106628765,0.9884322106628765,True,1.0,1.0,30.75079573750311,0.6895018739124632
marked_gaussian_evidence_guarded_scalar_once_existence_range,82,1,True,9,168,1,0.988414373943262,0.988414373943262,True,1.041626069851025,0.9964213649554563,0.05456438340554461,0.9903446886532157
marked_gaussian_evidence_guarded_scalar_once_existence_range,82,2,True,9,168,1,0.988414373943262,0.988414373943262,False,,,,
marked_gaussian_evidence_guarded_scalar_once_existence_range,83,1,True,9,168,1,0.9908316276871415,0.9908316276871415,True,1.0406777341653002,0.996516669003145,0.10988162286020166,0.9958871096713845
marked_gaussian_evidence_guarded_scalar_once_existence_range,83,2,True,9,168,1,0.9908316276871415,0.9908316276871415,True,1.274181124984609,0.9425350679124516,39.147150548792176,2.840113239404292e-05
marked_gaussian_evidence_guarded_scalar_once_existence_range,84,1,True,9,167,1,0.9905342448721498,0.9905342448721498,True,1.0402185588683057,0.996554112300974,0.09778786706145108,0.9927042456606764
marked_gaussian_evidence_guarded_scalar_once_existence_range,84,2,True,9,16,1,0.9521866256188698,0.9521866256188698,False,,,,
marked_gaussian_evidence_guarded_scalar_once_existence_range,85,1,True,9,160,1,0.9885440715606962,0.9885440715606962,True,1.0407602361466564,0.9965020846428781,0.06426381982018775,0.998343692595283
marked_gaussian_evidence_guarded_scalar_once_existence_range,85,2,True,9,160,1,0.9885440715606962,0.9885440715606962,False,,,,
marked_gaussian_evidence_guarded_scalar_once_existence_range,86,1,True,9,164,1,0.9990030260495282,0.9990030260495282,True,1.0452498446755851,0.9961031727414483,0.08472257983545375,0.994570851338532
marked_gaussian_evidence_guarded_scalar_once_existence_range,86,2,True,9,164,1,0.9900396178194735,0.9900396178194735,False,,,,
marked_gaussian_evidence_guarded_scalar_once_existence_range,87,1,True,9,163,2,0.9925152736608392,0.9913394316644494,True,1.038090812529235,0.9968067386779961,0.08195296594854169,0.996483302045148
marked_gaussian_evidence_guarded_scalar_once_existence_range,87,2,True,9,163,2,0.9925152736608392,0.9913394316644494,False,,,,
marked_gaussian_evidence_guarded_scalar_once_existence_range,88,1,True,9,157,1,0.9904198720727531,0.9904198720727531,True,1.0335225033137196,0.9971702343052019,0.08739144764921328,0.9925594786759454
marked_gaussian_evidence_guarded_scalar_once_existence_range,88,2,True,9,157,1,0.9904198720727531,0.9904198720727531,True,1.0010331356486712,0.9999003587645717,30.441956274636272,1.4273555358664933e-19
marked_gaussian_evidence_guarded_scalar_once_existence_range,89,1,True,9,14,1,0.9868881494053988,0.9868881494053988,True,1.0133157002079816,0.9989495662486729,0.07896311212900294,0.9942018375274119
marked_gaussian_evidence_guarded_scalar_once_existence_range,89,2,True,9,14,1,0.9868881494053988,0.9868881494053988,False,,,,
marked_gaussian_evidence_guarded_scalar_once_existence_range,90,1,True,9,14,1,0.9852397806884142,0.9852397806884142,True,1.0013699882050504,0.9998700740653549,0.07416026837806886,0.9935938950457395
marked_gaussian_evidence_guarded_scalar_once_existence_range,90,2,True,9,14,1,0.9852397806884142,0.9852397806884142,True,1.9491505437746488,0.6129859928498946,32.05388853703006,0.0021523872093154386
marked_gaussian_evidence_guarded_scalar_once_existence_range,91,1,True,9,15,1,0.9894434845860414,0.9894434845860414,True,1.0014080137434118,0.9998661304875196,0.0642205263939614,0.9971946857834791
marked_gaussian_evidence_guarded_scalar_once_existence_range,91,2,True,9,15,1,0.9894434845860411,0.9894434845860411,True,1.6135413944936494,0.8688646607001516,31.88531971379977,0.03133629026654842
marked_gaussian_evidence_guarded_scalar_once_existence_range,92,1,True,9,16,1,0.9933678296260754,0.9933678296260754,True,1.0137526121355618,0.9982839158749215,0.054113951884488136,0.9792660759864159
marked_gaussian_evidence_guarded_scalar_once_existence_range,92,2,True,9,16,1,0.9933678296260754,0.9933678296260754,True,2.07649734429546,0.6261459673447722,31.636080327321533,0.0846129571956359
marked_gaussian_evidence_guarded_scalar_once_existence_range,93,1,True,9,22,1,0.9935821502165926,0.9935821502165926,True,1.0328060976380258,0.9959885859887221,0.05445279724919179,0.969807629820422
marked_gaussian_evidence_guarded_scalar_once_existence_range,93,2,True,9,22,1,0.9935821502165926,0.9935821502165926,True,2.788417447096701,0.553584383647742,31.347511980690964,0.2926025090533028
marked_gaussian_evidence_guarded_scalar_once_existence_range,94,1,True,9,16,1,0.998774058207574,0.998774058207574,True,1.0039887355102763,0.9996366840162673,0.07796268354325396,0.9954404302492256
marked_gaussian_evidence_guarded_scalar_once_existence_range,94,2,True,9,23,1,0.9903198531827305,0.9903198531827305,True,1.0002587835507477,0.9999795287641443,30.7831349125223,0.00010038409297134939
marked_gaussian_evidence_guarded_scalar_once_existence_range,95,1,True,9,17,1,0.995605635382631,0.995605635382631,True,1.006666855230779,0.9992425455953425,0.08441973851349295,0.9920308430151789
marked_gaussian_evidence_guarded_scalar_once_existence_range,95,2,True,9,17,1,0.995605635382631,0.995605635382631,True,3.8024325526032827,0.4963523246217917,30.602051906893415,0.23092779046311765
marked_gaussian_evidence_guarded_scalar_once_existence_range,96,1,True,9,22,1,0.9945958257801752,0.9945958257801752,True,1.0179088337412343,0.9979572572206847,0.040618386094781356,0.9832854248394635
marked_gaussian_evidence_guarded_scalar_once_existence_range,96,2,True,9,22,1,0.9945958257801752,0.9945958257801752,True,3.013270209467692,0.5030324168899756,30.258975680107575,0.14726963579083874
marked_gaussian_evidence_guarded_scalar_once_existence_range,97,1,True,9,19,1,0.9990625189332711,0.9990625189332711,True,1.0034575690283665,0.9996868256434808,0.041476966417009195,0.996361508118122
marked_gaussian_evidence_guarded_scalar_once_existence_range,97,2,True,9,22,1,0.9612226095211787,0.9612226095211787,True,2.678969676943367,0.5275064890677734,29.982045133464638,0.09699314721178569
marked_gaussian_evidence_guarded_scalar_once_existence_range,98,1,True,9,22,1,0.9995554475034306,0.9995554475034306,True,1.00740984432275,0.9991469921198524,0.0951229083917213,0.9780389953150017
marked_gaussian_evidence_guarded_scalar_once_existence_range,98,2,True,9,20,1,0.8837867774777421,0.8837867774777421,True,2.487144600718719,0.5448150772343147,29.802164772458756,0.4992703637704373
marked_gaussian_evidence_guarded_scalar_once_existence_range,99,1,True,10,26,1,0.99972311489353,0.99972311489353,True,1.0203165833282752,0.9976517339744942,0.044937956344475075,0.9895535294598109
marked_gaussian_evidence_guarded_scalar_once_existence_range,99,2,True,8,20,1,0.7299470594559843,0.7299470594559843,True,2.2544919276599957,0.5221126213844672,37.43796145220059,0.0018297619840487046
marked_gaussian_evidence_guarded_scalar_once_existence_range,100,1,True,10,32,1,0.9997172941048293,0.9997172941048293,True,1.0369793590033445,0.995602712220769,0.04982663915443186,0.9950265581100033
marked_gaussian_evidence_guarded_scalar_once_existence_range,100,2,True,7,19,1,0.5018139830443625,0.5018139830443625,True,2.0893637053780116,0.7837307829118948,37.03838277142777,0.03452385335716516
marked_gaussian_evidence_guarded_scalar_once_existence_range,101,1,True,11,35,1,0.9994548718676747,0.9994548718676747,True,1.0491177736546853,0.9940313555272047,0.01459123017618354,0.9954294166283721
marked_gaussian_evidence_guarded_scalar_once_existence_range,101,2,False,6,19,1,0.27603762327441606,0.27603762327441606,True,2.2653644372003385,0.7560891679677688,36.55566614307732,0.24771728052213773
marked_gaussian_evidence_guarded_scalar_once_existence_range,102,1,True,10,29,1,0.9986653615593916,0.9986653615593916,True,1.03659969929095,0.9955159881277351,0.0612702434879851,0.9968603945529119
marked_gaussian_evidence_guarded_scalar_once_existence_range,102,2,False,7,18,1,0.12689112701911112,0.12689112701911112,True,2.2210759595690686,0.7808149576016017,37.0280922826782,0.6284140778887748
marked_gaussian_evidence_guarded_scalar_once_existence_range,103,1,True,10,30,1,0.9998403764460452,0.9998403764460452,True,1.030235831146253,0.996362936727933,0.03749735343735392,0.9969011765794372
marked_gaussian_evidence_guarded_scalar_once_existence_range,103,2,False,6,19,1,0.052554690956132015,0.052554690956132015,False,,,,
marked_gaussian_evidence_guarded_scalar_once_existence_range,104,1,True,11,33,1,0.9991784795145128,0.9991784795145128,True,1.0268096841317726,0.9969243899067152,0.05698818335245788,0.9902134698529867
marked_gaussian_evidence_guarded_scalar_once_existence_range,104,2,False,6,19,1,0.02076529577928984,0.02076529577928984,False,,,,
marked_gaussian_evidence_guarded_scalar_once_existence_range,105,1,True,9,23,1,0.9992453438074235,0.9992453438074235,True,1.0252650058011765,0.9969621390020886,0.05239452243633204,0.9988243072358154
marked_gaussian_evidence_guarded_scalar_once_existence_range,105,2,False,6,17,1,0.008039723311649025,0.008039723311649025,False,,,,
marked_gaussian_evidence_guarded_scalar_once_existence_range,106,1,True,9,22,1,0.9993354481506305,0.9993354481506305,True,1.0040010078253643,0.9996056924849571,0.0719553852227941,0.9966677305979705
marked_gaussian_evidence_guarded_scalar_once_existence_range,106,2,False,6,14,1,0.0030894008563989842,0.0030894008563989842,False,,,,
marked_gaussian_evidence_guarded_scalar_once_existence_range,107,1,True,9,23,1,0.9997226907425779,0.9997226907425779,True,1.008707895731268,0.9990504741672399,0.0510837335245769,0.9877338210743952
marked_gaussian_evidence_guarded_scalar_once_existence_range,107,2,False,6,13,1,0.0011829043822691005,0.0011829043822691005,False,,,,
marked_gaussian_evidence_guarded_scalar_once_existence_range,108,1,True,9,24,1,0.9993264095071644,0.9993264095071644,True,1.0189486690797451,0.9979192512312606,0.021879969483652523,0.9803183897915704
marked_gaussian_evidence_guarded_scalar_once_existence_range,108,2,False,6,12,0,0.0,0.0,False,,,,
marked_gaussian_evidence_guarded_scalar_once_existence_range,109,1,True,10,26,1,0.9994045149593092,0.9994045149593092,True,1.0284686426591516,0.996826900258038,0.045280644753644225,0.9921168742739803
marked_gaussian_evidence_guarded_scalar_once_existence_range,109,2,False,6,12,0,0.0,0.0,False,,,,
marked_gaussian_evidence_guarded_scalar_once_existence_range,110,1,True,10,28,2,1.000661497922039,0.9993411536110997,True,1.026277695054237,0.9970748773303265,0.038825024169705465,0.9970717304719394
marked_gaussian_evidence_guarded_scalar_once_existence_range,110,2,False,6,12,0,0.0,0.0,True,1.8005606284081874,0.8626560283431803,28.086867842343377,1.132519940992e-311
marked_gaussian_evidence_guarded_scalar_once_existence_range,111,1,True,10,23,1,0.9994331995526617,0.9994331995526617,True,1.0215987803111188,0.9975467184585862,0.05057140941230824,0.9983928134735557
marked_gaussian_evidence_guarded_scalar_once_existence_range,111,2,False,6,14,0,0.0,0.0,True,1.0793829226876848,0.9853557534346183,26.48790250405761,0.0024155715888880876
marked_gaussian_evidence_guarded_scalar_once_existence_range,112,1,True,9,24,1,0.9992472819637489,0.9992472819637489,True,1.014715883958407,0.9983300062384698,0.04904137301125394,0.9965976731385296
marked_gaussian_evidence_guarded_scalar_once_existence_range,112,2,False,5,15,0,0.0,0.0,True,1.0630484696776261,0.9902310479128049,27.422584183486848,0.0033484529352446717
marked_gaussian_evidence_guarded_scalar_once_existence_range,113,1,True,9,23,1,0.9995942848986479,0.9995942848986479,True,1.0085895335806732,0.9990843910633872,0.06875918499295304,0.9984150365716717
marked_gaussian_evidence_guarded_scalar_once_existence_range,113,2,False,6,16,0,0.0,0.0,True,2.00920385842991,0.535463501469222,27.209184340531873,0.06355475222777072
marked_gaussian_evidence_guarded_scalar_once_existence_range,114,1,True,9,23,1,0.9997083696465148,0.9997083696465148,True,1.0045238684518305,0.9995502543489431,0.07189153767717339,0.9986921981925534
marked_gaussian_evidence_guarded_scalar_once_existence_range,114,2,False,7,19,0,0.0,0.0,True,2.338598142732495,0.5198937743842087,27.009404979788208,0.6949862356440565
marked_gaussian_evidence_guarded_scalar_once_existence_range,115,1,True,9,17,1,0.9994161005965083,0.9994161005965083,True,1.0027467757348185,0.9997429570954904,0.08584352655279938,0.996736888392109
marked_gaussian_evidence_guarded_scalar_once_existence_range,115,2,False,7,21,0,0.0,0.0,True,2.163685186215183,0.6027164102197543,27.036502130402436,0.9841195297484949
marked_gaussian_evidence_guarded_scalar_once_existence_range,116,1,True,8,16,1,0.9989957745037952,0.9989957745037952,True,1.0025783681532476,0.9997563981726326,0.06237627225631114,0.9943425077598933
marked_gaussian_evidence_guarded_scalar_once_existence_range,116,2,False,8,24,0,0.0,0.0,True,1.862252103938405,0.7367320264063588,26.885216517387924,0.9940390845166813
marked_gaussian_evidence_guarded_scalar_once_existence_range,117,1,True,9,15,1,0.9995445751012492,0.9995445751012492,True,1.002773542763596,0.9997349824738776,0.046204382595739536,0.9976781942710556
marked_gaussian_evidence_guarded_scalar_once_existence_range,117,2,False,7,24,0,0.0,0.0,True,1.462807658064684,0.8810137620314034,26.819649921034678,0.9969982698007427
marked_gaussian_evidence_guarded_scalar_once_existence_range,118,1,True,9,16,1,0.9950640574661423,0.9950640574661423,True,1.1234950778703179,0.9753765206527054,0.08009353867312048,0.9962084669619933
marked_gaussian_evidence_guarded_scalar_once_existence_range,118,2,False,6,21,0,0.0,0.0,True,1.1573607748315395,0.9679233380307991,26.636313159231786,0.994512142368677
marked_gaussian_evidence_guarded_scalar_once_existence_range,119,1,True,8,17,1,0.9956777634427271,0.9956777634427271,True,1.0761217953035576,0.9862113115179889,0.0614665593688981,0.9950835203902665
marked_gaussian_evidence_guarded_scalar_once_existence_range,119,2,False,6,19,0,0.0,0.0,True,1.2006960635312736,0.9634678249532992,9.807268694382405,3.4100858191887666e-05
marked_gaussian_evidence_guarded_scalar_once_existence_range,120,1,True,9,18,1,0.9994534779734069,0.9994534779734069,True,1.0131411004411248,0.9983679457063992,0.07214371370798427,0.9936353955184211
marked_gaussian_evidence_guarded_scalar_once_existence_range,120,2,False,6,19,0,0.0,0.0,True,1.0056704381993304,0.9993891706435967,9.762092159306667,0.036554317112592334
marked_gaussian_evidence_guarded_scalar_once_existence_range,121,1,True,9,18,1,0.9992873977314122,0.9992873977314122,True,1.0055591673007824,0.9994327866402083,0.07254837022456813,0.9957680054854916
marked_gaussian_evidence_guarded_scalar_once_existence_range,121,2,False,7,21,0,0.0,0.0,True,1.2965947123325274,0.9277977539491807,9.721748538037938,0.2757608324897544
marked_gaussian_evidence_guarded_scalar_once_existence_range,122,1,True,9,19,1,0.8301991551014124,0.8301991551014124,True,1.2045225141641238,0.9547622710545186,3.483331537044233,0.9930974578608068
marked_gaussian_evidence_guarded_scalar_once_existence_range,122,2,False,8,22,0,0.0,0.0,True,1.2619256167177686,0.9456973633375142,9.69554672988585,0.9482451351922343
marked_gaussian_evidence_guarded_scalar_once_existence_range,123,1,True,9,21,1,0.981062286584679,0.981062286584679,True,1.012009130786868,0.9985649503942934,0.08303720827616741,0.9774803961656878
marked_gaussian_evidence_guarded_scalar_once_existence_range,123,2,False,8,22,0,0.0,0.0,True,3.7225999158952465,0.3616901524970395,4.009254279345464,0.053296096551817884
marked_gaussian_evidence_guarded_scalar_once_existence_range,124,1,True,9,18,1,0.9986563029025325,0.9986563029025325,True,1.0037129969020555,0.9996352461764334,0.05159638179157058,0.9966020966058851
marked_gaussian_evidence_guarded_scalar_once_existence_range,124,2,False,7,25,0,0.0,0.0,True,3.497498281985581,0.4944518887251171,3.932953547494068,0.9821754867467127
marked_gaussian_evidence_guarded_scalar_once_existence_range,125,1,True,10,19,1,0.8201642236591504,0.8201642236591504,True,1.165195816014703,0.9650125156426491,3.5228792165230707,0.9950500456522888
marked_gaussian_evidence_guarded_scalar_once_existence_range,125,2,False,8,23,0,0.0,0.0,True,2.3093550957350697,0.7376834872129284,3.9762470423818486,0.9988859098824313
marked_gaussian_evidence_guarded_scalar_once_existence_range,126,1,True,11,22,1,0.9795114747932459,0.9795114747932459,True,1.0101923483365463,0.9988269354751484,0.03177097888515216,0.9757080500714495
marked_gaussian_evidence_guarded_scalar_once_existence_range,126,2,False,8,24,0,0.0,0.0,True,1.5983517124654558,0.8864344045521003,4.056538795459674,0.9402142120976086
marked_gaussian_evidence_guarded_scalar_once_existence_range,127,1,True,11,27,1,0.9831867346831562,0.9831867346831562,True,1.1724917956963836,0.9631591614069505,0.04967207406246074,0.9928266544271495
marked_gaussian_evidence_guarded_scalar_once_existence_range,127,2,False,7,20,0,0.0,0.0,True,1.0028675146710202,0.9997039296770128,26.66770256673142,0.9998209311667698
marked_gaussian_evidence_guarded_scalar_once_existence_range,128,1,True,11,28,1,0.9972921264488734,0.9972921264488734,True,1.00571948192309,0.9993657927950048,0.05031572624499657,0.9917981115000105
marked_gaussian_evidence_guarded_scalar_once_existence_range,128,2,False,7,17,0,0.0,0.0,True,1.0030214891200355,0.999682097597414,25.69109267370397,0.9996028593762576
marked_gaussian_evidence_guarded_scalar_once_existence_range,129,1,True,12,31,1,0.9931907565414785,0.9931907565414785,True,1.14483384340411,0.9701341849829844,0.06537621963130108,0.9964092925699084
marked_gaussian_evidence_guarded_scalar_once_existence_range,129,2,False,6,16,0,0.0,0.0,True,1.0268437696594264,0.9962220285121823,23.872732121927005,0.06058555595295957
marked_gaussian_evidence_guarded_scalar_once_existence_range,130,1,True,13,35,2,1.000208891125903,0.9989870782572118,True,1.0065275680149155,0.9992582760300914,0.05407432501368672,0.9953202291034088
marked_gaussian_evidence_guarded_scalar_once_existence_range,130,2,False,6,15,0,0.0,0.0,True,1.0023757716929598,0.9997566576819507,25.212750941242707,0.9902474335425824
marked_gaussian_evidence_guarded_scalar_once_existence_range,131,1,True,13,35,1,0.9996311466732724,0.9996311466732724,True,1.004110850985298,0.9995873001890769,0.051589845790832915,0.9982600134098187
marked_gaussian_evidence_guarded_scalar_once_existence_range,131,2,False,6,15,0,0.0,0.0,True,1.0041157271235999,0.9995522722307757,23.736515805006352,0.9640144212019965
marked_gaussian_evidence_guarded_scalar_once_existence_range,132,1,True,13,33,1,0.9996206656064841,0.9996206656064841,True,1.0028865069386246,0.9997221755333917,0.05623382425027728,0.9980076216169773
marked_gaussian_evidence_guarded_scalar_once_existence_range,132,2,False,5,14,0,0.0,0.0,False,,,,
marked_gaussian_evidence_guarded_scalar_once_existence_range,133,1,True,13,34,1,0.9996116625412198,0.9996116625412198,True,1.003038144530116,0.9997048672935682,0.07599963724473588,0.9979857986412987
marked_gaussian_evidence_guarded_scalar_once_existence_range,133,2,False,5,13,0,0.0,0.0,False,,,,
marked_gaussian_evidence_guarded_scalar_once_existence_range,134,1,True,13,36,1,0.9991890943500016,0.9991890943500016,True,1.0024232776420037,0.9997731918865801,0.058855474737248406,0.9953837761040745
marked_gaussian_evidence_guarded_scalar_once_existence_range,134,2,False,5,13,0,0.0,0.0,True,1.051597525792992,0.9912214026998747,28.01943144308654,2.598286100267537e-07
marked_gaussian_evidence_guarded_scalar_once_existence_range,135,1,True,13,36,1,0.9950356867862908,0.9950356867862908,True,1.1235065987485156,0.9753753685711178,0.0722990595570594,0.9968064391884702
marked_gaussian_evidence_guarded_scalar_once_existence_range,135,2,False,4,13,0,0.0,0.0,True,1.0623340154810088,0.9891984751469102,9.838591457570624,3.0581833396865764e-05
marked_gaussian_evidence_guarded_scalar_once_existence_range,136,1,True,14,37,1,0.9986224013032645,0.9986224013032645,True,1.0044469322429421,0.9995233919551204,0.08269244635451287,0.9936333159676686
marked_gaussian_evidence_guarded_scalar_once_existence_range,136,2,False,4,13,0,0.0,0.0,False,,,,
marked_gaussian_evidence_guarded_scalar_once_existence_range,137,1,True,12,39,1,0.9943409586030193,0.9943409586030193,True,1.130718133265564,0.9736236571712763,0.09417792242607549,0.9959763651524105
marked_gaussian_evidence_guarded_scalar_once_existence_range,137,2,False,4,12,0,0.0,0.0,True,1.0020970116713819,0.9997773827662407,25.631999262119564,0.04732127342911036
marked_gaussian_evidence_guarded_scalar_once_existence_range,138,1,True,13,41,2,1.0006557874015294,0.9994445249548456,True,1.006624518286034,0.9992438755131917,0.07358348226386179,0.9976701485587062
marked_gaussian_evidence_guarded_scalar_once_existence_range,138,2,False,5,15,0,0.0,0.0,True,1.1534576037513713,0.9676660013906397,25.48475292057483,0.7105817916645859
marked_gaussian_evidence_guarded_scalar_once_existence_range,139,1,True,13,39,1,0.9955047810853311,0.9955047810853311,True,1.1109407223079506,0.9784064487376809,0.06489808707935799,0.9959208923488262
marked_gaussian_evidence_guarded_scalar_once_existence_range,139,2,False,6,16,0,0.0,0.0,True,1.0007012052813815,0.9999381650734187,3.970182585090696,6.286954456642911e-08
marked_gaussian_evidence_guarded_scalar_once_existence_range,140,1,True,13,38,1,0.998936043225548,0.998936043225548,True,1.0079317304412754,0.999074319796913,0.05081532155112087,0.9929216812263334
marked_gaussian_evidence_guarded_scalar_once_existence_range,140,2,False,6,18,0,0.0,0.0,True,1.00001713917577,0.9999988440116109,4.046835950538874,0.036526276389560346
marked_gaussian_evidence_guarded_scalar_once_existence_range,141,1,True,13,36,1,0.999696334812732,0.999696334812732,True,1.004202600264138,0.9995811463173512,0.0568251415284723,0.9985970660674959
marked_gaussian_evidence_guarded_scalar_once_existence_range,141,2,False,5,18,0,0.0,0.0,True,1.2996190746443865,0.9267088119185426,4.029938961571288,0.22132125580911163
marked_gaussian_evidence_guarded_scalar_once_existence_range,142,1,True,13,36,1,0.995187263213291,0.995187263213291,True,1.124499513898727,0.9751331802276265,0.05077160343976151,0.9968291539138352
marked_gaussian_evidence_guarded_scalar_once_existence_range,142,2,False,5,18,0,0.0,0.0,True,1.2816554977887258,0.9418736531666818,4.003674924464814,0.837961575545045
marked_gaussian_evidence_guarded_scalar_once_existence_range,143,1,True,12,37,1,0.9971631064429417,0.9971631064429417,True,1.0584737067855599,0.9899447415550929,0.03770167553269916,0.9977248501759635
marked_gaussian_evidence_guarded_scalar_once_existence_range,143,2,False,5,17,0,0.0,0.0,True,2.744288185915259,0.6592593378384329,9.784586370198094,0.3556409555488514
marked_gaussian_evidence_guarded_scalar_once_existence_range,144,1,True,13,38,1,0.9994107837720752,0.9994107837720752,True,1.0182375024239947,0.9975858423197037,0.03577541140049287,0.992305173814445
marked_gaussian_evidence_guarded_scalar_once_existence_range,144,2,False,4,19,0,0.0,0.0,True,1.1013052894997022,0.9806638316129217,26.324719650510765,1.2095286761357365e-05
marked_gaussian_evidence_guarded_scalar_once_existence_range,145,1,True,10,37,1,0.6468902700718652,0.6468902700718652,True,1.007975678682198,0.9991463993942921,0.03951553556406854,0.9981542579711197
marked_gaussian_evidence_guarded_scalar_once_existence_range,145,2,False,5,19,0,0.0,0.0,True,1.0033901877932898,0.9996239750012584,26.39252378351145,0.018211666565769797
marked_gaussian_evidence_guarded_scalar_once_existence_range,146,1,False,7,34,1,0.22960781382037068,0.22960781382037068,True,1.027205565996968,0.9967523283558304,0.03964059325722988,0.9873465864419282
marked_gaussian_evidence_guarded_scalar_once_existence_range,146,2,False,5,19,0,0.0,0.0,True,2.4511162796242907,0.4788246067466481,29.29554745383821,0.0009113026582205046
marked_gaussian_evidence_guarded_scalar_once_existence_range,147,1,True,12,42,5,0.905978163484021,0.8944721507403659,True,1.1060136300533436,0.9857245517434536,0.06434110555570793,0.9058484550913106
marked_gaussian_evidence_guarded_scalar_once_existence_range,147,2,False,6,39,3,0.08819842787295691,0.0843431599663537,True,1.1384316941019266,0.9758178059831845,3.9526799907387944,0.07292170766659621
marked_gaussian_evidence_guarded_scalar_once_existence_range,148,1,True,10,43,1,0.7773979393508169,0.7773979393508169,True,1.0248222026665983,0.997223899816287,0.08025739217535569,0.9865444043353736
marked_gaussian_evidence_guarded_scalar_once_existence_range,148,2,True,10,43,1,0.7773979393508144,0.7773979393508144,True,5.821710059354963,0.277091633308445,4.095406510006405,0.29479927955313023
marked_gaussian_evidence_guarded_scalar_once_existence_range,149,1,True,11,48,1,0.9079342954545481,0.9079342954545481,True,1.0834101946728913,0.989528184475624,0.07216541575981192,0.955302571920708
marked_gaussian_evidence_guarded_scalar_once_existence_range,149,2,True,11,48,1,0.9079342954545481,0.9079342954545481,True,4.423526908175975,0.5319534815397543,3.8508272648788604,0.7344114104162779
marked_gaussian_evidence_guarded_scalar_once_existence_range,150,1,True,11,49,1,0.9546309676196373,0.9546309676196373,True,1.1150590728256597,0.985143076563153,0.05942246472333614,0.9931692073455245
marked_gaussian_evidence_guarded_scalar_once_existence_range,150,2,True,11,49,1,0.9546309676196373,0.9546309676196373,True,1.0008204087258483,0.9999328468091526,26.56647715208948,0.9861364707193364
marked_gaussian_evidence_guarded_scalar_once_existence_range,151,1,True,11,50,1,0.9737772150849915,0.9737772150849915,True,1.0753791019937373,0.9907704359803464,0.034724695433174885,0.9868452001201857
marked_gaussian_evidence_guarded_scalar_once_existence_range,151,2,True,11,50,1,0.973777215084991,0.973777215084991,True,1.5046491047985597,0.8922051751335531,23.71772616440841,0.02486014488020651
marked_gaussian_evidence_guarded_scalar_once_existence_range,152,1,True,13,54,1,0.9782361724327824,0.9782361724327824,True,1.0533220791869409,0.9937059301924582,0.06096482851798742,0.9736296975991762
marked_gaussian_evidence_guarded_scalar_once_existence_range,152,2,True,13,54,1,0.9782361724327824,0.9782361724327824,True,1.5726178947450518,0.9025222793991975,23.47299854847429,0.6457431467958831
marked_gaussian_evidence_guarded_scalar_once_existence_range,153,1,True,12,57,1,0.9864453140678712,0.9864453140678712,True,1.0469776378813946,0.9946767426415846,0.07459492102439318,0.9885142278059224
marked_gaussian_evidence_guarded_scalar_once_existence_range,153,2,True,12,57,1,0.9864453140678712,0.9864453140678712,True,1.0745686053280321,0.9891122607765168,23.404566828600867,0.9888866867494472
marked_gaussian_evidence_guarded_scalar_once_existence_range,154,1,True,12,53,1,0.9932959066521664,0.9932959066521664,True,1.0128606769960788,0.9986549573665225,0.037441576463484554,0.9991959518872359
marked_gaussian_evidence_guarded_scalar_once_existence_range,154,2,True,12,53,1,0.9932959066521664,0.9932959066521664,True,4.095441527981262,0.5100769349282321,4.02877154193303,0.7171635596454871
marked_gaussian_evidence_guarded_scalar_once_existence_range,155,1,True,12,36,1,0.9912780724121988,0.9912780724121988,True,1.005335028110256,0.9994917797759906,0.06401478719287002,0.996659655366952
marked_gaussian_evidence_guarded_scalar_once_existence_range,155,2,True,12,36,1,0.9912780724121988,0.9912780724121988,True,2.2960501640047015,0.5355105569928215,24.479758524351364,0.01184462887413502
marked_gaussian_evidence_guarded_scalar_once_existence_range,156,1,True,12,45,1,0.9922844303516763,0.9922844303516763,True,1.0154199871762672,0.9981810438745192,0.04328619549196966,0.9744055520295949
marked_gaussian_evidence_guarded_scalar_once_existence_range,156,2,True,12,45,1,0.9922844303516763,0.9922844303516763,True,1.0001243655982195,0.9999907731358602,23.023512265963845,0.9804645899686064
marked_gaussian_evidence_guarded_scalar_once_existence_range,157,1,True,12,46,1,0.9918827832095711,0.9918827832095711,True,1.0032891124260594,0.9996982663550197,0.04926901172401335,0.997266195677537
marked_gaussian_evidence_guarded_scalar_once_existence_range,157,2,True,12,46,1,0.9918827832095711,0.9918827832095711,True,2.177755375901313,0.6321926390958318,9.79823712375142,2.7116589431693546e-06
marked_gaussian_evidence_guarded_scalar_once_existence_range,158,1,True,12,45,1,0.9930235441268457,0.9930235441268457,True,1.016699024279149,0.9979831493493201,0.06516997259959327,0.9697414912846615
marked_gaussian_evidence_guarded_scalar_once_existence_range,158,2,True,12,45,1,0.9930235441268459,0.9930235441268459,True,1.0021711501406594,0.9997724918374795,21.51952535563326,0.9875610160632493
marked_gaussian_evidence_guarded_scalar_once_existence_range,159,1,True,12,40,1,0.9948483934464856,0.9948483934464856,True,1.0029419254409924,0.9997287071926063,0.04785693532367379,0.9989610143750365
marked_gaussian_evidence_guarded_scalar_once_existence_range,159,2,True,12,40,1,0.9948483934464856,0.9948483934464856,True,2.5709444956629377,0.5658128068985656,29.810333673020114,0.05942193087795557
marked_gaussian_evidence_guarded_scalar_once_existence_range,160,1,True,12,40,1,0.9939764502903348,0.9939764502903348,True,1.0013338497346715,0.9998760777045778,0.04565215250640443,0.997906311558622
marked_gaussian_evidence_guarded_scalar_once_existence_range,160,2,True,12,40,1,0.9939764502903348,0.9939764502903348,True,1.0011780023104435,0.9998832398211248,33.56702856921174,0.9998253658021774
marked_gaussian_evidence_guarded_scalar_once_existence_range,161,1,True,12,42,1,0.9956115888721321,0.9956115888721321,True,1.0090278322896427,0.9989344030371288,0.04544016340744353,0.9912152435918289
marked_gaussian_evidence_guarded_scalar_once_existence_range,161,2,True,12,20,1,0.95987417813201,0.95987417813201,True,1.0010992240950836,0.9998917606867794,34.17489993217299,0.9998911793183343
marked_gaussian_evidence_guarded_scalar_once_existence_range,162,1,True,12,47,1,0.9898950966614025,0.9898950966614025,True,1.0230619340932428,0.9972898241891397,0.05522851524925686,0.9838189259562587
marked_gaussian_evidence_guarded_scalar_once_existence_range,162,2,True,12,47,1,0.9898950966614025,0.9898950966614025,True,1.001088160992325,0.9998929625121088,35.085981654292134,0.9999230328320436
marked_gaussian_evidence_guarded_scalar_once_existence_range,163,1,True,12,32,1,0.9897342680032474,0.9897342680032474,True,1.0043463568080693,0.9995991447536828,0.056311228586091465,0.996551629589171
marked_gaussian_evidence_guarded_scalar_once_existence_range,163,2,True,12,32,1,0.9897342680032474,0.9897342680032474,True,1.0012149482143362,0.9998794909295244,35.694994974646036,0.9999906310866209
marked_gaussian_evidence_guarded_scalar_once_existence_range,164,1,True,12,36,1,0.9909003584409191,0.9909003584409191,True,1.0127761391999777,0.9985373143848423,0.05133739829068235,0.9722448937581865
marked_gaussian_evidence_guarded_scalar_once_existence_range,164,2,True,12,36,1,0.9909003584409191,0.9909003584409191,True,1.0012846834387572,0.9998713204020624,36.73306940255367,0.9999601980575614
marked_gaussian_evidence_guarded_scalar_once_existence_range,165,1,True,12,37,1,0.9939641104438849,0.9939641104438849,True,1.0302974682852708,0.9964952420594833,0.04913231474759352,0.986414671284422
marked_gaussian_evidence_guarded_scalar_once_existence_range,165,2,True,12,37,1,0.9939641104438849,0.9939641104438849,True,1.0000005121485227,0.9999999721610566,29.585069737567935,2.4391620677401483e-08
marked_gaussian_evidence_guarded_scalar_once_existence_range,166,1,True,12,29,1,0.9924375560332588,0.9924375560332588,True,1.0044408566833047,0.9996000247002456,0.06539483692032157,0.9972657064130594
marked_gaussian_evidence_guarded_scalar_once_existence_range,166,2,True,12,29,1,0.9924375560332588,0.9924375560332588,True,1.0000003961694763,0.9999999793449742,18.10289779245892,0.9880348310893149
marked_gaussian_evidence_guarded_scalar_once_existence_range,167,1,True,12,21,1,0.9931005654289944,0.9931005654289944,True,1.0016150159468364,0.9998527089722904,0.050299753448544544,0.9979058054133797
marked_gaussian_evidence_guarded_scalar_once_existence_range,167,2,True,12,21,1,0.9931005654289944,0.9931005654289944,True,1.0785451170898908,0.9876547424906515,9.7665329308141,0.1049520535918105
marked_gaussian_evidence_guarded_scalar_once_existence_range,168,1,True,12,21,1,0.9922251058101872,0.9922251058101872,True,1.0012716661481833,0.9998803377324146,0.06198837420036239,0.9970534341345182
marked_gaussian_evidence_guarded_scalar_once_existence_range,168,2,True,12,21,1,0.9922251058101872,0.9922251058101872,True,1.0082729459320483,0.9989766369830629,25.008701296066874,0.054954592571311585
marked_gaussian_evidence_guarded_scalar_once_existence_range,169,1,True,12,22,1,0.9941624536752339,0.9941624536752339,True,1.001280537401825,0.9998793969014995,0.06898381488217338,0.9985419150785347
marked_gaussian_evidence_guarded_scalar_once_existence_range,169,2,True,12,22,1,0.9941624536752339,0.9941624536752339,True,3.1070725643901413,0.5722736780710029,29.726491358582685,0.28834674125388887
marked_gaussian_evidence_guarded_scalar_once_existence_range,170,1,True,12,22,1,0.9931992466539344,0.9931992466539344,True,1.0012475181083929,0.9998828459888399,0.06001146417858079,0.9974835117159103
marked_gaussian_evidence_guarded_scalar_once_existence_range,170,2,True,12,22,1,0.9931992466539344,0.9931992466539344,True,3.402253251487647,0.593190000692713,29.870318008185638,0.14221603150465914
marked_gaussian_evidence_guarded_scalar_once_existence_range,171,1,True,12,21,1,0.9932973704366328,0.9932973704366328,True,1.0012626358032914,0.9998812669732264,0.06770664708556767,0.9978140854052652
marked_gaussian_evidence_guarded_scalar_once_existence_range,171,2,True,12,21,1,0.9932973704366328,0.9932973704366328,True,3.038085830608013,0.6556449919787386,29.80722669540908,0.19683013114626055
marked_gaussian_evidence_guarded_scalar_once_existence_range,172,1,True,12,22,1,0.9955628665973407,0.9955628665973407,True,1.0083026771978034,0.9990302575493888,0.07822402410291412,0.9797737749954816
marked_gaussian_evidence_guarded_scalar_once_existence_range,172,2,True,12,22,1,0.9955628665973407,0.9955628665973407,True,1.789675216055376,0.7312568072434342,4.0301250744733705,0.7532592396742472
marked_gaussian_evidence_guarded_scalar_once_existence_range,173,1,True,12,26,1,0.9994518646088147,0.9994518646088147,True,1.0346477058160595,0.995716411053637,0.041239786655181895,0.961262114106679
marked_gaussian_evidence_guarded_scalar_once_existence_range,173,2,True,12,22,1,0.9964760328849198,0.9964760328849198,True,1.6597916991607329,0.842666165543774,4.03203528425681,0.7911490991780187
marked_gaussian_evidence_guarded_scalar_once_existence_range,174,1,True,12,20,1,0.9955621814640824,0.9955621814640824,True,1.006176016845578,0.9994102061430534,0.08194093495650183,0.9983775039523667
marked_gaussian_evidence_guarded_scalar_once_existence_range,174,2,True,12,20,1,0.9955621814640824,0.9955621814640824,True,1.5902991760021972,0.9057270773193463,9.747675905257452,0.7719044466757986
marked_gaussian_evidence_guarded_scalar_once_existence_range,175,1,True,11,22,1,0.9952589827843308,0.9952589827843308,True,1.001523786734508,0.9998621434286038,0.08341765312680782,0.9972849005564777
marked_gaussian_evidence_guarded_scalar_once_existence_range,175,2,True,11,22,1,0.9952589827843308,0.9952589827843308,True,1.5574515022527542,0.8706250936243849,4.0905350090806945,0.4521575750395125
marked_gaussian_evidence_guarded_scalar_once_existence_range,176,1,True,11,22,1,0.9950600626299094,0.9950600626299094,True,1.0014525732993762,0.9998665009406341,0.05480676160192004,0.995874277479552
marked_gaussian_evidence_guarded_scalar_once_existence_range,176,2,True,11,22,1,0.9950600626299094,0.9950600626299094,True,1.6063097882960415,0.847658113106728,4.032503617485689,0.8285722676490969
marked_gaussian_evidence_guarded_scalar_once_existence_range,177,1,True,10,21,1,0.995553595049015,0.995553595049015,True,1.0014636680648976,0.999864067807721,0.08225705586607583,0.9965819441341905
marked_gaussian_evidence_guarded_scalar_once_existence_range,177,2,True,10,21,1,0.995553595049015,0.995553595049015,True,1.5655950504731004,0.8547347466313224,4.021024962495358,0.9036145751320772
marked_gaussian_evidence_guarded_scalar_once_existence_range,178,1,True,10,21,1,0.9969011859664869,0.9969011859664869,True,1.0014939054071212,0.9998591214987482,0.038092195107582875,0.996833070535643
marked_gaussian_evidence_guarded_scalar_once_existence_range,178,2,True,10,21,1,0.9969011859664869,0.9969011859664869,True,1.5292733438634134,0.8606282828600426,3.954291449963879,0.9913073970696459
marked_gaussian_evidence_guarded_scalar_once_existence_range,179,1,True,9,23,1,0.9974098110090865,0.9974098110090865,True,1.0016772535194667,0.9998397105739201,0.07681927028024434,0.9928061890281966
marked_gaussian_evidence_guarded_scalar_once_existence_range,179,2,True,9,23,1,0.9974098110090865,0.9974098110090865,True,1.3813457044651039,0.9082729609142873,3.939889602523123,0.9993834726941268
marked_gaussian_evidence_guarded_scalar_once_existence_range,180,1,True,10,24,1,0.998078995991098,0.998078995991098,True,1.002062429126416,0.9997979462924627,0.07084714023405572,0.995712910914061
marked_gaussian_evidence_guarded_scalar_once_existence_range,180,2,True,10,24,1,0.998078995991098,0.998078995991098,True,1.2613275259147319,0.9441375619151117,4.262406411482945,0.9959440655017081
marked_gaussian_evidence_guarded_scalar_once_existence_range,181,1,True,10,25,1,0.9972758563957229,0.9972758563957229,True,1.0026452345816814,0.9997327749812098,0.056466655651523125,0.9962183326741952
marked_gaussian_evidence_guarded_scalar_once_existence_range,181,2,True,10,25,1,0.9972758563957229,0.9972758563957229,True,1.0786147211273918,0.9873231815751138,3.9039017901192747,0.9519545107449141
marked_gaussian_evidence_guarded_scalar_once_existence_range,182,1,True,10,26,1,0.9892776671365652,0.9892776671365652,True,1.0030142286700363,0.999691049521819,0.061528513038350205,0.9937270440026841
marked_gaussian_evidence_guarded_scalar_once_existence_range,182,2,False,10,25,0,0.0,0.0,True,3.7510897676130956,0.30828613441081765,23.090669344392712,0.25144369457349564
marked_gaussian_evidence_guarded_scalar_once_existence_range,183,1,True,9,28,2,0.9866680421918599,0.9831061155264118,True,1.0513340573350565,0.9922257384545444,0.06636579778567875,0.9016817908405863
marked_gaussian_evidence_guarded_scalar_once_existence_range,183,2,True,9,28,2,0.9866680421918597,0.9831061155264116,True,3.427656622709802,0.4833748849398409,23.06422286477258,0.7091682178672271
marked_gaussian_evidence_guarded_scalar_once_existence_range,184,1,True,10,29,1,0.9814398651510429,0.9814398651510429,True,1.0049943358166207,0.9995074977299384,0.052135025534342114,0.9944020439253739
marked_gaussian_evidence_guarded_scalar_once_existence_range,184,2,True,10,29,1,0.9814398651510426,0.9814398651510426,True,2.674576727509646,0.6546220867675362,23.244441060778218,0.902579211904729
marked_gaussian_evidence_guarded_scalar_once_existence_range,185,1,True,10,30,1,0.9845964429979,0.9845964429979,True,1.0016706914735343,0.9998382122281237,0.06226259564888908,0.9956351499694205
marked_gaussian_evidence_guarded_scalar_once_existence_range,185,2,True,10,30,1,0.9845964429979,0.9845964429979,True,1.574742583588207,0.8838002731992586,23.355681681882615,0.9757802039150411
marked_gaussian_evidence_guarded_scalar_once_existence_range,186,1,True,10,26,1,0.9933543224359495,0.9933543224359495,True,1.0014553003042135,0.9998611061241909,0.06343665935715466,0.9976444514817571
marked_gaussian_evidence_guarded_scalar_once_existence_range,186,2,True,10,26,1,0.9933543224359495,0.9933543224359495,True,1.7969759397210703,0.7271199021181016,3.9894329184269917,0.7218906680392575
marked_gaussian_evidence_guarded_scalar_once_existence_range,187,1,True,10,25,1,0.9994116512944928,0.9994116512944928,True,1.0012796998977318,0.9998795054581016,0.05985284916602841,0.9977784120093895
marked_gaussian_evidence_guarded_scalar_once_existence_range,187,2,True,10,27,1,0.9983680921559105,0.9983680921559105,True,1.1470781695605972,0.974272508323987,3.942345587450753,0.9691970919693675
marked_gaussian_evidence_guarded_scalar_once_existence_range,188,1,True,10,26,1,0.9991438391311174,0.9991438391311174,True,1.0009999384622346,0.9999081670314262,0.049191523816096656,0.9987652539605316
marked_gaussian_evidence_guarded_scalar_once_existence_range,188,2,True,10,26,1,0.9991438391311174,0.9991438391311174,True,1.0467841978690224,0.9931633258947484,1.2026905857810624,0.5429683772502041
marked_gaussian_evidence_guarded_scalar_once_existence_range,189,1,True,10,24,1,0.9965369078087467,0.9965369078087467,True,1.0018614308155354,0.9998305814114785,0.05874710297263044,0.997496144397072
marked_gaussian_evidence_guarded_scalar_once_existence_range,189,2,True,10,24,1,0.9965369078087467,0.9965369078087467,True,2.404561902678491,0.5940261154194495,4.100243332100155,0.6862811948605192
marked_gaussian_evidence_guarded_scalar_once_existence_range,190,1,True,10,29,1,0.9954556541650122,0.9954556541650122,True,1.0016696350866905,0.9998480317260736,0.05962269804324278,0.9967718337258791
marked_gaussian_evidence_guarded_scalar_once_existence_range,190,2,True,10,29,1,0.9954556541650122,0.9954556541650122,True,2.184333487541663,0.6173716335629574,4.0590347415783326,0.8233616868200708
marked_gaussian_evidence_guarded_scalar_once_existence_range,191,1,True,10,34,1,0.9959354748789538,0.9959354748789538,True,1.001611665887096,0.9998527550687137,0.04517577955746385,0.9975419368969282
marked_gaussian_evidence_guarded_scalar_once_existence_range,191,2,True,10,34,1,0.9959354748789538,0.9959354748789538,True,2.1980100458984513,0.6489496238759719,4.300701473728037,0.9842702788962131
marked_gaussian_evidence_guarded_scalar_once_existence_range,192,1,True,10,32,1,0.9965974797329589,0.9965974797329589,True,1.0015008119463713,0.9998620954176561,0.03408115496125422,0.9975602043097322
marked_gaussian_evidence_guarded_scalar_once_existence_range,192,2,True,10,32,1,0.9965974797329589,0.9965974797329589,True,1.6739687408525152,0.8503832367235313,3.9262044383489125,0.9277302121395129
marked_gaussian_evidence_guarded_scalar_once_existence_range,193,1,True,9,29,1,0.9973588284154139,0.9973588284154139,True,1.0015432599951026,0.9998574014487607,0.07196183858624701,0.9984522315906408
marked_gaussian_evidence_guarded_scalar_once_existence_range,193,2,True,9,29,1,0.9973588284154139,0.9973588284154139,True,1.1843823396742812,0.9718098906801917,3.86811585857935,0.8416241652065516
marked_gaussian_evidence_guarded_scalar_once_existence_range,194,1,True,9,26,1,0.9950364632542392,0.9950364632542392,True,1.032174396086721,0.9956960083217894,0.06130070533412322,0.9455379525340258
marked_gaussian_evidence_guarded_scalar_once_existence_range,194,2,True,9,26,1,0.995036463254239,0.995036463254239,True,1.9993175052123777,0.7667289266153793,29.730090281345422,0.2611499774075878
marked_gaussian_evidence_guarded_scalar_once_existence_range,195,1,True,9,23,1,0.9905937060539483,0.9905937060539483,True,1.0031469223639784,0.9997109731335334,0.03945285854593812,0.9951956726704484
marked_gaussian_evidence_guarded_scalar_once_existence_range,195,2,True,9,23,1,0.9905937060539483,0.9905937060539483,True,1.000001372812933,0.9999999209236534,26.203380218912535,0.9978393788625197
marked_gaussian_evidence_guarded_scalar_once_existence_range,196,1,True,9,20,1,0.9893518726039858,0.9893518726039858,True,1.0015668849325232,0.9998548393554654,0.06408518772225984,0.9957578787610517
marked_gaussian_evidence_guarded_scalar_once_existence_range,196,2,True,9,20,1,0.9893518726039856,0.9893518726039856,True,1.0012309732840774,0.9998782095780911,26.59296014079977,0.9894916098763268
marked_gaussian_evidence_guarded_scalar_once_existence_range,197,1,True,9,21,1,0.9919834611411023,0.9919834611411023,True,1.0013439008728122,0.9998728287871335,0.08781263801348846,0.9978482219440783
marked_gaussian_evidence_guarded_scalar_once_existence_range,197,2,True,9,21,1,0.9919834611411023,0.9919834611411023,True,1.001128952522732,0.9998882912574025,26.930185502865193,0.9951968956611713
marked_gaussian_evidence_guarded_scalar_once_existence_range,198,1,True,9,25,1,0.9917631701543762,0.9917631701543762,True,1.0012873115912253,0.999878741325496,0.040650883246340086,0.9970318942826731
marked_gaussian_evidence_guarded_scalar_once_existence_range,198,2,True,9,25,1,0.9917631701543762,0.9917631701543762,True,1.001338538354807,0.9998717685594557,27.207477905852752,0.9977353596563105
marked_gaussian_evidence_guarded_scalar_once_existence_range,199,1,True,9,24,1,0.9920611022075904,0.9920611022075904,True,1.0075150004667268,0.9991332523136227,0.09285532593309735,0.9799337295670475
marked_gaussian_evidence_guarded_scalar_once_existence_range,199,2,True,9,25,1,0.9546940611435888,0.9546940611435888,True,1.0017174189132831,0.9998394477410074,27.53198816761992,0.995838649127782
marked_gaussian_evidence_guarded_scalar_once_existence_range,200,1,True,9,27,1,0.998684930715989,0.998684930715989,True,1.0022200081819097,0.9997935215333932,0.11501013588422487,0.9952942076267747
marked_gaussian_evidence_guarded_scalar_once_existence_range,200,2,True,9,26,1,0.979883347917538,0.979883347917538,True,1.335370497173353,0.9371425570056335,35.95704023874231,0.7849258327665427
marked_gaussian_evidence_guarded_scalar_once_existence_range,201,1,True,9,33,1,0.9944753846058424,0.9944753846058424,True,1.0049182057104447,0.999461760615337,0.06811917491574063,0.9943390902589939
marked_gaussian_evidence_guarded_scalar_once_existence_range,201,2,True,9,33,1,0.9944753846058424,0.9944753846058424,True,1.4411867787986268,0.9201426536811421,36.40232513374528,0.7616661660360878
marked_gaussian_evidence_guarded_scalar_once_existence_range,202,1,True,10,34,1,0.9919991005932133,0.9919991005932133,True,1.0024435086604901,0.9997759821873893,0.048224977011482505,0.9963604585852306
marked_gaussian_evidence_guarded_scalar_once_existence_range,202,2,True,10,34,1,0.9919991005932133,0.9919991005932133,True,1.0002433788024192,0.9999799308984336,28.43722145848474,0.9889042624737021
marked_gaussian_evidence_guarded_scalar_once_existence_range,203,1,True,10,32,1,0.9939127995609561,0.9939127995609561,True,1.0012651022873038,0.9998809939591445,0.05860063194985308,0.998414778895285
marked_gaussian_evidence_guarded_scalar_once_existence_range,203,2,True,10,31,1,0.9553785433348515,0.9553785433348515,True,1.0000414391782468,0.999996993514177,29.58718130535832,0.051439010778816505
marked_gaussian_evidence_guarded_scalar_once_existence_range,204,1,True,10,28,1,0.9818078828648129,0.9818078828648129,True,1.0012430411502333,0.9998833197684427,0.06207674993916809,0.9957230510852408
marked_gaussian_evidence_guarded_scalar_once_existence_range,204,2,True,10,28,1,0.9818078828648129,0.9818078828648129,True,1.2221970850209316,0.9492731153442135,29.574749677419533,0.8283063125209169
marked_gaussian_evidence_guarded_scalar_once_existence_range,205,1,True,11,26,1,0.9877185154487474,0.9877185154487474,True,1.0015327860602334,0.9998529266755064,0.0628590764247227,0.99698267708284
marked_gaussian_evidence_guarded_scalar_once_existence_range,205,2,True,11,26,1,0.9877185154487472,0.9877185154487472,True,1.1248464358916284,0.97479787323677,29.683789072424418,0.6477274736652613
marked_gaussian_evidence_guarded_scalar_once_existence_range,206,1,True,12,29,1,0.999027447636568,0.999027447636568,True,1.0013850674372309,0.9998685074236525,0.06583152851386327,0.9970162111188684
marked_gaussian_evidence_guarded_scalar_once_existence_range,206,2,True,11,26,1,0.9900484190983895,0.9900484190983895,True,1.0938831315745277,0.9821041857504994,29.702429292642826,0.617157894475201
marked_gaussian_evidence_guarded_scalar_once_existence_range,207,1,True,11,28,1,0.9930287757544772,0.9930287757544772,True,1.0010086432737637,0.9999072750645757,0.06561758132762427,0.9973372588519954
marked_gaussian_evidence_guarded_scalar_once_existence_range,207,2,True,11,28,1,0.9930287757544772,0.9930287757544772,True,1.0751789917468852,0.9862758923599898,29.995786236153048,0.7692174548273126
marked_gaussian_evidence_guarded_scalar_once_existence_range,208,1,True,12,26,1,0.9941675673812672,0.9941675673812672,True,1.0012080567294883,0.9998868948265545,0.073969130096442,0.9983669463448408
marked_gaussian_evidence_guarded_scalar_once_existence_range,208,2,True,12,26,1,0.9941675673812672,0.9941675673812672,True,1.098362191968107,0.9810764244426737,29.946632165775068,0.7066687514721519
marked_gaussian_evidence_guarded_scalar_once_existence_range,209,1,True,12,23,1,0.9937533276480781,0.9937533276480781,True,1.001215550745923,0.999886133245866,0.04775826755425418,0.9978663157574381
marked_gaussian_evidence_guarded_scalar_once_existence_range,209,2,True,12,23,1,0.9937533276480781,0.9937533276480781,True,1.000000463004217,0.9999999749818891,9.779924119095908,0.5861667044612262
marked_gaussian_evidence_guarded_scalar_once_existence_range,210,1,True,11,22,1,0.9919119913239848,0.9919119913239848,True,1.0012395440886004,0.9998836479568645,0.042165136083119684,0.99652417538999
marked_gaussian_evidence_guarded_scalar_once_existence_range,210,2,True,11,22,1,0.9919119913239848,0.9919119913239848,True,1.1595328570910866,0.966109214314117,9.875147421598884,0.6982764301575803
marked_gaussian_evidence_guarded_scalar_once_existence_range,211,1,True,11,19,1,0.9921331941041772,0.9921331941041772,True,1.00127772873115,0.9998796922343721,0.02084135724080894,0.9973184157114526
marked_gaussian_evidence_guarded_scalar_once_existence_range,211,2,True,11,19,1,0.9921331941041772,0.9921331941041772,True,1.033144359481565,0.9947861246369402,29.81270160880803,0.6547413364980915
marked_gaussian_evidence_guarded_scalar_once_existence_range,212,1,True,11,19,1,0.9941959489220368,0.9941959489220368,True,1.0012794017166489,0.999879674168546,0.033692282088099726,0.9985706024590306
marked_gaussian_evidence_guarded_scalar_once_existence_range,212,2,True,11,19,1,0.9941959489220368,0.9941959489220368,True,1.0011566202410556,0.9998880149386213,33.24317221541638,0.999977855959959
marked_gaussian_evidence_guarded_scalar_once_existence_range,213,1,True,11,22,1,0.9968879499748292,0.9968879499748292,True,1.00827999051869,0.9990331770674394,0.008656144748537497,0.9859708892566764
marked_gaussian_evidence_guarded_scalar_once_existence_range,213,2,True,11,22,1,0.9968879499748292,0.9968879499748292,True,1.7697980004991103,0.7420843751040325,4.068718585950331,0.9703897156494046
marked_gaussian_evidence_guarded_scalar_once_existence_range,214,1,True,11,21,1,0.9981523141241685,0.9981523141241685,True,1.0026189339450562,0.9997584458686982,0.03971441525767842,0.9987702895939452
marked_gaussian_evidence_guarded_scalar_once_existence_range,214,2,True,11,21,1,0.9981523141241685,0.9981523141241685,True,1.6748278828011571,0.8331092050497655,4.0235378061813964,0.9924842596092606
marked_gaussian_evidence_guarded_scalar_once_existence_range,215,1,True,11,19,1,0.9976432815347592,0.9976432815347592,True,1.0017574953597486,0.9998376794080422,0.053468525999527255,0.9981992856153361
marked_gaussian_evidence_guarded_scalar_once_existence_range,215,2,True,11,19,1,0.9976432815347592,0.9976432815347592,True,1.1757012035258123,0.9696712743782944,3.8792368406658597,0.9036282943621783
marked_gaussian_evidence_guarded_scalar_once_existence_range,216,1,True,11,17,1,0.9943076911175166,0.9943076911175166,True,1.0019114677342225,0.9998173471365356,0.06809956098325791,0.9964877875554288
marked_gaussian_evidence_guarded_scalar_once_existence_range,216,2,True,11,17,1,0.9943076911175166,0.9943076911175166,True,1.0339932720168374,0.9957474955073221,6.532080689368406,0.8770014206490543
marked_gaussian_evidence_guarded_scalar_once_existence_range,217,1,True,11,18,1,0.9930512984727119,0.9930512984727119,True,1.0014893830562714,0.999857492305014,0.05899454786044703,0.9976727307810673
marked_gaussian_evidence_guarded_scalar_once_existence_range,217,2,True,11,21,1,0.9587993574193721,0.9587993574193721,True,1.0056271667775025,0.9993238243337839,23.33259066643812,0.9336199382303862
marked_gaussian_evidence_guarded_scalar_once_existence_range,218,1,True,11,19,1,0.9822754112097165,0.9822754112097165,True,1.0013636373121741,0.9998707244613663,0.0643968139473203,0.9966208736153546
marked_gaussian_evidence_guarded_scalar_once_existence_range,218,2,True,11,19,1,0.9822754112097161,0.9822754112097161,True,2.7348274231890786,0.5376199484975154,29.758725144650366,0.006220804420343683
marked_gaussian_evidence_guarded_scalar_once_existence_range,219,1,True,11,20,1,0.9861800118132367,0.9861800118132367,True,1.0015814112236512,0.9998477599155233,0.060550218160909434,0.9962072891642659
marked_gaussian_evidence_guarded_scalar_once_existence_range,219,2,True,11,20,1,0.9861800118132367,0.9861800118132367,True,1.0042191934159297,0.9995431611041632,25.159482159529425,0.9883970989118628
marked_gaussian_evidence_guarded_scalar_once_existence_range,220,1,True,11,19,1,0.9912514011497581,0.9912514011497581,True,1.001429951693949,0.9998638164833414,0.05456849460861239,0.9980338999113914
marked_gaussian_evidence_guarded_scalar_once_existence_range,220,2,True,11,19,1,0.9912514011497581,0.9912514011497581,True,1.0092128434038095,0.9989394826127773,25.915394683306207,0.9988661298589299
marked_gaussian_evidence_guarded_scalar_once_existence_range,221,1,True,11,19,1,0.9930021318031772,0.9930021318031772,True,1.001307382469617,0.9998766183682469,0.03516851984425861,0.9980588620896387
marked_gaussian_evidence_guarded_scalar_once_existence_range,221,2,True,11,19,1,0.9930021318031772,0.9930021318031772,True,1.0055583487765147,0.9993556312004495,26.479064267167423,0.9937238592826384
marked_gaussian_evidence_guarded_scalar_once_existence_range,222,1,True,11,21,1,0.9993494559437012,0.9993494559437012,True,1.001264926472693,0.9998810281608533,0.05491960265650315,0.9975799212201825
marked_gaussian_evidence_guarded_scalar_once_existence_range,222,2,True,11,18,1,0.9929113376258536,0.9929113376258536,True,1.0016201144240535,0.9998409511008157,38.52267211238246,0.9990623140536851
marked_gaussian_evidence_guarded_scalar_once_existence_range,223,1,True,11,20,1,0.9943435474908889,0.9943435474908889,True,1.0010023942300916,0.9999079132421513,0.05362690795592121,0.9979030829498313
marked_gaussian_evidence_guarded_scalar_once_existence_range,223,2,True,11,20,1,0.9943435474908889,0.9943435474908889,True,1.0014590100332266,0.9998533466151617,39.33213102387669,0.9999744484662766
marked_gaussian_evidence_guarded_scalar_once_existence_range,224,1,True,11,21,1,0.9989853641818579,0.9989853641818579,True,1.001193914929361,0.9998883942120772,0.048677824319571225,0.9959064943856732
marked_gaussian_evidence_guarded_scalar_once_existence_range,224,2,True,11,23,1,0.9916167450859515,0.9916167450859515,True,1.0015514816580224,0.999843074448966,39.95358441337893,0.9994229960586614
marked_gaussian_evidence_guarded_scalar_once_existence_range,225,1,True,10,20,1,0.9939450784977186,0.9939450784977186,True,1.0009967078913409,0.999908498549693,0.07708579953184173,0.9977938824586109
marked_gaussian_evidence_guarded_scalar_once_existence_range,225,2,True,10,20,1,0.9939450784977186,0.9939450784977186,True,1.001733408897232,0.9998285494341109,40.60573753463662,0.9999635911010695
marked_gaussian_evidence_guarded_scalar_once_existence_range,226,1,True,10,22,1,0.9930173879567386,0.9930173879567386,True,1.0011907593267022,0.9998886973205553,0.03913696606826184,0.9973258717812792
marked_gaussian_evidence_guarded_scalar_once_existence_range,226,2,True,10,22,1,0.9930173879567386,0.9930173879567386,True,1.0016219357519867,0.9998351184167306,41.18557136591738,0.9998344274895978
marked_gaussian_evidence_guarded_scalar_once_existence_range,227,1,True,10,23,1,0.9995951623237362,0.9995951623237362,True,1.0012378204718801,0.9998838566168917,0.057757624060808366,0.9985377639674216
marked_gaussian_evidence_guarded_scalar_once_existence_range,227,2,True,10,23,1,0.9944413129851961,0.9944413129851961,True,1.0017905324614569,0.9998217248785483,41.79027698352538,0.9998836340136307
marked_gaussian_evidence_guarded_scalar_once_existence_range,228,1,True,10,22,1,0.9946979107229071,0.9946979107229071,True,1.00099426802975,0.9999087405894029,0.06676181936255454,0.9979331833828132
marked_gaussian_evidence_guarded_scalar_once_existence_range,228,2,True,10,22,1,0.9946979107229071,0.9946979107229071,True,1.0015986245456283,0.9998378860744266,42.63896450013883,0.9997756640164339
marked_gaussian_evidence_guarded_scalar_once_existence_range,229,1,True,10,25,1,0.9938973352878847,0.9938973352878847,True,1.0011797940793674,0.9998898299274459,0.04700705094565211,0.997806860355574
marked_gaussian_evidence_guarded_scalar_once_existence_range,229,2,True,10,25,1,0.9938973352878847,0.9938973352878847,True,1.0017022866024716,0.9998252907229559,43.19792226310027,0.9989218711842799
marked_gaussian_evidence_guarded_scalar_once_existence_range,230,1,True,10,25,1,0.9939088790750573,0.9939088790750573,True,1.0012188090026555,0.9998857873813191,0.041392668138748714,0.9980414466833318
marked_gaussian_evidence_guarded_scalar_once_existence_range,230,2,True,10,25,1,0.9939088790750573,0.9939088790750573,True,1.0017255924901458,0.9998236660451119,44.16876805321179,0.9999631434320527
marked_gaussian_evidence_guarded_scalar_once_existence_range,231,1,True,10,23,1,0.9919061808905091,0.9919061808905091,True,1.0012351503297285,0.999884109243105,0.049857391588657415,0.9964549489344632
marked_gaussian_evidence_guarded_scalar_once_existence_range,231,2,True,10,23,1,0.9919061808905091,0.9919061808905091,True,1.0017138980757774,0.9998244508474617,44.66479200985909,0.9990857978086289
marked_gaussian_evidence_guarded_scalar_once_existence_range,232,1,True,10,21,1,0.9924644318163613,0.9924644318163613,True,1.0012761903221756,0.9998798458576685,0.05172505163700242,0.9975523380105732
marked_gaussian_evidence_guarded_scalar_once_existence_range,232,2,True,10,21,1,0.9924644318163613,0.9924644318163613,True,1.0017427668477341,0.9998208251332754,45.50154305387202,0.9999935893899685
marked_gaussian_evidence_guarded_scalar_once_existence_range,233,1,True,10,23,1,0.994204399630283,0.994204399630283,True,1.0012732377152422,0.9998801886124296,0.016432032305835377,0.998520985900301
marked_gaussian_evidence_guarded_scalar_once_existence_range,233,2,True,10,23,1,0.994204399630283,0.994204399630283,True,1.001789580313589,0.9998159699312141,46.21655221139383,0.9999743609223939
marked_gaussian_evidence_guarded_scalar_once_existence_range,234,1,True,11,24,1,0.9921918375672056,0.9921918375672056,True,1.001243585161301,0.9998832707172328,0.0373912975571454,0.9966174709425568
marked_gaussian_evidence_guarded_scalar_once_existence_range,234,2,True,11,24,1,0.9921918375672054,0.9921918375672054,True,1.001850130940476,0.9998089296005985,46.801397439572305,0.9999903765634715
marked_gaussian_evidence_guarded_scalar_once_existence_range,235,1,True,10,24,1,0.9930358281684128,0.9930358281684128,True,1.0012776025957844,0.9998797278491109,0.05137014095214747,0.9978706915180522
marked_gaussian_evidence_guarded_scalar_once_existence_range,235,2,True,10,24,1,0.9930358281684128,0.9930358281684128,True,1.0018833733979353,0.9998051240482441,47.764766683824426,0.9999794767532921
marked_gaussian_evidence_guarded_scalar_once_existence_range,236,1,True,10,22,1,0.9945474664183555,0.9945474664183555,True,1.001258412252801,0.9998816838852096,0.058169332449503126,0.9986229047417292
marked_gaussian_evidence_guarded_scalar_once_existence_range,236,2,True,10,22,1,0.9945474664183555,0.9945474664183555,True,1.001905319705989,0.9998010383244618,48.38334312141698,0.9999810381450759
marked_gaussian_evidence_guarded_scalar_once_existence_range,237,1,True,10,22,1,0.9919615801750107,0.9919615801750107,True,1.0012371027528684,0.9998839273018628,0.07113477214083058,0.996256430931741
marked_gaussian_evidence_guarded_scalar_once_existence_range,237,2,True,10,22,1,0.9919615801750107,0.9919615801750107,True,1.0006319966517219,0.9999411788243296,21.523914869425763,0.964622719484903
marked_gaussian_evidence_guarded_scalar_once_existence_range,238,1,True,10,23,1,0.994257184724789,0.994257184724789,True,1.0012865528246313,0.9998788225245703,0.0722115424540299,0.9986317035181125
marked_gaussian_evidence_guarded_scalar_once_existence_range,238,2,True,10,23,1,0.994257184724789,0.994257184724789,True,1.0020872528013438,0.9997808299810774,49.720547627188765,0.9999607202982209
marked_gaussian_evidence_guarded_scalar_once_existence_range,239,1,True,10,23,1,0.9941599944313843,0.9941599944313843,True,1.001244754820357,0.9998831426972519,0.07412462852478958,0.9981572778162336
marked_gaussian_evidence_guarded_scalar_once_existence_range,239,2,True,10,23,1,0.9941599944313843,0.9941599944313843,True,1.0007815933310478,0.9999256378330292,22.92486580541537,0.9674744283364227
marked_gaussian_evidence_guarded_scalar_once_existence_range,240,1,True,10,24,1,0.9952801042369284,0.9952801042369284,True,1.001244561303276,0.9998831477437948,0.08680447856255674,0.9988550878380085
marked_gaussian_evidence_guarded_scalar_once_existence_range,240,2,True,10,24,1,0.9952801042369284,0.9952801042369284,True,1.0021751253689783,0.9997709485548403,51.49090653768347,0.9999744490421292
marked_gaussian_evidence_guarded_scalar_once_spatial_range,1,1,False,0,0,0,0.0,0.0,False,,,,
marked_gaussian_evidence_guarded_scalar_once_spatial_range,1,2,False,0,0,0,0.0,0.0,False,,,,
marked_gaussian_evidence_guarded_scalar_once_spatial_range,2,1,False,2,9,1,0.010432654096559416,0.010432654096559416,True,2.213184274790416,0.585415501140231,0.06757423227289326,0.1062352979724278
marked_gaussian_evidence_guarded_scalar_once_spatial_range,2,2,False,2,9,1,0.010432654096559416,0.010432654096559416,False,,,,
marked_gaussian_evidence_guarded_scalar_once_spatial_range,3,1,False,3,19,1,0.009073840137579756,0.009073840137579756,True,3.9824941444514805,0.3541768761728752,0.07036703932767976,0.16292125840893615
marked_gaussian_evidence_guarded_scalar_once_spatial_range,3,2,False,3,19,1,0.009073840137579756,0.009073840137579756,False,,,,
marked_gaussian_evidence_guarded_scalar_once_spatial_range,4,1,False,3,23,3,0.05002652907868725,0.02258673551984916,True,5.953545628127701,0.2554677102449324,0.0560528450527953,0.45551841703964036
marked_gaussian_evidence_guarded_scalar_once_spatial_range,4,2,False,3,23,3,0.050026529078687126,0.02258673551984916,False,,,,
marked_gaussian_evidence_guarded_scalar_once_spatial_range,5,1,False,4,30,5,0.09023780628545632,0.029043340240470505,True,7.988629613237096,0.2011926350112045,0.09935741134367751,0.5438893198143433
marked_gaussian_evidence_guarded_scalar_once_spatial_range,5,2,False,4,30,5,0.09023780628545651,0.029043340240470707,False,,,,
marked_gaussian_evidence_guarded_scalar_once_spatial_range,6,1,False,4,36,7,0.1391164203102568,0.0351186083970725,True,9.902082407959215,0.1817826373671326,0.10656854480590164,0.6979198224067333
marked_gaussian_evidence_guarded_scalar_once_spatial_range,6,2,False,4,36,7,0.1391164203102564,0.035118608397072267,False,,,,
marked_gaussian_evidence_guarded_scalar_once_spatial_range,7,1,False,5,42,10,0.21921860854351113,0.045990015887870224,True,11.27081398219052,0.17842979316918164,0.05378356768864491,0.764836263425601
marked_gaussian_evidence_guarded_scalar_once_spatial_range,7,2,False,5,42,10,0.2192186085435107,0.04599001588787053,False,,,,
marked_gaussian_evidence_guarded_scalar_once_spatial_range,8,1,False,5,48,15,0.2805389995157311,0.05707428784770253,True,11.912093558176837,0.18376963082932168,0.051262000733259636,0.8931765954416919
marked_gaussian_evidence_guarded_scalar_once_spatial_range,8,2,False,4,33,12,0.08910450220445146,0.017842220935026614,True,1.0572800800019313,0.990065989733773,35.07648949985105,2.8860093721334356e-22
marked_gaussian_evidence_guarded_scalar_once_spatial_range,9,1,False,5,54,20,0.17611948690548937,0.03213902297715718,True,12.60705797790625,0.18755283433092776,0.05706067093004055,0.8471793675065459
marked_gaussian_evidence_guarded_scalar_once_spatial_range,9,2,False,4,30,11,0.033821994683741426,0.006793061946281837,True,1.00000000008706,0.9999999999968517,35.64463907174475,0.0005408466544268178
marked_gaussian_evidence_guarded_scalar_once_spatial_range,10,1,False,5,60,23,0.16187767561662394,0.015331717779906686,True,16.79348723825843,0.16002191906820054,0.04529137185970938,0.8893910221085765
marked_gaussian_evidence_guarded_scalar_once_spatial_range,10,2,False,5,60,23,0.16187767561662394,0.015331717779906686,True,1.2691056203787645,0.9358218247909387,35.80341075488868,0.038233130344143565
marked_gaussian_evidence_guarded_scalar_once_spatial_range,11,1,False,5,67,26,0.21315736759641088,0.019909234232839388,True,23.594707673036147,0.11862799939934025,0.11247041930649476,0.7792593347613734
marked_gaussian_evidence_guarded_scalar_once_spatial_range,11,2,False,5,67,26,0.2131573675964105,0.019909234232839388,True,1.7717112467172014,0.8170568926072693,35.99589844149703,0.1916874942380512
marked_gaussian_evidence_guarded_scalar_once_spatial_range,12,1,False,5,74,27,0.28038641353231875,0.028274249086381417,True,24.18354981647418,0.12954617096118212,0.051580401947551806,0.8429586660920438
marked_gaussian_evidence_guarded_scalar_once_spatial_range,12,2,False,5,74,27,0.28038641353231863,0.028274249086381417,False,,,,
marked_gaussian_evidence_guarded_scalar_once_spatial_range,13,1,False,6,81,29,0.33586012464412424,0.03512479712526893,True,24.16093149290523,0.133207810135239,0.03365421759250316,0.8866524597015955
marked_gaussian_evidence_guarded_scalar_once_spatial_range,13,2,False,6,81,29,0.33586012464412507,0.03512479712526893,False,,,,
marked_gaussian_evidence_guarded_scalar_once_spatial_range,14,1,False,6,81,32,0.39797481485452985,0.05706843032271507,True,23.202176467347194,0.1328531458659447,0.03193951217151648,0.9304929196532136
marked_gaussian_evidence_guarded_scalar_once_spatial_range,14,2,False,6,81,32,0.39797481485453007,0.05706843032271507,False,,,,
marked_gaussian_evidence_guarded_scalar_once_spatial_range,15,1,False,6,75,24,0.30656551677915406,0.058728906497784894,True,21.161422047491612,0.1824332814242139,0.09931305650821314,0.9062913678312926
marked_gaussian_evidence_guarded_scalar_once_spatial_range,15,2,False,6,75,24,0.3065655167791528,0.058728906497784505,False,,,,
marked_gaussian_evidence_guarded_scalar_once_spatial_range,16,1,False,6,77,27,0.2899200068615307,0.06233119439817253,True,20.078271510135554,0.19449656968333826,0.11344635573578923,0.911521261102281
marked_gaussian_evidence_guarded_scalar_once_spatial_range,16,2,False,6,77,27,0.28992000686152974,0.062331194398171696,False,,,,
marked_gaussian_evidence_guarded_scalar_once_spatial_range,17,1,False,6,80,30,0.3375443899083934,0.06597735703499183,True,20.91033309522277,0.20073870655804876,0.03564853079705343,0.9150532565906943
marked_gaussian_evidence_guarded_scalar_once_spatial_range,17,2,False,6,80,30,0.3375443899083931,0.06597735703499183,False,,,,
marked_gaussian_evidence_guarded_scalar_once_spatial_range,18,1,True,8,80,39,1.627477656231005,0.24737837175894808,True,21.467940895497087,0.20788202370389527,0.045649281019597344,0.9259363337614499
marked_gaussian_evidence_guarded_scalar_once_spatial_range,18,2,False,6,57,21,0.11001504963609852,0.02746350218126129,False,,,,
marked_gaussian_evidence_guarded_scalar_once_spatial_range,19,1,False,6,89,33,0.2622878200029627,0.08336209893897766,True,20.06992580455613,0.22862307439129886,0.041851459391518776,0.970684040221525
marked_gaussian_evidence_guarded_scalar_once_spatial_range,19,2,False,6,89,33,0.2622878200029626,0.08336209893897766,False,,,,
marked_gaussian_evidence_guarded_scalar_once_spatial_range,20,1,False,6,93,33,0.3013479370267196,0.10205724830606332,True,21.606368376798677,0.2997200082093899,0.09105700630675714,0.9535721745611702
marked_gaussian_evidence_guarded_scalar_once_spatial_range,20,2,False,6,93,33,0.30134793702671986,0.10205724830606332,False,,,,
marked_gaussian_evidence_guarded_scalar_once_spatial_range,21,1,False,6,96,35,0.31481098143703506,0.11442100000911606,True,21.470789961964037,0.3187187743097599,0.09168980582450387,0.8860422838133549
marked_gaussian_evidence_guarded_scalar_once_spatial_range,21,2,False,6,96,35,0.31481098143703506,0.11442100000911606,False,,,,
marked_gaussian_evidence_guarded_scalar_once_spatial_range,22,1,False,6,96,34,0.3341035202181137,0.13278265639180317,True,20.527379520388266,0.33951370417357796,0.06143679940974246,0.9389721479163251
marked_gaussian_evidence_guarded_scalar_once_spatial_range,22,2,False,6,96,34,0.33410352021811357,0.13278265639180317,False,,,,
marked_gaussian_evidence_guarded_scalar_once_spatial_range,23,1,False,6,99,29,0.3081250455521831,0.1508007674553827,True,20.08829437035698,0.35706324303298254,0.1200661223864506,0.910253849443349
marked_gaussian_evidence_guarded_scalar_once_spatial_range,23,2,False,6,99,29,0.3081250455521832,0.1508007674553827,False,,,,
marked_gaussian_evidence_guarded_scalar_once_spatial_range,24,1,False,6,76,38,0.37215812528425585,0.16989541672389977,True,19.39723338206624,0.3777487508846968,0.04687810512051207,0.9273347097888216
marked_gaussian_evidence_guarded_scalar_once_spatial_range,24,2,False,6,76,38,0.3721581252842547,0.16989541672389877,False,,,,
marked_gaussian_evidence_guarded_scalar_once_spatial_range,25,1,False,6,74,38,0.3683274871678959,0.1887011518449747,True,18.766649757461916,0.3983443800472559,0.11109578156562097,0.9068493447289345
marked_gaussian_evidence_guarded_scalar_once_spatial_range,25,2,False,6,74,38,0.368327487167896,0.1887011518449747,False,,,,
marked_gaussian_evidence_guarded_scalar_once_spatial_range,26,1,False,6,77,34,0.3619431119315419,0.21441756988852265,True,18.198051034447875,0.41578960908503215,0.1446768418821758,0.933504816204226
marked_gaussian_evidence_guarded_scalar_once_spatial_range,26,2,False,6,77,34,0.36194311193154166,0.21441756988852265,False,,,,
marked_gaussian_evidence_guarded_scalar_once_spatial_range,27,1,False,6,79,52,0.4789636220230212,0.24111894742100817,True,17.68103280268612,0.4349447066524361,0.09425574860562583,0.9385379722666576
marked_gaussian_evidence_guarded_scalar_once_spatial_range,27,2,False,6,79,52,0.4789636220230213,0.24111894742100817,False,,,,
marked_gaussian_evidence_guarded_scalar_once_spatial_range,28,1,False,6,82,35,0.36863734122037656,0.2650510352675104,True,17.27092014326913,0.45126040268885315,0.14609414399609785,0.8867262702356485
marked_gaussian_evidence_guarded_scalar_once_spatial_range,28,2,False,6,82,35,0.3686373412203766,0.2650510352675104,False,,,,
marked_gaussian_evidence_guarded_scalar_once_spatial_range,29,1,False,6,82,40,0.4170484209825862,0.299239281066488,True,17.387304439457406,0.458552716371086,0.06595437955072765,0.9177152602774163
marked_gaussian_evidence_guarded_scalar_once_spatial_range,29,2,False,6,82,40,0.41704842098258477,0.2992392810664865,False,,,,
marked_gaussian_evidence_guarded_scalar_once_spatial_range,30,1,False,6,87,63,0.5467439928341098,0.33061059317979896,True,16.387640024028357,0.4825806863570655,0.10946912424036814,0.9297979826494213
marked_gaussian_evidence_guarded_scalar_once_spatial_range,30,2,False,6,87,63,0.5467439928341098,0.33061059317979896,False,,,,
marked_gaussian_evidence_guarded_scalar_once_spatial_range,31,1,False,6,93,69,0.5884409805355456,0.364901329568238,True,15.761448311801082,0.49999806256084195,0.08829915880796961,0.9260259474221646
marked_gaussian_evidence_guarded_scalar_once_spatial_range,31,2,False,6,61,42,0.21972804467845164,0.1582022080408516,False,,,,
marked_gaussian_evidence_guarded_scalar_once_spatial_range,32,1,False,6,98,62,0.46221575881705257,0.2603897645588291,True,15.750464665258072,0.5083579425166416,0.1276275268101563,0.9050277950167058
marked_gaussian_evidence_guarded_scalar_once_spatial_range,32,2,False,6,98,62,0.4622157588170525,0.2603897645588291,False,,,,
marked_gaussian_evidence_guarded_scalar_once_spatial_range,33,1,False,6,102,72,0.5116026360204654,0.28040987960128017,True,24.963722226043757,0.4186813046473784,0.13037048703411427,0.9229536952066607
marked_gaussian_evidence_guarded_scalar_once_spatial_range,33,2,False,6,102,72,0.5116026360204653,0.28040987960128017,False,,,,
marked_gaussian_evidence_guarded_scalar_once_spatial_range,34,1,False,6,108,84,0.5698527171861067,0.30580976340470545,True,23.40451614828008,0.4399492824234007,0.06686490791099757,0.9477855343872131
marked_gaussian_evidence_guarded_scalar_once_spatial_range,34,2,False,6,108,84,0.569852717186105,0.30580976340470395,False,,,,
marked_gaussian_evidence_guarded_scalar_once_spatial_range,35,1,True,7,113,87,0.5813270546441853,0.3297408685750148,True,21.83761931249191,0.46158110739305286,0.07119023561182705,0.8878170056630407
marked_gaussian_evidence_guarded_scalar_once_spatial_range,35,2,True,7,113,87,0.5813270546441852,0.3297408685750148,False,,,,
marked_gaussian_evidence_guarded_scalar_once_spatial_range,36,1,True,7,115,90,0.6246549008463477,0.3641013741883207,True,20.678490428443503,0.4786933561878312,0.06371735568738825,0.9200955003393898
marked_gaussian_evidence_guarded_scalar_once_spatial_range,36,2,True,7,115,90,0.6246549008463479,0.3641013741883207,False,,,,
marked_gaussian_evidence_guarded_scalar_once_spatial_range,37,1,True,7,119,93,0.6724413381930007,0.4050837868358062,True,22.077812542442203,0.4683709035322303,0.09117330618167116,0.9599935712572908
marked_gaussian_evidence_guarded_scalar_once_spatial_range,37,2,True,7,119,93,0.6724413381930006,0.4050837868358062,False,,,,
marked_gaussian_evidence_guarded_scalar_once_spatial_range,38,1,True,7,118,95,0.691667148017735,0.4330137474666564,True,19.710480682163354,0.4977030613264614,0.11920467821727368,0.9287344919978343
marked_gaussian_evidence_guarded_scalar_once_spatial_range,38,2,True,7,118,95,0.6916671480177351,0.4330137474666564,False,,,,
marked_gaussian_evidence_guarded_scalar_once_spatial_range,39,1,False,7,121,93,0.714781063609681,0.46638473844503214,True,19.218640159007983,0.5054300034994674,0.13080897192112637,0.93128737967665
marked_gaussian_evidence_guarded_scalar_once_spatial_range,39,2,False,7,121,93,0.7147810636096809,0.46638473844503214,False,,,,
marked_gaussian_evidence_guarded_scalar_once_spatial_range,40,1,True,8,123,96,0.7710434338260359,0.5047909656336301,True,19.717053402261694,0.5035949148328688,0.08858551246905268,0.9498610622859485
marked_gaussian_evidence_guarded_scalar_once_spatial_range,40,2,True,8,123,96,0.7710434338260358,0.5047909656336301,False,,,,
marked_gaussian_evidence_guarded_scalar_once_spatial_range,41,1,True,8,122,100,0.7753660610748863,0.5194018900336327,True,17.285780392522664,0.5338656883968418,0.07037480290136493,0.9173160987210732
marked_gaussian_evidence_guarded_scalar_once_spatial_range,41,2,True,8,122,100,0.7753660610748861,0.5194018900336327,False,,,,
marked_gaussian_evidence_guarded_scalar_once_spatial_range,42,1,True,8,127,93,0.7934945672350899,0.546074102334486,True,17.605806631882427,0.5322595079675628,0.1352366596943447,0.924895247203856
marked_gaussian_evidence_guarded_scalar_once_spatial_range,42,2,True,8,127,93,0.7934945672350917,0.5460741023344877,False,,,,
marked_gaussian_evidence_guarded_scalar_once_spatial_range,43,1,True,8,129,100,0.8360296728438144,0.570620012934968,True,18.98265345930682,0.5185261473558349,0.0833394835762643,0.9444513687893942
marked_gaussian_evidence_guarded_scalar_once_spatial_range,43,2,True,8,129,100,0.8360296728438141,0.570620012934968,True,1.0128454142792152,0.9982648174412341,54.83688755796934,2.1432259072752061e-38
marked_gaussian_evidence_guarded_scalar_once_spatial_range,44,1,True,8,134,109,0.8683350664513123,0.5917605517847253,True,17.8881774905307,0.5334127816912797,0.07579585839954701,0.9604693658170893
marked_gaussian_evidence_guarded_scalar_once_spatial_range,44,2,False,7,84,65,0.39924976289206854,0.3313578361084759,False,,,,
marked_gaussian_evidence_guarded_scalar_once_spatial_range,45,1,True,8,139,105,0.7609619807518037,0.4645213278298535,True,16.454345784563216,0.5528236762110394,0.07599994338219847,0.9676015120122523
marked_gaussian_evidence_guarded_scalar_once_spatial_range,45,2,True,8,139,105,0.7609619807518019,0.4645213278298517,False,,,,
marked_gaussian_evidence_guarded_scalar_once_spatial_range,46,1,True,8,139,103,0.7152473128291313,0.4623162708645475,True,22.70864270214372,0.48852055333089517,0.05281856519235835,0.9491128497452177
marked_gaussian_evidence_guarded_scalar_once_spatial_range,46,2,True,8,139,103,0.7152473128291313,0.4623162708645475,False,,,,
marked_gaussian_evidence_guarded_scalar_once_spatial_range,47,1,True,8,144,109,0.7850617160959263,0.4862086481187113,True,22.403396579460928,0.494316677042915,0.03337188178640938,0.931823420217337
marked_gaussian_evidence_guarded_scalar_once_spatial_range,47,2,True,8,144,109,0.7850617160959247,0.4862086481187095,False,,,,
marked_gaussian_evidence_guarded_scalar_once_spatial_range,48,1,True,8,148,117,0.7746500809358032,0.4852206219780194,True,21.352178864161168,0.5062051515595294,0.054656727329486246,0.9371659065248288
marked_gaussian_evidence_guarded_scalar_once_spatial_range,48,2,False,7,94,71,0.33819525837493636,0.2610494822308526,False,,,,
marked_gaussian_evidence_guarded_scalar_once_spatial_range,49,1,True,8,152,124,0.726299376193348,0.3688000130613601,True,22.16648637205469,0.5012662921319467,0.0581685833824595,0.9703407133160789
marked_gaussian_evidence_guarded_scalar_once_spatial_range,49,2,True,8,152,124,0.726299376193348,0.3688000130613601,False,,,,
marked_gaussian_evidence_guarded_scalar_once_spatial_range,50,1,False,7,155,124,0.6555553179909588,0.3517826659183861,True,31.453382203930673,0.4289979754206188,0.13003677900754507,0.9239499450584912
marked_gaussian_evidence_guarded_scalar_once_spatial_range,50,2,False,7,155,124,0.6555553179909571,0.3517826659183845,True,1.0000000000027955,0.99999999999991,66.29367577706189,1.5845801409221718e-68
marked_gaussian_evidence_guarded_scalar_once_spatial_range,51,1,True,8,158,130,0.7388296673137973,0.36382644049849305,True,30.254881009376113,0.44075780014558313,0.08924475283613055,0.9472476266971848
marked_gaussian_evidence_guarded_scalar_once_spatial_range,51,2,False,7,24,4,0.17146781435585334,0.16842382810037962,False,,,,
marked_gaussian_evidence_guarded_scalar_once_spatial_range,52,1,False,7,162,133,0.6181726689063217,0.22913210656485067,True,34.203969753785046,0.4161154574953887,0.04546557902497019,0.9465098349964869
marked_gaussian_evidence_guarded_scalar_once_spatial_range,52,2,False,7,162,133,0.6181726689063217,0.22913210656485067,False,,,,
marked_gaussian_evidence_guarded_scalar_once_spatial_range,53,1,True,9,165,136,1.8394293977733118,0.5286619904266285,True,54.588811598778,0.31115917835741824,0.06837284706978408,0.9363901049332986
marked_gaussian_evidence_guarded_scalar_once_spatial_range,53,2,False,8,160,136,0.563139361786847,0.20945156609438387,False,,,,
marked_gaussian_evidence_guarded_scalar_once_spatial_range,54,1,False,8,169,139,0.6404204843483092,0.22766197104198102,True,50.27969031225384,0.3297604412819856,0.04155659970176547,0.9876197747443597
marked_gaussian_evidence_guarded_scalar_once_spatial_range,54,2,False,8,169,139,0.6404204843483092,0.22766197104198102,False,,,,
marked_gaussian_evidence_guarded_scalar_once_spatial_range,55,1,False,8,174,141,0.6073739218601227,0.21532998744037682,True,57.174837841924045,0.301713248704746,0.07864627236752818,0.960363833522679
marked_gaussian_evidence_guarded_scalar_once_spatial_range,55,2,False,8,174,141,0.6073739218601207,0.21532998744037446,False,,,,
marked_gaussian_evidence_guarded_scalar_once_spatial_range,56,1,False,8,175,144,0.5658597911480877,0.20733331547133477,True,58.87663976069742,0.3013737349285432,0.08208080467486802,0.9680808635070212
marked_gaussian_evidence_guarded_scalar_once_spatial_range,56,2,False,8,175,144,0.5658597911480879,0.20733331547133477,False,,,,
marked_gaussian_evidence_guarded_scalar_once_spatial_range,57,1,True,10,179,147,1.7964959821248416,0.544261001025216,True,56.28097138264587,0.3156908817706464,0.09887432377805208,0.9413697720586929
marked_gaussian_evidence_guarded_scalar_once_spatial_range,57,2,False,8,178,146,0.621978070208674,0.20403770465646598,False,,,,
marked_gaussian_evidence_guarded_scalar_once_spatial_range,58,1,True,10,181,148,2.0371599098894335,0.6528007957881481,True,52.06732351304365,0.33366249462206155,0.039719495252907425,0.989791236828401
marked_gaussian_evidence_guarded_scalar_once_spatial_range,58,2,False,8,178,148,0.6078916740091206,0.23801743006610196,True,1.000000000000001,1.0,32.641485575489284,2.281000339305988e-27
marked_gaussian_evidence_guarded_scalar_once_spatial_range,59,1,False,8,183,149,0.7222422038415273,0.29033073227181067,True,44.420911877520204,0.36922947271400647,0.0830707168783325,0.9812759080251096
marked_gaussian_evidence_guarded_scalar_once_spatial_range,59,2,False,8,183,149,0.722242203841527,0.29033073227181067,True,1.0,1.0,32.593402563315735,0.06020001182558284
marked_gaussian_evidence_guarded_scalar_once_spatial_range,60,1,True,8,188,151,0.6332095851499046,0.26953268018866555,True,52.15023838852093,0.33642109254637825,0.07681619984072663,0.9771501988837956
marked_gaussian_evidence_guarded_scalar_once_spatial_range,60,2,True,8,188,151,0.6332095851499048,0.26953268018866555,True,1.7921757915550227,0.7298274288957673,32.43225471951759,0.12689008499381435
marked_gaussian_evidence_guarded_scalar_once_spatial_range,61,1,False,7,185,153,0.6857515320925616,0.2611555366323422,True,50.29843243546423,0.3493037301784385,0.04629540010971166,0.9214432759836794
marked_gaussian_evidence_guarded_scalar_once_spatial_range,61,2,False,7,185,153,0.6857515320925616,0.2611555366323422,True,2.667044501428755,0.5494025772410643,32.3352049730279,0.2774579916816355
marked_gaussian_evidence_guarded_scalar_once_spatial_range,62,1,False,7,175,155,0.5892903483374927,0.23323883799936712,True,58.45607957571401,0.31681953716234346,0.0820008669988391,0.9530154324594062
marked_gaussian_evidence_guarded_scalar_once_spatial_range,62,2,False,7,175,155,0.5892903483374929,0.23323883799936712,True,3.312739251317898,0.508736560506412,32.270453544530376,0.5259199391482414
marked_gaussian_evidence_guarded_scalar_once_spatial_range,63,1,False,7,180,158,0.6683783907140765,0.22746833510271358,True,57.63728030625144,0.32309001754158456,0.060304704569526225,0.953220572365097
marked_gaussian_evidence_guarded_scalar_once_spatial_range,63,2,False,7,180,158,0.6683783907140766,0.22746833510271358,True,3.4989131237991153,0.5536231441733654,32.26200262235368,0.6209917477925728
marked_gaussian_evidence_guarded_scalar_once_spatial_range,64,1,False,7,184,160,0.5648854070517568,0.19881431284358006,True,69.06671984367668,0.28269179435359537,0.0795192752049788,0.9299599594408559
marked_gaussian_evidence_guarded_scalar_once_spatial_range,64,2,False,7,184,160,0.5648854070517555,0.19881431284357895,True,3.210163130822734,0.6345215314579156,32.24008665436323,0.5234466108857629
marked_gaussian_evidence_guarded_scalar_once_spatial_range,65,1,False,7,187,162,0.6429207317262577,0.18923070051916777,True,67.78849878127107,0.2901471458825515,0.08209555183358459,0.9053983331649909
marked_gaussian_evidence_guarded_scalar_once_spatial_range,65,2,False,8,26,2,0.08291168151329802,0.08189827796788803,True,2.7833139568227128,0.7091063817859142,32.10116601583492,0.6731788097944925
marked_gaussian_evidence_guarded_scalar_once_spatial_range,66,1,False,7,191,165,0.5910517848347463,0.1028781055183752,True,84.03201547966935,0.2394201821197856,0.06599980548507882,0.9470731519351021
marked_gaussian_evidence_guarded_scalar_once_spatial_range,66,2,False,7,191,165,0.5910517848347463,0.1028781055183752,True,2.064357235802571,0.810554517853672,31.943306649089752,0.9707750037983618
marked_gaussian_evidence_guarded_scalar_once_spatial_range,67,1,True,9,194,167,1.8693848418531618,0.26342992701939816,True,121.71649345758127,0.14025357739967229,0.04927572298403228,0.8984466147238357
marked_gaussian_evidence_guarded_scalar_once_spatial_range,67,2,False,8,191,167,0.5030220395019642,0.08214606338638006,True,1.5677521063880908,0.9004062861570605,32.058025496969925,0.831773901310384
marked_gaussian_evidence_guarded_scalar_once_spatial_range,68,1,True,9,194,169,2.05079344272918,0.2995671398875623,True,119.0726082137015,0.145823721153187,0.0349348153204243,0.9775886068408648
marked_gaussian_evidence_guarded_scalar_once_spatial_range,68,2,False,8,196,169,0.6162640946284571,0.07837560600191353,True,1.3125522617083831,0.9467964634964983,31.767677130348332,0.9620484088424145
marked_gaussian_evidence_guarded_scalar_once_spatial_range,69,1,False,7,199,171,0.5386904665185339,0.08170942841180551,True,113.4412369123076,0.15856564891259842,0.048842939611930904,0.9744882902562506
marked_gaussian_evidence_guarded_scalar_once_spatial_range,69,2,False,7,199,171,0.5386904665185328,0.08170942841180444,True,1.1902975465440722,0.9711218629480871,31.773103596231277,0.9540719944636444
marked_gaussian_evidence_guarded_scalar_once_spatial_range,70,1,False,8,203,173,0.5864446150070464,0.07287983418313203,True,127.02692284759038,0.1344384838854726,0.040988381890688735,0.9186527059801513
marked_gaussian_evidence_guarded_scalar_once_spatial_range,70,2,False,8,203,173,0.5864446150070463,0.07287983418313203,True,1.2296493524477696,0.9658837281083555,31.716923557479213,0.9094750006768058
marked_gaussian_evidence_guarded_scalar_once_spatial_range,71,1,False,8,208,175,0.5134780366703143,0.059706921500742,True,140.66850180431578,0.10633763272682305,0.07970625736675815,0.9330224473021838
marked_gaussian_evidence_guarded_scalar_once_spatial_range,71,2,False,8,208,175,0.513478036670314,0.059706921500742,True,1.1522753361622766,0.9783146195391362,31.722093907388395,0.9872325943915646
marked_gaussian_evidence_guarded_scalar_once_spatial_range,72,1,False,8,208,177,0.5988694177819416,0.053077208314554675,True,145.9273478721055,0.10122674736835299,0.09955328073333283,0.9493542669960916
marked_gaussian_evidence_guarded_scalar_once_spatial_range,72,2,False,8,208,177,0.5988694177819416,0.053077208314554675,True,1.0541764258409334,0.993198648847782,31.690189526503122,0.9978421389501616
marked_gaussian_evidence_guarded_scalar_once_spatial_range,73,1,False,8,210,180,0.49127297723367114,0.04060961204076269,True,158.88225870865267,0.0750960222578754,0.042233186738611615,0.850701324629987
marked_gaussian_evidence_guarded_scalar_once_spatial_range,73,2,False,8,210,180,0.49127297723367125,0.04060961204076325,True,1.0270758144720775,0.9968761799721682,31.607370832779715,0.9965679251735007
marked_gaussian_evidence_guarded_scalar_once_spatial_range,74,1,False,9,213,184,0.5915406655119432,0.03493044911566101,True,163.14122319553917,0.07273181016869273,0.047087991380743204,0.8854413213385987
marked_gaussian_evidence_guarded_scalar_once_spatial_range,74,2,False,9,213,184,0.5915406655119435,0.03493044911566124,True,1.017243432999093,0.9980672334330554,31.508568426791683,0.9967161371964248
marked_gaussian_evidence_guarded_scalar_once_spatial_range,75,1,False,9,219,187,0.48728153158986964,0.02642493523409839,True,175.00082011484102,0.050416286828596786,0.05412117733474206,0.8783933523282271
marked_gaussian_evidence_guarded_scalar_once_spatial_range,75,2,False,9,219,187,0.4872815315898694,0.02642493523409839,True,1.0043371135949413,0.9994963920057228,31.472848442884164,0.9962606255203212
marked_gaussian_evidence_guarded_scalar_once_spatial_range,76,1,False,9,226,191,0.5834716689117212,0.022022396698966017,True,179.78094676234502,0.048588140626751306,0.06050622674186132,0.8709981327662853
marked_gaussian_evidence_guarded_scalar_once_spatial_range,76,2,False,9,226,191,0.5834716689117214,0.02202239669896617,True,1.0043199873706217,0.9994986370905897,31.400538804888537,0.9976959894602505
marked_gaussian_evidence_guarded_scalar_once_spatial_range,77,1,False,9,230,195,0.4815898651002728,0.016381904045156593,True,188.77722035051576,0.032361536043464555,0.05918060669807441,0.8705623349085396
marked_gaussian_evidence_guarded_scalar_once_spatial_range,77,2,False,9,230,195,0.48158986510027324,0.016381904045156593,True,3.2154428415608,0.5643746146478754,40.117099119661724,0.5366102311566026
marked_gaussian_evidence_guarded_scalar_once_spatial_range,78,1,False,9,233,198,0.5789124489117337,0.013389553814024882,True,193.16777201265177,0.030760782516414613,0.06272869970874015,0.8616461573633474
marked_gaussian_evidence_guarded_scalar_once_spatial_range,78,2,False,9,233,198,0.5789124489117337,0.013389553814024882,True,1.0,1.0,31.115789584391614,0.9505528860724971
marked_gaussian_evidence_guarded_scalar_once_spatial_range,79,1,False,9,236,203,0.4810606252205586,0.009847800022561803,True,199.32112565356832,0.019901651453843157,0.07063913026894945,0.9100666954396937
marked_gaussian_evidence_guarded_scalar_once_spatial_range,79,2,False,9,236,203,0.48106062522055837,0.009847800022561803,False,,,,
marked_gaussian_evidence_guarded_scalar_once_spatial_range,80,1,False,8,239,205,0.5682755443990706,0.0077743135303632764,True,203.3645777224711,0.01862748060736627,0.089886470798468,0.7733117906905257
marked_gaussian_evidence_guarded_scalar_once_spatial_range,80,2,False,8,239,205,0.5682755443990706,0.0077743135303632764,False,,,,
marked_gaussian_evidence_guarded_scalar_once_spatial_range,81,1,False,8,241,207,0.5935144813635642,0.0057746007060633965,True,207.55902231356046,0.011924854144357826,0.09683389666624291,0.8742280196361532
marked_gaussian_evidence_guarded_scalar_once_spatial_range,81,2,False,8,241,207,0.5935144813635641,0.0057746007060633965,True,1.0,1.0,30.75079573750311,0.6895010147567424
marked_gaussian_evidence_guarded_scalar_once_spatial_range,82,1,False,8,238,211,0.5013059632156107,0.004140692345063364,True,209.93933048181754,0.008349351907210697,0.05456438340554461,0.8731476664772166
marked_gaussian_evidence_guarded_scalar_once_spatial_range,82,2,False,8,238,211,0.5013059632156103,0.004140692345063364,False,,,,
marked_gaussian_evidence_guarded_scalar_once_spatial_range,83,1,False,8,239,215,0.6062526146503124,0.0032765882217893933,True,214.9659631991682,0.007454425456175424,0.10988162286020166,0.9243708412338031
marked_gaussian_evidence_guarded_scalar_once_spatial_range,83,2,False,8,239,215,0.6062526146503124,0.00327658822178937,True,1.2741811249841652,0.9425350679125014,39.147150548792176,2.8401132393934443e-05
marked_gaussian_evidence_guarded_scalar_once_spatial_range,84,1,False,8,240,218,0.4988241471652499,0.0028674083634804273,True,217.02712005973345,0.005550873800848633,0.09778786706145108,0.9019792774610794
marked_gaussian_evidence_guarded_scalar_once_spatial_range,84,2,False,8,205,190,0.19560294245707477,0.0011693707601630346,False,,,,
marked_gaussian_evidence_guarded_scalar_once_spatial_range,85,1,False,8,234,220,0.639839240858557,0.0034168083664048907,True,220.36039855728032,0.006629746882947864,0.06426381982018775,0.9700592111347355
marked_gaussian_evidence_guarded_scalar_once_spatial_range,85,2,False,8,234,220,0.639839240858557,0.0034168083664048907,False,,,,
marked_gaussian_evidence_guarded_scalar_once_spatial_range,86,1,False,8,241,222,1.8292577173076987,0.01013136876200617,True,222.76244097753275,0.006386976742446775,0.08472257983545375,0.9327284451590598
marked_gaussian_evidence_guarded_scalar_once_spatial_range,86,2,False,8,241,222,0.5073723391333906,0.002778107596463097,False,,,,
marked_gaussian_evidence_guarded_scalar_once_spatial_range,87,1,False,8,245,225,0.6624234102127561,0.0033365829595743864,True,222.03363925168705,0.0061099292560556325,0.08195296594854169,0.9602684862036268
marked_gaussian_evidence_guarded_scalar_once_spatial_range,87,2,False,8,245,225,0.6624234102127561,0.0033365829595743864,False,,,,
marked_gaussian_evidence_guarded_scalar_once_spatial_range,88,1,False,8,242,228,0.5068579488907692,0.0025918259800910217,True,225.87251311240354,0.006477761568256993,0.08739144764921328,0.8903027711114818
marked_gaussian_evidence_guarded_scalar_once_spatial_range,88,2,False,8,242,228,0.5068579488907695,0.0025918259800910217,True,1.0000068825054882,0.999999562281461,30.441956274636272,7.618870490531731e-22
marked_gaussian_evidence_guarded_scalar_once_spatial_range,89,1,False,8,246,233,0.42557053122688643,0.0021714172729738056,True,230.42346631722728,0.006119886093986507,0.07896311212900294,0.7532743643824322
marked_gaussian_evidence_guarded_scalar_once_spatial_range,89,2,False,8,246,233,0.42557053122688643,0.0021714172729738056,False,,,,
marked_gaussian_evidence_guarded_scalar_once_spatial_range,90,1,False,8,247,233,0.4435635760916833,0.002085232352223061,True,230.7549414430808,0.005108557899244556,0.07416026837806886,0.8299838340885729
marked_gaussian_evidence_guarded_scalar_once_spatial_range,90,2,False,8,247,233,0.4435635760916833,0.002085232352223061,True,1.9491505437746945,0.61298599284985,32.05388853703006,0.0021523872093152166
marked_gaussian_evidence_guarded_scalar_once_spatial_range,91,1,False,8,248,233,0.46931106768942554,0.002129741385058368,True,231.06954459787232,0.004753355127928981,0.0642205263939614,0.9313785618303183
marked_gaussian_evidence_guarded_scalar_once_spatial_range,91,2,False,8,248,233,0.46931106768942554,0.002129741385058368,True,1.6135413944938173,0.8688646607001507,31.88531971379977,0.03133629026654845
marked_gaussian_evidence_guarded_scalar_once_spatial_range,92,1,False,8,249,232,0.5096302248216459,0.002257512523111019,True,231.49032680818632,0.00455009336675079,0.054113951884488136,0.9620222479945597
marked_gaussian_evidence_guarded_scalar_once_spatial_range,92,2,False,8,249,232,0.5096302248216459,0.002257512523111019,True,2.0764973442957295,0.6261459673447686,31.636080327321533,0.08461295719563638
marked_gaussian_evidence_guarded_scalar_once_spatial_range,93,1,False,8,255,228,0.5361892839710414,0.0024388286961980915,True,233.8173912250638,0.004476511459038085,0.05445279724919179,0.9493865969132285
marked_gaussian_evidence_guarded_scalar_once_spatial_range,93,2,False,8,255,228,0.5361892839710414,0.0024388286961980915,True,2.7884174470965553,0.5535843836477916,31.347511980690964,0.2926025090533194
marked_gaussian_evidence_guarded_scalar_once_spatial_range,94,1,False,8,251,235,0.9071139886596742,0.00410811197600004,True,235.52313569337335,0.004523849069437706,0.07796268354325396,0.8826209197933013
marked_gaussian_evidence_guarded_scalar_once_spatial_range,94,2,False,8,248,232,0.456827760359906,0.002027919383796451,True,1.0002588138248458,0.9999795273155956,30.7831349125223,0.00010038409311674902
marked_gaussian_evidence_guarded_scalar_once_spatial_range,95,1,False,8,253,229,0.5629514032855607,0.002493617192308845,True,231.1677742545315,0.00467892163601388,0.08441973851349295,0.9818695211770213
marked_gaussian_evidence_guarded_scalar_once_spatial_range,95,2,False,8,253,229,0.5629514032855607,0.002493617192308845,True,3.8024325284691662,0.4963523247674224,30.602051906893415,0.23092779041113234
marked_gaussian_evidence_guarded_scalar_once_spatial_range,96,1,False,8,258,227,0.576812305658965,0.0025982010727228413,True,234.77672106415525,0.004803057074616629,0.040618386094781356,0.9453718218797792
marked_gaussian_evidence_guarded_scalar_once_spatial_range,96,2,False,8,258,227,0.576812305658965,0.0025982010727228413,True,3.0132702094508605,0.5030324168924536,30.258975680107575,0.14726963579502445
marked_gaussian_evidence_guarded_scalar_once_spatial_range,97,1,False,8,257,238,0.9084984721411944,0.004633400648454655,True,238.00541204057038,0.0051185196489666055,0.041476966417009195,0.8816565859687306
marked_gaussian_evidence_guarded_scalar_once_spatial_range,97,2,False,8,19,0,0.0,0.0,True,2.6789696769245843,0.5275064890701178,29.982045133464638,0.09699314721477403
marked_gaussian_evidence_guarded_scalar_once_spatial_range,98,1,False,9,260,236,1.5142483586535995,0.0073894863040303,True,233.76235598661145,0.005377494590423605,0.0951229083917213,0.9542290518903382
marked_gaussian_evidence_guarded_scalar_once_spatial_range,98,2,False,8,20,0,0.0,0.0,True,2.4871446007023184,0.5448150772359451,29.802164772458756,0.49927036377898043
marked_gaussian_evidence_guarded_scalar_once_spatial_range,99,1,False,10,264,230,1.839567686137432,0.00869347172993235,True,234.84891891132227,0.005306613837465922,0.044937956344475075,0.9793143393822157
marked_gaussian_evidence_guarded_scalar_once_spatial_range,99,2,False,7,20,0,0.0,0.0,True,2.254491927663663,0.5221126213843271,37.43796145220059,0.0018297619840491948
marked_gaussian_evidence_guarded_scalar_once_spatial_range,100,1,False,11,268,230,1.9352763213347606,0.009150297977254302,True,236.0331906557364,0.005194773728871868,0.04982663915443186,0.9844769469204874
marked_gaussian_evidence_guarded_scalar_once_spatial_range,100,2,False,6,19,0,0.0,0.0,True,2.0893637053782435,0.783730782911879,37.03838277142777,0.03452385335716583
marked_gaussian_evidence_guarded_scalar_once_spatial_range,101,1,False,11,266,232,1.9720231914155648,0.009418047005487372,True,236.3693566268772,0.00508955022635938,0.01459123017618354,0.9736026329929574
marked_gaussian_evidence_guarded_scalar_once_spatial_range,101,2,False,6,19,0,0.0,0.0,True,2.2653644372002386,0.7560891679677908,36.55566614307732,0.24771728052213224
marked_gaussian_evidence_guarded_scalar_once_spatial_range,102,1,False,10,256,233,1.0392064592740327,0.005187329916023484,True,235.7374290501013,0.0049987374128260716,0.0612702434879851,0.9400208222517634
marked_gaussian_evidence_guarded_scalar_once_spatial_range,102,2,False,6,18,0,0.0,0.0,True,2.2210759595687968,0.7808149576016584,37.0280922826782,0.6284140778887597
marked_gaussian_evidence_guarded_scalar_once_spatial_range,103,1,False,10,257,232,1.7926266649290956,0.008852975887094371,True,231.42535949878342,0.005096366415528853,0.03749735343735392,0.9915634246667933
marked_gaussian_evidence_guarded_scalar_once_spatial_range,103,2,False,6,19,0,0.0,0.0,False,,,,
marked_gaussian_evidence_guarded_scalar_once_spatial_range,104,1,False,10,258,231,1.9018446569599554,0.009383183602884685,True,232.63010310749618,0.005028645511522957,0.05698818335245788,0.9408930600607592
marked_gaussian_evidence_guarded_scalar_once_spatial_range,104,2,False,6,19,0,0.0,0.0,False,,,,
marked_gaussian_evidence_guarded_scalar_once_spatial_range,105,1,False,9,252,233,1.074972106163742,0.0053420479381377905,True,233.20763596249589,0.00496581596010148,0.05239452243633204,0.9782112976379855
marked_gaussian_evidence_guarded_scalar_once_spatial_range,105,2,False,6,17,0,0.0,0.0,False,,,,
marked_gaussian_evidence_guarded_scalar_once_spatial_range,106,1,False,9,251,232,0.9908751003529852,0.004936089950799418,True,231.53237289018784,0.004978694021607561,0.0719553852227941,0.937912337243355
marked_gaussian_evidence_guarded_scalar_once_spatial_range,106,2,False,6,14,0,0.0,0.0,False,,,,
marked_gaussian_evidence_guarded_scalar_once_spatial_range,107,1,False,8,252,231,1.4484892801935343,0.0073303023399187255,True,231.23721764207139,0.004981861771006548,0.0510837335245769,0.9737234200345808
marked_gaussian_evidence_guarded_scalar_once_spatial_range,107,2,False,6,13,0,0.0,0.0,False,,,,
marked_gaussian_evidence_guarded_scalar_once_spatial_range,108,1,False,8,253,231,1.7330398936153277,0.008932105979803111,True,232.65958930021563,0.004978233476709513,0.021879969483652523,0.9467016408004483
marked_gaussian_evidence_guarded_scalar_once_spatial_range,108,2,False,6,13,0,0.0,0.0,False,,,,
marked_gaussian_evidence_guarded_scalar_once_spatial_range,109,1,False,8,255,232,1.9475790884601982,0.010109728189131601,True,234.1182087585144,0.004974068012494155,0.045280644753644225,0.95942077433677
marked_gaussian_evidence_guarded_scalar_once_spatial_range,109,2,False,6,13,0,0.0,0.0,False,,,,
marked_gaussian_evidence_guarded_scalar_once_spatial_range,110,1,False,8,255,234,1.9992520730732501,0.010357627439816589,True,235.03671205379166,0.004973479252826993,0.038825024169705465,0.9645788573918752
marked_gaussian_evidence_guarded_scalar_once_spatial_range,110,2,False,6,13,0,0.0,0.0,True,1.8512702964165555,0.858482447543196,28.086867842343377,1.1380257768943e-311
marked_gaussian_evidence_guarded_scalar_once_spatial_range,111,1,False,8,254,236,2.0092504108105262,0.010360685109263853,True,234.86347066677467,0.004986294986852343,0.05057140941230824,0.9750776325318287
marked_gaussian_evidence_guarded_scalar_once_spatial_range,111,2,False,6,15,0,0.0,0.0,True,1.0793829226876848,0.9853557534346183,26.48790250405761,0.0024155715888880876
marked_gaussian_evidence_guarded_scalar_once_spatial_range,112,1,False,8,256,236,1.9539129674272808,0.010056170830927275,True,234.1656210449841,0.005000722609324813,0.04904137301125394,0.9442436605622051
marked_gaussian_evidence_guarded_scalar_once_spatial_range,112,2,False,5,16,0,0.0,0.0,True,1.0630484696776261,0.9902310479128049,27.422584183486848,0.0033484529352446717
marked_gaussian_evidence_guarded_scalar_once_spatial_range,113,1,False,9,258,236,1.9780942622683813,0.010164526704987888,True,234.09422768551167,0.005013786625055041,0.06875918499295304,0.9709140172228855
marked_gaussian_evidence_guarded_scalar_once_spatial_range,113,2,False,6,17,0,0.0,0.0,True,2.00920385842991,0.5354635014692218,27.209184340531873,0.06355475222777074
marked_gaussian_evidence_guarded_scalar_once_spatial_range,114,1,False,8,258,236,1.9810628565691502,0.010171576027726698,True,234.00881995553883,0.0050284812467217355,0.07189153767717339,0.975284239604916
marked_gaussian_evidence_guarded_scalar_once_spatial_range,114,2,False,7,20,0,0.0,0.0,True,2.338598142732495,0.5198937743842086,27.009404979788208,0.6949862356440566
marked_gaussian_evidence_guarded_scalar_once_spatial_range,115,1,False,7,253,235,1.9755266570554162,0.010146718020504276,True,233.97103352268496,0.005041974435379661,0.08584352655279938,0.9396536883904446
marked_gaussian_evidence_guarded_scalar_once_spatial_range,115,2,False,7,22,0,0.0,0.0,True,2.163685186215183,0.6027164102197543,27.036502130402436,0.9841195297484949
marked_gaussian_evidence_guarded_scalar_once_spatial_range,116,1,False,7,252,235,1.9318189665361476,0.009923984474781714,True,233.93257085569834,0.005057792520325967,0.06237627225631114,0.8993593140467522
marked_gaussian_evidence_guarded_scalar_once_spatial_range,116,2,False,8,25,0,0.0,0.0,True,1.862252103938405,0.7367320264063587,26.885216517387924,0.9940390845166814
marked_gaussian_evidence_guarded_scalar_once_spatial_range,117,1,False,7,251,235,1.9724094823519938,0.010131400436570173,True,233.92792805592148,0.005073172712811024,0.046204382595739536,0.9553194565792642
marked_gaussian_evidence_guarded_scalar_once_spatial_range,117,2,False,7,25,0,0.0,0.0,True,1.462807658064684,0.8810137620314034,26.819649921034678,0.9969982698007427
marked_gaussian_evidence_guarded_scalar_once_spatial_range,118,1,False,7,247,233,1.027313009459606,0.005250978898777726,True,233.8477477619563,0.005091925075042138,0.08009353867312048,0.9278803922234451
marked_gaussian_evidence_guarded_scalar_once_spatial_range,118,2,False,6,21,0,0.0,0.0,True,1.1573607748315395,0.9679233380307991,26.636313159231786,0.994512142368677
marked_gaussian_evidence_guarded_scalar_once_spatial_range,119,1,False,7,247,232,0.9600798854755723,0.004905617001111859,True,231.44683268283077,0.005105714705014195,0.0614665593688981,0.9095437206125685
marked_gaussian_evidence_guarded_scalar_once_spatial_range,119,2,False,6,19,0,0.0,0.0,True,1.2006960635312736,0.9634678249532992,9.807268694382405,3.4100858191887666e-05
marked_gaussian_evidence_guarded_scalar_once_spatial_range,120,1,False,7,248,231,1.5118168649698354,0.007739779710387591,True,231.14480240508692,0.0051068894924735445,0.07214371370798427,0.966242739275191
marked_gaussian_evidence_guarded_scalar_once_spatial_range,120,2,False,6,19,0,0.0,0.0,True,1.0056704381993304,0.9993891706435967,9.762092159306667,0.036554317112592334
marked_gaussian_evidence_guarded_scalar_once_spatial_range,121,1,False,8,252,231,1.7751413902451634,0.009088755829418118,True,232.7054378609375,0.005096130237085896,0.07254837022456813,0.9490819363771674
marked_gaussian_evidence_guarded_scalar_once_spatial_range,121,2,False,7,21,0,0.0,0.0,True,1.2965947123325274,0.9277977539491807,9.721748538037938,0.2757608324897544
marked_gaussian_evidence_guarded_scalar_once_spatial_range,122,1,False,8,256,0,0.0,0.0,True,236.52612066264751,0.006495002123240482,3.483331537044233,0.8936297649832113
marked_gaussian_evidence_guarded_scalar_once_spatial_range,122,2,False,8,22,0,0.0,0.0,True,1.2619256167177686,0.9456973633375142,9.69554672988585,0.9482451351922343
marked_gaussian_evidence_guarded_scalar_once_spatial_range,123,1,False,8,259,6,0.015518659660703094,0.00585048664712698,True,237.6264675625302,0.0061101728340484315,0.08303720827616741,0.652504379033972
marked_gaussian_evidence_guarded_scalar_once_spatial_range,123,2,False,8,22,0,0.0,0.0,True,3.7225999158952465,0.3616901524970395,4.009254279345464,0.053296096551817884
marked_gaussian_evidence_guarded_scalar_once_spatial_range,124,1,False,9,259,10,0.032486639075774766,0.007228732649781306,True,238.61877665021743,0.005122579468454224,0.05159638179157058,0.9152097638961567
marked_gaussian_evidence_guarded_scalar_once_spatial_range,124,2,False,7,25,0,0.0,0.0,True,3.497498281985581,0.4944518887251171,3.932953547494068,0.9821754867467127
marked_gaussian_evidence_guarded_scalar_once_spatial_range,125,1,False,8,254,1,0.0012208729609229545,0.0012208729609229545,True,236.08649201459303,0.005080814055626101,3.5228792165230707,0.9265009727171192
marked_gaussian_evidence_guarded_scalar_once_spatial_range,125,2,False,8,23,0,0.0,0.0,True,2.3093550957350697,0.7376834872129284,3.9762470423818486,0.9988859098824313
marked_gaussian_evidence_guarded_scalar_once_spatial_range,126,1,False,10,258,7,0.02272990177106443,0.006547391027020706,True,236.2438154858586,0.008132758117232967,0.03177097888515216,0.5829745122682835
marked_gaussian_evidence_guarded_scalar_once_spatial_range,126,2,False,8,24,0,0.0,0.0,True,1.5983517124654558,0.8864344045521003,4.056538795459674,0.9402142120976086
marked_gaussian_evidence_guarded_scalar_once_spatial_range,127,1,False,10,263,237,0.8932215214242916,0.005739166832948036,True,237.5556600343927,0.0067882896498246605,0.04967207406246074,0.8113411883733369
marked_gaussian_evidence_guarded_scalar_once_spatial_range,127,2,False,7,20,0,0.0,0.0,True,1.0028675146710202,0.9997039296770128,26.66770256673142,0.9998209311667698
marked_gaussian_evidence_guarded_scalar_once_spatial_range,128,1,False,11,265,237,1.6589909895916297,0.00842522187678442,True,235.2789111264308,0.007612003064522043,0.05031572624499657,0.8723760317987785
marked_gaussian_evidence_guarded_scalar_once_spatial_range,128,2,False,7,17,0,0.0,0.0,True,1.0030214891200355,0.999682097597414,25.69109267370397,0.9996028593762576
marked_gaussian_evidence_guarded_scalar_once_spatial_range,129,1,False,11,265,236,1.0220684045567718,0.00674677369975493,True,235.55435421362574,0.006766524667243401,0.06537621963130108,0.9396206718698313
marked_gaussian_evidence_guarded_scalar_once_spatial_range,129,2,False,6,16,0,0.0,0.0,True,1.0268437696594264,0.9962220285121823,23.872732121927005,0.06058555595295957
marked_gaussian_evidence_guarded_scalar_once_spatial_range,130,1,False,12,269,232,1.5728143291333345,0.008075029234949875,True,233.1909529611514,0.006835689311453327,0.05407432501368672,0.9424772689841758
marked_gaussian_evidence_guarded_scalar_once_spatial_range,130,2,False,6,15,0,0.0,0.0,True,1.0023757716929598,0.9997566576819507,25.212750941242707,0.9902474335425824
marked_gaussian_evidence_guarded_scalar_once_spatial_range,131,1,False,13,274,233,1.8584981197442372,0.009535619551994232,True,234.54179540423988,0.00611274212406373,0.051589845790832915,0.9746414510512087
marked_gaussian_evidence_guarded_scalar_once_spatial_range,131,2,False,6,15,0,0.0,0.0,True,1.0041157271235999,0.9995522722307757,23.736515805006352,0.9640144212019965
marked_gaussian_evidence_guarded_scalar_once_spatial_range,132,1,False,13,272,234,1.9617815789489728,0.010069615214085824,True,235.59322404117316,0.005921929274622162,0.05623382425027728,0.9677505884374205
marked_gaussian_evidence_guarded_scalar_once_spatial_range,132,2,False,5,14,0,0.0,0.0,False,,,,
marked_gaussian_evidence_guarded_scalar_once_spatial_range,133,1,False,12,273,234,1.9599586045695414,0.0100686397377604,True,235.62423904579873,0.006073373135771306,0.07599963724473588,0.9644924019720846
marked_gaussian_evidence_guarded_scalar_once_spatial_range,133,2,False,5,13,0,0.0,0.0,False,,,,
marked_gaussian_evidence_guarded_scalar_once_spatial_range,134,1,False,13,274,236,1.954317878126385,0.010031044100045286,True,235.3618762430717,0.006516753265484955,0.058855474737248406,0.918067609193487
marked_gaussian_evidence_guarded_scalar_once_spatial_range,134,2,False,5,13,0,0.0,0.0,True,1.051597525792992,0.9912214026998747,28.01943144308654,2.598286100267537e-07
marked_gaussian_evidence_guarded_scalar_once_spatial_range,135,1,False,12,268,234,1.036789544382521,0.006737562191380816,True,234.98519459890832,0.006811402114898025,0.0722990595570594,0.9380079559698898
marked_gaussian_evidence_guarded_scalar_once_spatial_range,135,2,False,4,13,0,0.0,0.0,True,1.0623340154810088,0.9891984751469102,9.838591457570624,3.0581833396865764e-05
marked_gaussian_evidence_guarded_scalar_once_spatial_range,136,1,False,13,271,233,1.6224431321730681,0.008940187683243119,True,232.28276099330577,0.00791689578739834,0.08269244635451287,0.9010895928100533
marked_gaussian_evidence_guarded_scalar_once_spatial_range,136,2,False,4,13,0,0.0,0.0,False,,,,
marked_gaussian_evidence_guarded_scalar_once_spatial_range,137,1,False,11,272,235,1.0153473103665163,0.007601234056593526,True,233.51408612532802,0.007669737087611682,0.09417792242607549,0.9330146552173617
marked_gaussian_evidence_guarded_scalar_once_spatial_range,137,2,False,4,12,0,0.0,0.0,True,1.0020970116713819,0.9997773827662407,25.631999262119564,0.04732127342911036
marked_gaussian_evidence_guarded_scalar_once_spatial_range,138,1,False,12,274,232,1.5598821853855642,0.010749422704155074,True,232.36078425981276,0.008185446911911714,0.07358348226386179,0.9696209202130259
marked_gaussian_evidence_guarded_scalar_once_spatial_range,138,2,False,5,15,0,0.0,0.0,True,1.1534576037513713,0.9676660013906397,25.48475292057483,0.7105817916645859
marked_gaussian_evidence_guarded_scalar_once_spatial_range,139,1,False,12,272,235,1.0155467098774138,0.007982798929210905,True,233.68769640602358,0.007944677145491193,0.06489808707935799,0.9370790900548214
marked_gaussian_evidence_guarded_scalar_once_spatial_range,139,2,False,6,16,0,0.0,0.0,True,1.0007012052813815,0.9999381650734187,3.970182585090696,6.286954456642911e-08
marked_gaussian_evidence_guarded_scalar_once_spatial_range,140,1,False,12,271,232,1.5101952104805565,0.011730900473498607,True,232.32195313654648,0.008166416372827789,0.05081532155112087,0.9303932273755724
marked_gaussian_evidence_guarded_scalar_once_spatial_range,140,2,False,6,18,0,0.0,0.0,True,1.00001713917577,0.9999988440116109,4.046835950538874,0.036526276389560346
marked_gaussian_evidence_guarded_scalar_once_spatial_range,141,1,False,12,274,233,1.8700918660935382,0.014426923519658639,True,233.77982078343925,0.007992852880968446,0.0568251415284723,0.9794905049720075
marked_gaussian_evidence_guarded_scalar_once_spatial_range,141,2,False,5,18,0,0.0,0.0,True,1.2996190746443865,0.9267088119185426,4.029938961571288,0.22132125580911163
marked_gaussian_evidence_guarded_scalar_once_spatial_range,142,1,False,12,269,235,1.0384920533102386,0.008095919809019506,True,235.00565270725326,0.007785809692150184,0.05077160343976151,0.9445081886162722
marked_gaussian_evidence_guarded_scalar_once_spatial_range,142,2,False,5,18,0,0.0,0.0,True,1.2816554977887258,0.9418736531666818,4.003674924464814,0.837961575545045
marked_gaussian_evidence_guarded_scalar_once_spatial_range,143,1,False,12,268,233,1.0086444776481935,0.007859535960707981,True,232.55807275693454,0.007782103829792115,0.03770167553269916,0.9580591660998417
marked_gaussian_evidence_guarded_scalar_once_spatial_range,143,2,False,5,17,0,0.0,0.0,True,2.744288185915259,0.6592593378384329,9.784586370198094,0.3556409555488514
marked_gaussian_evidence_guarded_scalar_once_spatial_range,144,1,False,12,269,232,1.3495714771015637,0.010969661280465573,True,231.9295801275757,0.007790567926726432,0.03577541140049287,0.9632983106789398
marked_gaussian_evidence_guarded_scalar_once_spatial_range,144,2,False,4,19,0,0.0,0.0,True,1.1013052894997022,0.9806638316129217,26.324719650510765,1.2095286761357365e-05
marked_gaussian_evidence_guarded_scalar_once_spatial_range,145,1,False,10,268,232,0.6300192241818692,0.003857476225917476,True,233.3405293952682,0.007806673641633208,0.03951553556406854,0.9816534080917967
marked_gaussian_evidence_guarded_scalar_once_spatial_range,145,2,False,5,19,0,0.0,0.0,True,1.0033901877932898,0.9996239750012584,26.39252378351145,0.018211666565769797
marked_gaussian_evidence_guarded_scalar_once_spatial_range,146,1,False,7,265,233,0.6299354698438757,0.0032571926412587656,True,236.02532685935202,0.005531731293954881,0.03964059325722988,0.9562218801919746
marked_gaussian_evidence_guarded_scalar_once_spatial_range,146,2,False,5,19,0,0.0,0.0,True,2.4511162796242907,0.4788246067466481,29.29554745383821,0.0009113026582205046
marked_gaussian_evidence_guarded_scalar_once_spatial_range,147,1,False,12,274,238,0.9415749141579236,0.004590561272420753,True,237.73350182566233,0.0045739525054022965,0.06434110555570793,0.9056605822542179
marked_gaussian_evidence_guarded_scalar_once_spatial_range,147,2,False,6,271,237,0.4791477368667934,0.009940630983415008,True,1.1384316941019266,0.9758178059831845,3.9526799907387944,0.07292170766659621
marked_gaussian_evidence_guarded_scalar_once_spatial_range,148,1,False,10,275,234,0.924965550351802,0.00463767161036705,True,236.8357438636538,0.0044949826016638765,0.08025739217535569,0.9652598934769152
marked_gaussian_evidence_guarded_scalar_once_spatial_range,148,2,False,10,275,234,0.924965550351802,0.004637671610367114,True,186.94106180924985,0.061629864352255856,4.095406510006405,0.6293956913573383
marked_gaussian_evidence_guarded_scalar_once_spatial_range,149,1,False,11,280,1,0.002049300779047496,0.002049300779047496,True,239.60581920191993,0.0070681166481738385,0.07216541575981192,0.9104666631016067
marked_gaussian_evidence_guarded_scalar_once_spatial_range,149,2,False,11,280,1,0.002049300779047496,0.002049300779047496,True,230.87537723138942,0.029457014361702106,3.8508272648788604,0.858154216921875
marked_gaussian_evidence_guarded_scalar_once_spatial_range,150,1,False,11,281,7,0.01049698858880434,0.0020395033141969348,True,241.29874275690955,0.009812056195533698,0.05942246472333614,0.9777724032501721
marked_gaussian_evidence_guarded_scalar_once_spatial_range,150,2,False,11,281,7,0.01049698858880434,0.0020395033141969348,True,1.000820408624664,0.9999328468184658,26.56647715208948,0.9861364714375908
marked_gaussian_evidence_guarded_scalar_once_spatial_range,151,1,False,11,282,224,0.5830611668475024,0.0026864310997308837,True,244.78071977709138,0.012091939237341792,0.034724695433174885,0.9133531758776208
marked_gaussian_evidence_guarded_scalar_once_spatial_range,151,2,False,11,282,224,0.5830611668475024,0.0026864310997308837,True,1.5046593606696588,0.8922022779091637,23.71772616440841,0.024860222797246468
marked_gaussian_evidence_guarded_scalar_once_spatial_range,152,1,False,12,286,247,0.6256454171780823,0.0040721047178482244,True,245.55456171208542,0.008823112102872874,0.06096482851798742,0.8352836668091711
marked_gaussian_evidence_guarded_scalar_once_spatial_range,152,2,False,12,286,247,0.6256454171780823,0.0040721047178482244,True,1.572628728580111,0.9025202636073645,23.47299854847429,0.6457436265770116
marked_gaussian_evidence_guarded_scalar_once_spatial_range,153,1,False,12,289,252,0.6595240049802379,0.002866574189980699,True,250.01139791910725,0.006126448849800041,0.07459492102439318,0.9293981459786684
marked_gaussian_evidence_guarded_scalar_once_spatial_range,153,2,False,12,289,252,0.6595240049802379,0.0028665741899806586,True,1.0745716325613743,0.989111730954968,23.404566828600867,0.9888866477401097
marked_gaussian_evidence_guarded_scalar_once_spatial_range,154,1,False,11,289,253,0.519351375499151,0.0024262537606728417,True,253.30955544988947,0.005527178946324869,0.037441576463484554,0.9719282961295712
marked_gaussian_evidence_guarded_scalar_once_spatial_range,154,2,False,11,289,253,0.5193513754991509,0.002426253760672876,True,214.40010348920578,0.07680648310737732,4.02877154193303,0.6969116266081965
marked_gaussian_evidence_guarded_scalar_once_spatial_range,155,1,False,11,292,254,0.4803720051924456,0.002313739614950908,True,251.23028741003472,0.005877592536511706,0.06401478719287002,0.8886305794666653
marked_gaussian_evidence_guarded_scalar_once_spatial_range,155,2,False,11,292,254,0.4803720051924456,0.002313739614950908,True,2.296049990506513,0.5355105695615145,24.479758524351364,0.011844628599428628
marked_gaussian_evidence_guarded_scalar_once_spatial_range,156,1,False,11,299,254,0.5589363441853188,0.0023018617329634175,True,252.51524124742974,0.004905502684380477,0.04328619549196966,0.9374629177969431
marked_gaussian_evidence_guarded_scalar_once_spatial_range,156,2,False,11,299,254,0.5589363441853188,0.0023018617329634175,True,1.0001243648694742,0.9999907732360191,23.023512265963845,0.980464588610424
marked_gaussian_evidence_guarded_scalar_once_spatial_range,157,1,False,11,300,253,0.49082946120792204,0.002103921966157673,True,254.8028765409717,0.0046220296434083576,0.04926901172401335,0.9318945417863427
marked_gaussian_evidence_guarded_scalar_once_spatial_range,157,2,False,11,300,253,0.49082946120792204,0.002103921966157673,True,3.19983305157841,0.5620847259252956,9.79823712375142,3.5082692680533087e-06
marked_gaussian_evidence_guarded_scalar_once_spatial_range,158,1,False,11,300,251,0.5590417799513419,0.002251191181566781,True,252.36931503646082,0.0043594037543311405,0.06516997259959327,0.9466408612408472
marked_gaussian_evidence_guarded_scalar_once_spatial_range,158,2,False,11,300,251,0.5590417799513419,0.002251191181566781,True,1.0021798231559178,0.9997718841506181,21.51952535563326,0.9875610234600625
marked_gaussian_evidence_guarded_scalar_once_spatial_range,159,1,False,11,296,253,0.5024121567418393,0.002077602065181907,True,254.20440637370723,0.004317301511621526,0.04785693532367379,0.973358014553988
marked_gaussian_evidence_guarded_scalar_once_spatial_range,159,2,False,11,296,253,0.5024121567418393,0.002077602065181907,True,2.5709444956682956,0.5658128068936408,29.810333673020114,0.05942193087839501
marked_gaussian_evidence_guarded_scalar_once_spatial_range,160,1,False,11,296,252,0.4944964777397868,0.0020289674527678566,True,253.2913179797715,0.004231361771537122,0.04565215250640443,0.9476623080467476
marked_gaussian_evidence_guarded_scalar_once_spatial_range,160,2,False,11,296,252,0.4944964777397868,0.0020289674527678566,True,1.001178108946005,0.999883233668876,33.56702856921174,0.9998253659084291
marked_gaussian_evidence_guarded_scalar_once_spatial_range,161,1,False,11,300,252,0.5350532269440823,0.0021478923873584996,True,253.0183478552351,0.004117412778358684,0.04544016340744353,0.9759004156407292
marked_gaussian_evidence_guarded_scalar_once_spatial_range,161,2,False,11,18,0,0.0,0.0,True,1.0010992757481625,0.9998917577585859,34.17489993217299,0.9998911793239782
marked_gaussian_evidence_guarded_scalar_once_spatial_range,162,1,False,11,305,251,0.5737479108050556,0.0022911161904728035,True,255.0104949473906,0.004062907197647947,0.05522851524925686,0.9643324377525289
marked_gaussian_evidence_guarded_scalar_once_spatial_range,162,2,False,11,305,251,0.5737479108050556,0.0022911161904728035,True,1.0010881610845221,0.9998929625020553,35.085981654292134,0.9999230328248148
marked_gaussian_evidence_guarded_scalar_once_spatial_range,163,1,False,11,288,254,0.4893198684013768,0.0019911399912073066,True,257.2515793205125,0.0041926776188743265,0.056311228586091465,0.9191460805011515
marked_gaussian_evidence_guarded_scalar_once_spatial_range,163,2,False,11,288,254,0.4893198684013768,0.0019911399912073066,True,1.0012151137379903,0.9998794800478192,35.694994974646036,0.9999906310858209
marked_gaussian_evidence_guarded_scalar_once_spatial_range,164,1,False,11,290,253,0.5541688055633505,0.002212917329872631,True,254.2352124524491,0.004202782052060179,0.05133739829068235,0.9285141637357557
marked_gaussian_evidence_guarded_scalar_once_spatial_range,164,2,False,11,290,253,0.5541688055633505,0.002212917329872631,True,1.0012831093746783,0.9998714117362889,36.73306940255367,0.9999601980442804
marked_gaussian_evidence_guarded_scalar_once_spatial_range,165,1,False,11,294,251,0.6163109866375736,0.002505189350341022,True,256.454903254145,0.004191875849036427,0.04913231474759352,0.9691718019242291
marked_gaussian_evidence_guarded_scalar_once_spatial_range,165,2,False,11,294,251,0.6163109866375736,0.002505189350341022,True,1.0000005121483515,0.9999999721610615,29.585069737567935,2.439162067772307e-08
marked_gaussian_evidence_guarded_scalar_once_spatial_range,166,1,False,11,293,256,0.4916528722531482,0.0020067809143403705,True,258.84465151098544,0.004249426866659831,0.06539483692032157,0.9181711681766205
marked_gaussian_evidence_guarded_scalar_once_spatial_range,166,2,False,11,293,256,0.4916528722531482,0.0020067809143403705,True,1.0000000327205991,0.9999999985022144,18.10289779245892,0.9880367860603547
marked_gaussian_evidence_guarded_scalar_once_spatial_range,167,1,False,11,287,255,0.49644179231400326,0.0020122836098527474,True,255.9004272507548,0.004173314085228343,0.050299753448544544,0.9453850265068918
marked_gaussian_evidence_guarded_scalar_once_spatial_range,167,2,False,11,287,255,0.49644179231400326,0.0020122836098527474,True,1.0699716601476459,0.9887491317183206,9.7665329308141,0.10490202999791971
marked_gaussian_evidence_guarded_scalar_once_spatial_range,168,1,False,11,283,253,0.4910149618261279,0.001974450406913596,True,255.25849108127207,0.004076453887217505,0.06198837420036239,0.9309538805643891
marked_gaussian_evidence_guarded_scalar_once_spatial_range,168,2,False,11,283,253,0.4910149618261279,0.001974450406913596,True,1.0039740937849304,0.9995615774962773,25.008701296066874,0.05382046018828487
marked_gaussian_evidence_guarded_scalar_once_spatial_range,169,1,False,11,276,253,0.5003399882450806,0.001998038006685879,True,253.84432904807895,0.0040290044609579065,0.06898381488217338,0.9655995899941948
marked_gaussian_evidence_guarded_scalar_once_spatial_range,169,2,False,11,276,253,0.5003399882450806,0.001998038006685879,True,3.1070725643905392,0.5722736780709115,29.726491358582685,0.2883467412538288
marked_gaussian_evidence_guarded_scalar_once_spatial_range,170,1,False,11,274,253,0.494322423398029,0.0019668940012948586,True,254.07550438818066,0.003999359710958515,0.06001146417858079,0.9416816706571944
marked_gaussian_evidence_guarded_scalar_once_spatial_range,170,2,False,11,274,253,0.494322423398029,0.0019668940012948586,True,3.4022532514898085,0.5931900006923438,29.870318008185638,0.14221603150455678
marked_gaussian_evidence_guarded_scalar_once_spatial_range,171,1,False,11,274,253,0.4961802023031945,0.0019712641170584883,True,253.8627767530854,0.0039883639369464674,0.06770664708556767,0.9489836098279302
marked_gaussian_evidence_guarded_scalar_once_spatial_range,171,2,False,11,274,253,0.4961802023031945,0.0019712641170584883,True,3.0380858306116205,0.6556449919781291,29.80722669540908,0.19683013114603254
marked_gaussian_evidence_guarded_scalar_once_spatial_range,172,1,False,11,275,252,0.5186633544194973,0.0020926801732896647,True,254.10769280721078,0.003978340325636254,0.07822402410291412,0.9423076180179384
marked_gaussian_evidence_guarded_scalar_once_spatial_range,172,2,False,11,275,252,0.5186633544194971,0.0020926801732896946,True,4.74853784488243,0.8056874101101206,4.0301250744733705,0.5044290455933346
marked_gaussian_evidence_guarded_scalar_once_spatial_range,173,1,False,12,279,252,1.2980489243335338,0.005300772333563129,True,256.52873967840594,0.003972518031948392,0.041239786655181895,0.9385290220724082
marked_gaussian_evidence_guarded_scalar_once_spatial_range,173,2,False,11,275,252,0.7074736908065358,0.0029271667771927166,True,28.348568694709233,0.509308696570029,4.03203528425681,0.5848799673933985
marked_gaussian_evidence_guarded_scalar_once_spatial_range,174,1,False,11,273,252,0.4243716343532997,0.0020776670801804075,True,258.10273489720043,0.004228728662363087,0.08194093495650183,0.9734291063305363
marked_gaussian_evidence_guarded_scalar_once_spatial_range,174,2,False,11,273,252,0.42437163435329983,0.0020776670801804075,True,1.7972242890901249,0.8802827370149637,9.747675905257452,0.7489189418416012
marked_gaussian_evidence_guarded_scalar_once_spatial_range,175,1,False,10,270,250,0.40985854134250316,0.0020781843745686073,True,253.7240178274922,0.006875359810549249,0.08341765312680782,0.8955328290183384
marked_gaussian_evidence_guarded_scalar_once_spatial_range,175,2,False,10,270,250,0.4098585413425029,0.002078184374568578,True,88.87144737647967,0.30066418755341384,4.0905350090806945,0.2895849386687145
marked_gaussian_evidence_guarded_scalar_once_spatial_range,176,1,False,11,271,250,0.4406610737582375,0.002264231859088988,True,251.5183462054728,0.005720554461613916,0.05480676160192004,0.8555738259904191
marked_gaussian_evidence_guarded_scalar_once_spatial_range,176,2,False,11,271,250,0.44066107375823743,0.002264231859088956,True,44.607403538501345,0.4324815541399076,4.032503617485689,0.6650419638734935
marked_gaussian_evidence_guarded_scalar_once_spatial_range,177,1,False,9,269,250,0.4571705282045291,0.0023719284448101103,True,252.04434734951536,0.0055548684529236935,0.08225705586607583,0.88940259765434
marked_gaussian_evidence_guarded_scalar_once_spatial_range,177,2,False,9,269,250,0.4571705282045291,0.002371928444810144,True,30.140613960316312,0.5044508662940594,4.021024962495358,0.7872782111709448
marked_gaussian_evidence_guarded_scalar_once_spatial_range,178,1,False,9,269,250,0.47213959106068304,0.0024764282178340955,True,251.51795958490362,0.005552075534064101,0.038092195107582875,0.9044301039140064
marked_gaussian_evidence_guarded_scalar_once_spatial_range,178,2,False,9,269,250,0.4721395910606827,0.0024764282178340955,True,18.56560302641076,0.5926190630978361,3.954291449963879,0.9770354382950434
marked_gaussian_evidence_guarded_scalar_once_spatial_range,179,1,False,8,271,249,0.4540468395328109,0.0024229670502174485,True,251.1155399274118,0.005619502567978938,0.07681927028024434,0.826617720141019
marked_gaussian_evidence_guarded_scalar_once_spatial_range,179,2,False,8,271,249,0.4540468395328115,0.0024229670502174485,True,17.453726087310415,0.6030936819950788,3.939889602523123,0.9979989646919889
marked_gaussian_evidence_guarded_scalar_once_spatial_range,180,1,False,8,274,249,0.44195045532535626,0.002414870247121679,True,251.6982532594643,0.005703064470546234,0.07084714023405572,0.9059599568493386
marked_gaussian_evidence_guarded_scalar_once_spatial_range,180,2,False,8,274,249,0.44195045532535654,0.002414870247121679,True,15.226351063302399,0.6252463159639498,4.262406411482945,0.9830327737951721
marked_gaussian_evidence_guarded_scalar_once_spatial_range,181,1,False,9,273,249,0.47060238255121284,0.0026165415966398313,True,251.54245860780932,0.0057956610176111605,0.056466655651523125,0.934392120145431
marked_gaussian_evidence_guarded_scalar_once_spatial_range,181,2,False,9,273,249,0.4706023825512127,0.0026165415966398313,True,54.58551552337565,0.39659276364593177,3.9039017901192747,0.6851340957798092
marked_gaussian_evidence_guarded_scalar_once_spatial_range,182,1,False,9,278,250,0.4841222441374575,0.002345691065527687,True,250.578028224771,0.005868123747403278,0.061528513038350205,0.9132829498642523
marked_gaussian_evidence_guarded_scalar_once_spatial_range,182,2,False,9,28,0,0.0,0.0,True,3.0758448753837144,0.503066007850008,23.090669344392712,0.13936502931054356
marked_gaussian_evidence_guarded_scalar_once_spatial_range,183,1,False,9,283,250,0.5566658761966359,0.002437406000607624,True,251.40029899260924,0.004878477147449784,0.06636579778567875,0.9567078370994856
marked_gaussian_evidence_guarded_scalar_once_spatial_range,183,2,False,9,283,250,0.5566658761966359,0.002437406000607624,True,3.2747357822320087,0.4919905518037139,23.06422286477258,0.4817198245920158
marked_gaussian_evidence_guarded_scalar_once_spatial_range,184,1,False,9,282,251,0.48781164914342995,0.0020499510697025705,True,253.19327422410535,0.004419862163247312,0.052135025534342114,0.9221715376715443
marked_gaussian_evidence_guarded_scalar_once_spatial_range,184,2,False,9,282,251,0.48781164914342995,0.0020499510697025705,True,3.1209971144948185,0.44896951159448106,23.244441060778218,0.7528171305137579
marked_gaussian_evidence_guarded_scalar_once_spatial_range,185,1,False,9,281,250,0.48578491842022553,0.001997435143092857,True,251.6911585929755,0.0042171991921171915,0.06226259564888908,0.921023059593626
marked_gaussian_evidence_guarded_scalar_once_spatial_range,185,2,False,9,281,250,0.48578491842022553,0.001997435143092857,True,2.6924963817280005,0.5555851651724603,23.355681681882615,0.9508781504950254
marked_gaussian_evidence_guarded_scalar_once_spatial_range,186,1,False,9,276,250,0.44545289752920164,0.0018422364769390212,True,250.9577910475707,0.004116996974597067,0.06343665935715466,0.9511853154682999
marked_gaussian_evidence_guarded_scalar_once_spatial_range,186,2,False,9,276,250,0.4454528975292013,0.0018422364769390474,True,3.7678873880409434,0.8389572354213208,3.9894329184269917,0.45560357961378317
marked_gaussian_evidence_guarded_scalar_once_spatial_range,187,1,False,10,277,250,0.9564471718974881,0.003957215027693731,True,251.10770281732195,0.004131648782092638,0.05985284916602841,0.9357308320886539
marked_gaussian_evidence_guarded_scalar_once_spatial_range,187,2,False,9,278,249,0.5741682386794635,0.002418725615439553,True,144.05809914872881,0.13632567780655466,3.942345587450753,0.8082243239890373
marked_gaussian_evidence_guarded_scalar_once_spatial_range,188,1,False,9,276,250,0.8962096555287211,0.003737570846527783,True,250.74943896462972,0.004144564015860892,0.049191523816096656,0.9790811316353099
marked_gaussian_evidence_guarded_scalar_once_spatial_range,188,2,False,9,276,250,0.8962096555287205,0.003737570846527783,True,252.22462649541615,0.0041858153603776165,1.2026905857810624,0.745880108609499
marked_gaussian_evidence_guarded_scalar_once_spatial_range,189,1,False,9,273,249,0.6040978104972736,0.002535907294759533,True,251.1055852571248,0.004136685720115105,0.05874710297263044,0.9557046492605119
marked_gaussian_evidence_guarded_scalar_once_spatial_range,189,2,False,9,273,249,0.6040978104972743,0.002535907294759533,True,12.230360427244735,0.6549732169270797,4.100243332100155,0.5940845302802723
marked_gaussian_evidence_guarded_scalar_once_spatial_range,190,1,False,9,276,249,0.5014790462330765,0.00211530447812626,True,251.16305842313116,0.004148639710544805,0.05962269804324278,0.9201765986426493
marked_gaussian_evidence_guarded_scalar_once_spatial_range,190,2,False,9,276,249,0.5014790462330766,0.00211530447812629,True,8.920074139052362,0.7093758027493064,4.0590347415783326,0.7424747918008804
marked_gaussian_evidence_guarded_scalar_once_spatial_range,191,1,False,9,283,249,0.4705170551070782,0.001993441492035106,True,250.83231299184618,0.004174007883650188,0.04517577955746385,0.9271485211935979
marked_gaussian_evidence_guarded_scalar_once_spatial_range,191,2,False,9,283,249,0.4705170551070779,0.0019934414920351347,True,8.146115869702479,0.7221043673320072,4.300701473728037,0.9742880783681278
marked_gaussian_evidence_guarded_scalar_once_spatial_range,192,1,False,9,281,249,0.491475135252116,0.002086893473980273,True,251.75509104969922,0.004177519204079479,0.03408115496125422,0.9231918248464849
marked_gaussian_evidence_guarded_scalar_once_spatial_range,192,2,False,9,281,249,0.49147513525211595,0.0020868934739803023,True,21.6117015369186,0.5641649937581292,3.9262044383489125,0.8460424421989057
marked_gaussian_evidence_guarded_scalar_once_spatial_range,193,1,False,8,277,249,0.5197744725918723,0.002204925716224863,True,252.26379774720593,0.004166761864633161,0.07196183858624701,0.953192705774422
marked_gaussian_evidence_guarded_scalar_once_spatial_range,193,2,False,8,277,249,0.5197744725918721,0.002204925716224863,True,217.73440482307964,0.06836040590496582,3.86811585857935,0.5133687003009515
marked_gaussian_evidence_guarded_scalar_once_spatial_range,194,1,False,8,275,249,0.595046612705951,0.002464514967328404,True,252.18052207103602,0.004147657226486952,0.06130070533412322,0.9458613222771786
marked_gaussian_evidence_guarded_scalar_once_spatial_range,194,2,False,8,275,249,0.595046612705951,0.002464514967328404,True,1.9993175073350884,0.7667289260266266,29.730090281345422,0.2611499769803071
marked_gaussian_evidence_guarded_scalar_once_spatial_range,195,1,False,8,270,252,0.4759909309378323,0.0019064403231389697,True,254.19742184922598,0.004014208947742148,0.03945285854593812,0.8733049744958545
marked_gaussian_evidence_guarded_scalar_once_spatial_range,195,2,False,8,270,252,0.4759909309378323,0.0019064403231389697,True,1.0000013601300501,0.9999999216989706,26.203380218912535,0.9978381299744628
marked_gaussian_evidence_guarded_scalar_once_spatial_range,196,1,False,8,269,251,0.4804323062941149,0.0019198195806217865,True,252.22856855542864,0.003995898218906041,0.06408518772225984,0.8978128417380717
marked_gaussian_evidence_guarded_scalar_once_spatial_range,196,2,False,8,269,251,0.4804323062941149,0.0019198195806217865,True,1.0012079472976994,0.9998798274242877,26.59296014079977,0.9894954998567966
marked_gaussian_evidence_guarded_scalar_once_spatial_range,197,1,False,8,270,250,0.49306282094020215,0.001973784308456314,True,251.74883027469113,0.003996710249881344,0.08781263801348846,0.9500718413366291
marked_gaussian_evidence_guarded_scalar_once_spatial_range,197,2,False,8,270,250,0.49306282094020215,0.001973784308456314,True,1.001127928224492,0.9998883920652315,26.930185502865193,0.9952007698228603
marked_gaussian_evidence_guarded_scalar_once_spatial_range,198,1,False,8,271,250,0.48899206153384606,0.0019575289010509414,True,251.17561907484745,0.00400044665469626,0.040650883246340086,0.93263569608526
marked_gaussian_evidence_guarded_scalar_once_spatial_range,198,2,False,8,271,250,0.48899206153384606,0.0019575289010509414,True,1.0013359080740152,0.9998720470400628,27.207477905852752,0.9977402666607929
marked_gaussian_evidence_guarded_scalar_once_spatial_range,199,1,False,8,272,249,0.5157724745045792,0.0020716452540113744,True,250.90134414800943,0.004001622373462889,0.09285532593309735,0.9355985767812229
marked_gaussian_evidence_guarded_scalar_once_spatial_range,199,2,False,8,22,0,0.0,0.0,True,1.001361211688565,0.9998707438517235,27.53198816761992,0.9958479448885158
marked_gaussian_evidence_guarded_scalar_once_spatial_range,200,1,False,9,277,251,0.919510046392962,0.0036759772173694106,True,252.0698382528235,0.003994480202484576,0.11501013588422487,0.8947250158851481
marked_gaussian_evidence_guarded_scalar_once_spatial_range,200,2,False,8,274,250,0.47910480594184734,0.001918092484049967,True,1.2818965474141488,0.9439483260066902,35.95704023874231,0.784667954262672
marked_gaussian_evidence_guarded_scalar_once_spatial_range,201,1,False,9,282,249,0.5664217529091791,0.0022751496657488534,True,250.9405041651848,0.0040083651203321104,0.06811917491574063,0.9831913167894339
marked_gaussian_evidence_guarded_scalar_once_spatial_range,201,2,False,9,282,249,0.5664217529091791,0.0022751496657488534,True,1.462917564121425,0.8910240399112235,36.40232513374528,0.770010241755829
marked_gaussian_evidence_guarded_scalar_once_spatial_range,202,1,False,9,282,251,0.4837763214319076,0.0019341227215392007,True,253.37298231652272,0.003993529765926391,0.048224977011482505,0.9076922262546387
marked_gaussian_evidence_guarded_scalar_once_spatial_range,202,2,False,9,282,251,0.4837763214319076,0.0019341227215392007,True,1.0002294490736328,0.9999808818068475,28.43722145848474,0.9888795439882203
marked_gaussian_evidence_guarded_scalar_once_spatial_range,203,1,False,10,278,250,0.4954297815479338,0.001984869071951741,True,251.72106043220322,0.004003891701538061,0.05860063194985308,0.9591537260147989
marked_gaussian_evidence_guarded_scalar_once_spatial_range,203,2,False,9,27,0,0.0,0.0,True,1.0000414397643795,0.99999699347014,29.58718130535832,0.051439010781203304
marked_gaussian_evidence_guarded_scalar_once_spatial_range,204,1,False,10,275,250,0.48103194299925617,0.0019266996984663508,True,251.15098367770935,0.004005130752771195,0.06207674993916809,0.9015716493150084
marked_gaussian_evidence_guarded_scalar_once_spatial_range,204,2,False,10,275,250,0.48103194299925617,0.0019266996984663508,True,1.2221971194822057,0.9492731140215778,29.574749677419533,0.8283063127145824
marked_gaussian_evidence_guarded_scalar_once_spatial_range,205,1,False,10,278,250,0.4913133329183903,0.001967302529995066,True,250.92255048636477,0.004003657868543949,0.0628590764247227,0.9420055294589762
marked_gaussian_evidence_guarded_scalar_once_spatial_range,205,2,False,10,278,250,0.4913133329183903,0.001967302529995066,True,1.176702378052581,0.9616340206607948,29.683789072424418,0.5470658000712257
marked_gaussian_evidence_guarded_scalar_once_spatial_range,206,1,False,11,280,250,0.9608599643046947,0.0038499274391103964,True,251.14205067036664,0.004001615120435521,0.06583152851386327,0.9377951884173819
marked_gaussian_evidence_guarded_scalar_once_spatial_range,206,2,False,10,277,250,0.49031137266557634,0.001963033766132478,True,1.133861356657466,0.972588438839658,29.702429292642826,0.5127743023539407
marked_gaussian_evidence_guarded_scalar_once_spatial_range,207,1,False,10,275,249,0.5002958325586554,0.0020095697889687195,True,250.55651846770613,0.004008397676454764,0.06561758132762427,0.9589538105297073
marked_gaussian_evidence_guarded_scalar_once_spatial_range,207,2,False,10,275,249,0.5002958325586554,0.0020095697889687195,True,1.107831757736112,0.9788702099158113,29.995786236153048,0.6840328893609121
marked_gaussian_evidence_guarded_scalar_once_spatial_range,208,1,False,10,279,250,0.4963578225397474,0.0019871264663487184,True,250.3773009279693,0.004005255855693448,0.073969130096442,0.9601403158382925
marked_gaussian_evidence_guarded_scalar_once_spatial_range,208,2,False,10,279,250,0.4963578225397474,0.0019871264663487184,True,1.14229542102584,0.9705137203724408,29.946632165775068,0.6073225538790162
marked_gaussian_evidence_guarded_scalar_once_spatial_range,209,1,False,11,274,249,0.49148076712966793,0.001973919282952316,True,251.12822496811506,0.00400074680516445,0.04775826755425418,0.94846986013976
marked_gaussian_evidence_guarded_scalar_once_spatial_range,209,2,False,11,274,249,0.49148076712966793,0.001973919282952316,True,1.0138781710079106,0.9981370510022433,9.779924119095908,0.5855993148508054
marked_gaussian_evidence_guarded_scalar_once_spatial_range,210,1,False,10,272,249,0.4843191848888037,0.0019451257304339523,True,250.38813755208164,0.004004638576336285,0.042165136083119684,0.9196206962901754
marked_gaussian_evidence_guarded_scalar_once_spatial_range,210,2,False,10,272,249,0.4843191848888037,0.0019451257304339523,True,1.1600765492795337,0.9659691495090154,9.875147421598884,0.6974067224178707
marked_gaussian_evidence_guarded_scalar_once_spatial_range,211,1,False,10,273,250,0.49059854865913227,0.0019638532335556564,True,250.3936076088694,0.00400442512348419,0.02084135724080894,0.9382184182160719
marked_gaussian_evidence_guarded_scalar_once_spatial_range,211,2,False,10,273,250,0.49059854865913227,0.0019638532335556564,True,1.0468850344081448,0.9921605923989494,29.81270160880803,0.5577675146944451
marked_gaussian_evidence_guarded_scalar_once_spatial_range,212,1,False,10,269,250,0.4976260691281344,0.0019920115869612822,True,250.9070527289575,0.004001289595657761,0.033692282088099726,0.9664785344018924
marked_gaussian_evidence_guarded_scalar_once_spatial_range,212,2,False,10,269,250,0.4976260691281344,0.0019920115869612822,True,1.0011563709920972,0.9998880416441985,33.24317221541638,0.9999778612406393
marked_gaussian_evidence_guarded_scalar_once_spatial_range,213,1,False,10,270,249,0.5894158502110045,0.0023675433209250614,True,250.89595187441302,0.004001480804414709,0.008656144748537497,0.9597187341134159
marked_gaussian_evidence_guarded_scalar_once_spatial_range,213,2,False,10,270,249,0.5894158502110041,0.0023675433209250614,True,5.586585892047761,0.7821538741561374,4.068718585950331,0.9157522379712806
marked_gaussian_evidence_guarded_scalar_once_spatial_range,214,1,False,10,273,250,0.55395682420013,0.002218447192253331,True,253.11062401874176,0.003983568136098713,0.03971441525767842,0.968869392033248
marked_gaussian_evidence_guarded_scalar_once_spatial_range,214,2,False,10,273,250,0.5539568242001287,0.0022184471922532993,True,21.64618297258838,0.5600056763647812,4.0235378061813964,0.9856737329723899
marked_gaussian_evidence_guarded_scalar_once_spatial_range,215,1,False,10,271,250,0.5474046388431889,0.002192544996160708,True,253.59918410559413,0.003980516315535419,0.053468525999527255,0.9535816732191627
marked_gaussian_evidence_guarded_scalar_once_spatial_range,215,2,False,10,271,250,0.5474046388431892,0.002192544996160708,True,96.2505505119507,0.2761036399854953,3.8792368406658597,0.69523332530695
marked_gaussian_evidence_guarded_scalar_once_spatial_range,216,1,False,10,268,250,0.4874181315066187,0.0019509955236181162,True,252.5664606708895,0.003988022221566626,0.06809956098325791,0.9255597331186218
marked_gaussian_evidence_guarded_scalar_once_spatial_range,216,2,False,10,268,250,0.48741813150661883,0.0019509955236181162,True,1.022616051407948,0.9975653860567633,6.532080689368406,0.8931757197751835
marked_gaussian_evidence_guarded_scalar_once_spatial_range,217,1,False,10,269,250,0.4931944394604026,0.0019739055682107156,True,250.957939518601,0.003999954691415389,0.05899454786044703,0.9487610502505253
marked_gaussian_evidence_guarded_scalar_once_spatial_range,217,2,False,10,21,0,0.0,0.0,True,1.0056276910220476,0.9993237529049929,23.33259066643812,0.9336133915899854
marked_gaussian_evidence_guarded_scalar_once_spatial_range,218,1,False,10,268,250,0.4876792639308838,0.0019520778080851645,True,250.96554808792683,0.0040004649604858935,0.0643968139473203,0.9271544847564186
marked_gaussian_evidence_guarded_scalar_once_spatial_range,218,2,False,10,268,250,0.4876792639308838,0.0019520778080851645,True,2.735228358640019,0.5373774352433383,29.758725144650366,0.0062235943373359845
marked_gaussian_evidence_guarded_scalar_once_spatial_range,219,1,False,10,268,250,0.48866588610452455,0.0019560604338126992,True,250.9239221233433,0.004000977024875448,0.060550218160909434,0.9312575355058407
marked_gaussian_evidence_guarded_scalar_once_spatial_range,219,2,False,10,268,250,0.48866588610452455,0.0019560604338126992,True,1.0031961473935815,0.9996429585988876,25.159482159529425,0.9883934423771318
marked_gaussian_evidence_guarded_scalar_once_spatial_range,220,1,False,10,266,250,0.49578092579384836,0.0019845816923400746,True,250.90902327036832,0.004001153466644265,0.05456849460861239,0.9592151183431611
marked_gaussian_evidence_guarded_scalar_once_spatial_range,220,2,False,10,266,250,0.49578092579384836,0.0019845816923400746,True,1.0084082145325992,0.9990156757297467,25.915394683306207,0.9988667080612498
marked_gaussian_evidence_guarded_scalar_once_spatial_range,221,1,False,10,268,250,0.4951456715279413,0.001982073230576496,True,250.90761729230923,0.0040012310849016075,0.03516851984425861,0.9563819541853165
marked_gaussian_evidence_guarded_scalar_once_spatial_range,221,2,False,10,268,250,0.4951456715279413,0.001982073230576496,True,1.0050553434084133,0.9994011269086618,26.479064267167423,0.9937237725016946
marked_gaussian_evidence_guarded_scalar_once_spatial_range,222,1,False,10,270,250,0.967666639908883,0.003875907869195631,True,250.90493451646,0.0040012471669175565,0.05491960265650315,0.9442183056782973
marked_gaussian_evidence_guarded_scalar_once_spatial_range,222,2,False,10,267,250,0.49204709974760164,0.0019696588013469575,True,1.001446915245431,0.9998551716102754,38.52267211238246,0.9990623051005313
marked_gaussian_evidence_guarded_scalar_once_spatial_range,223,1,False,10,268,249,0.502440875874268,0.002017835457495777,True,250.5602365795043,0.004006979052057744,0.05362690795592121,0.9672816208994768
marked_gaussian_evidence_guarded_scalar_once_spatial_range,223,2,False,10,268,249,0.502440875874268,0.002017835457495777,True,1.0014589221903138,0.9998533564251333,39.33213102387669,0.9999744501754324
marked_gaussian_evidence_guarded_scalar_once_spatial_range,224,1,False,10,271,250,0.9288280265136977,0.0037202939912918884,True,250.38150565250623,0.004004506979646054,0.048677824319571225,0.9041550011139766
marked_gaussian_evidence_guarded_scalar_once_spatial_range,224,2,False,10,271,250,0.4820539236108555,0.0019296404858710728,True,1.0015514801067507,0.9998430746234078,39.95358441337893,0.9994229966997014
marked_gaussian_evidence_guarded_scalar_once_spatial_range,225,1,False,9,269,250,0.5024354736474116,0.002012672766798398,True,250.5442541509279,0.0040070390539014,0.07708579953184173,0.963975711931987
marked_gaussian_evidence_guarded_scalar_once_spatial_range,225,2,False,9,269,250,0.5024354736474116,0.002012672766798398,True,1.0015362354191677,0.9998449267586167,40.60573753463662,0.9999635905214311
marked_gaussian_evidence_guarded_scalar_once_spatial_range,226,1,False,9,270,250,0.48993365419072016,0.001961210969400143,True,250.7614883096886,0.00400254549030518,0.03913696606826184,0.9352681528617369
marked_gaussian_evidence_guarded_scalar_once_spatial_range,226,2,False,9,270,250,0.48993365419072016,0.001961210969400143,True,1.0016218812362856,0.9998351245816951,41.18557136591738,0.9998344336798826
marked_gaussian_evidence_guarded_scalar_once_spatial_range,227,1,False,9,272,250,0.9875296693608793,0.0039553899281546305,True,250.89735037775836,0.0040012653064012875,0.057757624060808366,0.9643264901110937
marked_gaussian_evidence_guarded_scalar_once_spatial_range,227,2,False,9,272,250,0.49708238764367985,0.0019897911572144575,True,1.0015764697952743,0.9998396378958543,41.79027698352538,0.999883632656333
marked_gaussian_evidence_guarded_scalar_once_spatial_range,228,1,False,9,272,250,0.5041740572501481,0.0020197626164984747,True,250.542155770066,0.004007156503341808,0.06676181936255454,0.9681610358070482
marked_gaussian_evidence_guarded_scalar_once_spatial_range,228,2,False,9,272,250,0.5041740572501481,0.0020197626164984747,True,1.0015985814320676,0.9998378909367186,42.63896450013883,0.9997756707439833
marked_gaussian_evidence_guarded_scalar_once_spatial_range,229,1,False,9,275,250,0.49271688729325397,0.0019723797123751686,True,250.7496456475396,0.004002671660985974,0.04700705094565211,0.9460689473668746
marked_gaussian_evidence_guarded_scalar_once_spatial_range,229,2,False,9,275,250,0.49271688729325397,0.0019723797123751686,True,1.001715807544079,0.9998243860946966,43.19792226310027,0.9989218769324958
marked_gaussian_evidence_guarded_scalar_once_spatial_range,230,1,False,9,271,250,0.494058614291585,0.0019777022642988957,True,251.1252799712719,0.004000335410236379,0.041392668138748714,0.9524454698191087
marked_gaussian_evidence_guarded_scalar_once_spatial_range,230,2,False,9,271,250,0.494058614291585,0.0019777022642988957,True,1.0017243423301925,0.9998237561502678,44.16876805321179,0.9999631433054602
marked_gaussian_evidence_guarded_scalar_once_spatial_range,231,1,False,9,271,250,0.48541353874155435,0.0019430874413162568,True,250.90460668046495,0.004001247758789698,0.049857391588657415,0.9183366791777923
marked_gaussian_evidence_guarded_scalar_once_spatial_range,231,2,False,9,271,250,0.48541353874155435,0.0019430874413162568,True,1.001700719411207,0.9998253312708407,44.66479200985909,0.9990857974965199
marked_gaussian_evidence_guarded_scalar_once_spatial_range,232,1,False,9,273,250,0.49164472460682557,0.0019680005273002205,True,251.13666631856555,0.004000158178945151,0.05172505163700242,0.9433000902007539
marked_gaussian_evidence_guarded_scalar_once_spatial_range,232,2,False,9,273,250,0.49164472460682557,0.0019680005273002205,True,1.001757599338602,0.9998198260180766,45.50154305387202,0.9999935894143372
marked_gaussian_evidence_guarded_scalar_once_spatial_range,233,1,False,9,274,250,0.4972626626541744,0.00199053707500614,True,251.1416175330024,0.00400019676354818,0.016432032305835377,0.9652194258823983
marked_gaussian_evidence_guarded_scalar_once_spatial_range,233,2,False,9,274,250,0.4972626626541744,0.00199053707500614,True,1.0017882744001676,0.9998160649169885,46.21655221139383,0.9999743608984609
marked_gaussian_evidence_guarded_scalar_once_spatial_range,234,1,False,10,272,250,0.48650286064422144,0.001947470603063449,True,251.134142902105,0.004000329966936025,0.0373912975571454,0.9226423729227764
marked_gaussian_evidence_guarded_scalar_once_spatial_range,234,2,False,10,272,250,0.48650286064422144,0.001947470603063449,True,1.0018479794522321,0.9998090848290861,46.801397439572305,0.9999903765593366
marked_gaussian_evidence_guarded_scalar_once_spatial_range,235,1,False,9,273,250,0.4934410435542743,0.001975203144709204,True,251.1397499975362,0.004000149869310064,0.05137014095214747,0.9503442967947757
marked_gaussian_evidence_guarded_scalar_once_spatial_range,235,2,False,9,273,250,0.4934410435542743,0.001975203144709204,True,1.0018666964695708,0.9998062570959821,47.764766683824426,0.9999794767368357
marked_gaussian_evidence_guarded_scalar_once_spatial_range,236,1,False,9,273,250,0.49783673811255724,0.0019928463594941852,True,251.13570872650024,0.0040002756627719495,0.058169332449503126,0.9674014336388399
marked_gaussian_evidence_guarded_scalar_once_spatial_range,236,2,False,9,273,250,0.49783673811255724,0.0019928463594941852,True,1.001902659185071,0.9998012356265074,48.38334312141698,0.9999810381603178
marked_gaussian_evidence_guarded_scalar_once_spatial_range,237,1,False,9,273,250,0.48448513408307237,0.001939391214748313,True,251.12914644809294,0.004000369523308219,0.07113477214083058,0.9147670827564811
marked_gaussian_evidence_guarded_scalar_once_spatial_range,237,2,False,9,273,250,0.48448513408307237,0.001939391214748313,True,1.0006319529778112,0.9999411833050573,21.523914869425763,0.964622726112987
marked_gaussian_evidence_guarded_scalar_once_spatial_range,238,1,False,9,271,250,0.4977708600047047,0.0019925325290134632,True,251.14405796231733,0.00400008302988962,0.0722115424540299,0.9675640866185515
marked_gaussian_evidence_guarded_scalar_once_spatial_range,238,2,False,9,271,250,0.4977708600047047,0.0019925325290134632,True,1.002087252868389,0.9997808299500036,49.720547627188765,0.999960720286035
marked_gaussian_evidence_guarded_scalar_once_spatial_range,239,1,False,9,270,250,0.49520180704519184,0.001982315478679498,True,250.9074485778264,0.004001264941347128,0.07412462852478958,0.9564789711075079
marked_gaussian_evidence_guarded_scalar_once_spatial_range,239,2,False,9,270,250,0.49520180704519184,0.001982315478679498,True,1.0,1.0,22.92486580541537,0.9674720847290915
marked_gaussian_evidence_guarded_scalar_once_spatial_range,240,1,False,9,272,250,0.4991330704246319,0.001998047765907699,True,251.12976519545347,0.004000344903486481,0.08680447856255674,0.972435534446773
marked_gaussian_evidence_guarded_scalar_once_spatial_range,240,2,False,9,272,250,0.4991330704246319,0.001998047765907699,True,1.0021750682197648,0.9997709552780456,51.49090653768347,0.9999744497927054
