arm,frame,robot,detected,output_count,active_components,near_active_components,near_total_r,near_max_r,association_has_column,association_effective_labels,association_largest_share,association_nearest_distance_m,association_joint_mass
marked_gaussian_evidence_range,1,1,False,0,0,0,0.0,0.0,False,,,,
marked_gaussian_evidence_range,1,2,False,0,0,0,0.0,0.0,False,,,,
marked_gaussian_evidence_range,2,1,False,2,9,1,0.010432654096559416,0.010432654096559416,True,2.213184274790416,0.585415501140231,0.06757423227289326,0.1062352979724278
marked_gaussian_evidence_range,2,2,False,2,9,1,0.010432654096559416,0.010432654096559416,False,,,,
marked_gaussian_evidence_range,3,1,False,3,19,1,0.009073840137579727,0.009073840137579727,True,3.982494144451483,0.354176876172875,0.07036703932767976,0.16292125840893623
marked_gaussian_evidence_range,3,2,False,3,19,1,0.009073840137579727,0.009073840137579727,False,,,,
marked_gaussian_evidence_range,4,1,False,3,23,3,0.050012651785004726,0.022661713361882878,True,5.962273752295602,0.25400318614298695,0.0560528450527953,0.4573107485120154
marked_gaussian_evidence_range,4,2,False,3,23,3,0.050012651785004726,0.022661713361882878,False,,,,
marked_gaussian_evidence_range,5,1,False,4,30,5,0.08940845086024674,0.02883497990701671,True,8.00674679788556,0.19761337200809448,0.09935741134367751,0.5492152016838697
marked_gaussian_evidence_range,5,2,False,4,30,5,0.08940845086024674,0.02883497990701671,False,,,,
marked_gaussian_evidence_range,6,1,False,4,36,8,0.1460942895616129,0.03507749396109088,True,9.93939073823188,0.18103522000956518,0.10656854480590164,0.70478921985354
marked_gaussian_evidence_range,6,2,False,4,36,8,0.1460942895616129,0.03507749396109088,False,,,,
marked_gaussian_evidence_range,7,1,False,5,42,10,0.2212051122121578,0.046208848425404875,True,11.282829174436383,0.17659645438518276,0.05378356768864491,0.7710732510556569
marked_gaussian_evidence_range,7,2,False,5,42,10,0.2212051122121578,0.046208848425404875,False,,,,
marked_gaussian_evidence_range,8,1,False,5,48,15,0.28341541278396576,0.05716143082431063,True,11.86282582923177,0.18149635570556621,0.051262000733259636,0.8954945503115572
marked_gaussian_evidence_range,8,2,False,4,33,13,0.09311642264035279,0.017934834696130983,True,1.009428606060121,0.9987829367886791,35.07648949985105,6.441546864375728e-21
marked_gaussian_evidence_range,9,1,False,5,54,20,0.1846637534334424,0.03218841023764848,True,12.51032816424443,0.18504781523564387,0.05706067093004055,0.8490076446668234
marked_gaussian_evidence_range,9,2,False,4,31,11,0.03624338129571513,0.0068302390639775395,True,1.0000000000031402,0.9999999999999022,35.64463907174475,0.000540846654425169
marked_gaussian_evidence_range,10,1,False,5,60,23,0.16834683323187793,0.01992107266488721,True,16.899092721347905,0.15603924859650062,0.04529137185970938,0.891925856833452
marked_gaussian_evidence_range,10,2,False,5,60,23,0.16834683323187793,0.01992107266488721,True,1.2691056207213565,0.9358218247793579,35.80341075488868,0.038233130344598604
marked_gaussian_evidence_range,11,1,False,5,67,27,0.22547609359604262,0.023312328969884888,True,23.866210919077268,0.113485328242458,0.11247041930649476,0.7809730564892089
marked_gaussian_evidence_range,11,2,False,5,67,27,0.22547609359604262,0.023312328969884888,True,2.7506728866654857,0.5331953630740625,35.99589844149703,0.11599009345854651
marked_gaussian_evidence_range,12,1,False,5,73,27,0.29463587477481,0.032835888473266794,True,24.09865149085572,0.11637972398234674,0.051580401947551806,0.8462129571586711
marked_gaussian_evidence_range,12,2,False,5,73,27,0.29463587477481,0.032835888473266794,False,,,,
marked_gaussian_evidence_range,13,1,False,6,80,29,0.36332596085380675,0.06705375421595312,True,22.797319420720942,0.13470983926620908,0.03365421759250316,0.8917872207236422
marked_gaussian_evidence_range,13,2,False,6,80,29,0.36332596085380675,0.06705375421595312,False,,,,
marked_gaussian_evidence_range,14,1,False,6,82,29,0.4251857681328263,0.1315323470701231,True,19.46352098112748,0.22852444578832118,0.03193951217151648,0.9364403533048445
marked_gaussian_evidence_range,14,2,False,6,82,29,0.4251857681328263,0.1315323470701231,False,,,,
marked_gaussian_evidence_range,15,1,False,6,76,20,0.42136457416424195,0.23513429327016974,True,14.525729086439746,0.36182657018046976,0.09931305650821314,0.9189788861640332
marked_gaussian_evidence_range,15,2,False,6,76,20,0.42136457416424195,0.23513429327016974,False,,,,
marked_gaussian_evidence_range,16,1,False,6,79,9,0.34930992685170076,0.2568332196674639,True,8.961000828392814,0.5244422554592327,0.11344635573578923,0.9382825760941574
marked_gaussian_evidence_range,16,2,False,6,79,9,0.34930992685170076,0.2568332196674639,False,,,,
marked_gaussian_evidence_range,17,1,False,6,82,7,0.36473756858145656,0.28906961575968265,True,7.8930738309486745,0.574730922059747,0.03564853079705343,0.9392213956984127
marked_gaussian_evidence_range,17,2,False,6,82,7,0.36473756858145656,0.28906961575968265,False,,,,
marked_gaussian_evidence_range,18,1,True,8,81,4,0.8488273569632184,0.7185925117899604,True,6.472584824975147,0.6365287587803665,0.045649281019597344,0.9489064846356112
marked_gaussian_evidence_range,18,2,False,6,54,7,0.16912257401222844,0.13991338713859905,False,,,,
marked_gaussian_evidence_range,19,1,True,7,90,1,0.433355449410174,0.433355449410174,True,4.118157847133794,0.7451520687263627,0.041851459391518776,0.9812979834149965
marked_gaussian_evidence_range,19,2,True,7,90,1,0.433355449410174,0.433355449410174,False,,,,
marked_gaussian_evidence_range,20,1,True,7,94,2,0.7025985550411288,0.6996176583007994,True,3.0281449413125174,0.8236523716100759,0.09105700630675714,0.9783048401421388
marked_gaussian_evidence_range,20,2,True,7,94,2,0.7025985550411288,0.6996176583007994,False,,,,
marked_gaussian_evidence_range,21,1,True,7,97,1,0.8690832560048214,0.8690832560048214,True,1.9071397599969035,0.908806655579678,0.09168980582450387,0.9619911692257784
marked_gaussian_evidence_range,21,2,True,7,97,1,0.8690832560048214,0.8690832560048214,False,,,,
marked_gaussian_evidence_range,22,1,True,7,98,1,0.9570006202571986,0.9570006202571986,True,1.4439235642108008,0.9531668527725363,0.06143679940974246,0.9855753743378688
marked_gaussian_evidence_range,22,2,True,7,98,1,0.9570006202571986,0.9570006202571986,False,,,,
marked_gaussian_evidence_range,23,1,True,7,99,1,0.9860401567624751,0.9860401567624751,True,1.2164615829003487,0.9773548762799789,0.1200661223864506,0.9832016667779994
marked_gaussian_evidence_range,23,2,True,7,99,1,0.9860401567624751,0.9860401567624751,False,,,,
marked_gaussian_evidence_range,24,1,True,7,77,1,0.9946973998411219,0.9946973998411219,True,1.1018201687020936,0.9898211409043968,0.04687810512051207,0.9910763824911015
marked_gaussian_evidence_range,24,2,True,7,77,1,0.9946973998411219,0.9946973998411219,False,,,,
marked_gaussian_evidence_range,25,1,True,7,76,1,0.996635187479933,0.996635187479933,True,1.0598690512296804,0.9942439415871643,0.11109578156562097,0.9913233802208445
marked_gaussian_evidence_range,25,2,True,7,76,1,0.996635187479933,0.996635187479933,False,,,,
marked_gaussian_evidence_range,26,1,True,7,78,1,0.9974659113195177,0.9974659113195177,True,1.0499650058778434,0.9952654978023808,0.1446768418821758,0.9943757415984363
marked_gaussian_evidence_range,26,2,True,7,78,1,0.9974659113195177,0.9974659113195177,False,,,,
marked_gaussian_evidence_range,27,1,True,7,80,1,0.9976691640655164,0.9976691640655164,True,1.0438526180507632,0.9959032240305326,0.09425574860562583,0.9953683389198648
marked_gaussian_evidence_range,27,2,True,7,80,1,0.9976691640655164,0.9976691640655164,False,,,,
marked_gaussian_evidence_range,28,1,True,7,82,1,0.9971807755071755,0.9971807755071755,True,1.042516483008429,0.9960589463002111,0.14609414399609785,0.9913177387687805
marked_gaussian_evidence_range,28,2,True,7,82,1,0.9971807755071755,0.9971807755071755,False,,,,
marked_gaussian_evidence_range,29,1,True,6,85,1,0.9974416353219556,0.9974416353219556,True,1.0447524554952463,0.9958481746797848,0.06595437955072765,0.993640771974074
marked_gaussian_evidence_range,29,2,True,6,85,1,0.9974416353219556,0.9974416353219556,False,,,,
marked_gaussian_evidence_range,30,1,True,7,88,1,0.997544567779193,0.997544567779193,True,1.0460940182140195,0.9957414604333964,0.10946912424036814,0.9946027480735246
marked_gaussian_evidence_range,30,2,True,7,88,1,0.997544567779193,0.997544567779193,False,,,,
marked_gaussian_evidence_range,31,1,True,7,94,1,0.997494796932571,0.997494796932571,True,1.046822495475949,0.9956924705209577,0.08829915880796961,0.994342743535131
marked_gaussian_evidence_range,31,2,True,7,42,1,0.987569122101401,0.987569122101401,False,,,,
marked_gaussian_evidence_range,32,1,True,7,98,1,0.9958579683021355,0.9958579683021355,True,1.0475008223192683,0.9956512381096358,0.1276275268101563,0.9927329286036988
marked_gaussian_evidence_range,32,2,True,7,98,1,0.9958579683021355,0.9958579683021355,False,,,,
marked_gaussian_evidence_range,33,1,True,7,102,1,0.9970286947308352,0.9970286947308352,True,1.0500357350410183,0.9954130851102104,0.13037048703411427,0.9944765838464378
marked_gaussian_evidence_range,33,2,True,7,102,1,0.9970286947308352,0.9970286947308352,False,,,,
marked_gaussian_evidence_range,34,1,True,7,104,1,0.9976004379702992,0.9976004379702992,True,1.0522418942586929,0.9952049002451597,0.06686490791099757,0.9960480659251949
marked_gaussian_evidence_range,34,2,True,7,104,1,0.9976004379702992,0.9976004379702992,False,,,,
marked_gaussian_evidence_range,35,1,True,7,109,1,0.9971318709079829,0.9971318709079829,True,1.048643599468769,0.9955710242606851,0.07119023561182705,0.9916798275572327
marked_gaussian_evidence_range,35,2,True,7,109,1,0.9971318709079829,0.9971318709079829,False,,,,
marked_gaussian_evidence_range,36,1,True,7,112,1,0.9973617763702438,0.9973617763702438,True,1.0483792923214983,0.9956069050026756,0.06371735568738825,0.9944284603162334
marked_gaussian_evidence_range,36,2,True,7,112,1,0.9973617763702438,0.9973617763702438,False,,,,
marked_gaussian_evidence_range,37,1,True,8,113,1,0.9978073281007335,0.9978073281007335,True,1.051313194451672,0.995327110541757,0.09117330618167116,0.9969848146918245
marked_gaussian_evidence_range,37,2,True,8,113,1,0.9978073281007335,0.9978073281007335,False,,,,
marked_gaussian_evidence_range,38,1,True,8,114,1,0.9974931576587157,0.9974931576587157,True,1.0458017132508033,0.9958780156076895,0.11920467821727368,0.9949214541618139
marked_gaussian_evidence_range,38,2,True,8,114,1,0.9974931576587157,0.9974931576587157,False,,,,
marked_gaussian_evidence_range,39,1,True,8,116,1,0.9974734230624014,0.9974734230624014,True,1.0462394667509307,0.9958379791079356,0.13080897192112637,0.9949646181139188
marked_gaussian_evidence_range,39,2,True,8,116,1,0.9974734230624014,0.9974734230624014,False,,,,
marked_gaussian_evidence_range,40,1,True,8,118,1,0.9976768606867662,0.9976768606867662,True,1.0439145712698723,0.9960718724396749,0.08858551246905268,0.9965715806279583
marked_gaussian_evidence_range,40,2,True,8,118,1,0.9976768606867662,0.9976768606867662,False,,,,
marked_gaussian_evidence_range,41,1,True,8,117,1,0.9972868048107789,0.9972868048107789,True,1.0439388888091787,0.9960687093320153,0.07037480290136493,0.9931224953932064
marked_gaussian_evidence_range,41,2,True,8,117,1,0.9972868048107789,0.9972868048107789,False,,,,
marked_gaussian_evidence_range,42,1,True,8,122,1,0.9973093989225236,0.9973093989225236,True,1.0431089594095388,0.9961572918166968,0.1352366596943447,0.9943545360609585
marked_gaussian_evidence_range,42,2,True,8,122,1,0.9973093989225236,0.9973093989225236,False,,,,
marked_gaussian_evidence_range,43,1,True,8,120,1,0.9975497612693586,0.9975497612693586,True,1.0449634794675056,0.9959822007993446,0.0833394835762643,0.9953538615140582
marked_gaussian_evidence_range,43,2,True,8,120,1,0.9975497612693586,0.9975497612693586,True,1.012845414801597,0.9982648174210562,54.83688755796934,2.1432259073167838e-38
marked_gaussian_evidence_range,44,1,True,8,126,1,0.997726179468456,0.997726179468456,True,1.042944467806708,0.9961888820434427,0.07579585839954701,0.997003646892171
marked_gaussian_evidence_range,44,2,True,8,69,1,0.987574263656665,0.987574263656665,False,,,,
marked_gaussian_evidence_range,45,1,True,8,130,1,0.9938455595986752,0.9938455595986752,True,1.0451930233700524,0.9959858664441041,0.07599994338219847,0.997419553147502
marked_gaussian_evidence_range,45,2,True,8,130,1,0.9938455595986752,0.9938455595986752,False,,,,
marked_gaussian_evidence_range,46,1,True,8,129,1,0.9937290059222572,0.9937290059222572,True,1.0471355630906503,0.9958064371569191,0.05281856519235835,0.9955272507952868
marked_gaussian_evidence_range,46,2,True,8,129,1,0.9937290059222572,0.9937290059222572,False,,,,
marked_gaussian_evidence_range,47,1,True,8,134,1,0.9936158966779618,0.9936158966779618,True,1.0504404846205626,0.9954883390588544,0.03337188178640938,0.9942053269050618
marked_gaussian_evidence_range,47,2,True,8,134,1,0.9936158966779618,0.9936158966779618,False,,,,
marked_gaussian_evidence_range,48,1,True,8,137,1,0.9932288900378533,0.9932288900378533,True,1.045704762252278,0.9959684001462055,0.054656727329486246,0.995008822627938
marked_gaussian_evidence_range,48,2,True,8,80,1,0.9606695357729614,0.9606695357729614,False,,,,
marked_gaussian_evidence_range,49,1,True,8,140,1,0.9892779210727847,0.9892779210727847,True,1.0512824481315615,0.9954373697637965,0.0581685833824595,0.9975242990767591
marked_gaussian_evidence_range,49,2,True,8,140,1,0.9892779210727847,0.9892779210727847,False,,,,
marked_gaussian_evidence_range,50,1,True,8,142,1,0.9906710802146591,0.9906710802146591,True,1.0520813988872895,0.9953765396692109,0.13003677900754507,0.9932097231126774
marked_gaussian_evidence_range,50,2,True,8,142,1,0.9906710802146591,0.9906710802146591,True,1.0000000010835357,0.9999999999564078,66.29367577706189,1.5845801410041137e-68
marked_gaussian_evidence_range,51,1,True,8,147,1,0.9927023562287992,0.9927023562287992,True,1.0529208830863732,0.9952976098040757,0.08924475283613055,0.9958426265219119
marked_gaussian_evidence_range,51,2,True,8,20,1,0.9536335973580383,0.9536335973580383,False,,,,
marked_gaussian_evidence_range,52,1,True,8,147,1,0.9857562275360058,0.9857562275360058,True,1.0473553625294292,0.9958426381468986,0.04546557902497019,0.9957833082227232
marked_gaussian_evidence_range,52,2,True,8,147,1,0.9857562275360058,0.9857562275360058,False,,,,
marked_gaussian_evidence_range,53,1,True,9,149,1,0.9990105970418304,0.9990105970418304,True,1.050006547192005,0.9955928653901659,0.06837284706978408,0.994917945872697
marked_gaussian_evidence_range,53,2,True,9,144,1,0.9897637550722226,0.9897637550722226,False,,,,
marked_gaussian_evidence_range,54,1,True,9,148,2,0.9943544304584715,0.9931655153867619,True,1.0409364654935847,0.996493375076363,0.04155659970176547,0.9988055530602725
marked_gaussian_evidence_range,54,2,True,9,148,2,0.9943544304584715,0.9931655153867619,False,,,,
marked_gaussian_evidence_range,55,1,True,9,151,1,0.9941946627381472,0.9941946627381472,True,1.0376065675439012,0.9967463637150676,0.07864627236752818,0.9974134897466908
marked_gaussian_evidence_range,55,2,True,9,151,1,0.9941946627381472,0.9941946627381472,False,,,,
marked_gaussian_evidence_range,56,1,True,9,151,1,0.9947930480350893,0.9947930480350893,True,1.0462209010514243,0.9959342493367451,0.08208080467486802,0.9975904827045203
marked_gaussian_evidence_range,56,2,True,9,151,1,0.9947930480350893,0.9947930480350893,False,,,,
marked_gaussian_evidence_range,57,1,True,10,154,1,0.9994855826718366,0.9994855826718366,True,1.0426834649375953,0.9962799512705512,0.09887432377805208,0.996586316165139
marked_gaussian_evidence_range,57,2,True,9,152,1,0.9941844123311108,0.9941844123311108,False,,,,
marked_gaussian_evidence_range,58,1,True,10,152,2,1.000973540712864,0.9995350265191546,True,1.041859557880589,0.9964127080635626,0.039719495252907425,0.9990820380068323
marked_gaussian_evidence_range,58,2,True,9,151,2,0.9953560441478045,0.9941566395248939,True,1.0390130407054086,0.9936866093010871,32.641485575489284,2.3467832709758288e-36
marked_gaussian_evidence_range,59,1,True,9,152,2,0.9946469051206562,0.9934992985566118,True,1.0389274556469719,0.9966762588231556,0.0830707168783325,0.9983227857462492
marked_gaussian_evidence_range,59,2,True,9,152,2,0.9946469051206562,0.9934992985566118,True,1.0,1.0,32.593402563315735,0.06020001182558284
marked_gaussian_evidence_range,60,1,True,8,154,1,0.9951356094371488,0.9951356094371488,True,1.0358686940964976,0.9969134229808674,0.07681619984072663,0.9984945573786097
marked_gaussian_evidence_range,60,2,True,8,154,1,0.9951356094371488,0.9951356094371488,True,1.7921757915550227,0.7298274288957673,32.43225471951759,0.12689008499381435
marked_gaussian_evidence_range,61,1,True,8,150,1,0.9939014994137263,0.9939014994137263,True,1.0356457175431188,0.9969267713126854,0.04629540010971166,0.9953221215881254
marked_gaussian_evidence_range,61,2,True,8,150,1,0.9939014994137263,0.9939014994137263,True,2.667044501428759,0.5494025772410626,32.3352049730279,0.2774579916816347
marked_gaussian_evidence_range,62,1,True,8,142,1,0.9938535519141787,0.9938535519141787,True,1.0385257367889575,0.996665976774224,0.0820008669988391,0.9967053051246731
marked_gaussian_evidence_range,62,2,True,8,142,1,0.9938535519141787,0.9938535519141787,True,3.312739251318726,0.5087365605061533,32.270453544530376,0.525919939148162
marked_gaussian_evidence_range,63,1,True,8,146,1,0.9942201469323493,0.9942201469323493,True,1.0374909744938283,0.9967580221810048,0.060304704569526225,0.9972408956862789
marked_gaussian_evidence_range,63,2,True,8,146,1,0.9942201469323493,0.9942201469323493,True,3.498913123800573,0.5536231441730558,32.26200262235368,0.6209917477924646
marked_gaussian_evidence_range,64,1,True,8,149,1,0.993266731227316,0.993266731227316,True,1.039227787478494,0.9966057319723443,0.0795192752049788,0.994734345717691
marked_gaussian_evidence_range,64,2,True,8,149,1,0.993266731227316,0.993266731227316,True,3.2101631308238443,0.6345215314576752,32.24008665436323,0.5234466108858128
marked_gaussian_evidence_range,65,1,True,8,153,1,0.9925729087481046,0.9925729087481046,True,1.0420094016557873,0.9963517746998733,0.08209555183358459,0.9939082605962812
marked_gaussian_evidence_range,65,2,True,9,25,1,0.9584459966389653,0.9584459966389653,True,2.783313956823867,0.7091063817857036,32.10116601583492,0.6731788097944018
marked_gaussian_evidence_range,66,1,True,8,155,1,0.986411041012324,0.986411041012324,True,1.0446330587278516,0.9961234801832038,0.06599980548507882,0.9961279292949026
marked_gaussian_evidence_range,66,2,True,8,155,1,0.986411041012324,0.986411041012324,True,2.0643572358035756,0.8105545178534683,31.943306649089752,0.9707750037983518
marked_gaussian_evidence_range,67,1,True,9,157,1,0.998696254214493,0.998696254214493,True,1.0504282049688356,0.995582510756293,0.04927572298403228,0.9912519745550281
marked_gaussian_evidence_range,67,2,True,8,155,1,0.9881397213399518,0.9881397213399518,True,1.5660931099586017,0.9005675300674715,32.058025496969925,0.8317488442345737
marked_gaussian_evidence_range,68,1,True,9,152,2,1.0007431904972093,0.9993478236251315,True,1.0461932447325912,0.99603871907627,0.0349348153204243,0.9978578776404609
marked_gaussian_evidence_range,68,2,True,8,154,2,0.9928157239396055,0.9916344480315025,True,1.3128363185104852,0.946760330304006,31.767677130348332,0.9620587201305738
marked_gaussian_evidence_range,69,1,True,8,154,2,0.9934604924700369,0.9923031621303903,True,1.0428012424841742,0.9963404362982486,0.048842939611930904,0.9976826758228382
marked_gaussian_evidence_range,69,2,True,8,154,2,0.9934604924700369,0.9923031621303903,True,1.1912639722117873,0.9709914384515452,31.773103596231277,0.954073182174883
marked_gaussian_evidence_range,70,1,True,9,156,1,0.9926298928851768,0.9926298928851768,True,1.0387129054789586,0.9966728958090392,0.040988381890688735,0.9957082924734022
marked_gaussian_evidence_range,70,2,True,9,156,1,0.9926298928851768,0.9926298928851768,True,1.2330475376546925,0.9654101552427059,31.716923557479213,0.9094483518377086
marked_gaussian_evidence_range,71,1,True,9,159,1,0.9926500721984856,0.9926500721984856,True,1.0428327906860577,0.9962938460972571,0.07970625736675815,0.9957125348209953
marked_gaussian_evidence_range,71,2,True,9,159,1,0.9926500721984856,0.9926500721984856,True,1.1549218665130367,0.9779263384978452,31.722093907388395,0.9872114357233576
marked_gaussian_evidence_range,72,1,True,9,159,1,0.9934442700677353,0.9934442700677353,True,1.0429989900333845,0.9962767874002534,0.09955328073333283,0.9971791529712617
marked_gaussian_evidence_range,72,2,True,9,159,1,0.9934442700677353,0.9934442700677353,True,1.0526945842212654,0.9934052334836275,31.690189526503122,0.9979766217954514
marked_gaussian_evidence_range,73,1,True,9,159,1,0.9905856908343326,0.9905856908343326,True,1.042129759741393,0.9963556364978193,0.042233186738611615,0.988653590515005
marked_gaussian_evidence_range,73,2,True,9,159,1,0.9905856908343326,0.9905856908343326,True,1.0242570735193561,0.9972372335758574,31.607370832779715,0.9969783513540809
marked_gaussian_evidence_range,74,1,True,9,163,1,0.990762946973643,0.990762946973643,True,1.046059883693391,0.9960003176501133,0.047087991380743204,0.993102943782629
marked_gaussian_evidence_range,74,2,True,9,163,1,0.990762946973643,0.990762946973643,True,1.0098429522573151,0.9988987061055624,31.508568426791683,0.9970271291502125
marked_gaussian_evidence_range,75,1,True,10,167,1,0.9898758638448535,0.9898758638448535,True,1.0455922247726215,0.9960494511230482,0.05412117733474206,0.9908658249679454
marked_gaussian_evidence_range,75,2,True,10,167,1,0.9898758638448535,0.9898758638448535,True,1.0040255985597797,0.9995370246235136,31.472848442884164,0.9965612921032158
marked_gaussian_evidence_range,76,1,True,10,168,1,0.9900478852630173,0.9900478852630173,True,1.0438553837836066,0.9962126075587284,0.06050622674186132,0.9925292184347263
marked_gaussian_evidence_range,76,2,True,10,168,1,0.9900478852630173,0.9900478852630173,True,1.004080813263451,0.9995298545839374,31.400538804888537,0.9978391392854695
marked_gaussian_evidence_range,77,1,True,10,170,1,0.9894285547510367,0.9894285547510367,True,1.0418034533941944,0.9963922471956729,0.05918060669807441,0.9902551322113552
marked_gaussian_evidence_range,77,2,True,10,170,1,0.9894285547510367,0.9894285547510367,True,3.215442841560254,0.5643746146479537,40.117099119661724,0.5366102311566692
marked_gaussian_evidence_range,78,1,True,10,172,1,0.9895714960765399,0.9895714960765399,True,1.040154935659968,0.9965514227924991,0.06272869970874015,0.9924520001246282
marked_gaussian_evidence_range,78,2,True,10,172,1,0.9895714960765399,0.9895714960765399,True,1.0,1.0,31.115789584391614,0.9546901788675656
marked_gaussian_evidence_range,79,1,True,10,170,1,0.9906044291423559,0.9906044291423559,True,1.038035646217346,0.9967384200308458,0.07063913026894945,0.9937818648616779
marked_gaussian_evidence_range,79,2,True,10,170,1,0.9906044291423559,0.9906044291423559,False,,,,
marked_gaussian_evidence_range,80,1,True,9,172,1,0.987925358164927,0.987925358164927,True,1.0364192205110472,0.9968820628035548,0.089886470798468,0.9856740224575764
marked_gaussian_evidence_range,80,2,True,9,172,1,0.987925358164927,0.987925358164927,False,,,,
marked_gaussian_evidence_range,81,1,True,9,173,1,0.9884449494383607,0.9884449494383607,True,1.040906802250769,0.9964812892934442,0.09683389666624291,0.9909645885932555
marked_gaussian_evidence_range,81,2,True,9,173,1,0.9884449494383607,0.9884449494383607,True,1.0,1.0,30.75079573750311,0.70476479223707
marked_gaussian_evidence_range,82,1,True,9,164,1,0.9884252512010634,0.9884252512010634,True,1.0415905161063648,0.9964220891423974,0.05456438340554461,0.9903209373620416
marked_gaussian_evidence_range,82,2,True,9,164,1,0.9884252512010634,0.9884252512010634,False,,,,
marked_gaussian_evidence_range,83,1,True,9,161,1,0.9908416834587744,0.9908416834587744,True,1.0406361241887565,0.9965181158543344,0.10988162286020166,0.9958776046800998
marked_gaussian_evidence_range,83,2,True,9,161,1,0.9908416834587744,0.9908416834587744,True,2.1479765552763315,0.7251363405320137,39.147150548792176,7.869979904131443e-06
marked_gaussian_evidence_range,84,1,True,9,166,1,0.9905707954556616,0.9905707954556616,True,1.0394877675332546,0.9966178120042978,0.09778786706145108,0.9926823344320556
marked_gaussian_evidence_range,84,2,True,9,15,1,0.9522107073528996,0.9522107073528996,False,,,,
marked_gaussian_evidence_range,85,1,True,9,161,1,0.9885526179986673,0.9885526179986673,True,1.0407113464203355,0.9965043154073165,0.06426381982018775,0.9983406344012901
marked_gaussian_evidence_range,85,2,True,9,161,1,0.9885526179986673,0.9885526179986673,False,,,,
marked_gaussian_evidence_range,86,1,True,9,163,1,0.999017656355265,0.999017656355265,True,1.0439977090379422,0.9962161585529955,0.08472257983545375,0.9947123127083963
marked_gaussian_evidence_range,86,2,True,9,163,1,0.9901383286962865,0.9901383286962865,False,,,,
marked_gaussian_evidence_range,87,1,True,9,161,2,0.9925772928439611,0.9914025886699771,True,1.0377040434913456,0.996839640658729,0.08195296594854169,0.9965154015027474
marked_gaussian_evidence_range,87,2,True,9,161,2,0.9925772928439611,0.9914025886699771,False,,,,
marked_gaussian_evidence_range,88,1,True,9,157,1,0.9904736354959784,0.9904736354959784,True,1.0332201537187806,0.9971957589160695,0.08739144764921328,0.9925997226366506
marked_gaussian_evidence_range,88,2,True,9,157,1,0.9904736354959784,0.9904736354959784,True,1.000939009320079,0.9999103179496898,30.441956274636272,1.528208163676019e-19
marked_gaussian_evidence_range,89,1,True,9,14,1,0.9869182431955573,0.9869182431955573,True,1.0134891514863242,0.9989344444457118,0.07896311212900294,0.9942131248862812
marked_gaussian_evidence_range,89,2,True,9,14,1,0.9869182431955573,0.9869182431955573,False,,,,
marked_gaussian_evidence_range,90,1,True,9,14,1,0.9852623928238853,0.9852623928238853,True,1.00136844511899,0.999870207308902,0.07416026837806886,0.9935988501265259
marked_gaussian_evidence_range,90,2,True,9,14,1,0.9852623928238853,0.9852623928238853,True,1.990008130361904,0.5500004453870835,32.05388853703006,0.0018484258131906818
marked_gaussian_evidence_range,91,1,True,9,15,1,0.9894537064711875,0.9894537064711875,True,1.0014068688688154,0.9998662195363587,0.0642205263939614,0.9971958070074906
marked_gaussian_evidence_range,91,2,True,9,15,1,0.9894537064711875,0.9894537064711875,True,1.6248684189344742,0.8649571289713499,31.88531971379977,0.03147339961437866
marked_gaussian_evidence_range,92,1,True,9,16,1,0.9933712665798399,0.9933712665798399,True,1.0137488601495583,0.9982838536828309,0.054113951884488136,0.9792620497356636
marked_gaussian_evidence_range,92,2,True,9,16,1,0.9933712665798399,0.9933712665798399,True,2.072699030034273,0.6264692913208744,31.636080327321533,0.08456575683425441
marked_gaussian_evidence_range,93,1,True,9,22,1,0.9935819603593425,0.9935819603593425,True,1.0329541198521592,0.9959684937533174,0.05445279724919179,0.9698054698157844
marked_gaussian_evidence_range,93,2,True,9,22,1,0.9935819603593425,0.9935819603593425,True,2.7821724520863618,0.5553482906341694,31.347511980690964,0.2919482063892299
marked_gaussian_evidence_range,94,1,True,9,16,1,0.998773895962349,0.998773895962349,True,1.0039970452080778,0.9996358089366819,0.07796268354325396,0.9954410309251914
marked_gaussian_evidence_range,94,2,True,9,23,1,0.9903192358582658,0.9903192358582658,True,1.0002452351486122,0.9999807162645931,30.7831349125223,0.00010038267124972834
marked_gaussian_evidence_range,95,1,True,9,17,1,0.9956057313725928,0.9956057313725928,True,1.0066665500244163,0.9992425510446404,0.08441973851349295,0.9920307725298759
marked_gaussian_evidence_range,95,2,True,9,17,1,0.9956057313725928,0.9956057313725928,True,3.783054712689595,0.4988667537379094,30.602051906893415,0.23025364214539845
marked_gaussian_evidence_range,96,1,True,9,22,1,0.9945958759825005,0.9945958759825005,True,1.0179235112853968,0.9979552687062626,0.040618386094781356,0.9832825812652712
marked_gaussian_evidence_range,96,2,True,9,22,1,0.9945958759825005,0.9945958759825005,True,3.0135429187130036,0.5014505301995422,30.258975680107575,0.14696269390533703
marked_gaussian_evidence_range,97,1,True,9,19,1,0.9990622648179849,0.9990622648179849,True,1.0034709230188448,0.9996855259923866,0.041476966417009195,0.9963619051763302
marked_gaussian_evidence_range,97,2,True,9,22,1,0.9612225614579599,0.9612225614579599,True,2.680532482439502,0.5257377281095899,29.982045133464638,0.09678163685950984
marked_gaussian_evidence_range,98,1,True,9,22,1,0.9995554519192242,0.9995554519192242,True,1.007409998219326,0.9991469383891199,0.0951229083917213,0.978037580492301
marked_gaussian_evidence_range,98,2,True,9,20,1,0.8837860546434584,0.8837860546434584,True,2.488747214531681,0.5428277571565221,29.802164772458756,0.49863290204894484
marked_gaussian_evidence_range,99,1,True,10,26,1,0.9997230544604673,0.9997230544604673,True,1.0203402159276382,0.9976485904728546,0.044937956344475075,0.9895531462915835
marked_gaussian_evidence_range,99,2,True,8,20,1,0.7299443038309998,0.7299443038309998,True,2.254218434350086,0.5221231265071915,37.43796145220059,0.001829725236579619
marked_gaussian_evidence_range,100,1,True,10,32,1,0.9997171620120245,0.9997171620120245,True,1.0370016851545587,0.9955995404224811,0.04982663915443186,0.9950279084221941
marked_gaussian_evidence_range,100,2,True,7,19,1,0.5018083643041767,0.5018083643041767,True,2.0893459401369223,0.7837320153951466,37.03838277142777,0.03452380093991019
marked_gaussian_evidence_range,101,1,True,11,35,1,0.9994546176423798,0.9994546176423798,True,1.0491041450730678,0.9940327588607858,0.01459123017618354,0.9954340780627573
marked_gaussian_evidence_range,101,2,False,6,19,1,0.27603111817126263,0.27603111817126263,True,2.2653717381436738,0.7560875545001052,36.55566614307732,0.24771768975284986
marked_gaussian_evidence_range,102,1,True,10,29,1,0.9986647858268394,0.9986647858268394,True,1.036617544388846,0.995512828138605,0.0612702434879851,0.996860414965627
marked_gaussian_evidence_range,102,2,False,7,18,1,0.1268862354446066,0.1268862354446066,True,2.221095868380592,0.78081079466297,37.0280922826782,0.6284151914032745
marked_gaussian_evidence_range,103,1,True,10,30,1,0.9998402687517904,0.9998402687517904,True,1.030247882570931,0.9963609008417369,0.03749735343735392,0.99690303309072
marked_gaussian_evidence_range,103,2,False,6,19,1,0.052551840311365845,0.052551840311365845,False,,,,
marked_gaussian_evidence_range,104,1,True,11,33,1,0.999178270141014,0.999178270141014,True,1.0268024696593754,0.9969248652582603,0.05698818335245788,0.9902245051634058
marked_gaussian_evidence_range,104,2,False,6,19,1,0.020763835721348052,0.020763835721348052,False,,,,
marked_gaussian_evidence_range,105,1,True,9,23,1,0.9992450300745762,0.9992450300745762,True,1.0252745302594293,0.9969604404965198,0.05239452243633204,0.9988243224718808
marked_gaussian_evidence_range,105,2,False,6,17,1,0.008039023029846411,0.008039023029846411,False,,,,
marked_gaussian_evidence_range,106,1,True,9,22,1,0.9993353771704453,0.9993353771704453,True,1.0040037899528729,0.9996053820404811,0.0719553852227941,0.9966677326842027
marked_gaussian_evidence_range,106,2,False,6,14,1,0.0030890767077846036,0.0030890767077846036,False,,,,
marked_gaussian_evidence_range,107,1,True,9,23,1,0.9997226826598774,0.9997226826598774,True,1.0087103691122872,0.9990502201584687,0.0510837335245769,0.9877346402611836
marked_gaussian_evidence_range,107,2,False,6,13,1,0.0011827577246188708,0.0011827577246188708,False,,,,
marked_gaussian_evidence_range,108,1,True,9,24,1,0.9993263877105363,0.9993263877105363,True,1.0189501534321888,0.9979191228596418,0.021879969483652523,0.9803230042582827
marked_gaussian_evidence_range,108,2,False,6,12,0,0.0,0.0,False,,,,
marked_gaussian_evidence_range,109,1,True,10,26,1,0.9994044538495678,0.9994044538495678,True,1.0284611773748307,0.9968278242063601,0.045280644753644225,0.9921218947963961
marked_gaussian_evidence_range,109,2,False,6,12,0,0.0,0.0,False,,,,
marked_gaussian_evidence_range,110,1,True,10,28,2,1.0006614413600077,0.9993409857632157,True,1.0262882259787565,0.997073307105749,0.038825024169705465,0.9970716884308828
marked_gaussian_evidence_range,110,2,False,6,12,0,0.0,0.0,True,1.7397699886063516,0.8669746192662201,28.086867842343377,1.1268745069e-311
marked_gaussian_evidence_range,111,1,True,10,23,1,0.9994323022089948,0.9994323022089948,True,1.021655911106263,0.9975387914861326,0.05057140941230824,0.9983918280841457
marked_gaussian_evidence_range,111,2,False,6,14,0,0.0,0.0,True,1.0793829226876848,0.9853557534346183,26.48790250405761,0.0024155715888880876
marked_gaussian_evidence_range,112,1,True,9,24,1,0.9992453318461683,0.9992453318461683,True,1.0148286171063245,0.9983149501296393,0.04904137301125394,0.9965931559007639
marked_gaussian_evidence_range,112,2,False,5,15,0,0.0,0.0,True,1.0630484696776261,0.9902310479128049,27.422584183486848,0.0033484529352446717
marked_gaussian_evidence_range,113,1,True,9,23,1,0.9995921394918471,0.9995921394918471,True,1.0087033437485116,0.9990703018505092,0.06875918499295304,0.9984128123832803
marked_gaussian_evidence_range,113,2,False,6,16,0,0.0,0.0,True,2.00920385842991,0.535463501469222,27.209184340531873,0.06355475222777072
marked_gaussian_evidence_range,114,1,True,9,23,1,0.9997074378816466,0.9997074378816466,True,1.004573255186622,0.9995447425372417,0.07189153767717339,0.9986914271701747
marked_gaussian_evidence_range,114,2,False,7,19,0,0.0,0.0,True,2.338598142732495,0.5198937743842087,27.009404979788208,0.6949862356440565
marked_gaussian_evidence_range,115,1,True,9,17,1,0.9994158794258017,0.9994158794258017,True,1.0027573940844539,0.99974193088237,0.08584352655279938,0.9967364704909273
marked_gaussian_evidence_range,115,2,False,7,21,0,0.0,0.0,True,2.163685186215183,0.6027164102197543,27.036502130402436,0.9841195297484949
marked_gaussian_evidence_range,116,1,True,8,16,1,0.998995747351211,0.998995747351211,True,1.0025785551200495,0.999756377922104,0.06237627225631114,0.9943424068950897
marked_gaussian_evidence_range,116,2,False,8,24,0,0.0,0.0,True,1.862252103938405,0.7367320264063588,26.885216517387924,0.9940390845166813
marked_gaussian_evidence_range,117,1,True,9,15,1,0.9995445722989345,0.9995445722989345,True,1.0027736110610386,0.9997349749013043,0.046204382595739536,0.9976781873791942
marked_gaussian_evidence_range,117,2,False,7,24,0,0.0,0.0,True,1.462807658064684,0.8810137620314034,26.819649921034678,0.9969982698007427
marked_gaussian_evidence_range,118,1,True,9,16,1,0.9950639986109678,0.9950639986109678,True,1.123496458039933,0.975376187071584,0.08009353867312048,0.9962084670996426
marked_gaussian_evidence_range,118,2,False,6,21,0,0.0,0.0,True,1.1573607748315395,0.9679233380307991,26.636313159231786,0.994512142368677
marked_gaussian_evidence_range,119,1,True,8,17,1,0.9956777206755583,0.9956777206755583,True,1.0761223632112955,0.9862111881733319,0.0614665593688981,0.9950835155100082
marked_gaussian_evidence_range,119,2,False,6,18,0,0.0,0.0,True,1.2006960635312736,0.9634678249532992,9.807268694382405,3.4100858191887666e-05
marked_gaussian_evidence_range,120,1,True,9,18,1,0.9994534749699853,0.9994534749699853,True,1.013141258218655,0.9983679224582322,0.07214371370798427,0.9936353759500918
marked_gaussian_evidence_range,120,2,False,6,19,0,0.0,0.0,True,1.0056704381993304,0.9993891706435967,9.762092159306667,0.036554317112592334
marked_gaussian_evidence_range,121,1,True,9,18,1,0.999287397003809,0.999287397003809,True,1.0055591906002759,0.9994327839016014,0.07254837022456813,0.9957680016448583
marked_gaussian_evidence_range,121,2,False,7,21,0,0.0,0.0,True,1.2965947123325274,0.9277977539491807,9.721748538037938,0.2757608324897544
marked_gaussian_evidence_range,122,1,True,9,19,1,0.8301991436400913,0.8301991436400913,True,1.2045225622996263,0.954762259543969,3.483331537044233,0.9930974315822966
marked_gaussian_evidence_range,122,2,False,8,22,0,0.0,0.0,True,1.2619256167177686,0.9456973633375142,9.69554672988585,0.9482451351922343
marked_gaussian_evidence_range,123,1,True,9,21,1,0.9810622820359088,0.9810622820359088,True,1.0120091281269272,0.9985649507963378,0.08303720827616741,0.9774803915643574
marked_gaussian_evidence_range,123,2,False,8,22,0,0.0,0.0,True,3.7225999158952465,0.3616901524970395,4.009254279345464,0.053296096551817884
marked_gaussian_evidence_range,124,1,True,9,18,1,0.9986563026677406,0.9986563026677406,True,1.0037129949321377,0.9996352464034023,0.05159638179157058,0.9966020964236411
marked_gaussian_evidence_range,124,2,False,7,24,0,0.0,0.0,True,3.497498281985581,0.4944518887251171,3.932953547494068,0.9821754867467127
marked_gaussian_evidence_range,125,1,True,10,19,1,0.8201642077768658,0.8201642077768658,True,1.1651955974046133,0.9650125723133438,3.5228792165230707,0.9950500424756343
marked_gaussian_evidence_range,125,2,False,8,22,0,0.0,0.0,True,2.3093550957350697,0.7376834872129284,3.9762470423818486,0.9988859098824314
marked_gaussian_evidence_range,126,1,True,11,22,1,0.9795114746731521,0.9795114746731521,True,1.010192336053138,0.9988269371641703,0.03177097888515216,0.9757080501410736
marked_gaussian_evidence_range,126,2,False,8,23,0,0.0,0.0,True,1.5983517124654558,0.8864344045521003,4.056538795459674,0.9402142120976086
marked_gaussian_evidence_range,127,1,True,11,27,1,0.9831867605720731,0.9831867605720731,True,1.1724915327644856,0.9631592300482361,0.04967207406246074,0.9928266540132558
marked_gaussian_evidence_range,127,2,False,7,20,0,0.0,0.0,True,1.0028675146710202,0.9997039296770128,26.66770256673142,0.9998209311667698
marked_gaussian_evidence_range,128,1,True,11,28,1,0.9972921294709381,0.9972921294709381,True,1.005719472138722,0.9993657940622467,0.05031572624499657,0.9917981149328459
marked_gaussian_evidence_range,128,2,False,7,17,0,0.0,0.0,True,1.0030214891200355,0.999682097597414,25.69109267370397,0.9996028593762576
marked_gaussian_evidence_range,129,1,True,12,31,1,0.993190765638067,0.993190765638067,True,1.1448336903940874,0.9701342233355349,0.06537621963130108,0.9964092926348207
marked_gaussian_evidence_range,129,2,False,6,16,0,0.0,0.0,True,1.0268437696594264,0.9962220285121823,23.872732121927005,0.06058555595295957
marked_gaussian_evidence_range,130,1,True,13,35,2,1.0002088919373457,0.9989870789606381,True,1.0065275618561005,0.9992582768534763,0.05407432501368672,0.9953202295819852
marked_gaussian_evidence_range,130,2,False,6,15,0,0.0,0.0,True,1.0023757716929598,0.9997566576819507,25.212750941242707,0.9902474335425824
marked_gaussian_evidence_range,131,1,True,13,35,1,0.9996311467227352,0.9996311467227352,True,1.004110849783595,0.9995873003344654,0.051589845790832915,0.9982600134235853
marked_gaussian_evidence_range,131,2,False,6,15,0,0.0,0.0,True,1.0041157271235999,0.9995522722307757,23.736515805006352,0.9640144212019965
marked_gaussian_evidence_range,132,1,True,13,33,1,0.9996206656134133,0.9996206656134133,True,1.002886506703357,0.9997221755599821,0.05623382425027728,0.9980076216106483
marked_gaussian_evidence_range,132,2,False,5,14,0,0.0,0.0,False,,,,
marked_gaussian_evidence_range,133,1,True,13,34,1,0.9996116625404635,0.9996116625404635,True,1.0030381446075025,0.9997048672848343,0.07599963724473588,0.9979857986301582
marked_gaussian_evidence_range,133,2,False,5,13,0,0.0,0.0,False,,,,
marked_gaussian_evidence_range,134,1,True,13,36,1,0.9991890943464495,0.9991890943464495,True,1.0024232778177533,0.9997731918677429,0.058855474737248406,0.9953837760688565
marked_gaussian_evidence_range,134,2,False,5,13,0,0.0,0.0,True,1.051597525792992,0.9912214026998747,28.01943144308654,2.598286100267537e-07
marked_gaussian_evidence_range,135,1,True,13,36,1,0.9950356857933346,0.9950356857933346,True,1.123506621904389,0.975375362976035,0.0722990595570594,0.9968064392034146
marked_gaussian_evidence_range,135,2,False,4,13,0,0.0,0.0,True,1.0623340154810088,0.9891984751469102,9.838591457570624,3.0581833396865764e-05
marked_gaussian_evidence_range,136,1,True,14,37,1,0.9986224011864433,0.9986224011864433,True,1.0044469332586354,0.999523391828043,0.08269244635451287,0.9936333157322591
marked_gaussian_evidence_range,136,2,False,4,13,0,0.0,0.0,False,,,,
marked_gaussian_evidence_range,137,1,True,12,39,1,0.9943409575628501,0.9943409575628501,True,1.130718155156773,0.9736236518125957,0.09417792242607549,0.9959763651610731
marked_gaussian_evidence_range,137,2,False,4,12,0,0.0,0.0,True,1.0020970116713819,0.9997773827662407,25.631999262119564,0.04732127342911036
marked_gaussian_evidence_range,138,1,True,13,41,2,1.0006557873563404,0.9994445248904718,True,1.0066245196120667,0.9992438753358115,0.07358348226386179,0.9976701484694093
marked_gaussian_evidence_range,138,2,False,5,15,0,0.0,0.0,True,1.1534576037513713,0.9676660013906397,25.48475292057483,0.7105817916645859
marked_gaussian_evidence_range,139,1,True,13,39,1,0.9955047805915429,0.9955047805915429,True,1.1109407337751556,0.9784064460357325,0.06489808707935799,0.9959208923530379
marked_gaussian_evidence_range,139,2,False,6,16,0,0.0,0.0,True,1.0007012052813815,0.9999381650734187,3.970182585090696,6.286954456642911e-08
marked_gaussian_evidence_range,140,1,True,13,38,1,0.9989360431734364,0.9989360431734364,True,1.007931731431882,0.9990743196609932,0.05081532155112087,0.9929216810470858
marked_gaussian_evidence_range,140,2,False,6,18,0,0.0,0.0,True,1.00001713917577,0.9999988440116109,4.046835950538874,0.036526276389560346
marked_gaussian_evidence_range,141,1,True,13,36,1,0.9996963348078685,0.9996963348078685,True,1.0042026004445623,0.9995811462960145,0.0568251415284723,0.9985970660618851
marked_gaussian_evidence_range,141,2,False,5,18,0,0.0,0.0,True,1.2996190746443865,0.9267088119185426,4.029938961571288,0.22132125580911163
marked_gaussian_evidence_range,142,1,True,13,36,1,0.9951872630739907,0.9951872630739907,True,1.124499517212801,0.9751331794252152,0.05077160343976151,0.996829153915451
marked_gaussian_evidence_range,142,2,False,5,18,0,0.0,0.0,True,1.2816554977887258,0.9418736531666818,4.003674924464814,0.837961575545045
marked_gaussian_evidence_range,143,1,True,12,37,1,0.9971631063643568,0.9971631063643568,True,1.0584737079861168,0.9899447413086239,0.03770167553269916,0.9977248501709716
marked_gaussian_evidence_range,143,2,False,5,17,0,0.0,0.0,True,2.744288185915259,0.6592593378384329,9.784586370198094,0.3556409555488514
marked_gaussian_evidence_range,144,1,True,13,38,1,0.9994107837652384,0.9994107837652384,True,1.0182375027204216,0.9975858422721232,0.03577541140049287,0.9923051738343107
marked_gaussian_evidence_range,144,2,False,4,19,0,0.0,0.0,True,1.1013052894997022,0.9806638316129217,26.324719650510765,1.2095286761357365e-05
marked_gaussian_evidence_range,145,1,True,10,37,1,0.6468902698078637,0.6468902698078637,True,1.0079756787065306,0.9991463993910729,0.03951553556406854,0.9981542579732853
marked_gaussian_evidence_range,145,2,False,5,19,0,0.0,0.0,True,1.0033901877932898,0.9996239750012584,26.39252378351145,0.018211666565769797
marked_gaussian_evidence_range,146,1,False,7,34,1,0.22959708415513208,0.22959708415513208,True,1.027220283924401,0.9967506112497126,0.03964059325722988,0.9873474464925934
marked_gaussian_evidence_range,146,2,False,5,19,0,0.0,0.0,True,2.4511162796242907,0.4788246067466481,29.29554745383821,0.0009113026582205046
marked_gaussian_evidence_range,147,1,True,12,42,5,0.9059660441479562,0.8944629553316383,True,1.106049222093176,0.9857193338930672,0.06434110555570793,0.9058438800257639
marked_gaussian_evidence_range,147,2,False,6,39,3,0.08819455512507157,0.08433939843866385,True,1.1384316941019266,0.9758178059831845,3.9526799907387944,0.07292170766659621
marked_gaussian_evidence_range,148,1,True,10,44,1,0.7773333454280202,0.7773333454280202,True,1.0248705345560813,0.9972178297069957,0.08025739217535569,0.986544971624648
marked_gaussian_evidence_range,148,2,True,10,44,1,0.7773333454280202,0.7773333454280202,True,5.815837279466997,0.27853411116185584,4.095406510006405,0.2952896688841938
marked_gaussian_evidence_range,149,1,True,11,49,1,0.9084359735338884,0.9084359735338884,True,1.0839342308234234,0.9894475424266829,0.07216541575981192,0.955401742286795
marked_gaussian_evidence_range,149,2,True,11,49,1,0.9084359735338884,0.9084359735338884,True,4.203823242753059,0.5524745718581024,3.8508272648788604,0.72689905269321
marked_gaussian_evidence_range,150,1,True,11,50,1,0.9544351622279268,0.9544351622279268,True,1.1171067450566392,0.9848327528843885,0.05942246472333614,0.9932089895615654
marked_gaussian_evidence_range,150,2,True,11,50,1,0.9544351622279268,0.9544351622279268,True,1.000872805414649,0.9999293046274983,26.56647715208948,0.9872890329233375
marked_gaussian_evidence_range,151,1,True,11,51,1,0.9735516367036647,0.9735516367036647,True,1.0770244239427849,0.990547170158738,0.034724695433174885,0.9868158392169045
marked_gaussian_evidence_range,151,2,True,11,51,1,0.9735516367036647,0.9735516367036647,True,1.503973563962071,0.8921806544743496,23.71772616440841,0.024860809359445377
marked_gaussian_evidence_range,152,1,True,13,55,1,0.9780560501352008,0.9780560501352008,True,1.0544380756588738,0.9935655733112216,0.06096482851798742,0.973499431991497
marked_gaussian_evidence_range,152,2,True,13,55,1,0.9780560501352008,0.9780560501352008,True,1.5738852205658318,0.9023009651204397,23.47299854847429,0.6457974180019043
marked_gaussian_evidence_range,153,1,True,12,59,1,0.9863389309484634,0.9863389309484634,True,1.047840795511162,0.9945764579083761,0.07459492102439318,0.9884271672505681
marked_gaussian_evidence_range,153,2,True,12,59,1,0.9863389309484634,0.9863389309484634,True,1.0846983750816344,0.9873108598841478,23.404566828600867,0.9893361509038763
marked_gaussian_evidence_range,154,1,True,12,54,1,0.993282060778218,0.993282060778218,True,1.0129231040982527,0.9986508727365001,0.037441576463484554,0.9991943618650588
marked_gaussian_evidence_range,154,2,True,12,54,1,0.993282060778218,0.993282060778218,True,3.8181612652554375,0.5307524901352343,4.02877154193303,0.7071828563806788
marked_gaussian_evidence_range,155,1,True,12,37,1,0.9912606800180414,0.9912606800180414,True,1.0053791978062407,0.9994872327941038,0.06401478719287002,0.9966569590208216
marked_gaussian_evidence_range,155,2,True,12,37,1,0.9912606800180414,0.9912606800180414,True,2.225988764692313,0.5404445226021536,24.479758524351364,0.011737763094963636
marked_gaussian_evidence_range,156,1,True,12,47,1,0.9922761196985658,0.9922761196985658,True,1.015528076727002,0.9981665026854757,0.04328619549196966,0.9742810387937126
marked_gaussian_evidence_range,156,2,True,12,47,1,0.9922761196985658,0.9922761196985658,True,1.0001242432033342,0.9999907854023147,23.023512265963845,0.9805424865420462
marked_gaussian_evidence_range,157,1,True,12,46,1,0.9918750979057446,0.9918750979057446,True,1.0033056697408986,0.9996966262643444,0.04926901172401335,0.997265395640255
marked_gaussian_evidence_range,157,2,True,12,46,1,0.9918750979057446,0.9918750979057446,True,2.2328401737670154,0.6138490907850612,9.79823712375142,2.325933102448762e-06
marked_gaussian_evidence_range,158,1,True,12,45,1,0.993033536963912,0.993033536963912,True,1.0154588397012279,0.9981030149115809,0.06516997259959327,0.9696173847694954
marked_gaussian_evidence_range,158,2,True,12,45,1,0.993033536963912,0.993033536963912,True,1.0021684094176109,0.9997727887407696,21.51952535563326,0.9875752526983154
marked_gaussian_evidence_range,159,1,True,12,41,1,0.9948805344981003,0.9948805344981003,True,1.0027588929607802,0.9997436947416094,0.04785693532367379,0.9989611893317263
marked_gaussian_evidence_range,159,2,True,12,41,1,0.9948805344981003,0.9948805344981003,True,2.5709444958736705,0.5658128069024966,29.810333673020114,0.059421930875380335
marked_gaussian_evidence_range,160,1,True,12,41,1,0.9939893233090988,0.9939893233090988,True,1.0013332177853167,0.999876128289133,0.04565215250640443,0.9979074817677669
marked_gaussian_evidence_range,160,2,True,12,41,1,0.9939893233090988,0.9939893233090988,True,1.0010442395992318,0.9998978152096657,33.56702856921174,0.9998471179173666
marked_gaussian_evidence_range,161,1,True,12,45,1,0.995615220686906,0.995615220686906,True,1.009018359530568,0.9989353503186287,0.04544016340744353,0.9912213793879839
marked_gaussian_evidence_range,161,2,True,12,19,1,0.9599066061332476,0.9599066061332476,True,1.000995917627142,0.9999029645903184,34.17489993217299,0.9999024348615689
marked_gaussian_evidence_range,162,1,True,12,49,1,0.9898976640729417,0.9898976640729417,True,1.023114208898507,0.9972831696277603,0.05522851524925686,0.9838328575491205
marked_gaussian_evidence_range,162,2,True,12,49,1,0.9898976640729417,0.9898976640729417,True,1.0010418695305188,0.9998980009360822,35.085981654292134,0.999926658791299
marked_gaussian_evidence_range,163,1,True,12,30,1,0.9897324246247371,0.9897324246247371,True,1.004372875780362,0.9995964834000292,0.056311228586091465,0.9965521725265768
marked_gaussian_evidence_range,163,2,True,12,30,1,0.9897324246247371,0.9897324246247371,True,1.001089311345368,0.9998932207767125,35.694994974646036,0.9999916979646778
marked_gaussian_evidence_range,164,1,True,13,34,1,0.9908992298959985,0.9908992298959985,True,1.0127882015475567,0.9985359521694932,0.05133739829068235,0.9722655283236302
marked_gaussian_evidence_range,164,2,True,13,34,1,0.9908992298959985,0.9908992298959985,True,1.0010875229419982,0.9998929718515794,36.73306940255367,0.9999668713326603
marked_gaussian_evidence_range,165,1,True,12,33,1,0.9939593502886035,0.9939593502886035,True,1.030484855318366,0.9964732667380557,0.04913231474759352,0.9864321238204032
marked_gaussian_evidence_range,165,2,True,12,33,1,0.9939593502886035,0.9939593502886035,True,1.0000005121540276,0.9999999721607353,29.585069737567935,2.439223285896327e-08
marked_gaussian_evidence_range,166,1,True,12,23,1,0.9924312694353993,0.9924312694353993,True,1.0044784628195536,0.9995964336797912,0.06539483692032157,0.9972657808161761
marked_gaussian_evidence_range,166,2,True,12,23,1,0.9924312694353993,0.9924312694353993,True,1.0000006198385591,0.9999999659373295,18.10289779245892,0.9883737220554072
marked_gaussian_evidence_range,167,1,True,12,22,1,0.9930842471628732,0.9930842471628732,True,1.0017308850070634,0.9998435108882646,0.050299753448544544,0.9979057699831626
marked_gaussian_evidence_range,167,2,True,12,22,1,0.9930842471628732,0.9930842471628732,True,1.1837951619568101,0.967315481041873,9.7665329308141,0.04241890374472918
marked_gaussian_evidence_range,168,1,True,12,21,1,0.9922176998491028,0.9922176998491028,True,1.0012712856904658,0.9998803480191158,0.06198837420036239,0.9970528614153054
marked_gaussian_evidence_range,168,2,True,12,21,1,0.9922176998491028,0.9922176998491028,True,1.0079672971161335,0.9990187844022909,25.008701296066874,0.05909830646838529
marked_gaussian_evidence_range,169,1,True,12,21,1,0.9941600879986611,0.9941600879986611,True,1.0012801039446784,0.9998794170407195,0.06898381488217338,0.9985418206591983
marked_gaussian_evidence_range,169,2,True,12,21,1,0.9941600879986611,0.9941600879986611,True,3.107072564406446,0.5722736780721523,29.726491358582685,0.2883467412493319
marked_gaussian_evidence_range,170,1,True,12,22,1,0.9931982879965483,0.9931982879965483,True,1.001247026168235,0.9998828733899949,0.06001146417858079,0.9974835330608998
marked_gaussian_evidence_range,170,2,True,12,22,1,0.9931982879965483,0.9931982879965483,True,3.4022532514967065,0.5931900006930138,29.870318008185638,0.1422160315021951
marked_gaussian_evidence_range,171,1,True,12,22,1,0.9932970355709927,0.9932970355709927,True,1.0012621211739157,0.9998812966764842,0.06770664708556767,0.9978141452627203
marked_gaussian_evidence_range,171,2,True,12,22,1,0.9932970355709927,0.9932970355709927,True,3.038085830616572,0.6556449919786022,29.80722669540908,0.19683013114312747
marked_gaussian_evidence_range,172,1,True,12,22,1,0.9958181276816506,0.9958181276816506,True,1.0083006476403888,0.999030285474268,0.07822402410291412,0.9797715283667422
marked_gaussian_evidence_range,172,2,True,12,22,1,0.9958181276816506,0.9958181276816506,True,1.442853842698059,0.8801682043336574,4.0301250744733705,0.7172153315865659
marked_gaussian_evidence_range,173,1,True,12,26,1,0.9994625411856229,0.9994625411856229,True,1.0372067195847292,0.9953584649213548,0.041239786655181895,0.9582792716274335
marked_gaussian_evidence_range,173,2,True,12,22,1,0.9967507284600333,0.9967507284600333,True,1.3410431064110586,0.9359370720440461,4.03203528425681,0.7897276228641956
marked_gaussian_evidence_range,174,1,True,12,20,1,0.9954721806954216,0.9954721806954216,True,1.006376180378966,0.9993888680230703,0.08194093495650183,0.9983664333587047
marked_gaussian_evidence_range,174,2,True,12,20,1,0.9954721806954216,0.9954721806954216,True,2.763491449497535,0.7289091236270562,9.747675905257452,0.538227703016414
marked_gaussian_evidence_range,175,1,True,11,23,1,0.9952835429084788,0.9952835429084788,True,1.0014246839286967,0.9998698181618659,0.08341765312680782,0.9972580136699348
marked_gaussian_evidence_range,175,2,True,11,23,1,0.9952835429084788,0.9952835429084788,True,1.3307952451072051,0.9369487768933806,4.0905350090806945,0.46149765706441165
marked_gaussian_evidence_range,176,1,True,11,21,1,0.9953086207879106,0.9953086207879106,True,1.001451777987433,0.9998665330881726,0.05480676160192004,0.995844541199071
marked_gaussian_evidence_range,176,2,True,11,21,1,0.9953086207879106,0.9953086207879106,True,1.3139345626622152,0.9376541155059834,4.032503617485689,0.8272320224706415
marked_gaussian_evidence_range,177,1,True,10,22,1,0.995977187102416,0.995977187102416,True,1.0014858806555447,0.999861438198601,0.08225705586607583,0.9964839677202588
marked_gaussian_evidence_range,177,2,True,10,22,1,0.995977187102416,0.995977187102416,True,1.2197106551207262,0.9575250558755712,4.021024962495358,0.9086368898024328
marked_gaussian_evidence_range,178,1,True,10,19,1,0.99830172944219,0.99830172944219,True,1.00166103937669,0.9998414336663585,0.038092195107582875,0.9964243423167083
marked_gaussian_evidence_range,178,2,True,10,19,1,0.99830172944219,0.99830172944219,True,1.166595568745727,0.9678557652501737,3.954291449963879,0.9929309667116576
marked_gaussian_evidence_range,179,1,False,9,21,0,0.0,0.0,True,1.0029833461535023,0.9996919773750275,0.07681927028024434,0.9857909682787422
marked_gaussian_evidence_range,179,2,False,9,21,0,0.0,0.0,True,1.0625135589696342,0.9897020426418698,3.939889602523123,0.9997204514440726
marked_gaussian_evidence_range,180,1,False,10,23,0,0.0,0.0,True,1.0074456935610971,0.9991417480248347,0.07084714023405572,0.981574133670408
marked_gaussian_evidence_range,180,2,False,10,23,0,0.0,0.0,True,1.0267001707044157,0.9962701584860091,4.262406411482945,0.9987614783061112
marked_gaussian_evidence_range,181,1,False,10,25,1,0.0011361973186995657,0.0011361973186995657,True,1.012813447601602,0.99841475095805,0.056466655651523125,0.9776340629919696
marked_gaussian_evidence_range,181,2,False,10,25,1,0.0011361973186995657,0.0011361973186995657,True,1.009040274888168,0.9989459781790859,3.9039017901192747,0.981241656183621
marked_gaussian_evidence_range,182,1,False,10,24,1,0.0011287576049039982,0.0011287576049039982,True,1.0104626406419255,0.9987884151231714,0.061528513038350205,0.978198490008572
marked_gaussian_evidence_range,182,2,False,10,24,0,0.0,0.0,True,2.861125384577352,0.5368126038470356,23.090669344392712,0.16932567239155577
marked_gaussian_evidence_range,183,1,False,9,29,2,0.0062260613785162025,0.004460339435233228,True,1.1610475017402886,0.9725219235118002,0.06636579778567875,0.743096484378467
marked_gaussian_evidence_range,183,2,False,9,29,2,0.0062260613785162025,0.004460339435233228,True,2.9478336914247016,0.5416079868456041,23.06422286477258,0.5560448018004255
marked_gaussian_evidence_range,184,1,True,10,31,1,0.956808983405223,0.956808983405223,True,1.0128973911293653,0.9986139632660994,0.052135025534342114,0.9882251781439636
marked_gaussian_evidence_range,184,2,True,10,31,1,0.956808983405223,0.956808983405223,True,2.512804180248732,0.6593987729270545,23.244441060778218,0.819389235691496
marked_gaussian_evidence_range,185,1,True,10,33,1,0.9677832221078332,0.9677832221078332,True,1.0024421737823523,0.9997534715858015,0.06226259564888908,0.9933622165716686
marked_gaussian_evidence_range,185,2,True,10,33,1,0.9677832221078332,0.9677832221078332,True,1.589431613576385,0.8770261016132344,23.355681681882615,0.9760127541860888
marked_gaussian_evidence_range,186,1,True,10,25,1,0.989409378470827,0.989409378470827,True,1.0017912263485722,0.9998251967530273,0.06343665935715466,0.9970364622871563
marked_gaussian_evidence_range,186,2,True,10,25,1,0.989409378470827,0.989409378470827,True,1.4453012440903483,0.8793012075269814,3.9894329184269917,0.7092876130981481
marked_gaussian_evidence_range,187,1,True,10,26,1,0.9992782865554732,0.9992782865554732,True,1.0013347647134794,0.9998737282347507,0.05985284916602841,0.9976711987048711
marked_gaussian_evidence_range,187,2,True,10,21,1,0.9979590638128685,0.9979590638128685,True,1.1271286787882648,0.9782839730104336,3.942345587450753,0.9682932514571811
marked_gaussian_evidence_range,188,1,True,10,22,1,0.9990024925770725,0.9990024925770725,True,1.0010034106033932,0.9999078114203452,0.049191523816096656,0.9987604138126586
marked_gaussian_evidence_range,188,2,True,10,22,1,0.9990024925770725,0.9990024925770725,True,1.0884559803046447,0.984457452626796,1.2026905857810624,0.30520190477931997
marked_gaussian_evidence_range,189,1,True,10,24,1,0.9967662405364147,0.9967662405364147,True,1.001092293068144,0.9998987563093071,0.05874710297263044,0.997509269220185
marked_gaussian_evidence_range,189,2,True,10,24,1,0.9967662405364147,0.9967662405364147,True,1.6500844077449444,0.8457235431955242,4.100243332100155,0.6405786215041038
marked_gaussian_evidence_range,190,1,True,10,23,1,0.9960238730627459,0.9960238730627459,True,1.0014142776753001,0.9998699104274208,0.05962269804324278,0.9968227052660609
marked_gaussian_evidence_range,190,2,True,10,23,1,0.9960238730627459,0.9960238730627459,True,1.5503034777474791,0.8728438042415546,4.0590347415783326,0.784428432929057
marked_gaussian_evidence_range,191,1,True,10,29,1,0.9976607377696642,0.9976607377696642,True,1.0014063439334637,0.9998701048308302,0.04517577955746385,0.997584231702126
marked_gaussian_evidence_range,191,2,True,10,29,1,0.9976607377696642,0.9976607377696642,True,1.4109973623891616,0.916538100560981,4.300701473728037,0.9813726415160031
marked_gaussian_evidence_range,192,1,True,10,26,1,0.9977305196867396,0.9977305196867396,True,1.0019677859818439,0.999811068918842,0.03408115496125422,0.9965023353820661
marked_gaussian_evidence_range,192,2,True,10,26,1,0.9977305196867396,0.9977305196867396,True,1.0660044609788852,0.9902289843390868,3.9262044383489125,0.9743444487483337
marked_gaussian_evidence_range,193,1,True,9,25,1,0.9975680673819635,0.9975680673819635,True,1.0025341305395357,0.999748654010362,0.07196183858624701,0.9971096251208309
marked_gaussian_evidence_range,193,2,True,9,25,1,0.9975680673819635,0.9975680673819635,True,1.0214246587616318,0.9974018268126763,3.86811585857935,0.9423666353184265
marked_gaussian_evidence_range,194,1,True,9,25,2,0.9968434708668303,0.9935530502252615,True,1.103386865935878,0.9829902803940505,0.06130070533412322,0.8048786816607704
marked_gaussian_evidence_range,194,2,True,9,25,2,0.9968434708668303,0.9935530502252615,True,1.9993175106992884,0.766728925093826,29.730090281345422,0.2611499763035099
marked_gaussian_evidence_range,195,1,True,9,19,1,0.985066034219151,0.985066034219151,True,1.0053857058210753,0.9994747759489524,0.03945285854593812,0.9919666217343338
marked_gaussian_evidence_range,195,2,True,9,19,1,0.985066034219151,0.985066034219151,True,1.0000013290308771,0.9999999235971413,26.203380218912535,0.9978981226215542
marked_gaussian_evidence_range,196,1,True,9,19,1,0.9845347138410042,0.9845347138410042,True,1.0016878076119797,0.9998363566438722,0.06408518772225984,0.9946288202728432
marked_gaussian_evidence_range,196,2,True,9,19,1,0.9845347138410042,0.9845347138410042,True,1.0011636696262367,0.9998844615630768,26.59296014079977,0.9898685333382539
marked_gaussian_evidence_range,197,1,True,9,19,1,0.9897929287323622,0.9897929287323622,True,1.0014747886343254,0.9998590545523173,0.08781263801348846,0.9976151973839187
marked_gaussian_evidence_range,197,2,True,9,19,1,0.9897929287323622,0.9897929287323622,True,1.0011146483277478,0.9998898486445845,26.930185502865193,0.9952631072035294
marked_gaussian_evidence_range,198,1,True,9,23,1,0.9907169336638839,0.9907169336638839,True,1.0013324608227196,0.999874011078551,0.040650883246340086,0.9969156744379425
marked_gaussian_evidence_range,198,2,True,9,23,1,0.9907169336638839,0.9907169336638839,True,1.0013297484395984,0.9998726989418065,27.207477905852752,0.9977517537851704
marked_gaussian_evidence_range,199,1,True,9,25,1,0.991577894463497,0.991577894463497,True,1.0067352371212186,0.9992336473247603,0.09285532593309735,0.982213837919638
marked_gaussian_evidence_range,199,2,True,9,23,1,0.9523769535199705,0.9523769535199705,True,1.0016565013676815,0.9998456570838095,27.53198816761992,0.9959792029616036
marked_gaussian_evidence_range,200,1,True,9,25,1,0.9986219779528303,0.9986219779528303,True,1.002701749871745,0.9997498505595205,0.11501013588422487,0.995215631863338
marked_gaussian_evidence_range,200,2,True,9,25,1,0.9790263625572658,0.9790263625572658,True,1.3449421745454102,0.9356679229147142,35.95704023874231,0.7850399971727077
marked_gaussian_evidence_range,201,1,True,9,33,1,0.9943523255869239,0.9943523255869239,True,1.0039875258162714,0.9995743581605553,0.06811917491574063,0.9955179000163558
marked_gaussian_evidence_range,201,2,True,9,33,1,0.9943523255869239,0.9943523255869239,True,1.4624888485268308,0.916407764178779,36.40232513374528,0.7618850223566135
marked_gaussian_evidence_range,202,1,True,10,34,1,0.9919027237895442,0.9919027237895442,True,1.002468706789904,0.9997733661904276,0.048224977011482505,0.996302633838185
marked_gaussian_evidence_range,202,2,True,10,34,1,0.9919027237895442,0.9919027237895442,True,1.000239315711624,0.9999804137419632,28.43722145848474,0.9893163276212628
marked_gaussian_evidence_range,203,1,True,10,31,1,0.9938473825623327,0.9938473825623327,True,1.0012836945900416,0.9998790432521187,0.05860063194985308,0.9983885655851252
marked_gaussian_evidence_range,203,2,True,10,31,1,0.955483901925213,0.955483901925213,True,1.0000414388437318,0.9999969935393097,29.58718130535832,0.051439010777454316
marked_gaussian_evidence_range,204,1,True,10,30,1,0.9817212186617763,0.9817212186617763,True,1.0012546242224591,0.9998820974405377,0.06207674993916809,0.9956775327545863
marked_gaussian_evidence_range,204,2,True,10,30,1,0.9817212186617763,0.9817212186617763,True,1.2221970949157885,0.9492731150442549,29.574749677419533,0.8283063125684634
marked_gaussian_evidence_range,205,1,True,10,28,1,0.9876649860487305,0.9876649860487305,True,1.0015437661212208,0.9998517177284545,0.0628590764247227,0.9969569101642985
marked_gaussian_evidence_range,205,2,True,10,28,1,0.9876649860487305,0.9876649860487305,True,1.1767023687603204,0.9616340210617493,29.683789072424418,0.5470658004874586
marked_gaussian_evidence_range,206,1,True,12,30,1,0.9990211130680395,0.9990211130680395,True,1.0013880500922645,0.9998681623727856,0.06583152851386327,0.997007572205709
marked_gaussian_evidence_range,206,2,True,11,26,1,0.9900364767377173,0.9900364767377173,True,1.133859205755029,0.9725885482151676,29.702429292642826,0.5127742748225903
marked_gaussian_evidence_range,207,1,True,11,29,1,0.9930345966356093,0.9930345966356093,True,1.001009041813841,0.9999072316027369,0.06561758132762427,0.9973359254528767
marked_gaussian_evidence_range,207,2,True,11,29,1,0.9930345966356093,0.9930345966356093,True,1.1078317525866985,0.9788702111278073,29.995786236153048,0.6840329017587539
marked_gaussian_evidence_range,208,1,True,11,30,1,0.9941766705182042,0.9941766705182042,True,1.0012073219836706,0.9998869559826515,0.073969130096442,0.9983676004549964
marked_gaussian_evidence_range,208,2,True,11,30,1,0.9941766705182042,0.9941766705182042,True,1.1421579990302702,0.9705231283634501,29.946632165775068,0.6073202396360897
marked_gaussian_evidence_range,209,1,True,11,28,1,0.9937619457537609,0.9937619457537609,True,1.0012146491326392,0.9998862085258495,0.04775826755425418,0.9978673595872979
marked_gaussian_evidence_range,209,2,True,11,28,1,0.9937619457537609,0.9937619457537609,True,1.0000009792372793,0.9999999447149798,9.779924119095908,0.37036207726256054
marked_gaussian_evidence_range,210,1,True,11,25,1,0.9919186967589863,0.9919186967589863,True,1.0012390748875561,0.999883685404841,0.042165136083119684,0.9965249608881248
marked_gaussian_evidence_range,210,2,True,11,25,1,0.9919186967589863,0.9919186967589863,True,1.457031143005068,0.8751899649201413,9.875147421598884,0.38590796206848976
marked_gaussian_evidence_range,211,1,True,11,22,1,0.9921370161299274,0.9921370161299274,True,1.001277030734852,0.9998797451488209,0.02084135724080894,0.9973191255716785
marked_gaussian_evidence_range,211,2,True,11,22,1,0.9921370161299274,0.9921370161299274,True,1.0468842907662996,0.9921607391414415,29.81270160880803,0.557772131929838
marked_gaussian_evidence_range,212,1,True,11,22,1,0.9941963289486822,0.9941963289486822,True,1.0012790524936734,0.9998796965858756,0.033692282088099726,0.9985706720678247
marked_gaussian_evidence_range,212,2,True,11,22,1,0.9941963289486822,0.9941963289486822,True,1.0010820455910558,0.999895974523779,33.24317221541638,0.9999794299094874
marked_gaussian_evidence_range,213,1,True,11,22,1,0.9973086342347055,0.9973086342347055,True,1.0083481130761727,0.999024052084714,0.008656144748537497,0.985839547222305
marked_gaussian_evidence_range,213,2,True,11,22,1,0.9973086342347055,0.9973086342347055,True,1.4512936585048628,0.8772058915439915,4.068718585950331,0.965608852732578
marked_gaussian_evidence_range,214,1,True,11,18,1,0.9988707999959855,0.9988707999959855,True,1.0027075313731824,0.9997494388738215,0.03971441525767842,0.9987282081885669
marked_gaussian_evidence_range,214,2,True,11,18,1,0.9988707999959855,0.9988707999959855,True,1.301006575817864,0.9426006817216103,4.0235378061813964,0.9935743194253334
marked_gaussian_evidence_range,215,1,False,11,18,1,0.997923436760845,0.997923436760845,True,1.0025546306882571,0.9997409055674529,0.053468525999527255,0.9964732336543017
marked_gaussian_evidence_range,215,2,False,11,18,1,0.997923436760845,0.997923436760845,True,1.023912852381272,0.9969292131364335,3.8792368406658597,0.9634756239816625
marked_gaussian_evidence_range,216,1,True,11,19,1,0.990658772844964,0.990658772844964,True,1.0036875007840296,0.9996099164371686,0.06809956098325791,0.9919785769066635
marked_gaussian_evidence_range,216,2,True,11,19,1,0.990658772844964,0.990658772844964,True,1.0677709278658791,0.9895677166554998,6.532080689368406,0.838377342087041
marked_gaussian_evidence_range,217,1,True,11,18,1,0.9880091258715852,0.9880091258715852,True,1.0024241496615744,0.9997555012325208,0.05899454786044703,0.9960134519462979
marked_gaussian_evidence_range,217,2,True,11,22,1,0.9478766935864552,0.9478766935864552,True,1.0056492044757024,0.9993208208181716,23.33259066643812,0.9333447371774313
marked_gaussian_evidence_range,218,1,True,11,19,1,0.9712007753775327,0.9712007753775327,True,1.0017711621890346,0.9998273677721691,0.0643968139473203,0.9954921065563762
marked_gaussian_evidence_range,218,2,True,11,19,1,0.9712007753775327,0.9712007753775327,True,2.7269190503387892,0.5422907035469073,29.758725144650366,0.006167555028656992
marked_gaussian_evidence_range,219,1,True,11,20,1,0.9790572129983599,0.9790572129983599,True,1.0019517430456013,0.9998077825927916,0.060550218160909434,0.995214814272232
marked_gaussian_evidence_range,219,2,True,11,20,1,0.9790572129983599,0.9790572129983599,True,1.004206713946798,0.9995446790070066,25.159482159529425,0.9884363802396132
marked_gaussian_evidence_range,220,1,True,11,19,1,0.9883937232371335,0.9883937232371335,True,1.001585173886829,0.9998473493180643,0.05456849460861239,0.9977960451307726
marked_gaussian_evidence_range,220,2,True,11,19,1,0.9883937232371335,0.9883937232371335,True,1.0091306478579862,0.9989501123516967,25.915394683306207,0.9988774174960499
marked_gaussian_evidence_range,221,1,True,11,20,1,0.9919195355073218,0.9919195355073218,True,1.0013584353786535,0.9998712594728972,0.03516851984425861,0.9979741855814489
marked_gaussian_evidence_range,221,2,True,11,20,1,0.9919195355073218,0.9919195355073218,True,1.0049227788009818,0.9994380534778992,26.479064267167423,0.9945215193824959
marked_gaussian_evidence_range,222,1,True,11,21,1,0.9993055882987097,0.9993055882987097,True,1.0012851822431954,0.9998788968561081,0.05491960265650315,0.9975360382258943
marked_gaussian_evidence_range,222,2,True,11,18,1,0.9924664517751229,0.9924664517751229,True,1.0014287186042494,0.9998615412325748,38.52267211238246,0.9991813701205571
marked_gaussian_evidence_range,223,1,True,11,20,1,0.9942518419997677,0.9942518419997677,True,1.00100914498016,0.999907227083804,0.05362690795592121,0.9978874169390246
marked_gaussian_evidence_range,223,2,True,11,20,1,0.9942518419997677,0.9942518419997677,True,1.0013603461178844,0.9998643185479958,39.33213102387669,0.9999763600867643
marked_gaussian_evidence_range,224,1,True,11,21,1,0.9989641216291286,0.9989641216291286,True,1.0012085790528502,0.9998868656076275,0.048677824319571225,0.9958500153269443
marked_gaussian_evidence_range,224,2,True,11,23,1,0.9915320014374087,0.9915320014374087,True,1.0013027914122912,0.9998707507057187,39.95358441337893,0.9995247115181661
marked_gaussian_evidence_range,225,1,True,10,20,1,0.9939185399688384,0.9939185399688384,True,1.001002521758523,0.9999079082519369,0.07708579953184173,0.9977796178902535
marked_gaussian_evidence_range,225,2,True,10,20,1,0.9939185399688384,0.9939185399688384,True,1.0015140786415806,0.9998522972339754,40.60573753463662,0.9999685124283747
marked_gaussian_evidence_range,226,1,True,10,22,1,0.9929853822461643,0.9929853822461643,True,1.0012013382760039,0.9998875916924379,0.03913696606826184,0.9972989951051346
marked_gaussian_evidence_range,226,2,True,10,22,1,0.9929853822461643,0.9929853822461643,True,1.0013360177817177,0.9998670805886026,41.18557136591738,0.9998665224939879
marked_gaussian_evidence_range,227,1,True,10,23,1,0.999591393027403,0.999591393027403,True,1.0012439192250144,0.9998832054835377,0.057757624060808366,0.9985293041857155
marked_gaussian_evidence_range,227,2,True,10,23,1,0.9944278921726122,0.9944278921726122,True,1.0014815245205193,0.99985535787067,41.79027698352538,0.9999051595529675
marked_gaussian_evidence_range,228,1,True,10,22,1,0.9946968653412667,0.9946968653412667,True,1.0009964185921374,0.9999085204337252,0.06676181936255454,0.9979281432279522
marked_gaussian_evidence_range,228,2,True,10,22,1,0.9946968653412667,0.9946968653412667,True,1.001333700076399,0.9998674435056342,42.63896450013883,0.9998165628366529
marked_gaussian_evidence_range,229,1,True,10,25,1,0.9939013234262687,0.9939013234262687,True,1.0011809732852295,0.9998896937271791,0.04700705094565211,0.9978038371204118
marked_gaussian_evidence_range,229,2,True,10,25,1,0.9939013234262687,0.9939013234262687,True,1.0014294063663827,0.999856148939491,43.19792226310027,0.9991121279138853
marked_gaussian_evidence_range,230,1,True,10,25,1,0.9939160153263604,0.9939160153263604,True,1.0012187720612948,0.9998857724116714,0.041392668138748714,0.9980408384319022
marked_gaussian_evidence_range,230,2,True,10,25,1,0.9939160153263604,0.9939160153263604,True,1.0015684881909828,0.9998414279187494,44.16876805321179,0.9999668551431755
marked_gaussian_evidence_range,231,1,True,10,23,1,0.9919166567918969,0.9919166567918969,True,1.0012344244867482,0.999884162735155,0.049857391588657415,0.9964558491228025
marked_gaussian_evidence_range,231,2,True,10,23,1,0.9919166567918969,0.9919166567918969,True,1.0014633351627227,0.99985271996327,44.66479200985909,0.9992326317309664
marked_gaussian_evidence_range,232,1,True,10,21,1,0.9924735691055236,0.9924735691055236,True,1.0012752075378797,0.9998799253820697,0.05172505163700242,0.9975534490893815
marked_gaussian_evidence_range,232,2,True,10,21,1,0.9924735691055236,0.9924735691055236,True,1.0015680073498923,0.9998407061956186,45.50154305387202,0.9999943007034937
marked_gaussian_evidence_range,233,1,True,11,23,1,0.9942089932653351,0.9942089932653351,True,1.0012724246672122,0.9998802486427207,0.016432032305835377,0.998521389979474
marked_gaussian_evidence_range,233,2,True,11,23,1,0.9942089932653351,0.9942089932653351,True,1.001513301076929,0.9998472960021348,46.21655221139383,0.999978726152622
marked_gaussian_evidence_range,234,1,True,11,23,1,0.9921945735647085,0.9921945735647085,True,1.0012428984725854,0.9998833173462709,0.0373912975571454,0.996618021377259
marked_gaussian_evidence_range,234,2,True,11,23,1,0.9921945735647085,0.9921945735647085,True,1.0015335930297502,0.9998449103436633,46.801397439572305,0.9999921859487686
marked_gaussian_evidence_range,235,1,True,10,23,1,0.9930362355968358,0.9930362355968358,True,1.0012770134896494,0.999879763497576,0.05137014095214747,0.9978708129988046
marked_gaussian_evidence_range,235,2,True,10,23,1,0.9930362355968358,0.9930362355968358,True,1.0015395065871602,0.9998442519144557,47.764766683824426,0.9999835892321435
marked_gaussian_evidence_range,236,1,True,10,23,1,0.9945462675309452,0.9945462675309452,True,1.0012580403538758,0.9998816984814579,0.058169332449503126,0.9986227630405157
marked_gaussian_evidence_range,236,2,True,10,23,1,0.9945462675309452,0.9945462675309452,True,1.0015549063577966,0.999841335386997,48.38334312141698,0.9999848748228582
marked_gaussian_evidence_range,237,1,True,10,23,1,0.9919590356516697,0.9919590356516697,True,1.001236697651576,0.999883945278095,0.07113477214083058,0.9962561426685009
marked_gaussian_evidence_range,237,2,True,10,23,1,0.9919590356516697,0.9919590356516697,True,1.000567378146199,0.9999477691416687,21.523914869425763,0.967677531125174
marked_gaussian_evidence_range,238,1,True,10,24,1,0.9942550985974733,0.9942550985974733,True,1.001286100310683,0.9998788431010874,0.0722115424540299,0.9986315981651068
marked_gaussian_evidence_range,238,2,True,10,24,1,0.9942550985974733,0.9942550985974733,True,1.001722223724257,0.9998231150849911,49.720547627188765,0.9999682992872698
marked_gaussian_evidence_range,239,1,True,10,21,1,0.9941577099758281,0.9941577099758281,True,1.0012443937797308,0.9998831544989243,0.07412462852478958,0.9981570062406862
marked_gaussian_evidence_range,239,2,True,10,21,1,0.9941577099758281,0.9941577099758281,True,1.0008255897703782,0.9999209985892987,22.92486580541537,0.9657942963665324
marked_gaussian_evidence_range,240,1,True,10,22,1,0.9952782129051193,0.9952782129051193,True,1.0012442689244965,0.9998831536520454,0.08680447856255674,0.9988548773670913
marked_gaussian_evidence_range,240,2,True,10,22,1,0.9952782129051193,0.9952782129051193,True,1.0017784840360717,0.999816952138054,51.49090653768347,0.9999795689299105
marked_gaussian_evidence_guarded_scalar_range,1,1,False,0,0,0,0.0,0.0,False,,,,
marked_gaussian_evidence_guarded_scalar_range,1,2,False,0,0,0,0.0,0.0,False,,,,
marked_gaussian_evidence_guarded_scalar_range,2,1,False,2,9,1,0.010432654096559416,0.010432654096559416,True,2.213184274790416,0.585415501140231,0.06757423227289326,0.1062352979724278
marked_gaussian_evidence_guarded_scalar_range,2,2,False,2,9,1,0.010432654096559416,0.010432654096559416,False,,,,
marked_gaussian_evidence_guarded_scalar_range,3,1,False,3,19,1,0.009073840137579756,0.009073840137579756,True,3.9824941444514805,0.3541768761728752,0.07036703932767976,0.16292125840893615
marked_gaussian_evidence_guarded_scalar_range,3,2,False,3,19,1,0.009073840137579756,0.009073840137579756,False,,,,
marked_gaussian_evidence_guarded_scalar_range,4,1,False,3,24,3,0.05020762679739148,0.02266402250788801,True,5.981184160841113,0.2556562062608029,0.0560528450527953,0.45525886301202756
marked_gaussian_evidence_guarded_scalar_range,4,2,False,3,24,3,0.05020762679739148,0.02266402250788801,False,,,,
marked_gaussian_evidence_guarded_scalar_range,5,1,False,4,31,4,0.07728400699845035,0.029265642337170626,True,8.04685442955757,0.20225172956668092,0.09935741134367751,0.5419265209023196
marked_gaussian_evidence_guarded_scalar_range,5,2,False,4,31,4,0.07728400699844998,0.029265642337170425,False,,,,
marked_gaussian_evidence_guarded_scalar_range,6,1,False,4,35,7,0.13956686565987253,0.034943473790894526,True,9.915933895162704,0.18095277763692333,0.10656854480590164,0.6956075258866595
marked_gaussian_evidence_guarded_scalar_range,6,2,False,4,35,7,0.13956686565987214,0.034943473790894526,False,,,,
marked_gaussian_evidence_guarded_scalar_range,7,1,False,5,41,10,0.21830314366304182,0.04512664422411448,True,11.307665516488308,0.17544013148196297,0.05378356768864491,0.7628846197289376
marked_gaussian_evidence_guarded_scalar_range,7,2,False,5,41,10,0.21830314366304165,0.045126644224114776,False,,,,
marked_gaussian_evidence_guarded_scalar_range,8,1,False,5,48,15,0.2797655185349346,0.05578005092637692,True,11.968737183910676,0.18042048680502895,0.051262000733259636,0.8924616859587532
marked_gaussian_evidence_guarded_scalar_range,8,2,False,4,33,12,0.08901890858257032,0.0174862494509695,True,1.0157472642433816,0.9978064794176742,35.07648949985105,1.3072582842283088e-21
marked_gaussian_evidence_guarded_scalar_range,9,1,False,5,53,20,0.17566351057741958,0.03132872013924863,True,12.682301175293494,0.18391137143362682,0.05706067093004055,0.8466664922909658
marked_gaussian_evidence_guarded_scalar_range,9,2,False,4,29,11,0.033753769040367976,0.006651521640739965,True,1.000000000087074,0.9999999999968513,35.64463907174475,0.0005408466544268181
marked_gaussian_evidence_guarded_scalar_range,10,1,False,5,59,23,0.16182646682626856,0.014915378620714218,True,16.888510629703653,0.15646284479888842,0.04529137185970938,0.8891265226448531
marked_gaussian_evidence_guarded_scalar_range,10,2,False,5,59,23,0.16182646682626856,0.014915378620714218,True,1.2691056201848239,0.9358218247976624,35.80341075488868,0.03823313034387937
marked_gaussian_evidence_guarded_scalar_range,11,1,False,5,66,26,0.2099980148150452,0.01985073122251004,True,23.685695635499446,0.11769304033631157,0.11247041930649476,0.7791137187831534
marked_gaussian_evidence_guarded_scalar_range,11,2,False,5,66,26,0.2099980148150447,0.019850731222509764,True,1.7717112467014406,0.8170568926098274,35.99589844149703,0.19168749423704623
marked_gaussian_evidence_guarded_scalar_range,12,1,False,5,73,27,0.27521578873665503,0.02832519040959681,True,24.11112676563329,0.1301858137719095,0.051580401947551806,0.8406082098158524
marked_gaussian_evidence_guarded_scalar_range,12,2,False,5,73,27,0.2752157887366546,0.02832519040959681,False,,,,
marked_gaussian_evidence_guarded_scalar_range,13,1,False,6,80,29,0.32677688961071355,0.035440964404309744,True,24.33909958726398,0.13527930024843762,0.03365421759250316,0.8842657609354674
marked_gaussian_evidence_guarded_scalar_range,13,2,False,6,80,29,0.3267768896107144,0.035440964404310236,False,,,,
marked_gaussian_evidence_guarded_scalar_range,14,1,False,6,80,32,0.3813120448913938,0.041732143943992106,True,24.046500528881946,0.13775504412553727,0.03193951217151648,0.9281286399923835
marked_gaussian_evidence_guarded_scalar_range,14,2,False,6,80,32,0.3813120448913932,0.041732143943992106,False,,,,
marked_gaussian_evidence_guarded_scalar_range,15,1,False,6,74,25,0.3202889737436414,0.0628753252584865,True,23.34769393922857,0.13468385483431727,0.09931305650821314,0.9013274487492949
marked_gaussian_evidence_guarded_scalar_range,15,2,False,6,74,25,0.32028897374364185,0.0628753252584865,False,,,,
marked_gaussian_evidence_guarded_scalar_range,16,1,False,6,76,28,0.3313834240318697,0.06546676528924093,True,19.843868946758594,0.19824269742710948,0.11344635573578923,0.9153469958750484
marked_gaussian_evidence_guarded_scalar_range,16,2,False,6,76,28,0.33138342403186977,0.06546676528924093,False,,,,
marked_gaussian_evidence_guarded_scalar_range,17,1,False,6,79,30,0.3436497153373105,0.06873963396863578,True,20.372197229728613,0.2059797104574478,0.03564853079705343,0.9167469463034056
marked_gaussian_evidence_guarded_scalar_range,17,2,False,6,79,30,0.3436497153373106,0.06873963396863578,False,,,,
marked_gaussian_evidence_guarded_scalar_range,18,1,True,8,80,39,1.634232268296257,0.2523494210600245,True,21.281152837448424,0.21192392583653227,0.045649281019597344,0.9274561521679721
marked_gaussian_evidence_guarded_scalar_range,18,2,False,6,55,21,0.11268730367703925,0.02867614371450765,False,,,,
marked_gaussian_evidence_guarded_scalar_range,19,1,False,6,89,33,0.26432438598887165,0.08592017388416678,True,19.893190018445587,0.23350001315617372,0.041851459391518776,0.9708379229730291
marked_gaussian_evidence_guarded_scalar_range,19,2,False,6,89,33,0.2643243859888724,0.08592017388416735,False,,,,
marked_gaussian_evidence_guarded_scalar_range,20,1,False,6,93,33,0.3025667122897598,0.1048549572269475,True,21.297407553772864,0.30587275613654435,0.09105700630675714,0.9541657081016498
marked_gaussian_evidence_guarded_scalar_range,20,2,False,6,93,33,0.3025667122897604,0.10485495722694814,False,,,,
marked_gaussian_evidence_guarded_scalar_range,21,1,False,6,96,34,0.3157577748482304,0.11751536569268016,True,21.02891875130969,0.3262337918639328,0.09168980582450387,0.8869518200664381
marked_gaussian_evidence_guarded_scalar_range,21,2,False,6,96,34,0.3157577748482299,0.11751536569267942,False,,,,
marked_gaussian_evidence_guarded_scalar_range,22,1,False,6,96,33,0.3228096018799498,0.13658682169547173,True,19.961288484303285,0.3486410876640702,0.06143679940974246,0.9393744422175097
marked_gaussian_evidence_guarded_scalar_range,22,2,False,6,96,33,0.32280960187995017,0.13658682169547173,False,,,,
marked_gaussian_evidence_guarded_scalar_range,23,1,False,6,99,24,0.2890618941501702,0.15529058647234587,True,19.50684986497717,0.36711000449078857,0.1200661223864506,0.9110252726020469
marked_gaussian_evidence_guarded_scalar_range,23,2,False,6,99,24,0.28906189415016925,0.15529058647234495,False,,,,
marked_gaussian_evidence_guarded_scalar_range,24,1,False,6,76,36,0.35941740756089574,0.17568924682687684,True,18.61707176344021,0.3901609162222427,0.04687810512051207,0.9277587220989499
marked_gaussian_evidence_guarded_scalar_range,24,2,False,6,76,36,0.3594174075608963,0.17568924682687684,False,,,,
marked_gaussian_evidence_guarded_scalar_range,25,1,False,6,74,34,0.3559672388210891,0.19598481204974585,True,17.871851664138813,0.4127115170448346,0.11109578156562097,0.9075453181469769
marked_gaussian_evidence_guarded_scalar_range,25,2,False,6,74,34,0.3559672388210891,0.19598481204974585,False,,,,
marked_gaussian_evidence_guarded_scalar_range,26,1,False,6,77,29,0.32305297078383527,0.2234806631607974,True,17.286126696636064,0.4310504972815615,0.1446768418821758,0.9342539245526278
marked_gaussian_evidence_guarded_scalar_range,26,2,False,6,77,29,0.32305297078383544,0.2234806631607974,False,,,,
marked_gaussian_evidence_guarded_scalar_range,27,1,False,6,79,42,0.4274027903348061,0.2523737878342523,True,16.654152644943444,0.45187671123760775,0.09425574860562583,0.9392710337169465
marked_gaussian_evidence_guarded_scalar_range,27,2,False,6,79,42,0.4274027903348073,0.2523737878342537,False,,,,
marked_gaussian_evidence_guarded_scalar_range,28,1,False,6,82,29,0.35513788408043917,0.2785256247541686,True,16.123599758663516,0.46997591221712426,0.14609414399609785,0.8880586476417646
marked_gaussian_evidence_guarded_scalar_range,28,2,False,6,82,29,0.35513788408043906,0.2785256247541686,False,,,,
marked_gaussian_evidence_guarded_scalar_range,29,1,False,6,82,32,0.4026203898174445,0.31567882405529957,True,16.158296832493203,0.47809381366364256,0.06595437955072765,0.9186675789126885
marked_gaussian_evidence_guarded_scalar_range,29,2,False,6,82,32,0.4026203898174445,0.31567882405529957,False,,,,
marked_gaussian_evidence_guarded_scalar_range,30,1,False,6,87,53,0.513938540315228,0.3494379487085341,True,15.211188780870884,0.5020854688620852,0.10946912424036814,0.9311668711870418
marked_gaussian_evidence_guarded_scalar_range,30,2,False,6,87,53,0.513938540315228,0.3494379487085341,False,,,,
marked_gaussian_evidence_guarded_scalar_range,31,1,False,6,93,60,0.583964988162258,0.3869281625949713,True,14.469211764195006,0.5213452062768552,0.08829915880796961,0.9271529041368406
marked_gaussian_evidence_guarded_scalar_range,31,2,False,6,57,31,0.20743815754102052,0.16989851084297777,False,,,,
marked_gaussian_evidence_guarded_scalar_range,32,1,False,6,98,34,0.37755864387485727,0.2786404382922645,True,14.590301352002733,0.5277360146011475,0.1276275268101563,0.9074866719632906
marked_gaussian_evidence_guarded_scalar_range,32,2,False,6,98,34,0.37755864387485727,0.2786404382922645,False,,,,
marked_gaussian_evidence_guarded_scalar_range,33,1,False,6,102,63,0.498212182025103,0.30062423299287877,True,22.83081246348,0.44101223421668073,0.13037048703411427,0.9244078594689478
marked_gaussian_evidence_guarded_scalar_range,33,2,False,6,102,63,0.49821218202510137,0.30062423299287727,False,,,,
marked_gaussian_evidence_guarded_scalar_range,34,1,True,7,108,82,0.5827877229213871,0.3290409092539883,True,21.219537608996962,0.4637980405573871,0.06686490791099757,0.9487022323823121
marked_gaussian_evidence_guarded_scalar_range,34,2,True,7,108,82,0.5827877229213871,0.3290409092539883,False,,,,
marked_gaussian_evidence_guarded_scalar_range,35,1,True,7,113,87,0.6023923847306487,0.3560965316729758,True,19.632262864698202,0.4865484838523711,0.07119023561182705,0.8896263624254812
marked_gaussian_evidence_guarded_scalar_range,35,2,True,7,113,87,0.6023923847306488,0.3560965316729758,False,,,,
marked_gaussian_evidence_guarded_scalar_range,36,1,True,7,115,90,0.6517737624986426,0.394379970330287,True,18.50317694894692,0.5040893833385269,0.06371735568738825,0.9213655384113141
marked_gaussian_evidence_guarded_scalar_range,36,2,True,7,115,90,0.6517737624986446,0.39437997033028865,False,,,,
marked_gaussian_evidence_guarded_scalar_range,37,1,True,7,119,93,0.7025946250128787,0.4379918750645432,True,19.939501744720346,0.491595348297969,0.09117330618167116,0.9609491386783904
marked_gaussian_evidence_guarded_scalar_range,37,2,True,7,119,93,0.7025946250128787,0.4379918750645432,False,,,,
marked_gaussian_evidence_guarded_scalar_range,38,1,True,7,118,92,0.7205327253162435,0.46771315188879825,True,17.71366048980942,0.5211533800469376,0.11920467821727368,0.9306784094067558
marked_gaussian_evidence_guarded_scalar_range,38,2,True,7,118,92,0.7205327253162436,0.46771315188879825,False,,,,
marked_gaussian_evidence_guarded_scalar_range,39,1,False,7,121,84,0.7173805783970436,0.5000745099878818,True,17.521406362898553,0.5257286174033703,0.13080897192112637,0.9342433951482306
marked_gaussian_evidence_guarded_scalar_range,39,2,False,7,121,84,0.7173805783970435,0.5000745099878818,False,,,,
marked_gaussian_evidence_guarded_scalar_range,40,1,True,8,123,90,0.7940189574774391,0.5423070142536401,True,17.649706378209363,0.5274825932913706,0.08858551246905268,0.9501219628226933
marked_gaussian_evidence_guarded_scalar_range,40,2,True,8,123,90,0.7940189574774393,0.5423070142536401,False,,,,
marked_gaussian_evidence_guarded_scalar_range,41,1,True,8,122,95,0.7980965725443887,0.5557239222225374,True,15.661546756299199,0.5543545872489438,0.07037480290136493,0.9208646949706638
marked_gaussian_evidence_guarded_scalar_range,41,2,True,8,122,95,0.7980965725443886,0.5557239222225374,False,,,,
marked_gaussian_evidence_guarded_scalar_range,42,1,True,8,127,58,0.7282443187898258,0.5826568709113434,True,15.840349701108863,0.5543329682170091,0.1352366596943447,0.9269949744375113
marked_gaussian_evidence_guarded_scalar_range,42,2,True,8,127,58,0.728244318789824,0.5826568709113418,False,,,,
marked_gaussian_evidence_guarded_scalar_range,43,1,True,8,129,92,0.8518576587142085,0.6082446832989763,True,16.986142881434485,0.541875985072675,0.0833394835762643,0.9455628856207045
marked_gaussian_evidence_guarded_scalar_range,43,2,True,8,129,92,0.8518576587142083,0.6082446832989763,True,1.01284541428067,0.9982648174411837,54.83688755796934,2.143225907274797e-38
marked_gaussian_evidence_guarded_scalar_range,44,1,True,8,134,101,0.8919576286964832,0.629599112644894,True,16.005584332238673,0.5563818738903111,0.07579585839954701,0.9616159675185898
marked_gaussian_evidence_guarded_scalar_range,44,2,False,7,68,49,0.41752440658317597,0.3666715822408984,False,,,,
marked_gaussian_evidence_guarded_scalar_range,45,1,True,8,139,71,0.6960082190618049,0.5002883771807001,True,14.955491678535855,0.5719590208489486,0.07599994338219847,0.9696185686280399
marked_gaussian_evidence_guarded_scalar_range,45,2,True,8,139,71,0.6960082190618049,0.5002883771807001,False,,,,
marked_gaussian_evidence_guarded_scalar_range,46,1,True,8,139,39,0.5899861658813422,0.49883830004025337,True,19.928979919487936,0.5159187307793752,0.05281856519235835,0.9507463265141542
marked_gaussian_evidence_guarded_scalar_range,46,2,True,8,139,39,0.5899861658813422,0.49883830004025337,False,,,,
marked_gaussian_evidence_guarded_scalar_range,47,1,True,8,144,69,0.7087032461163034,0.5218182092787618,True,19.835340782553427,0.5194481673199793,0.03337188178640938,0.9346972942509089
marked_gaussian_evidence_guarded_scalar_range,47,2,True,8,144,69,0.7087032461163033,0.5218182092787618,False,,,,
marked_gaussian_evidence_guarded_scalar_range,48,1,True,8,148,109,0.7900967582637201,0.5228815572456412,True,18.58491434003928,0.5346044905634968,0.054656727329486246,0.938871773626174
marked_gaussian_evidence_guarded_scalar_range,48,2,False,7,91,55,0.3486762290819664,0.28970730038077513,False,,,,
marked_gaussian_evidence_guarded_scalar_range,49,1,True,8,152,110,0.7189369026457718,0.40537716645989813,True,19.360796729318007,0.528870274490299,0.0581685833824595,0.9712363017161909
marked_gaussian_evidence_guarded_scalar_range,49,2,True,8,152,110,0.7189369026457736,0.40537716645989985,False,,,,
marked_gaussian_evidence_guarded_scalar_range,50,1,True,8,155,112,0.6593993610814464,0.38971041680940915,True,26.85535998838533,0.4631547924270917,0.13003677900754507,0.9260195348541251
marked_gaussian_evidence_guarded_scalar_range,50,2,True,8,155,112,0.6593993610814447,0.3897104168094075,True,1.0000000000028735,0.9999999999999074,66.29367577706189,1.5845801409083047e-68
marked_gaussian_evidence_guarded_scalar_range,51,1,True,8,158,121,0.7482126863993773,0.40445576295444297,True,25.860208837749102,0.4740947884141613,0.08924475283613055,0.9488085477855814
marked_gaussian_evidence_guarded_scalar_range,51,2,False,7,25,4,0.19580020995152186,0.1927485737818472,False,,,,
marked_gaussian_evidence_guarded_scalar_range,52,1,False,7,162,133,0.6455330008066189,0.2623997458390389,True,28.942051167324035,0.45254752015636956,0.04546557902497019,0.947919858050991
marked_gaussian_evidence_guarded_scalar_range,52,2,False,7,162,133,0.6455330008066175,0.2623997458390375,False,,,,
marked_gaussian_evidence_guarded_scalar_range,53,1,True,9,165,136,1.8432624737263577,0.5775006839987299,True,46.30706870450175,0.35059533507263135,0.06837284706978408,0.9377666422721882
marked_gaussian_evidence_guarded_scalar_range,53,2,False,8,160,136,0.5873004014453378,0.24284524754030215,False,,,,
marked_gaussian_evidence_guarded_scalar_range,54,1,False,8,169,139,0.6937285968920505,0.26743295928017946,True,42.14215725411478,0.3712883155192111,0.04155659970176547,0.9877759740180505
marked_gaussian_evidence_guarded_scalar_range,54,2,False,8,169,139,0.6937285968920505,0.26743295928017946,False,,,,
marked_gaussian_evidence_guarded_scalar_range,55,1,False,8,174,141,0.6246000945242856,0.2501790257064444,True,50.21154457912249,0.3340304540155157,0.07864627236752818,0.9633426938597784
marked_gaussian_evidence_guarded_scalar_range,55,2,False,8,174,141,0.6246000945242853,0.2501790257064444,False,,,,
marked_gaussian_evidence_guarded_scalar_range,56,1,False,8,175,143,0.5954696163462999,0.2463554709220222,True,49.03726383677081,0.34486892736577,0.08208080467486802,0.9680728921650985
marked_gaussian_evidence_guarded_scalar_range,56,2,False,8,175,143,0.5954696163462995,0.2463554709220222,False,,,,
marked_gaussian_evidence_guarded_scalar_range,57,1,True,10,179,146,1.7998645547979275,0.6026992263150746,True,46.97650851045233,0.35716759755840194,0.09887432377805208,0.9434218159470644
marked_gaussian_evidence_guarded_scalar_range,57,2,False,8,178,145,0.6454746665728035,0.24451238241335171,False,,,,
marked_gaussian_evidence_guarded_scalar_range,58,1,True,10,181,148,2.0356309833687556,0.7125746080948009,True,43.493475018750196,0.3741773830180584,0.039719495252907425,0.9898968660330916
marked_gaussian_evidence_guarded_scalar_range,58,2,False,8,178,148,0.6467307702783606,0.28760128287932707,True,1.0000000000000009,1.0,32.641485575489284,3.3108193931657484e-27
marked_gaussian_evidence_guarded_scalar_range,59,1,False,8,183,149,0.7698919026345294,0.35266259213389073,True,36.89074468183024,0.4097194422183488,0.0830707168783325,0.9814771562629454
marked_gaussian_evidence_guarded_scalar_range,59,2,False,8,183,149,0.7698919026345294,0.35266259213389073,True,1.0,1.0,32.593402563315735,0.06020001182558284
marked_gaussian_evidence_guarded_scalar_range,60,1,True,8,188,151,0.6809895104931718,0.3340127741983677,True,41.863254503421295,0.38632874524467575,0.07681619984072663,0.9777748915243374
marked_gaussian_evidence_guarded_scalar_range,60,2,True,8,188,151,0.6809895104931714,0.3340127741983677,True,1.7921757915550227,0.7298274288957673,32.43225471951759,0.12689008499381435
marked_gaussian_evidence_guarded_scalar_range,61,1,True,8,185,153,0.7390424211890803,0.3294296575387638,True,39.7466227767948,0.40156682754204115,0.04629540010971166,0.9231955851871532
marked_gaussian_evidence_guarded_scalar_range,61,2,True,8,185,153,0.7390424211890803,0.3294296575387638,True,2.667044501428755,0.5494025772410643,32.3352049730279,0.2774579916816355
marked_gaussian_evidence_guarded_scalar_range,62,1,False,7,175,155,0.6528824620330556,0.30083420670391425,True,45.655409265209826,0.3731139534286991,0.0820008669988391,0.9547121328171623
marked_gaussian_evidence_guarded_scalar_range,62,2,False,7,175,155,0.6528824620330556,0.30083420670391425,True,3.312739251317898,0.508736560506412,32.270453544530376,0.5259199391482414
marked_gaussian_evidence_guarded_scalar_range,63,1,False,7,180,158,0.7126510020385212,0.29425365062664377,True,45.85904615258335,0.37381858795369033,0.060304704569526225,0.9562333985589745
marked_gaussian_evidence_guarded_scalar_range,63,2,False,7,180,158,0.7126510020385213,0.29425365062664377,True,3.4989131237991153,0.5536231441733654,32.26200262235368,0.6209917477925728
marked_gaussian_evidence_guarded_scalar_range,64,1,False,7,184,160,0.6917290183296987,0.26473110005656153,True,53.28878680453322,0.34312899992492507,0.0795192752049788,0.9314910702410546
marked_gaussian_evidence_guarded_scalar_range,64,2,False,7,184,160,0.6917290183296987,0.26473110005656153,True,3.210163130822734,0.6345215314579156,32.24008665436323,0.5234466108857629
marked_gaussian_evidence_guarded_scalar_range,65,1,False,7,188,162,0.6204446765053127,0.23573108049163213,True,61.33176312500367,0.31243130999227264,0.08209555183358459,0.9243487962419628
marked_gaussian_evidence_guarded_scalar_range,65,2,False,8,130,106,0.22161252464590236,0.11463738977388974,True,2.7833139568227128,0.7091063817859142,32.10116601583492,0.6731788097944925
marked_gaussian_evidence_guarded_scalar_range,66,1,False,8,191,165,0.6137782809508597,0.14772151004054238,True,64.4484008546028,0.3036623146262999,0.06599980548507882,0.9415194040862669
marked_gaussian_evidence_guarded_scalar_range,66,2,False,8,191,165,0.6137782809508587,0.14772151004054146,True,2.064357235802571,0.810554517853672,31.943306649089752,0.9707750037983616
marked_gaussian_evidence_guarded_scalar_range,67,1,True,9,194,167,1.8701656787391534,0.3627293409412875,True,100.73216333735382,0.19441491446202927,0.04927572298403228,0.8989266382075135
marked_gaussian_evidence_guarded_scalar_range,67,2,False,8,191,167,0.5195280653790948,0.12195339495202623,True,1.563354540107886,0.9008479250789386,32.058025496969925,0.8317052748417897
marked_gaussian_evidence_guarded_scalar_range,68,1,True,9,194,169,2.0499961715892745,0.42012572283403316,True,96.33740032148151,0.20561843975930183,0.0349348153204243,0.9776837434787178
marked_gaussian_evidence_guarded_scalar_range,68,2,False,8,195,169,0.6400922145234107,0.12118160411329729,True,1.3109196566171106,0.9469709176560223,31.767677130348332,0.9620661115233319
marked_gaussian_evidence_guarded_scalar_range,69,1,False,7,199,171,0.563467495324968,0.13228515682992462,True,88.29162259545635,0.22717985460052315,0.048842939611930904,0.9747878404084092
marked_gaussian_evidence_guarded_scalar_range,69,2,False,7,199,171,0.5634674953249678,0.13228515682992462,True,1.185063553595106,0.9716433692380416,31.773103596231277,0.9540922775057489
marked_gaussian_evidence_guarded_scalar_range,70,1,False,8,203,173,0.6101740850459579,0.12146561614014252,True,100.8879708030608,0.19987227095180896,0.040988381890688735,0.9203583783443816
marked_gaussian_evidence_guarded_scalar_range,70,2,False,8,203,173,0.6101740850459578,0.12146561614014252,True,1.2288859702889408,0.9660068724457046,31.716923557479213,0.909750340792376
marked_gaussian_evidence_guarded_scalar_range,71,1,False,8,208,175,0.5354826155954098,0.10259955859188005,True,115.68348041484049,0.16584442732814408,0.07970625736675815,0.93424724622776
marked_gaussian_evidence_guarded_scalar_range,71,2,False,8,208,175,0.5354826155954082,0.10259955859187873,True,1.151640827170179,0.9784144918914882,31.722093907388395,0.9872701794818484
marked_gaussian_evidence_guarded_scalar_range,72,1,False,8,208,177,0.6226465721247101,0.0933291595563922,True,120.42904138163654,0.16018434548064286,0.09955328073333283,0.9506457248336116
marked_gaussian_evidence_guarded_scalar_range,72,2,False,8,208,177,0.6226465721247101,0.0933291595563922,True,1.053961269541036,0.9932290191710128,31.690189526503122,0.9978458408541742
marked_gaussian_evidence_guarded_scalar_range,73,1,False,8,210,180,0.5039584617503221,0.07292559708163648,True,137.4760283407894,0.12402519180813576,0.042233186738611615,0.854287482880118
marked_gaussian_evidence_guarded_scalar_range,73,2,False,8,210,180,0.5039584617503224,0.07292559708163648,True,1.0270170797009912,0.9968837470427292,31.607370832779715,0.9965689065829121
marked_gaussian_evidence_guarded_scalar_range,74,1,False,9,213,184,0.6048669970039402,0.064138748383798,True,140.53049217238475,0.12300346785275415,0.047087991380743204,0.8869540325398874
marked_gaussian_evidence_guarded_scalar_range,74,2,False,9,213,184,0.6048669970039406,0.06413874838379845,True,1.0172234186776667,0.9980697134217524,31.508568426791683,0.9967163537372662
marked_gaussian_evidence_guarded_scalar_range,75,1,False,9,219,187,0.4948088228841766,0.049427666914943116,True,158.33478652385844,0.08870654598006192,0.05412117733474206,0.8800441739463248
marked_gaussian_evidence_guarded_scalar_range,75,2,False,9,219,187,0.49480882288417727,0.049427666914943116,True,1.0043370530309916,0.9994963999473393,31.472848442884164,0.9962606842676659
marked_gaussian_evidence_guarded_scalar_range,76,1,False,9,226,191,0.591598160988207,0.041881498981062776,True,162.51514576435568,0.08727130532063718,0.06050622674186132,0.8721452396600307
marked_gaussian_evidence_guarded_scalar_range,76,2,False,9,226,191,0.591598160988207,0.041881498981062776,True,1.0043199729764551,0.9994986389769879,31.400538804888537,0.9976959981092102
marked_gaussian_evidence_guarded_scalar_range,77,1,False,9,230,195,0.4864016748148061,0.03155731960520331,True,177.68044122919855,0.05982070985946439,0.05918060669807441,0.8716166043287484
marked_gaussian_evidence_guarded_scalar_range,77,2,False,9,230,195,0.4864016748148058,0.03155731960520331,True,3.2154428415608765,0.5643746146478433,40.117099119661724,0.5366102311566162
marked_gaussian_evidence_guarded_scalar_range,78,1,False,9,233,198,0.583702863318136,0.02606609058481281,True,182.05522882423472,0.05766857827656555,0.06272869970874015,0.8625936393124636
marked_gaussian_evidence_guarded_scalar_range,78,2,False,9,233,198,0.583702863318136,0.02606609058481281,True,1.0,1.0,31.115789584391614,0.9505529605029217
marked_gaussian_evidence_guarded_scalar_range,79,1,False,9,236,203,0.48254188314752455,0.01932719196779765,True,193.04077534411692,0.03809194777990853,0.07063913026894945,0.910513109922547
marked_gaussian_evidence_guarded_scalar_range,79,2,False,9,236,203,0.48254188314752466,0.01932719196779765,False,,,,
marked_gaussian_evidence_guarded_scalar_range,80,1,False,8,239,205,0.5714525126731703,0.015380826890596144,True,197.3702677800679,0.036096945914789,0.089886470798468,0.7734581785301682
marked_gaussian_evidence_guarded_scalar_range,80,2,False,8,239,205,0.5714525126731702,0.015380826890596036,False,,,,
marked_gaussian_evidence_guarded_scalar_range,81,1,False,8,241,207,0.5972762882756868,0.011478033036317368,True,204.53215786797918,0.02330696442686061,0.09683389666624291,0.8747138430923151
marked_gaussian_evidence_guarded_scalar_range,81,2,False,8,241,207,0.5972762882756868,0.011478033036317368,True,1.0,1.0,30.75079573750311,0.6895018739126282
marked_gaussian_evidence_guarded_scalar_range,82,1,False,8,238,211,0.5012904402905363,0.008248758061280868,True,208.434882758924,0.016414313818254617,0.05456438340554461,0.8737672766333527
marked_gaussian_evidence_guarded_scalar_range,82,2,False,8,238,211,0.5012904402905365,0.008248758061280868,False,,,,
marked_gaussian_evidence_guarded_scalar_range,83,1,False,8,239,215,0.6079714580528857,0.006553882193945602,True,213.6119703626089,0.01479626677632358,0.10988162286020166,0.9242965614689181
marked_gaussian_evidence_guarded_scalar_range,83,2,False,8,239,215,0.6079714580528854,0.006553882193945602,True,1.274181124984152,0.9425350679124994,39.147150548792176,2.840113239392124e-05
marked_gaussian_evidence_guarded_scalar_range,84,1,False,8,240,218,0.49874932138618433,0.004731407170204414,True,216.65049134836912,0.009222952581285903,0.09778786706145108,0.9021776052507984
marked_gaussian_evidence_guarded_scalar_range,84,2,False,8,206,191,0.1971091623690948,0.0023432728349247235,False,,,,
marked_gaussian_evidence_guarded_scalar_range,85,1,False,8,234,220,0.6396281047619177,0.004070015056914604,True,220.08808350733116,0.008583606055073825,0.06426381982018775,0.9700338370341018
marked_gaussian_evidence_guarded_scalar_range,85,2,False,8,234,220,0.6396281047619177,0.004070015056914604,False,,,,
marked_gaussian_evidence_guarded_scalar_range,86,1,False,8,241,222,1.8291476355910068,0.011531120066375952,True,222.72847696285638,0.006383138043934224,0.08472257983545375,0.9326991192388194
marked_gaussian_evidence_guarded_scalar_range,86,2,False,8,241,222,0.5065975442326889,0.0031272172182291,False,,,,
marked_gaussian_evidence_guarded_scalar_range,87,1,False,8,245,225,0.6616448204622691,0.0033358529386819467,True,222.00429282814082,0.0062279927560592455,0.08195296594854169,0.9602641701648194
marked_gaussian_evidence_guarded_scalar_range,87,2,False,8,245,225,0.6616448204622691,0.0033358529386819467,False,,,,
marked_gaussian_evidence_guarded_scalar_range,88,1,False,8,242,228,0.50712806511013,0.0025935980311572507,True,225.87545754300373,0.006485317946722716,0.08739144764921328,0.8901493980554414
marked_gaussian_evidence_guarded_scalar_range,88,2,False,8,242,228,0.5071280651101302,0.0025935980311572507,True,1.0000068911136497,0.9999995616921168,30.441956274636272,7.608356768118229e-22
marked_gaussian_evidence_guarded_scalar_range,89,1,False,8,246,233,0.42560993158940236,0.0021710603082964706,True,230.41100892861743,0.006116561987580648,0.07896311212900294,0.7534238422161785
marked_gaussian_evidence_guarded_scalar_range,89,2,False,8,246,233,0.42560993158940236,0.0021710603082964706,False,,,,
marked_gaussian_evidence_guarded_scalar_range,90,1,False,8,247,233,0.44356802773213816,0.0020851149534262766,True,230.7485432146049,0.005107804298958142,0.07416026837806886,0.8300094866764407
marked_gaussian_evidence_guarded_scalar_range,90,2,False,8,247,233,0.44356802773213816,0.0020851149534262766,True,1.9491505437746863,0.6129859928498591,32.05388853703006,0.002152387209315276
marked_gaussian_evidence_guarded_scalar_range,91,1,False,8,248,233,0.4693109215036846,0.0021296113424851696,True,231.0670250621556,0.004752750696531795,0.0642205263939614,0.9313821039540792
marked_gaussian_evidence_guarded_scalar_range,91,2,False,8,248,233,0.4693109215036846,0.0021296113424851696,True,1.6135413944938304,0.8688646607001478,31.88531971379977,0.03133629026654855
marked_gaussian_evidence_guarded_scalar_range,92,1,False,8,249,232,0.5096353084666538,0.002275378708734667,True,231.48948212704906,0.004593882243059275,0.054113951884488136,0.9620230187993152
marked_gaussian_evidence_guarded_scalar_range,92,2,False,8,249,232,0.5096353084666538,0.002275378708734667,True,2.07649734429573,0.6261459673447686,31.636080327321533,0.08461295719563638
marked_gaussian_evidence_guarded_scalar_range,93,1,False,8,255,228,0.5362011520173501,0.002438702386821865,True,233.81721571836115,0.004467467336651531,0.05445279724919179,0.9493863703391657
marked_gaussian_evidence_guarded_scalar_range,93,2,False,8,255,228,0.5362011520173501,0.002438702386821865,True,2.7884174470965757,0.5535843836477905,31.347511980690964,0.29260250905331986
marked_gaussian_evidence_guarded_scalar_range,94,1,False,8,251,235,0.9071110347896825,0.004108153024602739,True,235.52334311925176,0.0045239185191815485,0.07796268354325396,0.8826173303372178
marked_gaussian_evidence_guarded_scalar_range,94,2,False,8,248,232,0.45682709276446143,0.0020279295365050382,True,1.0002588138350545,0.9999795273150903,30.7831349125223,0.00010038409311679972
marked_gaussian_evidence_guarded_scalar_range,95,1,False,8,253,229,0.5629572159172742,0.002491479115964983,True,231.16807834539392,0.004678619290231059,0.08441973851349295,0.9818691978633982
marked_gaussian_evidence_guarded_scalar_range,95,2,False,8,253,229,0.5629572159172742,0.002491479115964983,True,3.802432528469776,0.4963523247673266,30.602051906893415,0.23092779041106584
marked_gaussian_evidence_guarded_scalar_range,96,1,False,8,258,227,0.5768177026785295,0.0025981689646966235,True,234.77696723312644,0.004803245818051663,0.040618386094781356,0.9453709195968413
marked_gaussian_evidence_guarded_scalar_range,96,2,False,8,258,227,0.5768177026785295,0.0025981689646966235,True,3.013270209450962,0.5030324168923673,30.258975680107575,0.14726963579502844
marked_gaussian_evidence_guarded_scalar_range,97,1,False,8,257,238,0.9084970469625895,0.004634211605418814,True,238.00557508899786,0.005119461384058133,0.041476966417009195,0.8816549460072338
marked_gaussian_evidence_guarded_scalar_range,97,2,False,8,19,0,0.0,0.0,True,2.6789696769248894,0.5275064890696981,29.982045133464638,0.09699314721479077
marked_gaussian_evidence_guarded_scalar_range,98,1,False,9,260,236,1.514252622353458,0.0073901976826150455,True,233.7624731831235,0.0053787792779762976,0.0951229083917213,0.9542288148571497
marked_gaussian_evidence_guarded_scalar_range,98,2,False,8,20,0,0.0,0.0,True,2.48714460070259,0.544815077235479,29.802164772458756,0.4992703637790318
marked_gaussian_evidence_guarded_scalar_range,99,1,False,10,264,230,1.8395692247985265,0.008693604165891206,True,234.84896328553046,0.005307856760777518,0.044937956344475075,0.9793143366144672
marked_gaussian_evidence_guarded_scalar_range,99,2,False,7,20,0,0.0,0.0,True,2.2544919276636852,0.5221126213843262,37.43796145220059,0.001829761984049198
marked_gaussian_evidence_guarded_scalar_range,100,1,False,11,268,230,1.9352761474730342,0.0091503312799321,True,236.0332169281987,0.005195942248200996,0.04982663915443186,0.984476966355045
marked_gaussian_evidence_guarded_scalar_range,100,2,False,6,19,0,0.0,0.0,True,2.0893637053782443,0.7837307829118789,37.03838277142777,0.03452385335716584
marked_gaussian_evidence_guarded_scalar_range,101,1,False,11,266,232,1.972022485121756,0.009418229648697292,True,236.36939348523123,0.005090618800346848,0.01459123017618354,0.9736026926477005
marked_gaussian_evidence_guarded_scalar_range,101,2,False,6,19,0,0.0,0.0,True,2.2653644372002386,0.7560891679677908,36.55566614307732,0.2477172805221322
marked_gaussian_evidence_guarded_scalar_range,102,1,False,10,256,233,1.0392066877182438,0.00518822739820482,True,235.7374903237436,0.004999689107669649,0.0612702434879851,0.9400209603731979
marked_gaussian_evidence_guarded_scalar_range,102,2,False,6,18,0,0.0,0.0,True,2.2210759595687946,0.7808149576016589,37.0280922826782,0.6284140778887597
marked_gaussian_evidence_guarded_scalar_range,103,1,False,10,257,232,1.7926257507134755,0.008854042097100093,True,231.42546046454632,0.0050975740383904615,0.03749735343735392,0.9915634365870862
marked_gaussian_evidence_guarded_scalar_range,103,2,False,6,19,0,0.0,0.0,False,,,,
marked_gaussian_evidence_guarded_scalar_range,104,1,False,10,258,231,1.9018434062197875,0.009384115746767214,True,232.6301859705407,0.005029745033681089,0.05698818335245788,0.940893138200167
marked_gaussian_evidence_guarded_scalar_range,104,2,False,6,19,0,0.0,0.0,False,,,,
marked_gaussian_evidence_guarded_scalar_range,105,1,False,9,252,233,1.0749721008934054,0.005343036502262584,True,233.20771182068083,0.004966780861327815,0.05239452243633204,0.9782113263442415
marked_gaussian_evidence_guarded_scalar_range,105,2,False,6,17,0,0.0,0.0,False,,,,
marked_gaussian_evidence_guarded_scalar_range,106,1,False,9,251,232,0.9908751323888183,0.0049371458929825885,True,231.53244545059044,0.004979767402134699,0.0719553852227941,0.9379123703964817
marked_gaussian_evidence_guarded_scalar_range,106,2,False,6,14,0,0.0,0.0,False,,,,
marked_gaussian_evidence_guarded_scalar_range,107,1,False,8,252,231,1.4484882388963667,0.007331893505081897,True,231.23729096586592,0.004982967744086436,0.0510837335245769,0.9737234233716234
marked_gaussian_evidence_guarded_scalar_range,107,2,False,6,13,0,0.0,0.0,False,,,,
marked_gaussian_evidence_guarded_scalar_range,108,1,False,8,253,231,1.7330389010053984,0.008934097550103715,True,232.65966354629458,0.004979328566610246,0.021879969483652523,0.9467016437172366
marked_gaussian_evidence_guarded_scalar_range,108,2,False,6,13,0,0.0,0.0,False,,,,
marked_gaussian_evidence_guarded_scalar_range,109,1,False,8,255,232,1.94757879249516,0.010112035099957829,True,234.11828500709936,0.00497513785584135,0.045280644753644225,0.9594207909903829
marked_gaussian_evidence_guarded_scalar_range,109,2,False,6,13,0,0.0,0.0,False,,,,
marked_gaussian_evidence_guarded_scalar_range,110,1,False,8,255,234,1.9992519780486895,0.010359998526019876,True,235.0367894458324,0.004974524561868489,0.038825024169705465,0.9645788724653768
marked_gaussian_evidence_guarded_scalar_range,110,2,False,6,13,0,0.0,0.0,True,1.851270296429533,0.8584824475402144,28.086867842343377,1.138025776898e-311
marked_gaussian_evidence_guarded_scalar_range,111,1,False,8,254,236,2.0092503883935926,0.010363046827252673,True,234.86354605441252,0.004987327929167549,0.05057140941230824,0.9750776383728743
marked_gaussian_evidence_guarded_scalar_range,111,2,False,6,15,0,0.0,0.0,True,1.0793829226876848,0.9853557534346183,26.48790250405761,0.0024155715888880876
marked_gaussian_evidence_guarded_scalar_range,112,1,False,8,256,236,1.9539129601274343,0.010058448006677684,True,234.16569306927437,0.005001748034910449,0.04904137301125394,0.9442436678013406
marked_gaussian_evidence_guarded_scalar_range,112,2,False,5,16,0,0.0,0.0,True,1.0630484696776261,0.9902310479128049,27.422584183486848,0.0033484529352446717
marked_gaussian_evidence_guarded_scalar_range,113,1,False,9,258,236,1.9780942557544883,0.01016681432299046,True,234.0942982157333,0.005014810644442034,0.06875918499295304,0.9709140199964299
marked_gaussian_evidence_guarded_scalar_range,113,2,False,6,17,0,0.0,0.0,True,2.00920385842991,0.5354635014692218,27.209184340531873,0.06355475222777074
marked_gaussian_evidence_guarded_scalar_range,114,1,False,8,258,236,1.981062850884511,0.010173857886286596,True,234.00888888724637,0.005029509544370404,0.07189153767717339,0.9752842413629477
marked_gaussian_evidence_guarded_scalar_range,114,2,False,7,20,0,0.0,0.0,True,2.338598142732495,0.5198937743842086,27.009404979788208,0.6949862356440566
marked_gaussian_evidence_guarded_scalar_range,115,1,False,7,253,235,1.9755266561530507,0.010148992715074454,True,233.97110095361552,0.0050430092465760055,0.08584352655279938,0.9396536917662067
marked_gaussian_evidence_guarded_scalar_range,115,2,False,7,22,0,0.0,0.0,True,2.163685186215183,0.6027164102197543,27.036502130402436,0.9841195297484949
marked_gaussian_evidence_guarded_scalar_range,116,1,False,7,252,235,1.9318189680246123,0.00992621194050881,True,233.93263686128685,0.005058839852388348,0.06237627225631114,0.8993593187918392
marked_gaussian_evidence_guarded_scalar_range,116,2,False,8,25,0,0.0,0.0,True,1.862252103938405,0.7367320264063587,26.885216517387924,0.9940390845166814
marked_gaussian_evidence_guarded_scalar_range,117,1,False,7,251,235,1.9724094814299242,0.010133672536787427,True,233.9279926824652,0.005074235127064978,0.046204382595739536,0.9553194585828144
marked_gaussian_evidence_guarded_scalar_range,117,2,False,7,25,0,0.0,0.0,True,1.462807658064684,0.8810137620314034,26.819649921034678,0.9969982698007427
marked_gaussian_evidence_guarded_scalar_range,118,1,False,7,247,233,1.0273129998926878,0.005252104722522446,True,233.8478095938254,0.005093009919573256,0.08009353867312048,0.9278803947905805
marked_gaussian_evidence_guarded_scalar_range,118,2,False,6,21,0,0.0,0.0,True,1.1573607748315395,0.9679233380307991,26.636313159231786,0.994512142368677
marked_gaussian_evidence_guarded_scalar_range,119,1,False,7,247,232,0.9600798856702213,0.004906650456138045,True,231.44688881787727,0.005106789145314612,0.0614665593688981,0.9095437213228434
marked_gaussian_evidence_guarded_scalar_range,119,2,False,6,19,0,0.0,0.0,True,1.2006960635312736,0.9634678249532992,9.807268694382405,3.4100858191887666e-05
marked_gaussian_evidence_guarded_scalar_range,120,1,False,7,248,231,1.5118168305334043,0.007741440623794856,True,231.1448581517269,0.005107962600846641,0.07214371370798427,0.9662427393313707
marked_gaussian_evidence_guarded_scalar_range,120,2,False,6,19,0,0.0,0.0,True,1.0056704381993304,0.9993891706435967,9.762092159306667,0.036554317112592334
marked_gaussian_evidence_guarded_scalar_range,121,1,False,8,252,231,1.7751413599888033,0.009090746385386877,True,232.7054931030335,0.005097211965819757,0.07254837022456813,0.9490819365393703
marked_gaussian_evidence_guarded_scalar_range,121,2,False,7,21,0,0.0,0.0,True,1.2965947123325274,0.9277977539491807,9.721748538037938,0.2757608324897544
marked_gaussian_evidence_guarded_scalar_range,122,1,False,8,256,0,0.0,0.0,True,236.5261746665621,0.0064950037639405715,3.483331537044233,0.8936297588865634
marked_gaussian_evidence_guarded_scalar_range,122,2,False,8,22,0,0.0,0.0,True,1.2619256167177686,0.9456973633375142,9.69554672988585,0.9482451351922343
marked_gaussian_evidence_guarded_scalar_range,123,1,False,8,259,6,0.015518659975407512,0.005850486515347802,True,237.62652085576968,0.0061101724774811975,0.08303720827616741,0.652504392261318
marked_gaussian_evidence_guarded_scalar_range,123,2,False,8,22,0,0.0,0.0,True,3.7225999158952465,0.3616901524970395,4.009254279345464,0.053296096551817884
marked_gaussian_evidence_guarded_scalar_range,124,1,False,9,259,10,0.032486641555324686,0.0072287340535528676,True,238.61882912809185,0.0051225802707654125,0.05159638179157058,0.9152097674122905
marked_gaussian_evidence_guarded_scalar_range,124,2,False,7,25,0,0.0,0.0,True,3.497498281985581,0.4944518887251171,3.932953547494068,0.9821754867467127
marked_gaussian_evidence_guarded_scalar_range,125,1,False,8,254,1,0.0012208729635048389,0.0012208729635048389,True,236.08654302444583,0.005081979347251312,3.5228792165230707,0.9265009724439446
marked_gaussian_evidence_guarded_scalar_range,125,2,False,8,23,0,0.0,0.0,True,2.3093550957350697,0.7376834872129284,3.9762470423818486,0.9988859098824313
marked_gaussian_evidence_guarded_scalar_range,126,1,False,10,258,7,0.022729903441525222,0.006547390966214796,True,236.24386492794844,0.008132757932203083,0.03177097888515216,0.5829745177989636
marked_gaussian_evidence_guarded_scalar_range,126,2,False,8,24,0,0.0,0.0,True,1.5983517124654558,0.8864344045521003,4.056538795459674,0.9402142120976086
marked_gaussian_evidence_guarded_scalar_range,127,1,False,10,263,237,0.8932215471356655,0.005739167881125917,True,237.55570738428898,0.006788290854927922,0.04967207406246074,0.8113411915354698
marked_gaussian_evidence_guarded_scalar_range,127,2,False,7,20,0,0.0,0.0,True,1.0028675146710202,0.9997039296770128,26.66770256673142,0.9998209311667698
marked_gaussian_evidence_guarded_scalar_range,128,1,False,11,265,237,1.6589909988720462,0.008427117411370618,True,235.2789653650246,0.0076120042205694,0.05031572624499657,0.8723760351755985
marked_gaussian_evidence_guarded_scalar_range,128,2,False,7,17,0,0.0,0.0,True,1.0030214891200355,0.999682097597414,25.69109267370397,0.9996028593762576
marked_gaussian_evidence_guarded_scalar_range,129,1,False,11,265,236,1.0220684057884863,0.006746774716851427,True,235.55440683692936,0.006766525679692228,0.06537621963130108,0.9396206723645657
marked_gaussian_evidence_guarded_scalar_range,129,2,False,6,16,0,0.0,0.0,True,1.0268437696594264,0.9962220285121823,23.872732121927005,0.06058555595295957
marked_gaussian_evidence_guarded_scalar_range,130,1,False,12,269,232,1.5728143292538137,0.008076850693639847,True,233.19100458679551,0.006835690322896584,0.05407432501368672,0.9424772690635198
marked_gaussian_evidence_guarded_scalar_range,130,2,False,6,15,0,0.0,0.0,True,1.0023757716929598,0.9997566576819507,25.212750941242707,0.9902474335425824
marked_gaussian_evidence_guarded_scalar_range,131,1,False,13,274,233,1.8584981198769506,0.00953777347655966,True,234.5418468304365,0.006112743018739249,0.051589845790832915,0.9746414510829374
marked_gaussian_evidence_guarded_scalar_range,131,2,False,6,15,0,0.0,0.0,True,1.0041157271235999,0.9995522722307757,23.736515805006352,0.9640144212019965
marked_gaussian_evidence_guarded_scalar_range,132,1,False,13,272,234,1.9617815792119577,0.010071896599396345,True,235.59327490534142,0.005921930133538289,0.05623382425027728,0.9677505884977533
marked_gaussian_evidence_guarded_scalar_range,132,2,False,5,14,0,0.0,0.0,False,,,,
marked_gaussian_evidence_guarded_scalar_range,133,1,False,12,273,234,1.9599586048927593,0.010070930755522237,True,235.62428890368344,0.006073374015335504,0.07599963724473588,0.9644924020529895
marked_gaussian_evidence_guarded_scalar_range,133,2,False,5,13,0,0.0,0.0,False,,,,
marked_gaussian_evidence_guarded_scalar_range,134,1,False,13,274,236,1.954317878512162,0.010033337133043125,True,235.3619249594009,0.00651675421846414,0.058855474737248406,0.9180676093771624
marked_gaussian_evidence_guarded_scalar_range,134,2,False,5,13,0,0.0,0.0,True,1.051597525792992,0.9912214026998747,28.01943144308654,2.598286100267537e-07
marked_gaussian_evidence_guarded_scalar_range,135,1,False,12,268,234,1.0367895448654392,0.006737563181197047,True,234.98524067081226,0.006811403116030258,0.0722990595570594,0.9380079562231987
marked_gaussian_evidence_guarded_scalar_range,135,2,False,4,13,0,0.0,0.0,True,1.0623340154810088,0.9891984751469102,9.838591457570624,3.0581833396865764e-05
marked_gaussian_evidence_guarded_scalar_range,136,1,False,13,271,233,1.6224431322436006,0.008940188965969067,True,232.28280573490784,0.007916896966657002,0.08269244635451287,0.9010895929209676
marked_gaussian_evidence_guarded_scalar_range,136,2,False,4,13,0,0.0,0.0,False,,,,
marked_gaussian_evidence_guarded_scalar_range,137,1,False,11,272,235,1.0153473106844102,0.007601235177910523,True,233.5141290045513,0.0076697382192499166,0.09417792242607549,0.9330146554333161
marked_gaussian_evidence_guarded_scalar_range,137,2,False,4,12,0,0.0,0.0,True,1.0020970116713819,0.9997773827662407,25.631999262119564,0.04732127342911036
marked_gaussian_evidence_guarded_scalar_range,138,1,False,12,274,232,1.5598821853143368,0.010749424251756507,True,232.3608260756921,0.008185448128284301,0.07358348226386179,0.9696209202501301
marked_gaussian_evidence_guarded_scalar_range,138,2,False,5,15,0,0.0,0.0,True,1.1534576037513713,0.9676660013906397,25.48475292057483,0.7105817916645859
marked_gaussian_evidence_guarded_scalar_range,139,1,False,12,272,235,1.015546710161443,0.007982800099782267,True,233.68773635210013,0.007944678310267754,0.06489808707935799,0.9370790902499014
marked_gaussian_evidence_guarded_scalar_range,139,2,False,6,16,0,0.0,0.0,True,1.0007012052813815,0.9999381650734187,3.970182585090696,6.286954456642911e-08
marked_gaussian_evidence_guarded_scalar_range,140,1,False,12,271,232,1.5101952105472454,0.011730902162191264,True,232.32199208527268,0.008166417575020315,0.05081532155112087,0.9303932274575335
marked_gaussian_evidence_guarded_scalar_range,140,2,False,6,18,0,0.0,0.0,True,1.00001713917577,0.9999988440116109,4.046835950538874,0.036526276389560346
marked_gaussian_evidence_guarded_scalar_range,141,1,False,12,274,233,1.8700918662106574,0.014426925562082218,True,233.77985922559364,0.007992854047954882,0.0568251415284723,0.9794905050015481
marked_gaussian_evidence_guarded_scalar_range,141,2,False,5,18,0,0.0,0.0,True,1.2996190746443865,0.9267088119185426,4.029938961571288,0.22132125580911163
marked_gaussian_evidence_guarded_scalar_range,142,1,False,12,269,235,1.0384920537316942,0.008095920968479905,True,235.0056886863318,0.007785810806183103,0.05077160343976151,0.9445081888373169
marked_gaussian_evidence_guarded_scalar_range,142,2,False,5,18,0,0.0,0.0,True,1.2816554977887258,0.9418736531666818,4.003674924464814,0.837961575545045
marked_gaussian_evidence_guarded_scalar_range,143,1,False,12,268,233,1.0086444777871335,0.007859537082183895,True,232.55810660808172,0.007782104939114419,0.03770167553269916,0.9580591662086825
marked_gaussian_evidence_guarded_scalar_range,143,2,False,5,17,0,0.0,0.0,True,2.744288185915259,0.6592593378384329,9.784586370198094,0.3556409555488514
marked_gaussian_evidence_guarded_scalar_range,144,1,False,12,269,232,1.34957147722533,0.010969662838952926,True,231.9296127906692,0.007790569031485199,0.03577541140049287,0.9632983107381041
marked_gaussian_evidence_guarded_scalar_range,144,2,False,4,19,0,0.0,0.0,True,1.1013052894997022,0.9806638316129217,26.324719650510765,1.2095286761357365e-05
marked_gaussian_evidence_guarded_scalar_range,145,1,False,10,268,232,0.630019298745988,0.003857476502328292,True,233.34056128851935,0.007806674740965396,0.03951553556406854,0.9816534081206405
marked_gaussian_evidence_guarded_scalar_range,145,2,False,5,19,0,0.0,0.0,True,1.0033901877932898,0.9996239750012584,26.39252378351145,0.018211666565769797
marked_gaussian_evidence_guarded_scalar_range,146,1,False,7,265,233,0.6299355183557449,0.003257192600296108,True,236.0253761594869,0.005531731041919683,0.03964059325722988,0.9562218850749185
marked_gaussian_evidence_guarded_scalar_range,146,2,False,5,19,0,0.0,0.0,True,2.4511162796242907,0.4788246067466481,29.29554745383821,0.0009113026582205046
marked_gaussian_evidence_guarded_scalar_range,147,1,False,12,274,238,0.9415749226760455,0.004590560800830141,True,237.73352134489437,0.0045739520957420125,0.06434110555570793,0.9056605880041109
marked_gaussian_evidence_guarded_scalar_range,147,2,False,6,271,237,0.4791477495124483,0.009940630654318668,True,1.1384316941019266,0.9758178059831845,3.9526799907387944,0.07292170766659621
marked_gaussian_evidence_guarded_scalar_range,148,1,False,10,275,234,0.9249655724383947,0.004637671343006591,True,236.8357634529056,0.004494982190268201,0.08025739217535569,0.9652598935919043
marked_gaussian_evidence_guarded_scalar_range,148,2,False,10,275,234,0.9249655724383943,0.004637671343006591,True,186.94107040433502,0.06162986023617664,4.095406510006405,0.6293957027792652
marked_gaussian_evidence_guarded_scalar_range,149,1,False,11,280,1,0.0020493007629839837,0.0020493007629839837,True,239.60583144533044,0.007068115874721454,0.07216541575981192,0.9104666641550828
marked_gaussian_evidence_guarded_scalar_range,149,2,False,11,280,1,0.0020493007629839837,0.0020493007629839837,True,230.87538952062812,0.02945701308655028,3.8508272648788604,0.858154220854267
marked_gaussian_evidence_guarded_scalar_range,150,1,False,11,281,7,0.010496988360533437,0.0020395033095558664,True,241.2987550942762,0.009812055130381825,0.05942246472333614,0.9777724033369055
marked_gaussian_evidence_guarded_scalar_range,150,2,False,11,281,7,0.010496988360533437,0.0020395033095558664,True,1.0008204086246641,0.9999328468184658,26.56647715208948,0.9861364714375884
marked_gaussian_evidence_guarded_scalar_range,151,1,False,11,282,224,0.5830592156928803,0.002686458838842,True,244.7807323007655,0.012091937931251474,0.034724695433174885,0.9133531759970435
marked_gaussian_evidence_guarded_scalar_range,151,2,False,11,282,224,0.5830592156928803,0.002686458838842,True,1.5046593606698222,0.8922022779091241,23.71772616440841,0.024860222797244223
marked_gaussian_evidence_guarded_scalar_range,152,1,False,12,286,247,0.6256457809189271,0.004072102702481607,True,245.55502229272886,0.008823105255638144,0.06096482851798742,0.8352837597760137
marked_gaussian_evidence_guarded_scalar_range,152,2,False,12,286,247,0.6256457809189271,0.004072102702481607,True,1.5726287285803724,0.9025202636073174,23.47299854847429,0.6457436265769402
marked_gaussian_evidence_guarded_scalar_range,153,1,False,12,289,252,0.6595241256937775,0.002866572207126662,True,250.01156727131448,0.006126443387546998,0.07459492102439318,0.9293981761316644
marked_gaussian_evidence_guarded_scalar_range,153,2,False,12,289,252,0.6595241256937775,0.002866572207126662,True,1.0745716325615557,0.9891117309549454,23.404566828600867,0.9888866477401071
marked_gaussian_evidence_guarded_scalar_range,154,1,False,11,289,253,0.5193514306276577,0.002426252624707485,True,253.3096118610034,0.0055271761927180715,0.037441576463484554,0.9719283016434233
marked_gaussian_evidence_guarded_scalar_range,154,2,False,11,289,253,0.5193514306276577,0.002426252624707485,True,214.40012151898355,0.07680647393973239,4.02877154193303,0.6969116528384499
marked_gaussian_evidence_guarded_scalar_range,155,1,False,11,292,254,0.4803720399253252,0.002313738956425758,True,251.23035053809753,0.005877589103853273,0.06401478719287002,0.8886305921320761
marked_gaussian_evidence_guarded_scalar_range,155,2,False,11,292,254,0.4803720399253252,0.002313738956425758,True,2.2960499905065412,0.5355105695615123,24.479758524351364,0.011844628599428676
marked_gaussian_evidence_guarded_scalar_range,156,1,False,11,299,254,0.5589363531973262,0.0023018613099516907,True,252.5152585711476,0.004905500846714769,0.04328619549196966,0.9374629224207431
marked_gaussian_evidence_guarded_scalar_range,156,2,False,11,299,254,0.5589363531973262,0.0023018613099516907,True,1.0001243648694749,0.999990773236019,23.023512265963845,0.980464588610424
marked_gaussian_evidence_guarded_scalar_range,157,1,False,11,300,253,0.4908294640339658,0.0021039217433570893,True,254.80288104066963,0.004622028655703398,0.04926901172401335,0.9318945433972055
marked_gaussian_evidence_guarded_scalar_range,157,2,False,11,300,253,0.4908294640339658,0.0021039217433570893,True,3.199833075905259,0.5620847222084159,9.79823712375142,3.508269317279517e-06
marked_gaussian_evidence_guarded_scalar_range,158,1,False,11,300,251,0.5590417804349339,0.002251191459460716,True,252.3693161073059,0.004359403257897273,0.06516997259959327,0.9466408616030044
marked_gaussian_evidence_guarded_scalar_range,158,2,False,11,300,251,0.5590417804349339,0.002251191459460716,True,1.0021798231559178,0.9997718841506181,21.51952535563326,0.9875610234600624
marked_gaussian_evidence_guarded_scalar_range,159,1,False,11,296,253,0.5024121568411704,0.002077602005263118,True,254.20440656289952,0.00431730126292335,0.04785693532367379,0.9733580145747533
marked_gaussian_evidence_guarded_scalar_range,159,2,False,11,296,253,0.5024121568411704,0.002077602005263118,True,2.5709444956682956,0.5658128068936408,29.810333673020114,0.05942193087839501
marked_gaussian_evidence_guarded_scalar_range,160,1,False,11,296,252,0.4944964777385343,0.002028967424173392,True,253.29131798178182,0.00423136165256446,0.04565215250640443,0.9476623080474932
marked_gaussian_evidence_guarded_scalar_range,160,2,False,11,296,252,0.4944964777385343,0.002028967424173392,True,1.001178108946005,0.999883233668876,33.56702856921174,0.9998253659084291
marked_gaussian_evidence_guarded_scalar_range,161,1,False,11,300,252,0.5350532281172697,0.0021478923756435477,True,253.01834783961152,0.004117412722058945,0.04544016340744353,0.9759004156672173
marked_gaussian_evidence_guarded_scalar_range,161,2,False,11,18,0,0.0,0.0,True,1.0010992757481625,0.9998917577585859,34.17489993217299,0.9998911793239782
marked_gaussian_evidence_guarded_scalar_range,162,1,False,11,305,251,0.5737479136492388,0.0022911162055704194,True,255.0104949350131,0.0040629071747977875,0.05522851524925686,0.9643324376752598
marked_gaussian_evidence_guarded_scalar_range,162,2,False,11,305,251,0.5737479136492388,0.0022911162055704194,True,1.0010881610845221,0.9998929625020553,35.085981654292134,0.9999230328248148
marked_gaussian_evidence_guarded_scalar_range,163,1,False,11,288,254,0.48931986827683477,0.0019911399919585295,True,257.25157932819855,0.004192677624766553,0.056311228586091465,0.919146079902873
marked_gaussian_evidence_guarded_scalar_range,163,2,False,11,288,254,0.48931986827683477,0.0019911399919585295,True,1.0012151137379903,0.9998794800478192,35.694994974646036,0.9999906310858209
marked_gaussian_evidence_guarded_scalar_range,164,1,False,11,290,253,0.5541688070248452,0.0022129173338270255,True,254.23521246090667,0.004202782061247017,0.05133739829068235,0.9285141634851581
marked_gaussian_evidence_guarded_scalar_range,164,2,False,11,290,253,0.5541688070248452,0.0022129173338270255,True,1.0012831093746783,0.9998714117362889,36.73306940255367,0.9999601980442804
marked_gaussian_evidence_guarded_scalar_range,165,1,False,11,294,251,0.6163109884187059,0.0025051893382209644,True,256.45490327058553,0.00419187586310804,0.04913231474759352,0.9691718017899584
marked_gaussian_evidence_guarded_scalar_range,165,2,False,11,294,251,0.6163109884187059,0.0025051893382209644,True,1.0000005121483515,0.9999999721610615,29.585069737567935,2.4391620677723074e-08
marked_gaussian_evidence_guarded_scalar_range,166,1,False,11,293,256,0.4916528721622413,0.0020067809197162126,True,258.8446515427903,0.0042494268920240845,0.06539483692032157,0.9181711677231941
marked_gaussian_evidence_guarded_scalar_range,166,2,False,11,293,256,0.4916528721622413,0.0020067809197162126,True,1.0000000327205991,0.9999999985022144,18.10289779245892,0.9880367860603545
marked_gaussian_evidence_guarded_scalar_range,167,1,False,11,287,255,0.49644179229231095,0.002012283614408819,True,255.90042726921013,0.004173314104715571,0.050299753448544544,0.9453850264090864
marked_gaussian_evidence_guarded_scalar_range,167,2,False,11,287,255,0.49644179229231095,0.002012283614408819,True,1.0699716600902391,0.9887491317256694,9.7665329308141,0.10490203000050634
marked_gaussian_evidence_guarded_scalar_range,168,1,False,11,283,253,0.491014961818401,0.0019744504096490373,True,255.25849108848183,0.004076453898666039,0.06198837420036239,0.9309538805372675
marked_gaussian_evidence_guarded_scalar_range,168,2,False,11,283,253,0.491014961818401,0.0019744504096490373,True,1.003974093784889,0.9995615774962827,25.008701296066874,0.05382046018812046
marked_gaussian_evidence_guarded_scalar_range,169,1,False,11,276,253,0.5003399882451509,0.001998038008135734,True,253.84432904955165,0.004029004466811,0.06898381488217338,0.9655995899919442
marked_gaussian_evidence_guarded_scalar_range,169,2,False,11,276,253,0.5003399882451509,0.001998038008135734,True,3.1070725643905392,0.5722736780709115,29.726491358582685,0.2883467412538288
marked_gaussian_evidence_guarded_scalar_range,170,1,False,11,274,253,0.4943224233980224,0.0019668940019918627,True,254.07550438906526,0.003999359713796536,0.06001146417858079,0.9416816706554154
marked_gaussian_evidence_guarded_scalar_range,170,2,False,11,274,253,0.4943224233980224,0.0019668940019918627,True,3.4022532514898085,0.5931900006923438,29.870318008185638,0.14221603150455678
marked_gaussian_evidence_guarded_scalar_range,171,1,False,11,274,253,0.4961802023028773,0.001971264117367954,True,253.86277675384187,0.003988363938204784,0.06770664708556767,0.9489836098253824
marked_gaussian_evidence_guarded_scalar_range,171,2,False,11,274,253,0.4961802023028773,0.001971264117367954,True,3.0380858306116205,0.6556449919781291,29.80722669540908,0.19683013114603254
marked_gaussian_evidence_guarded_scalar_range,172,1,False,11,275,252,0.5186633543854252,0.0020926801727107593,True,254.10769280782873,0.003978340326259423,0.07822402410291412,0.9423076180144917
marked_gaussian_evidence_guarded_scalar_range,172,2,False,11,275,252,0.5186633543854252,0.00209268017271073,True,4.7485378430554945,0.8056874101652997,4.0301250744733705,0.5044290455865696
marked_gaussian_evidence_guarded_scalar_range,173,1,False,12,279,252,1.2980489242089654,0.0053007723303410605,True,256.5287396786668,0.0039725180320466765,0.041239786655181895,0.9385290220683506
marked_gaussian_evidence_guarded_scalar_range,173,2,False,11,275,252,0.7074736906854433,0.0029271667740189923,True,28.348568672617198,0.5093086967020964,4.03203528425681,0.5848799673395688
marked_gaussian_evidence_guarded_scalar_range,174,1,False,11,273,252,0.42437163434522945,0.0020776670821400656,True,258.102734897382,0.004228728670218244,0.08194093495650183,0.9734291063307416
marked_gaussian_evidence_guarded_scalar_range,174,2,False,11,273,252,0.42437163434522984,0.0020776670821400656,True,1.7972242891338461,0.8802827370093941,9.747675905257452,0.7489189418368896
marked_gaussian_evidence_guarded_scalar_range,175,1,False,10,270,250,0.4098585413309631,0.0020781843743137222,True,253.72401782676744,0.006875359815436433,0.08341765312680782,0.8955328290234275
marked_gaussian_evidence_guarded_scalar_range,175,2,False,10,270,250,0.4098585413309629,0.0020781843743136927,True,88.87144732889519,0.3006641876676329,4.0905350090806945,0.2895849385952754
marked_gaussian_evidence_guarded_scalar_range,176,1,False,11,271,250,0.44066107375216546,0.0022642318587006507,True,251.5183462054721,0.0057205544614888455,0.05480676160192004,0.8555738259969099
marked_gaussian_evidence_guarded_scalar_range,176,2,False,11,271,250,0.4406610737521651,0.0022642318587006507,True,44.60740350505516,0.43248155427919815,4.032503617485689,0.665041963808879
marked_gaussian_evidence_guarded_scalar_range,177,1,False,9,269,250,0.4571705282004992,0.0023719284442905177,True,252.04434734948714,0.00555486845172717,0.08225705586607583,0.8894025976645092
marked_gaussian_evidence_guarded_scalar_range,177,2,False,9,269,250,0.457170528200499,0.0023719284442905177,True,30.140613935258028,0.5044508664393784,4.021024962495358,0.7872782111367809
marked_gaussian_evidence_guarded_scalar_range,178,1,False,9,269,250,0.47213959105549663,0.0024764282171619743,True,251.5179595848641,0.005552075532140118,0.038092195107582875,0.9044301039256482
marked_gaussian_evidence_guarded_scalar_range,178,2,False,9,269,250,0.472139591055497,0.0024764282171619743,True,18.565603009635524,0.5926190632501829,3.954291449963879,0.9770354382921369
marked_gaussian_evidence_guarded_scalar_range,179,1,False,8,271,249,0.4540468395255423,0.002422967049405719,True,251.1155399274517,0.005619502565416448,0.07681927028024434,0.8266177201626723
marked_gaussian_evidence_guarded_scalar_range,179,2,False,8,271,249,0.45404683952554253,0.0024229670494057536,True,17.453726069140433,0.603093682169802,3.939889602523123,0.9979989646918798
marked_gaussian_evidence_guarded_scalar_range,180,1,False,8,274,249,0.4419504553148026,0.0024148702460843356,True,251.6982532594974,0.005703064467333606,0.07084714023405572,0.9059599568628018
marked_gaussian_evidence_guarded_scalar_range,180,2,False,8,274,249,0.44195045531480254,0.0024148702460843013,True,15.226351044243756,0.6252463161703733,4.262406411482945,0.9830327737957909
marked_gaussian_evidence_guarded_scalar_range,181,1,False,9,273,249,0.47060238253879205,0.0026165415952999925,True,251.5424586079121,0.005795661013704404,0.056466655651523125,0.9343921201546225
marked_gaussian_evidence_guarded_scalar_range,181,2,False,9,273,249,0.4706023825387924,0.0026165415952999925,True,54.585515454247734,0.3965927638927468,3.9039017901192747,0.6851340957581662
marked_gaussian_evidence_guarded_scalar_range,182,1,False,9,278,250,0.4841222441402519,0.002345691064639024,True,250.57802822516982,0.0058681237428640535,0.061528513038350205,0.9132829498751256
marked_gaussian_evidence_guarded_scalar_range,182,2,False,9,28,0,0.0,0.0,True,3.0758448753838707,0.503066007849984,23.090669344392712,0.1393650293105612
marked_gaussian_evidence_guarded_scalar_range,183,1,False,9,283,250,0.5566658761843487,0.0024374060001971813,True,251.4002989926376,0.004878477145258182,0.06636579778567875,0.95670783710086
marked_gaussian_evidence_guarded_scalar_range,183,2,False,9,283,250,0.5566658761843487,0.0024374060001971813,True,3.2747357822322622,0.49199055180365114,23.06422286477258,0.4817198245920324
marked_gaussian_evidence_guarded_scalar_range,184,1,False,9,282,251,0.48781164914361563,0.002049951069400029,True,253.19327422407724,0.004419862161921114,0.052135025534342114,0.922171537672803
marked_gaussian_evidence_guarded_scalar_range,184,2,False,9,282,251,0.48781164914361563,0.002049951069400029,True,3.1209971144944166,0.44896951159437964,23.244441060778218,0.7528171305138914
marked_gaussian_evidence_guarded_scalar_range,185,1,False,9,281,250,0.48578491842035726,0.0019974351429095406,True,251.69115859296923,0.004217199191338247,0.06226259564888908,0.9210230595940851
marked_gaussian_evidence_guarded_scalar_range,185,2,False,9,281,250,0.48578491842035726,0.0019974351429095406,True,2.6924963817269614,0.5555851651728178,23.355681681882615,0.9508781504950329
marked_gaussian_evidence_guarded_scalar_range,186,1,False,9,276,250,0.4454528975314944,0.001842236476791344,True,250.95779104757003,0.004116996974182772,0.06343665935715466,0.9511853154684407
marked_gaussian_evidence_guarded_scalar_range,186,2,False,9,276,250,0.4454528975314945,0.001842236476791344,True,3.767887388342978,0.8389572354101945,3.9894329184269917,0.455603579617251
marked_gaussian_evidence_guarded_scalar_range,187,1,False,10,277,250,0.9564471718979906,0.003957215027340732,True,251.10770281731928,0.00413164878172147,0.05985284916602841,0.9357308320889907
marked_gaussian_evidence_guarded_scalar_range,187,2,False,9,278,249,0.5741682386829496,0.0024187256152565575,True,144.05809916483534,0.13632567778525315,3.942345587450753,0.8082243240059847
marked_gaussian_evidence_guarded_scalar_range,188,1,False,9,276,250,0.8962096555308122,0.003737570846204119,True,250.74943896462858,0.004144564015482677,0.049191523816096656,0.9790811316353608
marked_gaussian_evidence_guarded_scalar_range,188,2,False,9,276,250,0.8962096555308131,0.003737570846204119,True,252.2246264953922,0.004185815360018438,1.2026905857810624,0.7458801086109443
marked_gaussian_evidence_guarded_scalar_range,189,1,False,9,273,249,0.6040978105060933,0.0025359072945628676,True,251.10558525711832,0.004136685719768962,0.05874710297263044,0.9557046492601765
marked_gaussian_evidence_guarded_scalar_range,189,2,False,9,273,249,0.6040978105060931,0.0025359072945628676,True,12.230360432382557,0.6549732168597127,4.100243332100155,0.5940845302689719
marked_gaussian_evidence_guarded_scalar_range,190,1,False,9,276,249,0.5014790462467508,0.0021153044779771953,True,251.16305842313227,0.004148639710197952,0.05962269804324278,0.9201765986428514
marked_gaussian_evidence_guarded_scalar_range,190,2,False,9,276,249,0.5014790462467511,0.0021153044779771654,True,8.920074142772554,0.7093758026845779,4.0590347415783326,0.7424747917891236
marked_gaussian_evidence_guarded_scalar_range,191,1,False,9,283,249,0.4705170551250414,0.0019934414919031713,True,250.83231299184038,0.004174007883278478,0.04517577955746385,0.9271485211947501
marked_gaussian_evidence_guarded_scalar_range,191,2,False,9,283,249,0.4705170551250411,0.0019934414919031713,True,8.146115873311171,0.7221043672637859,4.300701473728037,0.9742880783663186
marked_gaussian_evidence_guarded_scalar_range,192,1,False,9,281,249,0.49147513527242276,0.0020868934738400256,True,251.75509104968938,0.004177519203693179,0.03408115496125422,0.9231918248481426
marked_gaussian_evidence_guarded_scalar_range,192,2,False,9,281,249,0.49147513527242315,0.0020868934738400256,True,21.611701549656537,0.5641649936565499,3.9262044383489125,0.8460424421916181
marked_gaussian_evidence_guarded_scalar_range,193,1,False,8,277,249,0.5197744726026163,0.002204925716032985,True,252.26379774719518,0.004166761864261977,0.07196183858624701,0.9531927057751028
marked_gaussian_evidence_guarded_scalar_range,193,2,False,8,277,249,0.5197744726026161,0.002204925716033016,True,217.73440484012477,0.06836040588133897,3.86811585857935,0.5133687003397535
marked_gaussian_evidence_guarded_scalar_range,194,1,False,8,275,249,0.5950466127125534,0.002464514967205602,True,252.18052207103065,0.0041476572261597506,0.06130070533412322,0.9458613222766833
marked_gaussian_evidence_guarded_scalar_range,194,2,False,8,275,249,0.5950466127125534,0.002464514967205602,True,1.9993175073350884,0.7667289260266266,29.730090281345422,0.2611499769803071
marked_gaussian_evidence_guarded_scalar_range,195,1,False,8,270,252,0.47599093093749917,0.0019064403231175554,True,254.1974218492445,0.004014208947664011,0.03945285854593812,0.8733049744942165
marked_gaussian_evidence_guarded_scalar_range,195,2,False,8,270,252,0.47599093093749917,0.0019064403231175554,True,1.0000013601300501,0.9999999216989706,26.203380218912535,0.9978381299744628
marked_gaussian_evidence_guarded_scalar_range,196,1,False,8,269,251,0.48043230629399103,0.0019198195806199175,True,252.2285685554479,0.00399589821890163,0.06408518772225984,0.8978128417376001
marked_gaussian_evidence_guarded_scalar_range,196,2,False,8,269,251,0.48043230629399103,0.0019198195806199175,True,1.0012079472976994,0.9998798274242877,26.59296014079977,0.9894954998567964
marked_gaussian_evidence_guarded_scalar_range,197,1,False,8,270,250,0.49306282094018367,0.0019737843084555043,True,251.74883027469738,0.003996710249877623,0.08781263801348846,0.9500718413365838
marked_gaussian_evidence_guarded_scalar_range,197,2,False,8,270,250,0.49306282094018367,0.0019737843084555043,True,1.001127928224492,0.9998883920652315,26.930185502865193,0.9952007698228603
marked_gaussian_evidence_guarded_scalar_range,198,1,False,8,271,250,0.48899206153383823,0.001957528901050325,True,251.17561907484833,0.0040004466546936885,0.040650883246340086,0.9326356960852429
marked_gaussian_evidence_guarded_scalar_range,198,2,False,8,271,250,0.48899206153383823,0.001957528901050325,True,1.0013359080740152,0.9998720470400628,27.207477905852752,0.9977402666607929
marked_gaussian_evidence_guarded_scalar_range,199,1,False,8,272,249,0.5157724745039735,0.0020716452540056234,True,250.9013441480101,0.004001622373460471,0.09285532593309735,0.9355985767812043
marked_gaussian_evidence_guarded_scalar_range,199,2,False,8,22,0,0.0,0.0,True,1.001361211688565,0.9998707438517235,27.53198816761992,0.9958479448885157
marked_gaussian_evidence_guarded_scalar_range,200,1,False,9,277,251,0.9195100463930331,0.0036759772173687788,True,252.06983825282194,0.0039944802024834735,0.11501013588422487,0.8947250158852593
marked_gaussian_evidence_guarded_scalar_range,200,2,False,8,274,250,0.479104805941867,0.0019180924840498225,True,1.2818965474141488,0.9439483260066902,35.95704023874231,0.784667954262672
marked_gaussian_evidence_guarded_scalar_range,201,1,False,9,282,249,0.5664217529080204,0.002275149665739888,True,250.940504165183,0.004008365120329811,0.06811917491574063,0.9831913167894486
marked_gaussian_evidence_guarded_scalar_range,201,2,False,9,282,249,0.5664217529080204,0.002275149665739888,True,1.462917564121425,0.8910240399112235,36.40232513374528,0.770010241755829
marked_gaussian_evidence_guarded_scalar_range,202,1,False,9,282,251,0.48377632143195026,0.0019341227215376473,True,253.37298231651732,0.003993529765918697,0.048224977011482505,0.9076922262548685
marked_gaussian_evidence_guarded_scalar_range,202,2,False,9,282,251,0.48377632143195026,0.0019341227215376473,True,1.0002294490736328,0.9999808818068475,28.43722145848474,0.9888795439882203
marked_gaussian_evidence_guarded_scalar_range,203,1,False,10,278,250,0.49542978154794726,0.0019848690719500794,True,251.72106043219986,0.004003891701530862,0.05860063194985308,0.9591537260148517
marked_gaussian_evidence_guarded_scalar_range,203,2,False,9,27,0,0.0,0.0,True,1.0000414397643795,0.99999699347014,29.58718130535832,0.051439010781203304
marked_gaussian_evidence_guarded_scalar_range,204,1,False,10,275,250,0.48103194299926494,0.0019266996984653245,True,251.15098367770867,0.004005130752766537,0.06207674993916809,0.9015716493150447
marked_gaussian_evidence_guarded_scalar_range,204,2,False,10,275,250,0.48103194299926494,0.0019266996984653245,True,1.2221971194822057,0.9492731140215778,29.574749677419533,0.8283063127145824
marked_gaussian_evidence_guarded_scalar_range,205,1,False,10,278,250,0.4913133329183943,0.0019673025299944483,True,250.92255048636477,0.004003657868541559,0.0628590764247227,0.9420055294589806
marked_gaussian_evidence_guarded_scalar_range,205,2,False,10,278,250,0.4913133329183943,0.0019673025299944483,True,1.176702378052581,0.9616340206607948,29.683789072424418,0.5470658000712257
marked_gaussian_evidence_guarded_scalar_range,206,1,False,11,280,250,0.9608599643046947,0.0038499274391091414,True,251.14205067036664,0.0040016151204342095,0.06583152851386327,0.9377951884173831
marked_gaussian_evidence_guarded_scalar_range,206,2,False,10,277,250,0.4903113726655739,0.0019630337661322153,True,1.133861356657466,0.972588438839658,29.702429292642826,0.5127743023539407
marked_gaussian_evidence_guarded_scalar_range,207,1,False,10,275,249,0.5002958325586521,0.002009569788968358,True,250.55651846770613,0.004008397676453586,0.06561758132762427,0.9589538105297069
marked_gaussian_evidence_guarded_scalar_range,207,2,False,10,275,249,0.5002958325586521,0.002009569788968358,True,1.107831757736112,0.9788702099158113,29.995786236153048,0.6840328893609121
marked_gaussian_evidence_guarded_scalar_range,208,1,False,10,279,250,0.49635782253974864,0.001987126466348643,True,250.3773009279693,0.0040052558556928,0.073969130096442,0.9601403158382928
marked_gaussian_evidence_guarded_scalar_range,208,2,False,10,279,250,0.49635782253974864,0.001987126466348643,True,1.14229542102584,0.9705137203724408,29.946632165775068,0.6073225538790162
marked_gaussian_evidence_guarded_scalar_range,209,1,False,11,274,249,0.4914807671296676,0.0019739192829522686,True,251.1282249681153,0.004000746805164305,0.04775826755425418,0.9484698601397605
marked_gaussian_evidence_guarded_scalar_range,209,2,False,11,274,249,0.4914807671296676,0.0019739192829522686,True,1.0138781710078937,0.9981370510022459,9.779924119095908,0.5855993148511422
marked_gaussian_evidence_guarded_scalar_range,210,1,False,10,272,249,0.48431918488880626,0.0019451257304339297,True,250.38813755208184,0.004004638576336176,0.042165136083119684,0.9196206962901772
marked_gaussian_evidence_guarded_scalar_range,210,2,False,10,272,249,0.48431918488880626,0.0019451257304339297,True,1.1600765492794007,0.9659691495090496,9.875147421598884,0.6974067224180837
marked_gaussian_evidence_guarded_scalar_range,211,1,False,10,273,250,0.49059854865913055,0.001963853233555731,True,250.3936076088694,0.004004425123484092,0.02084135724080894,0.9382184182160731
marked_gaussian_evidence_guarded_scalar_range,211,2,False,10,273,250,0.49059854865913055,0.001963853233555731,True,1.0468850344081448,0.9921605923989494,29.81270160880803,0.5577675146944451
marked_gaussian_evidence_guarded_scalar_range,212,1,False,10,269,250,0.49762606912813145,0.0019920115869612276,True,250.90705272895727,0.004001289595657917,0.033692282088099726,0.9664785344018927
marked_gaussian_evidence_guarded_scalar_range,212,2,False,10,269,250,0.49762606912813145,0.0019920115869612276,True,1.0011563709920972,0.9998880416441985,33.24317221541638,0.9999778612406393
marked_gaussian_evidence_guarded_scalar_range,213,1,False,10,270,249,0.5894158502112342,0.0023675433209257957,True,250.89595187441302,0.004001480804414607,0.008656144748537497,0.9597187341134159
marked_gaussian_evidence_guarded_scalar_range,213,2,False,10,270,249,0.5894158502112339,0.0023675433209257957,True,5.586585892063476,0.7821538741557233,4.068718585950331,0.9157522379711999
marked_gaussian_evidence_guarded_scalar_range,214,1,False,10,273,250,0.5539568242003481,0.002218447192254003,True,253.11062401874153,0.003983568136098771,0.03971441525767842,0.9688693920332551
marked_gaussian_evidence_guarded_scalar_range,214,2,False,10,273,250,0.5539568242003492,0.002218447192254003,True,21.646182972700014,0.5600056763638891,4.0235378061813964,0.9856737329723837
marked_gaussian_evidence_guarded_scalar_range,215,1,False,10,271,250,0.5474046388433398,0.002192544996161328,True,253.5991841055939,0.003980516315535552,0.053468525999527255,0.9535816732191701
marked_gaussian_evidence_guarded_scalar_range,215,2,False,10,271,250,0.5474046388433398,0.0021925449961612657,True,96.25055051234934,0.27610363998459647,3.8792368406658597,0.6952333253070144
marked_gaussian_evidence_guarded_scalar_range,216,1,False,10,268,250,0.48741813150662056,0.0019509955236183321,True,252.5664606708895,0.003988022221567409,0.06809956098325791,0.9255597331186176
marked_gaussian_evidence_guarded_scalar_range,216,2,False,10,268,250,0.48741813150662056,0.0019509955236183321,True,1.0226160514079716,0.9975653860567606,6.532080689368406,0.8931757197751107
marked_gaussian_evidence_guarded_scalar_range,217,1,False,10,269,250,0.4931944394604007,0.0019739055682105127,True,250.95793951860122,0.003999954691415289,0.05899454786044703,0.948761050250521
marked_gaussian_evidence_guarded_scalar_range,217,2,False,10,21,0,0.0,0.0,True,1.0056276910220479,0.9993237529049929,23.33259066643812,0.9336133915899837
marked_gaussian_evidence_guarded_scalar_range,218,1,False,10,268,250,0.4876792639308819,0.0019520778080850416,True,250.96554808792683,0.004000464960485425,0.0643968139473203,0.9271544847564166
marked_gaussian_evidence_guarded_scalar_range,218,2,False,10,268,250,0.4876792639308819,0.0019520778080850416,True,2.735228358640014,0.5373774352433413,29.758725144650366,0.00622359433733595
marked_gaussian_evidence_guarded_scalar_range,219,1,False,10,268,250,0.4886658861045254,0.0019560604338127842,True,250.9239221233435,0.004000977024875204,0.060550218160909434,0.9312575355058403
marked_gaussian_evidence_guarded_scalar_range,219,2,False,10,268,250,0.4886658861045254,0.0019560604338127842,True,1.0031961473935815,0.9996429585988876,25.159482159529425,0.9883934423771316
marked_gaussian_evidence_guarded_scalar_range,220,1,False,10,266,250,0.49578092579384636,0.001984581692340027,True,250.9090232703681,0.004001153466644428,0.05456849460861239,0.959215118343161
marked_gaussian_evidence_guarded_scalar_range,220,2,False,10,266,250,0.49578092579384636,0.001984581692340027,True,1.0084082145326003,0.9990156757297466,25.915394683306207,0.9988667080612497
marked_gaussian_evidence_guarded_scalar_range,221,1,False,10,268,250,0.4951456715279425,0.0019820732305766277,True,250.90761729230923,0.004001231084901524,0.03516851984425861,0.9563819541853165
marked_gaussian_evidence_guarded_scalar_range,221,2,False,10,268,250,0.4951456715279425,0.0019820732305766277,True,1.0050553434084133,0.9994011269086618,26.479064267167423,0.9937237725016946
marked_gaussian_evidence_guarded_scalar_range,222,1,False,10,270,250,0.9676666399088831,0.0038759078691958763,True,250.90493451646,0.00400124716691781,0.05491960265650315,0.9442183056782973
marked_gaussian_evidence_guarded_scalar_range,222,2,False,10,267,250,0.49204709974760164,0.0019696588013470117,True,1.001446915245431,0.9998551716102754,38.52267211238246,0.9990623051005313
marked_gaussian_evidence_guarded_scalar_range,223,1,False,10,268,249,0.5024408758742708,0.002017835457495979,True,250.5602365795043,0.004006979052057992,0.05362690795592121,0.9672816208994763
marked_gaussian_evidence_guarded_scalar_range,223,2,False,10,268,249,0.5024408758742708,0.002017835457495979,True,1.0014589221903138,0.9998533564251333,39.33213102387669,0.9999744501754324
marked_gaussian_evidence_guarded_scalar_range,224,1,False,10,271,250,0.928828026513698,0.0037202939912922314,True,250.38150565250604,0.004004506979646421,0.048677824319571225,0.9041550011139768
marked_gaussian_evidence_guarded_scalar_range,224,2,False,10,271,250,0.48205392361085364,0.0019296404858709954,True,1.0015514801067507,0.9998430746234078,39.95358441337893,0.9994229966997014
marked_gaussian_evidence_guarded_scalar_range,225,1,False,9,269,250,0.5024354736474089,0.0020126727667984603,True,250.54425415092814,0.004007039053901763,0.07708579953184173,0.963975711931987
marked_gaussian_evidence_guarded_scalar_range,225,2,False,9,269,250,0.5024354736474089,0.0020126727667984603,True,1.0015362354191677,0.9998449267586167,40.60573753463662,0.9999635905214311
marked_gaussian_evidence_guarded_scalar_range,226,1,False,9,270,250,0.48993365419072016,0.0019612109694001193,True,250.7614883096886,0.004002545490305319,0.03913696606826184,0.9352681528617364
marked_gaussian_evidence_guarded_scalar_range,226,2,False,9,270,250,0.48993365419072016,0.0019612109694001193,True,1.0016218812362856,0.9998351245816951,41.18557136591738,0.9998344336798826
marked_gaussian_evidence_guarded_scalar_range,227,1,False,9,272,250,0.9875296693608792,0.00395538992815458,True,250.89735037775836,0.004001265306401237,0.057757624060808366,0.9643264901110937
marked_gaussian_evidence_guarded_scalar_range,227,2,False,9,272,250,0.4970823876436826,0.001989791157214477,True,1.0015764697952743,0.9998396378958543,41.79027698352538,0.999883632656333
marked_gaussian_evidence_guarded_scalar_range,228,1,False,9,272,250,0.5041740572501456,0.0020197626164983745,True,250.542155770066,0.004007156503341754,0.06676181936255454,0.9681610358070483
marked_gaussian_evidence_guarded_scalar_range,228,2,False,9,272,250,0.5041740572501456,0.0020197626164983745,True,1.0015985814320676,0.9998378909367186,42.63896450013883,0.9997756707439833
marked_gaussian_evidence_guarded_scalar_range,229,1,False,9,275,250,0.49271688729325586,0.001972379712375125,True,250.74964564753938,0.004002671660985793,0.04700705094565211,0.9460689473668746
marked_gaussian_evidence_guarded_scalar_range,229,2,False,9,275,250,0.49271688729325586,0.001972379712375125,True,1.001715807544079,0.9998243860946966,43.19792226310027,0.9989218769324958
marked_gaussian_evidence_guarded_scalar_range,230,1,False,9,271,250,0.49405861429158604,0.00197770226429873,True,251.1252799712719,0.0040003354102362745,0.041392668138748714,0.9524454698191092
marked_gaussian_evidence_guarded_scalar_range,230,2,False,9,271,250,0.49405861429158604,0.00197770226429873,True,1.0017243423301925,0.9998237561502678,44.16876805321179,0.9999631433054602
marked_gaussian_evidence_guarded_scalar_range,231,1,False,9,271,250,0.48541353874156007,0.001943087441316119,True,250.90460668046495,0.004001247758789354,0.049857391588657415,0.9183366791777924
marked_gaussian_evidence_guarded_scalar_range,231,2,False,9,271,250,0.48541353874156007,0.001943087441316119,True,1.001700719411207,0.9998253312708407,44.66479200985909,0.9990857974965199
marked_gaussian_evidence_guarded_scalar_range,232,1,False,9,273,250,0.4916447246068253,0.0019680005273000284,True,251.13666631856555,0.004000158178944821,0.05172505163700242,0.9433000902007549
marked_gaussian_evidence_guarded_scalar_range,232,2,False,9,273,250,0.4916447246068253,0.0019680005273000284,True,1.001757599338602,0.9998198260180766,45.50154305387202,0.9999935894143372
marked_gaussian_evidence_guarded_scalar_range,233,1,False,9,274,250,0.4972626626541775,0.0019905370750059317,True,251.1416175330022,0.004000196763547793,0.016432032305835377,0.9652194258823984
marked_gaussian_evidence_guarded_scalar_range,233,2,False,9,274,250,0.4972626626541775,0.0019905370750059317,True,1.0017882744001676,0.9998160649169885,46.21655221139383,0.9999743608984609
marked_gaussian_evidence_guarded_scalar_range,234,1,False,10,272,250,0.48650286064422,0.0019474706030633406,True,251.13414290210477,0.00400032996693558,0.0373912975571454,0.9226423729227771
marked_gaussian_evidence_guarded_scalar_range,234,2,False,10,272,250,0.48650286064422,0.0019474706030633406,True,1.0018479794522321,0.9998090848290861,46.801397439572305,0.9999903765593366
marked_gaussian_evidence_guarded_scalar_range,235,1,False,9,273,250,0.4934410435542754,0.0019752031447093175,True,251.1397499975362,0.0040001498693098495,0.05137014095214747,0.9503442967947756
marked_gaussian_evidence_guarded_scalar_range,235,2,False,9,273,250,0.4934410435542754,0.0019752031447093175,True,1.0018666964695708,0.9998062570959821,47.764766683824426,0.9999794767368357
marked_gaussian_evidence_guarded_scalar_range,236,1,False,9,273,250,0.49783673811255796,0.001992846359494408,True,251.1357087265,0.004000275662772172,0.058169332449503126,0.9674014336388401
marked_gaussian_evidence_guarded_scalar_range,236,2,False,9,273,250,0.49783673811255796,0.001992846359494408,True,1.001902659185071,0.9998012356265074,48.38334312141698,0.9999810381603178
marked_gaussian_evidence_guarded_scalar_range,237,1,False,9,273,250,0.4844851340830699,0.001939391214748227,True,251.12914644809294,0.004000369523308086,0.07113477214083058,0.9147670827564809
marked_gaussian_evidence_guarded_scalar_range,237,2,False,9,273,250,0.4844851340830699,0.001939391214748227,True,1.0006319529778112,0.9999411833050573,21.523914869425763,0.964622726112987
marked_gaussian_evidence_guarded_scalar_range,238,1,False,9,271,250,0.4977708600047053,0.001992532529013426,True,251.14405796231733,0.004000083029889464,0.0722115424540299,0.9675640866185515
marked_gaussian_evidence_guarded_scalar_range,238,2,False,9,271,250,0.4977708600047053,0.001992532529013426,True,1.002087252868389,0.9997808299500036,49.720547627188765,0.999960720286035
marked_gaussian_evidence_guarded_scalar_range,239,1,False,9,270,250,0.4952018070451919,0.0019823154786794504,True,250.9074485778264,0.004001264941347048,0.07412462852478958,0.9564789711075079
marked_gaussian_evidence_guarded_scalar_range,239,2,False,9,270,250,0.4952018070451919,0.0019823154786794504,True,1.0,1.0,22.92486580541537,0.9674720847290915
marked_gaussian_evidence_guarded_scalar_range,240,1,False,9,272,250,0.49913307042463717,0.00199804776590766,True,251.12976519545347,0.0040003449034864405,0.08680447856255674,0.9724355344467732
marked_gaussian_evidence_guarded_scalar_range,240,2,False,9,272,250,0.49913307042463717,0.00199804776590766,True,1.0021750682197648,0.9997709552780456,51.49090653768347,0.9999744497927054
marked_lineage_range,1,1,False,0,0,0,0.0,0.0,False,,,,
marked_lineage_range,1,2,False,0,0,0,0.0,0.0,False,,,,
marked_lineage_range,2,1,False,2,9,1,0.010432654096559416,0.010432654096559416,True,2.213184274790416,0.585415501140231,0.06757423227289326,0.1062352979724278
marked_lineage_range,2,2,False,2,9,1,0.010432654096559416,0.010432654096559416,False,,,,
marked_lineage_range,3,1,False,3,19,1,0.00903569941131002,0.00903569941131002,True,4.079481159979626,0.3438055069850076,0.07036703932767976,0.16712667255525046
marked_lineage_range,3,2,False,3,19,1,0.00903569941131002,0.00903569941131002,False,,,,
marked_lineage_range,4,1,False,3,25,3,0.06353416953391591,0.032055643835617806,True,5.925577307807239,0.27190108858080153,0.0560528450527953,0.46680609751937224
marked_lineage_range,4,2,False,3,25,3,0.06353416953391591,0.032055643835617806,False,,,,
marked_lineage_range,5,1,False,3,31,3,0.06184343331419821,0.03665474020827427,True,7.615153326715899,0.227676580856525,0.09935741134367751,0.5713435770397366
marked_lineage_range,5,2,False,3,31,3,0.06184343331419808,0.03665474020827427,False,,,,
marked_lineage_range,6,1,False,4,35,5,0.16442898997892197,0.06863753165205097,True,8.956415860886022,0.21046402374920123,0.10656854480590164,0.7396871705068473
marked_lineage_range,6,2,False,4,35,5,0.16442898997892155,0.06863753165205051,False,,,,
marked_lineage_range,7,1,False,4,41,7,0.24652720327032915,0.08915790094917242,True,9.854510329186024,0.20491410568463495,0.05378356768864491,0.8110023149573747
marked_lineage_range,7,2,False,4,41,7,0.24652720327033018,0.08915790094917242,False,,,,
marked_lineage_range,8,1,False,5,48,12,0.44788738211926743,0.11032106083893573,True,9.985396166180509,0.21350162061285058,0.051262000733259636,0.92186476742258
marked_lineage_range,8,2,False,4,36,10,0.14734685322443214,0.03528769664571834,True,2.744024793989845,0.4890438589142594,35.07648949985105,9.254193335100014e-14
marked_lineage_range,9,1,False,5,54,17,0.24702355543346866,0.06381684111050405,True,9.768169210793918,0.2216865645512805,0.05706067093004055,0.8912138130847919
marked_lineage_range,9,2,False,3,30,9,0.05569199279564003,0.013467222573185575,True,1.000037543623265,0.999997525781006,35.64463907174475,0.0005408479918777422
marked_lineage_range,10,1,False,5,61,22,0.18262235785673905,0.032997807711102,True,12.630224693392716,0.22049963403887515,0.04529137185970938,0.9130032314931575
marked_lineage_range,10,2,False,5,61,22,0.18262235785673953,0.03299780771110246,True,1.2691160513487192,0.9358213434158507,35.80341075488868,0.03823314925888141
marked_lineage_range,11,1,False,5,68,26,0.2806602620679441,0.04666609798516402,True,20.216206755420394,0.1464268970000357,0.11247041930649476,0.7899167749654799
marked_lineage_range,11,2,False,5,68,26,0.2806602620679441,0.046666097985164336,True,2.761746644727491,0.528346624311423,35.99589844149703,0.11509332472187075
marked_lineage_range,12,1,False,6,71,27,0.41089501142348234,0.07110960403135325,True,20.388987695595876,0.14754465130840402,0.051580401947551806,0.870844221084095
marked_lineage_range,12,2,False,6,71,27,0.4108950114234817,0.07110960403135279,False,,,,
marked_lineage_range,13,1,False,6,77,29,0.5205076007136198,0.09390933038878933,True,19.751114826526692,0.15372655953008035,0.03365421759250316,0.9165821956175171
marked_lineage_range,13,2,False,6,77,29,0.5205076007136199,0.09390933038878933,False,,,,
marked_lineage_range,14,1,False,6,84,32,0.6158279486653648,0.11427040733919902,True,18.8034624546583,0.15720042219601835,0.03193951217151648,0.9518655311682511
marked_lineage_range,14,2,False,6,84,32,0.6158279486653659,0.11427040733919973,False,,,,
marked_lineage_range,15,1,False,6,81,25,0.47379853296470703,0.1280025814263589,True,17.427518002852086,0.15880205917193999,0.09931305650821314,0.9338730710545208
marked_lineage_range,15,2,False,6,81,25,0.4737985329647077,0.1280025814263597,False,,,,
marked_lineage_range,16,1,False,6,79,26,0.39320223324289727,0.14704439402948652,True,15.451757523104968,0.2132775998133887,0.11344635573578923,0.9444356795544696
marked_lineage_range,16,2,False,6,79,26,0.39320223324289666,0.14704439402948652,False,,,,
marked_lineage_range,17,1,False,6,83,27,0.4538387118520122,0.21476643725192587,True,13.35869093270518,0.2963111200842858,0.03564853079705343,0.9507262555479941
marked_lineage_range,17,2,False,6,83,27,0.4538387118520149,0.2147664372519283,False,,,,
marked_lineage_range,18,1,True,8,86,26,1.0006617377930132,0.45769052802600607,True,10.713084664669497,0.39986904645851334,0.045649281019597344,0.9617069044272184
marked_lineage_range,18,2,False,6,49,15,0.2947586951761433,0.212618772879409,False,,,,
marked_lineage_range,19,1,True,7,91,16,0.40167894784608477,0.31338946049873484,True,8.553884126747782,0.47792851794112134,0.041851459391518776,0.9766192128546741
marked_lineage_range,19,2,True,7,91,16,0.4016789478460836,0.3133894604987333,False,,,,
marked_lineage_range,20,1,True,7,95,6,0.5444803889970966,0.49658034777760207,True,5.66806753359109,0.6424560110952584,0.09105700630675714,0.9790010972236556
marked_lineage_range,20,2,True,7,95,6,0.5444803889970984,0.49658034777760385,False,,,,
marked_lineage_range,21,1,True,7,97,2,0.6736961430891553,0.6712829721273414,True,3.561672325017382,0.7659241163938637,0.09168980582450387,0.9591275219173565
marked_lineage_range,21,2,True,7,97,2,0.6736961430891537,0.6712829721273399,False,,,,
marked_lineage_range,22,1,True,7,99,1,0.8246283122882582,0.8246283122882582,True,2.3283130054489707,0.8601145289528825,0.06143679940974246,0.9844669174858884
marked_lineage_range,22,2,True,7,99,1,0.8246283122882582,0.8246283122882582,False,,,,
marked_lineage_range,23,1,True,7,102,1,0.9210453183662207,0.9210453183662207,True,1.663026132801438,0.9247127389946116,0.1200661223864506,0.9819408664742758
marked_lineage_range,23,2,True,7,102,1,0.9210453183662207,0.9210453183662207,False,,,,
marked_lineage_range,24,1,True,7,77,1,0.9701915743955184,0.9701915743955184,True,1.2951882338421763,0.9660448225317434,0.04687810512051207,0.9898542961770961
marked_lineage_range,24,2,True,7,77,1,0.9701915743955186,0.9701915743955186,False,,,,
marked_lineage_range,25,1,True,7,75,1,0.988805692169151,0.988805692169151,True,1.1212113971853384,0.9866480889272382,0.11109578156562097,0.9912301387601348
marked_lineage_range,25,2,True,7,75,1,0.988805692169151,0.988805692169151,False,,,,
marked_lineage_range,26,1,True,7,73,1,0.9952981771813388,0.9952981771813388,True,1.0646762999948551,0.9932137432364269,0.1446768418821758,0.9952517638047808
marked_lineage_range,26,2,True,7,73,1,0.9952981771813388,0.9952981771813388,False,,,,
marked_lineage_range,27,1,True,7,76,1,0.9970207732095784,0.9970207732095784,True,1.0435086589614997,0.9956025730010412,0.09425574860562583,0.9963496471931443
marked_lineage_range,27,2,True,7,76,1,0.9970207732095784,0.9970207732095784,False,,,,
marked_lineage_range,28,1,True,7,78,1,0.9969160590093196,0.9969160590093196,True,1.0356988844917352,0.9964716006000158,0.14609414399609785,0.9936594985074919
marked_lineage_range,28,2,True,7,78,1,0.9969160590093196,0.9969160590093196,False,,,,
marked_lineage_range,29,1,True,7,79,1,0.9973124816856533,0.9973124816856533,True,1.0347665732106979,0.9965793824497893,0.06595437955072765,0.995420867604721
marked_lineage_range,29,2,True,7,79,1,0.9973124816856533,0.9973124816856533,False,,,,
marked_lineage_range,30,1,True,7,79,1,0.9974495485058816,0.9974495485058816,True,1.0344006411561402,0.99662796043154,0.10946912424036814,0.996209790469975
marked_lineage_range,30,2,True,7,79,1,0.9974495485058816,0.9974495485058816,False,,,,
marked_lineage_range,31,1,True,7,84,1,0.99740725109014,0.99740725109014,True,1.0351466137096024,0.9965566667294314,0.08829915880796961,0.995982216032453
marked_lineage_range,31,2,True,7,37,1,0.9874750530208228,0.9874750530208228,False,,,,
marked_lineage_range,32,1,True,7,88,1,0.9957250646893906,0.9957250646893906,True,1.0374003698796594,0.9963305236249157,0.1276275268101563,0.9945898418342105
marked_lineage_range,32,2,True,7,88,1,0.9957250646893906,0.9957250646893906,False,,,,
marked_lineage_range,33,1,True,7,92,1,0.9970316180172141,0.9970316180172141,True,1.0441360510698727,0.9957079203906998,0.13037048703411427,0.9946471175318684
marked_lineage_range,33,2,True,7,92,1,0.9970316180172141,0.9970316180172141,False,,,,
marked_lineage_range,34,1,True,7,96,1,0.9975445833560652,0.9975445833560652,True,1.0438170331399437,0.9958067997684725,0.06686490791099757,0.9968201685262048
marked_lineage_range,34,2,True,7,96,1,0.9975445833560652,0.9975445833560652,False,,,,
marked_lineage_range,35,1,True,8,99,1,0.9970341216767676,0.9970341216767676,True,1.0470436440625546,0.9955350896893919,0.07119023561182705,0.9928602154093581
marked_lineage_range,35,2,True,8,99,1,0.9970341216767676,0.9970341216767676,False,,,,
marked_lineage_range,36,1,True,8,94,1,0.9972012633524945,0.9972012633524945,True,1.0524231948243028,0.9950196056859584,0.06371735568738825,0.994969103019454
marked_lineage_range,36,2,True,8,94,1,0.9972012633524945,0.9972012633524945,False,,,,
marked_lineage_range,37,1,True,8,97,1,0.9976145713772501,0.9976145713772501,True,1.0550005912820093,0.9947515902578545,0.09117330618167116,0.9973083514842102
marked_lineage_range,37,2,True,8,97,1,0.9976145713772501,0.9976145713772501,False,,,,
marked_lineage_range,38,1,True,8,97,1,0.9973037561158369,0.9973037561158369,True,1.0538504936372703,0.9948861853648364,0.11920467821727368,0.9950673255911895
marked_lineage_range,38,2,True,8,97,1,0.9973037561158369,0.9973037561158369,False,,,,
marked_lineage_range,39,1,True,8,100,1,0.9972569423711657,0.9972569423711657,True,1.0539495926906337,0.9948816919858725,0.13080897192112637,0.9953072916447114
marked_lineage_range,39,2,True,8,100,1,0.9972569423711657,0.9972569423711657,False,,,,
marked_lineage_range,40,1,True,8,100,1,0.9974737471660069,0.9974737471660069,True,1.0515580312052755,0.995119488885665,0.08858551246905268,0.996644382111851
marked_lineage_range,40,2,True,8,100,1,0.9974737471660069,0.9974737471660069,False,,,,
marked_lineage_range,41,1,True,8,106,1,0.997109585648185,0.997109585648185,True,1.0478293242686905,0.9954906632529588,0.07037480290136493,0.9937647007254977
marked_lineage_range,41,2,True,8,106,1,0.997109585648185,0.997109585648185,False,,,,
marked_lineage_range,42,1,True,8,110,1,0.997134810815317,0.997134810815317,True,1.0494513568529127,0.9953507842032678,0.1352366596943447,0.9945676161549666
marked_lineage_range,42,2,True,8,110,1,0.997134810815317,0.997134810815317,False,,,,
marked_lineage_range,43,1,True,8,107,1,0.9973849179562289,0.9973849179562289,True,1.0485341869721125,0.9954434875203985,0.0833394835762643,0.995725239275287
marked_lineage_range,43,2,True,8,107,1,0.9973849179562289,0.9973849179562289,True,1.0178097694064099,0.9974703331143239,54.83688755796934,2.4996918538840223e-38
marked_lineage_range,44,1,True,8,111,1,0.9961925372708436,0.9961925372708436,True,1.0494527598988295,0.9953684444822972,0.07579585839954701,0.9969794510824894
marked_lineage_range,44,2,True,8,83,1,0.9695881610149225,0.9695881610149225,False,,,,
marked_lineage_range,45,1,True,8,114,1,0.9921063500513456,0.9921063500513456,True,1.0531810305949447,0.9950319047982021,0.07599994338219847,0.997510277098594
marked_lineage_range,45,2,True,8,114,1,0.9921063500513456,0.9921063500513456,False,,,,
marked_lineage_range,46,1,True,8,117,1,0.9941781670396428,0.9941781670396428,True,1.0521373994976542,0.9951812327395142,0.05281856519235835,0.9951215105240948
marked_lineage_range,46,2,True,8,117,1,0.9941781670396428,0.9941781670396428,False,,,,
marked_lineage_range,47,1,True,8,120,1,0.9946965938380619,0.9946965938380619,True,1.0528343830235634,0.995152364998299,0.03337188178640938,0.9945693426479824
marked_lineage_range,47,2,True,8,120,1,0.9946965938380619,0.9946965938380619,False,,,,
marked_lineage_range,48,1,True,8,123,1,0.9945728263022272,0.9945728263022272,True,1.0568805672901251,0.9948079514146265,0.054656727329486246,0.9945562748831807
marked_lineage_range,48,2,True,8,99,1,0.9631880813203474,0.9631880813203474,False,,,,
marked_lineage_range,49,1,True,8,126,1,0.9910095400855133,0.9910095400855133,True,1.064789839378498,0.9940567520235152,0.0581685833824595,0.9974866237880974
marked_lineage_range,49,2,True,8,126,1,0.9910095400855133,0.9910095400855133,False,,,,
marked_lineage_range,50,1,True,8,129,1,0.992876395511701,0.992876395511701,True,1.0576180721586026,0.9947720569929551,0.13003677900754507,0.9926460382336184
marked_lineage_range,50,2,True,8,129,1,0.992876395511701,0.992876395511701,True,1.0,1.0,66.29367577706189,9.698285213903085e-60
marked_lineage_range,51,1,True,8,133,1,0.9944098313910411,0.9944098313910411,True,1.0612840474042835,0.9944459710445263,0.08924475283613055,0.9958502678663571
marked_lineage_range,51,2,True,8,104,1,0.9587593299988117,0.9587593299988117,False,,,,
marked_lineage_range,52,1,True,8,135,1,0.9888820746789275,0.9888820746789275,True,1.063659846893557,0.994242584796248,0.04546557902497019,0.9951287173014931
marked_lineage_range,52,2,True,8,135,1,0.9888820746789275,0.9888820746789275,False,,,,
marked_lineage_range,53,1,True,9,134,1,0.9991125487223083,0.9991125487223083,True,1.0573252659213614,0.9948488057282938,0.06837284706978408,0.9944165254070294
marked_lineage_range,53,2,True,9,134,1,0.9925420352854232,0.9925420352854232,False,,,,
marked_lineage_range,54,1,True,9,136,2,0.9958895719140682,0.9946878777101569,True,1.0436695821454016,0.996201194992029,0.04155659970176547,0.9987717992445541
marked_lineage_range,54,2,True,9,136,2,0.9958895719140682,0.9946878777101569,False,,,,
marked_lineage_range,55,1,True,9,139,1,0.9954988576798193,0.9954988576798193,True,1.047499098279557,0.9957939102599558,0.07864627236752818,0.9970545753347811
marked_lineage_range,55,2,True,9,139,1,0.9954988576798193,0.9954988576798193,False,,,,
marked_lineage_range,56,1,True,9,141,1,0.9957237050023314,0.9957237050023314,True,1.0553485905398976,0.9950586435500905,0.08208080467486802,0.997739578345654
marked_lineage_range,56,2,True,9,141,1,0.9957237050023314,0.9957237050023314,False,,,,
marked_lineage_range,57,1,True,10,145,1,0.999482993074857,0.999482993074857,True,1.0522496480637749,0.9953529725025432,0.09887432377805208,0.9962459370368343
marked_lineage_range,57,2,True,9,145,1,0.995362183360803,0.995362183360803,False,,,,
marked_lineage_range,58,1,True,10,144,2,1.0009901891766328,0.9995059246196961,True,1.0457393561738688,0.9960207845311956,0.039719495252907425,0.9990535273815472
marked_lineage_range,58,2,True,9,142,1,0.9952447143131271,0.9952447143131271,True,1.0000000000006803,0.999999999999979,32.641485575489284,1.8132986039077284e-10
marked_lineage_range,59,1,True,9,142,2,0.9959189758508246,0.9947667591909216,True,1.0406503268936436,0.9964926887324654,0.0830707168783325,0.9983070536033128
marked_lineage_range,59,2,True,9,142,2,0.9959189758508246,0.9947667591909216,True,1.000001750243834,0.9999998976138007,32.593402563315735,0.06020001761818197
marked_lineage_range,60,1,True,9,140,1,0.9958358787336616,0.9958358787336616,True,1.0414134177101992,0.9963784083274593,0.07681619984072663,0.9984915944305954
marked_lineage_range,60,2,True,9,140,1,0.9958358787336616,0.9958358787336616,True,1.7921820937959914,0.7298272649611494,32.43225471951759,0.12689010941852152
marked_lineage_range,61,1,True,8,138,1,0.9950467050968749,0.9950467050968749,True,1.0474788841123912,0.9957982500030845,0.04629540010971166,0.9946682532591633
marked_lineage_range,61,2,True,8,138,1,0.9950467050968749,0.9950467050968749,True,2.5460929505908814,0.5983797508068565,32.3352049730279,0.301105581118732
marked_lineage_range,62,1,True,8,141,1,0.9952213667191219,0.9952213667191219,True,1.0418893828129405,0.9963330843024558,0.0820008669988391,0.9966490392563175
marked_lineage_range,62,2,True,8,141,1,0.9952213667191221,0.9952213667191221,True,2.9748424194642746,0.5881747202653217,32.270453544530376,0.5892474801914593
marked_lineage_range,63,1,True,8,135,1,0.9956428000939838,0.9956428000939838,True,1.0402484687422986,0.9964763125217974,0.060304704569526225,0.9970817376983602
marked_lineage_range,63,2,True,8,135,1,0.9956428000939838,0.9956428000939838,True,2.8685086340980455,0.6564251847083561,32.26200262235368,0.7132093042730907
marked_lineage_range,64,1,True,8,138,1,0.9949752261485454,0.9949752261485454,True,1.0419524656378731,0.9963248963046082,0.0795192752049788,0.9944330081925493
marked_lineage_range,64,2,True,8,138,1,0.9949752261485454,0.9949752261485454,True,2.4079275325824634,0.7498991845939369,32.24008665436323,0.6622922876183652
marked_lineage_range,65,1,True,8,142,1,0.994570223419352,0.994570223419352,True,1.0430818217765934,0.996222331864768,0.08209555183358459,0.9936436586276579
marked_lineage_range,65,2,True,9,25,1,0.9625645197889118,0.9625645197889118,True,1.911888729277555,0.8318935919077616,32.10116601583492,0.8126414130324792
marked_lineage_range,66,1,True,9,147,1,0.9900625759788746,0.9900625759788746,True,1.044738422244,0.9960818777149633,0.06599980548507882,0.9959938877245578
marked_lineage_range,66,2,True,9,147,1,0.9900625759788748,0.9900625759788748,True,1.470927000522019,0.9122480984362141,31.943306649089752,0.9807018354010911
marked_lineage_range,67,1,True,9,149,1,0.9989041686621795,0.9989041686621795,True,1.050646848562529,0.9955268466252332,0.04927572298403228,0.9910541648147003
marked_lineage_range,67,2,True,9,148,1,0.9918585529262948,0.9918585529262948,True,1.2076753812026007,0.9647661349366449,32.058025496969925,0.9293188447949078
marked_lineage_range,68,1,True,9,144,2,1.0007571129598483,0.9993569638376693,True,1.0462963664270093,0.9960006338032084,0.0349348153204243,0.9978490409666738
marked_lineage_range,68,2,True,9,144,2,0.9950308411166572,0.9938475422481778,True,1.0965195808324038,0.9851805405681361,31.767677130348332,0.9861756946097299
marked_lineage_range,69,1,True,9,141,2,0.9952874151816616,0.9941296894444512,True,1.042665796127704,0.9963243427653188,0.048842939611930904,0.9976786542846205
marked_lineage_range,69,2,True,9,141,2,0.9952874151816614,0.994129689444451,True,1.042038557494064,0.9943162451169657,31.773103596231277,0.9846322055299587
marked_lineage_range,70,1,True,9,143,1,0.9945191342688792,0.9945191342688792,True,1.0457741017912476,0.9959932918369033,0.040988381890688735,0.995314106610152
marked_lineage_range,70,2,True,9,143,1,0.9945191342688792,0.9945191342688792,True,1.0264240518187522,0.9966310434346921,31.716923557479213,0.9746143473868322
marked_lineage_range,71,1,True,9,146,1,0.9944788044606909,0.9944788044606909,True,1.0563758178093652,0.9950010139758101,0.07970625736675815,0.9950827073091674
marked_lineage_range,71,2,True,9,146,1,0.9944788044606911,0.9944788044606911,True,1.0131359412649934,0.998466227579486,31.722093907388395,0.9959305689176248
marked_lineage_range,72,1,True,10,147,1,0.9951058274466428,0.9951058274466428,True,1.0508679303125223,0.9955181585686771,0.09955328073333283,0.996911679039114
marked_lineage_range,72,2,True,10,147,1,0.9951058274466428,0.9951058274466428,True,1.0047695033706998,0.999439294610485,31.690189526503122,0.9985421858770894
marked_lineage_range,73,1,True,10,150,1,0.9930660852984408,0.9930660852984408,True,1.0479437631065407,0.9957882390199336,0.042233186738611615,0.9877652680543494
marked_lineage_range,73,2,True,10,150,1,0.9930660852984408,0.9930660852984408,True,1.0043987233786182,0.9994883050687169,31.607370832779715,0.9966833264866862
marked_lineage_range,74,1,True,10,154,1,0.9934401000051615,0.9934401000051615,True,1.048533174109976,0.9957402497344762,0.047087991380743204,0.9927420245717392
marked_lineage_range,74,2,True,10,154,1,0.9934401000051615,0.9934401000051615,True,1.0043421061466107,0.9994957381866199,31.508568426791683,0.9967402288422623
marked_lineage_range,75,1,True,10,153,1,0.9929380465368135,0.9929380465368135,True,1.0461769279481603,0.9959650864633216,0.05412117733474206,0.9905337652831195
marked_lineage_range,75,2,True,10,153,1,0.9929380465368135,0.9929380465368135,True,1.0043286590698604,0.999497505228363,31.472848442884164,0.9962688794132983
marked_lineage_range,76,1,True,10,153,1,0.9931799820055576,0.9931799820055576,True,1.0434533525926297,0.9962187054829176,0.06050622674186132,0.9923332176921226
marked_lineage_range,76,2,True,10,153,1,0.9931799820055576,0.9931799820055576,True,1.00431941996349,0.9994987237443703,31.400538804888537,0.9976964203060205
marked_lineage_range,77,1,True,10,156,1,0.992783429496169,0.992783429496169,True,1.0416164863585542,0.9963854971569418,0.05918060669807441,0.9900539463962063
marked_lineage_range,77,2,True,10,156,1,0.992783429496169,0.992783429496169,True,3.215443091022717,0.564374605373302,40.117099119661724,0.5366100655309314
marked_lineage_range,78,1,True,10,157,1,0.9929261602690485,0.9929261602690485,True,1.0398751936210873,0.9965595584559853,0.06272869970874015,0.99238124480991
marked_lineage_range,78,2,True,10,157,1,0.9929261602690485,0.9929261602690485,True,1.0,1.0,31.115789584391614,0.9521933173238281
marked_lineage_range,79,1,True,9,161,1,0.9936248375844423,0.9936248375844423,True,1.0382253748208412,0.996705458981358,0.07063913026894945,0.9937375041520875
marked_lineage_range,79,2,True,9,161,1,0.9936248375844423,0.9936248375844423,False,,,,
marked_lineage_range,80,1,True,9,164,1,0.9916995168400626,0.9916995168400626,True,1.0374887209681947,0.9967731829785622,0.089886470798468,0.9855695511916227
marked_lineage_range,80,2,True,9,164,1,0.9916995168400626,0.9916995168400626,False,,,,
marked_lineage_range,81,1,True,9,167,1,0.9922122073182533,0.9922122073182533,True,1.0413316172788818,0.9964200759751011,0.09683389666624291,0.9908971444027426
marked_lineage_range,81,2,True,9,167,1,0.9922122073182533,0.9922122073182533,True,1.0,1.0,30.75079573750311,0.8304299860970865
marked_lineage_range,82,1,True,9,168,1,0.9922389077747099,0.9922389077747099,True,1.0417931101280027,0.9963804843327311,0.05456438340554461,0.9902617574062554
marked_lineage_range,82,2,True,9,168,1,0.9922389077747099,0.9922389077747099,False,,,,
marked_lineage_range,83,1,True,8,170,1,0.9938983753940727,0.9938983753940727,True,1.0400703459558727,0.9965483856194858,0.10988162286020166,0.9958673938994497
marked_lineage_range,83,2,True,8,170,1,0.9938983753940727,0.9938983753940727,True,1.0114613969321318,0.9985563716246005,39.147150548792176,0.000818963593360181
marked_lineage_range,84,1,True,8,176,1,0.9935544391041603,0.9935544391041603,True,1.0399231768194406,0.9965610083324873,0.09778786706145108,0.9926445378649094
marked_lineage_range,84,2,True,8,17,1,0.9596069596139309,0.9596069596139309,False,,,,
marked_lineage_range,85,1,True,8,172,1,0.9911357864088027,0.9911357864088027,True,1.0409092241770794,0.9964704177538939,0.06426381982018775,0.9983297526046286
marked_lineage_range,85,2,True,8,172,1,0.9911357864088027,0.9911357864088027,False,,,,
marked_lineage_range,86,1,True,9,175,1,0.9991309550986909,0.9991309550986909,True,1.0446191366490882,0.9961353131127607,0.08472257983545375,0.99452368311148
marked_lineage_range,86,2,True,8,175,1,0.9929133455101927,0.9929133455101927,False,,,,
marked_lineage_range,87,1,True,8,173,2,0.9946907678551934,0.9935138648616932,True,1.0384151894064277,0.996762798443288,0.08195296594854169,0.9964793328404649
marked_lineage_range,87,2,True,8,173,2,0.9946907678551934,0.9935138648616932,False,,,,
marked_lineage_range,88,1,True,8,174,1,0.9931395698075146,0.9931395698075146,True,1.0330605706032885,0.9971971924250328,0.08739144764921328,0.9925270821650314
marked_lineage_range,88,2,True,8,174,1,0.9931395698075146,0.9931395698075146,True,1.000000000000001,1.0,30.441956274636272,0.004907508202152799
marked_lineage_range,89,1,True,8,37,1,0.9908245482610423,0.9908245482610423,True,1.0128016206691828,0.9989886494545968,0.07896311212900294,0.9944300500383532
marked_lineage_range,89,2,True,8,37,1,0.9908245482610423,0.9908245482610423,False,,,,
marked_lineage_range,90,1,True,8,38,1,0.990045996594905,0.990045996594905,True,1.001301440225183,0.999877231012549,0.07416026837806886,0.9939446342618291
marked_lineage_range,90,2,True,8,38,1,0.990045996594905,0.990045996594905,True,3.2227218366706123,0.591356008441004,32.05388853703006,0.0011226801254294466
marked_lineage_range,91,1,True,8,38,1,0.9931012508249522,0.9931012508249522,True,1.0013235753072924,0.9998749657543209,0.0642205263939614,0.9973793491132259
marked_lineage_range,91,2,True,8,38,1,0.9931012508249522,0.9931012508249522,True,1.4561762840508279,0.9170978942226822,31.88531971379977,0.029737219680209138
marked_lineage_range,92,1,True,8,37,1,0.9955786773164439,0.9955786773164439,True,1.013704691562996,0.9982907212798453,0.054113951884488136,0.9793466788007285
marked_lineage_range,92,2,True,8,37,1,0.9955786773164439,0.9955786773164439,True,2.2183219188431162,0.5818437720990547,31.636080327321533,0.05362364171588329
marked_lineage_range,93,1,True,8,39,1,0.995537796526528,0.995537796526528,True,1.0266067264990284,0.9967199951312932,0.05445279724919179,0.969243418492908
marked_lineage_range,93,2,True,8,39,1,0.995537796526528,0.995537796526528,True,2.9685240814380682,0.3958329388209713,31.347511980690964,0.2187145616873184
marked_lineage_range,94,1,True,9,36,1,0.9989265303541301,0.9989265303541301,True,1.0036004318369864,0.9996713547803076,0.07796268354325396,0.9955762684285955
marked_lineage_range,94,2,True,8,40,1,0.9930970288954982,0.9930970288954982,True,1.0002627282502106,0.9999778308271807,30.7831349125223,0.00010022845283588754
marked_lineage_range,95,1,True,8,38,1,0.9967223184050552,0.9967223184050552,True,1.006663272936894,0.9992430033979518,0.08441973851349295,0.9920356208255773
marked_lineage_range,95,2,True,8,38,1,0.9967223184050552,0.9967223184050552,True,3.669053354576394,0.4108341885110608,30.602051906893415,0.09136852731381397
marked_lineage_range,96,1,True,8,40,1,0.99595574435536,0.99595574435536,True,1.0178742827573932,0.9979616699225862,0.040618386094781356,0.9833206400592719
marked_lineage_range,96,2,True,8,40,1,0.99595574435536,0.99595574435536,True,2.664892196937367,0.5681300202535146,30.258975680107575,0.03502441681581678
marked_lineage_range,97,1,True,9,36,1,0.9991446687883314,0.9991446687883314,True,1.0034492013744454,0.9996880615556503,0.041476966417009195,0.9964380555093597
marked_lineage_range,97,2,True,8,20,1,0.9645498802380155,0.9645498802380155,True,1.5831952841920325,0.8456036235599537,29.982045133464638,0.01113592874719834
marked_lineage_range,98,1,True,9,41,1,0.9995587891212238,0.9995587891212238,True,1.0074082658895627,0.9991471968150403,0.0951229083917213,0.978044149084792
marked_lineage_range,98,2,True,8,17,1,0.8911703071700303,0.8911703071700303,True,2.404600102156578,0.6523003434707908,29.802164772458756,0.05583222866445194
marked_lineage_range,99,1,True,10,45,1,0.9997232042738052,0.9997232042738052,True,1.0203150160672176,0.9976519387487713,0.044937956344475075,0.9895542516174688
marked_lineage_range,99,2,True,8,18,1,0.7432468144368586,0.7432468144368586,True,2.1542591958726787,0.5221185375178883,37.43796145220059,0.001829741288922812
marked_lineage_range,100,1,True,10,51,1,0.9997172977493951,0.9997172977493951,True,1.0369780119562815,0.9956028923736944,0.04982663915443186,0.9950267235439475
marked_lineage_range,100,2,True,7,17,1,0.5184809510526059,0.5184809510526059,True,2.108179855311479,0.7813248642525394,37.03838277142777,0.034626480902167994
marked_lineage_range,101,1,True,11,55,1,0.999454872733332,0.999454872733332,True,1.0491171705049487,0.9940314360527676,0.01459123017618354,0.9954294730751636
marked_lineage_range,101,2,False,6,18,1,0.2894249008532067,0.2894249008532067,True,2.3356891559482387,0.7509970535979728,36.55566614307732,0.2489560181337286
marked_lineage_range,102,1,True,10,48,1,0.9986653599268238,0.9986653599268238,True,1.0365997658851522,0.9955159763369245,0.0612702434879851,0.9968603962209251
marked_lineage_range,102,2,False,7,19,1,0.13435888078970581,0.13435888078970581,True,2.2660064613144346,0.7763900841619882,37.0280922826782,0.6292569301387203
marked_lineage_range,103,1,True,10,50,1,0.9998403761353721,0.9998403761353721,True,1.0302361698378149,0.996362889666374,0.03749735343735392,0.9969011489613361
marked_lineage_range,103,2,False,6,19,1,0.05592326010101037,0.05592326010101037,False,,,,
marked_lineage_range,104,1,True,11,53,1,0.9991784784430177,0.9991784784430177,True,1.0268099984541514,0.9969243480837776,0.05698818335245788,0.990213391081738
marked_lineage_range,104,2,False,6,19,1,0.02214335927510346,0.02214335927510346,False,,,,
marked_lineage_range,105,1,True,9,42,1,0.9992453402029263,0.9992453402029263,True,1.0252651378508386,0.9969621190369582,0.05239452243633204,0.998824307051464
marked_lineage_range,105,2,False,6,17,1,0.008580663910314432,0.008580663910314432,False,,,,
marked_lineage_range,106,1,True,9,41,1,0.9993354475609594,0.9993354475609594,True,1.0040010304950109,0.9996056898977005,0.0719553852227941,0.9966677306334801
marked_lineage_range,106,2,False,6,14,1,0.0032984042989482464,0.0032984042989482464,False,,,,
marked_lineage_range,107,1,True,9,43,1,0.9997226907270442,0.9997226907270442,True,1.0087079932554277,0.9990504625011655,0.0510837335245769,0.9877336992400305
marked_lineage_range,107,2,False,6,13,1,0.0012631105885241916,0.0012631105885241916,False,,,,
marked_lineage_range,108,1,True,9,44,1,0.9993264093613567,0.9993264093613567,True,1.0189488379216591,0.9979192306802734,0.021879969483652523,0.9803182449448362
marked_lineage_range,108,2,False,6,12,0,0.0,0.0,False,,,,
marked_lineage_range,109,1,True,9,46,1,0.9994045145058947,0.9994045145058947,True,1.028468796631368,0.9968268810499181,0.045280644753644225,0.9921168405196875
marked_lineage_range,109,2,False,6,12,0,0.0,0.0,False,,,,
marked_lineage_range,110,1,True,9,47,2,1.0006614963683218,0.9993411533326637,True,1.0262777294517282,0.9970748727272227,0.038825024169705465,0.9970717268474588
marked_lineage_range,110,2,False,6,12,0,0.0,0.0,True,1.5172819152045527,0.9190803835461354,28.086867842343377,1.057626105598e-311
marked_lineage_range,111,1,True,9,39,1,0.9994332001111684,0.9994332001111684,True,1.0215987417492913,0.9975467231774301,0.05057140941230824,0.9983928136948681
marked_lineage_range,111,2,False,6,14,0,0.0,0.0,True,1.0793829226876848,0.9853557534346183,26.48790250405761,0.0024155715888880876
marked_lineage_range,112,1,True,9,23,1,0.9992472835337265,0.9992472835337265,True,1.014715789629169,0.9983300185211308,0.04904137301125394,0.9965976767463629
marked_lineage_range,112,2,False,5,15,0,0.0,0.0,True,1.0630484696776261,0.9902310479128049,27.422584183486848,0.0033484529352446717
marked_lineage_range,113,1,True,9,21,1,0.999594286737251,0.999594286737251,True,1.0085894347902074,0.9990844031864504,0.06875918499295304,0.9984150385202365
marked_lineage_range,113,2,False,6,17,0,0.0,0.0,True,2.00920385842991,0.535463501469222,27.209184340531873,0.06355475222777072
marked_lineage_range,114,1,True,9,21,1,0.9997083704430332,0.9997083704430332,True,1.0045238260589529,0.9995502590755417,0.07189153767717339,0.9986921988879432
marked_lineage_range,114,2,False,7,20,0,0.0,0.0,True,2.338598142732495,0.5198937743842086,27.009404979788208,0.6949862356440566
marked_lineage_range,115,1,True,9,15,1,0.9994161007912306,0.9994161007912306,True,1.002746766338786,0.9997429580061857,0.08584352655279938,0.9967368888478523
marked_lineage_range,115,2,False,7,22,0,0.0,0.0,True,2.163685186215183,0.6027164102197543,27.036502130402436,0.9841195297484949
marked_lineage_range,116,1,True,8,14,1,0.9989957745339735,0.9989957745339735,True,1.0025783675848665,0.999756398234333,0.06237627225631114,0.9943425080006038
marked_lineage_range,116,2,False,8,25,0,0.0,0.0,True,1.862252103938405,0.7367320264063587,26.885216517387924,0.9940390845166814
marked_lineage_range,117,1,True,9,14,1,0.9995445751107943,0.9995445751107943,True,1.0027735422674526,0.9997349825288269,0.046204382595739536,0.9976781943290084
marked_lineage_range,117,2,False,7,25,0,0.0,0.0,True,1.462807658064684,0.8810137620314034,26.819649921034678,0.9969982698007427
marked_lineage_range,118,1,True,9,15,1,0.9950640586864291,0.9950640586864291,True,1.1234950484471928,0.9753765277625805,0.08009353867312048,0.9962084669347575
marked_lineage_range,118,2,False,6,22,0,0.0,0.0,True,1.1573607748315395,0.9679233380307991,26.636313159231786,0.994512142368677
marked_lineage_range,119,1,True,8,16,1,0.9956777648084756,0.9956777648084756,True,1.076121773778471,0.9862113161928612,0.0614665593688981,0.9950835204844605
marked_lineage_range,119,2,False,6,19,0,0.0,0.0,True,1.2006960635312736,0.9634678249532992,9.807268694382405,3.4100858191887666e-05
marked_lineage_range,120,1,True,9,17,1,0.9994534780549242,0.9994534780549242,True,1.013141094737527,0.9983679465359913,0.07214371370798427,0.9936353969389492
marked_lineage_range,120,2,False,6,20,0,0.0,0.0,True,1.0056704381993304,0.9993891706435967,9.762092159306667,0.036554317112592334
marked_lineage_range,121,1,True,9,17,1,0.9992873977483326,0.9992873977483326,True,1.0055591665383457,0.9994327867321661,0.07254837022456813,0.9957680056531822
marked_lineage_range,121,2,False,7,22,0,0.0,0.0,True,1.2965947123325274,0.9277977539491806,9.721748538037938,0.27576083248975447
marked_lineage_range,122,1,True,9,18,1,0.8301991543131083,0.8301991543131083,True,1.2045224947992246,0.9547622763123107,3.483331537044233,0.9930974579031117
marked_lineage_range,122,2,False,8,23,0,0.0,0.0,True,1.2619256167177686,0.9456973633375142,9.69554672988585,0.9482451351922343
marked_lineage_range,123,1,True,9,20,1,0.9810622866514285,0.9810622866514285,True,1.012009130287411,0.9985649504656081,0.08303720827616741,0.977480396290656
marked_lineage_range,123,2,False,8,23,0,0.0,0.0,True,3.7225999158952465,0.3616901524970395,4.009254279345464,0.053296096551817884
marked_lineage_range,124,1,True,9,17,1,0.9986563029086808,0.9986563029086808,True,1.0037129968627256,0.999635246180867,0.05159638179157058,0.9966020966189039
marked_lineage_range,124,2,False,7,26,0,0.0,0.0,True,3.497498281985581,0.49445188872511703,3.932953547494068,0.9821754867467128
marked_lineage_range,125,1,True,10,18,1,0.8201642237631506,0.8201642237631506,True,1.165195816367074,0.9650125155516013,3.5228792165230707,0.9950500456579988
marked_lineage_range,125,2,False,8,24,0,0.0,0.0,True,2.3093550957350697,0.7376834872129284,3.9762470423818486,0.9988859098824313
marked_lineage_range,126,1,True,11,21,1,0.9795114747878,0.9795114747878,True,1.0101923484417947,0.9988269354606999,0.03177097888515216,0.9757080500643679
marked_lineage_range,126,2,False,8,25,0,0.0,0.0,True,1.5983517124654558,0.8864344045521003,4.056538795459674,0.9402142120976086
marked_lineage_range,127,1,True,11,26,1,0.9831867343818719,0.9831867343818719,True,1.1724917987311356,0.9631591606149907,0.04967207406246074,0.9928266544294785
marked_lineage_range,127,2,False,7,22,0,0.0,0.0,True,1.00286751467102,0.9997039296770129,26.66770256673142,0.9998209311667697
marked_lineage_range,128,1,True,11,27,1,0.9972921264124445,0.9972921264124445,True,1.0057194820757935,0.999365792775273,0.05031572624499657,0.9917981114357518
marked_lineage_range,128,2,False,7,19,0,0.0,0.0,True,1.0030214891200355,0.999682097597414,25.69109267370397,0.9996028593762576
marked_lineage_range,129,1,True,12,30,1,0.9931907564053173,0.9931907564053173,True,1.14483384578294,0.9701341843868155,0.06537621963130108,0.996409292569292
marked_lineage_range,129,2,False,6,18,0,0.0,0.0,True,1.0268437696594264,0.9962220285121823,23.872732121927005,0.06058555595295957
marked_lineage_range,130,1,True,13,34,2,1.0002088911167153,0.9989870782461548,True,1.0065275681699994,0.9992582760095797,0.05407432501368672,0.9953202290641033
marked_lineage_range,130,2,False,6,17,0,0.0,0.0,True,1.0023757716929598,0.9997566576819507,25.212750941242707,0.9902474335425824
marked_lineage_range,131,1,True,13,34,1,0.9996311466722724,0.9996311466722724,True,1.0041108510207353,0.9995873001848657,0.051589845790832915,0.9982600134073366
marked_lineage_range,131,2,False,6,17,0,0.0,0.0,True,1.0041157271235999,0.9995522722307757,23.736515805006352,0.9640144212019965
marked_lineage_range,132,1,True,13,32,1,0.9996206656062521,0.9996206656062521,True,1.0028865069510147,0.9997221755320032,0.05623382425027728,0.998007621615954
marked_lineage_range,132,2,False,5,16,0,0.0,0.0,False,,,,
marked_lineage_range,133,1,True,13,33,1,0.9996116625410852,0.9996116625410852,True,1.0030381445380476,0.999704867292667,0.07599963724473588,0.9979857986407513
marked_lineage_range,133,2,False,5,15,0,0.0,0.0,False,,,,
marked_lineage_range,134,1,True,13,35,1,0.9991890943499401,0.9991890943499401,True,1.0024232776447626,0.9997731918862851,0.058855474737248406,0.9953837761031205
marked_lineage_range,134,2,False,5,15,0,0.0,0.0,True,1.051597525792992,0.9912214026998747,28.01943144308654,2.598286100267537e-07
marked_lineage_range,135,1,True,13,35,1,0.9950356867829566,0.9950356867829566,True,1.1235065988267185,0.975375368552223,0.0722990595570594,0.9968064391884859
marked_lineage_range,135,2,False,4,15,0,0.0,0.0,True,1.0623340154810088,0.9891984751469102,9.838591457570624,3.0581833396865764e-05
marked_lineage_range,136,1,True,14,36,1,0.9986224013029196,0.9986224013029196,True,1.0044469322443692,0.9995233919549447,0.08269244635451287,0.9936333159665918
marked_lineage_range,136,2,False,4,15,0,0.0,0.0,False,,,,
marked_lineage_range,137,1,True,12,38,1,0.9943409586050685,0.9943409586050685,True,1.1307181332169178,0.9736236571831868,0.09417792242607549,0.9959763651523257
marked_lineage_range,137,2,False,4,14,0,0.0,0.0,True,1.0020970116713819,0.9997773827662407,25.631999262119564,0.04732127342911036
marked_lineage_range,138,1,True,13,40,2,1.0006557874016566,0.9994445249550079,True,1.006624518280644,0.9992438755139086,0.07358348226386179,0.9976701485593147
marked_lineage_range,138,2,False,5,17,0,0.0,0.0,True,1.1534576037513713,0.9676660013906397,25.48475292057483,0.7105817916645859
marked_lineage_range,139,1,True,13,38,1,0.9955047810883317,0.9955047810883317,True,1.1109407222356698,0.9784064487547154,0.06489808707935799,0.9959208923487579
marked_lineage_range,139,2,False,6,18,0,0.0,0.0,True,1.0007012052813815,0.9999381650734187,3.970182585090696,6.286954456642911e-08
marked_lineage_range,140,1,True,13,37,1,0.9989360432258831,0.9989360432258831,True,1.0079317304314794,0.9990743197982429,0.05081532155112087,0.992921681230193
marked_lineage_range,140,2,False,6,20,0,0.0,0.0,True,1.00001713917577,0.9999988440116109,4.046835950538874,0.036526276389560346
marked_lineage_range,141,1,True,13,35,1,0.9996963348127734,0.9996963348127734,True,1.0042026002621005,0.9995811463175912,0.0568251415284723,0.9985970660676466
marked_lineage_range,141,2,False,5,20,0,0.0,0.0,True,1.2996190746443865,0.9267088119185426,4.029938961571288,0.22132125580911163
marked_lineage_range,142,1,True,13,35,1,0.9951872632157529,0.9951872632157529,True,1.1244995138393625,0.9751331802419956,0.05077160343976151,0.9968291539138323
marked_lineage_range,142,2,False,5,20,0,0.0,0.0,True,1.2816554977887258,0.9418736531666818,4.003674924464814,0.837961575545045
marked_lineage_range,143,1,True,12,36,1,0.9971631064447803,0.9971631064447803,True,1.0584737067546341,0.9899447415614423,0.03770167553269916,0.997724850176053
marked_lineage_range,143,2,False,5,19,0,0.0,0.0,True,2.744288185915259,0.6592593378384329,9.784586370198094,0.3556409555488514
marked_lineage_range,144,1,True,13,37,1,0.9994107837722374,0.9994107837722374,True,1.0182375024098826,0.9975858423219082,0.03577541140049287,0.9923051738171303
marked_lineage_range,144,2,False,4,21,0,0.0,0.0,True,1.1013052894997022,0.9806638316129217,26.324719650510765,1.2095286761357365e-05
marked_lineage_range,145,1,True,9,39,1,0.6468902700835643,0.6468902700835643,True,1.0079756786794318,0.9991463993946411,0.03951553556406854,0.998154257971396
marked_lineage_range,145,2,False,5,21,0,0.0,0.0,True,1.0033901877932898,0.9996239750012584,26.39252378351145,0.018211666565769797
marked_lineage_range,146,1,False,6,38,1,0.22910733667338093,0.22910733667338093,True,1.0279791980039061,0.9966627917749616,0.03964059325722988,0.9873540499448688
marked_lineage_range,146,2,False,5,21,0,0.0,0.0,True,2.4511162796242907,0.4788246067466481,29.29554745383821,0.0009113026582205046
marked_lineage_range,147,1,True,12,45,5,0.9059813852676665,0.8938561741878969,True,1.109182078156701,0.9852550235706835,0.06434110555570793,0.9056501911773077
marked_lineage_range,147,2,False,4,45,3,0.08795616462677625,0.08409215610455656,True,1.1384316941019266,0.9758178059831845,3.9526799907387944,0.07292170766659621
marked_lineage_range,148,1,True,10,47,1,0.7759640391885447,0.7759640391885447,True,1.0254934759611078,0.9971382712542464,0.08025739217535569,0.9865323452635026
marked_lineage_range,148,2,True,10,47,1,0.7759640391885447,0.7759640391885447,True,5.743600030709724,0.2975668296097888,4.095406510006405,0.29962061014529573
marked_lineage_range,149,1,True,12,45,1,0.9071874997704786,0.9071874997704786,True,1.0827276105045915,0.9894967927790393,0.07216541575981192,0.9553609378807568
marked_lineage_range,149,2,True,12,45,1,0.9071874997704786,0.9071874997704786,True,4.347498256928944,0.5306958786495247,3.8508272648788604,0.7339078413112182
marked_lineage_range,150,1,True,12,47,1,0.9630121642739685,0.9630121642739685,True,1.112615832036429,0.9852987120812583,0.05942246472333614,0.9932488966719218
marked_lineage_range,150,2,True,12,47,1,0.9630121642739685,0.9630121642739685,True,1.0009612690219614,0.9999201399205118,26.56647715208948,0.9841236753719454
marked_lineage_range,151,1,True,12,46,1,0.9812952828050603,0.9812952828050603,True,1.07586946548546,0.9905408227555377,0.034724695433174885,0.9889506289038625
marked_lineage_range,151,2,True,12,46,1,0.9812952828050601,0.9812952828050601,True,1.0405304950255283,0.9940571659462935,23.71772616440841,0.31908662983496083
marked_lineage_range,152,1,True,13,51,1,0.9856076306849584,0.9856076306849584,True,1.0515928696173806,0.9937611573441992,0.06096482851798742,0.9800357374332259
marked_lineage_range,152,2,True,13,51,1,0.9856076306849584,0.9856076306849584,True,1.0376985354265928,0.9951187602839939,23.47299854847429,0.9686703874681952
marked_lineage_range,153,1,True,13,49,1,0.9910834563294378,0.9910834563294378,True,1.041232077044377,0.9951503938649159,0.07459492102439318,0.9926249724188122
marked_lineage_range,153,2,True,13,49,1,0.9910834563294378,0.9910834563294378,True,1.004026554459534,0.9996006483147883,23.404566828600867,0.9941084925257365
marked_lineage_range,154,1,True,13,46,1,0.9935083628013935,0.9935083628013935,True,1.0174653408677885,0.9979216246479066,0.037441576463484554,0.9992568371919728
marked_lineage_range,154,2,True,13,46,1,0.9935083628013935,0.9935083628013935,True,2.7836186927813,0.7000322189738561,4.02877154193303,0.7957862521047002
marked_lineage_range,155,1,True,13,35,1,0.9928327809070003,0.9928327809070003,True,1.0073123007728015,0.9992179771069162,0.06401478719287002,0.9967027949363264
marked_lineage_range,155,2,True,13,35,1,0.9928327809070003,0.9928327809070003,True,2.130980720576796,0.544998936872674,24.479758524351364,0.01164081550469667
marked_lineage_range,156,1,True,13,41,1,0.9941739055186383,0.9941739055186383,True,1.0190680753089127,0.9976994556693435,0.04328619549196966,0.9779606982754128
marked_lineage_range,156,2,True,13,41,1,0.9941739055186383,0.9941739055186383,True,1.0001256659378537,0.9999905104924101,23.023512265963845,0.9807039758328453
marked_lineage_range,157,1,True,13,41,1,0.9940326741820413,0.9940326741820413,True,1.0042623179142574,0.9995965273579559,0.04926901172401335,0.9973573592682182
marked_lineage_range,157,2,True,13,41,1,0.9940326741820413,0.9940326741820413,True,2.1677886537297937,0.6363508358387792,9.79823712375142,2.9535321513431928e-06
marked_lineage_range,158,1,True,13,44,1,0.9949981561896095,0.9949981561896095,True,1.0171235175644011,0.9979177060565428,0.06516997259959327,0.971196858029032
marked_lineage_range,158,2,True,13,44,1,0.9949981561896095,0.9949981561896095,True,1.002224866097731,0.9997683888042801,21.51952535563326,0.9875613768757691
marked_lineage_range,159,1,True,12,44,1,0.9963041993862919,0.9963041993862919,True,1.0029021214677962,0.9997309521210451,0.04785693532367379,0.9989945484355112
marked_lineage_range,159,2,True,12,44,1,0.9963041993862919,0.9963041993862919,True,2.325522184224698,0.6462942507641525,29.810333673020114,0.0850986642383327
marked_lineage_range,160,1,True,12,45,1,0.9955776646443472,0.9955776646443472,True,1.0013557938732767,0.9998747075941858,0.04565215250640443,0.9979558456516683
marked_lineage_range,160,2,True,12,45,1,0.9955776646443472,0.9955776646443472,True,1.0011784307620863,0.9998831911336582,33.56702856921174,0.9998252928341615
marked_lineage_range,161,1,True,13,47,1,0.9967939185865125,0.9967939185865125,True,1.0090004359777183,0.9989382853285712,0.04544016340744353,0.9912483925987844
marked_lineage_range,161,2,True,12,22,1,0.9637691458849642,0.9637691458849642,True,1.0011482194988828,0.9998881267204007,34.17489993217299,0.9998911185447967
marked_lineage_range,162,1,True,13,45,1,0.9924496857659446,0.9924496857659446,True,1.0230865731783299,0.9972866926559986,0.05522851524925686,0.9837983819668475
marked_lineage_range,162,2,True,13,45,1,0.9924496857659444,0.9924496857659444,True,1.0010881647803722,0.9998929620460941,35.085981654292134,0.9999230324495741
marked_lineage_range,163,1,True,13,26,1,0.9927195400182811,0.9927195400182811,True,1.0041986790470114,0.9996140925738266,0.056311228586091465,0.9966799308227385
marked_lineage_range,163,2,True,13,26,1,0.9927195400182811,0.9927195400182811,True,1.001292572790289,0.9998734193539698,35.694994974646036,0.999990592191677
marked_lineage_range,164,1,True,13,25,1,0.9936928648087764,0.9936928648087764,True,1.013526047515499,0.9984675486116434,0.05133739829068235,0.9722718364926081
marked_lineage_range,164,2,True,13,25,1,0.9936928648087764,0.9936928648087764,True,1.0012874639361729,0.9998709269058048,36.73306940255367,0.9999600479805274
marked_lineage_range,165,1,True,13,27,1,0.995801246525327,0.995801246525327,True,1.0317867625148547,0.996349992701809,0.04913231474759352,0.9864615837126115
marked_lineage_range,165,2,True,13,27,1,0.995801246525327,0.995801246525327,True,1.0000005121482838,0.9999999721610655,29.585069737567935,2.4391607183916434e-08
marked_lineage_range,166,1,True,13,22,1,0.9945436805257839,0.9945436805257839,True,1.0046129687882799,0.9995866808034681,0.06539483692032157,0.9973418568902244
marked_lineage_range,166,2,True,13,22,1,0.9945436805257839,0.9945436805257839,True,1.0000005888399628,0.9999999677390382,18.10289779245892,0.9880732807242723
marked_lineage_range,167,1,True,13,20,1,0.9950632358518448,0.9950632358518448,True,1.0016824344265896,0.9998483499256657,0.050299753448544544,0.9979718109070786
marked_lineage_range,167,2,True,13,20,1,0.9950632358518448,0.9950632358518448,True,1.0889904112889048,0.9863909620401612,9.7665329308141,0.10473887941097451
marked_lineage_range,168,1,True,13,21,1,0.9944218574468445,0.9944218574468445,True,1.001237457951339,0.9998838913895042,0.06198837420036239,0.9971408710500953
marked_lineage_range,168,2,True,13,21,1,0.9944218574468445,0.9944218574468445,True,1.0000239566376865,0.999998373245712,25.008701296066874,0.9144256153005716
marked_lineage_range,169,1,True,12,22,1,0.9958498671492196,0.9958498671492196,True,1.0012421846581332,0.9998833755793461,0.06898381488217338,0.998589949148551
marked_lineage_range,169,2,True,12,22,1,0.9958498671492196,0.9958498671492196,True,2.6394360847639433,0.6728656649790123,29.726491358582685,0.36641394164132957
marked_lineage_range,170,1,True,12,24,1,0.9950684192142517,0.9950684192142517,True,1.001218075716601,0.9998858917857444,0.06001146417858079,0.9975487755944199
marked_lineage_range,170,2,True,12,24,1,0.9950684192142517,0.9950684192142517,True,2.58803243228763,0.7209090844902931,29.870318008185638,0.22661232365143033
marked_lineage_range,171,1,True,12,25,1,0.9951656710937955,0.9951656710937955,True,1.001230027965722,0.9998846447560507,0.06770664708556767,0.9978761392841002
marked_lineage_range,171,2,True,12,25,1,0.9951656710937955,0.9951656710937955,True,2.415001188854087,0.767253196589473,29.80722669540908,0.3656610925915908
marked_lineage_range,172,1,True,12,25,1,0.9960628753957361,0.9960628753957361,True,1.0082824062231928,0.9990329293021172,0.07822402410291412,0.9798283773876345
marked_lineage_range,172,2,True,12,25,1,0.9960628753957361,0.9960628753957361,True,1.7869138314742283,0.7327933038615819,4.0301250744733705,0.7539221977251647
marked_lineage_range,173,1,True,12,27,1,0.9994709697824744,0.9994709697824744,True,1.0346536732612064,0.9957154908856676,0.041239786655181895,0.9612490669612723
marked_lineage_range,173,2,True,12,24,1,0.9965996096498869,0.9965996096498869,True,1.6577293697579882,0.8433012843857782,4.03203528425681,0.7913949875089795
marked_lineage_range,174,1,True,12,23,1,0.9955858436222079,0.9955858436222079,True,1.0061746029481755,0.9994103544950633,0.08194093495650183,0.9983779115407141
marked_lineage_range,174,2,True,12,23,1,0.9955858436222079,0.9955858436222079,True,1.591735976844899,0.9054877034605834,9.747675905257452,0.771518347513336
marked_lineage_range,175,1,True,12,24,1,0.9952670889485099,0.9952670889485099,True,1.0015227521133208,0.9998622359544171,0.08341765312680782,0.9972857811901055
marked_lineage_range,175,2,True,12,24,1,0.9952670889485099,0.9952670889485099,True,1.5558108019036117,0.8711242804383346,4.0905350090806945,0.45215850812418856
marked_lineage_range,176,1,True,12,23,1,0.9950625520904159,0.9950625520904159,True,1.001466066347807,0.9998656042841113,0.05480676160192004,0.9958747070072428
marked_lineage_range,176,2,True,12,23,1,0.9950625520904159,0.9950625520904159,True,1.610525755211096,0.847774824419534,4.032503617485689,0.8285974930393566
marked_lineage_range,177,1,True,11,24,1,0.9955351678512976,0.9955351678512976,True,1.0017126841962265,0.9998429359628148,0.08225705586607583,0.9965820569817
marked_lineage_range,177,2,True,11,24,1,0.9955351678512974,0.9955351678512974,True,1.5921732183691828,0.8528103455269362,4.021024962495358,0.9038275581386452
marked_lineage_range,178,1,True,11,24,1,0.9961334759577549,0.9961334759577549,True,1.0015625986031143,0.9998539294635509,0.038092195107582875,0.9968349345771523
marked_lineage_range,178,2,True,11,24,1,0.9961334759577549,0.9961334759577549,True,1.5413881976081993,0.8597714847993688,3.954291449963879,0.9912904669019621
marked_lineage_range,179,1,True,10,25,1,0.9949842789813974,0.9949842789813974,True,1.0017636536123287,0.9998326976390256,0.07681927028024434,0.992736140750051
marked_lineage_range,179,2,True,10,25,1,0.9949842789813972,0.9949842789813972,True,1.394751275865843,0.906892992288291,3.939889602523123,0.9993806050150099
marked_lineage_range,180,1,True,10,26,1,0.9958749580549786,0.9958749580549786,True,1.0021946382557703,0.9997858939883978,0.07084714023405572,0.9955720867510025
marked_lineage_range,180,2,True,10,26,1,0.9958749580549786,0.9958749580549786,True,1.2792469805118623,0.9419296018678158,4.262406411482945,0.9959016551705274
marked_lineage_range,181,1,True,10,26,1,0.9967486920518287,0.9967486920518287,True,1.0027626428889467,0.9997218039079987,0.056466655651523125,0.9961261544580722
marked_lineage_range,181,2,True,10,26,1,0.9967486920518287,0.9967486920518287,True,1.089800286978107,0.9859206342106172,3.9039017901192747,0.9513483819624926
marked_lineage_range,182,1,True,10,27,1,0.9913446382194165,0.9913446382194165,True,1.0030713096514652,0.9996870046203012,0.061528513038350205,0.9937418292673891
marked_lineage_range,182,2,False,10,27,0,0.0,0.0,True,3.350362671072568,0.5248407172129441,23.090669344392712,0.18194408531645614
marked_lineage_range,183,1,True,10,32,2,0.9909015826288898,0.9873505197963799,True,1.0559333980747896,0.9917493342478141,0.06636579778567875,0.903040867144459
marked_lineage_range,183,2,True,10,32,2,0.9909015826288898,0.9873505197963799,True,2.5588597263284463,0.7111050412708899,23.06422286477258,0.6607285339117298
marked_lineage_range,184,1,True,10,33,2,0.9887668822668879,0.9876442055971549,True,1.004964100649251,0.999513081420294,0.052135025534342114,0.9947346221724302
marked_lineage_range,184,2,True,10,33,2,0.9887668822668879,0.9876442055971549,True,1.756658653780903,0.8624764580093799,23.244441060778218,0.9159451868886415
marked_lineage_range,185,1,True,10,34,1,0.9903256265650718,0.9903256265650718,True,1.0017191419729017,0.9998372868796563,0.06226259564888908,0.9959903895004653
marked_lineage_range,185,2,True,10,34,1,0.9903256265650718,0.9903256265650718,True,1.1485689411911533,0.9758629884300088,23.355681681882615,0.9851549116198585
marked_lineage_range,186,1,True,10,27,1,0.9948686458781157,0.9948686458781157,True,1.0013521096562539,0.9998719415802353,0.06343665935715466,0.9978278145448821
marked_lineage_range,186,2,True,10,27,1,0.9948686458781157,0.9948686458781157,True,1.792179094730578,0.7298286874504943,3.9894329184269917,0.7234323186480242
marked_lineage_range,187,1,True,10,25,1,0.999465616814908,0.999465616814908,True,1.0012529598961404,0.9998822801092824,0.05985284916602841,0.9978294564784964
marked_lineage_range,187,2,True,10,24,1,0.9975288451198201,0.9975288451198201,True,1.1466357213360119,0.9743618168877296,3.942345587450753,0.969300100122638
marked_lineage_range,188,1,True,10,25,1,0.9991175897904307,0.9991175897904307,True,1.000999121145395,0.9999082496382731,0.049191523816096656,0.9987663632034088
marked_lineage_range,188,2,True,10,25,1,0.9991175897904307,0.9991175897904307,True,1.0393429911766794,0.9940057728130409,1.2026905857810624,0.533466555520092
marked_lineage_range,189,1,True,10,26,1,0.9965526818365928,0.9965526818365928,True,1.0015561637307442,0.9998569548758446,0.05874710297263044,0.9974928346129701
marked_lineage_range,189,2,True,10,26,1,0.9965526818365928,0.9965526818365928,True,2.260421426547063,0.6037986737803365,4.100243332100155,0.685401027014346
marked_lineage_range,190,1,True,10,26,1,0.9954687795080978,0.9954687795080978,True,1.0016510275401413,0.9998497425540582,0.05962269804324278,0.9967701120292671
marked_lineage_range,190,2,True,10,26,1,0.9954687795080978,0.9954687795080978,True,2.1434741940882254,0.6219792688578886,4.0590347415783326,0.8242959042674575
marked_lineage_range,191,1,True,10,29,1,0.9959544736663327,0.9959544736663327,True,1.0015796539270883,0.9998556260396213,0.04517577955746385,0.9975410733960364
marked_lineage_range,191,2,True,10,29,1,0.9959544736663327,0.9959544736663327,True,2.135996912578915,0.6557537113333626,4.300701473728037,0.9843140204098744
marked_lineage_range,192,1,True,10,28,1,0.99662043138641,0.99662043138641,True,1.0015107879949885,0.9998612111181676,0.03408115496125422,0.9975575430058109
marked_lineage_range,192,2,True,10,28,1,0.99662043138641,0.99662043138641,True,1.619133840924873,0.8578929303922931,3.9262044383489125,0.9281930027669255
marked_lineage_range,193,1,True,9,30,1,0.9973740701002399,0.9973740701002399,True,1.0015712743190843,0.9998548594994898,0.07196183858624701,0.9984435226628999
marked_lineage_range,193,2,True,9,30,1,0.9973740701002399,0.9973740701002399,True,1.146466799412609,0.9781989878331611,3.86811585857935,0.8439738541018397
marked_lineage_range,194,1,True,9,31,1,0.9960188611894034,0.9960188611894034,True,1.0383090227430303,0.9949529458884881,0.06130070533412322,0.9434032920573774
marked_lineage_range,194,2,True,9,31,1,0.9960188611894036,0.9960188611894036,True,2.629370585966851,0.5391483826259421,29.730090281345422,0.4619639899313822
marked_lineage_range,195,1,True,9,20,1,0.9928790814766233,0.9928790814766233,True,1.003704634944074,0.9996602885686511,0.03945285854593812,0.9952233519716486
marked_lineage_range,195,2,True,9,20,1,0.9928790814766231,0.9928790814766231,True,1.000027263731583,0.9999980950723752,26.203380218912535,0.9983422312904252
marked_lineage_range,196,1,True,9,18,1,0.992412716655105,0.992412716655105,True,1.0014192656773033,0.9998674366964339,0.06408518772225984,0.9958849597391968
marked_lineage_range,196,2,True,9,18,1,0.992412716655105,0.992412716655105,True,1.0012000414793425,0.9998804560508935,26.59296014079977,0.9895216636125718
marked_lineage_range,197,1,True,9,18,1,0.9944709788160043,0.9944709788160043,True,1.001291048841912,0.9998783371079353,0.08781263801348846,0.9979412323576278
marked_lineage_range,197,2,True,9,18,1,0.9944709788160043,0.9944709788160043,True,1.0011262337542703,0.9998885780356167,26.930185502865193,0.9952087283829216
marked_lineage_range,198,1,True,9,21,1,0.9942339507129359,0.9942339507129359,True,1.0012439782360423,0.999883236406096,0.040650883246340086,0.9971416067369164
marked_lineage_range,198,2,True,9,21,1,0.9942339507129359,0.9942339507129359,True,1.0013352272219218,0.9998721190788906,27.207477905852752,0.9977415356725929
marked_lineage_range,199,1,True,9,25,1,0.9944156814989272,0.9944156814989272,True,1.0074803118934395,0.9991377582822748,0.09285532593309735,0.9800359380613427
marked_lineage_range,199,2,True,9,23,1,0.960652005935656,0.960652005935656,True,1.0017244905289722,0.9998387850868002,27.53198816761992,0.9958458485492053
marked_lineage_range,200,1,True,9,25,1,0.9988497623320736,0.9988497623320736,True,1.0025790397535463,0.9997623621609961,0.11501013588422487,0.9954602614468488
marked_lineage_range,200,2,True,9,25,1,0.9854853222198589,0.9854853222198589,True,1.3367456401209188,0.9369341546471198,35.95704023874231,0.7849356470217708
marked_lineage_range,201,1,True,9,31,1,0.9959746752827269,0.9959746752827269,True,1.0048962242201207,0.9994644553453251,0.06811917491574063,0.9943672712897907
marked_lineage_range,201,2,True,9,31,1,0.9959746752827269,0.9959746752827269,True,1.4440626090990762,0.919648826250608,36.40232513374528,0.761686066202323
marked_lineage_range,202,1,True,10,31,1,0.9941077977013029,0.9941077977013029,True,1.0023915944873212,0.9997812091435496,0.048224977011482505,0.9964447094194908
marked_lineage_range,202,2,True,10,31,1,0.9941077977013029,0.9941077977013029,True,1.0002477731091612,0.9999795363614793,28.43722145848474,0.988689693229896
marked_lineage_range,203,1,True,10,27,1,0.9956239288764177,0.9956239288764177,True,1.0012288451234845,0.9998847512341872,0.05860063194985308,0.9984647737439145
marked_lineage_range,203,2,True,10,30,1,0.9604580188321769,0.9604580188321769,True,1.0000414391573018,0.9999969935157664,29.58718130535832,0.05143901077873029
marked_lineage_range,204,1,True,11,25,1,0.9866307056890075,0.9866307056890075,True,1.0012133331941995,0.9998863910856196,0.06207674993916809,0.9958351437289746
marked_lineage_range,204,2,True,11,25,1,0.9866307056890075,0.9866307056890075,True,1.2221971182039815,0.9492731140442521,29.574749677419533,0.8283063127158354
marked_lineage_range,205,1,True,11,23,1,0.99172225386342,0.99172225386342,True,1.0014439665685753,0.9998623153497326,0.0628590764247227,0.997174748736177
marked_lineage_range,205,2,True,11,23,1,0.99172225386342,0.99172225386342,True,1.1919837610752944,0.957561159094984,29.683789072424418,0.521968179859228
marked_lineage_range,206,1,True,12,26,1,0.9992044571682391,0.9992044571682391,True,1.0013135466625778,0.9998759845582028,0.06583152851386327,0.9971854423121871
marked_lineage_range,206,2,True,11,24,1,0.9933648231068993,0.9933648231068993,True,1.1180528191226957,0.9764401494475542,29.702429292642826,0.5504589175084702
marked_lineage_range,207,1,True,12,26,1,0.9948672865630646,0.9948672865630646,True,1.0010059470023667,0.9999075478654608,0.06561758132762427,0.9973450720028264
marked_lineage_range,207,2,True,12,26,1,0.9948672865630646,0.9948672865630646,True,1.0771824390401572,0.9858388140179204,29.995786236153048,0.7636052298456343
marked_lineage_range,208,1,True,12,25,1,0.9957749886210271,0.9957749886210271,True,1.0011773217763915,0.9998900634155264,0.073969130096442,0.9984126226886987
marked_lineage_range,208,2,True,12,25,1,0.9957749886210271,0.9957749886210271,True,1.09122214935867,0.9827100745538209,29.946632165775068,0.7250306260322833
marked_lineage_range,209,1,True,12,20,1,0.9954393071563185,0.9954393071563185,True,1.0011881054177663,0.9998889648190181,0.04775826755425418,0.997919264309875
marked_lineage_range,209,2,True,12,20,1,0.9954393071563185,0.9954393071563185,True,1.0000004645741247,0.9999999748920898,9.779924119095908,0.5856128334318487
marked_lineage_range,210,1,True,11,20,1,0.9941078115476244,0.9941078115476244,True,1.0012103685418694,0.9998866645559594,0.042165136083119684,0.9966139844830973
marked_lineage_range,210,2,True,11,20,1,0.9941078115476244,0.9941078115476244,True,1.1597778620613513,0.9660461320576158,9.875147421598884,0.6978844914225393
marked_lineage_range,211,1,True,11,21,1,0.9943866022810557,0.9943866022810557,True,1.0012395572274078,0.9998836508931291,0.02084135724080894,0.997406420391234
marked_lineage_range,211,2,True,11,21,1,0.9943866022810557,0.9943866022810557,True,1.01806286734647,0.9974287011886692,29.81270160880803,0.7936155783938424
marked_lineage_range,212,1,True,11,22,1,0.9958825034577653,0.9958825034577653,True,1.0012543083995478,0.9998827908821293,0.033692282088099726,0.9986189226119776
marked_lineage_range,212,2,True,11,22,1,0.9958825034577653,0.9958825034577653,True,1.0011578533796015,0.9998878828039468,33.24317221541638,0.9999778298308368
marked_lineage_range,213,1,True,11,26,1,0.9972229897730107,0.9972229897730107,True,1.0082579906733131,0.999036075532019,0.008656144748537497,0.9860123564897779
marked_lineage_range,213,2,True,11,26,1,0.9972229897730107,0.9972229897730107,True,1.7672987835264544,0.743417134466852,4.068718585950331,0.9704651669014484
marked_lineage_range,214,1,True,11,23,1,0.997678041977259,0.997678041977259,True,1.0026061896261622,0.9997597374519864,0.03971441525767842,0.9987766904083291
marked_lineage_range,214,2,True,11,23,1,0.997678041977259,0.997678041977259,True,1.67287721897589,0.8337624212951004,4.0235378061813964,0.9924924898587352
marked_lineage_range,215,1,True,11,23,1,0.9975664836872441,0.9975664836872441,True,1.0015708444826257,0.9998529533696265,0.053468525999527255,0.9981844211333258
marked_lineage_range,215,2,True,11,23,1,0.9975664836872441,0.9975664836872441,True,1.1600381946998903,0.9715435513308829,3.8792368406658597,0.9035193256919397
marked_lineage_range,216,1,True,11,24,1,0.994264052618692,0.994264052618692,True,1.0018356149925565,0.9998230992431019,0.06809956098325791,0.9964707489284144
marked_lineage_range,216,2,True,11,24,1,0.994264052618692,0.994264052618692,True,1.0378733891254603,0.9952496640700551,6.532080689368406,0.8767675276683528
marked_lineage_range,217,1,True,11,24,1,0.994427602039387,0.994427602039387,True,1.0016625710210025,0.9998436633242118,0.05899454786044703,0.9976663349980934
marked_lineage_range,217,2,True,11,25,1,0.9586794536734976,0.9586794536734976,True,1.0060513127726076,0.9992923703404338,23.33259066643812,0.9357656474566421
marked_lineage_range,218,1,True,11,24,1,0.986434845429177,0.986434845429177,True,1.0013394208469324,0.9998732601121786,0.0643968139473203,0.9966870058714371
marked_lineage_range,218,2,True,11,24,1,0.9864348454291773,0.9864348454291773,True,3.7294197809624396,0.38002086075080593,29.758725144650366,0.008777998807775625
marked_lineage_range,219,1,True,11,24,1,0.990541565790784,0.990541565790784,True,1.001503766476039,0.9998560160484761,0.060550218160909434,0.996412561908674
marked_lineage_range,219,2,True,11,24,1,0.990541565790784,0.990541565790784,True,1.0045131586337623,0.9995217999094654,25.159482159529425,0.9905237374884213
marked_lineage_range,220,1,True,11,23,1,0.9942266299331284,0.9942266299331284,True,1.0013522347538657,0.9998719950654513,0.05456849460861239,0.9981521773362647
marked_lineage_range,220,2,True,11,23,1,0.9942266299331284,0.9942266299331284,True,1.0087748955486981,0.9990202233278193,25.915394683306207,0.9990190589838877
marked_lineage_range,221,1,True,11,20,1,0.9952262226377858,0.9952262226377858,True,1.0012554948716885,0.9998820306668,0.03516851984425861,0.9981442003546372
marked_lineage_range,221,2,True,11,20,1,0.9952262226377858,0.9952262226377858,True,1.0071067517587895,0.9992054398550119,26.479064267167423,0.9936800423969107
marked_lineage_range,222,1,True,11,20,1,0.9994352879725591,0.9994352879725591,True,1.0012260801130066,0.9998850518974796,0.05491960265650315,0.9976615788442611
marked_lineage_range,222,2,True,11,17,1,0.9949916617656663,0.9949916617656663,True,1.0016318615845043,0.9998398234950774,38.52267211238246,0.9990574550923788
marked_lineage_range,223,1,True,11,19,1,0.9957027265374377,0.9957027265374377,True,1.001001102800739,0.9999080438162073,0.05362690795592121,0.997906050048857
marked_lineage_range,223,2,True,11,19,1,0.9957027265374377,0.9957027265374377,True,1.0016272099428194,0.9998398913436978,39.33213102387669,0.9999744196921081
marked_lineage_range,224,1,True,11,20,1,0.9990740210806077,0.9990740210806077,True,1.0011710627849928,0.9998907468873368,0.048677824319571225,0.9959924387015676
marked_lineage_range,224,2,True,11,22,1,0.9937626348459969,0.9937626348459969,True,1.0015606904822196,0.9998420385290412,39.95358441337893,0.999419189266899
marked_lineage_range,225,1,True,11,21,1,0.9953850125856367,0.9953850125856367,True,1.0009953843224448,0.9999086322720522,0.07708579953184173,0.9977970994373881
marked_lineage_range,225,2,True,11,21,1,0.9953850125856367,0.9953850125856367,True,1.0017412692584764,0.9998276925182351,40.60573753463662,0.99996341454097
marked_lineage_range,226,1,True,11,21,1,0.9948244716914879,0.9948244716914879,True,1.0011667410931382,0.9998911698790515,0.03913696606826184,0.9973851282799021
marked_lineage_range,226,2,True,11,21,1,0.9948244716914879,0.9948244716914879,True,1.001631584622741,0.9998340267512613,41.18557136591738,0.9998333311583958
marked_lineage_range,227,1,True,11,21,1,0.9996386184569288,0.9996386184569288,True,1.0012068778999206,0.9998870544394718,0.057757624060808366,0.9985779710423537
marked_lineage_range,227,2,True,10,21,1,0.9959584955285042,0.9959584955285042,True,1.001599943829805,0.9998377295618389,41.79027698352538,0.9998830632092227
marked_lineage_range,228,1,True,10,22,1,0.9959112603302196,0.9959112603302196,True,1.000993616094293,0.9999088064577373,0.06676181936255454,0.9979346728686588
marked_lineage_range,228,2,True,10,22,1,0.9959112603302196,0.9959112603302196,True,1.0016119668645878,0.9998366658340792,42.63896450013883,0.9997746927307496
marked_lineage_range,229,1,True,11,22,1,0.9954314073495583,0.9954314073495583,True,1.0011595383985132,0.9998919132875228,0.04700705094565211,0.9978482481051517
marked_lineage_range,229,2,True,11,22,1,0.9954314073495583,0.9954314073495583,True,1.0017361148868047,0.9998224453506839,43.19792226310027,0.9989141191068495
marked_lineage_range,230,1,True,11,21,1,0.995522218006262,0.995522218006262,True,1.0011926537156401,0.9998884871225913,0.041392668138748714,0.9980876549894016
marked_lineage_range,230,2,True,11,21,1,0.995522218006262,0.995522218006262,True,1.0017350755462946,0.9998228410813768,44.16876805321179,0.9999630679792655
marked_lineage_range,231,1,True,11,21,1,0.9940806160775284,0.9940806160775284,True,1.0012072816555577,0.9998869896260039,0.049857391588657415,0.9965427546132611
marked_lineage_range,231,2,True,11,21,1,0.9940806160775284,0.9940806160775284,True,1.0017259002206647,0.9998233407229723,44.66479200985909,0.9990823960209363
marked_lineage_range,232,1,True,11,21,1,0.9946160769155611,0.9946160769155611,True,1.0012384324588297,0.9998837614782914,0.05172505163700242,0.9976319148495207
marked_lineage_range,232,2,True,11,21,1,0.9946160769155611,0.9946160769155611,True,1.0017675249971596,0.9998189284402246,45.50154305387202,0.9999935724833187
marked_lineage_range,233,1,True,11,20,1,0.9958726652275436,0.9958726652275436,True,1.0012357010225679,0.9998840790487679,0.016432032305835377,0.9985689430231959
marked_lineage_range,233,2,True,11,20,1,0.9958726652275436,0.9958726652275436,True,1.001799865169018,0.9998150037721752,46.21655221139383,0.9999742798804293
marked_lineage_range,234,1,True,11,21,1,0.9943281280963532,0.9943281280963532,True,1.001214478675158,0.9998862802150545,0.0373912975571454,0.9967043910903448
marked_lineage_range,234,2,True,11,21,1,0.9943281280963532,0.9943281280963532,True,1.001860879176489,0.9998079313871652,46.801397439572305,0.9999903475653127
marked_lineage_range,235,1,True,10,22,1,0.9950244104662073,0.9950244104662073,True,1.0012403325847101,0.9998835924356584,0.05137014095214747,0.9979389690014957
marked_lineage_range,235,2,True,10,22,1,0.9950244104662073,0.9950244104662073,True,1.0018971269916896,0.9998039055320131,47.764766683824426,0.9999794184692644
marked_lineage_range,236,1,True,10,23,1,0.9960951956934481,0.9960951956934481,True,1.001223877238126,0.9998852603103691,0.058169332449503126,0.9986644754413961
marked_lineage_range,236,2,True,10,23,1,0.9960951956934481,0.9960951956934481,True,1.0019141092883792,0.9998001799977364,48.38334312141698,0.9999809849472774
marked_lineage_range,237,1,True,10,23,1,0.9941246181045172,0.9941246181045172,True,1.0012101276354928,0.99988671541947,0.07113477214083058,0.9963460240782939
marked_lineage_range,237,2,True,10,23,1,0.9941246181045172,0.9941246181045172,True,1.000631208988884,0.9999412596285783,21.523914869425763,0.9645493973039504
marked_lineage_range,238,1,True,10,25,1,0.995900760143818,0.995900760143818,True,1.0012487113170185,0.9998827485400362,0.0722115424540299,0.9986759757859609
marked_lineage_range,238,2,True,10,25,1,0.995900760143818,0.995900760143818,True,1.0020922917981647,0.9997802393112875,49.720547627188765,0.9999606144645861
marked_lineage_range,239,1,True,10,21,1,0.9957563999691063,0.9957563999691063,True,1.0012160823890768,0.9998861079327215,0.07412462852478958,0.9982039528509793
marked_lineage_range,239,2,True,10,21,1,0.9957563999691063,0.9957563999691063,True,1.0014958788630612,0.999847266709883,22.92486580541537,0.9674472018038365
marked_lineage_range,240,1,True,10,22,1,0.99655825421614,0.99655825421614,True,1.0012167503549136,0.999886024128832,0.08680447856255674,0.9988832376990229
marked_lineage_range,240,2,True,10,22,1,0.99655825421614,0.99655825421614,True,1.0025289614779065,0.9997400786115771,51.49090653768347,0.9999743822505266
