frame,robot,phase,total_count,near_count,near_sum_r,near_max_r,near_birth_labels,near_labels_from_first_three_frames,near_label_age_sum,ancestry_roots,ancestry_memberships,repeated_roots,labels_with_shared_roots,pairs_with_shared_roots,maximum_root_multiplicity,condition,backend
1,1,local,0,0,0.0,0.0,0,0,0,0,0,0,0,0,0,reliable,GCE
1,2,local,0,0,0.0,0.0,0,0,0,0,0,0,0,0,0,reliable,GCE
1,1,posterior,0,0,0.0,0.0,0,0,0,0,0,0,0,0,0,reliable,GCE
1,2,posterior,0,0,0.0,0.0,0,0,0,0,0,0,0,0,0,reliable,GCE
2,1,local,9,1,0.09606124790532805,0.09606124790532805,1,1,0,1,1,0,0,0,1,reliable,GCE
2,2,local,1,0,0.0,0.0,0,0,0,0,0,0,0,0,0,reliable,GCE
2,1,posterior,9,1,0.010208584972325912,0.010208584972325912,1,1,0,1,1,0,0,0,1,reliable,GCE
2,2,posterior,9,1,0.010208584972325912,0.010208584972325912,1,1,0,1,1,0,0,0,1,reliable,GCE
3,1,local,19,1,0.07589822324160403,0.07589822324160403,1,1,0,1,1,0,0,0,1,reliable,GCE
3,2,local,7,1,0.0010199270145905353,0.0010199270145905353,0,1,1,1,1,0,0,0,1,reliable,GCE
3,1,posterior,19,1,0.00898572387081437,0.00898572387081437,1,1,0,1,1,0,0,0,1,reliable,GCE
3,2,posterior,19,1,0.00898572387081437,0.00898572387081437,1,1,0,1,1,0,0,0,1,reliable,GCE
4,1,local,25,2,0.27439728621226,0.17980567073499207,1,1,1,2,2,0,0,0,1,reliable,GCE
4,2,local,14,0,0.0,0.0,0,0,0,0,0,0,0,0,0,reliable,GCE
4,1,posterior,25,2,0.024720204818748828,0.014597358996544053,1,1,1,2,2,0,0,0,1,reliable,GCE
4,2,posterior,25,2,0.024720204818748828,0.014597358996544053,1,1,1,2,2,0,0,0,1,reliable,GCE
5,1,local,32,5,0.3913097121278153,0.1925527241522907,1,2,6,5,5,0,0,0,1,reliable,GCE
5,2,local,21,2,0.0024754650120740215,0.0014641820539076347,0,1,3,2,2,0,0,0,1,reliable,GCE
5,1,posterior,29,3,0.018355534784338462,0.007752239019189754,1,1,3,3,3,0,0,0,1,reliable,GCE
5,2,posterior,29,3,0.018355534784338462,0.007752239019189754,1,1,3,3,3,0,0,0,1,reliable,GCE
6,1,local,36,4,0.3119896742625242,0.1090901704996884,1,1,6,4,4,0,0,0,1,reliable,GCE
6,2,local,17,0,0.0,0.0,0,0,0,0,0,0,0,0,0,reliable,GCE
6,1,posterior,36,4,0.03619602126247084,0.010949933142733972,1,1,6,4,4,0,0,0,1,reliable,GCE
6,2,posterior,36,4,0.03619602126247084,0.010949933142733972,1,1,6,4,4,0,0,0,1,reliable,GCE
7,1,local,42,7,0.745065142186251,0.15125081270127827,1,2,18,7,7,0,0,0,1,reliable,GCE
7,2,local,22,1,0.001094723935256282,0.001094723935256282,0,0,2,1,1,0,0,0,1,reliable,GCE
7,1,posterior,40,7,0.05869712723354742,0.012612204144119796,1,2,18,7,7,0,0,0,1,reliable,GCE
7,2,posterior,40,7,0.05869712723354742,0.012612204144119796,1,2,18,7,7,0,0,0,1,reliable,GCE
8,1,local,49,13,1.1206942676797902,0.1766182347419349,1,4,42,14,14,0,0,0,1,reliable,GCE
8,2,local,21,3,0.0033419265412343675,0.001262798879709966,0,1,11,3,3,0,0,0,1,reliable,GCE
8,1,posterior,49,13,0.098766009406989,0.011090888350095082,1,4,42,14,14,0,0,0,1,reliable,GCE
8,2,posterior,49,13,0.098766009406989,0.011090888350095082,1,4,42,14,14,0,0,0,1,reliable,GCE
9,1,local,52,15,1.0356380733190762,0.12058380436163306,1,4,60,16,16,0,0,0,1,reliable,GCE
9,2,local,27,3,0.0031970422151489652,0.0011089566356392085,0,2,18,4,4,0,0,0,1,reliable,GCE
9,1,posterior,49,15,0.104910494427327,0.00958882231896636,1,4,60,16,16,0,0,0,1,reliable,GCE
9,2,posterior,49,15,0.104910494427327,0.00958882231896636,1,4,60,16,16,0,0,0,1,reliable,GCE
10,1,local,55,22,1.3986459495644912,0.11779273871993204,1,5,97,23,23,0,0,0,1,reliable,GCE
10,2,local,24,0,0.0,0.0,0,0,0,0,0,0,0,0,0,reliable,GCE
10,1,posterior,55,22,0.1772875138960651,0.011428761570736348,1,5,97,23,23,0,0,0,1,reliable,GCE
10,2,posterior,55,22,0.1772875138960651,0.011428761570736348,1,5,97,23,23,0,0,0,1,reliable,GCE
11,1,local,55,26,1.2416371838754985,0.08864362205483908,1,5,125,27,27,0,0,0,1,reliable,GCE
11,2,local,31,3,0.0032008952450175683,0.0011430874857299483,0,2,22,3,3,0,0,0,1,reliable,GCE
11,1,posterior,49,25,0.15790030495730456,0.008772446877578397,0,5,125,26,26,0,0,0,1,reliable,GCE
11,2,posterior,49,25,0.15790030495730456,0.008772446877578397,0,5,125,26,26,0,0,0,1,reliable,GCE
12,1,local,50,25,1.4680363003806804,0.09721420184073042,1,5,148,26,26,0,0,0,1,reliable,GCE
12,2,local,24,0,0.0,0.0,0,0,0,0,0,0,0,0,0,reliable,GCE
12,1,posterior,47,25,0.19311897753193089,0.010275526029052016,1,5,148,26,26,0,0,0,1,reliable,GCE
12,2,posterior,47,25,0.19311897753193089,0.010275526029052016,1,5,148,26,26,0,0,0,1,reliable,GCE
13,1,local,51,23,1.292513496143737,0.09028749613793319,1,5,154,24,24,0,0,0,1,reliable,GCE
13,2,local,20,2,0.0020441154947273676,0.0010266768099330967,0,0,17,2,2,0,0,0,1,reliable,GCE
13,1,posterior,47,23,0.16140329512275983,0.00926607462553568,1,5,154,24,24,0,0,0,1,reliable,GCE
13,2,posterior,47,23,0.16140329512275983,0.00926607462553568,1,5,154,24,24,0,0,0,1,reliable,GCE
14,1,local,48,26,1.4137148780112996,0.08078071022403366,1,5,187,27,27,0,0,0,1,reliable,GCE
14,2,local,13,1,0.00781147399982748,0.00781147399982748,0,1,11,1,1,0,0,0,1,reliable,GCE
14,1,posterior,46,26,0.2051145243605539,0.020472751625394362,1,5,187,27,27,0,0,0,1,reliable,GCE
14,2,posterior,46,26,0.2051145243605539,0.020472751625394362,1,5,187,27,27,0,0,0,1,reliable,GCE
15,1,local,49,24,1.166993129353666,0.10886125739522505,1,4,173,25,25,0,0,0,1,reliable,GCE
15,2,local,12,1,0.020268024109140418,0.020268024109140418,0,1,12,1,1,0,0,0,1,reliable,GCE
15,1,posterior,46,24,0.19939483569166339,0.04366502182099214,1,4,173,25,25,0,0,0,1,reliable,GCE
15,2,posterior,46,24,0.19939483569166339,0.04366502182099214,1,4,173,25,25,0,0,0,1,reliable,GCE
16,1,local,52,21,1.009394505417381,0.20884395427102662,1,3,160,22,22,0,0,0,1,reliable,GCE
16,2,local,10,1,0.04322837160278222,0.04322837160278222,0,1,13,1,1,0,0,0,1,reliable,GCE
16,1,posterior,51,21,0.21519195664913102,0.08928556789934146,1,3,160,22,22,0,0,0,1,reliable,GCE
16,2,posterior,51,21,0.21519195664913102,0.08928556789934146,1,3,160,22,22,0,0,0,1,reliable,GCE
17,1,local,59,15,0.8186682045508927,0.36556734894675996,1,3,124,16,16,0,0,0,1,reliable,GCE
17,2,local,12,1,0.08839271222034804,0.08839271222034804,0,1,14,1,1,0,0,0,1,reliable,GCE
17,1,posterior,58,15,0.25369140405338364,0.17509097792041328,1,3,124,16,16,0,0,0,1,reliable,GCE
17,2,posterior,58,15,0.25369140405338364,0.17509097792041328,1,3,124,16,16,0,0,0,1,reliable,GCE
18,1,local,65,10,0.8128268422724018,0.5771473779800645,1,2,101,11,11,0,0,0,1,reliable,GCE
18,2,local,13,1,0.17334006814120914,0.17334006814120914,0,1,15,1,1,0,0,0,1,reliable,GCE
18,1,posterior,63,10,0.370084940178123,0.3244741417232502,1,2,101,11,11,0,0,0,1,reliable,GCE
18,2,posterior,63,10,0.370084940178123,0.3244741417232502,1,2,101,11,11,0,0,0,1,reliable,GCE
19,1,local,71,4,0.8170097308959887,0.7679034898762161,1,1,45,4,4,0,0,0,1,reliable,GCE
19,2,local,13,1,0.32122940030601765,0.32122940030601765,0,1,16,1,1,0,0,0,1,reliable,GCE
19,1,posterior,71,4,0.5435558989925134,0.5315362874280165,1,1,45,4,4,0,0,0,1,reliable,GCE
19,2,posterior,71,4,0.5435558989925134,0.5315362874280165,1,1,45,4,4,0,0,0,1,reliable,GCE
20,1,local,75,1,0.9281181035203869,0.9281181035203869,0,1,17,1,1,0,0,0,1,reliable,GCE
20,2,local,18,1,0.5262209245537364,0.5262209245537364,0,1,17,1,1,0,0,0,1,reliable,GCE
20,1,posterior,69,1,0.7784091729364798,0.7784091729364798,0,1,17,1,1,0,0,0,1,reliable,GCE
20,2,posterior,69,1,0.7784091729364798,0.7784091729364798,0,1,17,1,1,0,0,0,1,reliable,GCE
21,1,local,78,1,0.9788211006628592,0.9788211006628592,0,1,18,1,1,0,0,0,1,reliable,GCE
21,2,local,9,1,0.770625081207115,0.770625081207115,0,1,18,1,1,0,0,0,1,reliable,GCE
21,1,posterior,77,1,0.9190862115974582,0.9190862115974582,0,1,18,1,1,0,0,0,1,reliable,GCE
21,2,posterior,77,1,0.9190862115974582,0.9190862115974582,0,1,18,1,1,0,0,0,1,reliable,GCE
22,1,local,82,1,0.996435137974933,0.996435137974933,0,1,19,1,1,0,0,0,1,reliable,GCE
22,2,local,12,1,0.9098953494814835,0.9098953494814835,0,1,19,1,1,0,0,0,1,reliable,GCE
22,1,posterior,77,1,0.9797937037892,0.9797937037892,0,1,19,1,1,0,0,0,1,reliable,GCE
22,2,posterior,77,1,0.9797937037892,0.9797937037892,0,1,19,1,1,0,0,0,1,reliable,GCE
23,1,local,81,1,0.9988733825994156,0.9988733825994156,0,1,20,1,1,0,0,0,1,reliable,GCE
23,2,local,8,1,0.969995766751308,0.969995766751308,0,1,20,1,1,0,0,0,1,reliable,GCE
23,1,posterior,80,1,0.9936098682738692,0.9936098682738692,0,1,20,1,1,0,0,0,1,reliable,GCE
23,2,posterior,80,1,0.9936098682738692,0.9936098682738692,0,1,20,1,1,0,0,0,1,reliable,GCE
24,1,local,75,1,0.9995052074501782,0.9995052074501782,0,1,21,1,1,0,0,0,1,reliable,GCE
24,2,local,11,1,0.9836737695911305,0.9836737695911305,0,1,21,1,1,0,0,0,1,reliable,GCE
24,1,posterior,72,1,0.9968985719366519,0.9968985719366519,0,1,21,1,1,0,0,0,1,reliable,GCE
24,2,posterior,72,1,0.9968985719366519,0.9968985719366519,0,1,21,1,1,0,0,0,1,reliable,GCE
25,1,local,76,1,0.9995358806257467,0.9995358806257467,0,1,22,1,1,0,0,0,1,reliable,GCE
25,2,local,11,1,0.9869295862172853,0.9869295862172853,0,1,22,1,1,0,0,0,1,reliable,GCE
25,1,posterior,73,1,0.9973238301860681,0.9973238301860681,0,1,22,1,1,0,0,0,1,reliable,GCE
25,2,posterior,73,1,0.9973238301860681,0.9973238301860681,0,1,22,1,1,0,0,0,1,reliable,GCE
26,1,local,75,1,0.9996535158500033,0.9996535158500033,0,1,23,1,1,0,0,0,1,reliable,GCE
26,2,local,11,1,0.9873505918842074,0.9873505918842074,0,1,23,1,1,0,0,0,1,reliable,GCE
26,1,posterior,71,1,0.9977261123327027,0.9977261123327027,0,1,23,1,1,0,0,0,1,reliable,GCE
26,2,posterior,71,1,0.9977261123327027,0.9977261123327027,0,1,23,1,1,0,0,0,1,reliable,GCE
27,1,local,78,1,0.9996659969733274,0.9996659969733274,0,1,24,1,1,0,0,0,1,reliable,GCE
27,2,local,8,1,0.9877488512093756,0.9877488512093756,0,1,24,1,1,0,0,0,1,reliable,GCE
27,1,posterior,77,1,0.997805720905605,0.997805720905605,0,1,24,1,1,0,0,0,1,reliable,GCE
27,2,posterior,77,1,0.997805720905605,0.997805720905605,0,1,24,1,1,0,0,0,1,reliable,GCE
28,1,local,79,1,0.9994656113353999,0.9994656113353999,0,1,25,1,1,0,0,0,1,reliable,GCE
28,2,local,10,1,0.987827663696549,0.987827663696549,0,1,25,1,1,0,0,0,1,reliable,GCE
28,1,posterior,76,1,0.9972417236172133,0.9972417236172133,0,1,25,1,1,0,0,0,1,reliable,GCE
28,2,posterior,76,1,0.9972417236172133,0.9972417236172133,0,1,25,1,1,0,0,0,1,reliable,GCE
29,1,local,81,1,0.9995789824743743,0.9995789824743743,0,1,26,1,1,0,0,0,1,reliable,GCE
29,2,local,8,1,0.9872693063810412,0.9872693063810412,0,1,26,1,1,0,0,0,1,reliable,GCE
29,1,posterior,80,1,0.9974934563366791,0.9974934563366791,0,1,26,1,1,0,0,0,1,reliable,GCE
29,2,posterior,80,1,0.9974934563366791,0.9974934563366791,0,1,26,1,1,0,0,0,1,reliable,GCE
30,1,local,84,1,0.9996036351205805,0.9996036351205805,0,1,27,1,1,0,0,0,1,reliable,GCE
30,2,local,10,1,0.9875185217733122,0.9875185217733122,0,1,27,1,1,0,0,0,1,reliable,GCE
30,1,posterior,81,1,0.997590960241634,0.997590960241634,0,1,27,1,1,0,0,0,1,reliable,GCE
30,2,posterior,81,1,0.997590960241634,0.997590960241634,0,1,27,1,1,0,0,0,1,reliable,GCE
31,1,local,88,1,0.9995814400090473,0.9995814400090473,0,1,28,1,1,0,0,0,1,reliable,GCE
31,2,local,9,1,0.9876150506392176,0.9876150506392176,0,1,28,1,1,0,0,0,1,reliable,GCE
31,1,posterior,87,1,0.9975354741907847,0.9975354741907847,0,1,28,1,1,0,0,0,1,reliable,GCE
31,2,posterior,87,1,0.9975354741907847,0.9975354741907847,0,1,28,1,1,0,0,0,1,reliable,GCE
32,1,local,92,1,0.9994808145201234,0.9994808145201234,0,1,29,1,1,0,0,0,1,reliable,GCE
32,2,local,13,1,0.9875601194488769,0.9875601194488769,0,1,29,1,1,0,0,0,1,reliable,GCE
32,1,posterior,89,1,0.9972525379412945,0.9972525379412945,0,1,29,1,1,0,0,0,1,reliable,GCE
32,2,posterior,89,1,0.9972525379412945,0.9972525379412945,0,1,29,1,1,0,0,0,1,reliable,GCE
33,1,local,96,1,0.9995636454653618,0.9995636454653618,0,1,30,1,1,0,0,0,1,reliable,GCE
33,2,local,13,1,0.9872800125618816,0.9872800125618816,0,1,30,1,1,0,0,0,1,reliable,GCE
33,1,posterior,95,1,0.9974494598474307,0.9974494598474307,0,1,30,1,1,0,0,0,1,reliable,GCE
33,2,posterior,95,1,0.9974494598474307,0.9974494598474307,0,1,30,1,1,0,0,0,1,reliable,GCE
34,1,local,100,1,0.9996538774174651,0.9996538774174651,0,1,31,1,1,0,0,0,1,reliable,GCE
34,2,local,17,1,0.9874749652489564,0.9874749652489564,0,1,31,1,1,0,0,0,1,reliable,GCE
34,1,posterior,97,1,0.9977434288994498,0.9977434288994498,0,1,31,1,1,0,0,0,1,reliable,GCE
34,2,posterior,97,1,0.9977434288994498,0.9977434288994498,0,1,31,1,1,0,0,0,1,reliable,GCE
35,1,local,104,1,0.9994449544665179,0.9994449544665179,0,1,32,1,1,0,0,0,1,reliable,GCE
35,2,local,17,1,0.9877659946104552,0.9877659946104552,0,1,32,1,1,0,0,0,1,reliable,GCE
35,1,posterior,103,1,0.9971853426199342,0.9971853426199342,0,1,32,1,1,0,0,0,1,reliable,GCE
35,2,posterior,103,1,0.9971853426199342,0.9971853426199342,0,1,32,1,1,0,0,0,1,reliable,GCE
36,1,local,104,1,0.9995460766219498,0.9995460766219498,0,1,33,1,1,0,0,0,1,reliable,GCE
36,2,local,21,1,0.9872134891937349,0.9872134891937349,0,1,33,1,1,0,0,0,1,reliable,GCE
36,1,posterior,99,1,0.9973918785905362,0.9973918785905362,0,1,33,1,1,0,0,0,1,reliable,GCE
36,2,posterior,99,1,0.9973918785905362,0.9973918785905362,0,1,33,1,1,0,0,0,1,reliable,GCE
37,1,local,105,1,0.999684365468478,0.999684365468478,0,1,34,1,1,0,0,0,1,reliable,GCE
37,2,local,17,1,0.9874179598046309,0.9874179598046309,0,1,34,1,1,0,0,0,1,reliable,GCE
37,1,posterior,102,1,0.9978393981446194,0.9978393981446194,0,1,34,1,1,0,0,0,1,reliable,GCE
37,2,posterior,102,1,0.9978393981446194,0.9978393981446194,0,1,34,1,1,0,0,0,1,reliable,GCE
38,1,local,106,1,0.9995637880109205,0.9995637880109205,0,1,35,1,1,0,0,0,1,reliable,GCE
38,2,local,17,1,0.9878610041631732,0.9878610041631732,0,1,35,1,1,0,0,0,1,reliable,GCE
38,1,posterior,101,1,0.9975103993123313,0.9975103993123313,0,1,35,1,1,0,0,0,1,reliable,GCE
38,2,posterior,101,1,0.9975103993123313,0.9975103993123313,0,1,35,1,1,0,0,0,1,reliable,GCE
39,1,local,108,1,0.9995629336892837,0.9995629336892837,0,1,36,1,1,0,0,0,1,reliable,GCE
39,2,local,13,1,0.987535295319208,0.987535295319208,0,1,36,1,1,0,0,0,1,reliable,GCE
39,1,posterior,106,1,0.9974737889450377,0.9974737889450377,0,1,36,1,1,0,0,0,1,reliable,GCE
39,2,posterior,106,1,0.9974737889450377,0.9974737889450377,0,1,36,1,1,0,0,0,1,reliable,GCE
40,1,local,110,1,0.9996376350863609,0.9996376350863609,0,1,37,1,1,0,0,0,1,reliable,GCE
40,2,local,15,1,0.9874990510555873,0.9874990510555873,0,1,37,1,1,0,0,0,1,reliable,GCE
40,1,posterior,105,1,0.9976942914130486,0.9976942914130486,0,1,37,1,1,0,0,0,1,reliable,GCE
40,2,posterior,105,1,0.9976942914130486,0.9976942914130486,0,1,37,1,1,0,0,0,1,reliable,GCE
41,1,local,112,1,0.9994814580722268,0.9994814580722268,0,1,38,1,1,0,0,0,1,reliable,GCE
41,2,local,11,1,0.987717348498918,0.987717348498918,0,1,38,1,1,0,0,0,1,reliable,GCE
41,1,posterior,110,1,0.9972718322276465,0.9972718322276465,0,1,38,1,1,0,0,0,1,reliable,GCE
41,2,posterior,110,1,0.9972718322276465,0.9972718322276465,0,1,38,1,1,0,0,0,1,reliable,GCE
42,1,local,114,1,0.9995095950127635,0.9995095950127635,0,1,39,1,1,0,0,0,1,reliable,GCE
42,2,local,13,1,0.9872991139053701,0.9872991139053701,0,1,39,1,1,0,0,0,1,reliable,GCE
42,1,posterior,109,1,0.9972996221416118,0.9972996221416118,0,1,39,1,1,0,0,0,1,reliable,GCE
42,2,posterior,109,1,0.9972996221416118,0.9972996221416118,0,1,39,1,1,0,0,0,1,reliable,GCE
43,1,local,117,1,0.9995934473882454,0.9995934473882454,0,1,40,1,1,0,0,0,1,reliable,GCE
43,2,local,10,1,0.9873266259201958,0.9873266259201958,0,1,40,1,1,0,0,0,1,reliable,GCE
43,1,posterior,116,1,0.997541712660661,0.997541712660661,0,1,40,1,1,0,0,0,1,reliable,GCE
43,2,posterior,116,1,0.997541712660661,0.997541712660661,0,1,40,1,1,0,0,0,1,reliable,GCE
44,1,local,120,1,0.9996488701613512,0.9996488701613512,0,1,41,1,1,0,0,0,1,reliable,GCE
44,2,local,15,1,0.9875662955340544,0.9875662955340544,0,1,41,1,1,0,0,0,1,reliable,GCE
44,1,posterior,114,1,0.9977357808490572,0.9977357808490572,0,1,41,1,1,0,0,0,1,reliable,GCE
44,2,posterior,114,1,0.9977357808490572,0.9977357808490572,0,1,41,1,1,0,0,0,1,reliable,GCE
45,1,local,123,1,0.9996758825950525,0.9996758825950525,0,1,42,1,1,0,0,0,1,reliable,GCE
45,2,local,9,1,0.889732827148692,0.889732827148692,0,1,42,1,1,0,0,0,1,reliable,GCE
45,1,posterior,122,1,0.9827572357561368,0.9827572357561368,0,1,42,1,1,0,0,0,1,reliable,GCE
45,2,posterior,122,1,0.9827572357561368,0.9827572357561368,0,1,42,1,1,0,0,0,1,reliable,GCE
46,1,local,126,1,0.9990853669933936,0.9990853669933936,0,1,43,1,1,0,0,0,1,reliable,GCE
46,2,local,14,1,0.7823285811715233,0.7823285811715233,0,1,43,1,1,0,0,0,1,reliable,GCE
46,1,posterior,121,1,0.9577436130725089,0.9577436130725089,0,1,43,1,1,0,0,0,1,reliable,GCE
46,2,posterior,121,1,0.9577436130725089,0.9577436130725089,0,1,43,1,1,0,0,0,1,reliable,GCE
47,1,local,129,1,0.9980414170992531,0.9980414170992531,0,1,44,1,1,0,0,0,1,reliable,GCE
47,2,local,12,1,0.6465484672785078,0.6465484672785078,0,1,44,1,1,0,0,0,1,reliable,GCE
47,1,posterior,128,1,0.9169979419645273,0.9169979419645273,0,1,44,1,1,0,0,0,1,reliable,GCE
47,2,posterior,128,1,0.9169979419645273,0.9169979419645273,0,1,44,1,1,0,0,0,1,reliable,GCE
48,1,local,132,2,0.9995774122198132,0.9959772173126948,1,1,45,2,2,0,0,0,1,reliable,GCE
48,2,local,13,1,0.49620332195531164,0.49620332195531164,0,1,45,1,1,0,0,0,1,reliable,GCE
48,1,posterior,127,2,0.8514909241008599,0.8495927401752679,1,1,45,2,2,0,0,0,1,reliable,GCE
48,2,posterior,127,2,0.8514909241008599,0.8495927401752679,1,1,45,2,2,0,0,0,1,reliable,GCE
49,1,local,135,2,0.9990575494833134,0.995103464107446,1,1,46,2,2,0,0,0,1,reliable,GCE
49,2,local,9,1,0.3461120466384838,0.3461120466384838,0,1,46,1,1,0,0,0,1,reliable,GCE
49,1,posterior,134,2,0.79130718225975,0.7893177199098065,1,1,46,2,2,0,0,0,1,reliable,GCE
49,2,posterior,134,2,0.79130718225975,0.7893177199098065,1,1,46,2,2,0,0,0,1,reliable,GCE
50,1,local,138,2,0.9914637868012058,0.9875755112803913,1,1,47,2,2,0,0,0,1,reliable,GCE
50,2,local,14,1,0.2633560402880296,0.2633560402880296,0,1,47,1,1,0,0,0,1,reliable,GCE
50,1,posterior,133,2,0.6607077045271551,0.6587348997038929,1,1,47,2,2,0,0,0,1,reliable,GCE
50,2,posterior,133,2,0.6607077045271551,0.6587348997038929,1,1,47,2,2,0,0,0,1,reliable,GCE
51,1,local,141,2,0.9866015932709107,0.9823162886543204,1,1,48,2,2,0,0,0,1,reliable,GCE
51,2,local,10,1,0.15787928545700744,0.15787928545700744,0,1,48,1,1,0,0,0,1,reliable,GCE
51,1,posterior,141,2,0.5405095217423036,0.5384382352847037,1,1,48,2,2,0,0,0,1,reliable,GCE
51,2,posterior,141,2,0.5405095217423036,0.5384382352847037,1,1,48,2,2,0,0,0,1,reliable,GCE
52,1,local,144,2,0.9708676772901459,0.9662585338522134,1,1,49,2,2,0,0,0,1,reliable,GCE
52,2,local,13,1,0.10246079439928225,0.10246079439928225,0,1,49,1,1,0,0,0,1,reliable,GCE
52,1,posterior,139,2,0.39754157772651877,0.3953932697434879,1,1,49,2,2,0,0,0,1,reliable,GCE
52,2,posterior,139,2,0.39754157772651877,0.3953932697434879,1,1,49,2,2,0,0,0,1,reliable,GCE
53,1,local,132,3,0.9445022585378753,0.9370078649207723,1,1,51,3,3,0,0,0,1,reliable,GCE
53,2,local,9,1,0.06043485549823977,0.06043485549823977,0,1,50,1,1,0,0,0,1,reliable,GCE
53,1,posterior,131,3,0.26517299291289514,0.261401544575907,1,1,51,3,3,0,0,0,1,reliable,GCE
53,2,posterior,131,3,0.26517299291289514,0.261401544575907,1,1,51,3,3,0,0,0,1,reliable,GCE
54,1,local,136,8,0.9226615844557648,0.9013678815637961,1,1,66,8,8,0,0,0,1,reliable,GCE
54,2,local,13,1,0.03373621299614821,0.03373621299614821,0,1,51,1,1,0,0,0,1,reliable,GCE
54,1,posterior,132,8,0.1815287013380228,0.16962237842944403,1,1,66,8,8,0,0,0,1,reliable,GCE
54,2,posterior,132,8,0.1815287013380228,0.16962237842944403,1,1,66,8,8,0,0,0,1,reliable,GCE
55,1,local,139,18,0.8953058403191327,0.8076874000595071,2,1,116,18,18,0,0,0,1,reliable,GCE
55,2,local,12,1,0.019782399517005233,0.019782399517005233,0,1,52,1,1,0,0,0,1,reliable,GCE
55,1,posterior,137,18,0.13351563347673123,0.095391517392623,2,1,116,18,18,0,0,0,1,reliable,GCE
55,2,posterior,137,18,0.13351563347673123,0.095391517392623,2,1,116,18,18,0,0,0,1,reliable,GCE
56,1,local,143,22,0.7876119110091201,0.6051069299583769,2,1,153,22,22,0,0,0,1,reliable,GCE
56,2,local,14,1,0.010320979962013466,0.010320979962013466,0,1,53,1,1,0,0,0,1,reliable,GCE
56,1,posterior,140,22,0.10525745842010557,0.04385664506162759,2,1,153,22,22,0,0,0,1,reliable,GCE
56,2,posterior,140,22,0.10525745842010557,0.04385664506162759,2,1,153,22,22,0,0,0,1,reliable,GCE
57,1,local,146,28,0.5809773549370775,0.26152674121732805,2,1,212,28,28,0,0,0,1,reliable,GCE
57,2,local,13,1,0.004518368866267359,0.004518368866267359,0,1,54,1,1,0,0,0,1,reliable,GCE
57,1,posterior,144,28,0.10594776069983994,0.01443409714159892,2,1,212,28,28,0,0,0,1,reliable,GCE
57,2,posterior,144,28,0.10594776069983994,0.01443409714159892,2,1,212,28,28,0,0,0,1,reliable,GCE
58,1,local,150,33,0.4702089375885365,0.06559974627432896,1,1,285,33,33,0,0,0,1,reliable,GCE
58,2,local,13,1,0.0014475927902237032,0.0014475927902237032,0,1,55,1,1,0,0,0,1,reliable,GCE
58,1,posterior,148,33,0.11534293675136269,0.004393937535414277,1,1,285,33,33,0,0,0,1,reliable,GCE
58,2,posterior,148,33,0.11534293675136269,0.004393937535414277,1,1,285,33,33,0,0,0,1,reliable,GCE
59,1,local,154,129,1.8042302664606096,0.01602131272769069,1,5,3929,130,130,0,0,0,1,reliable,GCE
59,2,local,15,0,0.0,0.0,0,0,0,0,0,0,0,0,0,reliable,GCE
59,1,posterior,153,129,0.48147490756945577,0.004020903795809621,1,5,3929,130,130,0,0,0,1,reliable,GCE
59,2,posterior,153,129,0.48147490756945577,0.004020903795809621,1,5,3929,130,130,0,0,0,1,reliable,GCE
60,1,local,158,132,1.8240330837885115,0.014951904870516848,1,5,4063,133,133,0,0,0,1,reliable,GCE
60,2,local,15,0,0.0,0.0,0,0,0,0,0,0,0,0,0,reliable,GCE
60,1,posterior,158,132,0.48919193634387403,0.0038828197614391895,1,5,4063,133,133,0,0,0,1,reliable,GCE
60,2,posterior,158,132,0.48919193634387403,0.0038828197614391895,1,5,4063,133,133,0,0,0,1,reliable,GCE
61,1,local,155,130,1.7719250240685147,0.014626448096180739,1,5,4180,131,131,0,0,0,1,reliable,GCE
61,2,local,17,0,0.0,0.0,0,0,0,0,0,0,0,0,0,reliable,GCE
61,1,posterior,153,130,0.47905406560011465,0.0038398601057324216,1,5,4180,131,131,0,0,0,1,reliable,GCE
61,2,posterior,153,130,0.47905406560011465,0.0038398601057324216,1,5,4180,131,131,0,0,0,1,reliable,GCE
62,1,local,158,130,1.704890816524105,0.014029003309762495,1,5,4297,131,131,0,0,0,1,reliable,GCE
62,2,local,16,0,0.0,0.0,0,0,0,0,0,0,0,0,0,reliable,GCE
62,1,posterior,160,130,0.46969933855201096,0.003759782004566873,1,5,4297,131,131,0,0,0,1,reliable,GCE
62,2,posterior,160,130,0.46969933855201096,0.003759782004566873,1,5,4297,131,131,0,0,0,1,reliable,GCE
63,1,local,162,128,1.7270668869058292,0.014351856284058715,1,5,4399,129,129,0,0,0,1,reliable,GCE
63,2,local,19,0,0.0,0.0,0,0,0,0,0,0,0,0,0,reliable,GCE
63,1,posterior,163,128,0.4693001196912107,0.0038032551186820323,1,5,4399,129,129,0,0,0,1,reliable,GCE
63,2,posterior,163,128,0.4693001196912107,0.0038032551186820323,1,5,4399,129,129,0,0,0,1,reliable,GCE
64,1,local,165,132,1.6745721845944628,0.013626412091858563,1,5,4535,133,133,0,0,0,1,reliable,GCE
64,2,local,21,0,0.0,0.0,0,0,0,0,0,0,0,0,0,reliable,GCE
64,1,posterior,172,132,0.46858467340252385,0.0037048898180567385,1,5,4535,133,133,0,0,0,1,reliable,GCE
64,2,posterior,172,132,0.46858467340252385,0.0037048898180567385,1,5,4535,133,133,0,0,0,1,reliable,GCE
65,1,local,172,132,1.6694787547811913,0.013623737695753129,1,5,4646,133,133,0,0,0,1,reliable,GCE
65,2,local,26,0,0.0,0.0,0,0,0,0,0,0,0,0,0,reliable,GCE
65,1,posterior,174,132,0.46811491108742687,0.0037045225724031505,1,5,4646,133,133,0,0,0,1,reliable,GCE
65,2,posterior,174,132,0.46811491108742687,0.0037045225724031505,1,5,4646,133,133,0,0,0,1,reliable,GCE
66,1,local,177,131,1.707966189004122,0.01399483099427798,1,5,4759,132,132,0,0,0,1,reliable,GCE
66,2,local,24,0,0.0,0.0,0,0,0,0,0,0,0,0,0,reliable,GCE
66,1,posterior,182,131,0.4720268248457706,0.003755152488186084,1,5,4759,132,132,0,0,0,1,reliable,GCE
66,2,posterior,182,131,0.4720268248457706,0.003755152488186084,1,5,4759,132,132,0,0,0,1,reliable,GCE
67,1,local,180,129,1.6109282268670133,0.01331537790711717,1,4,4792,130,130,0,0,0,1,reliable,GCE
67,2,local,24,0,0.0,0.0,0,0,0,0,0,0,0,0,0,reliable,GCE
67,1,posterior,183,129,0.45461838107744373,0.003661942695894366,1,4,4792,130,130,0,0,0,1,reliable,GCE
67,2,posterior,183,129,0.45461838107744373,0.003661942695894366,1,4,4792,130,130,0,0,0,1,reliable,GCE
68,1,local,182,137,1.6835774231883676,0.013360549551346251,1,4,4966,138,138,0,0,0,1,reliable,GCE
68,2,local,24,0,0.0,0.0,0,0,0,0,0,0,0,0,0,reliable,GCE
68,1,posterior,191,137,0.4787797720486917,0.0036682097958959897,1,4,4966,138,138,0,0,0,1,reliable,GCE
68,2,posterior,191,137,0.4787797720486917,0.0036682097958959897,1,4,4966,138,138,0,0,0,1,reliable,GCE
69,1,local,191,137,1.645689889595819,0.013009725645303042,1,4,5076,138,138,0,0,0,1,reliable,GCE
69,2,local,29,0,0.0,0.0,0,0,0,0,0,0,0,0,0,reliable,GCE
69,1,posterior,196,137,0.4731051678689962,0.0036192635649670984,1,4,5076,138,138,0,0,0,1,reliable,GCE
69,2,posterior,196,137,0.4731051678689962,0.0036192635649670984,1,4,5076,138,138,0,0,0,1,reliable,GCE
70,1,local,191,146,1.7343087693621115,0.012951695071344435,1,4,5284,147,147,0,0,0,1,reliable,GCE
70,2,local,31,0,0.0,0.0,0,0,0,0,0,0,0,0,0,reliable,GCE
70,1,posterior,200,146,0.5013433751585759,0.0036111059932418927,1,4,5284,147,147,0,0,0,1,reliable,GCE
70,2,posterior,200,146,0.5013433751585759,0.0036111059932418927,1,4,5284,147,147,0,0,0,1,reliable,GCE
71,1,local,197,148,1.7274744349967623,0.012722266518188663,1,4,5414,149,149,0,0,0,1,reliable,GCE
71,2,local,35,0,0.0,0.0,0,0,0,0,0,0,0,0,0,reliable,GCE
71,1,posterior,207,148,0.5036490649911637,0.0035786797915094443,1,4,5414,149,149,0,0,0,1,reliable,GCE
71,2,posterior,207,148,0.5036490649911637,0.0035786797915094443,1,4,5414,149,149,0,0,0,1,reliable,GCE
72,1,local,204,151,1.7603631342983497,0.012794926683475606,1,4,5539,152,152,0,0,0,1,reliable,GCE
72,2,local,37,0,0.0,0.0,0,0,0,0,0,0,0,0,0,reliable,GCE
72,1,posterior,211,151,0.5127864404992604,0.0035889795990665047,1,4,5539,152,152,0,0,0,1,reliable,GCE
72,2,posterior,211,151,0.5127864404992604,0.0035889795990665047,1,4,5539,152,152,0,0,0,1,reliable,GCE
73,1,local,205,154,1.6376500868345485,0.011712002431680564,1,4,5663,155,155,0,0,0,1,reliable,GCE
73,2,local,39,0,0.0,0.0,0,0,0,0,0,0,0,0,0,reliable,GCE
73,1,posterior,216,154,0.4987986289764392,0.0034323995468910403,1,4,5663,155,155,0,0,0,1,reliable,GCE
73,2,posterior,216,154,0.4987986289764392,0.0034323995468910403,1,4,5663,155,155,0,0,0,1,reliable,GCE
74,1,local,213,171,1.8483804186272286,0.011855288412222905,1,4,6097,172,172,0,0,0,1,reliable,GCE
74,2,local,40,0,0.0,0.0,0,0,0,0,0,0,0,0,0,reliable,GCE
74,1,posterior,225,171,0.5585460563284254,0.003453509115584996,1,4,6097,172,172,0,0,0,1,reliable,GCE
74,2,posterior,225,171,0.5585460563284254,0.003453509115584996,1,4,6097,172,172,0,0,0,1,reliable,GCE
75,1,local,217,170,1.7619379263062076,0.011360996713962287,1,4,6167,171,171,0,0,0,1,reliable,GCE
75,2,local,46,0,0.0,0.0,0,0,0,0,0,0,0,0,0,reliable,GCE
75,1,posterior,230,170,0.5439186511089555,0.0033801512613802986,1,4,6167,171,171,0,0,0,1,reliable,GCE
75,2,posterior,230,170,0.5439186511089555,0.0033801512613802986,1,4,6167,171,171,0,0,0,1,reliable,GCE
76,1,local,221,178,1.7876490410408103,0.01097520835943575,1,4,6452,179,179,0,0,0,1,reliable,GCE
76,2,local,47,0,0.0,0.0,0,0,0,0,0,0,0,0,0,reliable,GCE
76,1,posterior,234,178,0.560588050842289,0.003321811680571953,1,4,6452,179,179,0,0,0,1,reliable,GCE
76,2,posterior,234,178,0.560588050842289,0.003321811680571953,1,4,6452,179,179,0,0,0,1,reliable,GCE
77,1,local,225,182,1.76589673855696,0.01061002404095223,1,4,6637,183,183,0,0,0,1,reliable,GCE
77,2,local,29,0,0.0,0.0,0,0,0,0,0,0,0,0,0,reliable,GCE
77,1,posterior,219,182,0.5632885961757802,0.0032656610581919174,1,4,6637,183,183,0,0,0,1,reliable,GCE
77,2,posterior,219,182,0.5632885961757802,0.0032656610581919174,1,4,6637,183,183,0,0,0,1,reliable,GCE
78,1,local,227,187,1.7588721345918918,0.0102792955717524,1,5,6901,188,188,0,0,0,1,reliable,GCE
78,2,local,27,0,0.0,0.0,0,0,0,0,0,0,0,0,0,reliable,GCE
78,1,posterior,221,187,0.5698607664666907,0.0032139901321435165,1,5,6901,188,188,0,0,0,1,reliable,GCE
78,2,posterior,221,187,0.5698607664666907,0.0032139901321435165,1,5,6901,188,188,0,0,0,1,reliable,GCE
79,1,local,227,194,1.7922482234334651,0.01005986332313678,1,5,7184,195,195,0,0,0,1,reliable,GCE
79,2,local,27,0,0.0,0.0,0,0,0,0,0,0,0,0,0,reliable,GCE
79,1,posterior,218,194,0.5863641517383721,0.003179258898150218,1,5,7184,195,195,0,0,0,1,reliable,GCE
79,2,posterior,218,194,0.5863641517383721,0.003179258898150218,1,5,7184,195,195,0,0,0,1,reliable,GCE
80,1,local,225,195,1.6805658085198478,0.009366178485819653,1,5,7320,196,196,0,0,0,1,reliable,GCE
80,2,local,17,0,0.0,0.0,0,0,0,0,0,0,0,0,0,reliable,GCE
80,1,posterior,223,195,0.5692730589213658,0.0030669583996152092,1,5,7320,196,196,0,0,0,1,reliable,GCE
80,2,posterior,223,195,0.5692730589213658,0.0030669583996152092,1,5,7320,196,196,0,0,0,1,reliable,GCE
81,1,local,230,196,1.769676852972961,0.009737841101321107,1,5,7486,197,197,0,0,0,1,reliable,GCE
81,2,local,19,0,0.0,0.0,0,0,0,0,0,0,0,0,0,reliable,GCE
81,1,posterior,225,196,0.5865663854305107,0.0031276134497601215,1,5,7486,197,197,0,0,0,1,reliable,GCE
81,2,posterior,225,196,0.5865663854305107,0.0031276134497601215,1,5,7486,197,197,0,0,0,1,reliable,GCE
82,1,local,229,202,1.7887456201939762,0.009498069270315625,1,5,7785,203,203,0,0,0,1,reliable,GCE
82,2,local,17,0,0.0,0.0,0,0,0,0,0,0,0,0,0,reliable,GCE
82,1,posterior,225,202,0.5989026465395425,0.003088615272836834,1,5,7785,203,203,0,0,0,1,reliable,GCE
82,2,posterior,225,202,0.5989026465395425,0.003088615272836834,1,5,7785,203,203,0,0,0,1,reliable,GCE
83,1,local,230,206,1.809384984151034,0.00941639091277516,1,5,7992,207,207,0,0,0,1,reliable,GCE
83,2,local,15,0,0.0,0.0,0,0,0,0,0,0,0,0,0,reliable,GCE
83,1,posterior,230,206,0.6082313077773165,0.0030752209004210594,1,5,7992,207,207,0,0,0,1,reliable,GCE
83,2,posterior,230,206,0.6082313077773165,0.0030752209004210594,1,5,7992,207,207,0,0,0,1,reliable,GCE
84,1,local,234,208,1.811467024847306,0.009286763111291025,1,5,8200,209,209,0,0,0,1,reliable,GCE
84,2,local,20,0,0.0,0.0,0,0,0,0,0,0,0,0,0,reliable,GCE
84,1,posterior,229,208,0.6116802727574935,0.0030538461864370926,1,5,8200,209,209,0,0,0,1,reliable,GCE
84,2,posterior,229,208,0.6116802727574935,0.0030538461864370926,1,5,8200,209,209,0,0,0,1,reliable,GCE
85,1,local,235,211,1.9265672621133811,0.009721017075190116,1,5,8412,212,212,0,0,0,1,reliable,GCE
85,2,local,16,0,0.0,0.0,0,0,0,0,0,0,0,0,0,reliable,GCE
85,1,posterior,233,211,0.6354414171401573,0.0031248924840777477,1,5,8412,212,212,0,0,0,1,reliable,GCE
85,2,posterior,233,211,0.6354414171401573,0.0031248924840777477,1,5,8412,212,212,0,0,0,1,reliable,GCE
86,1,local,238,214,1.8564531114894354,0.009223053199665215,1,5,8627,215,215,0,0,0,1,reliable,GCE
86,2,local,17,0,0.0,0.0,0,0,0,0,0,0,0,0,0,reliable,GCE
86,1,posterior,235,214,0.6281229003214533,0.0030432874014205673,1,5,8627,215,215,0,0,0,1,reliable,GCE
86,2,posterior,235,214,0.6281229003214533,0.0030432874014205673,1,5,8627,215,215,0,0,0,1,reliable,GCE
87,1,local,241,217,1.7262231818832572,0.008446344635265366,1,5,8845,218,218,0,0,0,1,reliable,GCE
87,2,local,16,0,0.0,0.0,0,0,0,0,0,0,0,0,0,reliable,GCE
87,1,posterior,238,217,0.609837826971776,0.0029115699053393358,1,5,8845,218,218,0,0,0,1,reliable,GCE
87,2,posterior,238,217,0.609837826971776,0.0029115699053393358,1,5,8845,218,218,0,0,0,1,reliable,GCE
88,1,local,244,220,1.7205235325353745,0.008297570382239682,1,5,9066,221,221,0,0,0,1,reliable,GCE
88,2,local,16,0,0.0,0.0,0,0,0,0,0,0,0,0,0,reliable,GCE
88,1,posterior,241,220,0.6130176306224866,0.0028856722062730695,1,5,9066,221,221,0,0,0,1,reliable,GCE
88,2,posterior,241,220,0.6130176306224866,0.0028856722062730695,1,5,9066,221,221,0,0,0,1,reliable,GCE
89,1,local,245,224,0.8533393414441618,0.004212783967007499,2,5,9289,225,225,0,0,0,1,reliable,GCE
89,2,local,17,0,0.0,0.0,0,0,0,0,0,0,0,0,0,reliable,GCE
89,1,posterior,242,224,0.43530957476551546,0.0020536468933245104,2,5,9289,225,225,0,0,0,1,reliable,GCE
89,2,posterior,242,224,0.43530957476551546,0.0020536468933245104,2,5,9289,225,225,0,0,0,1,reliable,GCE
90,1,local,244,223,0.862896525729668,0.004235765696138173,1,5,9510,224,224,0,0,0,1,reliable,GCE
90,2,local,16,0,0.0,0.0,0,0,0,0,0,0,0,0,0,reliable,GCE
90,1,posterior,242,223,0.4366531362273416,0.002059253033157026,1,5,9510,224,224,0,0,0,1,reliable,GCE
90,2,posterior,242,223,0.4366531362273416,0.002059253033157026,1,5,9510,224,224,0,0,0,1,reliable,GCE
91,1,local,244,223,0.9680113149227465,0.004646982823615761,1,5,9731,224,224,0,0,0,1,reliable,GCE
91,2,local,18,0,0.0,0.0,0,0,0,0,0,0,0,0,0,reliable,GCE
91,1,posterior,240,223,0.4627796383976125,0.002157130300201211,1,5,9731,224,224,0,0,0,1,reliable,GCE
91,2,posterior,240,223,0.4627796383976125,0.002157130300201211,1,5,9731,224,224,0,0,0,1,reliable,GCE
92,1,local,246,221,1.1410399448995294,0.005397632330477352,0,5,9951,222,222,0,0,0,1,reliable,GCE
92,2,local,17,0,0.0,0.0,0,0,0,0,0,0,0,0,0,reliable,GCE
92,1,posterior,242,221,0.5014841247656124,0.0023253220521376856,0,5,9951,222,222,0,0,0,1,reliable,GCE
92,2,posterior,242,221,0.5014841247656124,0.0023253220521376856,0,5,9951,222,222,0,0,0,1,reliable,GCE
93,1,local,249,219,1.280557052580902,0.006012495586023612,0,5,10161,220,220,0,0,0,1,reliable,GCE
93,2,local,17,0,0.0,0.0,0,0,0,0,0,0,0,0,0,reliable,GCE
93,1,posterior,247,219,0.529857435257062,0.0024546345003535297,0,5,10161,220,220,0,0,0,1,reliable,GCE
93,2,posterior,247,219,0.529857435257062,0.0024546345003535297,0,5,10161,220,220,0,0,0,1,reliable,GCE
94,1,local,248,227,0.9282772303021,0.004310404948856739,2,5,10399,228,228,0,0,0,1,reliable,GCE
94,2,local,19,0,0.0,0.0,0,0,0,0,0,0,0,0,0,reliable,GCE
94,1,posterior,246,227,0.457888264114704,0.0020773572244292427,2,5,10399,228,228,0,0,0,1,reliable,GCE
94,2,posterior,246,227,0.457888264114704,0.0020773572244292427,2,5,10399,228,228,0,0,0,1,reliable,GCE
95,1,local,251,222,1.22416658443363,0.005619989309103582,0,5,10610,223,223,0,0,0,1,reliable,GCE
95,2,local,19,0,0.0,0.0,0,0,0,0,0,0,0,0,0,reliable,GCE
95,1,posterior,245,222,0.521420987390461,0.002372886970113133,0,5,10610,223,223,0,0,0,1,reliable,GCE
95,2,posterior,245,222,0.521420987390461,0.002372886970113133,0,5,10610,223,223,0,0,0,1,reliable,GCE
96,1,local,254,219,1.3845848756245094,0.0077984815323157985,1,5,10809,220,220,0,0,0,1,reliable,GCE
96,2,local,16,0,0.0,0.0,0,0,0,0,0,0,0,0,0,reliable,GCE
96,1,posterior,252,219,0.5512596961058948,0.0027970863572799936,1,5,10809,220,220,0,0,0,1,reliable,GCE
96,2,posterior,252,219,0.5512596961058948,0.0027970863572799936,1,5,10809,220,220,0,0,0,1,reliable,GCE
97,1,local,253,231,0.9357768163677918,0.004405839203381526,2,5,11080,232,232,0,0,0,1,reliable,GCE
97,2,local,19,0,0.0,0.0,0,0,0,0,0,0,0,0,0,reliable,GCE
97,1,posterior,248,231,0.46331753116404367,0.002100280535422743,2,5,11080,232,232,0,0,0,1,reliable,GCE
97,2,posterior,248,231,0.46331753116404367,0.002100280535422743,2,5,11080,232,232,0,0,0,1,reliable,GCE
98,1,local,255,229,1.288467128063851,0.005812362208811541,0,5,11300,230,230,0,0,0,1,reliable,GCE
98,2,local,16,0,0.0,0.0,0,0,0,0,0,0,0,0,0,reliable,GCE
98,1,posterior,252,229,0.5425422413618108,0.0024132930668631447,0,5,11300,230,230,0,0,0,1,reliable,GCE
98,2,posterior,252,229,0.5425422413618108,0.0024132930668631447,0,5,11300,230,230,0,0,0,1,reliable,GCE
99,1,local,258,223,1.5147979844980388,0.007589939417145603,1,5,11495,224,224,0,0,0,1,reliable,GCE
99,2,local,17,0,0.0,0.0,0,0,0,0,0,0,0,0,0,reliable,GCE
99,1,posterior,255,223,0.5818309494148303,0.0027592487129629033,1,5,11495,224,224,0,0,0,1,reliable,GCE
99,2,posterior,255,223,0.5818309494148303,0.0027592487129629033,1,5,11495,224,224,0,0,0,1,reliable,GCE
100,1,local,264,222,1.6334259131266282,0.007617412833277454,1,5,11691,223,223,0,0,0,1,reliable,GCE
100,2,local,15,0,0.0,0.0,0,0,0,0,0,0,0,0,0,reliable,GCE
100,1,posterior,261,222,0.6028766545916836,0.002764262413895715,1,5,11691,223,223,0,0,0,1,reliable,GCE
100,2,posterior,261,222,0.6028766545916836,0.002764262413895715,1,5,11691,223,223,0,0,0,1,reliable,GCE
101,1,local,267,226,1.7233859279152488,0.007811462486752105,1,5,11925,227,227,0,0,0,1,reliable,GCE
101,2,local,16,0,0.0,0.0,0,0,0,0,0,0,0,0,0,reliable,GCE
101,1,posterior,262,226,0.6242303368568749,0.00279942508001328,1,5,11925,227,227,0,0,0,1,reliable,GCE
101,2,posterior,262,226,0.6242303368568749,0.00279942508001328,1,5,11925,227,227,0,0,0,1,reliable,GCE
102,1,local,268,243,0.9013300005753156,0.004210159316359189,2,5,12263,244,244,0,0,0,1,reliable,GCE
102,2,local,14,0,0.0,0.0,0,0,0,0,0,0,0,0,0,reliable,GCE
102,1,posterior,266,243,0.4663500468274224,0.0020530056751518876,2,5,12263,244,244,0,0,0,1,reliable,GCE
102,2,posterior,266,243,0.4663500468274224,0.0020530056751518876,2,5,12263,244,244,0,0,0,1,reliable,GCE
103,1,local,270,242,1.5352909550943716,0.006689913615440921,0,5,12505,243,243,0,0,0,1,reliable,GCE
103,2,local,17,0,0.0,0.0,0,0,0,0,0,0,0,0,0,reliable,GCE
103,1,posterior,264,242,0.6081788642604172,0.0025897563839661487,0,5,12505,243,243,0,0,0,1,reliable,GCE
103,2,posterior,264,242,0.6081788642604172,0.0025897563839661487,0,5,12505,243,243,0,0,0,1,reliable,GCE
104,1,local,273,239,1.5457739242100368,0.0067458216426459095,1,5,12735,240,240,0,0,0,1,reliable,GCE
104,2,local,11,0,0.0,0.0,0,0,0,0,0,0,0,0,0,reliable,GCE
104,1,posterior,272,239,0.6076505412944592,0.0026006001621782866,1,5,12735,240,240,0,0,0,1,reliable,GCE
104,2,posterior,272,239,0.6076505412944592,0.0026006001621782866,1,5,12735,240,240,0,0,0,1,reliable,GCE
105,1,local,277,248,0.9987318209132665,0.005029184233593652,2,5,12996,249,249,0,0,0,1,reliable,GCE
105,2,local,16,0,0.0,0.0,0,0,0,0,0,0,0,0,0,reliable,GCE
105,1,posterior,274,248,0.49602170473043605,0.0022443214776299357,2,5,12996,249,249,0,0,0,1,reliable,GCE
105,2,posterior,274,248,0.49602170473043605,0.0022443214776299357,2,5,12996,249,249,0,0,0,1,reliable,GCE
106,1,local,274,244,0.9179000546812359,0.004504090507045256,1,5,13231,245,245,0,0,0,1,reliable,GCE
106,2,local,14,0,0.0,0.0,0,0,0,0,0,0,0,0,0,reliable,GCE
106,1,posterior,271,244,0.4722796641309392,0.0021236249108378077,1,5,13231,245,245,0,0,0,1,reliable,GCE
106,2,posterior,271,244,0.4722796641309392,0.0021236249108378077,1,5,13231,245,245,0,0,0,1,reliable,GCE
107,1,local,264,243,1.2195517335670916,0.005205413038255161,0,5,13474,244,244,0,0,0,1,reliable,GCE
107,2,local,12,0,0.0,0.0,0,0,0,0,0,0,0,0,0,reliable,GCE
107,1,posterior,262,243,0.5439884884797092,0.0022834175641966957,0,5,13474,244,244,0,0,0,1,reliable,GCE
107,2,posterior,262,243,0.5439884884797092,0.0022834175641966957,0,5,13474,244,244,0,0,0,1,reliable,GCE
108,1,local,266,242,1.2993363682068588,0.005515447667615432,0,5,13714,243,243,0,0,0,1,reliable,GCE
108,2,local,13,0,0.0,0.0,0,0,0,0,0,0,0,0,0,reliable,GCE
108,1,posterior,264,242,0.5609204360918005,0.0023506422972693008,0,5,13714,243,243,0,0,0,1,reliable,GCE
108,2,posterior,264,242,0.5609204360918005,0.0023506422972693008,0,5,13714,243,243,0,0,0,1,reliable,GCE
109,1,local,268,240,1.6088710736644423,0.007277663358494922,1,5,13934,241,241,0,0,0,1,reliable,GCE
109,2,local,13,0,0.0,0.0,0,0,0,0,0,0,0,0,0,reliable,GCE
109,1,posterior,265,240,0.621964680559054,0.0027016211860883686,1,5,13934,241,241,0,0,0,1,reliable,GCE
109,2,posterior,265,240,0.621964680559054,0.0027016211860883686,1,5,13934,241,241,0,0,0,1,reliable,GCE
110,1,local,271,240,1.7325841560005462,0.007335858701979549,1,5,14164,241,241,0,0,0,1,reliable,GCE
110,2,local,10,0,0.0,0.0,0,0,0,0,0,0,0,0,0,reliable,GCE
110,1,posterior,270,240,0.6455513792457035,0.0027124513943108473,1,5,14164,241,241,0,0,0,1,reliable,GCE
110,2,posterior,270,240,0.6455513792457035,0.0027124513943108473,1,5,14164,241,241,0,0,0,1,reliable,GCE
111,1,local,275,250,1.7689368223279234,0.007295765484383706,1,5,14431,251,251,0,0,0,1,reliable,GCE
111,2,local,14,0,0.0,0.0,0,0,0,0,0,0,0,0,0,reliable,GCE
111,1,posterior,270,250,0.6641136995468718,0.0027049945566837946,1,5,14431,251,251,0,0,0,1,reliable,GCE
111,2,posterior,270,250,0.6641136995468718,0.0027049945566837946,1,5,14431,251,251,0,0,0,1,reliable,GCE
112,1,local,279,254,1.6399500341062336,0.006914797934335167,1,5,14695,255,255,0,0,0,1,reliable,GCE
112,2,local,11,0,0.0,0.0,0,0,0,0,0,0,0,0,0,reliable,GCE
112,1,posterior,277,254,0.6438938172441716,0.00263310813538362,1,5,14695,255,255,0,0,0,1,reliable,GCE
112,2,posterior,277,254,0.6438938172441716,0.00263310813538362,1,5,14695,255,255,0,0,0,1,reliable,GCE
113,1,local,283,259,1.7190953359679133,0.007464546643532939,1,5,14980,260,260,0,0,0,1,reliable,GCE
113,2,local,17,0,0.0,0.0,0,0,0,0,0,0,0,0,0,reliable,GCE
113,1,posterior,279,259,0.6657320718058903,0.0027362513696669965,1,5,14980,260,260,0,0,0,1,reliable,GCE
113,2,posterior,279,259,0.6657320718058903,0.0027362513696669965,1,5,14980,260,260,0,0,0,1,reliable,GCE
114,1,local,282,263,1.7341246000251025,0.007504942277457469,1,5,15255,264,264,0,0,0,1,reliable,GCE
114,2,local,17,0,0.0,0.0,0,0,0,0,0,0,0,0,0,reliable,GCE
114,1,posterior,286,263,0.6736081948601882,0.002743680613833123,1,5,15255,264,264,0,0,0,1,reliable,GCE
114,2,posterior,286,263,0.6736081948601882,0.002743680613833123,1,5,15255,264,264,0,0,0,1,reliable,GCE
115,1,local,284,265,1.7152981034059125,0.007124640147621144,1,5,15520,266,266,0,0,0,1,reliable,GCE
115,2,local,22,0,0.0,0.0,0,0,0,0,0,0,0,0,0,reliable,GCE
115,1,posterior,288,265,0.6724306611211084,0.002672938458388742,1,5,15520,266,266,0,0,0,1,reliable,GCE
115,2,posterior,288,265,0.6724306611211084,0.002672938458388742,1,5,15520,266,266,0,0,0,1,reliable,GCE
116,1,local,287,268,1.619042819927507,0.006500629361596268,1,5,15789,269,269,0,0,0,1,reliable,GCE
116,2,local,22,0,0.0,0.0,0,0,0,0,0,0,0,0,0,reliable,GCE
116,1,posterior,294,268,0.6567880311538481,0.0025527078618732594,1,5,15789,269,269,0,0,0,1,reliable,GCE
116,2,posterior,294,268,0.6567880311538481,0.0025527078618732594,1,5,15789,269,269,0,0,0,1,reliable,GCE
117,1,local,291,271,1.71875682119687,0.006920306504389687,1,5,16060,272,272,0,0,0,1,reliable,GCE
117,2,local,21,0,0.0,0.0,0,0,0,0,0,0,0,0,0,reliable,GCE
117,1,posterior,290,271,0.6807168739025872,0.0026341612639662437,1,5,16060,272,272,0,0,0,1,reliable,GCE
117,2,posterior,290,271,0.6807168739025872,0.0026341612639662437,1,5,16060,272,272,0,0,0,1,reliable,GCE
118,1,local,296,275,0.8782893477871575,0.004242393277636179,2,5,16345,276,276,0,0,0,1,reliable,GCE
118,2,local,18,0,0.0,0.0,0,0,0,0,0,0,0,0,0,reliable,GCE
118,1,posterior,297,275,0.49010524010600204,0.0020608669560497755,2,5,16345,276,276,0,0,0,1,reliable,GCE
118,2,posterior,297,275,0.49010524010600204,0.0020608669560497755,2,5,16345,276,276,0,0,0,1,reliable,GCE
119,1,local,295,272,0.8671946496684609,0.004030068744382794,1,5,16611,273,273,0,0,0,1,reliable,GCE
119,2,local,24,0,0.0,0.0,0,0,0,0,0,0,0,0,0,reliable,GCE
119,1,posterior,289,271,0.48273082563453673,0.002008524811978818,0,5,16611,272,272,0,0,0,1,reliable,GCE
119,2,posterior,289,271,0.48273082563453673,0.002008524811978818,0,5,16611,272,272,0,0,0,1,reliable,GCE
120,1,local,293,270,1.2908182836553483,0.005289111412704102,0,5,16880,271,271,0,0,0,1,reliable,GCE
120,2,local,20,0,0.0,0.0,0,0,0,0,0,0,0,0,0,reliable,GCE
120,1,posterior,292,270,0.5899129420309859,0.0023017565367346882,0,5,16880,271,271,0,0,0,1,reliable,GCE
120,2,posterior,292,270,0.5899129420309859,0.0023017565367346882,0,5,16880,271,271,0,0,0,1,reliable,GCE
121,1,local,297,269,1.4061391652548971,0.005636276283884414,0,5,17146,270,270,0,0,0,1,reliable,GCE
121,2,local,24,0,0.0,0.0,0,0,0,0,0,0,0,0,0,reliable,GCE
121,1,posterior,293,269,0.615179776852661,0.0023763340978115713,0,5,17146,270,270,0,0,0,1,reliable,GCE
121,2,posterior,293,269,0.615179776852661,0.0023763340978115713,0,5,17146,270,270,0,0,0,1,reliable,GCE
122,1,local,298,0,0.0,0.0,0,0,0,0,0,0,0,0,0,reliable,GCE
122,2,local,19,0,0.0,0.0,0,0,0,0,0,0,0,0,0,reliable,GCE
122,1,posterior,295,0,0.0,0.0,0,0,0,0,0,0,0,0,0,reliable,GCE
122,2,posterior,295,0,0.0,0.0,0,0,0,0,0,0,0,0,0,reliable,GCE
123,1,local,297,10,0.046785210501769134,0.009184300192306347,1,0,125,10,10,0,0,0,1,reliable,GCE
123,2,local,291,0,0.0,0.0,0,0,0,0,0,0,0,0,0,reliable,GCE
123,1,posterior,292,0,0.0,0.0,0,0,0,0,0,0,0,0,0,reliable,GCE
123,2,posterior,292,0,0.0,0.0,0,0,0,0,0,0,0,0,0,reliable,GCE
124,1,local,294,6,0.041930203467212164,0.013600348259633485,3,0,9,6,6,0,0,0,1,reliable,GCE
124,2,local,287,0,0.0,0.0,0,0,0,0,0,0,0,0,0,reliable,GCE
124,1,posterior,291,2,0.005525892554885459,0.0037013092709390423,1,0,2,2,2,0,0,0,1,reliable,GCE
124,2,posterior,291,2,0.005525892554885459,0.0037013092709390423,1,0,2,2,2,0,0,0,1,reliable,GCE
125,1,local,290,1,0.0017697792705973067,0.0017697792705973067,1,0,0,1,1,0,0,0,1,reliable,GCE
125,2,local,285,0,0.0,0.0,0,0,0,0,0,0,0,0,0,reliable,GCE
125,1,posterior,284,1,0.0013304031961011405,0.0013304031961011405,1,0,0,1,1,0,0,0,1,reliable,GCE
125,2,posterior,284,1,0.0013304031961011405,0.0013304031961011405,1,0,0,1,1,0,0,0,1,reliable,GCE
126,1,local,292,4,0.022299556049948245,0.011741130112745848,2,0,2,5,5,0,0,0,1,reliable,GCE
126,2,local,282,0,0.0,0.0,0,0,0,0,0,0,0,0,0,reliable,GCE
126,1,posterior,291,3,0.006241108541748235,0.0034367008870892115,1,0,2,4,4,0,0,0,1,reliable,GCE
126,2,posterior,291,3,0.006241108541748235,0.0034367008870892115,1,0,2,4,4,0,0,0,1,reliable,GCE
127,1,local,29,8,0.04948271388845601,0.011374214418075035,3,0,13,10,10,0,0,0,1,reliable,GCE
127,2,local,14,0,0.0,0.0,0,0,0,0,0,0,0,0,0,reliable,GCE
127,1,posterior,27,8,0.018971529087244317,0.0033821328557139124,3,0,13,11,11,0,0,0,1,reliable,GCE
127,2,posterior,27,8,0.018971529087244317,0.0033821328557139124,3,0,13,11,11,0,0,0,1,reliable,GCE
128,1,local,33,8,0.11564359366217689,0.021850492929763415,1,0,20,10,10,0,0,0,1,reliable,GCE
128,2,local,15,0,0.0,0.0,0,0,0,0,0,0,0,0,0,reliable,GCE
128,1,posterior,31,8,0.030225033133919745,0.004706482309236929,1,0,20,10,10,0,0,0,1,reliable,GCE
128,2,posterior,31,8,0.030225033133919745,0.004706482309236929,1,0,20,10,10,0,0,0,1,reliable,GCE
129,1,local,39,13,0.1989273210192262,0.044413421308475524,3,0,31,16,16,0,0,0,1,reliable,GCE
129,2,local,16,0,0.0,0.0,0,0,0,0,0,0,0,0,0,reliable,GCE
129,1,posterior,37,13,0.049315812217428985,0.006774654374669876,3,0,31,16,16,0,0,0,1,reliable,GCE
129,2,posterior,37,13,0.049315812217428985,0.006774654374669876,3,0,31,16,16,0,0,0,1,reliable,GCE
130,1,local,43,14,0.4046922102820222,0.07226648561371854,1,0,44,17,17,0,0,0,1,reliable,GCE
130,2,local,17,0,0.0,0.0,0,0,0,0,0,0,0,0,0,reliable,GCE
130,1,posterior,37,14,0.07407942346650966,0.008752981180939083,1,0,44,17,17,0,0,0,1,reliable,GCE
130,2,posterior,37,14,0.07407942346650966,0.008752981180939083,1,0,44,17,17,0,0,0,1,reliable,GCE
131,1,local,49,17,0.7294505864051809,0.11001568559099856,2,0,59,20,20,0,0,0,1,reliable,GCE
131,2,local,13,0,0.0,0.0,0,0,0,0,0,0,0,0,0,reliable,GCE
131,1,posterior,47,17,0.1099419255797792,0.011001427702515004,2,0,59,20,20,0,0,0,1,reliable,GCE
131,2,posterior,47,17,0.1099419255797792,0.011001427702515004,2,0,59,20,20,0,0,0,1,reliable,GCE
132,1,local,55,18,0.8540320920201213,0.10662733455382518,1,0,76,21,21,0,0,0,1,reliable,GCE
132,2,local,17,1,0.0010999230879271556,0.0010999230879271556,0,0,12,1,1,0,0,0,1,reliable,GCE
132,1,posterior,50,18,0.11645648284691394,0.009121315281280294,1,0,76,21,21,0,0,0,1,reliable,GCE
132,2,posterior,50,18,0.11645648284691394,0.009121315281280294,1,0,76,21,21,0,0,0,1,reliable,GCE
133,1,local,58,22,0.8881181003680191,0.08406696589888345,1,0,98,25,25,0,0,0,1,reliable,GCE
133,2,local,15,0,0.0,0.0,0,0,0,0,0,0,0,0,0,reliable,GCE
133,1,posterior,57,22,0.1377958187226091,0.009494129151759147,1,0,98,25,25,0,0,0,1,reliable,GCE
133,2,posterior,57,22,0.1377958187226091,0.009494129151759147,1,0,98,25,25,0,0,0,1,reliable,GCE
134,1,local,54,20,0.7512041922139071,0.06259251295069618,1,0,108,23,23,0,0,0,1,reliable,GCE
134,2,local,14,0,0.0,0.0,0,0,0,0,0,0,0,0,0,reliable,GCE
134,1,posterior,50,20,0.12147474722756736,0.00810920169041132,1,0,108,23,23,0,0,0,1,reliable,GCE
134,2,posterior,50,20,0.12147474722756736,0.00810920169041132,1,0,108,23,23,0,0,0,1,reliable,GCE
135,1,local,60,30,0.5323779582046146,0.05204891648179976,3,0,149,33,33,0,0,0,1,reliable,GCE
135,2,local,15,0,0.0,0.0,0,0,0,0,0,0,0,0,0,reliable,GCE
135,1,posterior,57,29,0.1186443948876752,0.007359059630054182,3,0,148,32,32,0,0,0,1,reliable,GCE
135,2,posterior,57,29,0.1186443948876752,0.007359059630054182,3,0,148,32,32,0,0,0,1,reliable,GCE
136,1,local,64,29,0.6246158241345983,0.044121904518667814,1,0,176,32,32,0,0,0,1,reliable,GCE
136,2,local,18,0,0.0,0.0,0,0,0,0,0,0,0,0,0,reliable,GCE
136,1,posterior,58,29,0.13170037085725242,0.006751511923200106,1,0,176,32,32,0,0,0,1,reliable,GCE
136,2,posterior,58,29,0.13170037085725242,0.006751511923200106,1,0,176,32,32,0,0,0,1,reliable,GCE
137,1,local,55,32,0.5550288908220048,0.04082825932816582,2,0,207,35,35,0,0,0,1,reliable,GCE
137,2,local,12,0,0.0,0.0,0,0,0,0,0,0,0,0,0,reliable,GCE
137,1,posterior,54,32,0.1279711634205798,0.006485206938304912,2,0,207,35,35,0,0,0,1,reliable,GCE
137,2,posterior,54,32,0.1279711634205798,0.006485206938304912,2,0,207,35,35,0,0,0,1,reliable,GCE
138,1,local,58,33,0.8918416645717849,0.05123353304580882,1,0,239,36,36,0,0,0,1,reliable,GCE
138,2,local,20,0,0.0,0.0,0,0,0,0,0,0,0,0,0,reliable,GCE
138,1,posterior,54,33,0.16794896856600375,0.007298496849618652,1,0,239,36,36,0,0,0,1,reliable,GCE
138,2,posterior,54,33,0.16794896856600375,0.007298496849618652,1,0,239,36,36,0,0,0,1,reliable,GCE
139,1,local,62,37,0.6568574398010054,0.034713632444252795,2,0,275,40,40,0,0,0,1,reliable,GCE
139,2,local,51,16,0.061402169116340465,0.005036938095445125,0,0,180,19,19,0,0,0,1,reliable,GCE
139,1,posterior,59,32,0.15920958983328834,0.007475897713630168,2,0,267,35,35,0,0,0,1,reliable,GCE
139,2,posterior,59,32,0.15920958983328834,0.007475897713630168,2,0,267,35,35,0,0,0,1,reliable,GCE
140,1,local,63,28,0.8240848084329052,0.04253299840810582,1,0,274,31,31,0,0,0,1,reliable,GCE
140,2,local,58,1,0.0025146931861474943,0.0025146931861474943,0,0,10,1,1,0,0,0,1,reliable,GCE
140,1,posterior,62,22,0.21471757109532713,0.013036309280482912,1,0,245,25,25,0,0,0,1,reliable,GCE
140,2,posterior,62,22,0.2147175710953273,0.013036309280482912,1,0,245,25,25,0,0,0,1,reliable,GCE
141,1,local,69,27,1.1679109794759035,0.06185024809915777,2,0,285,30,30,0,0,0,1,reliable,GCE
141,2,local,53,0,0.0,0.0,0,0,0,0,0,0,0,0,0,reliable,GCE
141,1,posterior,67,2,0.012779936545573993,0.009258078671106205,1,0,11,2,2,0,0,0,1,reliable,GCE
141,2,posterior,67,2,0.012779936545573993,0.009258078671106205,1,0,11,2,2,0,0,0,1,reliable,GCE
142,1,local,76,37,0.5848750433791816,0.0248853163725294,2,0,343,42,42,0,0,0,1,reliable,GCE
142,2,local,56,0,0.0,0.0,0,0,0,0,0,0,0,0,0,reliable,GCE
142,1,posterior,72,5,0.014410747982621307,0.005494805966609434,2,0,14,5,5,0,0,0,1,reliable,GCE
142,2,posterior,72,5,0.014410747982621307,0.005494805966609434,2,0,14,5,5,0,0,0,1,reliable,GCE
143,1,local,81,43,0.5607306743596159,0.02150208425708177,2,0,404,49,49,0,0,0,1,reliable,GCE
143,2,local,39,0,0.0,0.0,0,0,0,0,0,0,0,0,0,reliable,GCE
143,1,posterior,78,28,0.09070183485416178,0.004668157295511441,1,0,220,31,31,0,0,0,1,reliable,GCE
143,2,posterior,78,28,0.09070183485416178,0.004668157295511441,1,0,220,31,31,0,0,0,1,reliable,GCE
144,1,local,85,30,0.6659461981687549,0.041169133996378435,1,0,255,33,33,0,0,0,1,reliable,GCE
144,2,local,22,0,0.0,0.0,0,0,0,0,0,0,0,0,0,reliable,GCE
144,1,posterior,81,30,0.139574555188649,0.006513197104291948,1,0,255,33,33,0,0,0,1,reliable,GCE
144,2,posterior,81,30,0.139574555188649,0.006513197104291948,1,0,255,33,33,0,0,0,1,reliable,GCE
145,1,local,91,39,1.0884602071185463,0.04810638800707204,1,0,428,44,44,0,0,0,1,reliable,GCE
145,2,local,17,0,0.0,0.0,0,0,0,0,0,0,0,0,0,reliable,GCE
145,1,posterior,87,39,0.20516241102678318,0.007062304245453111,1,0,428,44,44,0,0,0,1,reliable,GCE
145,2,posterior,87,39,0.20516241102678318,0.007062304245453111,1,0,428,44,44,0,0,0,1,reliable,GCE
146,1,local,97,44,1.1678248107806837,0.04477300141134678,1,0,474,51,51,0,0,0,1,reliable,GCE
146,2,local,17,0,0.0,0.0,0,0,0,0,0,0,0,0,0,reliable,GCE
146,1,posterior,93,44,0.22346156080164475,0.006803108812422036,1,0,474,51,51,0,0,0,1,reliable,GCE
146,2,posterior,93,44,0.22346156080164475,0.006803108812422036,1,0,474,51,51,0,0,0,1,reliable,GCE
147,1,local,103,57,0.8388810396210794,0.03221714512372249,2,0,644,64,64,0,0,0,1,reliable,GCE
147,2,local,68,4,0.006389653272619164,0.00256161157196162,0,0,33,4,4,0,0,0,1,reliable,GCE
147,1,posterior,98,42,0.18933954627267657,0.006388330032584798,2,0,488,48,48,0,0,0,1,reliable,GCE
147,2,posterior,98,42,0.18933954627267657,0.006388330032584798,2,0,488,48,48,0,0,0,1,reliable,GCE
148,1,local,109,48,1.0919907712963142,0.0383098053905529,1,0,565,54,54,0,0,0,1,reliable,GCE
148,2,local,75,1,0.0012596523308617633,0.0012596523308617633,0,0,9,1,1,0,0,0,1,reliable,GCE
148,1,posterior,104,15,0.09302329912787237,0.011626537948600184,1,0,139,18,18,0,0,0,1,reliable,GCE
148,2,posterior,104,15,0.09302329912787237,0.011626537948600184,1,0,139,18,18,0,0,0,1,reliable,GCE
149,1,local,114,26,0.594377285143564,0.03539133509909024,2,0,275,29,29,0,0,0,1,reliable,GCE
149,2,local,77,1,0.0011991050627692954,0.0011991050627692954,0,0,10,1,1,0,0,0,1,reliable,GCE
149,1,posterior,110,9,0.03676974062028305,0.005665034826476128,1,0,67,11,11,0,0,0,1,reliable,GCE
149,2,posterior,110,9,0.03676974062028305,0.005665034826476128,1,0,67,11,11,0,0,0,1,reliable,GCE
150,1,local,119,24,0.4449828943170984,0.039875522878644785,2,0,184,29,29,0,0,0,1,reliable,GCE
150,2,local,60,0,0.0,0.0,0,0,0,0,0,0,0,0,0,reliable,GCE
150,1,posterior,116,20,0.07249694435529191,0.006406420732201695,2,0,115,25,25,0,0,0,1,reliable,GCE
150,2,posterior,116,20,0.07249694435529191,0.006406420732201695,2,0,115,25,25,0,0,0,1,reliable,GCE
151,1,local,127,30,0.671441896972169,0.06525705035054688,2,0,203,36,36,0,0,0,1,reliable,GCE
151,2,local,23,0,0.0,0.0,0,0,0,0,0,0,0,0,0,reliable,GCE
151,1,posterior,124,30,0.13411308591241008,0.008290284687546268,2,0,203,36,36,0,0,0,1,reliable,GCE
151,2,posterior,124,30,0.13411308591241008,0.008290284687546268,2,0,203,36,36,0,0,0,1,reliable,GCE
152,1,local,134,39,0.7254898305253293,0.0473233964651245,1,0,364,45,45,0,0,0,1,reliable,GCE
152,2,local,33,0,0.0,0.0,0,0,0,0,0,0,0,0,0,reliable,GCE
152,1,posterior,129,39,0.16296330779579224,0.007002139717477163,1,0,364,45,45,0,0,0,1,reliable,GCE
152,2,posterior,129,39,0.16296330779579224,0.007002139717477163,1,0,364,45,45,0,0,0,1,reliable,GCE
153,1,local,137,49,0.9922115887716823,0.04585646730682355,1,0,535,55,55,0,0,0,1,reliable,GCE
153,2,local,32,0,0.0,0.0,0,0,0,0,0,0,0,0,0,reliable,GCE
153,1,posterior,129,49,0.2158025827132103,0.006888248693450675,1,0,535,55,55,0,0,0,1,reliable,GCE
153,2,posterior,129,49,0.2158025827132103,0.006888248693450675,1,0,535,55,55,0,0,0,1,reliable,GCE
154,1,local,137,76,0.9786748642256421,0.0412085738609681,2,0,1103,85,85,0,0,0,1,reliable,GCE
154,2,local,102,5,0.005745173855462665,0.0013733133639390958,0,0,76,6,6,0,0,0,1,reliable,GCE
154,1,posterior,129,55,0.1864464092576386,0.005840057975132028,2,0,664,61,61,0,0,0,1,reliable,GCE
154,2,posterior,129,55,0.18644640925763867,0.005840057975132028,2,0,664,61,61,0,0,0,1,reliable,GCE
155,1,local,139,77,0.7798730436911022,0.03060907320448281,1,0,1179,86,86,0,0,0,1,reliable,GCE
155,2,local,25,0,0.0,0.0,0,0,0,0,0,0,0,0,0,reliable,GCE
155,1,posterior,133,77,0.2338305308301851,0.0055905957939712154,1,0,1179,86,86,0,0,0,1,reliable,GCE
155,2,posterior,133,77,0.2338305308301851,0.0055905957939712154,1,0,1179,86,86,0,0,0,1,reliable,GCE
156,1,local,142,78,1.0774857138073721,0.02588931329568615,1,0,1256,87,87,0,0,0,1,reliable,GCE
156,2,local,26,0,0.0,0.0,0,0,0,0,0,0,0,0,0,reliable,GCE
156,1,posterior,138,78,0.2856461592046158,0.0051314378687217065,1,0,1256,87,87,0,0,0,1,reliable,GCE
156,2,posterior,138,78,0.2856461592046158,0.0051314378687217065,1,0,1256,87,87,0,0,0,1,reliable,GCE
157,1,local,148,82,0.898347458741961,0.018501577912914124,2,0,1337,92,92,0,0,0,1,reliable,GCE
157,2,local,27,0,0.0,0.0,0,0,0,0,0,0,0,0,0,reliable,GCE
157,1,posterior,144,82,0.26499077547904554,0.004325082582138558,2,0,1337,92,92,0,0,0,1,reliable,GCE
157,2,posterior,144,82,0.26499077547904554,0.004325082582138558,2,0,1337,92,92,0,0,0,1,reliable,GCE
158,1,local,125,81,1.063312837140128,0.0189734694520318,0,0,1418,91,91,0,0,0,1,reliable,GCE
158,2,local,29,0,0.0,0.0,0,0,0,0,0,0,0,0,0,reliable,GCE
158,1,posterior,119,81,0.2909950533407716,0.004380700501050113,0,0,1418,91,91,0,0,0,1,reliable,GCE
158,2,posterior,119,81,0.2909950533407716,0.004380700501050113,0,0,1418,91,91,0,0,0,1,reliable,GCE
159,1,local,127,86,0.9794815923202704,0.01567294981589238,2,0,1504,96,96,0,0,0,1,reliable,GCE
159,2,local,27,0,0.0,0.0,0,0,0,0,0,0,0,0,0,reliable,GCE
159,1,posterior,124,86,0.2843826545649421,0.00397642262615728,2,0,1504,96,96,0,0,0,1,reliable,GCE
159,2,posterior,124,86,0.2843826545649421,0.00397642262615728,2,0,1504,96,96,0,0,0,1,reliable,GCE
160,1,local,129,87,0.9313250460392966,0.0140867215963321,1,0,1590,97,97,0,0,0,1,reliable,GCE
160,2,local,22,0,0.0,0.0,0,0,0,0,0,0,0,0,0,reliable,GCE
160,1,posterior,123,87,0.2790873670307608,0.0037675890887575907,1,0,1590,97,97,0,0,0,1,reliable,GCE
160,2,posterior,123,87,0.2790873670307608,0.0037675890887575907,1,0,1590,97,97,0,0,0,1,reliable,GCE
161,1,local,133,88,1.055229365883324,0.015072335647195003,1,0,1677,98,98,0,0,0,1,reliable,GCE
161,2,local,18,0,0.0,0.0,0,0,0,0,0,0,0,0,0,reliable,GCE
161,1,posterior,130,88,0.3015732206819711,0.0038986021317086155,1,0,1677,98,98,0,0,0,1,reliable,GCE
161,2,posterior,130,88,0.3015732206819711,0.0038986021317086155,1,0,1677,98,98,0,0,0,1,reliable,GCE
162,1,local,133,84,1.0836968997011975,0.015555524997800687,0,0,1756,94,94,0,0,0,1,reliable,GCE
162,2,local,27,0,0.0,0.0,0,0,0,0,0,0,0,0,0,reliable,GCE
162,1,posterior,122,84,0.30167734665843843,0.003961322334081861,0,0,1756,94,94,0,0,0,1,reliable,GCE
162,2,posterior,122,84,0.30167734665843843,0.003961322334081861,0,0,1756,94,94,0,0,0,1,reliable,GCE
163,1,local,132,95,0.9027340244668298,0.011545871364992046,2,0,1861,105,105,0,0,0,1,reliable,GCE
163,2,local,19,0,0.0,0.0,0,0,0,0,0,0,0,0,0,reliable,GCE
163,1,posterior,129,95,0.2868080113764971,0.0034077666753211107,2,0,1861,105,105,0,0,0,1,reliable,GCE
163,2,posterior,129,95,0.2868080113764971,0.0034077666753211107,2,0,1861,105,105,0,0,0,1,reliable,GCE
164,1,local,135,92,1.0217725079590898,0.012722501669172962,0,0,1946,102,102,0,0,0,1,reliable,GCE
164,2,local,22,0,0.0,0.0,0,0,0,0,0,0,0,0,0,reliable,GCE
164,1,posterior,129,92,0.30420892417915635,0.0035787131707826947,0,0,1946,102,102,0,0,0,1,reliable,GCE
164,2,posterior,129,92,0.30420892417915635,0.0035787131707826947,0,0,1946,102,102,0,0,0,1,reliable,GCE
165,1,local,139,84,1.154130730993172,0.01477952984165198,1,0,2001,94,94,0,0,0,1,reliable,GCE
165,2,local,19,0,0.0,0.0,0,0,0,0,0,0,0,0,0,reliable,GCE
165,1,posterior,136,84,0.3124177699933449,0.0038601233050687437,1,0,2001,94,94,0,0,0,1,reliable,GCE
165,2,posterior,136,84,0.3124177699933449,0.0038601233050687437,1,0,2001,94,94,0,0,0,1,reliable,GCE
166,1,local,143,103,0.9153677262369575,0.011641916678290029,2,0,2156,113,113,0,0,0,1,reliable,GCE
166,2,local,22,0,0.0,0.0,0,0,0,0,0,0,0,0,0,reliable,GCE
166,1,posterior,138,103,0.2999449322324672,0.0034220285079978505,2,0,2156,113,113,0,0,0,1,reliable,GCE
166,2,posterior,138,103,0.2999449322324672,0.0034220285079978505,2,0,2156,113,113,0,0,0,1,reliable,GCE
167,1,local,146,104,0.9383234976675423,0.011681269521382327,1,0,2259,114,114,0,0,0,1,reliable,GCE
167,2,local,22,0,0.0,0.0,0,0,0,0,0,0,0,0,0,reliable,GCE
167,1,posterior,143,104,0.3050156269163864,0.0034278555225380654,1,0,2259,114,114,0,0,0,1,reliable,GCE
167,2,posterior,143,104,0.3050156269163864,0.0034278555225380654,1,0,2259,114,114,0,0,0,1,reliable,GCE
168,1,local,146,105,0.9144927200737343,0.010753051323862709,1,0,2363,115,115,0,0,0,1,reliable,GCE
168,2,local,24,0,0.0,0.0,0,0,0,0,0,0,0,0,0,reliable,GCE
168,1,posterior,141,105,0.30393543316481914,0.0032877633181430366,1,0,2363,115,115,0,0,0,1,reliable,GCE
168,2,posterior,141,105,0.30393543316481914,0.0032877633181430366,1,0,2363,115,115,0,0,0,1,reliable,GCE
169,1,local,147,106,0.9707029173351023,0.010867191116405819,1,0,2468,116,116,0,0,0,1,reliable,GCE
169,2,local,21,0,0.0,0.0,0,0,0,0,0,0,0,0,0,reliable,GCE
169,1,posterior,148,106,0.3158230652704906,0.0033052990130682377,1,0,2468,116,116,0,0,0,1,reliable,GCE
169,2,posterior,148,106,0.3158230652704906,0.0033052990130682377,1,0,2468,116,116,0,0,0,1,reliable,GCE
170,1,local,149,107,0.93417691996303,0.010076717058641726,1,0,2574,117,117,0,0,0,1,reliable,GCE
170,2,local,22,0,0.0,0.0,0,0,0,0,0,0,0,0,0,reliable,GCE
170,1,posterior,147,107,0.31223827232337314,0.003181939490163267,1,0,2574,117,117,0,0,0,1,reliable,GCE
170,2,posterior,147,107,0.31223827232337314,0.003181939490163267,1,0,2574,117,117,0,0,0,1,reliable,GCE
171,1,local,149,108,0.9457672341417295,0.009914096130241986,1,0,2681,118,118,0,0,0,1,reliable,GCE
171,2,local,20,0,0.0,0.0,0,0,0,0,0,0,0,0,0,reliable,GCE
171,1,posterior,154,108,0.31640746047378293,0.0031559825033821054,1,0,2681,118,118,0,0,0,1,reliable,GCE
171,2,posterior,154,108,0.31640746047378293,0.0031559825033821054,1,0,2681,118,118,0,0,0,1,reliable,GCE
172,1,local,153,108,1.0095006626324594,0.010355734613396459,0,0,2789,118,118,0,0,0,1,reliable,GCE
172,2,local,99,75,0.08006169944135816,0.0011496547539568542,0,0,2441,84,84,0,0,0,1,reliable,GCE
172,1,posterior,146,105,0.2838128562895067,0.003179652052185698,0,0,2783,115,115,0,0,0,1,reliable,GCE
172,2,posterior,146,105,0.2838128562895067,0.003179652052185698,0,0,2783,115,115,0,0,0,1,reliable,GCE
173,1,local,156,104,1.1298665616970236,0.012642025240461398,1,0,2877,114,114,0,0,0,1,reliable,GCE
173,2,local,102,3,0.003200545029215283,0.0011550199302323915,0,0,46,3,3,0,0,0,1,reliable,GCE
173,1,posterior,154,103,0.38620248313560424,0.004053579207837196,1,0,2870,113,113,0,0,0,1,reliable,GCE
173,2,posterior,154,103,0.38620248313560424,0.004053579207837196,1,0,2870,113,113,0,0,0,1,reliable,GCE
174,1,local,136,113,0.9262191541702697,0.015115459346733957,2,0,3000,124,124,0,0,0,1,reliable,GCE
174,2,local,29,0,0.0,0.0,0,0,0,0,0,0,0,0,0,reliable,GCE
174,1,posterior,122,105,0.30212872314542494,0.003904238703983306,0,0,2988,115,115,0,0,0,1,reliable,GCE
174,2,posterior,122,105,0.30212872314542494,0.003904238703983306,0,0,2988,115,115,0,0,0,1,reliable,GCE
175,1,local,126,107,0.9001061187981604,0.013986318586589995,1,0,3100,117,117,0,0,0,1,reliable,GCE
175,2,local,101,1,0.001061372086566068,0.001061372086566068,0,0,10,1,1,0,0,0,1,reliable,GCE
175,1,posterior,119,101,0.2302185145590886,0.0037539984159805683,0,0,3041,111,111,0,0,0,1,reliable,GCE
175,2,posterior,119,101,0.23021851455908854,0.0037539984159805683,0,0,3041,111,111,0,0,0,1,reliable,GCE
176,1,local,124,103,0.7846274021144902,0.017272072852020492,1,0,3151,113,113,0,0,0,1,reliable,GCE
176,2,local,98,0,0.0,0.0,0,0,0,0,0,0,0,0,0,reliable,GCE
176,1,posterior,119,100,0.23575628826545172,0.004176909155502994,0,0,3132,110,110,0,0,0,1,reliable,GCE
176,2,posterior,119,100,0.23575628826545172,0.004176909155502994,0,0,3132,110,110,0,0,0,1,reliable,GCE
177,1,local,127,104,0.8114093723327535,0.02181231358426617,1,0,3245,117,117,0,0,0,1,reliable,GCE
177,2,local,99,0,0.0,0.0,0,0,0,0,0,0,0,0,0,reliable,GCE
177,1,posterior,122,100,0.244136767716046,0.004702296701196805,1,0,3220,110,110,0,0,0,1,reliable,GCE
177,2,posterior,122,100,0.244136767716046,0.004702296701196805,1,0,3220,110,110,0,0,0,1,reliable,GCE
178,1,local,127,105,0.8303451377566475,0.026241122494213415,1,0,3337,119,119,0,0,0,1,reliable,GCE
178,2,local,100,0,0.0,0.0,0,0,0,0,0,0,0,0,0,reliable,GCE
178,1,posterior,121,25,0.12253332373229868,0.0051669345069737475,1,0,416,26,26,0,0,0,1,reliable,GCE
178,2,posterior,121,25,0.12253332373229868,0.0051669345069737475,1,0,416,26,26,0,0,0,1,reliable,GCE
179,1,local,126,105,0.6976353270232233,0.02466690771923122,1,0,3427,118,118,0,0,0,1,reliable,GCE
179,2,local,100,0,0.0,0.0,0,0,0,0,0,0,0,0,0,reliable,GCE
179,1,posterior,120,23,0.11124890529456401,0.005006318243409637,0,0,415,23,23,0,0,0,1,reliable,GCE
179,2,posterior,120,23,0.11124890529456401,0.005006318243409637,0,0,415,23,23,0,0,0,1,reliable,GCE
180,1,local,124,29,0.7265602716376326,0.032137450187217656,1,0,463,33,33,0,0,0,1,reliable,GCE
180,2,local,99,0,0.0,0.0,0,0,0,0,0,0,0,0,0,reliable,GCE
180,1,posterior,118,22,0.12598880687605526,0.00573217586934301,0,0,436,22,22,0,0,0,1,reliable,GCE
180,2,posterior,118,22,0.12598880687605526,0.00573217586934301,0,0,436,22,22,0,0,0,1,reliable,GCE
181,1,local,50,26,0.8257191418288391,0.036965390987752554,1,0,462,30,32,2,2,1,2,reliable,GCE
181,2,local,99,0,0.0,0.0,0,0,0,0,0,0,0,0,0,reliable,GCE
181,1,posterior,73,0,0.0,0.0,0,0,0,0,0,0,0,0,0,reliable,GCE
181,2,posterior,73,0,0.0,0.0,0,0,0,0,0,0,0,0,0,reliable,GCE
182,1,local,78,2,0.04344519613036168,0.03184328748353689,2,0,0,2,2,0,0,0,1,reliable,GCE
182,2,local,20,0,0.0,0.0,0,0,0,0,0,0,0,0,0,reliable,GCE
182,1,posterior,74,2,0.007889647948030145,0.005705169551647625,2,0,0,3,3,0,0,0,1,reliable,GCE
182,2,posterior,74,2,0.007889647948030145,0.005705169551647625,2,0,0,3,3,0,0,0,1,reliable,GCE
183,1,local,82,57,0.7166849866142722,0.06135383078326302,2,0,2471,63,63,0,0,0,1,reliable,GCE
183,2,local,18,0,0.0,0.0,0,0,0,0,0,0,0,0,0,reliable,GCE
183,1,posterior,81,57,0.1992412287296117,0.008023952107067583,2,0,2471,63,63,0,0,0,1,reliable,GCE
183,2,posterior,81,57,0.1992412287296117,0.008023952107067583,2,0,2471,63,63,0,0,0,1,reliable,GCE
184,1,local,89,60,0.7227407151691234,0.0246866901958212,3,0,2528,66,66,0,0,0,1,reliable,GCE
184,2,local,25,0,0.0,0.0,0,0,0,0,0,0,0,0,0,reliable,GCE
184,1,posterior,84,60,0.20794891458533693,0.005008365821325365,3,0,2528,66,66,0,0,0,1,reliable,GCE
184,2,posterior,84,60,0.20794891458533693,0.005008365821325365,3,0,2528,66,66,0,0,0,1,reliable,GCE
185,1,local,85,61,0.827654884173601,0.01472408616230624,1,0,2588,67,67,0,0,0,1,reliable,GCE
185,2,local,22,0,0.0,0.0,0,0,0,0,0,0,0,0,0,reliable,GCE
185,1,posterior,80,61,0.22299710420523824,0.003852796034307663,1,0,2588,67,67,0,0,0,1,reliable,GCE
185,2,posterior,80,61,0.22299710420523824,0.003852796034307663,1,0,2588,67,67,0,0,0,1,reliable,GCE
186,1,local,85,62,0.9063463876070987,0.016222213111988727,1,0,2649,68,68,0,0,0,1,reliable,GCE
186,2,local,29,0,0.0,0.0,0,0,0,0,0,0,0,0,0,reliable,GCE
186,1,posterior,78,61,0.22911485904742435,0.004046345202804307,1,0,2647,67,67,0,0,0,1,reliable,GCE
186,2,posterior,78,61,0.22911485904742435,0.004046345202804307,1,0,2647,67,67,0,0,0,1,reliable,GCE
187,1,local,84,62,0.8978183981445964,0.016281847102478483,1,0,2708,68,68,0,0,0,1,reliable,GCE
187,2,local,80,53,0.09863238511120927,0.00186609092050122,0,0,2681,58,58,0,0,0,1,reliable,GCE
187,1,posterior,79,55,0.2305146452438982,0.012272687855668553,0,0,2691,61,61,0,0,0,1,reliable,GCE
187,2,posterior,79,55,0.2305146452438982,0.012272687855668553,0,0,2691,61,61,0,0,0,1,reliable,GCE
188,1,local,84,63,0.9245693504865623,0.01637992688550015,1,0,2770,70,70,0,0,0,1,reliable,GCE
188,2,local,82,53,0.5911447256350684,0.01117122598832752,0,0,2734,58,58,0,0,0,1,reliable,GCE
188,1,posterior,80,56,0.7016472889837231,0.0181972889352554,1,0,2746,63,63,0,0,0,1,reliable,GCE
188,2,posterior,80,56,0.7016472889837232,0.0181972889352554,1,0,2746,63,63,0,0,0,1,reliable,GCE
189,1,local,87,64,1.0247794086304927,0.018240129148927548,1,0,2830,73,73,0,0,0,1,reliable,GCE
189,2,local,85,53,0.09509074814664374,0.0017982764170320457,0,0,2787,58,58,0,0,0,1,reliable,GCE
189,1,posterior,79,53,0.26622454064952783,0.005031450429340039,0,0,2787,58,58,0,0,0,1,reliable,GCE
189,2,posterior,79,53,0.26622454064952783,0.005031450429340039,0,0,2787,58,58,0,0,0,1,reliable,GCE
190,1,local,88,63,0.8709626868850746,0.015661647785009808,1,0,2887,72,72,0,0,0,1,reliable,GCE
190,2,local,80,53,0.058181305982695004,0.0011012272708981414,0,0,2840,58,58,0,0,0,1,reliable,GCE
190,1,posterior,86,53,0.17110537122784256,0.0032350844234065672,0,0,2840,58,58,0,0,0,1,reliable,GCE
190,2,posterior,86,53,0.17110537122784256,0.0032350844234065672,0,0,2840,58,58,0,0,0,1,reliable,GCE
191,1,local,90,63,0.8341767490397445,0.014964184119917378,1,0,2942,73,73,0,0,0,1,reliable,GCE
191,2,local,88,53,0.06328368087624267,0.0011984390713105954,0,0,2893,58,58,0,0,0,1,reliable,GCE
191,1,posterior,84,53,0.14599827734112195,0.0027610465908191524,0,0,2893,58,58,0,0,0,1,reliable,GCE
191,2,posterior,84,53,0.14599827734112195,0.0027610465908191524,0,0,2893,58,58,0,0,0,1,reliable,GCE
192,1,local,91,58,0.794368350222843,0.014653276641425548,1,0,2959,67,73,6,4,3,2,reliable,GCE
192,2,local,87,0,0.0,0.0,0,0,0,0,0,0,0,0,0,reliable,GCE
192,1,posterior,83,53,0.15477319166618986,0.0029277742171660375,0,0,2946,58,58,0,0,0,1,reliable,GCE
192,2,posterior,83,53,0.15477319166619,0.0029277742171660375,0,0,2946,58,58,0,0,0,1,reliable,GCE
193,1,local,86,61,0.8567925134135548,0.015617251245152909,2,0,3024,73,87,8,5,7,3,reliable,GCE
193,2,local,88,0,0.0,0.0,0,0,0,0,0,0,0,0,0,reliable,GCE
193,1,posterior,85,54,0.2040646922195904,0.0047814325196751705,1,0,2999,60,60,0,0,0,1,reliable,GCE
193,2,posterior,85,54,0.2040646922195904,0.0047814325196751705,1,0,2999,60,60,0,0,0,1,reliable,GCE
194,1,local,91,57,1.1212806566890752,0.02026985544557829,1,0,3058,69,69,0,0,0,1,reliable,GCE
194,2,local,22,0,0.0,0.0,0,0,0,0,0,0,0,0,0,reliable,GCE
194,1,posterior,90,56,0.24998331639406898,0.004530200620296694,0,0,3058,68,68,0,0,0,1,reliable,GCE
194,2,posterior,90,56,0.24998331639406898,0.004530200620296694,0,0,3058,68,68,0,0,0,1,reliable,GCE
195,1,local,86,66,0.7530078191194427,0.013121520228893579,2,0,3182,81,95,8,5,7,3,reliable,GCE
195,2,local,24,0,0.0,0.0,0,0,0,0,0,0,0,0,0,reliable,GCE
195,1,posterior,83,65,0.21698589339820776,0.0036349294643307118,1,0,3182,80,94,8,5,7,3,reliable,GCE
195,2,posterior,83,65,0.21698589339820776,0.0036349294643307118,1,0,3182,80,94,8,5,7,3,reliable,GCE
196,1,local,87,67,0.8078013516107535,0.013890656931530933,1,0,3260,82,96,8,5,7,3,reliable,GCE
196,2,local,19,0,0.0,0.0,0,0,0,0,0,0,0,0,0,reliable,GCE
196,1,posterior,91,67,0.2289907300356635,0.003741005675066383,1,0,3260,82,96,8,5,7,3,reliable,GCE
196,2,posterior,91,67,0.2289907300356635,0.003741005675066383,1,0,3260,82,96,8,5,7,3,reliable,GCE
197,1,local,89,68,0.9151222585566842,0.015349800999029632,1,0,3327,83,97,8,5,7,3,reliable,GCE
197,2,local,19,0,0.0,0.0,0,0,0,0,0,0,0,0,0,reliable,GCE
197,1,posterior,82,68,0.24672571968041718,0.003934734559999215,1,0,3327,83,97,8,5,7,3,reliable,GCE
197,2,posterior,82,68,0.24672571968041718,0.003934734559999215,1,0,3327,83,97,8,5,7,3,reliable,GCE
198,1,local,89,69,0.8883566310561604,0.01458000395617412,1,0,3395,84,98,8,5,7,3,reliable,GCE
198,2,local,16,1,0.00250681955575153,0.00250681955575153,0,0,6,4,4,0,0,0,1,reliable,GCE
198,1,posterior,88,69,0.2462591474489855,0.003833692193001349,1,0,3395,84,98,8,5,7,3,reliable,GCE
198,2,posterior,88,69,0.2462591474489855,0.003833692193001349,1,0,3395,84,98,8,5,7,3,reliable,GCE
199,1,local,94,70,0.9502625561417458,0.015154212495114937,1,0,3464,85,99,8,5,7,3,reliable,GCE
199,2,local,22,1,0.003633837575767307,0.003633837575767307,0,0,7,4,4,0,0,0,1,reliable,GCE
199,1,posterior,90,70,0.2585577522477838,0.004940404831959423,1,0,3464,85,99,8,5,7,3,reliable,GCE
199,2,posterior,90,70,0.2585577522477838,0.004940404831959423,1,0,3464,85,99,8,5,7,3,reliable,GCE
200,1,local,99,73,0.8275752471814579,0.013023330793933176,2,0,3535,88,102,8,5,7,3,reliable,GCE
200,2,local,20,1,0.004891000783639829,0.004891000783639829,0,0,8,4,4,0,0,0,1,reliable,GCE
200,1,posterior,96,72,0.24338397413286314,0.006129742444094715,1,0,3535,87,101,8,5,7,3,reliable,GCE
200,2,posterior,96,72,0.24338397413286314,0.006129742444094715,1,0,3535,87,101,8,5,7,3,reliable,GCE
201,1,local,103,73,1.0281483943476057,0.016265705343736184,1,0,3607,88,102,8,5,7,3,reliable,GCE
201,2,local,23,1,0.006068445019653768,0.006068445019653768,0,0,9,4,4,0,0,0,1,reliable,GCE
201,1,posterior,100,73,0.277035421529489,0.008907400944089693,1,0,3607,88,102,8,5,7,3,reliable,GCE
201,2,posterior,100,73,0.277035421529489,0.008907400944089693,1,0,3607,88,102,8,5,7,3,reliable,GCE
202,1,local,109,77,0.8631316714816751,0.02008268852202818,2,0,3683,92,106,8,5,7,3,reliable,GCE
202,2,local,22,0,0.0,0.0,0,0,0,0,0,0,0,0,0,reliable,GCE
202,1,posterior,104,77,0.2524184038427912,0.004508902534927585,2,0,3683,92,106,8,5,7,3,reliable,GCE
202,2,posterior,104,77,0.2524184038427912,0.004508902534927585,2,0,3683,92,106,8,5,7,3,reliable,GCE
203,1,local,104,78,0.9448925647419265,0.015279697759036294,1,0,3760,93,107,8,5,7,3,reliable,GCE
203,2,local,23,0,0.0,0.0,0,0,0,0,0,0,0,0,0,reliable,GCE
203,1,posterior,97,78,0.2656055386193148,0.003925635341599117,1,0,3760,93,107,8,5,7,3,reliable,GCE
203,2,posterior,97,78,0.2656055386193148,0.003925635341599117,1,0,3760,93,107,8,5,7,3,reliable,GCE
204,1,local,103,79,0.8465990100512825,0.012374958941241382,1,0,3838,94,108,8,5,7,3,reliable,GCE
204,2,local,22,0,0.0,0.0,0,0,0,0,0,0,0,0,0,reliable,GCE
204,1,posterior,102,79,0.25360074861739523,0.003529049380853845,1,0,3838,94,108,8,5,7,3,reliable,GCE
204,2,posterior,102,79,0.25360074861739523,0.003529049380853845,1,0,3838,94,108,8,5,7,3,reliable,GCE
205,1,local,108,80,0.9119332765631668,0.013040050237954195,1,0,3917,95,109,8,5,7,3,reliable,GCE
205,2,local,22,0,0.0,0.0,0,0,0,0,0,0,0,0,0,reliable,GCE
205,1,posterior,104,80,0.265706504573984,0.003623519400121633,1,0,3917,95,109,8,5,7,3,reliable,GCE
205,2,posterior,104,80,0.265706504573984,0.003623519400121633,1,0,3917,95,109,8,5,7,3,reliable,GCE
206,1,local,108,81,0.9082094945372733,0.012699613559474476,1,0,3997,96,110,8,5,7,3,reliable,GCE
206,2,local,22,0,0.0,0.0,0,0,0,0,0,0,0,0,0,reliable,GCE
206,1,posterior,108,81,0.26755047061262693,0.0035754628413025686,1,0,3997,96,110,8,5,7,3,reliable,GCE
206,2,posterior,108,81,0.26755047061262693,0.0035754628413025686,1,0,3997,96,110,8,5,7,3,reliable,GCE
207,1,local,109,82,0.8830947950125858,0.012081731814522201,1,0,4078,97,111,8,5,7,3,reliable,GCE
207,2,local,28,0,0.0,0.0,0,0,0,0,0,0,0,0,0,reliable,GCE
207,1,posterior,106,82,0.26600155461284486,0.0034866188845121245,1,0,4078,97,111,8,5,7,3,reliable,GCE
207,2,posterior,106,82,0.26600155461284486,0.0034866188845121245,1,0,4078,97,111,8,5,7,3,reliable,GCE
208,1,local,111,83,0.9484745909176588,0.01270380657970879,1,0,4160,98,112,8,5,7,3,reliable,GCE
208,2,local,23,0,0.0,0.0,0,0,0,0,0,0,0,0,0,reliable,GCE
208,1,posterior,110,83,0.2778501917136262,0.0035760585022292135,1,0,4160,98,112,8,5,7,3,reliable,GCE
208,2,posterior,110,83,0.2778501917136262,0.0035760585022292135,1,0,4160,98,112,8,5,7,3,reliable,GCE
209,1,local,111,84,0.9323432315471335,0.01223741470488491,1,0,4243,99,113,8,5,7,3,reliable,GCE
209,2,local,28,0,0.0,0.0,0,0,0,0,0,0,0,0,0,reliable,GCE
209,1,posterior,106,83,0.2752504205225043,0.0035092079041378656,0,0,4243,98,112,8,5,7,3,reliable,GCE
209,2,posterior,106,83,0.2752504205225043,0.0035092079041378656,0,0,4243,98,112,8,5,7,3,reliable,GCE
210,1,local,111,84,0.8839024117451906,0.011409130057629053,1,0,4326,99,113,8,5,7,3,reliable,GCE
210,2,local,28,0,0.0,0.0,0,0,0,0,0,0,0,0,0,reliable,GCE
210,1,posterior,109,83,0.2686335031070388,0.003387362020261198,0,0,4326,98,112,8,5,7,3,reliable,GCE
210,2,posterior,109,83,0.2686335031070388,0.003387362020261198,0,0,4326,98,112,8,5,7,3,reliable,GCE
211,1,local,110,84,0.9138381525789301,0.011612130039232794,1,0,4409,99,113,8,5,7,3,reliable,GCE
211,2,local,28,0,0.0,0.0,0,0,0,0,0,0,0,0,0,reliable,GCE
211,1,posterior,107,83,0.2738495026267738,0.0034176116058827716,0,0,4409,98,112,8,5,7,3,reliable,GCE
211,2,posterior,107,83,0.2738495026267738,0.0034176116058827716,0,0,4409,98,112,8,5,7,3,reliable,GCE
212,1,local,110,84,0.9648436075705664,0.012088890142360406,1,0,4492,99,113,8,5,7,3,reliable,GCE
212,2,local,23,0,0.0,0.0,0,0,0,0,0,0,0,0,0,reliable,GCE
212,1,posterior,107,84,0.2842396563030493,0.0034876606179040986,1,0,4492,99,113,8,5,7,3,reliable,GCE
212,2,posterior,107,84,0.2842396563030493,0.0034876606179040986,1,0,4492,99,113,8,5,7,3,reliable,GCE
213,1,local,112,84,1.0257243096428654,0.012726530966559733,0,0,4576,99,113,8,5,7,3,reliable,GCE
213,2,local,109,82,0.13879150346811872,0.0018056106007817798,0,0,4570,97,111,8,5,7,3,reliable,GCE
213,1,posterior,105,83,0.28640614646098184,0.0035681437919327747,0,0,4575,98,112,8,5,7,3,reliable,GCE
213,2,posterior,105,83,0.28640614646098184,0.0035681437919327747,0,0,4575,98,112,8,5,7,3,reliable,GCE
214,1,local,115,88,0.9649033281878896,0.011834396208544791,2,0,4662,103,117,8,5,7,3,reliable,GCE
214,2,local,106,0,0.0,0.0,0,0,0,0,0,0,0,0,0,reliable,GCE
214,1,posterior,111,82,0.2376357535786524,0.0030105729932595423,1,0,4645,97,111,8,5,7,3,reliable,GCE
214,2,posterior,111,82,0.23763575357865221,0.0030105729932595423,1,0,4645,97,111,8,5,7,3,reliable,GCE
215,1,local,118,88,0.8868711459909774,0.01093475594707403,1,0,4741,104,118,8,5,7,3,reliable,GCE
215,2,local,112,0,0.0,0.0,0,0,0,0,0,0,0,0,0,reliable,GCE
215,1,posterior,111,80,0.2727110676916766,0.003551024831557885,0,0,4708,95,109,8,5,7,3,reliable,GCE
215,2,posterior,111,80,0.2727110676916766,0.003551024831557885,0,0,4708,95,109,8,5,7,3,reliable,GCE
216,1,local,113,89,0.7954564535943591,0.009609106359801733,1,0,4831,106,120,8,5,7,3,reliable,GCE
216,2,local,25,0,0.0,0.0,0,0,0,0,0,0,0,0,0,reliable,GCE
216,1,posterior,113,87,0.25904070873902807,0.0031067342059512503,0,0,4827,104,118,8,5,7,3,reliable,GCE
216,2,posterior,113,87,0.25904070873902807,0.0031067342059512503,0,0,4827,104,118,8,5,7,3,reliable,GCE
217,1,local,112,90,0.9062349648433892,0.01107119221440587,1,0,4928,107,121,8,5,7,3,reliable,GCE
217,2,local,26,0,0.0,0.0,0,0,0,0,0,0,0,0,0,reliable,GCE
217,1,posterior,109,89,0.28099458167889696,0.003336418544849709,0,0,4928,106,120,8,5,7,3,reliable,GCE
217,2,posterior,109,89,0.28099458167889696,0.003336418544849709,0,0,4928,106,120,8,5,7,3,reliable,GCE
218,1,local,111,90,0.8917120466624733,0.010773192248826467,1,0,5017,107,121,8,5,7,3,reliable,GCE
218,2,local,18,1,0.0020330420526382827,0.0020330420526382827,0,0,4,2,2,0,0,0,1,reliable,GCE
218,1,posterior,109,90,0.2821048036888541,0.0032908642010908993,1,0,5017,107,121,8,5,7,3,reliable,GCE
218,2,posterior,109,90,0.2821048036888541,0.0032908642010908993,1,0,5017,107,121,8,5,7,3,reliable,GCE
219,1,local,112,91,0.9058194644945851,0.010766639455880835,1,0,5107,108,122,8,5,7,3,reliable,GCE
219,2,local,20,1,0.002215062332234032,0.002215062332234032,0,0,5,2,2,0,0,0,1,reliable,GCE
219,1,posterior,105,90,0.2838026124273447,0.003289855647686483,0,0,5107,107,121,8,5,7,3,reliable,GCE
219,2,posterior,105,90,0.2838026124273447,0.003289855647686483,0,0,5107,107,121,8,5,7,3,reliable,GCE
220,1,local,111,91,0.9549215475933562,0.011216963969803933,1,0,5197,108,122,8,5,7,3,reliable,GCE
220,2,local,19,1,0.0021461624387429223,0.0021461624387429223,0,0,6,2,2,0,0,0,1,reliable,GCE
220,1,posterior,109,91,0.29392197279380317,0.003358484812253895,1,0,5197,108,122,8,5,7,3,reliable,GCE
220,2,posterior,109,91,0.29392197279380317,0.003358484812253895,1,0,5197,108,122,8,5,7,3,reliable,GCE
221,1,local,113,92,0.952245915086046,0.011047598718488006,1,0,5288,109,123,8,5,7,3,reliable,GCE
221,2,local,22,1,0.00216970658422922,0.00216970658422922,0,0,7,2,2,0,0,0,1,reliable,GCE
221,1,posterior,111,92,0.2950987355597012,0.0033328338074216225,1,0,5288,109,123,8,5,7,3,reliable,GCE
221,2,posterior,111,92,0.2950987355597012,0.0033328338074216225,1,0,5288,109,123,8,5,7,3,reliable,GCE
222,1,local,114,93,0.9322468871035089,0.010695496759973848,1,0,5380,110,124,8,5,7,3,reliable,GCE
222,2,local,19,0,0.0,0.0,0,0,0,0,0,0,0,0,0,reliable,GCE
222,1,posterior,108,93,0.2929174511765244,0.003278886631735039,1,0,5380,110,124,8,5,7,3,reliable,GCE
222,2,posterior,108,93,0.2929174511765244,0.003278886631735039,1,0,5380,110,124,8,5,7,3,reliable,GCE
223,1,local,113,94,0.920939738816209,0.010457112761423021,1,0,5473,111,125,8,5,7,3,reliable,GCE
223,2,local,17,0,0.0,0.0,0,0,0,0,0,0,0,0,0,reliable,GCE
223,1,posterior,111,94,0.292527906115096,0.0032418702369887927,1,0,5473,111,125,8,5,7,3,reliable,GCE
223,2,posterior,111,94,0.292527906115096,0.0032418702369887927,1,0,5473,111,125,8,5,7,3,reliable,GCE
224,1,local,116,95,0.86512569742761,0.009715767414488062,1,0,5567,112,126,8,5,7,3,reliable,GCE
224,2,local,18,0,0.0,0.0,0,0,0,0,0,0,0,0,0,reliable,GCE
224,1,posterior,110,95,0.2848559285736376,0.0031240429807380737,1,0,5567,112,126,8,5,7,3,reliable,GCE
224,2,posterior,110,95,0.2848559285736376,0.0031240429807380737,1,0,5567,112,126,8,5,7,3,reliable,GCE
225,1,local,117,96,0.912377115857139,0.010132333187283545,1,0,5662,113,127,8,5,7,3,reliable,GCE
225,2,local,17,0,0.0,0.0,0,0,0,0,0,0,0,0,0,reliable,GCE
225,1,posterior,115,96,0.2939755515353181,0.003190769768732744,1,0,5662,113,127,8,5,7,3,reliable,GCE
225,2,posterior,115,96,0.2939755515353181,0.003190769768732744,1,0,5662,113,127,8,5,7,3,reliable,GCE
226,1,local,120,97,0.9167492748851391,0.010074724660563274,1,0,5758,114,128,8,5,7,3,reliable,GCE
226,2,local,18,0,0.0,0.0,0,0,0,0,0,0,0,0,0,reliable,GCE
226,1,posterior,115,97,0.29614541187996535,0.00318162271269652,1,0,5758,114,128,8,5,7,3,reliable,GCE
226,2,posterior,115,97,0.29614541187996535,0.00318162271269652,1,0,5758,114,128,8,5,7,3,reliable,GCE
227,1,local,121,98,0.9675838644385908,0.01052501358969954,1,0,5855,115,129,8,5,7,3,reliable,GCE
227,2,local,19,0,0.0,0.0,0,0,0,0,0,0,0,0,0,reliable,GCE
227,1,posterior,119,98,0.30581035049634525,0.003252455423567568,1,0,5855,115,129,8,5,7,3,reliable,GCE
227,2,posterior,119,98,0.30581035049634525,0.003252455423567568,1,0,5855,115,129,8,5,7,3,reliable,GCE
228,1,local,124,99,0.9278278958976505,0.009990747304461764,1,0,5953,116,130,8,5,7,3,reliable,GCE
228,2,local,19,0,0.0,0.0,0,0,0,0,0,0,0,0,0,reliable,GCE
228,1,posterior,119,99,0.3009440964597205,0.0031682429827248953,1,0,5953,116,130,8,5,7,3,reliable,GCE
228,2,posterior,119,99,0.3009440964597205,0.0031682429827248953,1,0,5953,116,130,8,5,7,3,reliable,GCE
229,1,local,125,100,0.9372094286334792,0.009990913333231023,1,0,6052,117,131,8,5,7,3,reliable,GCE
229,2,local,21,0,0.0,0.0,0,0,0,0,0,0,0,0,0,reliable,GCE
229,1,posterior,122,100,0.30398717994113117,0.003168269489366771,1,0,6052,117,131,8,5,7,3,reliable,GCE
229,2,posterior,122,100,0.30398717994113117,0.003168269489366771,1,0,6052,117,131,8,5,7,3,reliable,GCE
230,1,local,128,101,0.9502335686585176,0.01002814801239854,1,0,6152,118,132,8,5,7,3,reliable,GCE
230,2,local,18,0,0.0,0.0,0,0,0,0,0,0,0,0,0,reliable,GCE
230,1,posterior,123,101,0.307646169849155,0.00317420861896945,1,0,6152,118,132,8,5,7,3,reliable,GCE
230,2,posterior,123,101,0.307646169849155,0.00317420861896945,1,0,6152,118,132,8,5,7,3,reliable,GCE
231,1,local,129,102,0.8976662610454895,0.009376718358581008,1,0,6253,119,133,8,5,7,3,reliable,GCE
231,2,local,17,0,0.0,0.0,0,0,0,0,0,0,0,0,0,reliable,GCE
231,1,posterior,127,102,0.30047032039138527,0.0030686945376361898,1,0,6253,119,133,8,5,7,3,reliable,GCE
231,2,posterior,127,102,0.30047032039138527,0.0030686945376361898,1,0,6253,119,133,8,5,7,3,reliable,GCE
232,1,local,131,103,0.9348239195992238,0.009666131457419937,1,0,6355,120,134,8,5,7,3,reliable,GCE
232,2,local,18,0,0.0,0.0,0,0,0,0,0,0,0,0,0,reliable,GCE
232,1,posterior,126,103,0.30817216926765806,0.0031159997510459467,1,0,6355,120,134,8,5,7,3,reliable,GCE
232,2,posterior,126,103,0.30817216926765806,0.0031159997510459467,1,0,6355,120,134,8,5,7,3,reliable,GCE
233,1,local,132,104,0.9721547828238236,0.009951050887260187,1,0,6458,121,135,8,5,7,3,reliable,GCE
233,2,local,21,0,0.0,0.0,0,0,0,0,0,0,0,0,0,reliable,GCE
233,1,posterior,132,104,0.31584530176913755,0.0031618992310322655,1,0,6458,121,135,8,5,7,3,reliable,GCE
233,2,posterior,132,104,0.31584530176913755,0.0031618992310322655,1,0,6458,121,135,8,5,7,3,reliable,GCE
234,1,local,136,105,0.90677903832116,0.009187269018883809,1,0,6562,122,136,8,5,7,3,reliable,GCE
234,2,local,22,0,0.0,0.0,0,0,0,0,0,0,0,0,0,reliable,GCE
234,1,posterior,130,105,0.3064744308192747,0.003037341161416596,1,0,6562,122,136,8,5,7,3,reliable,GCE
234,2,posterior,130,105,0.3064744308192747,0.003037341161416596,1,0,6562,122,136,8,5,7,3,reliable,GCE
235,1,local,136,106,0.9480254096868654,0.009509139789556623,1,0,6667,123,137,8,5,7,3,reliable,GCE
235,2,local,19,0,0.0,0.0,0,0,0,0,0,0,0,0,0,reliable,GCE
235,1,posterior,136,106,0.31490032124803796,0.003090426379651373,1,0,6667,123,137,8,5,7,3,reliable,GCE
235,2,posterior,136,106,0.31490032124803796,0.003090426379651373,1,0,6667,123,137,8,5,7,3,reliable,GCE
236,1,local,141,107,0.9769413047388,0.009702514451492408,1,0,6773,124,138,8,5,7,3,reliable,GCE
236,2,local,24,0,0.0,0.0,0,0,0,0,0,0,0,0,0,reliable,GCE
236,1,posterior,138,107,0.3212195160817403,0.0031218973800960117,1,0,6773,124,138,8,5,7,3,reliable,GCE
236,2,posterior,138,107,0.3212195160817403,0.0031218973800960117,1,0,6773,124,138,8,5,7,3,reliable,GCE
237,1,local,140,108,0.8973027923351113,0.008822729926879703,1,0,6880,125,139,8,5,7,3,reliable,GCE
237,2,local,30,0,0.0,0.0,0,0,0,0,0,0,0,0,0,reliable,GCE
237,1,posterior,140,108,0.3092408138672853,0.002976107724841275,1,0,6880,125,139,8,5,7,3,reliable,GCE
237,2,posterior,140,108,0.3092408138672853,0.002976107724841275,1,0,6880,125,139,8,5,7,3,reliable,GCE
238,1,local,144,109,0.9766080511911999,0.009509813496405978,1,0,6988,126,140,8,5,7,3,reliable,GCE
238,2,local,29,0,0.0,0.0,0,0,0,0,0,0,0,0,0,reliable,GCE
238,1,posterior,139,109,0.32417929369041426,0.003090536562986133,1,0,6988,126,140,8,5,7,3,reliable,GCE
238,2,posterior,139,109,0.32417929369041426,0.003090536562986133,1,0,6988,126,140,8,5,7,3,reliable,GCE
239,1,local,134,110,0.9618358337140575,0.009275778944407682,1,0,7097,127,141,8,5,7,3,reliable,GCE
239,2,local,31,0,0.0,0.0,0,0,0,0,0,0,0,0,0,reliable,GCE
239,1,posterior,138,110,0.3232036618711401,0.0030520282892797066,1,0,7097,127,141,8,5,7,3,reliable,GCE
239,2,posterior,138,110,0.3232036618711401,0.0030520282892797066,1,0,7097,127,141,8,5,7,3,reliable,GCE
240,1,local,131,111,0.9868818902938442,0.009426515490059028,1,0,7207,128,142,8,5,7,3,reliable,GCE
240,2,local,16,0,0.0,0.0,0,0,0,0,0,0,0,0,0,reliable,GCE
240,1,posterior,127,111,0.3289065006063971,0.0030768842973963283,1,0,7207,128,142,8,5,7,3,reliable,GCE
240,2,posterior,127,111,0.3289065006063971,0.0030768842973963283,1,0,7207,128,142,8,5,7,3,reliable,GCE
1,1,local,0,0,0.0,0.0,0,0,0,0,0,0,0,0,0,reliable,Guarded Scalar
1,2,local,0,0,0.0,0.0,0,0,0,0,0,0,0,0,0,reliable,Guarded Scalar
1,1,posterior,0,0,0.0,0.0,0,0,0,0,0,0,0,0,0,reliable,Guarded Scalar
1,2,posterior,0,0,0.0,0.0,0,0,0,0,0,0,0,0,0,reliable,Guarded Scalar
2,1,local,9,1,0.09606124790532805,0.09606124790532805,1,1,0,1,1,0,0,0,1,reliable,Guarded Scalar
2,2,local,1,0,0.0,0.0,0,0,0,0,0,0,0,0,0,reliable,Guarded Scalar
2,1,posterior,9,1,0.010208584972325912,0.010208584972325912,1,1,0,1,1,0,0,0,1,reliable,Guarded Scalar
2,2,posterior,9,1,0.010208584972325912,0.010208584972325912,1,1,0,1,1,0,0,0,1,reliable,Guarded Scalar
3,1,local,19,1,0.07589822324160403,0.07589822324160403,1,1,0,1,1,0,0,0,1,reliable,Guarded Scalar
3,2,local,7,1,0.0010199270145905353,0.0010199270145905353,0,1,1,1,1,0,0,0,1,reliable,Guarded Scalar
3,1,posterior,19,1,0.00898572387081437,0.00898572387081437,1,1,0,1,1,0,0,0,1,reliable,Guarded Scalar
3,2,posterior,19,1,0.00898572387081437,0.00898572387081437,1,1,0,1,1,0,0,0,1,reliable,Guarded Scalar
4,1,local,25,2,0.27527948531828117,0.1803248179381557,1,1,1,2,2,0,0,0,1,reliable,Guarded Scalar
4,2,local,14,0,0.0,0.0,0,0,0,0,0,0,0,0,0,reliable,Guarded Scalar
4,1,posterior,25,2,0.024766740041717708,0.014622670052657853,1,1,1,2,2,0,0,0,1,reliable,Guarded Scalar
4,2,posterior,25,2,0.024766740041717708,0.014622670052657853,1,1,1,2,2,0,0,0,1,reliable,Guarded Scalar
5,1,local,32,4,0.3917525181118281,0.19307094488668072,1,2,5,4,4,0,0,0,1,reliable,Guarded Scalar
5,2,local,20,2,0.0024801769970580825,0.0014667543832800668,0,1,3,2,2,0,0,0,1,reliable,Guarded Scalar
5,1,posterior,29,3,0.018528384130090413,0.007819780189703175,1,1,3,3,3,0,0,0,1,reliable,Guarded Scalar
5,2,posterior,29,3,0.01852838413009038,0.007819780189703175,1,1,3,3,3,0,0,0,1,reliable,Guarded Scalar
6,1,local,37,4,0.3172167538155765,0.1103545662417932,1,1,6,4,4,0,0,0,1,reliable,Guarded Scalar
6,2,local,20,0,0.0,0.0,0,0,0,0,0,0,0,0,0,reliable,Guarded Scalar
6,1,posterior,37,4,0.03653109707199625,0.011020247122158131,1,1,6,4,4,0,0,0,1,reliable,Guarded Scalar
6,2,posterior,37,4,0.03653109707199625,0.011020247122158131,1,1,6,4,4,0,0,0,1,reliable,Guarded Scalar
7,1,local,43,5,0.5538972857395271,0.1469192433032653,1,1,10,5,5,0,0,0,1,reliable,Guarded Scalar
7,2,local,24,1,0.0011018233124765607,0.0011018233124765607,0,0,2,1,1,0,0,0,1,reliable,Guarded Scalar
7,1,posterior,41,5,0.04648802053311989,0.012959743037440949,1,1,10,5,5,0,0,0,1,reliable,Guarded Scalar
7,2,posterior,41,5,0.04648802053311992,0.012959743037440949,1,1,10,5,5,0,0,0,1,reliable,Guarded Scalar
8,1,local,50,6,0.6182557795582975,0.18620443995845598,1,1,15,6,6,0,0,0,1,reliable,Guarded Scalar
8,2,local,24,3,0.0034593605138518034,0.0012980027687762507,0,1,11,3,3,0,0,0,1,reliable,Guarded Scalar
8,1,posterior,50,6,0.03793809598962164,0.009165588632658284,1,1,15,6,6,0,0,0,1,reliable,Guarded Scalar
8,2,posterior,50,6,0.03793809598962164,0.009165588632658284,1,1,15,6,6,0,0,0,1,reliable,Guarded Scalar
9,1,local,56,7,0.43662493932226054,0.08821338876572794,1,1,21,7,7,0,0,0,1,reliable,Guarded Scalar
9,2,local,26,0,0.0,0.0,0,0,0,0,0,0,0,0,0,reliable,Guarded Scalar
9,1,posterior,53,7,0.05605962193261039,0.009745068972134265,1,1,21,7,7,0,0,0,1,reliable,Guarded Scalar
9,2,posterior,53,7,0.05605962193261039,0.009745068972134265,1,1,21,7,7,0,0,0,1,reliable,Guarded Scalar
10,1,local,61,11,0.9019165342862094,0.12658477031260404,1,2,43,11,11,0,0,0,1,reliable,Guarded Scalar
10,2,local,26,0,0.0,0.0,0,0,0,0,0,0,0,0,0,reliable,Guarded Scalar
10,1,posterior,61,10,0.0911128003082916,0.011901395579276858,1,1,35,10,10,0,0,0,1,reliable,Guarded Scalar
10,2,posterior,61,10,0.0911128003082916,0.011901395579276858,1,1,35,10,10,0,0,0,1,reliable,Guarded Scalar
11,1,local,63,18,0.9674803937285706,0.11072381687526105,1,4,89,19,19,0,0,0,1,reliable,Guarded Scalar
11,2,local,33,4,0.004338104507412511,0.0011908662792162465,0,1,25,4,4,0,0,0,1,reliable,Guarded Scalar
11,1,posterior,57,18,0.10743288833772598,0.008155441317432847,1,4,89,19,19,0,0,0,1,reliable,Guarded Scalar
11,2,posterior,57,18,0.10743288833772603,0.008155441317432847,1,4,89,19,19,0,0,0,1,reliable,Guarded Scalar
12,1,local,58,22,1.2993511646480327,0.09802553194111777,1,4,128,23,23,0,0,0,1,reliable,Guarded Scalar
12,2,local,24,0,0.0,0.0,0,0,0,0,0,0,0,0,0,reliable,Guarded Scalar
12,1,posterior,55,22,0.17118872727100676,0.010322465724378223,1,4,128,23,23,0,0,0,1,reliable,Guarded Scalar
12,2,posterior,55,22,0.17118872727100676,0.010322465724378223,1,4,128,23,23,0,0,0,1,reliable,Guarded Scalar
13,1,local,58,27,1.5500556919351498,0.08974481754172947,1,5,175,28,28,0,0,0,1,reliable,Guarded Scalar
13,2,local,19,1,0.0010314103142902184,0.0010314103142902184,0,0,7,1,1,0,0,0,1,reliable,Guarded Scalar
13,1,posterior,56,27,0.20040264584695205,0.009372986513191956,1,5,175,28,28,0,0,0,1,reliable,Guarded Scalar
13,2,posterior,56,27,0.20040264584695205,0.009372986513191956,1,5,175,28,28,0,0,0,1,reliable,Guarded Scalar
14,1,local,57,30,1.6500978261599852,0.08004001132369322,1,5,208,31,31,0,0,0,1,reliable,Guarded Scalar
14,2,local,13,0,0.0,0.0,0,0,0,0,0,0,0,0,0,reliable,Guarded Scalar
14,1,posterior,55,30,0.22367434798589678,0.009245964190245516,1,5,208,31,31,0,0,0,1,reliable,Guarded Scalar
14,2,posterior,55,30,0.22367434798589678,0.009245964190245516,1,5,208,31,31,0,0,0,1,reliable,Guarded Scalar
15,1,local,59,29,1.435698938649512,0.06927985574729066,1,5,225,30,30,0,0,0,1,reliable,Guarded Scalar
15,2,local,11,0,0.0,0.0,0,0,0,0,0,0,0,0,0,reliable,Guarded Scalar
15,1,posterior,56,29,0.20440938759587884,0.008558121461631681,1,5,225,30,30,0,0,0,1,reliable,Guarded Scalar
15,2,posterior,56,29,0.20440938759587884,0.008558121461631681,1,5,225,30,30,0,0,0,1,reliable,Guarded Scalar
16,1,local,63,29,1.3269158228258155,0.06502708201674473,1,5,239,30,30,0,0,0,1,reliable,Guarded Scalar
16,2,local,9,0,0.0,0.0,0,0,0,0,0,0,0,0,0,reliable,Guarded Scalar
16,1,posterior,62,29,0.19594400907722043,0.00827477574510948,1,5,239,30,30,0,0,0,1,reliable,Guarded Scalar
16,2,posterior,62,29,0.19594400907722043,0.00827477574510948,1,5,239,30,30,0,0,0,1,reliable,Guarded Scalar
17,1,local,70,31,1.296842452875682,0.061377241052449155,1,5,260,32,32,0,0,0,1,reliable,Guarded Scalar
17,2,local,10,0,0.0,0.0,0,0,0,0,0,0,0,0,0,reliable,Guarded Scalar
17,1,posterior,68,31,0.19952146761135656,0.008025569771075564,1,5,260,32,32,0,0,0,1,reliable,Guarded Scalar
17,2,posterior,68,31,0.19952146761135656,0.008025569771075564,1,5,260,32,32,0,0,0,1,reliable,Guarded Scalar
18,1,local,75,42,1.5567039775378604,0.05275194796984216,1,5,358,43,43,0,0,0,1,reliable,Guarded Scalar
18,2,local,11,0,0.0,0.0,0,0,0,0,0,0,0,0,0,reliable,Guarded Scalar
18,1,posterior,73,42,0.2531058089734217,0.007410954113471701,1,5,358,43,43,0,0,0,1,reliable,Guarded Scalar
18,2,posterior,73,42,0.2531058089734217,0.007410954113471701,1,5,358,43,43,0,0,0,1,reliable,Guarded Scalar
19,1,local,81,43,1.4925840469487759,0.04750853169120064,1,5,400,44,44,0,0,0,1,reliable,Guarded Scalar
19,2,local,16,2,0.012967639661767925,0.006752812978666868,0,1,27,2,2,0,0,0,1,reliable,Guarded Scalar
19,1,posterior,81,43,0.2695093709867751,0.015921068251000793,1,5,400,44,44,0,0,0,1,reliable,Guarded Scalar
19,2,posterior,81,43,0.2695093709867751,0.015921068251000793,1,5,400,44,44,0,0,0,1,reliable,Guarded Scalar
20,1,local,84,41,1.4392591037550124,0.08897143459198668,1,5,386,42,42,0,0,0,1,reliable,Guarded Scalar
20,2,local,17,3,0.036373663242663286,0.015761857568490786,0,1,44,3,3,0,0,0,1,reliable,Guarded Scalar
20,1,posterior,77,40,0.2948105373512893,0.03632125111151111,0,5,386,41,41,0,0,0,1,reliable,Guarded Scalar
20,2,posterior,77,40,0.2948105373512898,0.03632125111151161,0,5,386,41,41,0,0,0,1,reliable,Guarded Scalar
21,1,local,87,30,1.1088769431169203,0.1481498642134159,1,4,325,31,31,0,0,0,1,reliable,Guarded Scalar
21,2,local,10,3,0.08346453258317846,0.035958038600396494,0,1,47,3,3,0,0,0,1,reliable,Guarded Scalar
21,1,posterior,87,30,0.3049922146322502,0.06992065805294553,1,4,325,31,31,0,0,0,1,reliable,Guarded Scalar
21,2,posterior,87,30,0.3049922146322515,0.06992065805294645,1,4,325,31,31,0,0,0,1,reliable,Guarded Scalar
22,1,local,83,16,0.8577636242462577,0.24916521225159852,1,2,175,17,17,0,0,0,1,reliable,Guarded Scalar
22,2,local,15,3,0.1611065961053575,0.06922145147241698,0,1,50,3,3,0,0,0,1,reliable,Guarded Scalar
22,1,posterior,78,16,0.3558241441580204,0.1278339352308767,1,2,175,17,17,0,0,0,1,reliable,Guarded Scalar
22,2,posterior,78,16,0.35582414415801983,0.12783393523087827,1,2,175,17,17,0,0,0,1,reliable,Guarded Scalar
23,1,local,82,8,0.9275561232764307,0.3548975112913255,1,1,119,8,8,0,0,0,1,reliable,Guarded Scalar
23,2,local,11,3,0.2938186786098192,0.1265555958785695,0,1,53,3,3,0,0,0,1,reliable,Guarded Scalar
23,1,posterior,82,8,0.505183026330002,0.2090052095276152,1,1,119,8,8,0,0,0,1,reliable,Guarded Scalar
23,2,posterior,82,8,0.5051830263300043,0.20900520952761756,1,1,119,8,8,0,0,0,1,reliable,Guarded Scalar
24,1,local,75,5,1.1129899137242472,0.4642592443084889,1,1,76,5,5,0,0,0,1,reliable,Guarded Scalar
24,2,local,15,3,0.05683723823130675,0.02542653830123829,0,1,56,3,3,0,0,0,1,reliable,Guarded Scalar
24,1,posterior,72,5,0.12073130154154824,0.05227423085164948,1,1,76,5,5,0,0,0,1,reliable,Guarded Scalar
24,2,posterior,72,5,0.12073130154154851,0.05227423085164948,1,1,76,5,5,0,0,0,1,reliable,Guarded Scalar
25,1,local,76,14,0.7150989361247027,0.25832630292460423,1,1,142,14,14,0,0,0,1,reliable,Guarded Scalar
25,2,local,13,3,0.011750594718947948,0.005427963527383222,0,1,59,3,3,0,0,0,1,reliable,Guarded Scalar
25,1,posterior,74,14,0.07344707229497158,0.01570279761743494,1,1,142,14,14,0,0,0,1,reliable,Guarded Scalar
25,2,posterior,74,14,0.07344707229497158,0.01570279761743494,1,1,142,14,14,0,0,0,1,reliable,Guarded Scalar
26,1,local,77,34,0.8403245347934725,0.09417606293320452,1,2,317,35,35,0,0,0,1,reliable,Guarded Scalar
26,2,local,13,2,0.002783106133372867,0.001576635981930958,0,1,41,2,2,0,0,0,1,reliable,Guarded Scalar
26,1,posterior,73,34,0.15254369843811838,0.005751002304657708,1,2,317,35,35,0,0,0,1,reliable,Guarded Scalar
26,2,posterior,73,34,0.1525436984381184,0.005751002304657708,1,2,317,35,35,0,0,0,1,reliable,Guarded Scalar
27,1,local,81,58,1.4631705654788527,0.032607189448743794,1,4,688,59,59,0,0,0,1,reliable,Guarded Scalar
27,2,local,7,0,0.0,0.0,0,0,0,0,0,0,0,0,0,reliable,Guarded Scalar
27,1,posterior,80,58,0.2886133215110049,0.0057750687784010775,1,4,688,59,59,0,0,0,1,reliable,Guarded Scalar
27,2,posterior,80,58,0.2886133215110049,0.0057750687784010775,1,4,688,59,59,0,0,0,1,reliable,Guarded Scalar
28,1,local,83,59,1.422688424375259,0.02997932662263148,1,4,746,60,60,0,0,0,1,reliable,Guarded Scalar
28,2,local,9,0,0.0,0.0,0,0,0,0,0,0,0,0,0,reliable,Guarded Scalar
28,1,posterior,80,59,0.2877405456218616,0.005531320296779353,1,4,746,60,60,0,0,0,1,reliable,Guarded Scalar
28,2,posterior,80,59,0.2877405456218616,0.005531320296779353,1,4,746,60,60,0,0,0,1,reliable,Guarded Scalar
29,1,local,86,70,1.7491234373185793,0.030021746454759714,1,5,990,71,71,0,0,0,1,reliable,Guarded Scalar
29,2,local,7,0,0.0,0.0,0,0,0,0,0,0,0,0,0,reliable,Guarded Scalar
29,1,posterior,86,70,0.34812839500276666,0.005535330948474353,1,5,990,71,71,0,0,0,1,reliable,Guarded Scalar
29,2,posterior,86,70,0.34812839500276666,0.005535330948474353,1,5,990,71,71,0,0,0,1,reliable,Guarded Scalar
30,1,local,90,74,1.7062704621468459,0.027862905696550352,1,5,1066,75,75,0,0,0,1,reliable,Guarded Scalar
30,2,local,10,0,0.0,0.0,0,0,0,0,0,0,0,0,0,reliable,Guarded Scalar
30,1,posterior,87,74,0.35303797071534776,0.0053277849599642855,1,5,1066,75,75,0,0,0,1,reliable,Guarded Scalar
30,2,posterior,87,74,0.35303797071534776,0.0053277849599642855,1,5,1066,75,75,0,0,0,1,reliable,Guarded Scalar
31,1,local,95,76,1.6886497518610817,0.026423874453514996,1,5,1143,77,77,0,0,0,1,reliable,Guarded Scalar
31,2,local,8,0,0.0,0.0,0,0,0,0,0,0,0,0,0,reliable,Guarded Scalar
31,1,posterior,95,76,0.35623949470434374,0.00518528637546842,1,5,1143,77,77,0,0,0,1,reliable,Guarded Scalar
31,2,posterior,95,76,0.35623949470434374,0.00518528637546842,1,5,1143,77,77,0,0,0,1,reliable,Guarded Scalar
32,1,local,100,79,1.6888200398307485,0.025207775539061183,1,5,1224,80,80,0,0,0,1,reliable,Guarded Scalar
32,2,local,13,0,0.0,0.0,0,0,0,0,0,0,0,0,0,reliable,Guarded Scalar
32,1,posterior,97,79,0.363231353725833,0.005062027446599978,1,5,1224,80,80,0,0,0,1,reliable,Guarded Scalar
32,2,posterior,97,79,0.363231353725833,0.005062027446599978,1,5,1224,80,80,0,0,0,1,reliable,Guarded Scalar
33,1,local,105,82,1.7610858686309412,0.02515877560383291,1,5,1308,83,83,0,0,0,1,reliable,Guarded Scalar
33,2,local,12,0,0.0,0.0,0,0,0,0,0,0,0,0,0,reliable,Guarded Scalar
33,1,posterior,105,82,0.37805870022725446,0.005057003599021712,1,5,1308,83,83,0,0,0,1,reliable,Guarded Scalar
33,2,posterior,105,82,0.37805870022725446,0.005057003599021712,1,5,1308,83,83,0,0,0,1,reliable,Guarded Scalar
34,1,local,110,86,1.7578239995273548,0.023921617252674474,1,5,1396,87,87,0,0,0,1,reliable,Guarded Scalar
34,2,local,16,0,0.0,0.0,0,0,0,0,0,0,0,0,0,reliable,Guarded Scalar
34,1,posterior,107,86,0.3865156934101588,0.004928609583736214,1,5,1396,87,87,0,0,0,1,reliable,Guarded Scalar
34,2,posterior,107,86,0.3865156934101588,0.004928609583736214,1,5,1396,87,87,0,0,0,1,reliable,Guarded Scalar
35,1,local,115,88,1.6753901181835673,0.022005063995414867,1,5,1485,89,89,0,0,0,1,reliable,Guarded Scalar
35,2,local,16,0,0.0,0.0,0,0,0,0,0,0,0,0,0,reliable,Guarded Scalar
35,1,posterior,115,88,0.3819007308758032,0.004723392845300592,1,5,1485,89,89,0,0,0,1,reliable,Guarded Scalar
35,2,posterior,115,88,0.3819007308758032,0.004723392845300592,1,5,1485,89,89,0,0,0,1,reliable,Guarded Scalar
36,1,local,116,91,1.7124394357044832,0.021650879629265617,1,5,1578,92,92,0,0,0,1,reliable,Guarded Scalar
36,2,local,21,0,0.0,0.0,0,0,0,0,0,0,0,0,0,reliable,Guarded Scalar
36,1,posterior,111,91,0.3927024529403059,0.0046845603716313125,1,5,1578,92,92,0,0,0,1,reliable,Guarded Scalar
36,2,posterior,111,91,0.3927024529403059,0.0046845603716313125,1,5,1578,92,92,0,0,0,1,reliable,Guarded Scalar
37,1,local,117,94,1.8282344982825025,0.02227149236956246,1,5,1674,95,95,0,0,0,1,reliable,Guarded Scalar
37,2,local,16,0,0.0,0.0,0,0,0,0,0,0,0,0,0,reliable,Guarded Scalar
37,1,posterior,115,94,0.4126288890580352,0.004752410109124083,1,5,1674,95,95,0,0,0,1,reliable,Guarded Scalar
37,2,posterior,115,94,0.4126288890580352,0.004752410109124083,1,5,1674,95,95,0,0,0,1,reliable,Guarded Scalar
38,1,local,119,97,1.7326259982114507,0.02037045415797898,1,5,1773,98,98,0,0,0,1,reliable,Guarded Scalar
38,2,local,17,0,0.0,0.0,0,0,0,0,0,0,0,0,0,reliable,Guarded Scalar
38,1,posterior,114,97,0.4079240197893628,0.004541609458890901,1,5,1773,98,98,0,0,0,1,reliable,Guarded Scalar
38,2,posterior,114,97,0.4079240197893628,0.004541609458890901,1,5,1773,98,98,0,0,0,1,reliable,Guarded Scalar
39,1,local,122,99,1.7535676456357776,0.019955332082350695,1,5,1872,100,100,0,0,0,1,reliable,Guarded Scalar
39,2,local,12,0,0.0,0.0,0,0,0,0,0,0,0,0,0,reliable,Guarded Scalar
39,1,posterior,121,99,0.415201168445276,0.004494356587065368,1,5,1872,100,100,0,0,0,1,reliable,Guarded Scalar
39,2,posterior,121,99,0.415201168445276,0.004494356587065368,1,5,1872,100,100,0,0,0,1,reliable,Guarded Scalar
40,1,local,125,102,1.8239356734893535,0.020091320991479988,1,5,1976,103,103,0,0,0,1,reliable,Guarded Scalar
40,2,local,14,0,0.0,0.0,0,0,0,0,0,0,0,0,0,reliable,Guarded Scalar
40,1,posterior,120,102,0.4297658026285651,0.004509886903586017,1,5,1976,103,103,0,0,0,1,reliable,Guarded Scalar
40,2,posterior,120,102,0.4297658026285651,0.004509886903586017,1,5,1976,103,103,0,0,0,1,reliable,Guarded Scalar
41,1,local,128,105,1.692208756267808,0.01808259962539061,1,5,2083,106,106,0,0,0,1,reliable,Guarded Scalar
41,2,local,10,0,0.0,0.0,0,0,0,0,0,0,0,0,0,reliable,Guarded Scalar
41,1,posterior,127,105,0.41966092254355225,0.004275132353674929,1,5,2083,106,106,0,0,0,1,reliable,Guarded Scalar
41,2,posterior,127,105,0.41966092254355225,0.004275132353674929,1,5,2083,106,106,0,0,0,1,reliable,Guarded Scalar
42,1,local,131,108,1.7496083157838154,0.018127264850027556,1,5,2193,109,109,0,0,0,1,reliable,Guarded Scalar
42,2,local,13,0,0.0,0.0,0,0,0,0,0,0,0,0,0,reliable,Guarded Scalar
42,1,posterior,126,108,0.43279733250892505,0.0042804833809659245,1,5,2193,109,109,0,0,0,1,reliable,Guarded Scalar
42,2,posterior,126,108,0.43279733250892505,0.0042804833809659245,1,5,2193,109,109,0,0,0,1,reliable,Guarded Scalar
43,1,local,135,111,1.8326574089534275,0.018435798185272252,1,5,2306,112,112,0,0,0,1,reliable,Guarded Scalar
43,2,local,9,0,0.0,0.0,0,0,0,0,0,0,0,0,0,reliable,Guarded Scalar
43,1,posterior,135,111,0.44914626325403834,0.004317276308430287,1,5,2306,112,112,0,0,0,1,reliable,Guarded Scalar
43,2,posterior,135,111,0.44914626325403834,0.004317276308430287,1,5,2306,112,112,0,0,0,1,reliable,Guarded Scalar
44,1,local,139,115,1.8312029071270617,0.0178317814976602,1,5,2423,116,116,0,0,0,1,reliable,Guarded Scalar
44,2,local,15,0,0.0,0.0,0,0,0,0,0,0,0,0,0,reliable,Guarded Scalar
44,1,posterior,133,115,0.456693619777606,0.004244965794587489,1,5,2423,116,116,0,0,0,1,reliable,Guarded Scalar
44,2,posterior,133,115,0.456693619777606,0.004244965794587489,1,5,2423,116,116,0,0,0,1,reliable,Guarded Scalar
45,1,local,143,117,1.813976298393509,0.01723505078134742,1,5,2541,118,118,0,0,0,1,reliable,Guarded Scalar
45,2,local,8,0,0.0,0.0,0,0,0,0,0,0,0,0,0,reliable,Guarded Scalar
45,1,posterior,143,117,0.45872649842784985,0.004172370650794617,1,5,2541,118,118,0,0,0,1,reliable,Guarded Scalar
45,2,posterior,143,117,0.45872649842784985,0.004172370650794617,1,5,2541,118,118,0,0,0,1,reliable,Guarded Scalar
46,1,local,147,120,1.8184453706950334,0.016809266954124085,1,5,2663,121,121,0,0,0,1,reliable,Guarded Scalar
46,2,local,14,0,0.0,0.0,0,0,0,0,0,0,0,0,0,reliable,Guarded Scalar
46,1,posterior,142,120,0.4651596328066564,0.004119835138096473,1,5,2663,121,121,0,0,0,1,reliable,Guarded Scalar
46,2,posterior,142,120,0.4651596328066564,0.004119835138096473,1,5,2663,121,121,0,0,0,1,reliable,Guarded Scalar
47,1,local,151,123,1.872092863922301,0.016852031204906765,1,5,2788,124,124,0,0,0,1,reliable,Guarded Scalar
47,2,local,11,0,0.0,0.0,0,0,0,0,0,0,0,0,0,reliable,Guarded Scalar
47,1,posterior,151,123,0.477915990901369,0.004125140159427289,1,5,2788,124,124,0,0,0,1,reliable,Guarded Scalar
47,2,posterior,151,123,0.477915990901369,0.004125140159427289,1,5,2788,124,124,0,0,0,1,reliable,Guarded Scalar
48,1,local,155,126,1.7798302425802548,0.01560298055666128,1,5,2916,127,127,0,0,0,1,reliable,Guarded Scalar
48,2,local,13,0,0.0,0.0,0,0,0,0,0,0,0,0,0,reliable,Guarded Scalar
48,1,posterior,150,126,0.471538163039388,0.003967431469721413,1,5,2916,127,127,0,0,0,1,reliable,Guarded Scalar
48,2,posterior,150,126,0.471538163039388,0.003967431469721413,1,5,2916,127,127,0,0,0,1,reliable,Guarded Scalar
49,1,local,159,130,1.8976573485420567,0.016167005290353566,1,5,3048,131,131,0,0,0,1,reliable,Guarded Scalar
49,2,local,8,0,0.0,0.0,0,0,0,0,0,0,0,0,0,reliable,Guarded Scalar
49,1,posterior,159,130,0.4944759845275893,0.004039368980803368,1,5,3048,131,131,0,0,0,1,reliable,Guarded Scalar
49,2,posterior,159,130,0.4944759845275893,0.004039368980803368,1,5,3048,131,131,0,0,0,1,reliable,Guarded Scalar
50,1,local,163,132,1.805426501918662,0.015041416279815843,1,5,3181,133,133,0,0,0,1,reliable,Guarded Scalar
50,2,local,14,0,0.0,0.0,0,0,0,0,0,0,0,0,0,reliable,Guarded Scalar
50,1,posterior,157,132,0.48617059113147276,0.0038945559758007285,1,5,3181,133,133,0,0,0,1,reliable,Guarded Scalar
50,2,posterior,157,132,0.48617059113147276,0.0038945559758007285,1,5,3181,133,133,0,0,0,1,reliable,Guarded Scalar
51,1,local,167,135,1.869321206238756,0.01519376066488023,1,5,3318,136,136,0,0,0,1,reliable,Guarded Scalar
51,2,local,8,0,0.0,0.0,0,0,0,0,0,0,0,0,0,reliable,Guarded Scalar
51,1,posterior,168,135,0.5003943301847233,0.003914453505883432,1,5,3318,136,136,0,0,0,1,reliable,Guarded Scalar
51,2,posterior,168,135,0.5003943301847233,0.003914453505883432,1,5,3318,136,136,0,0,0,1,reliable,Guarded Scalar
52,1,local,171,138,1.844884138345144,0.014640463520850262,1,5,3458,139,139,0,0,0,1,reliable,Guarded Scalar
52,2,local,13,0,0.0,0.0,0,0,0,0,0,0,0,0,0,reliable,Guarded Scalar
52,1,posterior,165,138,0.5025878083183596,0.0038417195401865014,1,5,3458,139,139,0,0,0,1,reliable,Guarded Scalar
52,2,posterior,165,138,0.5025878083183596,0.0038417195401865014,1,5,3458,139,139,0,0,0,1,reliable,Guarded Scalar
53,1,local,160,141,1.8392469638567988,0.01425534363725497,1,5,3601,142,142,0,0,0,1,reliable,Guarded Scalar
53,2,local,7,0,0.0,0.0,0,0,0,0,0,0,0,0,0,reliable,Guarded Scalar
53,1,posterior,160,141,0.5072637765479878,0.0037903092697768015,1,5,3601,142,142,0,0,0,1,reliable,Guarded Scalar
53,2,posterior,160,141,0.5072637765479878,0.0037903092697768015,1,5,3601,142,142,0,0,0,1,reliable,Guarded Scalar
54,1,local,165,144,1.8548623957358144,0.014051326229277494,1,5,3747,145,145,0,0,0,1,reliable,Guarded Scalar
54,2,local,13,0,0.0,0.0,0,0,0,0,0,0,0,0,0,reliable,Guarded Scalar
54,1,posterior,160,144,0.5148643690528203,0.0037628032789787723,1,5,3747,145,145,0,0,0,1,reliable,Guarded Scalar
54,2,posterior,160,144,0.5148643690528203,0.0037628032789787723,1,5,3747,145,145,0,0,0,1,reliable,Guarded Scalar
55,1,local,169,147,1.9120980157777883,0.0141681885770162,1,5,3896,148,148,0,0,0,1,reliable,Guarded Scalar
55,2,local,10,0,0.0,0.0,0,0,0,0,0,0,0,0,0,reliable,Guarded Scalar
55,1,posterior,169,147,0.5282245807312893,0.003778582253464239,1,5,3896,148,148,0,0,0,1,reliable,Guarded Scalar
55,2,posterior,169,147,0.5282245807312893,0.003778582253464239,1,5,3896,148,148,0,0,0,1,reliable,Guarded Scalar
56,1,local,173,150,1.8970238274578262,0.013751174413788808,1,5,4048,151,151,0,0,0,1,reliable,Guarded Scalar
56,2,local,15,0,0.0,0.0,0,0,0,0,0,0,0,0,0,reliable,Guarded Scalar
56,1,posterior,168,150,0.5314838601106152,0.0037219835472220844,1,5,4048,151,151,0,0,0,1,reliable,Guarded Scalar
56,2,posterior,168,150,0.5314838601106152,0.0037219835472220844,1,5,4048,151,151,0,0,0,1,reliable,Guarded Scalar
57,1,local,176,153,1.834052032910444,0.013011836033088035,1,5,4203,154,154,0,0,0,1,reliable,Guarded Scalar
57,2,local,10,0,0.0,0.0,0,0,0,0,0,0,0,0,0,reliable,Guarded Scalar
57,1,posterior,175,153,0.5277308834382426,0.003619559897782755,1,5,4203,154,154,0,0,0,1,reliable,Guarded Scalar
57,2,posterior,175,153,0.5277308834382426,0.003619559897782755,1,5,4203,154,154,0,0,0,1,reliable,Guarded Scalar
58,1,local,180,156,1.9019125687605516,0.013212206994112387,1,5,4361,157,157,0,0,0,1,reliable,Guarded Scalar
58,2,local,13,0,0.0,0.0,0,0,0,0,0,0,0,0,0,reliable,Guarded Scalar
58,1,posterior,177,156,0.5427379468658529,0.0036475901292143866,1,5,4361,157,157,0,0,0,1,reliable,Guarded Scalar
58,2,posterior,177,156,0.5427379468658529,0.0036475901292143866,1,5,4361,157,157,0,0,0,1,reliable,Guarded Scalar
59,1,local,184,159,1.8373548009477871,0.012503753662268913,1,5,4522,160,160,0,0,0,1,reliable,Guarded Scalar
59,2,local,14,0,0.0,0.0,0,0,0,0,0,0,0,0,0,reliable,Guarded Scalar
59,1,posterior,184,159,0.5384843332710794,0.0035475319933061245,1,5,4522,160,160,0,0,0,1,reliable,Guarded Scalar
59,2,posterior,184,159,0.5384843332710794,0.0035475319933061245,1,5,4522,160,160,0,0,0,1,reliable,Guarded Scalar
60,1,local,188,162,1.862637923679977,0.012425032819052577,1,5,4686,163,163,0,0,0,1,reliable,Guarded Scalar
60,2,local,16,0,0.0,0.0,0,0,0,0,0,0,0,0,0,reliable,Guarded Scalar
60,1,posterior,187,162,0.5473157672755328,0.0035362462309173792,1,5,4686,163,163,0,0,0,1,reliable,Guarded Scalar
60,2,posterior,187,162,0.5473157672755328,0.0035362462309173792,1,5,4686,163,163,0,0,0,1,reliable,Guarded Scalar
61,1,local,185,165,1.8438452850891935,0.012056302647828154,1,5,4853,166,166,0,0,0,1,reliable,Guarded Scalar
61,2,local,16,0,0.0,0.0,0,0,0,0,0,0,0,0,0,reliable,Guarded Scalar
61,1,posterior,185,165,0.5495665690511753,0.003482915818373048,1,5,4853,166,166,0,0,0,1,reliable,Guarded Scalar
61,2,posterior,185,165,0.5495665690511753,0.003482915818373048,1,5,4853,166,166,0,0,0,1,reliable,Guarded Scalar
62,1,local,188,168,1.8143677590802567,0.01163513301319763,1,5,5023,169,169,0,0,0,1,reliable,Guarded Scalar
62,2,local,18,0,0.0,0.0,0,0,0,0,0,0,0,0,0,reliable,Guarded Scalar
62,1,posterior,189,168,0.5500773269558475,0.0034210230776600104,1,5,5023,169,169,0,0,0,1,reliable,Guarded Scalar
62,2,posterior,189,168,0.5500773269558475,0.0034210230776600104,1,5,5023,169,169,0,0,0,1,reliable,Guarded Scalar
63,1,local,192,171,1.8855236189748563,0.011862659684706005,1,5,5196,172,172,0,0,0,1,reliable,Guarded Scalar
63,2,local,17,0,0.0,0.0,0,0,0,0,0,0,0,0,0,reliable,Guarded Scalar
63,1,posterior,194,171,0.5658480034116339,0.003454591726575861,1,5,5196,172,172,0,0,0,1,reliable,Guarded Scalar
63,2,posterior,194,171,0.5658480034116339,0.003454591726575861,1,5,5196,172,172,0,0,0,1,reliable,Guarded Scalar
64,1,local,195,174,1.8336526948691791,0.011326575995713607,1,5,5372,175,175,0,0,0,1,reliable,Guarded Scalar
64,2,local,22,0,0.0,0.0,0,0,0,0,0,0,0,0,0,reliable,Guarded Scalar
64,1,posterior,201,174,0.5628299455825809,0.003374985650871485,1,5,5372,175,175,0,0,0,1,reliable,Guarded Scalar
64,2,posterior,201,174,0.5628299455825809,0.003374985650871485,1,5,5372,175,175,0,0,0,1,reliable,Guarded Scalar
65,1,local,202,176,1.8591615498589042,0.011288467184586431,1,5,5548,177,177,0,0,0,1,reliable,Guarded Scalar
65,2,local,25,0,0.0,0.0,0,0,0,0,0,0,0,0,0,reliable,Guarded Scalar
65,1,posterior,205,176,0.5704897029699922,0.0033692576468273305,1,5,5548,177,177,0,0,0,1,reliable,Guarded Scalar
65,2,posterior,205,176,0.5704897029699922,0.0033692576468273305,1,5,5548,177,177,0,0,0,1,reliable,Guarded Scalar
66,1,local,207,179,1.9349150065000926,0.011544838043117454,1,5,5729,180,180,0,0,0,1,reliable,Guarded Scalar
66,2,local,25,0,0.0,0.0,0,0,0,0,0,0,0,0,0,reliable,Guarded Scalar
66,1,posterior,211,179,0.5868747327245514,0.0034076129238830694,1,5,5729,180,180,0,0,0,1,reliable,Guarded Scalar
66,2,posterior,211,179,0.5868747327245514,0.0034076129238830694,1,5,5729,180,180,0,0,0,1,reliable,Guarded Scalar
67,1,local,210,182,1.8961219903510085,0.011122376640947028,1,5,5913,183,183,0,0,0,1,reliable,Guarded Scalar
67,2,local,23,0,0.0,0.0,0,0,0,0,0,0,0,0,0,reliable,Guarded Scalar
67,1,posterior,215,182,0.5856507785954371,0.003344182623418595,1,5,5913,183,183,0,0,0,1,reliable,Guarded Scalar
67,2,posterior,215,182,0.5856507785954371,0.003344182623418595,1,5,5913,183,183,0,0,0,1,reliable,Guarded Scalar
68,1,local,212,184,1.919810992111595,0.011083201022706358,1,5,6097,185,185,0,0,0,1,reliable,Guarded Scalar
68,2,local,26,0,0.0,0.0,0,0,0,0,0,0,0,0,0,reliable,Guarded Scalar
68,1,posterior,220,184,0.5929630292250071,0.003338241705978553,1,5,6097,185,185,0,0,0,1,reliable,Guarded Scalar
68,2,posterior,220,184,0.5929630292250071,0.003338241705978553,1,5,6097,185,185,0,0,0,1,reliable,Guarded Scalar
69,1,local,221,187,1.913172082638392,0.01087255066377582,1,5,6286,188,188,0,0,0,1,reliable,Guarded Scalar
69,2,local,28,0,0.0,0.0,0,0,0,0,0,0,0,0,0,reliable,Guarded Scalar
69,1,posterior,226,187,0.5965245568785821,0.0033061202093591525,1,5,6286,188,188,0,0,0,1,reliable,Guarded Scalar
69,2,posterior,226,187,0.5965245568785821,0.0033061202093591525,1,5,6286,188,188,0,0,0,1,reliable,Guarded Scalar
70,1,local,221,190,1.9309140641180742,0.010800943487343971,1,5,6478,191,191,0,0,0,1,reliable,Guarded Scalar
70,2,local,31,0,0.0,0.0,0,0,0,0,0,0,0,0,0,reliable,Guarded Scalar
70,1,posterior,229,190,0.6039473002737983,0.0032951321415602714,1,5,6478,191,191,0,0,0,1,reliable,Guarded Scalar
70,2,posterior,229,190,0.6039473002737983,0.0032951321415602714,1,5,6478,191,191,0,0,0,1,reliable,Guarded Scalar
71,1,local,226,193,1.9342361853319903,0.010654964304205409,1,5,6673,194,194,0,0,0,1,reliable,Guarded Scalar
71,2,local,34,0,0.0,0.0,0,0,0,0,0,0,0,0,0,reliable,Guarded Scalar
71,1,posterior,237,193,0.6091132367028473,0.0032726213088112724,1,5,6673,194,194,0,0,0,1,reliable,Guarded Scalar
71,2,posterior,237,193,0.6091132367028473,0.0032726213088112724,1,5,6673,194,194,0,0,0,1,reliable,Guarded Scalar
72,1,local,233,196,1.9769249456337736,0.010721462445387697,1,5,6871,197,197,0,0,0,1,reliable,Guarded Scalar
72,2,local,39,0,0.0,0.0,0,0,0,0,0,0,0,0,0,reliable,Guarded Scalar
72,1,posterior,240,196,0.6205712547950392,0.0032828942132279056,1,5,6871,197,197,0,0,0,1,reliable,Guarded Scalar
72,2,posterior,240,196,0.6205712547950392,0.0032828942132279056,1,5,6871,197,197,0,0,0,1,reliable,Guarded Scalar
73,1,local,234,199,1.8576985260525232,0.009925149016195574,1,5,7072,200,200,0,0,0,1,reliable,Guarded Scalar
73,2,local,40,0,0.0,0.0,0,0,0,0,0,0,0,0,0,reliable,Guarded Scalar
73,1,posterior,246,199,0.6059979392754995,0.003157753278267729,1,5,7072,200,200,0,0,0,1,reliable,Guarded Scalar
73,2,posterior,246,199,0.6059979392754995,0.003157753278267729,1,5,7072,200,200,0,0,0,1,reliable,Guarded Scalar
74,1,local,240,203,1.9128632697640815,0.010057874794954251,1,5,7278,204,204,0,0,0,1,reliable,Guarded Scalar
74,2,local,41,0,0.0,0.0,0,0,0,0,0,0,0,0,0,reliable,Guarded Scalar
74,1,posterior,252,203,0.6204823749205117,0.003178942477622953,1,5,7278,204,204,0,0,0,1,reliable,Guarded Scalar
74,2,posterior,252,203,0.6204823749205117,0.003178942477622953,1,5,7278,204,204,0,0,0,1,reliable,Guarded Scalar
75,1,local,244,206,1.8723272630244767,0.009696587864513157,1,5,7485,207,207,0,0,0,1,reliable,Guarded Scalar
75,2,local,45,0,0.0,0.0,0,0,0,0,0,0,0,0,0,reliable,Guarded Scalar
75,1,posterior,258,206,0.6183767468529827,0.0031209374266408982,1,5,7485,207,207,0,0,0,1,reliable,Guarded Scalar
75,2,posterior,258,206,0.6183767468529827,0.0031209374266408982,1,5,7485,207,207,0,0,0,1,reliable,Guarded Scalar
76,1,local,250,210,1.8524061219345052,0.009436646314468314,1,5,7698,211,211,0,0,0,1,reliable,Guarded Scalar
76,2,local,47,0,0.0,0.0,0,0,0,0,0,0,0,0,0,reliable,Guarded Scalar
76,1,posterior,261,210,0.6206328788108113,0.0030785478468165857,1,5,7698,211,211,0,0,0,1,reliable,Guarded Scalar
76,2,posterior,261,210,0.6206328788108113,0.0030785478468165857,1,5,7698,211,211,0,0,0,1,reliable,Guarded Scalar
77,1,local,252,214,1.8297345066927857,0.009170442095145524,1,5,7915,215,215,0,0,0,1,reliable,Guarded Scalar
77,2,local,28,0,0.0,0.0,0,0,0,0,0,0,0,0,0,reliable,Guarded Scalar
77,1,posterior,248,214,0.6223850822808017,0.0030345411237813597,1,5,7915,215,215,0,0,0,1,reliable,Guarded Scalar
77,2,posterior,248,214,0.6223850822808017,0.0030345411237813597,1,5,7915,215,215,0,0,0,1,reliable,Guarded Scalar
78,1,local,253,218,1.8131696255503214,0.008936286665050204,1,5,8136,219,219,0,0,0,1,reliable,Guarded Scalar
78,2,local,29,0,0.0,0.0,0,0,0,0,0,0,0,0,0,reliable,Guarded Scalar
78,1,posterior,246,218,0.625206814564226,0.0029953130194747867,1,5,8136,219,219,0,0,0,1,reliable,Guarded Scalar
78,2,posterior,246,218,0.625206814564226,0.0029953130194747867,1,5,8136,219,219,0,0,0,1,reliable,Guarded Scalar
79,1,local,253,221,1.8149622070520766,0.008793820005996671,1,5,8357,222,222,0,0,0,1,reliable,Guarded Scalar
79,2,local,26,0,0.0,0.0,0,0,0,0,0,0,0,0,0,reliable,Guarded Scalar
79,1,posterior,245,221,0.6305284066993265,0.002971199034417314,1,5,8357,222,222,0,0,0,1,reliable,Guarded Scalar
79,2,posterior,245,221,0.6305284066993265,0.002971199034417314,1,5,8357,222,222,0,0,0,1,reliable,Guarded Scalar
80,1,local,251,223,1.7250421291801905,0.008241980772562971,1,5,8580,224,224,0,0,0,1,reliable,Guarded Scalar
80,2,local,18,0,0.0,0.0,0,0,0,0,0,0,0,0,0,reliable,Guarded Scalar
80,1,posterior,248,223,0.6177866510451115,0.0028759371502307908,1,5,8580,224,224,0,0,0,1,reliable,Guarded Scalar
80,2,posterior,248,223,0.6177866510451115,0.0028759371502307908,1,5,8580,224,224,0,0,0,1,reliable,Guarded Scalar
81,1,local,256,225,1.819454442006074,0.008567284903574793,1,5,8805,226,226,0,0,0,1,reliable,Guarded Scalar
81,2,local,16,0,0.0,0.0,0,0,0,0,0,0,0,0,0,reliable,Guarded Scalar
81,1,posterior,253,225,0.6379424243087538,0.002932458107021326,1,5,8805,226,226,0,0,0,1,reliable,Guarded Scalar
81,2,posterior,253,225,0.6379424243087538,0.002932458107021326,1,5,8805,226,226,0,0,0,1,reliable,Guarded Scalar
82,1,local,259,228,1.8090982125794481,0.008392218799698372,1,5,9034,229,229,0,0,0,1,reliable,Guarded Scalar
82,2,local,17,0,0.0,0.0,0,0,0,0,0,0,0,0,0,reliable,Guarded Scalar
82,1,posterior,255,228,0.6403355274083776,0.0029021740950085128,1,5,9034,229,229,0,0,0,1,reliable,Guarded Scalar
82,2,posterior,255,228,0.6403355274083776,0.0029021740950085128,1,5,9034,229,229,0,0,0,1,reliable,Guarded Scalar
83,1,local,263,231,1.824500264298492,0.00834195197961524,1,5,9266,232,232,0,0,0,1,reliable,Guarded Scalar
83,2,local,15,0,0.0,0.0,0,0,0,0,0,0,0,0,0,reliable,Guarded Scalar
83,1,posterior,263,231,0.6472503926213158,0.002893421536871194,1,5,9266,232,232,0,0,0,1,reliable,Guarded Scalar
83,2,posterior,263,231,0.6472503926213158,0.002893421536871194,1,5,9266,232,232,0,0,0,1,reliable,Guarded Scalar
84,1,local,263,234,1.830069457263371,0.008254587636175488,1,5,9501,235,235,0,0,0,1,reliable,Guarded Scalar
84,2,local,20,0,0.0,0.0,0,0,0,0,0,0,0,0,0,reliable,Guarded Scalar
84,1,posterior,258,234,0.6523381984765654,0.0028781477266230826,1,5,9501,235,235,0,0,0,1,reliable,Guarded Scalar
84,2,posterior,258,234,0.6523381984765654,0.0028781477266230826,1,5,9501,235,235,0,0,0,1,reliable,Guarded Scalar
85,1,local,261,237,1.9388834530056969,0.00863179176026673,1,5,9739,238,238,0,0,0,1,reliable,Guarded Scalar
85,2,local,16,0,0.0,0.0,0,0,0,0,0,0,0,0,0,reliable,Guarded Scalar
85,1,posterior,259,237,0.6757744105305076,0.002943540332384418,1,5,9739,238,238,0,0,0,1,reliable,Guarded Scalar
85,2,posterior,259,237,0.6757744105305076,0.002943540332384418,1,5,9739,238,238,0,0,0,1,reliable,Guarded Scalar
86,1,local,264,240,1.8720375177954949,0.008226401658275649,1,5,9980,241,241,0,0,0,1,reliable,Guarded Scalar
86,2,local,17,0,0.0,0.0,0,0,0,0,0,0,0,0,0,reliable,Guarded Scalar
86,1,posterior,261,240,0.6681332191310124,0.0028732031063285323,1,5,9980,241,241,0,0,0,1,reliable,Guarded Scalar
86,2,posterior,261,240,0.6681332191310124,0.0028732031063285323,1,5,9980,241,241,0,0,0,1,reliable,Guarded Scalar
87,1,local,267,243,1.747386924935893,0.007579808880597671,1,5,10224,244,244,0,0,0,1,reliable,Guarded Scalar
87,2,local,16,0,0.0,0.0,0,0,0,0,0,0,0,0,0,reliable,Guarded Scalar
87,1,posterior,264,243,0.649441996698046,0.0027573977133824186,1,5,10224,244,244,0,0,0,1,reliable,Guarded Scalar
87,2,posterior,264,243,0.649441996698046,0.0027573977133824186,1,5,10224,244,244,0,0,0,1,reliable,Guarded Scalar
88,1,local,270,246,1.7421882761968883,0.0074639087150983816,1,5,10471,247,247,0,0,0,1,reliable,Guarded Scalar
88,2,local,16,0,0.0,0.0,0,0,0,0,0,0,0,0,0,reliable,Guarded Scalar
88,1,posterior,267,246,0.652449274721455,0.0027361338886639076,1,5,10471,247,247,0,0,0,1,reliable,Guarded Scalar
88,2,posterior,267,246,0.652449274721455,0.0027361338886639076,1,5,10471,247,247,0,0,0,1,reliable,Guarded Scalar
89,1,local,270,249,0.8661229576541506,0.003990921329319559,2,5,10717,250,250,0,0,0,1,reliable,Guarded Scalar
89,2,local,17,0,0.0,0.0,0,0,0,0,0,0,0,0,0,reliable,Guarded Scalar
89,1,posterior,266,249,0.4627594823697384,0.0019987261127784664,2,5,10717,250,250,0,0,0,1,reliable,Guarded Scalar
89,2,posterior,266,249,0.4627594823697384,0.0019987261127784664,2,5,10717,250,250,0,0,0,1,reliable,Guarded Scalar
90,1,local,268,247,0.8732722017083713,0.0038365749245594647,1,5,10960,248,248,0,0,0,1,reliable,Guarded Scalar
90,2,local,15,0,0.0,0.0,0,0,0,0,0,0,0,0,0,reliable,Guarded Scalar
90,1,posterior,266,247,0.46289136656780583,0.0019596202314812313,1,5,10960,248,248,0,0,0,1,reliable,Guarded Scalar
90,2,posterior,266,247,0.46289136656780583,0.0019596202314812313,1,5,10960,248,248,0,0,0,1,reliable,Guarded Scalar
91,1,local,267,246,0.9737799523416892,0.00418706554783473,1,5,11202,247,247,0,0,0,1,reliable,Guarded Scalar
91,2,local,18,0,0.0,0.0,0,0,0,0,0,0,0,0,0,reliable,Guarded Scalar
91,1,posterior,262,246,0.48830811749001807,0.00204735516187821,1,5,11202,247,247,0,0,0,1,reliable,Guarded Scalar
91,2,posterior,262,246,0.48830811749001807,0.00204735516187821,1,5,11202,247,247,0,0,0,1,reliable,Guarded Scalar
92,1,local,269,244,1.1534366774119467,0.004894678374849438,0,5,11445,245,245,0,0,0,1,reliable,Guarded Scalar
92,2,local,16,0,0.0,0.0,0,0,0,0,0,0,0,0,0,reliable,Guarded Scalar
92,1,posterior,266,244,0.5301998964487045,0.0022140234035923044,0,5,11445,245,245,0,0,0,1,reliable,Guarded Scalar
92,2,posterior,266,244,0.5301998964487045,0.0022140234035923044,0,5,11445,245,245,0,0,0,1,reliable,Guarded Scalar
93,1,local,272,243,1.3105737387052727,0.005527381289681617,0,5,11683,244,244,0,0,0,1,reliable,Guarded Scalar
93,2,local,18,0,0.0,0.0,0,0,0,0,0,0,0,0,0,reliable,Guarded Scalar
93,1,posterior,270,243,0.564638104066909,0.002353192037983518,0,5,11683,244,244,0,0,0,1,reliable,Guarded Scalar
93,2,posterior,270,243,0.564638104066909,0.002353192037983518,0,5,11683,244,244,0,0,0,1,reliable,Guarded Scalar
94,1,local,271,250,0.9368113405209588,0.0038948768515636735,2,5,11939,251,251,0,0,0,1,reliable,Guarded Scalar
94,2,local,19,0,0.0,0.0,0,0,0,0,0,0,0,0,0,reliable,Guarded Scalar
94,1,posterior,269,250,0.48319816237424684,0.0019744820050015895,2,5,11939,251,251,0,0,0,1,reliable,Guarded Scalar
94,2,posterior,269,250,0.48319816237424684,0.0019744820050015895,2,5,11939,251,251,0,0,0,1,reliable,Guarded Scalar
95,1,local,274,245,1.2457107468371285,0.005152125722386314,0,5,12178,246,246,0,0,0,1,reliable,Guarded Scalar
95,2,local,19,0,0.0,0.0,0,0,0,0,0,0,0,0,0,reliable,Guarded Scalar
95,1,posterior,270,245,0.5527244053534939,0.0022716658513687944,0,5,12178,246,246,0,0,0,1,reliable,Guarded Scalar
95,2,posterior,270,245,0.5527244053534939,0.0022716658513687944,0,5,12178,246,246,0,0,0,1,reliable,Guarded Scalar
96,1,local,277,244,1.4321680048325252,0.007552332153393944,1,5,12412,245,245,0,0,0,1,reliable,Guarded Scalar
96,2,local,18,0,0.0,0.0,0,0,0,0,0,0,0,0,0,reliable,Guarded Scalar
96,1,posterior,272,244,0.5917024901796466,0.0027523711787807844,1,5,12412,245,245,0,0,0,1,reliable,Guarded Scalar
96,2,posterior,272,244,0.5917024901796466,0.0027523711787807844,1,5,12412,245,245,0,0,0,1,reliable,Guarded Scalar
97,1,local,275,253,0.9425350737593925,0.004005174932858648,2,5,12687,254,254,0,0,0,1,reliable,Guarded Scalar
97,2,local,18,0,0.0,0.0,0,0,0,0,0,0,0,0,0,reliable,Guarded Scalar
97,1,posterior,271,253,0.48724395113480184,0.0020022993220251374,2,5,12687,254,254,0,0,0,1,reliable,Guarded Scalar
97,2,posterior,271,253,0.48724395113480184,0.0020022993220251374,2,5,12687,254,254,0,0,0,1,reliable,Guarded Scalar
98,1,local,277,251,1.3168113028511637,0.0053685186629244515,0,5,12937,252,252,0,0,0,1,reliable,Guarded Scalar
98,2,local,18,0,0.0,0.0,0,0,0,0,0,0,0,0,0,reliable,Guarded Scalar
98,1,posterior,274,251,0.5746510212058478,0.0023190231304407263,0,5,12937,252,252,0,0,0,1,reliable,Guarded Scalar
98,2,posterior,274,251,0.5746510212058478,0.0023190231304407263,0,5,12937,252,252,0,0,0,1,reliable,Guarded Scalar
99,1,local,280,247,1.5570389423623838,0.007064852488084365,1,5,13161,248,248,0,0,0,1,reliable,Guarded Scalar
99,2,local,18,0,0.0,0.0,0,0,0,0,0,0,0,0,0,reliable,Guarded Scalar
99,1,posterior,277,247,0.6207343597876388,0.00266164960748514,1,5,13161,248,248,0,0,0,1,reliable,Guarded Scalar
99,2,posterior,277,247,0.6207343597876388,0.00266164960748514,1,5,13161,248,248,0,0,0,1,reliable,Guarded Scalar
100,1,local,285,247,1.6798429635823697,0.007033831619102694,1,5,13394,248,248,0,0,0,1,reliable,Guarded Scalar
100,2,local,15,0,0.0,0.0,0,0,0,0,0,0,0,0,0,reliable,Guarded Scalar
100,1,posterior,283,247,0.644796301539094,0.0026557738578569918,1,5,13394,248,248,0,0,0,1,reliable,Guarded Scalar
100,2,posterior,283,247,0.644796301539094,0.0026557738578569918,1,5,13394,248,248,0,0,0,1,reliable,Guarded Scalar
101,1,local,289,250,1.7601378375197259,0.007188473452685767,1,5,13647,251,251,0,0,0,1,reliable,Guarded Scalar
101,2,local,18,0,0.0,0.0,0,0,0,0,0,0,0,0,0,reliable,Guarded Scalar
101,1,posterior,284,250,0.663516085793562,0.002684939872383433,1,5,13647,251,251,0,0,0,1,reliable,Guarded Scalar
101,2,posterior,284,250,0.663516085793562,0.002684939872383433,1,5,13647,251,251,0,0,0,1,reliable,Guarded Scalar
102,1,local,290,265,0.9106659567206804,0.004107632665479692,2,5,13980,266,266,0,0,0,1,reliable,Guarded Scalar
102,2,local,14,0,0.0,0.0,0,0,0,0,0,0,0,0,0,reliable,Guarded Scalar
102,1,posterior,288,265,0.48973700028100137,0.002027800830362202,2,5,13980,266,266,0,0,0,1,reliable,Guarded Scalar
102,2,posterior,288,265,0.48973700028100137,0.002027800830362202,2,5,13980,266,266,0,0,0,1,reliable,Guarded Scalar
103,1,local,292,264,1.5552413599615351,0.0061753247144651436,0,5,14244,265,265,0,0,0,1,reliable,Guarded Scalar
103,2,local,18,0,0.0,0.0,0,0,0,0,0,0,0,0,0,reliable,Guarded Scalar
103,1,posterior,287,264,0.6394324160473965,0.00248777154437267,0,5,14244,265,265,0,0,0,1,reliable,Guarded Scalar
103,2,posterior,287,264,0.6394324160473965,0.00248777154437267,0,5,14244,265,265,0,0,0,1,reliable,Guarded Scalar
104,1,local,295,261,1.5707965230297887,0.006198895641893828,1,5,14496,262,262,0,0,0,1,reliable,Guarded Scalar
104,2,local,12,0,0.0,0.0,0,0,0,0,0,0,0,0,0,reliable,Guarded Scalar
104,1,posterior,294,261,0.6401026004055819,0.0024925325385092086,1,5,14496,262,262,0,0,0,1,reliable,Guarded Scalar
104,2,posterior,294,261,0.6401026004055819,0.0024925325385092086,1,5,14496,262,262,0,0,0,1,reliable,Guarded Scalar
105,1,local,299,270,1.004646325502106,0.004648532947314993,2,5,14779,271,271,0,0,0,1,reliable,Guarded Scalar
105,2,local,16,0,0.0,0.0,0,0,0,0,0,0,0,0,0,reliable,Guarded Scalar
105,1,posterior,295,270,0.5192154491850586,0.002157490954265596,2,5,14779,271,271,0,0,0,1,reliable,Guarded Scalar
105,2,posterior,295,270,0.5192154491850586,0.002157490954265596,2,5,14779,271,271,0,0,0,1,reliable,Guarded Scalar
106,1,local,295,265,0.9241802274834502,0.0041753040569794675,1,5,15033,266,266,0,0,0,1,reliable,Guarded Scalar
106,2,local,15,0,0.0,0.0,0,0,0,0,0,0,0,0,0,reliable,Guarded Scalar
106,1,posterior,293,265,0.49413126954071557,0.002044471457805358,1,5,15033,266,266,0,0,0,1,reliable,Guarded Scalar
106,2,posterior,293,265,0.49413126954071557,0.002044471457805358,1,5,15033,266,266,0,0,0,1,reliable,Guarded Scalar
107,1,local,286,264,1.2344632107398854,0.004823772628864603,0,5,15297,265,265,0,0,0,1,reliable,Guarded Scalar
107,2,local,14,0,0.0,0.0,0,0,0,0,0,0,0,0,0,reliable,Guarded Scalar
107,1,posterior,284,264,0.5706525482665123,0.0021978856507524906,0,5,15297,265,265,0,0,0,1,reliable,Guarded Scalar
107,2,posterior,284,264,0.5706525482665123,0.0021978856507524906,0,5,15297,265,265,0,0,0,1,reliable,Guarded Scalar
108,1,local,288,263,1.3254841232648469,0.005154981098791685,0,5,15558,264,264,0,0,0,1,reliable,Guarded Scalar
108,2,local,14,0,0.0,0.0,0,0,0,0,0,0,0,0,0,reliable,Guarded Scalar
108,1,posterior,286,263,0.5906395314851015,0.002272297081174697,0,5,15558,264,264,0,0,0,1,reliable,Guarded Scalar
108,2,posterior,286,263,0.5906395314851015,0.002272297081174697,0,5,15558,264,264,0,0,0,1,reliable,Guarded Scalar
109,1,local,290,262,1.6399391068119682,0.007027247439897159,1,5,15805,263,263,0,0,0,1,reliable,Guarded Scalar
109,2,local,14,0,0.0,0.0,0,0,0,0,0,0,0,0,0,reliable,Guarded Scalar
109,1,posterior,287,262,0.6560356377147458,0.002654525090753492,1,5,15805,263,263,0,0,0,1,reliable,Guarded Scalar
109,2,posterior,287,262,0.6560356377147458,0.002654525090753492,1,5,15805,263,263,0,0,0,1,reliable,Guarded Scalar
110,1,local,293,262,1.7575777454956534,0.006800151142728561,1,5,16057,263,263,0,0,0,1,reliable,Guarded Scalar
110,2,local,11,0,0.0,0.0,0,0,0,0,0,0,0,0,0,reliable,Guarded Scalar
110,1,posterior,292,262,0.6792618178020055,0.002611095455479513,1,5,16057,263,263,0,0,0,1,reliable,Guarded Scalar
110,2,posterior,292,262,0.6792618178020055,0.002611095455479513,1,5,16057,263,263,0,0,0,1,reliable,Guarded Scalar
111,1,local,297,272,1.7902100053972683,0.006767667075538681,1,5,16346,273,273,0,0,0,1,reliable,Guarded Scalar
111,2,local,15,0,0.0,0.0,0,0,0,0,0,0,0,0,0,reliable,Guarded Scalar
111,1,posterior,292,272,0.6968837084200511,0.0026048252159421503,1,5,16346,273,273,0,0,0,1,reliable,Guarded Scalar
111,2,posterior,292,272,0.6968837084200511,0.0026048252159421503,1,5,16346,273,273,0,0,0,1,reliable,Guarded Scalar
112,1,local,301,276,1.6637628155432433,0.006415907045884671,1,5,16632,277,277,0,0,0,1,reliable,Guarded Scalar
112,2,local,12,0,0.0,0.0,0,0,0,0,0,0,0,0,0,reliable,Guarded Scalar
112,1,posterior,299,276,0.6761185225891848,0.00253595313388571,1,5,16632,277,277,0,0,0,1,reliable,Guarded Scalar
112,2,posterior,299,276,0.6761185225891848,0.00253595313388571,1,5,16632,277,277,0,0,0,1,reliable,Guarded Scalar
113,1,local,304,280,1.734689070446348,0.006910933744710278,1,5,16929,281,281,0,0,0,1,reliable,Guarded Scalar
113,2,local,17,0,0.0,0.0,0,0,0,0,0,0,0,0,0,reliable,Guarded Scalar
113,1,posterior,300,280,0.6953747752219072,0.002632369133042958,1,5,16929,281,281,0,0,0,1,reliable,Guarded Scalar
113,2,posterior,300,280,0.6953747752219072,0.002632369133042958,1,5,16929,281,281,0,0,0,1,reliable,Guarded Scalar
114,1,local,304,284,1.748753449847735,0.006946595327781744,1,5,17225,285,285,0,0,0,1,reliable,Guarded Scalar
114,2,local,18,0,0.0,0.0,0,0,0,0,0,0,0,0,0,reliable,Guarded Scalar
114,1,posterior,308,284,0.702991439147488,0.002639181488488947,1,5,17225,285,285,0,0,0,1,reliable,Guarded Scalar
114,2,posterior,308,284,0.702991439147488,0.002639181488488947,1,5,17225,285,285,0,0,0,1,reliable,Guarded Scalar
115,1,local,306,286,1.7307430188756217,0.006621451162864251,1,5,17511,287,287,0,0,0,1,reliable,Guarded Scalar
115,2,local,23,0,0.0,0.0,0,0,0,0,0,0,0,0,0,reliable,Guarded Scalar
115,1,posterior,310,286,0.7017636251220621,0.0025764166067989034,1,5,17511,287,287,0,0,0,1,reliable,Guarded Scalar
115,2,posterior,310,286,0.7017636251220621,0.0025764166067989034,1,5,17511,287,287,0,0,0,1,reliable,Guarded Scalar
116,1,local,309,289,1.6366920476045674,0.0060694012568973,1,5,17801,290,290,0,0,0,1,reliable,Guarded Scalar
116,2,local,23,0,0.0,0.0,0,0,0,0,0,0,0,0,0,reliable,Guarded Scalar
116,1,posterior,316,289,0.6858155935517883,0.002466265015239613,1,5,17801,290,290,0,0,0,1,reliable,Guarded Scalar
116,2,posterior,316,289,0.6858155935517883,0.002466265015239613,1,5,17801,290,290,0,0,0,1,reliable,Guarded Scalar
117,1,local,314,292,1.7339024372121066,0.006441657602309305,1,5,18093,293,293,0,0,0,1,reliable,Guarded Scalar
117,2,local,22,0,0.0,0.0,0,0,0,0,0,0,0,0,0,reliable,Guarded Scalar
117,1,posterior,313,292,0.7097572568761044,0.0025410570497717065,1,5,18093,293,293,0,0,0,1,reliable,Guarded Scalar
117,2,posterior,313,292,0.7097572568761044,0.0025410570497717065,1,5,18093,293,293,0,0,0,1,reliable,Guarded Scalar
118,1,local,318,296,0.8874876546908508,0.003965443562247596,2,5,18399,297,297,0,0,0,1,reliable,Guarded Scalar
118,2,local,20,0,0.0,0.0,0,0,0,0,0,0,0,0,0,reliable,Guarded Scalar
118,1,posterior,318,296,0.51119011600363,0.001992323333554707,2,5,18399,297,297,0,0,0,1,reliable,Guarded Scalar
118,2,posterior,318,296,0.51119011600363,0.001992323333554707,2,5,18399,297,297,0,0,0,1,reliable,Guarded Scalar
119,1,local,316,292,0.8741934366330286,0.003771705862138867,1,5,18684,293,293,0,0,0,1,reliable,Guarded Scalar
119,2,local,23,0,0.0,0.0,0,0,0,0,0,0,0,0,0,reliable,Guarded Scalar
119,1,posterior,312,292,0.5042786833075399,0.0019429521003061165,1,5,18684,293,293,0,0,0,1,reliable,Guarded Scalar
119,2,posterior,312,292,0.5042786833075399,0.0019429521003061165,1,5,18684,293,293,0,0,0,1,reliable,Guarded Scalar
120,1,local,314,290,1.3042551891072718,0.004937535958776078,0,5,18973,291,291,0,0,0,1,reliable,Guarded Scalar
120,2,local,21,0,0.0,0.0,0,0,0,0,0,0,0,0,0,reliable,Guarded Scalar
120,1,posterior,313,290,0.6146275636364873,0.0022237214960653304,0,5,18973,291,291,0,0,0,1,reliable,Guarded Scalar
120,2,posterior,313,290,0.6146275636364873,0.0022237214960653304,0,5,18973,291,291,0,0,0,1,reliable,Guarded Scalar
121,1,local,318,290,1.429887374623263,0.005292026215762555,0,5,19263,291,291,0,0,0,1,reliable,Guarded Scalar
121,2,local,23,0,0.0,0.0,0,0,0,0,0,0,0,0,0,reliable,Guarded Scalar
121,1,posterior,315,290,0.6440814332361134,0.0023023925981948577,0,5,19263,291,291,0,0,0,1,reliable,Guarded Scalar
121,2,posterior,315,290,0.6440814332361134,0.0023023925981948577,0,5,19263,291,291,0,0,0,1,reliable,Guarded Scalar
122,1,local,321,0,0.0,0.0,0,0,0,0,0,0,0,0,0,reliable,Guarded Scalar
122,2,local,19,0,0.0,0.0,0,0,0,0,0,0,0,0,0,reliable,Guarded Scalar
122,1,posterior,318,0,0.0,0.0,0,0,0,0,0,0,0,0,0,reliable,Guarded Scalar
122,2,posterior,318,0,0.0,0.0,0,0,0,0,0,0,0,0,0,reliable,Guarded Scalar
123,1,local,321,12,0.050836258428363895,0.009316354897017803,1,0,129,13,13,0,0,0,1,reliable,Guarded Scalar
123,2,local,314,0,0.0,0.0,0,0,0,0,0,0,0,0,0,reliable,Guarded Scalar
123,1,posterior,316,1,0.003058738448918177,0.003058738448918177,1,0,0,1,1,0,0,0,1,reliable,Guarded Scalar
123,2,posterior,316,1,0.003058738448918177,0.003058738448918177,1,0,0,1,1,0,0,0,1,reliable,Guarded Scalar
124,1,local,319,7,0.04449517906502515,0.013111272621918905,2,0,12,8,8,0,0,0,1,reliable,Guarded Scalar
124,2,local,312,0,0.0,0.0,0,0,0,0,0,0,0,0,0,reliable,Guarded Scalar
124,1,posterior,317,3,0.007312461613243925,0.0027913514979137862,1,0,3,4,4,0,0,0,1,reliable,Guarded Scalar
124,2,posterior,317,3,0.007312461613243925,0.0027913514979137862,1,0,3,4,4,0,0,0,1,reliable,Guarded Scalar
125,1,local,312,1,0.001917905484793117,0.001917905484793117,1,0,0,1,1,0,0,0,1,reliable,Guarded Scalar
125,2,local,307,0,0.0,0.0,0,0,0,0,0,0,0,0,0,reliable,Guarded Scalar
125,1,posterior,306,1,0.001384987376201923,0.001384987376201923,1,0,0,1,1,0,0,0,1,reliable,Guarded Scalar
125,2,posterior,306,1,0.001384987376201923,0.001384987376201923,1,0,0,1,1,0,0,0,1,reliable,Guarded Scalar
126,1,local,314,4,0.022035841128587842,0.011446508448769889,2,0,2,5,5,0,0,0,1,reliable,Guarded Scalar
126,2,local,303,0,0.0,0.0,0,0,0,0,0,0,0,0,0,reliable,Guarded Scalar
126,1,posterior,313,3,0.006226714544300235,0.0033929514061263643,1,0,2,4,4,0,0,0,1,reliable,Guarded Scalar
126,2,posterior,313,3,0.006226714544300235,0.0033929514061263643,1,0,2,4,4,0,0,0,1,reliable,Guarded Scalar
127,1,local,30,9,0.0491979733505892,0.011051448725335821,3,0,21,11,11,0,0,0,1,reliable,Guarded Scalar
127,2,local,14,0,0.0,0.0,0,0,0,0,0,0,0,0,0,reliable,Guarded Scalar
127,1,posterior,28,8,0.01828277522286163,0.0033334190221075,2,0,21,10,10,0,0,0,1,reliable,Guarded Scalar
127,2,posterior,28,8,0.01828277522286163,0.0033334190221075,2,0,21,10,10,0,0,0,1,reliable,Guarded Scalar
128,1,local,34,9,0.1250411202744861,0.021905155009605985,1,0,29,11,11,0,0,0,1,reliable,Guarded Scalar
128,2,local,15,0,0.0,0.0,0,0,0,0,0,0,0,0,0,reliable,Guarded Scalar
128,1,posterior,32,9,0.03332783305235145,0.004712468926759356,1,0,29,11,11,0,0,0,1,reliable,Guarded Scalar
128,2,posterior,32,9,0.03332783305235145,0.004712468926759356,1,0,29,11,11,0,0,0,1,reliable,Guarded Scalar
129,1,local,40,14,0.222208287015907,0.04150987614827665,3,0,41,17,17,0,0,0,1,reliable,Guarded Scalar
129,2,local,17,0,0.0,0.0,0,0,0,0,0,0,0,0,0,reliable,Guarded Scalar
129,1,posterior,37,14,0.05383291155722516,0.006541074109017571,3,0,41,17,17,0,0,0,1,reliable,Guarded Scalar
129,2,posterior,37,14,0.05383291155722516,0.006541074109017571,3,0,41,17,17,0,0,0,1,reliable,Guarded Scalar
130,1,local,44,15,0.4386386423802288,0.06633476135469081,1,0,55,18,18,0,0,0,1,reliable,Guarded Scalar
130,2,local,15,0,0.0,0.0,0,0,0,0,0,0,0,0,0,reliable,Guarded Scalar
130,1,posterior,39,15,0.07948791512336104,0.008362672948856236,1,0,55,18,18,0,0,0,1,reliable,Guarded Scalar
130,2,posterior,39,15,0.07948791512336104,0.008362672948856236,1,0,55,18,18,0,0,0,1,reliable,Guarded Scalar
131,1,local,50,16,0.7189171762515302,0.09822474013375312,1,0,70,19,19,0,0,0,1,reliable,Guarded Scalar
131,2,local,15,0,0.0,0.0,0,0,0,0,0,0,0,0,0,reliable,Guarded Scalar
131,1,posterior,47,16,0.10596422362680395,0.010333970212963351,1,0,70,19,19,0,0,0,1,reliable,Guarded Scalar
131,2,posterior,47,16,0.10596422362680395,0.010333970212963351,1,0,70,19,19,0,0,0,1,reliable,Guarded Scalar
132,1,local,56,19,0.8756943975869532,0.09702384742771933,1,0,89,22,22,0,0,0,1,reliable,Guarded Scalar
132,2,local,16,2,0.0020633140948618693,0.0010325705137456335,0,0,25,2,2,0,0,0,1,reliable,Guarded Scalar
132,1,posterior,52,19,0.11505130271760068,0.008583736471553242,1,0,89,22,22,0,0,0,1,reliable,Guarded Scalar
132,2,posterior,52,19,0.11505130271760074,0.008583736471553242,1,0,89,22,22,0,0,0,1,reliable,Guarded Scalar
133,1,local,59,23,0.8820639514213258,0.07801274101650853,1,0,112,26,26,0,0,0,1,reliable,Guarded Scalar
133,2,local,17,0,0.0,0.0,0,0,0,0,0,0,0,0,0,reliable,Guarded Scalar
133,1,posterior,57,23,0.14066638856047417,0.009119246552531457,1,0,112,26,26,0,0,0,1,reliable,Guarded Scalar
133,2,posterior,57,23,0.14066638856047417,0.009119246552531457,1,0,112,26,26,0,0,0,1,reliable,Guarded Scalar
134,1,local,55,21,0.7640707089012165,0.059876344340758926,1,0,123,24,24,0,0,0,1,reliable,Guarded Scalar
134,2,local,13,0,0.0,0.0,0,0,0,0,0,0,0,0,0,reliable,Guarded Scalar
134,1,posterior,52,21,0.12568419178241727,0.007921337423260491,1,0,123,24,24,0,0,0,1,reliable,Guarded Scalar
134,2,posterior,52,21,0.12568419178241727,0.007921337423260491,1,0,123,24,24,0,0,0,1,reliable,Guarded Scalar
135,1,local,61,31,0.5452547888811629,0.047168269830715835,3,0,165,34,34,0,0,0,1,reliable,Guarded Scalar
135,2,local,17,0,0.0,0.0,0,0,0,0,0,0,0,0,0,reliable,Guarded Scalar
135,1,posterior,57,30,0.12206261516555801,0.006990168933774841,3,0,164,33,33,0,0,0,1,reliable,Guarded Scalar
135,2,posterior,57,30,0.12206261516555801,0.006990168933774841,3,0,164,33,33,0,0,0,1,reliable,Guarded Scalar
136,1,local,65,30,0.6354146529624355,0.040556050197246736,1,0,193,33,33,0,0,0,1,reliable,Guarded Scalar
136,2,local,16,0,0.0,0.0,0,0,0,0,0,0,0,0,0,reliable,Guarded Scalar
136,1,posterior,61,30,0.13509186594864764,0.006462780688704342,1,0,193,33,33,0,0,0,1,reliable,Guarded Scalar
136,2,posterior,61,30,0.13509186594864764,0.006462780688704342,1,0,193,33,33,0,0,0,1,reliable,Guarded Scalar
137,1,local,59,33,0.5644081981748498,0.03905152780599843,2,0,225,36,36,0,0,0,1,reliable,Guarded Scalar
137,2,local,14,0,0.0,0.0,0,0,0,0,0,0,0,0,0,reliable,Guarded Scalar
137,1,posterior,57,33,0.1309423212100442,0.00633760364982258,2,0,225,36,36,0,0,0,1,reliable,Guarded Scalar
137,2,posterior,57,33,0.1309423212100442,0.00633760364982258,2,0,225,36,36,0,0,0,1,reliable,Guarded Scalar
138,1,local,62,34,0.897799705332573,0.04900751153107575,1,0,258,37,37,0,0,0,1,reliable,Guarded Scalar
138,2,local,18,0,0.0,0.0,0,0,0,0,0,0,0,0,0,reliable,Guarded Scalar
138,1,posterior,59,34,0.17099651346657868,0.007131025311493642,1,0,258,37,37,0,0,0,1,reliable,Guarded Scalar
138,2,posterior,59,34,0.17099651346657868,0.007131025311493642,1,0,258,37,37,0,0,0,1,reliable,Guarded Scalar
139,1,local,66,38,0.6621618443937006,0.03339330298987155,2,0,295,41,41,0,0,0,1,reliable,Guarded Scalar
139,2,local,53,21,0.05185147867020953,0.0032823351116748356,0,0,237,24,24,0,0,0,1,reliable,Guarded Scalar
139,1,posterior,62,33,0.14679363729295045,0.006507687466353672,2,0,287,36,36,0,0,0,1,reliable,Guarded Scalar
139,2,posterior,62,33,0.14679363729295045,0.006507687466353672,2,0,287,36,36,0,0,0,1,reliable,Guarded Scalar
140,1,local,67,30,0.796945227528099,0.0378008635798501,1,0,301,33,33,0,0,0,1,reliable,Guarded Scalar
140,2,local,57,15,0.02481492270114421,0.002269123791986757,0,0,184,18,18,0,0,0,1,reliable,Guarded Scalar
140,1,posterior,67,26,0.15606624241510764,0.008066831992799105,1,0,281,29,29,0,0,0,1,reliable,Guarded Scalar
140,2,posterior,67,26,0.15606624241510708,0.008066831992799105,1,0,281,29,29,0,0,0,1,reliable,Guarded Scalar
141,1,local,73,28,1.040657185218021,0.05319624671196411,1,0,309,31,31,0,0,0,1,reliable,Guarded Scalar
141,2,local,54,0,0.0,0.0,0,0,0,0,0,0,0,0,0,reliable,Guarded Scalar
141,1,posterior,70,13,0.08482398445616632,0.010019734506296644,1,0,135,14,14,0,0,0,1,reliable,Guarded Scalar
141,2,posterior,70,13,0.08482398445616618,0.010019734506296504,1,0,135,14,14,0,0,0,1,reliable,Guarded Scalar
142,1,local,79,40,0.578816085459305,0.024474741606124267,2,0,379,45,45,0,0,0,1,reliable,Guarded Scalar
142,2,local,57,0,0.0,0.0,0,0,0,0,0,0,0,0,0,reliable,Guarded Scalar
142,1,posterior,75,22,0.07678583182270468,0.005418860038800412,1,0,219,25,25,0,0,0,1,reliable,Guarded Scalar
142,2,posterior,75,22,0.07678583182270453,0.005418860038800412,1,0,219,25,25,0,0,0,1,reliable,Guarded Scalar
143,1,local,83,47,0.5794007618379294,0.023466719976091257,2,0,454,53,55,2,2,1,2,reliable,Guarded Scalar
143,2,local,17,0,0.0,0.0,0,0,0,0,0,0,0,0,0,reliable,Guarded Scalar
143,1,posterior,79,45,0.15256630595133847,0.004880621298375693,1,0,453,50,52,2,2,1,2,reliable,Guarded Scalar
143,2,posterior,79,45,0.15256630595133847,0.004880621298375693,1,0,453,50,52,2,2,1,2,reliable,Guarded Scalar
144,1,local,88,46,0.949181532899547,0.033345469127189026,1,0,498,51,53,2,2,1,2,reliable,Guarded Scalar
144,2,local,19,0,0.0,0.0,0,0,0,0,0,0,0,0,0,reliable,Guarded Scalar
144,1,posterior,85,46,0.20463407357340418,0.005841918228163996,1,0,498,51,53,2,2,1,2,reliable,Guarded Scalar
144,2,posterior,85,46,0.20463407357340418,0.005841918228163996,1,0,498,51,53,2,2,1,2,reliable,Guarded Scalar
145,1,local,94,47,1.1527177253712475,0.03590935517814219,1,0,544,52,54,2,2,1,2,reliable,Guarded Scalar
145,2,local,18,0,0.0,0.0,0,0,0,0,0,0,0,0,0,reliable,Guarded Scalar
145,1,posterior,88,47,0.23046707509862036,0.0060690169942044505,1,0,544,52,54,2,2,1,2,reliable,Guarded Scalar
145,2,posterior,88,47,0.23046707509862036,0.0060690169942044505,1,0,544,52,54,2,2,1,2,reliable,Guarded Scalar
146,1,local,100,47,1.2295874845037846,0.0354835468548059,1,0,579,53,55,2,2,1,2,reliable,Guarded Scalar
146,2,local,14,0,0.0,0.0,0,0,0,0,0,0,0,0,0,reliable,Guarded Scalar
146,1,posterior,97,47,0.23902761093877012,0.006031820779134644,1,0,579,53,55,2,2,1,2,reliable,Guarded Scalar
146,2,posterior,97,47,0.23902761093877012,0.006031820779134644,1,0,579,53,55,2,2,1,2,reliable,Guarded Scalar
147,1,local,106,57,0.8473549174547419,0.027921529606751927,2,0,664,64,66,2,2,1,2,reliable,Guarded Scalar
147,2,local,70,2,0.003905501290379966,0.0026868613278630423,0,0,26,2,2,0,0,0,1,reliable,Guarded Scalar
147,1,posterior,101,48,0.19877572226900656,0.005554093399106163,2,0,621,55,57,2,2,1,2,reliable,Guarded Scalar
147,2,posterior,101,48,0.19877572226900703,0.005554093399106163,2,0,621,55,57,2,2,1,2,reliable,Guarded Scalar
148,1,local,112,51,1.1416149131056788,0.033759654405030155,1,0,669,58,60,2,2,1,2,reliable,Guarded Scalar
148,2,local,75,0,0.0,0.0,0,0,0,0,0,0,0,0,0,reliable,Guarded Scalar
148,1,posterior,108,20,0.1163455109188,0.00835123973046378,1,0,232,22,22,0,0,0,1,reliable,Guarded Scalar
148,2,posterior,108,20,0.11634551091879997,0.008351239730463896,1,0,232,22,22,0,0,0,1,reliable,Guarded Scalar
149,1,local,117,27,0.6127215214986285,0.03247575013267503,2,0,328,30,30,0,0,0,1,reliable,Guarded Scalar
149,2,local,78,0,0.0,0.0,0,0,0,0,0,0,0,0,0,reliable,Guarded Scalar
149,1,posterior,112,5,0.01828052061974314,0.0052869399253946256,1,0,23,6,6,0,0,0,1,reliable,Guarded Scalar
149,2,posterior,112,5,0.01828052061974314,0.0052869399253946256,1,0,23,6,6,0,0,0,1,reliable,Guarded Scalar
150,1,local,122,27,0.5737418906604876,0.047539036361032724,2,0,247,32,32,0,0,0,1,reliable,Guarded Scalar
150,2,local,59,0,0.0,0.0,0,0,0,0,0,0,0,0,0,reliable,Guarded Scalar
150,1,posterior,119,22,0.08742822411250026,0.007018752001221771,2,0,151,27,27,0,0,0,1,reliable,Guarded Scalar
150,2,posterior,119,22,0.08742822411250026,0.007018752001221771,2,0,151,27,27,0,0,0,1,reliable,Guarded Scalar
151,1,local,129,35,0.7953742687031957,0.07686129195639294,2,0,291,41,41,0,0,0,1,reliable,Guarded Scalar
151,2,local,25,0,0.0,0.0,0,0,0,0,0,0,0,0,0,reliable,Guarded Scalar
151,1,posterior,127,35,0.15956375533219214,0.00904671268674179,2,0,291,41,41,0,0,0,1,reliable,Guarded Scalar
151,2,posterior,127,35,0.15956375533219214,0.00904671268674179,2,0,291,41,41,0,0,0,1,reliable,Guarded Scalar
152,1,local,137,41,0.7750129249175577,0.05400091060809337,1,0,409,47,47,0,0,0,1,reliable,Guarded Scalar
152,2,local,31,0,0.0,0.0,0,0,0,0,0,0,0,0,0,reliable,Guarded Scalar
152,1,posterior,133,41,0.17349247209841107,0.007502428945189571,1,0,409,47,47,0,0,0,1,reliable,Guarded Scalar
152,2,posterior,133,41,0.17349247209841107,0.007502428945189571,1,0,409,47,47,0,0,0,1,reliable,Guarded Scalar
153,1,local,141,53,1.0768142087935764,0.051222250095943625,1,0,640,60,60,0,0,0,1,reliable,Guarded Scalar
153,2,local,30,0,0.0,0.0,0,0,0,0,0,0,0,0,0,reliable,Guarded Scalar
153,1,posterior,132,53,0.23476260372408828,0.007297655935698184,1,0,640,60,60,0,0,0,1,reliable,Guarded Scalar
153,2,posterior,132,53,0.23476260372408828,0.007297655935698184,1,0,640,60,60,0,0,0,1,reliable,Guarded Scalar
154,1,local,141,76,0.9756348763841978,0.04509805298454246,2,0,1115,86,88,2,2,1,2,reliable,Guarded Scalar
154,2,local,97,2,0.002088245046955338,0.0010830966233360505,0,0,30,3,3,0,0,0,1,reliable,Guarded Scalar
154,1,posterior,133,67,0.22187982548633736,0.006199363964114195,2,0,954,75,75,0,0,0,1,reliable,Guarded Scalar
154,2,posterior,133,67,0.22187982548633764,0.006199363964114195,2,0,954,75,75,0,0,0,1,reliable,Guarded Scalar
155,1,local,143,79,0.7747160723358861,0.03317785223097049,1,0,1205,89,91,2,2,1,2,reliable,Guarded Scalar
155,2,local,23,0,0.0,0.0,0,0,0,0,0,0,0,0,0,reliable,Guarded Scalar
155,1,posterior,135,79,0.2371358163951853,0.005826800466350409,1,0,1205,89,91,2,2,1,2,reliable,Guarded Scalar
155,2,posterior,135,79,0.2371358163951853,0.005826800466350409,1,0,1205,89,91,2,2,1,2,reliable,Guarded Scalar
156,1,local,146,79,1.076518393501368,0.02680439356046535,1,0,1270,89,91,2,2,1,2,reliable,Guarded Scalar
156,2,local,21,0,0.0,0.0,0,0,0,0,0,0,0,0,0,reliable,Guarded Scalar
156,1,posterior,142,79,0.2873346816765231,0.0052233097308826675,1,0,1270,89,91,2,2,1,2,reliable,Guarded Scalar
156,2,posterior,142,79,0.2873346816765231,0.0052233097308826675,1,0,1270,89,91,2,2,1,2,reliable,Guarded Scalar
157,1,local,152,84,0.8991138639340497,0.01890779628192313,2,0,1367,95,97,2,2,1,2,reliable,Guarded Scalar
157,2,local,25,0,0.0,0.0,0,0,0,0,0,0,0,0,0,reliable,Guarded Scalar
157,1,posterior,147,84,0.2681033896202527,0.004372999889896926,2,0,1367,95,97,2,2,1,2,reliable,Guarded Scalar
157,2,posterior,147,84,0.2681033896202527,0.004372999889896926,2,0,1367,95,97,2,2,1,2,reliable,Guarded Scalar
158,1,local,126,83,1.0712954875010636,0.018976374000054516,0,0,1450,94,96,2,2,1,2,reliable,Guarded Scalar
158,2,local,28,0,0.0,0.0,0,0,0,0,0,0,0,0,0,reliable,Guarded Scalar
158,1,posterior,121,83,0.29552183333431853,0.004381040785517501,0,0,1450,94,96,2,2,1,2,reliable,Guarded Scalar
158,2,posterior,121,83,0.29552183333431853,0.004381040785517501,0,0,1450,94,96,2,2,1,2,reliable,Guarded Scalar
159,1,local,128,88,0.980371986197352,0.015346008249629003,2,0,1538,99,101,2,2,1,2,reliable,Guarded Scalar
159,2,local,24,0,0.0,0.0,0,0,0,0,0,0,0,0,0,reliable,Guarded Scalar
159,1,posterior,126,88,0.28755600902881995,0.003934242782724982,2,0,1538,99,101,2,2,1,2,reliable,Guarded Scalar
159,2,posterior,126,88,0.28755600902881995,0.003934242782724982,2,0,1538,99,101,2,2,1,2,reliable,Guarded Scalar
160,1,local,131,89,0.9325574946626105,0.013773044431892352,1,0,1626,100,102,2,2,1,2,reliable,Guarded Scalar
160,2,local,20,0,0.0,0.0,0,0,0,0,0,0,0,0,0,reliable,Guarded Scalar
160,1,posterior,126,89,0.2822842141244554,0.003724972239483972,1,0,1626,100,102,2,2,1,2,reliable,Guarded Scalar
160,2,posterior,126,89,0.2822842141244554,0.003724972239483972,1,0,1626,100,102,2,2,1,2,reliable,Guarded Scalar
161,1,local,135,89,1.046182313713424,0.014860875428489944,0,0,1715,100,102,2,2,1,2,reliable,Guarded Scalar
161,2,local,18,0,0.0,0.0,0,0,0,0,0,0,0,0,0,reliable,Guarded Scalar
161,1,posterior,131,89,0.30185890621441724,0.003870849787157702,0,0,1715,100,102,2,2,1,2,reliable,Guarded Scalar
161,2,posterior,131,89,0.30185890621441724,0.003870849787157702,0,0,1715,100,102,2,2,1,2,reliable,Guarded Scalar
162,1,local,132,86,1.0904076864973613,0.015275978728851015,0,0,1796,97,99,2,2,1,2,reliable,Guarded Scalar
162,2,local,23,0,0.0,0.0,0,0,0,0,0,0,0,0,0,reliable,Guarded Scalar
162,1,posterior,126,86,0.3061687803412076,0.00392515206120226,0,0,1796,97,99,2,2,1,2,reliable,Guarded Scalar
162,2,posterior,126,86,0.3061687803412076,0.00392515206120226,0,0,1796,97,99,2,2,1,2,reliable,Guarded Scalar
163,1,local,134,97,0.9041860032408531,0.011341132885707967,2,0,1903,108,110,2,2,1,2,reliable,Guarded Scalar
163,2,local,22,0,0.0,0.0,0,0,0,0,0,0,0,0,0,reliable,Guarded Scalar
163,1,posterior,130,97,0.29009967347386306,0.0033771711728915414,2,0,1903,108,110,2,2,1,2,reliable,Guarded Scalar
163,2,posterior,130,97,0.29009967347386306,0.0033771711728915414,2,0,1903,108,110,2,2,1,2,reliable,Guarded Scalar
164,1,local,137,94,1.0270015127943704,0.012529195002893487,0,0,1990,105,107,2,2,1,2,reliable,Guarded Scalar
164,2,local,21,0,0.0,0.0,0,0,0,0,0,0,0,0,0,reliable,Guarded Scalar
164,1,posterior,131,94,0.30830244153617853,0.0035511720076942615,0,0,1990,105,107,2,2,1,2,reliable,Guarded Scalar
164,2,posterior,131,94,0.30830244153617853,0.0035511720076942615,0,0,1990,105,107,2,2,1,2,reliable,Guarded Scalar
165,1,local,141,86,1.1632619743769785,0.014524970609333266,1,0,2047,97,99,2,2,1,2,reliable,Guarded Scalar
165,2,local,20,0,0.0,0.0,0,0,0,0,0,0,0,0,0,reliable,Guarded Scalar
165,1,posterior,137,86,0.31734133032206474,0.003826371344782346,1,0,2047,97,99,2,2,1,2,reliable,Guarded Scalar
165,2,posterior,137,86,0.31734133032206474,0.003826371344782346,1,0,2047,97,99,2,2,1,2,reliable,Guarded Scalar
166,1,local,145,105,0.916456275959081,0.011538768538701005,2,0,2204,116,118,2,2,1,2,reliable,Guarded Scalar
166,2,local,18,0,0.0,0.0,0,0,0,0,0,0,0,0,0,reliable,Guarded Scalar
166,1,posterior,141,105,0.3031750093512089,0.00340670968687142,2,0,2204,116,118,2,2,1,2,reliable,Guarded Scalar
166,2,posterior,141,105,0.3031750093512089,0.00340670968687142,2,0,2204,116,118,2,2,1,2,reliable,Guarded Scalar
167,1,local,148,106,0.9393926844502098,0.011575419341036102,1,0,2309,117,119,2,2,1,2,reliable,Guarded Scalar
167,2,local,20,0,0.0,0.0,0,0,0,0,0,0,0,0,0,reliable,Guarded Scalar
167,1,posterior,145,106,0.3082079860676647,0.003412160392366869,1,0,2309,117,119,2,2,1,2,reliable,Guarded Scalar
167,2,posterior,145,106,0.3082079860676647,0.003412160392366869,1,0,2309,117,119,2,2,1,2,reliable,Guarded Scalar
168,1,local,148,107,0.915848915405106,0.010619975279298248,1,0,2415,118,120,2,2,1,2,reliable,Guarded Scalar
168,2,local,21,0,0.0,0.0,0,0,0,0,0,0,0,0,0,reliable,Guarded Scalar
168,1,posterior,143,107,0.3070906384690423,0.0032672035206197884,1,0,2415,118,120,2,2,1,2,reliable,Guarded Scalar
168,2,posterior,143,107,0.3070906384690423,0.0032672035206197884,1,0,2415,118,120,2,2,1,2,reliable,Guarded Scalar
169,1,local,149,108,0.9716175187322275,0.010697371574940929,1,0,2522,119,121,2,2,1,2,reliable,Guarded Scalar
169,2,local,19,0,0.0,0.0,0,0,0,0,0,0,0,0,0,reliable,Guarded Scalar
169,1,posterior,149,108,0.31896394952203216,0.0032791761520146634,1,0,2522,119,121,2,2,1,2,reliable,Guarded Scalar
169,2,posterior,149,108,0.31896394952203216,0.0032791761520146634,1,0,2522,119,121,2,2,1,2,reliable,Guarded Scalar
170,1,local,151,109,0.935379570197404,0.009909826298823775,1,0,2630,120,122,2,2,1,2,reliable,Guarded Scalar
170,2,local,21,0,0.0,0.0,0,0,0,0,0,0,0,0,0,reliable,Guarded Scalar
170,1,posterior,149,109,0.31536189163677847,0.0031552981787300173,1,0,2630,120,122,2,2,1,2,reliable,Guarded Scalar
170,2,posterior,149,109,0.31536189163677847,0.0031552981787300173,1,0,2630,120,122,2,2,1,2,reliable,Guarded Scalar
171,1,local,151,110,0.9468699495606171,0.009745154550745993,1,0,2739,121,123,2,2,1,2,reliable,Guarded Scalar
171,2,local,20,0,0.0,0.0,0,0,0,0,0,0,0,0,0,reliable,Guarded Scalar
171,1,posterior,155,110,0.3195221478081377,0.0031287955448371257,1,0,2739,121,123,2,2,1,2,reliable,Guarded Scalar
171,2,posterior,155,110,0.3195221478081377,0.0031287955448371257,1,0,2739,121,123,2,2,1,2,reliable,Guarded Scalar
172,1,local,155,110,1.0111223766023605,0.010190815812020268,0,0,2849,121,123,2,2,1,2,reliable,Guarded Scalar
172,2,local,21,0,0.0,0.0,0,0,0,0,0,0,0,0,0,reliable,Guarded Scalar
172,1,posterior,149,108,0.32811629468150993,0.00320002969774493,0,0,2846,119,121,2,2,1,2,reliable,Guarded Scalar
172,2,posterior,149,108,0.32811629468150993,0.00320002969774493,0,0,2846,119,121,2,2,1,2,reliable,Guarded Scalar
173,1,local,158,108,1.0833446777034843,0.010673255666633493,1,0,2950,119,121,2,2,1,2,reliable,Guarded Scalar
173,2,local,26,0,0.0,0.0,0,0,0,0,0,0,0,0,0,reliable,Guarded Scalar
173,1,posterior,156,106,0.3367234312298332,0.0032754501394263134,1,0,2939,117,119,2,2,1,2,reliable,Guarded Scalar
173,2,posterior,156,106,0.3367234312298332,0.0032754501394263134,1,0,2939,117,119,2,2,1,2,reliable,Guarded Scalar
174,1,local,136,115,0.9562428441103571,0.009247659797631863,2,0,3067,127,129,2,2,1,2,reliable,Guarded Scalar
174,2,local,27,0,0.0,0.0,0,0,0,0,0,0,0,0,0,reliable,Guarded Scalar
174,1,posterior,122,108,0.3172304853421461,0.00304736972261407,0,0,3053,119,121,2,2,1,2,reliable,Guarded Scalar
174,2,posterior,122,108,0.3172304853421461,0.00304736972261407,0,0,3053,119,121,2,2,1,2,reliable,Guarded Scalar
175,1,local,128,109,0.922829926100193,0.009069717980925578,1,0,3161,120,122,2,2,1,2,reliable,Guarded Scalar
175,2,local,21,0,0.0,0.0,0,0,0,0,0,0,0,0,0,reliable,Guarded Scalar
175,1,posterior,121,106,0.31021639561037107,0.003017727589084442,1,0,3149,118,120,2,2,1,2,reliable,Guarded Scalar
175,2,posterior,121,106,0.31021639561037107,0.003017727589084442,1,0,3149,118,120,2,2,1,2,reliable,Guarded Scalar
176,1,local,125,106,0.8832069364909859,0.008665854185226902,1,0,3254,117,119,2,2,1,2,reliable,Guarded Scalar
176,2,local,18,0,0.0,0.0,0,0,0,0,0,0,0,0,0,reliable,Guarded Scalar
176,1,posterior,119,105,0.3039299637726247,0.002949375860924215,0,0,3254,116,118,2,2,1,2,reliable,Guarded Scalar
176,2,posterior,119,105,0.3039299637726247,0.002949375860924215,0,0,3254,116,118,2,2,1,2,reliable,Guarded Scalar
177,1,local,128,107,0.9106445489679443,0.008801902824962956,1,0,3360,119,121,2,2,1,2,reliable,Guarded Scalar
177,2,local,17,0,0.0,0.0,0,0,0,0,0,0,0,0,0,reliable,Guarded Scalar
177,1,posterior,124,107,0.31190696053524486,0.0029725722319961915,1,0,3360,119,121,2,2,1,2,reliable,Guarded Scalar
177,2,posterior,124,107,0.31190696053524486,0.0029725722319961915,1,0,3360,119,121,2,2,1,2,reliable,Guarded Scalar
178,1,local,128,108,0.9276577581043562,0.008871721024716945,1,0,3467,120,122,2,2,1,2,reliable,Guarded Scalar
178,2,local,17,0,0.0,0.0,0,0,0,0,0,0,0,0,0,reliable,Guarded Scalar
178,1,posterior,122,108,0.3158030364124764,0.002984408103540079,1,0,3467,120,122,2,2,1,2,reliable,Guarded Scalar
178,2,posterior,122,108,0.3158030364124764,0.002984408103540079,1,0,3467,120,122,2,2,1,2,reliable,Guarded Scalar
179,1,local,128,109,0.8473035410463079,0.00804643844285265,1,0,3575,121,123,2,2,1,2,reliable,Guarded Scalar
179,2,local,16,0,0.0,0.0,0,0,0,0,0,0,0,0,0,reliable,Guarded Scalar
179,1,posterior,123,108,0.30068926989678946,0.0028414345446236416,0,0,3575,120,122,2,2,1,2,reliable,Guarded Scalar
179,2,posterior,123,108,0.30068926989678946,0.0028414345446236416,0,0,3575,120,122,2,2,1,2,reliable,Guarded Scalar
180,1,local,128,109,0.9305645869982806,0.008809987999393115,1,0,3683,121,123,2,2,1,2,reliable,Guarded Scalar
180,2,local,16,0,0.0,0.0,0,0,0,0,0,0,0,0,0,reliable,Guarded Scalar
180,1,posterior,123,109,0.3173483099697818,0.0029739452121248892,1,0,3683,121,123,2,2,1,2,reliable,Guarded Scalar
180,2,posterior,123,109,0.3173483099697818,0.0029739452121248892,1,0,3683,121,123,2,2,1,2,reliable,Guarded Scalar
181,1,local,133,110,0.9667032156184315,0.009115114178726864,1,0,3792,122,124,2,2,1,2,reliable,Guarded Scalar
181,2,local,17,0,0.0,0.0,0,0,0,0,0,0,0,0,0,reliable,Guarded Scalar
181,1,posterior,133,110,0.32475791703468526,0.003025316671327128,1,0,3792,122,124,2,2,1,2,reliable,Guarded Scalar
181,2,posterior,133,110,0.32475791703468526,0.003025316671327128,1,0,3792,122,124,2,2,1,2,reliable,Guarded Scalar
182,1,local,135,111,0.9428833140050404,0.008853587525170275,1,0,3902,123,125,2,2,1,2,reliable,Guarded Scalar
182,2,local,22,0,0.0,0.0,0,0,0,0,0,0,0,0,0,reliable,Guarded Scalar
182,1,posterior,128,111,0.32195205737306637,0.0029813384347808294,1,0,3902,123,125,2,2,1,2,reliable,Guarded Scalar
182,2,posterior,128,111,0.32195205737306637,0.0029813384347808294,1,0,3902,123,125,2,2,1,2,reliable,Guarded Scalar
183,1,local,138,109,1.0423705607315557,0.009828523226364756,0,0,4010,121,123,2,2,1,2,reliable,Guarded Scalar
183,2,local,15,0,0.0,0.0,0,0,0,0,0,0,0,0,0,reliable,Guarded Scalar
183,1,posterior,135,109,0.33691191297188444,0.0031422401828160073,0,0,4010,121,123,2,2,1,2,reliable,Guarded Scalar
183,2,posterior,135,109,0.33691191297188444,0.0031422401828160073,0,0,4010,121,123,2,2,1,2,reliable,Guarded Scalar
184,1,local,142,113,0.922366379793209,0.008556239342666876,2,0,4122,125,127,2,2,1,2,reliable,Guarded Scalar
184,2,local,22,0,0.0,0.0,0,0,0,0,0,0,0,0,0,reliable,Guarded Scalar
184,1,posterior,139,113,0.3210986318051016,0.0029305563940576432,2,0,4122,125,127,2,2,1,2,reliable,Guarded Scalar
184,2,posterior,139,113,0.3210986318051016,0.0029305563940576432,2,0,4122,125,127,2,2,1,2,reliable,Guarded Scalar
185,1,local,135,112,0.9108221165755835,0.008454753899624821,1,0,4231,124,126,2,2,1,2,reliable,Guarded Scalar
185,2,local,20,0,0.0,0.0,0,0,0,0,0,0,0,0,0,reliable,Guarded Scalar
185,1,posterior,128,112,0.31796618864465126,0.0029130270342046403,1,0,4231,124,126,2,2,1,2,reliable,Guarded Scalar
185,2,posterior,128,112,0.31796618864465126,0.0029130270342046403,1,0,4231,124,126,2,2,1,2,reliable,Guarded Scalar
186,1,local,134,113,0.9549377072305779,0.00882392953085473,1,0,4343,125,127,2,2,1,2,reliable,Guarded Scalar
186,2,local,19,0,0.0,0.0,0,0,0,0,0,0,0,0,0,reliable,Guarded Scalar
186,1,posterior,127,112,0.32558418883523266,0.002976311238395217,1,0,4342,124,126,2,2,1,2,reliable,Guarded Scalar
186,2,posterior,127,112,0.32558418883523266,0.002976311238395217,1,0,4342,124,126,2,2,1,2,reliable,Guarded Scalar
187,1,local,134,113,0.9518489756878663,0.008751768306816243,1,0,4454,125,127,2,2,1,2,reliable,Guarded Scalar
187,2,local,131,108,0.443777554826668,0.00417647151430458,0,0,4439,120,122,2,2,1,2,reliable,Guarded Scalar
187,1,posterior,132,112,0.39335046494125786,0.0036150191674606275,0,0,4454,124,126,2,2,1,2,reliable,Guarded Scalar
187,2,posterior,132,112,0.3933504649412584,0.0036150191674606275,0,0,4454,124,126,2,2,1,2,reliable,Guarded Scalar
188,1,local,136,114,0.9796048023407302,0.016121758848563858,1,0,4567,127,129,2,2,1,2,reliable,Guarded Scalar
188,2,local,134,110,0.909038885135187,0.00844726716385106,0,0,4560,122,124,2,2,1,2,reliable,Guarded Scalar
188,1,posterior,132,113,0.8597763970455337,0.007902384771825522,1,0,4566,126,128,2,2,1,2,reliable,Guarded Scalar
188,2,posterior,132,113,0.8597763970455325,0.007902384771825411,1,0,4566,126,128,2,2,1,2,reliable,Guarded Scalar
189,1,local,137,116,1.0366691883891392,0.010661685920766877,1,0,4683,131,133,2,2,1,2,reliable,Guarded Scalar
189,2,local,134,108,0.21827932944851208,0.0020543073498558986,0,0,4655,120,122,2,2,1,2,reliable,Guarded Scalar
189,1,posterior,130,111,0.34957634072206456,0.003231226370068538,1,0,4665,126,128,2,2,1,2,reliable,Guarded Scalar
189,2,posterior,130,111,0.34957634072206417,0.003231226370068538,2,0,4664,126,128,2,2,1,2,reliable,Guarded Scalar
190,1,local,134,112,0.8779058029469162,0.00809188659924199,1,0,4777,128,130,2,2,1,2,reliable,Guarded Scalar
190,2,local,124,0,0.0,0.0,0,0,0,0,0,0,0,0,0,reliable,Guarded Scalar
190,1,posterior,129,110,0.21443171001938185,0.0026633303803431387,1,0,4773,123,125,2,2,1,2,reliable,Guarded Scalar
190,2,posterior,129,110,0.21443171001938166,0.0026633303803431387,1,0,4773,123,125,2,2,1,2,reliable,Guarded Scalar
191,1,local,136,111,0.8366967447358112,0.013978658463122904,1,0,4883,124,126,2,2,1,2,reliable,Guarded Scalar
191,2,local,22,0,0.0,0.0,0,0,0,0,0,0,0,0,0,reliable,Guarded Scalar
191,1,posterior,131,110,0.3029093586970693,0.0037529596027032863,1,0,4882,123,125,2,2,1,2,reliable,Guarded Scalar
191,2,posterior,131,110,0.3029093586970693,0.0037529596027032863,1,0,4882,123,125,2,2,1,2,reliable,Guarded Scalar
192,1,local,138,111,0.9266367917125283,0.012557880358784704,1,0,4992,124,126,2,2,1,2,reliable,Guarded Scalar
192,2,local,26,0,0.0,0.0,0,0,0,0,0,0,0,0,0,reliable,Guarded Scalar
192,1,posterior,129,110,0.3180309597301228,0.0035552718658585832,0,0,4992,123,125,2,2,1,2,reliable,Guarded Scalar
192,2,posterior,129,110,0.3180309597301228,0.0035552718658585832,0,0,4992,123,125,2,2,1,2,reliable,Guarded Scalar
193,1,local,132,111,0.9740750789745023,0.01115607767819392,1,0,5101,124,126,2,2,1,2,reliable,Guarded Scalar
193,2,local,134,109,0.15504998646025203,0.001433327772956747,0,0,5100,121,123,2,2,1,2,reliable,Guarded Scalar
193,1,posterior,131,109,0.2625656475094226,0.002796151005510676,0,0,5100,121,123,2,2,1,2,reliable,Guarded Scalar
193,2,posterior,131,109,0.26256564750942263,0.002796151005510636,0,0,5100,121,123,2,2,1,2,reliable,Guarded Scalar
194,1,local,136,110,1.129356724296161,0.011940704927953275,1,0,5209,122,124,2,2,1,2,reliable,Guarded Scalar
194,2,local,23,0,0.0,0.0,0,0,0,0,0,0,0,0,0,reliable,Guarded Scalar
194,1,posterior,136,109,0.34982713981141145,0.0034462934190423893,0,0,5209,121,123,2,2,1,2,reliable,Guarded Scalar
194,2,posterior,136,109,0.34982713981141145,0.0034462934190423893,0,0,5209,121,123,2,2,1,2,reliable,Guarded Scalar
195,1,local,132,113,0.866042310634885,0.008806310380159742,2,0,5322,128,130,2,2,1,2,reliable,Guarded Scalar
195,2,local,23,0,0.0,0.0,0,0,0,0,0,0,0,0,0,reliable,Guarded Scalar
195,1,posterior,130,112,0.310383602087537,0.0029733207754583366,1,0,5322,127,129,2,2,1,2,reliable,Guarded Scalar
195,2,posterior,130,112,0.310383602087537,0.0029733207754583366,1,0,5322,127,129,2,2,1,2,reliable,Guarded Scalar
196,1,local,133,113,0.8802286794522158,0.00857136324260158,1,0,5434,128,130,2,2,1,2,reliable,Guarded Scalar
196,2,local,20,0,0.0,0.0,0,0,0,0,0,0,0,0,0,reliable,Guarded Scalar
196,1,posterior,136,113,0.314337376001687,0.002933159970472931,1,0,5434,128,130,2,2,1,2,reliable,Guarded Scalar
196,2,posterior,136,113,0.314337376001687,0.002933159970472931,1,0,5434,128,130,2,2,1,2,reliable,Guarded Scalar
197,1,local,135,114,0.9522979351584089,0.008974024312982361,1,0,5547,129,131,2,2,1,2,reliable,Guarded Scalar
197,2,local,19,1,0.0010512048350711713,0.0010512048350711713,0,0,4,2,2,0,0,0,1,reliable,Guarded Scalar
197,1,posterior,127,113,0.3268588090566234,0.0030016689249725576,1,0,5543,127,129,2,2,1,2,reliable,Guarded Scalar
197,2,posterior,127,113,0.3268588090566234,0.0030016689249725576,1,0,5543,127,129,2,2,1,2,reliable,Guarded Scalar
198,1,local,134,114,0.9282742000407881,0.008595858439017829,1,0,5656,128,130,2,2,1,2,reliable,Guarded Scalar
198,2,local,15,0,0.0,0.0,0,0,0,0,0,0,0,0,0,reliable,Guarded Scalar
198,1,posterior,132,114,0.32393350945931615,0.0029373720431448364,1,0,5656,128,130,2,2,1,2,reliable,Guarded Scalar
198,2,posterior,132,114,0.32393350945931615,0.0029373720431448364,1,0,5656,128,130,2,2,1,2,reliable,Guarded Scalar
199,1,local,140,114,1.0049310610405562,0.009252954469559505,0,0,5770,128,130,2,2,1,2,reliable,Guarded Scalar
199,2,local,20,0,0.0,0.0,0,0,0,0,0,0,0,0,0,reliable,Guarded Scalar
199,1,posterior,136,114,0.3377009973726833,0.0030482474324973713,0,0,5770,128,130,2,2,1,2,reliable,Guarded Scalar
199,2,posterior,136,114,0.3377009973726833,0.0030482474324973713,0,0,5770,128,130,2,2,1,2,reliable,Guarded Scalar
200,1,local,144,118,0.877780061103919,0.007907423499745873,2,0,5886,132,134,2,2,1,2,reliable,Guarded Scalar
200,2,local,20,0,0.0,0.0,0,0,0,0,0,0,0,0,0,reliable,Guarded Scalar
200,1,posterior,140,117,0.3175552479544243,0.0028166551056413632,1,0,5886,131,133,2,2,1,2,reliable,Guarded Scalar
200,2,posterior,140,117,0.3175552479544243,0.0028166551056413632,1,0,5886,131,133,2,2,1,2,reliable,Guarded Scalar
201,1,local,148,116,1.0782956889534763,0.009731582354657679,0,0,6001,130,132,2,2,1,2,reliable,Guarded Scalar
201,2,local,21,0,0.0,0.0,0,0,0,0,0,0,0,0,0,reliable,Guarded Scalar
201,1,posterior,145,116,0.3528698115907979,0.0031266014851373037,0,0,6001,130,132,2,2,1,2,reliable,Guarded Scalar
201,2,posterior,145,116,0.3528698115907979,0.0031266014851373037,0,0,6001,130,132,2,2,1,2,reliable,Guarded Scalar
202,1,local,153,121,0.9010995429807211,0.008006032302600276,2,0,6122,135,137,2,2,1,2,reliable,Guarded Scalar
202,2,local,22,0,0.0,0.0,0,0,0,0,0,0,0,0,0,reliable,Guarded Scalar
202,1,posterior,148,121,0.326783911537452,0.0028342539515429743,2,0,6122,135,137,2,2,1,2,reliable,Guarded Scalar
202,2,posterior,148,121,0.326783911537452,0.0028342539515429743,2,0,6122,135,137,2,2,1,2,reliable,Guarded Scalar
203,1,local,146,120,0.9681548846469291,0.00860308649766848,1,0,6240,134,136,2,2,1,2,reliable,Guarded Scalar
203,2,local,23,0,0.0,0.0,0,0,0,0,0,0,0,0,0,reliable,Guarded Scalar
203,1,posterior,139,120,0.33786028360899595,0.0029386138202531567,1,0,6240,134,136,2,2,1,2,reliable,Guarded Scalar
203,2,posterior,139,120,0.33786028360899595,0.0029386138202531567,1,0,6240,134,136,2,2,1,2,reliable,Guarded Scalar
204,1,local,147,121,0.8879669651111737,0.007821733210083951,1,0,6360,135,137,2,2,1,2,reliable,Guarded Scalar
204,2,local,22,0,0.0,0.0,0,0,0,0,0,0,0,0,0,reliable,Guarded Scalar
204,1,posterior,146,121,0.32515404467740516,0.0028012741601275365,1,0,6360,135,137,2,2,1,2,reliable,Guarded Scalar
204,2,posterior,146,121,0.32515404467740516,0.0028012741601275365,1,0,6360,135,137,2,2,1,2,reliable,Guarded Scalar
205,1,local,149,122,0.9431151560282877,0.008225675490789302,1,0,6481,136,138,2,2,1,2,reliable,Guarded Scalar
205,2,local,26,0,0.0,0.0,0,0,0,0,0,0,0,0,0,reliable,Guarded Scalar
205,1,posterior,143,122,0.33677461624168864,0.002873075606245611,1,0,6481,136,138,2,2,1,2,reliable,Guarded Scalar
205,2,posterior,143,122,0.33677461624168864,0.002873075606245611,1,0,6481,136,138,2,2,1,2,reliable,Guarded Scalar
206,1,local,151,123,0.9391320802673496,0.00810853997295234,1,0,6603,137,139,2,2,1,2,reliable,Guarded Scalar
206,2,local,19,0,0.0,0.0,0,0,0,0,0,0,0,0,0,reliable,Guarded Scalar
206,1,posterior,149,123,0.3376190054554995,0.002852436229326972,1,0,6603,137,139,2,2,1,2,reliable,Guarded Scalar
206,2,posterior,149,123,0.3376190054554995,0.002852436229326972,1,0,6603,137,139,2,2,1,2,reliable,Guarded Scalar
207,1,local,150,124,0.9176308297490551,0.007844882340717606,1,0,6726,138,140,2,2,1,2,reliable,Guarded Scalar
207,2,local,29,0,0.0,0.0,0,0,0,0,0,0,0,0,0,reliable,Guarded Scalar
207,1,posterior,145,124,0.3351794698713699,0.002805437425736574,1,0,6726,138,140,2,2,1,2,reliable,Guarded Scalar
207,2,posterior,145,124,0.3351794698713699,0.002805437425736574,1,0,6726,138,140,2,2,1,2,reliable,Guarded Scalar
208,1,local,154,125,0.9709449163030188,0.008220707432326934,1,0,6850,139,141,2,2,1,2,reliable,Guarded Scalar
208,2,local,19,0,0.0,0.0,0,0,0,0,0,0,0,0,0,reliable,Guarded Scalar
208,1,posterior,152,125,0.34628259581520243,0.002872203169186147,1,0,6850,139,141,2,2,1,2,reliable,Guarded Scalar
208,2,posterior,152,125,0.34628259581520243,0.002872203169186147,1,0,6850,139,141,2,2,1,2,reliable,Guarded Scalar
209,1,local,153,126,0.9570159659208657,0.008026078471667766,1,0,6975,140,142,2,2,1,2,reliable,Guarded Scalar
209,2,local,29,0,0.0,0.0,0,0,0,0,0,0,0,0,0,reliable,Guarded Scalar
209,1,posterior,146,126,0.3452119461185609,0.002837818582412843,1,0,6975,140,142,2,2,1,2,reliable,Guarded Scalar
209,2,posterior,146,126,0.3452119461185609,0.002837818582412843,1,0,6975,140,142,2,2,1,2,reliable,Guarded Scalar
210,1,local,154,127,0.9163263099199443,0.0076133738007541675,1,0,7101,141,143,2,2,1,2,reliable,Guarded Scalar
210,2,local,25,0,0.0,0.0,0,0,0,0,0,0,0,0,0,reliable,Guarded Scalar
210,1,posterior,153,126,0.33718025176475563,0.002763525877173748,0,0,7101,140,142,2,2,1,2,reliable,Guarded Scalar
210,2,posterior,153,126,0.33718025176475563,0.002763525877173748,0,0,7101,140,142,2,2,1,2,reliable,Guarded Scalar
211,1,local,153,127,0.9414392960674413,0.007761959198298474,1,0,7227,141,143,2,2,1,2,reliable,Guarded Scalar
211,2,local,29,0,0.0,0.0,0,0,0,0,0,0,0,0,0,reliable,Guarded Scalar
211,1,posterior,146,126,0.34223242950557636,0.0027904960106609616,0,0,7227,140,142,2,2,1,2,reliable,Guarded Scalar
211,2,posterior,146,126,0.34223242950557636,0.0027904960106609616,0,0,7227,140,142,2,2,1,2,reliable,Guarded Scalar
212,1,local,153,127,0.9834884316095368,0.00804722487652645,1,0,7353,141,143,2,2,1,2,reliable,Guarded Scalar
212,2,local,19,0,0.0,0.0,0,0,0,0,0,0,0,0,0,reliable,Guarded Scalar
212,1,posterior,150,127,0.3524020523777541,0.002841574126341102,1,0,7353,141,143,2,2,1,2,reliable,Guarded Scalar
212,2,posterior,150,127,0.3524020523777541,0.002841574126341102,1,0,7353,141,143,2,2,1,2,reliable,Guarded Scalar
213,1,local,155,127,1.0625215390512541,0.008644307076764009,0,0,7480,141,143,2,2,1,2,reliable,Guarded Scalar
213,2,local,26,0,0.0,0.0,0,0,0,0,0,0,0,0,0,reliable,Guarded Scalar
213,1,posterior,149,126,0.3649844011191497,0.0029456857482210953,0,0,7479,140,142,2,2,1,2,reliable,Guarded Scalar
213,2,posterior,149,126,0.3649844011191497,0.0029456857482210953,0,0,7479,140,142,2,2,1,2,reliable,Guarded Scalar
214,1,local,158,131,0.9938498480089811,0.00797444352946985,2,0,7609,145,147,2,2,1,2,reliable,Guarded Scalar
214,2,local,27,0,0.0,0.0,0,0,0,0,0,0,0,0,0,reliable,Guarded Scalar
214,1,posterior,153,126,0.3507471477504348,0.002828627901294944,1,0,7600,140,142,2,2,1,2,reliable,Guarded Scalar
214,2,posterior,153,126,0.3507471477504348,0.002828627901294944,1,0,7600,140,142,2,2,1,2,reliable,Guarded Scalar
215,1,local,157,129,0.9755557998875121,0.007875426008211775,1,0,7729,144,146,2,2,1,2,reliable,Guarded Scalar
215,2,local,32,0,0.0,0.0,0,0,0,0,0,0,0,0,0,reliable,Guarded Scalar
215,1,posterior,144,120,0.3371070433960101,0.002810921346741184,0,0,7680,134,136,2,2,1,2,reliable,Guarded Scalar
215,2,posterior,144,120,0.3371070433960101,0.002810921346741184,0,0,7680,134,136,2,2,1,2,reliable,Guarded Scalar
216,1,local,144,122,0.9472216359708789,0.00785500563501556,1,0,7801,137,139,2,2,1,2,reliable,Guarded Scalar
216,2,local,24,0,0.0,0.0,0,0,0,0,0,0,0,0,0,reliable,Guarded Scalar
216,1,posterior,144,120,0.336741747077192,0.0028072561582704945,0,0,7800,134,136,2,2,1,2,reliable,Guarded Scalar
216,2,posterior,144,120,0.336741747077192,0.0028072561582704945,0,0,7800,134,136,2,2,1,2,reliable,Guarded Scalar
217,1,local,144,121,0.9646210599296112,0.008008466934653525,1,0,7920,135,137,2,2,1,2,reliable,Guarded Scalar
217,2,local,25,0,0.0,0.0,0,0,0,0,0,0,0,0,0,reliable,Guarded Scalar
217,1,posterior,141,120,0.3400842632410682,0.002834687113871677,0,0,7920,134,136,2,2,1,2,reliable,Guarded Scalar
217,2,posterior,141,120,0.3400842632410682,0.002834687113871677,0,0,7920,134,136,2,2,1,2,reliable,Guarded Scalar
218,1,local,143,121,0.9292418311363648,0.007713320850727615,1,0,8040,135,137,2,2,1,2,reliable,Guarded Scalar
218,2,local,17,0,0.0,0.0,0,0,0,0,0,0,0,0,0,reliable,Guarded Scalar
218,1,posterior,140,121,0.3357307847991658,0.002781695675471832,1,0,8040,135,137,2,2,1,2,reliable,Guarded Scalar
218,2,posterior,140,121,0.3357307847991658,0.002781695675471832,1,0,8040,135,137,2,2,1,2,reliable,Guarded Scalar
219,1,local,144,122,0.9315275731735391,0.0077200580619056075,1,0,8161,136,138,2,2,1,2,reliable,Guarded Scalar
219,2,local,19,0,0.0,0.0,0,0,0,0,0,0,0,0,0,reliable,Guarded Scalar
219,1,posterior,137,121,0.3350774266294894,0.0027829162894537733,0,0,8161,135,137,2,2,1,2,reliable,Guarded Scalar
219,2,posterior,137,121,0.3350774266294894,0.0027829162894537733,0,0,8161,135,137,2,2,1,2,reliable,Guarded Scalar
220,1,local,143,122,0.9714755536312082,0.008053520787603468,1,0,8282,136,138,2,2,1,2,reliable,Guarded Scalar
220,2,local,19,0,0.0,0.0,0,0,0,0,0,0,0,0,0,reliable,Guarded Scalar
220,1,posterior,140,122,0.344166504467704,0.002842691327221162,1,0,8282,136,138,2,2,1,2,reliable,Guarded Scalar
220,2,posterior,140,122,0.344166504467704,0.002842691327221162,1,0,8282,136,138,2,2,1,2,reliable,Guarded Scalar
221,1,local,144,123,0.9688038713179057,0.00801868746365976,1,0,8404,137,139,2,2,1,2,reliable,Guarded Scalar
221,2,local,21,0,0.0,0.0,0,0,0,0,0,0,0,0,0,reliable,Guarded Scalar
221,1,posterior,141,123,0.34466501176757347,0.0028365048146220214,1,0,8404,137,139,2,2,1,2,reliable,Guarded Scalar
221,2,posterior,141,123,0.34466501176757347,0.0028365048146220214,1,0,8404,137,139,2,2,1,2,reliable,Guarded Scalar
222,1,local,145,124,0.9513243910769247,0.007860782878816858,1,0,8527,138,140,2,2,1,2,reliable,Guarded Scalar
222,2,local,18,0,0.0,0.0,0,0,0,0,0,0,0,0,0,reliable,Guarded Scalar
222,1,posterior,139,124,0.34248336421396874,0.0028082935715868914,1,0,8527,138,140,2,2,1,2,reliable,Guarded Scalar
222,2,posterior,139,124,0.34248336421396874,0.0028082935715868914,1,0,8527,138,140,2,2,1,2,reliable,Guarded Scalar
223,1,local,144,125,0.9414935344778447,0.007762951116709341,1,0,8651,139,141,2,2,1,2,reliable,Guarded Scalar
223,2,local,17,0,0.0,0.0,0,0,0,0,0,0,0,0,0,reliable,Guarded Scalar
223,1,posterior,141,125,0.3417104286472803,0.002790675200308369,1,0,8651,139,141,2,2,1,2,reliable,Guarded Scalar
223,2,posterior,141,125,0.3417104286472803,0.002790675200308369,1,0,8651,139,141,2,2,1,2,reliable,Guarded Scalar
224,1,local,147,126,0.8920009782898923,0.007333717340703661,1,0,8776,140,142,2,2,1,2,reliable,Guarded Scalar
224,2,local,17,0,0.0,0.0,0,0,0,0,0,0,0,0,0,reliable,Guarded Scalar
224,1,posterior,142,126,0.33363667885546233,0.0027120536351544797,1,0,8776,140,142,2,2,1,2,reliable,Guarded Scalar
224,2,posterior,142,126,0.33363667885546233,0.0027120536351544797,1,0,8776,140,142,2,2,1,2,reliable,Guarded Scalar
225,1,local,148,127,0.9330849678641775,0.007644299234589697,1,0,8902,141,143,2,2,1,2,reliable,Guarded Scalar
225,2,local,18,0,0.0,0.0,0,0,0,0,0,0,0,0,0,reliable,Guarded Scalar
225,1,posterior,145,127,0.3424172542908481,0.0027691603952676508,1,0,8902,141,143,2,2,1,2,reliable,Guarded Scalar
225,2,posterior,145,127,0.3424172542908481,0.0027691603952676508,1,0,8902,141,143,2,2,1,2,reliable,Guarded Scalar
226,1,local,150,127,0.9355487747765284,0.007638218138148182,1,0,9027,141,143,2,2,1,2,reliable,Guarded Scalar
226,2,local,17,0,0.0,0.0,0,0,0,0,0,0,0,0,0,reliable,Guarded Scalar
226,1,posterior,145,127,0.34330731128682657,0.0027680533240937726,1,0,9027,141,143,2,2,1,2,reliable,Guarded Scalar
226,2,posterior,145,127,0.34330731128682657,0.0027680533240937726,1,0,9027,141,143,2,2,1,2,reliable,Guarded Scalar
227,1,local,151,128,0.9806117804196284,0.007964634959267192,1,0,9154,142,144,2,2,1,2,reliable,Guarded Scalar
227,2,local,19,0,0.0,0.0,0,0,0,0,0,0,0,0,0,reliable,Guarded Scalar
227,1,posterior,148,128,0.35279772250860897,0.002826878742522576,1,0,9154,142,144,2,2,1,2,reliable,Guarded Scalar
227,2,posterior,148,128,0.35279772250860897,0.002826878742522576,1,0,9154,142,144,2,2,1,2,reliable,Guarded Scalar
228,1,local,154,129,0.9452803777402989,0.007633600904143286,1,0,9282,143,145,2,2,1,2,reliable,Guarded Scalar
228,2,local,18,0,0.0,0.0,0,0,0,0,0,0,0,0,0,reliable,Guarded Scalar
228,1,posterior,149,129,0.34759072891783316,0.002767212461690478,1,0,9282,143,145,2,2,1,2,reliable,Guarded Scalar
228,2,posterior,149,129,0.34759072891783316,0.002767212461690478,1,0,9282,143,145,2,2,1,2,reliable,Guarded Scalar
229,1,local,155,130,0.9535238912314946,0.007654196660964347,1,0,9411,144,146,2,2,1,2,reliable,Guarded Scalar
229,2,local,21,0,0.0,0.0,0,0,0,0,0,0,0,0,0,reliable,Guarded Scalar
229,1,posterior,152,130,0.3503236387039552,0.002770961309396963,1,0,9411,144,146,2,2,1,2,reliable,Guarded Scalar
229,2,posterior,152,130,0.3503236387039552,0.002770961309396963,1,0,9411,144,146,2,2,1,2,reliable,Guarded Scalar
230,1,local,158,131,0.9648708570099725,0.007697526361857474,1,0,9541,145,147,2,2,1,2,reliable,Guarded Scalar
230,2,local,18,0,0.0,0.0,0,0,0,0,0,0,0,0,0,reliable,Guarded Scalar
230,1,posterior,153,131,0.3536643586855737,0.0027788320551433384,1,0,9541,145,147,2,2,1,2,reliable,Guarded Scalar
230,2,posterior,153,131,0.3536643586855737,0.0027788320551433384,1,0,9541,145,147,2,2,1,2,reliable,Guarded Scalar
231,1,local,159,132,0.917694380579846,0.0072738296041137155,1,0,9672,146,148,2,2,1,2,reliable,Guarded Scalar
231,2,local,18,0,0.0,0.0,0,0,0,0,0,0,0,0,0,reliable,Guarded Scalar
231,1,posterior,156,132,0.34613691639374566,0.0027009062283694743,1,0,9672,146,148,2,2,1,2,reliable,Guarded Scalar
231,2,posterior,156,132,0.34613691639374566,0.0027009062283694743,1,0,9672,146,148,2,2,1,2,reliable,Guarded Scalar
232,1,local,161,133,0.9510415465393335,0.007488448632345382,1,0,9804,147,149,2,2,1,2,reliable,Guarded Scalar
232,2,local,17,0,0.0,0.0,0,0,0,0,0,0,0,0,0,reliable,Guarded Scalar
232,1,posterior,156,133,0.3536914374021208,0.0027406496133307438,1,0,9804,147,149,2,2,1,2,reliable,Guarded Scalar
232,2,posterior,156,133,0.3536914374021208,0.0027406496133307438,1,0,9804,147,149,2,2,1,2,reliable,Guarded Scalar
233,1,local,162,134,0.9839499959638286,0.007694994846464195,1,0,9937,148,150,2,2,1,2,reliable,Guarded Scalar
233,2,local,21,0,0.0,0.0,0,0,0,0,0,0,0,0,0,reliable,Guarded Scalar
233,1,posterior,161,134,0.36113014935893084,0.00277837281040718,1,0,9937,148,150,2,2,1,2,reliable,Guarded Scalar
233,2,posterior,161,134,0.36113014935893084,0.00277837281040718,1,0,9937,148,150,2,2,1,2,reliable,Guarded Scalar
234,1,local,166,135,0.9253285419707931,0.007184635064157097,1,0,10071,149,151,2,2,1,2,reliable,Guarded Scalar
234,2,local,21,0,0.0,0.0,0,0,0,0,0,0,0,0,0,reliable,Guarded Scalar
234,1,posterior,161,135,0.35148526032192884,0.0026842196950722214,1,0,10071,149,151,2,2,1,2,reliable,Guarded Scalar
234,2,posterior,161,135,0.35148526032192884,0.0026842196950722214,1,0,10071,149,151,2,2,1,2,reliable,Guarded Scalar
235,1,local,166,136,0.9624166161862963,0.007418555490336789,1,0,10206,150,152,2,2,1,2,reliable,Guarded Scalar
235,2,local,19,0,0.0,0.0,0,0,0,0,0,0,0,0,0,reliable,Guarded Scalar
235,1,posterior,165,136,0.35981274251843026,0.002727768946003039,1,0,10206,150,152,2,2,1,2,reliable,Guarded Scalar
235,2,posterior,165,136,0.35981274251843026,0.002727768946003039,1,0,10206,150,152,2,2,1,2,reliable,Guarded Scalar
236,1,local,171,137,0.988007557836298,0.007560107290468484,1,0,10342,151,153,2,2,1,2,reliable,Guarded Scalar
236,2,local,22,0,0.0,0.0,0,0,0,0,0,0,0,0,0,reliable,Guarded Scalar
236,1,posterior,168,137,0.3659381571857752,0.0027537944562453756,1,0,10342,151,153,2,2,1,2,reliable,Guarded Scalar
236,2,posterior,168,137,0.3659381571857752,0.0027537944562453756,1,0,10342,151,153,2,2,1,2,reliable,Guarded Scalar
237,1,local,169,137,0.9153476460730702,0.00695870332051464,1,0,10477,151,153,2,2,1,2,reliable,Guarded Scalar
237,2,local,30,0,0.0,0.0,0,0,0,0,0,0,0,0,0,reliable,Guarded Scalar
237,1,posterior,168,137,0.3526793374226052,0.002641490536454378,1,0,10477,151,153,2,2,1,2,reliable,Guarded Scalar
237,2,posterior,168,137,0.3526793374226052,0.002641490536454378,1,0,10477,151,153,2,2,1,2,reliable,Guarded Scalar
238,1,local,173,138,0.9874797897783348,0.007452441502008893,1,0,10614,152,154,2,2,1,2,reliable,Guarded Scalar
238,2,local,29,0,0.0,0.0,0,0,0,0,0,0,0,0,0,reliable,Guarded Scalar
238,1,posterior,168,138,0.36766270492371483,0.002734021242580592,1,0,10614,152,154,2,2,1,2,reliable,Guarded Scalar
238,2,posterior,168,138,0.36766270492371483,0.002734021242580592,1,0,10614,152,154,2,2,1,2,reliable,Guarded Scalar
239,1,local,163,138,0.9731691549573184,0.007300537053906403,1,0,10750,152,154,2,2,1,2,reliable,Guarded Scalar
239,2,local,31,0,0.0,0.0,0,0,0,0,0,0,0,0,0,reliable,Guarded Scalar
239,1,posterior,166,138,0.3654041875622839,0.0027058830634643723,1,0,10750,152,154,2,2,1,2,reliable,Guarded Scalar
239,2,posterior,166,138,0.3654041875622839,0.0027058830634643723,1,0,10750,152,154,2,2,1,2,reliable,Guarded Scalar
240,1,local,159,139,0.9963232907931829,0.007425062855338438,1,0,10888,153,155,2,2,1,2,reliable,Guarded Scalar
240,2,local,16,0,0.0,0.0,0,0,0,0,0,0,0,0,0,reliable,Guarded Scalar
240,1,posterior,155,139,0.3709244741026628,0.0027289707050006853,1,0,10888,153,155,2,2,1,2,reliable,Guarded Scalar
240,2,posterior,155,139,0.3709244741026628,0.0027289707050006853,1,0,10888,153,155,2,2,1,2,reliable,Guarded Scalar
1,1,local,0,0,0.0,0.0,0,0,0,0,0,0,0,0,0,reliable,No-age
1,2,local,0,0,0.0,0.0,0,0,0,0,0,0,0,0,0,reliable,No-age
1,1,posterior,0,0,0.0,0.0,0,0,0,0,0,0,0,0,0,reliable,No-age
1,2,posterior,0,0,0.0,0.0,0,0,0,0,0,0,0,0,0,reliable,No-age
2,1,local,9,1,0.09606124790532805,0.09606124790532805,1,1,0,1,1,0,0,0,1,reliable,No-age
2,2,local,1,0,0.0,0.0,0,0,0,0,0,0,0,0,0,reliable,No-age
2,1,posterior,9,1,0.010208584972325912,0.010208584972325912,1,1,0,1,1,0,0,0,1,reliable,No-age
2,2,posterior,9,1,0.010208584972325912,0.010208584972325912,1,1,0,1,1,0,0,0,1,reliable,No-age
3,1,local,19,1,0.0750137650077969,0.0750137650077969,1,1,0,1,1,0,0,0,1,reliable,No-age
3,2,local,7,1,0.0010199270145905353,0.0010199270145905353,0,1,1,1,1,0,0,0,1,reliable,No-age
3,1,posterior,19,1,0.008929449267710481,0.008929449267710481,1,1,0,1,1,0,0,0,1,reliable,No-age
3,2,posterior,19,1,0.008929449267710481,0.008929449267710481,1,1,0,1,1,0,0,0,1,reliable,No-age
4,1,local,26,2,0.2638512000178818,0.1730254846326495,1,1,1,2,2,0,0,0,1,reliable,No-age
4,2,local,15,0,0.0,0.0,0,0,0,0,0,0,0,0,0,reliable,No-age
4,1,posterior,26,2,0.024166420891000438,0.014265473729460632,1,1,1,2,2,0,0,0,1,reliable,No-age
4,2,posterior,26,2,0.024166420891000438,0.014265473729460632,1,1,1,2,2,0,0,0,1,reliable,No-age
5,1,local,32,4,0.376868183760831,0.18582918596037745,1,2,5,4,4,0,0,0,1,reliable,No-age
5,2,local,22,1,0.0014304638632100576,0.0014304638632100576,0,1,2,1,1,0,0,0,1,reliable,No-age
5,1,posterior,31,3,0.03533647441204868,0.015426921213259812,1,1,3,3,3,0,0,0,1,reliable,No-age
5,2,posterior,31,3,0.0353364744120489,0.015426921213260029,1,1,3,3,3,0,0,0,1,reliable,No-age
6,1,local,38,5,0.4622626591328398,0.1658000479757587,1,2,9,5,5,0,0,0,1,reliable,No-age
6,2,local,26,2,0.0027717052544306738,0.0015485506274682478,0,1,5,2,2,0,0,0,1,reliable,No-age
6,1,posterior,37,5,0.045805295412451014,0.014757660023223767,1,2,9,5,5,0,0,0,1,reliable,No-age
6,2,posterior,37,5,0.0458052954124509,0.014757660023223661,1,2,9,5,5,0,0,0,1,reliable,No-age
7,1,local,44,6,0.5711618544004982,0.16463688815296174,1,2,14,6,6,0,0,0,1,reliable,No-age
7,2,local,24,2,0.002748190543718745,0.001480475222150301,0,1,7,2,2,0,0,0,1,reliable,No-age
7,1,posterior,44,6,0.05784016240178613,0.014388657662010652,1,2,14,6,6,0,0,0,1,reliable,No-age
7,2,posterior,44,6,0.05784016240178602,0.01438865766201055,1,2,14,6,6,0,0,0,1,reliable,No-age
8,1,local,51,9,0.7942289710118529,0.14569414385095517,1,2,25,9,9,0,0,0,1,reliable,No-age
8,2,local,24,3,0.003808480233737795,0.0014429764913599648,0,1,12,3,3,0,0,0,1,reliable,No-age
8,1,posterior,50,9,0.0852704249986433,0.01355581273438733,1,2,25,9,9,0,0,0,1,reliable,No-age
8,2,posterior,50,9,0.0852704249986433,0.01355581273438733,1,2,25,9,9,0,0,0,1,reliable,No-age
9,1,local,57,14,0.9858025211948618,0.1149088736551369,1,4,54,14,14,0,0,0,1,reliable,No-age
9,2,local,28,4,0.004624937451013313,0.0013584329248506226,0,1,18,4,4,0,0,0,1,reliable,No-age
9,1,posterior,56,14,0.1176460982253646,0.011728577088652005,1,4,54,14,14,0,0,0,1,reliable,No-age
9,2,posterior,56,14,0.11764609822536472,0.011728577088651923,1,4,54,14,14,0,0,0,1,reliable,No-age
10,1,local,63,22,1.4303478369551723,0.10553486039483985,1,6,101,23,23,0,0,0,1,reliable,No-age
10,2,local,28,1,0.0011733912607590946,0.0011733912607590946,0,1,7,1,1,0,0,0,1,reliable,No-age
10,1,posterior,62,22,0.17975472206805795,0.010572390042432657,1,6,101,23,23,0,0,0,1,reliable,No-age
10,2,posterior,62,22,0.17975472206805795,0.010572390042432657,1,6,101,23,23,0,0,0,1,reliable,No-age
11,1,local,65,26,1.2431553725147266,0.07738164496229134,1,6,131,27,27,0,0,0,1,reliable,No-age
11,2,local,31,2,0.002072709836991235,0.0010566199738556246,0,2,17,2,2,0,0,0,1,reliable,No-age
11,1,posterior,59,26,0.17890381450883827,0.008795610926091761,1,6,131,27,27,0,0,0,1,reliable,No-age
11,2,posterior,59,26,0.17890381450883827,0.008795610926091761,1,6,131,27,27,0,0,0,1,reliable,No-age
12,1,local,61,28,1.552959176387927,0.08242760578111798,1,6,160,29,29,0,0,0,1,reliable,No-age
12,2,local,25,0,0.0,0.0,0,0,0,0,0,0,0,0,0,reliable,No-age
12,1,posterior,56,28,0.20936736242377746,0.009393653469919142,1,6,160,29,29,0,0,0,1,reliable,No-age
12,2,posterior,56,28,0.20936736242377746,0.009393653469919142,1,6,160,29,29,0,0,0,1,reliable,No-age
13,1,local,60,27,1.456657194055769,0.07967985526291639,1,5,173,28,28,0,0,0,1,reliable,No-age
13,2,local,19,0,0.0,0.0,0,0,0,0,0,0,0,0,0,reliable,No-age
13,1,posterior,57,27,0.19922295742593285,0.009223542189106105,1,5,173,28,28,0,0,0,1,reliable,No-age
13,2,posterior,57,27,0.19922295742593285,0.009223542189106105,1,5,173,28,28,0,0,0,1,reliable,No-age
14,1,local,53,30,1.5531629499175283,0.07659774218429873,1,5,205,31,31,0,0,0,1,reliable,No-age
14,2,local,18,1,0.007686463005912856,0.007686463005912856,0,1,11,1,1,0,0,0,1,reliable,No-age
14,1,posterior,50,30,0.2285095818995967,0.019626318072761294,1,5,205,31,31,0,0,0,1,reliable,No-age
14,2,posterior,50,30,0.2285095818995967,0.019626318072761294,1,5,205,31,31,0,0,0,1,reliable,No-age
15,1,local,51,24,1.071947498662549,0.10404296858177536,1,4,172,25,25,0,0,0,1,reliable,No-age
15,2,local,13,1,0.01943005489203368,0.01943005489203368,0,1,12,1,1,0,0,0,1,reliable,No-age
15,1,posterior,49,24,0.19054165822715896,0.041946492670685454,1,4,172,25,25,0,0,0,1,reliable,No-age
15,2,posterior,49,24,0.19054165822715896,0.041946492670685454,1,4,172,25,25,0,0,0,1,reliable,No-age
16,1,local,52,24,1.1020276373580498,0.2014728595757889,1,4,192,25,25,0,0,0,1,reliable,No-age
16,2,local,12,1,0.0415270277439786,0.0415270277439786,0,1,13,1,1,0,0,0,1,reliable,No-age
16,1,posterior,49,24,0.22966653829797848,0.08627855525241555,1,4,192,25,25,0,0,0,1,reliable,No-age
16,2,posterior,49,24,0.2296665382979796,0.08627855525241668,1,4,192,25,25,0,0,0,1,reliable,No-age
17,1,local,59,16,0.8624484413354496,0.3556239711834253,1,3,145,17,17,0,0,0,1,reliable,No-age
17,2,local,10,1,0.08541576969989251,0.08541576969989251,0,1,14,1,1,0,0,0,1,reliable,No-age
17,1,posterior,58,16,0.2569403710109645,0.17025682144493673,1,3,145,17,17,0,0,0,1,reliable,No-age
17,2,posterior,58,16,0.2569403710109625,0.1702568214449347,1,3,145,17,17,0,0,0,1,reliable,No-age
18,1,local,65,10,0.7888302701765445,0.5655850128183072,1,2,101,11,11,0,0,0,1,reliable,No-age
18,2,local,13,1,0.16855425323048537,0.16855425323048537,0,1,15,1,1,0,0,0,1,reliable,No-age
18,1,posterior,65,10,0.3614488672105621,0.31701611643165317,1,2,101,11,11,0,0,0,1,reliable,No-age
18,2,posterior,65,10,0.3614488672105621,0.31701611643165317,1,2,101,11,11,0,0,0,1,reliable,No-age
19,1,local,70,6,0.8500058630784432,0.7583498119194777,1,2,75,7,7,0,0,0,1,reliable,No-age
19,2,local,16,1,0.31384595526733666,0.31384595526733666,0,1,16,1,1,0,0,0,1,reliable,No-age
19,1,posterior,69,6,0.5433889848876007,0.5220908564019009,1,2,75,7,7,0,0,0,1,reliable,No-age
19,2,posterior,69,6,0.5433889848876007,0.5220908564019009,1,2,75,7,7,0,0,0,1,reliable,No-age
20,1,local,75,1,0.9225865031682742,0.9225865031682742,0,1,17,1,1,0,0,0,1,reliable,No-age
20,2,local,18,1,0.5168699478378819,0.5168699478378819,0,1,17,1,1,0,0,0,1,reliable,No-age
20,1,posterior,74,1,0.7641256191933384,0.7641256191933384,0,1,17,1,1,0,0,0,1,reliable,No-age
20,2,posterior,74,1,0.7641256191933384,0.7641256191933384,0,1,17,1,1,0,0,0,1,reliable,No-age
21,1,local,79,1,0.9758508247266873,0.9758508247266873,0,1,18,1,1,0,0,0,1,reliable,No-age
21,2,local,16,1,0.7564843630014051,0.7564843630014051,0,1,18,1,1,0,0,0,1,reliable,No-age
21,1,posterior,74,1,0.9109122026816677,0.9109122026816677,0,1,18,1,1,0,0,0,1,reliable,No-age
21,2,posterior,74,1,0.9109122026816672,0.9109122026816672,0,1,18,1,1,0,0,0,1,reliable,No-age
22,1,local,83,1,0.9958420518461416,0.9958420518461416,0,1,19,1,1,0,0,0,1,reliable,No-age
22,2,local,10,1,0.9018030806548505,0.9018030806548505,0,1,19,1,1,0,0,0,1,reliable,No-age
22,1,posterior,83,1,0.9771607411048086,0.9771607411048086,0,1,19,1,1,0,0,0,1,reliable,No-age
22,2,posterior,83,1,0.9771607411048086,0.9771607411048086,0,1,19,1,1,0,0,0,1,reliable,No-age
23,1,local,83,1,0.9987400676078876,0.9987400676078876,0,1,20,1,1,0,0,0,1,reliable,No-age
23,2,local,13,1,0.9673891336937605,0.9673891336937605,0,1,20,1,1,0,0,0,1,reliable,No-age
23,1,posterior,83,1,0.9929489852647643,0.9929489852647643,0,1,20,1,1,0,0,0,1,reliable,No-age
23,2,posterior,83,1,0.9929489852647643,0.9929489852647643,0,1,20,1,1,0,0,0,1,reliable,No-age
24,1,local,78,1,0.9994769589719718,0.9994769589719718,0,1,21,1,1,0,0,0,1,reliable,No-age
24,2,local,13,1,0.9830194954121166,0.9830194954121166,0,1,21,1,1,0,0,0,1,reliable,No-age
24,1,posterior,78,1,0.9967468677919806,0.9967468677919806,0,1,21,1,1,0,0,0,1,reliable,No-age
24,2,posterior,78,1,0.9967468677919806,0.9967468677919806,0,1,21,1,1,0,0,0,1,reliable,No-age
25,1,local,79,1,0.9995249960986282,0.9995249960986282,0,1,22,1,1,0,0,0,1,reliable,No-age
25,2,local,15,1,0.9867793991140608,0.9867793991140608,0,1,22,1,1,0,0,0,1,reliable,No-age
25,1,posterior,78,1,0.997276692382006,0.997276692382006,0,1,22,1,1,0,0,0,1,reliable,No-age
25,2,posterior,78,1,0.997276692382006,0.997276692382006,0,1,22,1,1,0,0,0,1,reliable,No-age
26,1,local,79,1,0.9996474198351148,0.9996474198351148,0,1,23,1,1,0,0,0,1,reliable,No-age
26,2,local,14,1,0.9873039254581859,0.9873039254581859,0,1,23,1,1,0,0,0,1,reliable,No-age
26,1,posterior,74,1,0.9977014967518651,0.9977014967518651,0,1,23,1,1,0,0,0,1,reliable,No-age
26,2,posterior,74,1,0.9977014967518651,0.9977014967518651,0,1,23,1,1,0,0,0,1,reliable,No-age
27,1,local,81,1,0.9996613831453495,0.9996613831453495,0,1,24,1,1,0,0,0,1,reliable,No-age
27,2,local,8,1,0.9877244817843465,0.9877244817843465,0,1,24,1,1,0,0,0,1,reliable,No-age
27,1,posterior,80,1,0.9977879039384208,0.9977879039384208,0,1,24,1,1,0,0,0,1,reliable,No-age
27,2,posterior,80,1,0.9977879039384208,0.9977879039384208,0,1,24,1,1,0,0,0,1,reliable,No-age
28,1,local,82,1,0.9994597954259336,0.9994597954259336,0,1,25,1,1,0,0,0,1,reliable,No-age
28,2,local,11,1,0.9878100248990366,0.9878100248990366,0,1,25,1,1,0,0,0,1,reliable,No-age
28,1,posterior,82,1,0.9972240270596996,0.9972240270596996,0,1,25,1,1,0,0,0,1,reliable,No-age
28,2,posterior,82,1,0.9972240270596996,0.9972240270596996,0,1,25,1,1,0,0,0,1,reliable,No-age
29,1,local,84,1,0.9995745017724612,0.9995745017724612,0,1,26,1,1,0,0,0,1,reliable,No-age
29,2,local,11,1,0.9872517867891026,0.9872517867891026,0,1,26,1,1,0,0,0,1,reliable,No-age
29,1,posterior,84,1,0.997477934466898,0.997477934466898,0,1,26,1,1,0,0,0,1,reliable,No-age
29,2,posterior,84,1,0.997477934466898,0.997477934466898,0,1,26,1,1,0,0,0,1,reliable,No-age
30,1,local,86,1,0.9995999839237596,0.9995999839237596,0,1,27,1,1,0,0,0,1,reliable,No-age
30,2,local,11,1,0.9875031551222291,0.9875031551222291,0,1,27,1,1,0,0,0,1,reliable,No-age
30,1,posterior,84,1,0.9975780464858102,0.9975780464858102,0,1,27,1,1,0,0,0,1,reliable,No-age
30,2,posterior,84,1,0.9975780464858102,0.9975780464858102,0,1,27,1,1,0,0,0,1,reliable,No-age
31,1,local,90,1,0.9995784105707266,0.9995784105707266,0,1,28,1,1,0,0,0,1,reliable,No-age
31,2,local,10,1,0.987602266020952,0.987602266020952,0,1,28,1,1,0,0,0,1,reliable,No-age
31,1,posterior,89,1,0.9975249856760053,0.9975249856760053,0,1,28,1,1,0,0,0,1,reliable,No-age
31,2,posterior,89,1,0.9975249856760053,0.9975249856760053,0,1,28,1,1,0,0,0,1,reliable,No-age
32,1,local,94,1,0.9994780804139307,0.9994780804139307,0,1,29,1,1,0,0,0,1,reliable,No-age
32,2,local,12,1,0.9875497358192453,0.9875497358192453,0,1,29,1,1,0,0,0,1,reliable,No-age
32,1,posterior,94,1,0.997243797608878,0.997243797608878,0,1,29,1,1,0,0,0,1,reliable,No-age
32,2,posterior,94,1,0.997243797608878,0.997243797608878,0,1,29,1,1,0,0,0,1,reliable,No-age
33,1,local,98,1,0.9995613928054752,0.9995613928054752,0,1,30,1,1,0,0,0,1,reliable,No-age
33,2,local,16,1,0.9872713596327892,0.9872713596327892,0,1,30,1,1,0,0,0,1,reliable,No-age
33,1,posterior,98,1,0.997441842489129,0.997441842489129,0,1,30,1,1,0,0,0,1,reliable,No-age
33,2,posterior,98,1,0.997441842489129,0.997441842489129,0,1,30,1,1,0,0,0,1,reliable,No-age
34,1,local,102,1,0.9996520544436495,0.9996520544436495,0,1,31,1,1,0,0,0,1,reliable,No-age
34,2,local,18,1,0.9874674240642377,0.9874674240642377,0,1,31,1,1,0,0,0,1,reliable,No-age
34,1,posterior,100,1,0.997736808186336,0.997736808186336,0,1,31,1,1,0,0,0,1,reliable,No-age
34,2,posterior,100,1,0.997736808186336,0.997736808186336,0,1,31,1,1,0,0,0,1,reliable,No-age
35,1,local,105,1,0.9994431112476402,0.9994431112476402,0,1,32,1,1,0,0,0,1,reliable,No-age
35,2,local,18,1,0.9877594401044727,0.9877594401044727,0,1,32,1,1,0,0,0,1,reliable,No-age
35,1,posterior,105,1,0.9971797921342311,0.9971797921342311,0,1,32,1,1,0,0,0,1,reliable,No-age
35,2,posterior,105,1,0.9971797921342311,0.9971797921342311,0,1,32,1,1,0,0,0,1,reliable,No-age
36,1,local,105,1,0.9995442505140393,0.9995442505140393,0,1,33,1,1,0,0,0,1,reliable,No-age
36,2,local,21,1,0.9872079942128889,0.9872079942128889,0,1,33,1,1,0,0,0,1,reliable,No-age
36,1,posterior,102,1,0.9973860584125079,0.9973860584125079,0,1,33,1,1,0,0,0,1,reliable,No-age
36,2,posterior,102,1,0.9973860584125079,0.9973860584125079,0,1,33,1,1,0,0,0,1,reliable,No-age
37,1,local,107,1,0.9996825530456166,0.9996825530456166,0,1,34,1,1,0,0,0,1,reliable,No-age
37,2,local,17,1,0.9874121978283829,0.9874121978283829,0,1,34,1,1,0,0,0,1,reliable,No-age
37,1,posterior,106,1,0.9978327432232141,0.9978327432232141,0,1,34,1,1,0,0,0,1,reliable,No-age
37,2,posterior,106,1,0.9978327432232141,0.9978327432232141,0,1,34,1,1,0,0,0,1,reliable,No-age
38,1,local,107,1,0.9995619760982394,0.9995619760982394,0,1,35,1,1,0,0,0,1,reliable,No-age
38,2,local,19,1,0.987854415790982,0.987854415790982,0,1,35,1,1,0,0,0,1,reliable,No-age
38,1,posterior,103,1,0.9975045495988473,0.9975045495988473,0,1,35,1,1,0,0,0,1,reliable,No-age
38,2,posterior,103,1,0.9975045495988473,0.9975045495988473,0,1,35,1,1,0,0,0,1,reliable,No-age
39,1,local,109,1,0.9995618804708506,0.9995618804708506,0,1,36,1,1,0,0,0,1,reliable,No-age
39,2,local,14,1,0.9875295041028588,0.9875295041028588,0,1,36,1,1,0,0,0,1,reliable,No-age
39,1,posterior,107,1,0.9974701323531814,0.9974701323531814,0,1,36,1,1,0,0,0,1,reliable,No-age
39,2,posterior,107,1,0.9974701323531814,0.9974701323531814,0,1,36,1,1,0,0,0,1,reliable,No-age
40,1,local,112,1,0.9996358389975962,0.9996358389975962,0,1,37,1,1,0,0,0,1,reliable,No-age
40,2,local,14,1,0.9874954310296495,0.9874954310296495,0,1,37,1,1,0,0,0,1,reliable,No-age
40,1,posterior,112,1,0.9976882675125034,0.9976882675125034,0,1,37,1,1,0,0,0,1,reliable,No-age
40,2,posterior,112,1,0.9976882675125034,0.9976882675125034,0,1,37,1,1,0,0,0,1,reliable,No-age
41,1,local,114,1,0.9994796478423721,0.9994796478423721,0,1,38,1,1,0,0,0,1,reliable,No-age
41,2,local,16,1,0.9877113848373783,0.9877113848373783,0,1,38,1,1,0,0,0,1,reliable,No-age
41,1,posterior,111,1,0.9972663913849519,0.9972663913849519,0,1,38,1,1,0,0,0,1,reliable,No-age
41,2,posterior,111,1,0.9972663913849519,0.9972663913849519,0,1,38,1,1,0,0,0,1,reliable,No-age
42,1,local,116,1,0.9995085555743362,0.9995085555743362,0,1,39,1,1,0,0,0,1,reliable,No-age
42,2,local,12,1,0.9872937274711023,0.9872937274711023,0,1,39,1,1,0,0,0,1,reliable,No-age
42,1,posterior,112,1,0.9972961528718993,0.9972961528718993,0,1,39,1,1,0,0,0,1,reliable,No-age
42,2,posterior,112,1,0.9972961528718993,0.9972961528718993,0,1,39,1,1,0,0,0,1,reliable,No-age
43,1,local,119,1,0.9995917757454442,0.9995917757454442,0,1,40,1,1,0,0,0,1,reliable,No-age
43,2,local,11,1,0.9873231913431804,0.9873231913431804,0,1,40,1,1,0,0,0,1,reliable,No-age
43,1,posterior,119,1,0.9975363301481188,0.9975363301481188,0,1,40,1,1,0,0,0,1,reliable,No-age
43,2,posterior,119,1,0.9975363301481188,0.9975363301481188,0,1,40,1,1,0,0,0,1,reliable,No-age
44,1,local,122,1,0.9996471516765937,0.9996471516765937,0,1,41,1,1,0,0,0,1,reliable,No-age
44,2,local,17,1,0.9875609668466376,0.9875609668466376,0,1,41,1,1,0,0,0,1,reliable,No-age
44,1,posterior,121,1,0.9977297780204325,0.9977297780204325,0,1,41,1,1,0,0,0,1,reliable,No-age
44,2,posterior,121,1,0.9977297780204325,0.9977297780204325,0,1,41,1,1,0,0,0,1,reliable,No-age
45,1,local,125,1,0.9996740976342634,0.9996740976342634,0,1,42,1,1,0,0,0,1,reliable,No-age
45,2,local,16,1,0.8896846115057898,0.8896846115057898,0,1,42,1,1,0,0,0,1,reliable,No-age
45,1,posterior,124,1,0.9931860676638484,0.9931860676638484,0,1,42,1,1,0,0,0,1,reliable,No-age
45,2,posterior,124,1,0.9931860676638484,0.9931860676638484,0,1,42,1,1,0,0,0,1,reliable,No-age
46,1,local,128,1,0.999437798283504,0.999437798283504,0,1,43,1,1,0,0,0,1,reliable,No-age
46,2,local,14,1,0.854474525186007,0.854474525186007,0,1,43,1,1,0,0,0,1,reliable,No-age
46,1,posterior,126,1,0.9895610212297214,0.9895610212297214,0,1,43,1,1,0,0,0,1,reliable,No-age
46,2,posterior,126,1,0.9895610212297214,0.9895610212297214,0,1,43,1,1,0,0,0,1,reliable,No-age
47,1,local,131,1,0.9992535041110664,0.9992535041110664,0,1,44,1,1,0,0,0,1,reliable,No-age
47,2,local,16,1,0.8281116252390618,0.8281116252390618,0,1,44,1,1,0,0,0,1,reliable,No-age
47,1,posterior,130,1,0.9867613828170859,0.9867613828170859,0,1,44,1,1,0,0,0,1,reliable,No-age
47,2,posterior,130,1,0.9867613828170859,0.9867613828170859,0,1,44,1,1,0,0,0,1,reliable,No-age
48,1,local,134,1,0.999059544030787,0.999059544030787,0,1,45,1,1,0,0,0,1,reliable,No-age
48,2,local,16,1,0.8087162984575976,0.8087162984575976,0,1,45,1,1,0,0,0,1,reliable,No-age
48,1,posterior,134,1,0.984172077025518,0.984172077025518,0,1,45,1,1,0,0,0,1,reliable,No-age
48,2,posterior,134,1,0.984172077025518,0.984172077025518,0,1,45,1,1,0,0,0,1,reliable,No-age
49,1,local,137,1,0.9993189508743405,0.9993189508743405,0,1,46,1,1,0,0,0,1,reliable,No-age
49,2,local,13,1,0.7914777819942571,0.7914777819942571,0,1,46,1,1,0,0,0,1,reliable,No-age
49,1,posterior,136,1,0.9857437803365199,0.9857437803365199,0,1,46,1,1,0,0,0,1,reliable,No-age
49,2,posterior,136,1,0.9857437803365197,0.9857437803365197,0,1,46,1,1,0,0,0,1,reliable,No-age
50,1,local,140,1,0.9989033657623905,0.9989033657623905,0,1,47,1,1,0,0,0,1,reliable,No-age
50,2,local,13,1,0.8018635711290312,0.8018635711290312,0,1,47,1,1,0,0,0,1,reliable,No-age
50,1,posterior,138,1,0.9825745843616744,0.9825745843616744,0,1,47,1,1,0,0,0,1,reliable,No-age
50,2,posterior,138,1,0.9825745843616744,0.9825745843616744,0,1,47,1,1,0,0,0,1,reliable,No-age
51,1,local,143,1,0.9990857197986382,0.9990857197986382,0,1,48,1,1,0,0,0,1,reliable,No-age
51,2,local,13,1,0.7811609498325818,0.7811609498325818,0,1,48,1,1,0,0,0,1,reliable,No-age
51,1,posterior,144,1,0.9830227320754552,0.9830227320754552,0,1,48,1,1,0,0,0,1,reliable,No-age
51,2,posterior,144,1,0.9830227320754554,0.9830227320754554,0,1,48,1,1,0,0,0,1,reliable,No-age
52,1,local,146,1,0.9989670958664355,0.9989670958664355,0,1,49,1,1,0,0,0,1,reliable,No-age
52,2,local,14,1,0.7840312731181702,0.7840312731181702,0,1,49,1,1,0,0,0,1,reliable,No-age
52,1,posterior,146,1,0.9821298710851247,0.9821298710851247,0,1,49,1,1,0,0,0,1,reliable,No-age
52,2,posterior,146,1,0.9821298710851247,0.9821298710851247,0,1,49,1,1,0,0,0,1,reliable,No-age
53,1,local,134,1,0.9988978633796395,0.9988978633796395,0,1,50,1,1,0,0,0,1,reliable,No-age
53,2,local,14,1,0.7783307625532058,0.7783307625532058,0,1,50,1,1,0,0,0,1,reliable,No-age
53,1,posterior,133,1,0.981249028424232,0.981249028424232,0,1,50,1,1,0,0,0,1,reliable,No-age
53,2,posterior,133,1,0.981249028424232,0.981249028424232,0,1,50,1,1,0,0,0,1,reliable,No-age
54,1,local,137,1,0.9991322626333115,0.9991322626333115,0,1,51,1,1,0,0,0,1,reliable,No-age
54,2,local,13,1,0.7727776848043931,0.7727776848043931,0,1,51,1,1,0,0,0,1,reliable,No-age
54,1,posterior,135,1,0.9830490419779248,0.9830490419779248,0,1,51,1,1,0,0,0,1,reliable,No-age
54,2,posterior,135,1,0.983049041977925,0.983049041977925,0,1,51,1,1,0,0,0,1,reliable,No-age
55,1,local,138,1,0.9991801688700679,0.9991801688700679,0,1,52,1,1,0,0,0,1,reliable,No-age
55,2,local,15,1,0.7842003583669522,0.7842003583669522,0,1,52,1,1,0,0,0,1,reliable,No-age
55,1,posterior,136,1,0.9840524143846792,0.9840524143846792,0,1,52,1,1,0,0,0,1,reliable,No-age
55,2,posterior,136,1,0.9840524143846792,0.9840524143846792,0,1,52,1,1,0,0,0,1,reliable,No-age
56,1,local,140,1,0.999265027352345,0.999265027352345,0,1,53,1,1,0,0,0,1,reliable,No-age
56,2,local,14,1,0.7906967248914063,0.7906967248914063,0,1,53,1,1,0,0,0,1,reliable,No-age
56,1,posterior,140,1,0.9851686320558634,0.9851686320558634,0,1,53,1,1,0,0,0,1,reliable,No-age
56,2,posterior,140,1,0.9851686320558634,0.9851686320558634,0,1,53,1,1,0,0,0,1,reliable,No-age
57,1,local,141,1,0.9991300292474613,0.9991300292474613,0,1,54,1,1,0,0,0,1,reliable,No-age
57,2,local,16,1,0.7980353885326232,0.7980353885326232,0,1,54,1,1,0,0,0,1,reliable,No-age
57,1,posterior,138,1,0.9842502930586331,0.9842502930586331,0,1,54,1,1,0,0,0,1,reliable,No-age
57,2,posterior,138,1,0.9842502930586331,0.9842502930586331,0,1,54,1,1,0,0,0,1,reliable,No-age
58,1,local,143,1,0.9992669379060924,0.9992669379060924,0,1,55,1,1,0,0,0,1,reliable,No-age
58,2,local,13,1,0.7919890420940287,0.7919890420940287,0,1,55,1,1,0,0,0,1,reliable,No-age
58,1,posterior,143,1,0.9852471553701918,0.9852471553701918,0,1,55,1,1,0,0,0,1,reliable,No-age
58,2,posterior,143,1,0.9852471553701918,0.9852471553701918,0,1,55,1,1,0,0,0,1,reliable,No-age
59,1,local,145,1,0.9989573253965481,0.9989573253965481,0,1,56,1,1,0,0,0,1,reliable,No-age
59,2,local,17,1,0.7985561457158719,0.7985561457158719,0,1,56,1,1,0,0,0,1,reliable,No-age
59,1,posterior,145,1,0.9828201794013695,0.9828201794013695,0,1,56,1,1,0,0,0,1,reliable,No-age
59,2,posterior,145,1,0.9828201794013695,0.9828201794013695,0,1,56,1,1,0,0,0,1,reliable,No-age
60,1,local,147,2,1.0026550889630568,0.9992736210978699,1,1,57,2,2,0,0,0,1,reliable,No-age
60,2,local,19,1,0.7827316678844588,0.7827316678844588,0,1,57,1,1,0,0,0,1,reliable,No-age
60,1,posterior,149,2,0.9867381853812931,0.9848986600297652,1,1,57,2,2,0,0,0,1,reliable,No-age
60,2,posterior,149,2,0.9867381853812931,0.9848986600297652,1,1,57,2,2,0,0,0,1,reliable,No-age
61,1,local,144,1,0.9989203309280761,0.9989203309280761,0,1,58,1,1,0,0,0,1,reliable,No-age
61,2,local,20,1,0.7962495064675514,0.7962495064675514,0,1,58,1,1,0,0,0,1,reliable,No-age
61,1,posterior,145,1,0.982405265514312,0.982405265514312,0,1,58,1,1,0,0,0,1,reliable,No-age
61,2,posterior,145,1,0.982405265514312,0.982405265514312,0,1,58,1,1,0,0,0,1,reliable,No-age
62,1,local,145,2,1.0022714698860806,0.9989967133355291,1,1,59,2,2,0,0,0,1,reliable,No-age
62,2,local,20,1,0.7800812717702202,0.7800812717702202,0,1,59,1,1,0,0,0,1,reliable,No-age
62,1,posterior,146,2,0.9839817315122387,0.9821715081958743,1,1,59,2,2,0,0,0,1,reliable,No-age
62,2,posterior,146,2,0.9839817315122387,0.9821715081958743,1,1,59,2,2,0,0,0,1,reliable,No-age
63,1,local,147,1,0.9991456316245211,0.9991456316245211,0,1,60,1,1,0,0,0,1,reliable,No-age
63,2,local,21,1,0.7785949820952962,0.7785949820952962,0,1,60,1,1,0,0,0,1,reliable,No-age
63,1,posterior,150,1,0.98345590398892,0.98345590398892,0,1,60,1,1,0,0,0,1,reliable,No-age
63,2,posterior,150,1,0.98345590398892,0.98345590398892,0,1,60,1,1,0,0,0,1,reliable,No-age
64,1,local,148,2,1.0022098201672553,0.9988480422344289,1,1,61,2,2,0,0,0,1,reliable,No-age
64,2,local,25,1,0.78682328480545,0.78682328480545,0,1,61,1,1,0,0,0,1,reliable,No-age
64,1,posterior,148,2,0.9831501564061627,0.9813160028028493,1,1,61,2,2,0,0,0,1,reliable,No-age
64,2,posterior,148,2,0.9831501564061627,0.9813160028028493,1,1,61,2,2,0,0,0,1,reliable,No-age
65,1,local,149,2,1.002116349394191,0.9986602532627583,1,1,62,2,2,0,0,0,1,reliable,No-age
65,2,local,22,1,0.7731974731489011,0.7731974731489011,0,1,62,1,1,0,0,0,1,reliable,No-age
65,1,posterior,154,2,0.9809440779990298,0.979084332504446,1,1,62,2,2,0,0,0,1,reliable,No-age
65,2,posterior,154,2,0.9809440779990298,0.979084332504446,1,1,62,2,2,0,0,0,1,reliable,No-age
66,1,local,153,1,0.9988092219104877,0.9988092219104877,0,1,63,1,1,0,0,0,1,reliable,No-age
66,2,local,25,1,0.7594209739841097,0.7594209739841097,0,1,63,1,1,0,0,0,1,reliable,No-age
66,1,posterior,159,1,0.9794707551850668,0.9794707551850668,0,1,63,1,1,0,0,0,1,reliable,No-age
66,2,posterior,159,1,0.9794707551850668,0.9794707551850668,0,1,63,1,1,0,0,0,1,reliable,No-age
67,1,local,156,1,0.9983038622152549,0.9983038622152549,0,1,64,1,1,0,0,0,1,reliable,No-age
67,2,local,24,1,0.7617756192911556,0.7617756192911556,0,1,64,1,1,0,0,0,1,reliable,No-age
67,1,posterior,157,1,0.9757940338086583,0.9757940338086583,0,1,64,1,1,0,0,0,1,reliable,No-age
67,2,posterior,157,1,0.9757940338086583,0.9757940338086583,0,1,64,1,1,0,0,0,1,reliable,No-age
68,1,local,155,2,1.0019607899615512,0.9985102735490938,1,1,65,2,2,0,0,0,1,reliable,No-age
68,2,local,21,1,0.739874759036102,0.739874759036102,0,1,65,1,1,0,0,0,1,reliable,No-age
68,1,posterior,164,2,0.9777604333812476,0.9759021921344812,1,1,65,2,2,0,0,0,1,reliable,No-age
68,2,posterior,164,2,0.9777604333812476,0.9759021921344812,1,1,65,2,2,0,0,0,1,reliable,No-age
69,1,local,161,2,1.0016975795571152,0.9982372003797045,1,1,66,2,2,0,0,0,1,reliable,No-age
69,2,local,28,1,0.7405033172840809,0.7405033172840809,0,1,66,1,1,0,0,0,1,reliable,No-age
69,1,posterior,169,2,0.9757668264504779,0.9739059270989072,1,1,66,2,2,0,0,0,1,reliable,No-age
69,2,posterior,169,2,0.9757668264504781,0.9739059270989074,1,1,66,2,2,0,0,0,1,reliable,No-age
70,1,local,164,2,1.0018129255899155,0.9983543146144405,1,1,67,2,2,0,0,0,1,reliable,No-age
70,2,local,31,1,0.7290496693662116,0.7290496693662116,0,1,67,1,1,0,0,0,1,reliable,No-age
70,1,posterior,172,2,0.9758712831080275,0.974010860025856,1,1,67,2,2,0,0,0,1,reliable,No-age
70,2,posterior,172,2,0.9758712831080275,0.974010860025856,1,1,67,2,2,0,0,0,1,reliable,No-age
71,1,local,165,2,1.0017983230984262,0.9983754849516389,1,1,68,2,2,0,0,0,1,reliable,No-age
71,2,local,33,1,0.7296440490360231,0.7296440490360231,0,1,68,1,1,0,0,0,1,reliable,No-age
71,1,posterior,175,2,0.97605728291813,0.9742065214369628,1,1,68,2,2,0,0,0,1,reliable,No-age
71,2,posterior,175,2,0.9760572829181302,0.9742065214369631,1,1,68,2,2,0,0,0,1,reliable,No-age
72,1,local,168,1,0.9987505504274873,0.9987505504274873,0,1,69,1,1,0,0,0,1,reliable,No-age
72,2,local,35,1,0.7307545981156691,0.7307545981156691,0,1,69,1,1,0,0,0,1,reliable,No-age
72,1,posterior,178,1,0.9773562204844526,0.9773562204844526,0,1,69,1,1,0,0,0,1,reliable,No-age
72,2,posterior,178,1,0.9773562204844526,0.9773562204844526,0,1,69,1,1,0,0,0,1,reliable,No-age
73,1,local,167,2,1.0008655848621457,0.9974806856547395,1,1,70,2,2,0,0,0,1,reliable,No-age
73,2,local,38,1,0.7490444029205938,0.7490444029205938,0,1,70,1,1,0,0,0,1,reliable,No-age
73,1,posterior,180,2,0.9715497644524635,0.969709304563845,1,1,70,2,2,0,0,0,1,reliable,No-age
73,2,posterior,180,2,0.9715497644524635,0.969709304563845,1,1,70,2,2,0,0,0,1,reliable,No-age
74,1,local,168,2,1.0012609297899555,0.9978344945195715,1,1,71,2,2,0,0,0,1,reliable,No-age
74,2,local,40,1,0.7059483807586372,0.7059483807586372,0,1,71,1,1,0,0,0,1,reliable,No-age
74,1,posterior,183,2,0.9704631385022015,0.9686114032413771,1,1,71,2,2,0,0,0,1,reliable,No-age
74,2,posterior,183,2,0.9704631385022015,0.9686114032413771,1,1,71,2,2,0,0,0,1,reliable,No-age
75,1,local,170,2,1.0006702916368144,0.9972847216850982,1,1,72,2,2,0,0,0,1,reliable,No-age
75,2,local,45,1,0.7001128819020934,0.7001128819020934,0,1,72,1,1,0,0,0,1,reliable,No-age
75,1,posterior,181,2,0.9663825239515391,0.9645418814385457,1,1,72,2,2,0,0,0,1,reliable,No-age
75,2,posterior,181,2,0.9663825239515393,0.9645418814385459,1,1,72,2,2,0,0,0,1,reliable,No-age
76,1,local,171,2,1.0006971661033695,0.9973663076957056,1,1,73,2,2,0,0,0,1,reliable,No-age
76,2,local,43,1,0.6791911513157679,0.6791911513157679,0,1,73,1,1,0,0,0,1,reliable,No-age
76,1,posterior,186,2,0.9651540977622713,0.9633284111732624,1,1,73,2,2,0,0,0,1,reliable,No-age
76,2,posterior,186,2,0.9651540977622716,0.9633284111732626,1,1,73,2,2,0,0,0,1,reliable,No-age
77,1,local,174,2,1.0002253274150825,0.9968731507399515,1,1,74,2,2,0,0,0,1,reliable,No-age
77,2,local,29,1,0.6731598818813908,0.6731598818813908,0,1,74,1,1,0,0,0,1,reliable,No-age
77,1,posterior,170,2,0.9615162462125509,0.9596847176642058,1,1,74,2,2,0,0,0,1,reliable,No-age
77,2,posterior,170,2,0.9615162462125513,0.9596847176642062,1,1,74,2,2,0,0,0,1,reliable,No-age
78,1,local,171,2,1.0001359597446087,0.9969044265683938,1,1,75,2,2,0,0,0,1,reliable,No-age
78,2,local,27,1,0.655590575213063,0.655590575213063,0,1,75,1,1,0,0,0,1,reliable,No-age
78,1,posterior,168,2,0.9600702972690669,0.9582720775316674,1,1,75,2,2,0,0,0,1,reliable,No-age
78,2,posterior,168,2,0.9600702972690669,0.9582720775316674,1,1,75,2,2,0,0,0,1,reliable,No-age
79,1,local,169,2,1.0006521794767864,0.9973832264872243,1,1,76,2,2,0,0,0,1,reliable,No-age
79,2,local,26,1,0.6489889790147685,0.6489889790147685,0,1,76,1,1,0,0,0,1,reliable,No-age
79,1,posterior,165,2,0.962759029864032,0.9609504136617179,1,1,76,2,2,0,0,0,1,reliable,No-age
79,2,posterior,165,2,0.962759029864032,0.9609504136617179,1,1,76,2,2,0,0,0,1,reliable,No-age
80,1,local,170,2,0.9986920514593457,0.9954227670667826,1,1,77,2,2,0,0,0,1,reliable,No-age
80,2,local,19,1,0.6616036310493363,0.6616036310493363,0,1,77,1,1,0,0,0,1,reliable,No-age
80,1,posterior,169,2,0.9523169706550488,0.9505082626429274,1,1,77,2,2,0,0,0,1,reliable,No-age
80,2,posterior,169,2,0.9523169706550488,0.9505082626429274,1,1,77,2,2,0,0,0,1,reliable,No-age
81,1,local,169,2,0.9994476158829712,0.9960957941947041,1,1,78,2,2,0,0,0,1,reliable,No-age
81,2,local,19,1,0.6146445272593944,0.6146445272593944,0,1,78,1,1,0,0,0,1,reliable,No-age
81,1,posterior,168,2,0.9511110857953525,0.9492796543746009,1,1,78,2,2,0,0,0,1,reliable,No-age
81,2,posterior,168,2,0.9511110857953525,0.9492796543746009,1,1,78,2,2,0,0,0,1,reliable,No-age
82,1,local,170,2,0.9991065560293539,0.9957931276015152,1,1,79,2,2,0,0,0,1,reliable,No-age
82,2,local,17,1,0.6094920011727247,0.6094920011727247,0,1,79,1,1,0,0,0,1,reliable,No-age
82,1,posterior,168,2,0.9487507807902474,0.946929884448999,1,1,79,2,2,0,0,0,1,reliable,No-age
82,2,posterior,168,2,0.9487507807902472,0.9469298844489987,1,1,79,2,2,0,0,0,1,reliable,No-age
83,1,local,169,2,1.0005186578851115,0.9972936813455441,1,1,80,2,2,0,0,0,1,reliable,No-age
83,2,local,17,1,0.599838595279284,0.599838595279284,0,1,80,1,1,0,0,0,1,reliable,No-age
83,1,posterior,169,2,0.95784180369807,0.9560454117596193,1,1,80,2,2,0,0,0,1,reliable,No-age
83,2,posterior,169,2,0.95784180369807,0.9560454117596193,1,1,80,2,2,0,0,0,1,reliable,No-age
84,1,local,172,2,1.0002169364720543,0.9968769409996072,1,1,81,2,2,0,0,0,1,reliable,No-age
84,2,local,19,1,0.638810985238169,0.638810985238169,0,1,81,1,1,0,0,0,1,reliable,No-age
84,1,posterior,171,2,0.9584505217188997,0.9566223289830914,1,1,81,2,2,0,0,0,1,reliable,No-age
84,2,posterior,171,2,0.9584505217188997,0.9566223289830914,1,1,81,2,2,0,0,0,1,reliable,No-age
85,1,local,173,2,1.0019870259396206,0.9985881635655407,1,1,82,2,2,0,0,0,1,reliable,No-age
85,2,local,20,1,0.6414217958185521,0.6414217958185521,0,1,82,1,1,0,0,0,1,reliable,No-age
85,1,posterior,167,2,0.9723549694405332,0.9705107114837003,1,1,82,2,2,0,0,0,1,reliable,No-age
85,2,posterior,167,2,0.9723549694405332,0.9705107114837003,1,1,82,2,2,0,0,0,1,reliable,No-age
86,1,local,175,2,1.001407318392431,0.9981681532692279,1,1,83,2,2,0,0,0,1,reliable,No-age
86,2,local,12,1,0.7102612577347444,0.7102612577347444,0,1,83,1,1,0,0,0,1,reliable,No-age
86,1,posterior,174,2,0.9731542894565257,0.9713539444745503,1,1,83,2,2,0,0,0,1,reliable,No-age
86,2,posterior,174,2,0.9731542894565257,0.9713539444745503,1,1,83,2,2,0,0,0,1,reliable,No-age
87,1,local,174,2,1.000675867189522,0.9975803957819052,1,1,84,2,2,0,0,0,1,reliable,No-age
87,2,local,16,1,0.7148486596034328,0.7148486596034328,0,1,84,1,1,0,0,0,1,reliable,No-age
87,1,posterior,174,2,0.9693594071426465,0.9675995035408416,1,1,84,2,2,0,0,0,1,reliable,No-age
87,2,posterior,174,2,0.9693594071426461,0.9675995035408412,1,1,84,2,2,0,0,0,1,reliable,No-age
88,1,local,175,2,1.0004574669203654,0.997250658563292,1,1,85,2,2,0,0,0,1,reliable,No-age
88,2,local,17,1,0.6948078276508468,0.6948078276508468,0,1,85,1,1,0,0,0,1,reliable,No-age
88,1,posterior,175,2,0.9656846566283842,0.9638933391195955,1,1,85,2,2,0,0,0,1,reliable,No-age
88,2,posterior,175,2,0.9656846566283842,0.9638933391195955,1,1,85,2,2,0,0,0,1,reliable,No-age
89,1,local,37,2,0.996215184933402,0.9949599485625291,1,1,86,2,2,0,0,0,1,reliable,No-age
89,2,local,18,1,0.6759562305255569,0.6759562305255569,0,1,86,1,1,0,0,0,1,reliable,No-age
89,1,posterior,33,2,0.9505240233013479,0.9494036418575617,1,1,86,2,2,0,0,0,1,reliable,No-age
89,2,posterior,33,2,0.9505240233013479,0.9494036418575617,1,1,86,2,2,0,0,0,1,reliable,No-age
90,1,local,37,2,0.9952470776700242,0.9939716696734191,1,1,87,2,2,0,0,0,1,reliable,No-age
90,2,local,14,1,0.6100086573089978,0.6100086573089978,0,1,87,1,1,0,0,0,1,reliable,No-age
90,1,posterior,35,2,0.938099430427758,0.9369700813421986,1,1,87,2,2,0,0,0,1,reliable,No-age
90,2,posterior,35,2,0.938099430427758,0.9369700813421986,1,1,87,2,2,0,0,0,1,reliable,No-age
91,1,local,38,2,0.9980629320916451,0.9967685916745156,1,1,88,2,2,0,0,0,1,reliable,No-age
91,2,local,15,1,0.5616385953049191,0.5616385953049191,0,1,88,1,1,0,0,0,1,reliable,No-age
91,1,posterior,37,2,0.9495719897544427,0.9484342881307118,1,1,88,2,2,0,0,0,1,reliable,No-age
91,2,posterior,37,2,0.9495719897544427,0.9484342881307118,1,1,88,2,2,0,0,0,1,reliable,No-age
92,1,local,40,1,0.9984240174152773,0.9984240174152773,0,1,89,1,1,0,0,0,1,reliable,No-age
92,2,local,17,1,0.6059889939301566,0.6059889939301566,0,1,89,1,1,0,0,0,1,reliable,No-age
92,1,posterior,39,1,0.9669074209493881,0.9669074209493881,0,1,89,1,1,0,0,0,1,reliable,No-age
92,2,posterior,39,1,0.9669074209493883,0.9669074209493883,0,1,89,1,1,0,0,0,1,reliable,No-age
93,1,local,43,1,0.9984453285548817,0.9984453285548817,0,1,90,1,1,0,0,0,1,reliable,No-age
93,2,local,17,1,0.6912192468827072,0.6912192468827072,0,1,90,1,1,0,0,0,1,reliable,No-age
93,1,posterior,39,1,0.9726599402511013,0.9726599402511013,0,1,90,1,1,0,0,0,1,reliable,No-age
93,2,posterior,39,1,0.972659940251101,0.972659940251101,0,1,90,1,1,0,0,0,1,reliable,No-age
94,1,local,39,2,0.9982457957997386,0.9969959085973429,1,1,91,2,2,0,0,0,1,reliable,No-age
94,2,local,14,1,0.7220556311386405,0.7220556311386405,0,1,91,1,1,0,0,0,1,reliable,No-age
94,1,posterior,38,2,0.9653587311251,0.9642407397920892,1,1,91,2,2,0,0,0,1,reliable,No-age
94,2,posterior,38,2,0.9653587311251,0.9642407397920892,1,1,91,2,2,0,0,0,1,reliable,No-age
95,1,local,41,1,0.9989568884508075,0.9989568884508075,0,1,92,1,1,0,0,0,1,reliable,No-age
95,2,local,17,1,0.6776857598889972,0.6776857598889972,0,1,92,1,1,0,0,0,1,reliable,No-age
95,1,posterior,36,1,0.9765811018966752,0.9765811018966752,0,1,92,1,1,0,0,0,1,reliable,No-age
95,2,posterior,36,1,0.9765811018966755,0.9765811018966755,0,1,92,1,1,0,0,0,1,reliable,No-age
96,1,local,44,1,0.9987977698740457,0.9987977698740457,0,1,93,1,1,0,0,0,1,reliable,No-age
96,2,local,14,1,0.7444700826044245,0.7444700826044245,0,1,93,1,1,0,0,0,1,reliable,No-age
96,1,posterior,43,1,0.9786871984763176,0.9786871984763176,0,1,93,1,1,0,0,0,1,reliable,No-age
96,2,posterior,43,1,0.9786871984763176,0.9786871984763176,0,1,93,1,1,0,0,0,1,reliable,No-age
97,1,local,41,2,0.9991267524365443,0.9978877862154916,1,1,94,2,2,0,0,0,1,reliable,No-age
97,2,local,18,1,0.7570142596456096,0.7570142596456096,0,1,94,1,1,0,0,0,1,reliable,No-age
97,1,posterior,38,2,0.9735699565156509,0.9724568607946596,1,1,94,2,2,0,0,0,1,reliable,No-age
97,2,posterior,38,2,0.9735699565156511,0.9724568607946599,1,1,94,2,2,0,0,0,1,reliable,No-age
98,1,local,44,1,0.9980807333237405,0.9980807333237405,0,1,95,1,1,0,0,0,1,reliable,No-age
98,2,local,15,1,0.7209267162445618,0.7209267162445618,0,1,95,1,1,0,0,0,1,reliable,No-age
98,1,posterior,42,1,0.9718164084369567,0.9718164084369567,0,1,95,1,1,0,0,0,1,reliable,No-age
98,2,posterior,42,1,0.9718164084369567,0.9718164084369567,0,1,95,1,1,0,0,0,1,reliable,No-age
99,1,local,47,1,0.998723572407068,0.998723572407068,0,1,96,1,1,0,0,0,1,reliable,No-age
99,2,local,17,1,0.717386405975914,0.717386405975914,0,1,96,1,1,0,0,0,1,reliable,No-age
99,1,posterior,44,1,0.9764727579579183,0.9764727579579183,0,1,96,1,1,0,0,0,1,reliable,No-age
99,2,posterior,44,1,0.9764727579579183,0.9764727579579183,0,1,96,1,1,0,0,0,1,reliable,No-age
100,1,local,51,1,0.9991314492497722,0.9991314492497722,0,1,97,1,1,0,0,0,1,reliable,No-age
100,2,local,14,1,0.7438345693894468,0.7438345693894468,0,1,97,1,1,0,0,0,1,reliable,No-age
100,1,posterior,50,1,0.9816870840589843,0.9816870840589843,0,1,97,1,1,0,0,0,1,reliable,No-age
100,2,posterior,50,1,0.9816870840589843,0.9816870840589843,0,1,97,1,1,0,0,0,1,reliable,No-age
101,1,local,55,1,0.9989183719539922,0.9989183719539922,0,1,98,1,1,0,0,0,1,reliable,No-age
101,2,local,17,1,0.7755306155070174,0.7755306155070174,0,1,98,1,1,0,0,0,1,reliable,No-age
101,1,posterior,52,1,0.9814354139759058,0.9814354139759058,0,1,98,1,1,0,0,0,1,reliable,No-age
101,2,posterior,52,1,0.9814354139759058,0.9814354139759058,0,1,98,1,1,0,0,0,1,reliable,No-age
102,1,local,46,2,0.9988680855219764,0.9976285017694363,1,1,99,2,2,0,0,0,1,reliable,No-age
102,2,local,14,1,0.7739469198741767,0.7739469198741767,0,1,99,1,1,0,0,0,1,reliable,No-age
102,1,posterior,44,2,0.9731499837383611,0.9720366106196654,1,1,99,2,2,0,0,0,1,reliable,No-age
102,2,posterior,44,2,0.9731499837383611,0.9720366106196654,1,1,99,2,2,0,0,0,1,reliable,No-age
103,1,local,47,1,0.9995789439893733,0.9995789439893733,0,1,100,1,1,0,0,0,1,reliable,No-age
103,2,local,14,1,0.7186002421528256,0.7186002421528256,0,1,100,1,1,0,0,0,1,reliable,No-age
103,1,posterior,44,1,0.9863412730796328,0.9863412730796328,0,1,100,1,1,0,0,0,1,reliable,No-age
103,2,posterior,44,1,0.9863412730796328,0.9863412730796328,0,1,100,1,1,0,0,0,1,reliable,No-age
104,1,local,52,1,0.9980126368648101,0.9980126368648101,0,1,101,1,1,0,0,0,1,reliable,No-age
104,2,local,11,1,0.8058747703443367,0.8058747703443367,0,1,101,1,1,0,0,0,1,reliable,No-age
104,1,posterior,52,1,0.9773835119530361,0.9773835119530361,0,1,101,1,1,0,0,0,1,reliable,No-age
104,2,posterior,52,1,0.9773835119530361,0.9773835119530361,0,1,101,1,1,0,0,0,1,reliable,No-age
105,1,local,50,2,1.0001244879855813,0.9988764228254975,1,1,102,2,2,0,0,0,1,reliable,No-age
105,2,local,15,1,0.7492063536232694,0.7492063536232694,0,1,102,1,1,0,0,0,1,reliable,No-age
105,1,posterior,47,2,0.9803012072905428,0.9791840312464687,1,1,102,2,2,0,0,0,1,reliable,No-age
105,2,posterior,47,2,0.9803012072905428,0.9791840312464687,1,1,102,2,2,0,0,0,1,reliable,No-age
106,1,local,50,2,0.9988238958552028,0.9975866374534982,1,1,103,2,2,0,0,0,1,reliable,No-age
106,2,local,15,1,0.7600272659607151,0.7600272659607151,0,1,103,1,1,0,0,0,1,reliable,No-age
106,1,posterior,48,2,0.9719900422010381,0.9708777139992048,1,1,103,2,2,0,0,0,1,reliable,No-age
106,2,posterior,48,2,0.9719900422010379,0.9708777139992045,1,1,103,2,2,0,0,0,1,reliable,No-age
107,1,local,46,1,0.9986435405980574,0.9986435405980574,0,1,104,1,1,0,0,0,1,reliable,No-age
107,2,local,14,1,0.7122515667973259,0.7122515667973259,0,1,104,1,1,0,0,0,1,reliable,No-age
107,1,posterior,45,1,0.9756200660443833,0.9756200660443833,0,1,104,1,1,0,0,0,1,reliable,No-age
107,2,posterior,45,1,0.9756200660443832,0.9756200660443832,0,1,104,1,1,0,0,0,1,reliable,No-age
108,1,local,46,1,0.9971374282874554,0.9971374282874554,0,1,105,1,1,0,0,0,1,reliable,No-age
108,2,local,12,1,0.7388656957149167,0.7388656957149167,0,1,105,1,1,0,0,0,1,reliable,No-age
108,1,posterior,46,1,0.9673541453334981,0.9673541453334981,0,1,105,1,1,0,0,0,1,reliable,No-age
108,2,posterior,46,1,0.9673541453334981,0.9673541453334981,0,1,105,1,1,0,0,0,1,reliable,No-age
109,1,local,24,1,0.9974683255685969,0.9974683255685969,0,1,106,1,1,0,0,0,1,reliable,No-age
109,2,local,13,1,0.6935319312117958,0.6935319312117958,0,1,106,1,1,0,0,0,1,reliable,No-age
109,1,posterior,22,1,0.9657423256748301,0.9657423256748301,0,1,106,1,1,0,0,0,1,reliable,No-age
109,2,posterior,22,1,0.9657423256748301,0.9657423256748301,0,1,106,1,1,0,0,0,1,reliable,No-age
110,1,local,28,1,0.9977013110008697,0.9977013110008697,0,1,107,1,1,0,0,0,1,reliable,No-age
110,2,local,11,1,0.6852496537187646,0.6852496537187646,0,1,107,1,1,0,0,0,1,reliable,No-age
110,1,posterior,28,1,0.9666183376329253,0.9666183376329253,0,1,107,1,1,0,0,0,1,reliable,No-age
110,2,posterior,28,1,0.966618337632925,0.966618337632925,0,1,107,1,1,0,0,0,1,reliable,No-age
111,1,local,32,1,0.9981194436521175,0.9981194436521175,0,1,108,1,1,0,0,0,1,reliable,No-age
111,2,local,15,1,0.6897297394141477,0.6897297394141477,0,1,108,1,1,0,0,0,1,reliable,No-age
111,1,posterior,28,1,0.9696337074385083,0.9696337074385083,0,1,108,1,1,0,0,0,1,reliable,No-age
111,2,posterior,28,1,0.9696337074385085,0.9696337074385085,0,1,108,1,1,0,0,0,1,reliable,No-age
112,1,local,35,1,0.9967091072339186,0.9967091072339186,0,1,109,1,1,0,0,0,1,reliable,No-age
112,2,local,12,1,0.7055438814386898,0.7055438814386898,0,1,109,1,1,0,0,0,1,reliable,No-age
112,1,posterior,33,1,0.9619275583198504,0.9619275583198504,0,1,109,1,1,0,0,0,1,reliable,No-age
112,2,posterior,33,1,0.9619275583198509,0.9619275583198509,0,1,109,1,1,0,0,0,1,reliable,No-age
113,1,local,39,1,0.9976592088415102,0.9976592088415102,0,1,110,1,1,0,0,0,1,reliable,No-age
113,2,local,16,1,0.6663107483556759,0.6663107483556759,0,1,110,1,1,0,0,0,1,reliable,No-age
113,1,posterior,36,1,0.9642808746510971,0.9642808746510971,0,1,110,1,1,0,0,0,1,reliable,No-age
113,2,posterior,36,1,0.9642808746510971,0.9642808746510971,0,1,110,1,1,0,0,0,1,reliable,No-age
114,1,local,39,1,0.9980052977296853,0.9980052977296853,0,1,111,1,1,0,0,0,1,reliable,No-age
114,2,local,18,1,0.6778860606414366,0.6778860606414366,0,1,111,1,1,0,0,0,1,reliable,No-age
114,1,posterior,44,1,0.9677059938982713,0.9677059938982713,0,1,111,1,1,0,0,0,1,reliable,No-age
114,2,posterior,44,1,0.9677059938982713,0.9677059938982713,0,1,111,1,1,0,0,0,1,reliable,No-age
115,1,local,42,1,0.996420404625044,0.996420404625044,0,1,112,1,1,0,0,0,1,reliable,No-age
115,2,local,23,1,0.6953628522230779,0.6953628522230779,0,1,112,1,1,0,0,0,1,reliable,No-age
115,1,posterior,47,1,0.9595474040552934,0.9595474040552934,0,1,112,1,1,0,0,0,1,reliable,No-age
115,2,posterior,47,1,0.9595474040552929,0.9595474040552929,0,1,112,1,1,0,0,0,1,reliable,No-age
116,1,local,44,1,0.993069952647725,0.993069952647725,0,1,113,1,1,0,0,0,1,reliable,No-age
116,2,local,24,1,0.6549438494786378,0.6549438494786378,0,1,113,1,1,0,0,0,1,reliable,No-age
116,1,posterior,52,1,0.9398452019448866,0.9398452019448866,0,1,113,1,1,0,0,0,1,reliable,No-age
116,2,posterior,52,1,0.9398452019448866,0.9398452019448866,0,1,113,1,1,0,0,0,1,reliable,No-age
117,1,local,48,1,0.9950532173544471,0.9950532173544471,0,1,114,1,1,0,0,0,1,reliable,No-age
117,2,local,22,1,0.5722377758150552,0.5722377758150552,0,1,114,1,1,0,0,0,1,reliable,No-age
117,1,posterior,48,1,0.9383064643382508,0.9383064643382508,0,1,114,1,1,0,0,0,1,reliable,No-age
117,2,posterior,48,1,0.9383064643382504,0.9383064643382504,0,1,114,1,1,0,0,0,1,reliable,No-age
118,1,local,22,2,0.9930040856410238,0.9916833482642722,1,1,115,2,2,0,0,0,1,reliable,No-age
118,2,local,19,1,0.5665240003009627,0.5665240003009627,0,1,115,1,1,0,0,0,1,reliable,No-age
118,1,posterior,22,2,0.9196569510615199,0.9185077048629754,1,1,115,2,2,0,0,0,1,reliable,No-age
118,2,posterior,22,2,0.9196569510615199,0.9185077048629754,1,1,115,2,2,0,0,0,1,reliable,No-age
119,1,local,22,2,0.9905839805241953,0.989251013520806,1,1,116,2,2,0,0,0,1,reliable,No-age
119,2,local,22,1,0.5007018816657665,0.5007018816657665,0,1,116,1,1,0,0,0,1,reliable,No-age
119,1,posterior,21,2,0.8992407574512007,0.8980862017459763,1,1,116,2,2,0,0,0,1,reliable,No-age
119,2,posterior,21,2,0.8992407574512007,0.8980862017459763,1,1,116,2,2,0,0,0,1,reliable,No-age
120,1,local,19,1,0.9949676199861998,0.9949676199861998,0,1,117,1,1,0,0,0,1,reliable,No-age
120,2,local,22,1,0.44498610528382637,0.44498610528382637,0,1,117,1,1,0,0,0,1,reliable,No-age
120,1,posterior,23,1,0.9224198810694909,0.9224198810694909,0,1,117,1,1,0,0,0,1,reliable,No-age
120,2,posterior,23,1,0.9224198810694909,0.9224198810694909,0,1,117,1,1,0,0,0,1,reliable,No-age
121,1,local,27,1,0.9923482121270508,0.9923482121270508,0,1,118,1,1,0,0,0,1,reliable,No-age
121,2,local,24,1,0.5126744809815471,0.5126744809815471,0,1,118,1,1,0,0,0,1,reliable,No-age
121,1,posterior,25,1,0.9169672125256173,0.9169672125256173,0,1,118,1,1,0,0,0,1,reliable,No-age
121,2,posterior,25,1,0.9169672125256173,0.9169672125256173,0,1,118,1,1,0,0,0,1,reliable,No-age
122,1,local,30,0,0.0,0.0,0,0,0,0,0,0,0,0,0,reliable,No-age
122,2,local,21,1,0.4961124928366241,0.4961124928366241,0,1,119,1,1,0,0,0,1,reliable,No-age
122,1,posterior,29,1,0.6932274976562702,0.6932274976562702,0,1,119,1,1,0,0,0,1,reliable,No-age
122,2,posterior,29,1,0.6932274976562702,0.6932274976562702,0,1,119,1,1,0,0,0,1,reliable,No-age
123,1,local,32,2,0.9606205042182571,0.9577272857283983,0,1,121,2,2,0,0,0,1,reliable,No-age
123,2,local,26,0,0.0,0.0,0,0,0,0,0,0,0,0,0,reliable,No-age
123,1,posterior,32,0,0.0,0.0,0,0,0,0,0,0,0,0,0,reliable,No-age
123,2,posterior,32,0,0.0,0.0,0,0,0,0,0,0,0,0,0,reliable,No-age
124,1,local,29,8,0.0899200431632278,0.023016667530210044,3,0,12,9,9,0,0,0,1,reliable,No-age
124,2,local,17,0,0.0,0.0,0,0,0,0,0,0,0,0,0,reliable,No-age
124,1,posterior,28,7,0.02160191606788825,0.00483271286536111,2,0,12,9,9,0,0,0,1,reliable,No-age
124,2,posterior,28,7,0.02160191606788824,0.00483271286536111,2,0,12,9,9,0,0,0,1,reliable,No-age
125,1,local,20,1,0.001205606071050705,0.001205606071050705,1,0,0,1,1,0,0,0,1,reliable,No-age
125,2,local,16,0,0.0,0.0,0,0,0,0,0,0,0,0,0,reliable,No-age
125,1,posterior,16,1,0.0010980062216368925,0.0010980062216368925,1,0,0,1,1,0,0,0,1,reliable,No-age
125,2,posterior,16,1,0.0010980062216368925,0.0010980062216368925,1,0,0,1,1,0,0,0,1,reliable,No-age
126,1,local,21,4,0.021580237557804017,0.011942824675712659,2,0,2,5,5,0,0,0,1,reliable,No-age
126,2,local,13,0,0.0,0.0,0,0,0,0,0,0,0,0,0,reliable,No-age
126,1,posterior,21,4,0.007990915209814108,0.003466344452764828,2,0,2,6,6,0,0,0,1,reliable,No-age
126,2,posterior,21,4,0.007990915209814108,0.003466344452764828,2,0,2,6,6,0,0,0,1,reliable,No-age
127,1,local,29,7,0.037172576915624714,0.009571449823323162,3,0,6,9,9,0,0,0,1,reliable,No-age
127,2,local,18,0,0.0,0.0,0,0,0,0,0,0,0,0,0,reliable,No-age
127,1,posterior,27,6,0.013621679887879375,0.0031006009669024685,2,0,6,8,8,0,0,0,1,reliable,No-age
127,2,posterior,27,6,0.013621679887879375,0.0031006009669024685,2,0,6,8,8,0,0,0,1,reliable,No-age
128,1,local,33,9,0.0663541276096335,0.01181191664771079,2,0,13,12,12,0,0,0,1,reliable,No-age
128,2,local,18,0,0.0,0.0,0,0,0,0,0,0,0,0,0,reliable,No-age
128,1,posterior,33,9,0.023883438382889113,0.0034471325207178064,2,0,13,12,12,0,0,0,1,reliable,No-age
128,2,posterior,33,9,0.023883438382889113,0.0034471325207178064,2,0,13,12,12,0,0,0,1,reliable,No-age
129,1,local,38,11,0.08155661034669226,0.011805942386590388,2,0,22,14,14,0,0,0,1,reliable,No-age
129,2,local,20,0,0.0,0.0,0,0,0,0,0,0,0,0,0,reliable,No-age
129,1,posterior,37,11,0.029404788105236647,0.0034462532838699183,2,0,22,14,14,0,0,0,1,reliable,No-age
129,2,posterior,37,11,0.029404788105236647,0.0034462532838699183,2,0,22,14,14,0,0,0,1,reliable,No-age
130,1,local,42,13,0.2083407692798379,0.02778420364140119,1,0,34,16,16,0,0,0,1,reliable,No-age
130,2,local,20,0,0.0,0.0,0,0,0,0,0,0,0,0,0,reliable,No-age
130,1,posterior,41,13,0.05075775718885532,0.005320081021152317,1,0,34,16,16,0,0,0,1,reliable,No-age
130,2,posterior,41,13,0.05075775718885532,0.005320081021152317,1,0,34,16,16,0,0,0,1,reliable,No-age
131,1,local,47,15,0.4173021303653694,0.05325440279916497,2,0,47,18,18,0,0,0,1,reliable,No-age
131,2,local,18,0,0.0,0.0,0,0,0,0,0,0,0,0,0,reliable,No-age
131,1,posterior,46,15,0.07742056827993803,0.007447863299308649,2,0,47,18,18,0,0,0,1,reliable,No-age
131,2,posterior,46,15,0.07742056827993803,0.007447863299308649,2,0,47,18,18,0,0,0,1,reliable,No-age
132,1,local,54,18,0.5050161791290929,0.05895346939444039,2,0,63,21,21,0,0,0,1,reliable,No-age
132,2,local,17,0,0.0,0.0,0,0,0,0,0,0,0,0,0,reliable,No-age
132,1,posterior,51,18,0.09235486274480843,0.007856711210976383,2,0,63,21,21,0,0,0,1,reliable,No-age
132,2,posterior,51,18,0.09235486274480843,0.007856711210976383,2,0,63,21,21,0,0,0,1,reliable,No-age
133,1,local,56,21,0.5085944859445388,0.05350597815869692,2,0,82,24,24,0,0,0,1,reliable,No-age
133,2,local,14,0,0.0,0.0,0,0,0,0,0,0,0,0,0,reliable,No-age
133,1,posterior,55,21,0.09926841441577097,0.007466288014679327,2,0,82,24,24,0,0,0,1,reliable,No-age
133,2,posterior,55,21,0.09926841441577097,0.007466288014679327,2,0,82,24,24,0,0,0,1,reliable,No-age
134,1,local,53,22,0.4357712189740449,0.04027343181614469,1,0,103,25,25,0,0,0,1,reliable,No-age
134,2,local,15,0,0.0,0.0,0,0,0,0,0,0,0,0,0,reliable,No-age
134,1,posterior,53,22,0.09471315355872939,0.00643942613797374,1,0,103,25,25,0,0,0,1,reliable,No-age
134,2,posterior,53,22,0.09471315355872939,0.00643942613797374,1,0,103,25,25,0,0,0,1,reliable,No-age
135,1,local,59,28,0.7938346836342431,0.5506948608690565,2,1,261,31,31,0,0,0,1,reliable,No-age
135,2,local,21,0,0.0,0.0,0,0,0,0,0,0,0,0,0,reliable,No-age
135,1,posterior,56,27,0.21214791068159589,0.13802244361236937,2,1,260,30,30,0,0,0,1,reliable,No-age
135,2,posterior,56,27,0.21214791068159589,0.13802244361236937,2,1,260,30,30,0,0,0,1,reliable,No-age
136,1,local,63,27,0.8338972249539394,0.50702012711354,1,1,286,30,30,0,0,0,1,reliable,No-age
136,2,local,21,1,0.015580249839699798,0.015580249839699798,0,1,133,1,1,0,0,0,1,reliable,No-age
136,1,posterior,63,27,0.1969956354246155,0.10785389331672747,1,1,286,30,30,0,0,0,1,reliable,No-age
136,2,posterior,63,27,0.1969956354246155,0.10785389331672747,1,1,286,30,30,0,0,0,1,reliable,No-age
137,1,local,65,31,0.6514373719648107,0.3422805227509617,2,1,317,34,34,0,0,0,1,reliable,No-age
137,2,local,21,1,0.011812711222685644,0.011812711222685644,0,1,134,1,1,0,0,0,1,reliable,No-age
137,1,posterior,63,31,0.15440352294962695,0.06319703454724339,2,1,317,34,34,0,0,0,1,reliable,No-age
137,2,posterior,63,31,0.15440352294962656,0.06319703454724299,2,1,317,34,34,0,0,0,1,reliable,No-age
138,1,local,68,32,0.9342880166405677,0.34461076608469626,1,1,348,35,35,0,0,0,1,reliable,No-age
138,2,local,20,1,0.006629822143421598,0.006629822143421598,0,1,135,1,1,0,0,0,1,reliable,No-age
138,1,posterior,65,32,0.18410917495000534,0.05274783957246868,1,1,348,35,35,0,0,0,1,reliable,No-age
138,2,posterior,65,32,0.18410917495000534,0.05274783957246868,1,1,348,35,35,0,0,0,1,reliable,No-age
139,1,local,70,36,0.6647941206732132,0.18089991013928186,2,1,383,39,39,0,0,0,1,reliable,No-age
139,2,local,53,10,0.026802028128367687,0.002850941860686384,0,0,121,13,13,0,0,0,1,reliable,No-age
139,1,posterior,68,31,0.1612231091552347,0.04740044520288249,2,1,375,34,34,0,0,0,1,reliable,No-age
139,2,posterior,68,31,0.16122310915523394,0.04740044520288185,2,1,375,34,34,0,0,0,1,reliable,No-age
140,1,local,73,27,0.8377443058200325,0.2370861019617575,1,1,381,30,30,0,0,0,1,reliable,No-age
140,2,local,55,1,0.015428894398714301,0.015428894398714301,0,1,137,1,1,0,0,0,1,reliable,No-age
140,1,posterior,75,21,0.17707905334323087,0.05569069407880331,1,1,345,24,24,0,0,0,1,reliable,No-age
140,2,posterior,75,21,0.17707905334323057,0.055690694078802574,1,1,345,24,24,0,0,0,1,reliable,No-age
141,1,local,77,23,1.0632488134951188,0.32870379954278955,1,1,368,26,26,0,0,0,1,reliable,No-age
141,2,local,56,0,0.0,0.0,0,0,0,0,0,0,0,0,0,reliable,No-age
141,1,posterior,76,3,0.0826466211711547,0.07660966752422992,1,1,140,3,3,0,0,0,1,reliable,No-age
141,2,posterior,76,3,0.0826466211711557,0.07660966752423093,1,1,140,3,3,0,0,0,1,reliable,No-age
142,1,local,83,38,0.6300988482802196,0.2612232444443817,2,1,461,43,43,0,0,0,1,reliable,No-age
142,2,local,56,0,0.0,0.0,0,0,0,0,0,0,0,0,0,reliable,No-age
142,1,posterior,80,7,0.06760804446182896,0.05507799389730102,1,1,147,8,8,0,0,0,1,reliable,No-age
142,2,posterior,80,7,0.06760804446182896,0.05507799389730102,1,1,147,8,8,0,0,0,1,reliable,No-age
143,1,local,87,45,0.6459434767501145,0.33476968334471574,2,1,534,51,53,2,2,1,2,reliable,No-age
143,2,local,20,1,0.0057345215405552544,0.0057345215405552544,0,1,140,1,1,0,0,0,1,reliable,No-age
143,1,posterior,83,42,0.1497050262370077,0.04448028574407824,0,1,533,47,49,2,2,1,2,reliable,No-age
143,2,posterior,83,42,0.1497050262370077,0.04448028574407824,0,1,533,47,49,2,2,1,2,reliable,No-age
144,1,local,90,42,0.9431568091089448,0.281122848564219,1,1,565,47,49,2,2,1,2,reliable,No-age
144,2,local,19,1,0.004585271467580864,0.004585271467580864,0,1,141,1,1,0,0,0,1,reliable,No-age
144,1,posterior,88,42,0.20173462406495785,0.039359497691349096,1,1,565,47,49,2,2,1,2,reliable,No-age
144,2,posterior,88,42,0.2017346240649573,0.039359497691348555,1,1,565,47,49,2,2,1,2,reliable,No-age
145,1,local,95,44,1.1754389901266677,0.21654507233836903,1,1,618,49,51,2,2,1,2,reliable,No-age
145,2,local,20,1,0.004038207429498188,0.004038207429498188,0,1,142,1,1,0,0,0,1,reliable,No-age
145,1,posterior,92,44,0.23288424826671758,0.031090340132258223,1,1,618,49,51,2,2,1,2,reliable,No-age
145,2,posterior,92,44,0.23288424826671714,0.031090340132257793,1,1,618,49,51,2,2,1,2,reliable,No-age
146,1,local,101,47,1.3154742547618048,0.15720758549679978,1,1,676,53,55,2,2,1,2,reliable,No-age
146,2,local,18,1,0.0031656365314943614,0.0031656365314943614,0,1,143,1,1,0,0,0,1,reliable,No-age
146,1,posterior,99,47,0.2525387781230842,0.02270562351714461,1,1,676,53,55,2,2,1,2,reliable,No-age
146,2,posterior,99,47,0.2525387781230842,0.02270562351714461,1,1,676,53,55,2,2,1,2,reliable,No-age
147,1,local,107,54,0.8382468448222462,0.08068669013952139,2,1,732,61,63,2,2,1,2,reliable,No-age
147,2,local,68,2,0.0030907008759330384,0.0019126631449326165,0,0,17,2,2,0,0,0,1,reliable,No-age
147,1,posterior,103,49,0.2119732200054017,0.01963044167265528,2,1,721,56,58,2,2,1,2,reliable,No-age
147,2,posterior,103,49,0.2119732200054009,0.019630441672655007,2,1,721,56,58,2,2,1,2,reliable,No-age
148,1,local,113,54,1.2384083473727108,0.11195271068300644,1,1,779,61,63,2,2,1,2,reliable,No-age
148,2,local,74,0,0.0,0.0,0,0,0,0,0,0,0,0,0,reliable,No-age
148,1,posterior,111,11,0.07712434267355835,0.030772866419427714,1,1,216,13,13,0,0,0,1,reliable,No-age
148,2,posterior,111,11,0.07712434267355851,0.030772866419427714,1,1,216,13,13,0,0,0,1,reliable,No-age
149,1,local,117,20,0.46462014430759985,0.11350913528733712,2,1,301,23,23,0,0,0,1,reliable,No-age
149,2,local,73,0,0.0,0.0,0,0,0,0,0,0,0,0,0,reliable,No-age
149,1,posterior,114,7,0.031179747612228054,0.006910707355997949,1,0,43,8,8,0,0,0,1,reliable,No-age
149,2,posterior,114,7,0.031179747612228137,0.006910707355997949,1,0,43,8,8,0,0,0,1,reliable,No-age
150,1,local,122,22,0.5002551334382227,0.1329566047677195,2,1,272,27,27,0,0,0,1,reliable,No-age
150,2,local,55,0,0.0,0.0,0,0,0,0,0,0,0,0,0,reliable,No-age
150,1,posterior,123,20,0.07587902437377068,0.006975971739175258,2,0,112,25,25,0,0,0,1,reliable,No-age
150,2,posterior,123,20,0.07587902437377068,0.006975971739175258,2,0,112,25,25,0,0,0,1,reliable,No-age
151,1,local,130,31,0.6244346409012705,0.09810400802249708,2,1,330,37,37,0,0,0,1,reliable,No-age
151,2,local,24,0,0.0,0.0,0,0,0,0,0,0,0,0,0,reliable,No-age
151,1,posterior,126,30,0.11908029768570914,0.00781597316524819,2,0,182,36,36,0,0,0,1,reliable,No-age
151,2,posterior,126,30,0.11908029768570914,0.00781597316524819,2,0,182,36,36,0,0,0,1,reliable,No-age
152,1,local,133,38,0.6790151493737365,0.05906733940449577,1,1,452,44,44,0,0,0,1,reliable,No-age
152,2,local,29,0,0.0,0.0,0,0,0,0,0,0,0,0,0,reliable,No-age
152,1,posterior,129,37,0.14650339346300073,0.006819902939937544,1,0,303,43,43,0,0,0,1,reliable,No-age
152,2,posterior,129,37,0.14650339346300073,0.006819902939937544,1,0,303,43,43,0,0,0,1,reliable,No-age
153,1,local,137,57,1.1766701362274798,0.045653928089665285,1,1,831,63,63,0,0,0,1,reliable,No-age
153,2,local,29,0,0.0,0.0,0,0,0,0,0,0,0,0,0,reliable,No-age
153,1,posterior,131,57,0.2542450960096907,0.006872400130821207,1,1,831,63,63,0,0,0,1,reliable,No-age
153,2,posterior,131,57,0.2542450960096907,0.006872400130821207,1,1,831,63,63,0,0,0,1,reliable,No-age
154,1,local,142,74,0.9769488921106706,0.042029768032812435,2,1,1174,84,86,2,2,1,2,reliable,No-age
154,2,local,94,1,0.0010320476396172907,0.0010320476396172907,0,0,14,2,2,0,0,0,1,reliable,No-age
154,1,posterior,137,68,0.2321756495912873,0.006522834612650438,2,1,1121,79,79,0,0,0,1,reliable,No-age
154,2,posterior,137,68,0.23217564959128745,0.006522834612650438,2,1,1121,79,79,0,0,0,1,reliable,No-age
155,1,local,146,76,0.7813443082286923,0.03886223622290602,1,1,1249,86,88,2,2,1,2,reliable,No-age
155,2,local,26,0,0.0,0.0,0,0,0,0,0,0,0,0,0,reliable,No-age
155,1,posterior,141,76,0.23347245487640003,0.0063217036501597886,1,1,1249,86,88,2,2,1,2,reliable,No-age
155,2,posterior,141,76,0.23347245487640003,0.0063217036501597886,1,1,1249,86,88,2,2,1,2,reliable,No-age
156,1,local,150,77,1.0698933488742939,0.029682050629207743,1,1,1325,87,89,2,2,1,2,reliable,No-age
156,2,local,25,0,0.0,0.0,0,0,0,0,0,0,0,0,0,reliable,No-age
156,1,posterior,149,77,0.28238725933690706,0.005503140363674498,1,1,1325,87,89,2,2,1,2,reliable,No-age
156,2,posterior,149,77,0.28238725933690706,0.005503140363674498,1,1,1325,87,89,2,2,1,2,reliable,No-age
157,1,local,157,81,0.8969467640826088,0.021432881819391614,2,1,1405,92,94,2,2,1,2,reliable,No-age
157,2,local,30,0,0.0,0.0,0,0,0,0,0,0,0,0,0,reliable,No-age
157,1,posterior,154,81,0.2626025740244289,0.004660510236099802,2,1,1405,92,94,2,2,1,2,reliable,No-age
157,2,posterior,154,81,0.2626025740244289,0.004660510236099802,2,1,1405,92,94,2,2,1,2,reliable,No-age
158,1,local,127,80,1.0617650552109308,0.020268462411293053,0,1,1485,91,93,2,2,1,2,reliable,No-age
158,2,local,28,0,0.0,0.0,0,0,0,0,0,0,0,0,0,reliable,No-age
158,1,posterior,124,80,0.2886625704981645,0.004530042449143951,0,1,1485,91,93,2,2,1,2,reliable,No-age
158,2,posterior,124,80,0.2886625704981645,0.004530042449143951,0,1,1485,91,93,2,2,1,2,reliable,No-age
159,1,local,131,85,0.9787771502692183,0.016661052826592023,2,1,1570,96,98,2,2,1,2,reliable,No-age
159,2,local,27,0,0.0,0.0,0,0,0,0,0,0,0,0,0,reliable,No-age
159,1,posterior,130,85,0.28206485658626773,0.0041013985989784875,2,1,1570,96,98,2,2,1,2,reliable,No-age
159,2,posterior,130,85,0.28206485658626773,0.0041013985989784875,2,1,1570,96,98,2,2,1,2,reliable,No-age
160,1,local,134,86,0.9303523514367247,0.014422249842433208,1,1,1655,97,99,2,2,1,2,reliable,No-age
160,2,local,20,0,0.0,0.0,0,0,0,0,0,0,0,0,0,reliable,No-age
160,1,posterior,132,86,0.2769210365983428,0.0038126710027940516,1,1,1655,97,99,2,2,1,2,reliable,No-age
160,2,posterior,132,86,0.2769210365983428,0.0038126710027940516,1,1,1655,97,99,2,2,1,2,reliable,No-age
161,1,local,139,86,1.043734843628368,0.015642748118070256,0,1,1741,97,99,2,2,1,2,reliable,No-age
161,2,local,21,0,0.0,0.0,0,0,0,0,0,0,0,0,0,reliable,No-age
161,1,posterior,137,86,0.29624623418281987,0.00397254403125365,0,1,1741,97,99,2,2,1,2,reliable,No-age
161,2,posterior,137,86,0.29624623418281987,0.00397254403125365,0,1,1741,97,99,2,2,1,2,reliable,No-age
162,1,local,129,83,1.0861028317722352,0.015923931923650787,0,1,1819,94,96,2,2,1,2,reliable,No-age
162,2,local,21,0,0.0,0.0,0,0,0,0,0,0,0,0,0,reliable,No-age
162,1,posterior,126,83,0.3001616588559076,0.004008516740707989,0,1,1819,94,96,2,2,1,2,reliable,No-age
162,2,posterior,126,83,0.3001616588559076,0.004008516740707989,0,1,1819,94,96,2,2,1,2,reliable,No-age
163,1,local,130,94,0.9016060772254534,0.011719060615990177,2,1,1923,105,107,2,2,1,2,reliable,No-age
163,2,local,19,0,0.0,0.0,0,0,0,0,0,0,0,0,0,reliable,No-age
163,1,posterior,127,94,0.2849571742212009,0.003433442318933883,2,1,1923,105,107,2,2,1,2,reliable,No-age
163,2,posterior,127,94,0.2849571742212009,0.003433442318933883,2,1,1923,105,107,2,2,1,2,reliable,No-age
164,1,local,133,91,1.0224866890115616,0.0129041984362411,0,1,2007,102,104,2,2,1,2,reliable,No-age
164,2,local,19,0,0.0,0.0,0,0,0,0,0,0,0,0,0,reliable,No-age
164,1,posterior,129,91,0.3025570503253275,0.00360441604292069,0,1,2007,102,104,2,2,1,2,reliable,No-age
164,2,posterior,129,91,0.3025570503253275,0.00360441604292069,0,1,2007,102,104,2,2,1,2,reliable,No-age
165,1,local,137,83,1.1559973240740302,0.015007003866175421,1,1,2061,94,96,2,2,1,2,reliable,No-age
165,2,local,18,0,0.0,0.0,0,0,0,0,0,0,0,0,0,reliable,No-age
165,1,posterior,134,83,0.31081599626429335,0.0038900480070283732,1,1,2061,94,96,2,2,1,2,reliable,No-age
165,2,posterior,134,83,0.31081599626429335,0.0038900480070283732,1,1,2061,94,96,2,2,1,2,reliable,No-age
166,1,local,141,102,0.9141693285854227,0.011875539095194532,2,1,2215,113,115,2,2,1,2,reliable,No-age
166,2,local,19,0,0.0,0.0,0,0,0,0,0,0,0,0,0,reliable,No-age
166,1,posterior,140,102,0.29822525203985595,0.0034564825284214397,2,1,2215,113,115,2,2,1,2,reliable,No-age
166,2,posterior,140,102,0.29822525203985595,0.0034564825284214397,2,1,2215,113,115,2,2,1,2,reliable,No-age
167,1,local,144,103,0.9375213131268129,0.011893481346110783,1,1,2317,114,116,2,2,1,2,reliable,No-age
167,2,local,24,0,0.0,0.0,0,0,0,0,0,0,0,0,0,reliable,No-age
167,1,posterior,142,103,0.3033327532344862,0.0034591149376249535,1,1,2317,114,116,2,2,1,2,reliable,No-age
167,2,posterior,142,103,0.3033327532344862,0.0034591149376249535,1,1,2317,114,116,2,2,1,2,reliable,No-age
168,1,local,146,104,0.9136868277033647,0.010915510650353573,1,1,2420,115,117,2,2,1,2,reliable,No-age
168,2,local,23,0,0.0,0.0,0,0,0,0,0,0,0,0,0,reliable,No-age
168,1,posterior,144,104,0.30226144071393896,0.0033126954823841084,1,1,2420,115,117,2,2,1,2,reliable,No-age
168,2,posterior,144,104,0.30226144071393896,0.0033126954823841084,1,1,2420,115,117,2,2,1,2,reliable,No-age
169,1,local,149,105,0.970208078871085,0.011013586019983168,1,1,2524,116,118,2,2,1,2,reliable,No-age
169,2,local,23,0,0.0,0.0,0,0,0,0,0,0,0,0,0,reliable,No-age
169,1,posterior,147,105,0.3141678735007294,0.0033276594392241793,1,1,2524,116,118,2,2,1,2,reliable,No-age
169,2,posterior,147,105,0.3141678735007294,0.0033276594392241793,1,1,2524,116,118,2,2,1,2,reliable,No-age
170,1,local,148,106,0.9335200861269031,0.010197495659005329,1,1,2629,117,119,2,2,1,2,reliable,No-age
170,2,local,23,0,0.0,0.0,0,0,0,0,0,0,0,0,0,reliable,No-age
170,1,posterior,152,106,0.3106015925320278,0.00320108570937244,1,1,2629,117,119,2,2,1,2,reliable,No-age
170,2,posterior,152,106,0.3106015925320278,0.00320108570937244,1,1,2629,117,119,2,2,1,2,reliable,No-age
171,1,local,150,107,0.9451671983170513,0.010026216817175382,1,1,2735,118,120,2,2,1,2,reliable,No-age
171,2,local,26,0,0.0,0.0,0,0,0,0,0,0,0,0,0,reliable,No-age
171,1,posterior,154,107,0.3147882984528097,0.0031739008479360446,1,1,2735,118,120,2,2,1,2,reliable,No-age
171,2,posterior,154,107,0.3147882984528097,0.0031739008479360446,1,1,2735,118,120,2,2,1,2,reliable,No-age
172,1,local,152,107,1.0083010550402607,0.0104659281841482,0,1,2842,118,120,2,2,1,2,reliable,No-age
172,2,local,23,0,0.0,0.0,0,0,0,0,0,0,0,0,0,reliable,No-age
172,1,posterior,147,105,0.3230554893483034,0.0032432463780413855,0,1,2839,116,118,2,2,1,2,reliable,No-age
172,2,posterior,147,105,0.3230554893483034,0.0032432463780413855,0,1,2839,116,118,2,2,1,2,reliable,No-age
173,1,local,156,105,1.078904554503468,0.01093921531191826,1,1,2940,116,118,2,2,1,2,reliable,No-age
173,2,local,27,0,0.0,0.0,0,0,0,0,0,0,0,0,0,reliable,No-age
173,1,posterior,151,103,0.33140076205613356,0.0033163182242557155,1,1,2929,114,116,2,2,1,2,reliable,No-age
173,2,posterior,151,103,0.33140076205613356,0.0033163182242557155,1,1,2929,114,116,2,2,1,2,reliable,No-age
174,1,local,132,112,0.9547050876056817,0.009498860468487311,2,1,3054,124,126,2,2,1,2,reliable,No-age
174,2,local,26,0,0.0,0.0,0,0,0,0,0,0,0,0,0,reliable,No-age
174,1,posterior,126,105,0.3125039171814502,0.003088744744924109,0,1,3040,116,118,2,2,1,2,reliable,No-age
174,2,posterior,126,105,0.3125039171814502,0.003088744744924109,0,1,3040,116,118,2,2,1,2,reliable,No-age
175,1,local,126,106,0.9205642563429377,0.009305762223816207,1,1,3145,117,119,2,2,1,2,reliable,No-age
175,2,local,26,0,0.0,0.0,0,0,0,0,0,0,0,0,0,reliable,No-age
175,1,posterior,122,102,0.30380101442428653,0.003056988089426154,1,1,3124,114,116,2,2,1,2,reliable,No-age
175,2,posterior,122,102,0.30380101442428653,0.003056988089426154,1,1,3124,114,116,2,2,1,2,reliable,No-age
176,1,local,123,102,0.8794654327991192,0.008934730278938628,1,1,3225,113,115,2,2,1,2,reliable,No-age
176,2,local,23,0,0.0,0.0,0,0,0,0,0,0,0,0,0,reliable,No-age
176,1,posterior,118,100,0.2960253213238977,0.0029950506057099323,0,1,3215,111,113,2,2,1,2,reliable,No-age
176,2,posterior,118,100,0.2960253213238977,0.0029950506057099323,0,1,3215,111,113,2,2,1,2,reliable,No-age
177,1,local,127,102,0.9072594563764388,0.009131101032293674,1,1,3316,114,116,2,2,1,2,reliable,No-age
177,2,local,20,0,0.0,0.0,0,0,0,0,0,0,0,0,0,reliable,No-age
177,1,posterior,122,101,0.30286931377378434,0.0030279848594500836,1,1,3315,112,114,2,2,1,2,reliable,No-age
177,2,posterior,122,101,0.30286931377378434,0.0030279848594500836,1,1,3315,112,114,2,2,1,2,reliable,No-age
178,1,local,125,102,0.9241930091440304,0.009243995715084139,1,1,3416,113,115,2,2,1,2,reliable,No-age
178,2,local,21,0,0.0,0.0,0,0,0,0,0,0,0,0,0,reliable,No-age
178,1,posterior,121,102,0.3068333850986776,0.003046762175364641,1,1,3416,114,116,2,2,1,2,reliable,No-age
178,2,posterior,121,102,0.3068333850986776,0.003046762175364641,1,1,3416,114,116,2,2,1,2,reliable,No-age
179,1,local,125,103,0.8424330290915447,0.00838892590939075,1,1,3518,115,117,2,2,1,2,reliable,No-age
179,2,local,17,0,0.0,0.0,0,0,0,0,0,0,0,0,0,reliable,No-age
179,1,posterior,123,103,0.2938127859754026,0.0029016015184685426,1,1,3518,115,117,2,2,1,2,reliable,No-age
179,2,posterior,123,103,0.2938127859754026,0.0029016015184685426,1,1,3518,115,117,2,2,1,2,reliable,No-age
180,1,local,126,103,0.9262542957322774,0.00920387928561458,1,1,3619,114,116,2,2,1,2,reliable,No-age
180,2,local,20,0,0.0,0.0,0,0,0,0,0,0,0,0,0,reliable,No-age
180,1,posterior,124,103,0.30829266994679283,0.003040102687561206,1,1,3619,114,116,2,2,1,2,reliable,No-age
180,2,posterior,124,103,0.30829266994679283,0.003040102687561206,1,1,3619,114,116,2,2,1,2,reliable,No-age
181,1,local,129,104,0.9636195459809889,0.009554461054227317,1,1,3722,115,117,2,2,1,2,reliable,No-age
181,2,local,23,0,0.0,0.0,0,0,0,0,0,0,0,0,0,reliable,No-age
181,1,posterior,127,104,0.3155099566148286,0.003097830093320723,1,1,3722,115,117,2,2,1,2,reliable,No-age
181,2,posterior,127,104,0.3155099566148286,0.003097830093320723,1,1,3722,115,117,2,2,1,2,reliable,No-age
182,1,local,131,105,0.9394771832324957,0.009292187593896745,1,1,3826,116,118,2,2,1,2,reliable,No-age
182,2,local,23,0,0.0,0.0,0,0,0,0,0,0,0,0,0,reliable,No-age
182,1,posterior,127,105,0.31256411603522816,0.0030547435591113717,1,1,3826,116,118,2,2,1,2,reliable,No-age
182,2,posterior,127,105,0.31256411603522816,0.0030547435591113717,1,1,3826,116,118,2,2,1,2,reliable,No-age
183,1,local,133,103,1.0377418574894002,0.010320628225268427,0,1,3928,114,116,2,2,1,2,reliable,No-age
183,2,local,21,0,0.0,0.0,0,0,0,0,0,0,0,0,0,reliable,No-age
183,1,posterior,130,103,0.3268037161637031,0.003220491557899748,0,1,3928,114,116,2,2,1,2,reliable,No-age
183,2,posterior,130,103,0.3268037161637031,0.003220491557899748,0,1,3928,114,116,2,2,1,2,reliable,No-age
184,1,local,137,107,0.9184078089127762,0.009004662244674288,2,1,4034,118,120,2,2,1,2,reliable,No-age
184,2,local,21,0,0.0,0.0,0,0,0,0,0,0,0,0,0,reliable,No-age
184,1,posterior,133,107,0.31151045596221155,0.003006819456003787,2,1,4034,118,120,2,2,1,2,reliable,No-age
184,2,posterior,133,107,0.31151045596221155,0.003006819456003787,2,1,4034,118,120,2,2,1,2,reliable,No-age
185,1,local,130,107,0.9076098570128336,0.008909059584426018,1,1,4138,118,120,2,2,1,2,reliable,No-age
185,2,local,22,0,0.0,0.0,0,0,0,0,0,0,0,0,0,reliable,No-age
185,1,posterior,127,107,0.309365473423783,0.0029907191774123606,1,1,4138,118,120,2,2,1,2,reliable,No-age
185,2,posterior,127,107,0.309365473423783,0.0029907191774123606,1,1,4138,118,120,2,2,1,2,reliable,No-age
186,1,local,130,107,0.9510359297773405,0.009301761341364028,1,1,4243,118,120,2,2,1,2,reliable,No-age
186,2,local,22,0,0.0,0.0,0,0,0,0,0,0,0,0,0,reliable,No-age
186,1,posterior,129,106,0.315911043083849,0.0030563267202537996,1,1,4242,117,119,2,2,1,2,reliable,No-age
186,2,posterior,129,106,0.315911043083849,0.0030563267202537996,1,1,4242,117,119,2,2,1,2,reliable,No-age
187,1,local,130,107,0.9486074798442686,0.009235111428737647,1,1,4348,118,120,2,2,1,2,reliable,No-age
187,2,local,129,102,0.43501632985453237,0.004327252342653192,0,1,4333,113,115,2,2,1,2,reliable,No-age
187,1,posterior,127,105,0.35310477606391666,0.0034450332573274347,0,1,4344,116,118,2,2,1,2,reliable,No-age
187,2,posterior,127,105,0.35310477606391655,0.0034450332573274347,0,1,4344,116,118,2,2,1,2,reliable,No-age
188,1,local,130,107,0.9673996140465413,0.009386404365131516,1,1,4450,119,121,2,2,1,2,reliable,No-age
188,2,local,128,103,0.8889669376021626,0.008747424983462706,0,1,4443,114,116,2,2,1,2,reliable,No-age
188,1,posterior,127,106,0.834250998926994,0.008123723034654874,1,1,4449,118,120,2,2,1,2,reliable,No-age
188,2,posterior,127,106,0.8342509989269946,0.008123723034654761,1,1,4449,118,120,2,2,1,2,reliable,No-age
189,1,local,129,106,1.027913644321606,0.010027769432255813,1,1,4549,119,121,2,2,1,2,reliable,No-age
189,2,local,128,102,0.20395949687813292,0.002023559339357777,0,1,4537,113,115,2,2,1,2,reliable,No-age
189,1,posterior,124,102,0.3380738629214773,0.003337849529907772,0,1,4537,113,115,2,2,1,2,reliable,No-age
189,2,posterior,124,102,0.3380738629214772,0.003337849529907819,0,1,4537,113,115,2,2,1,2,reliable,No-age
190,1,local,130,104,0.8750899928027481,0.008559872053180614,1,1,4642,116,118,2,2,1,2,reliable,No-age
190,2,local,119,0,0.0,0.0,0,0,0,0,0,0,0,0,0,reliable,No-age
190,1,posterior,129,103,0.2054346369732062,0.002681547858777125,1,1,4631,116,118,2,2,1,2,reliable,No-age
190,2,posterior,129,103,0.2054346369732063,0.002681547858777125,1,1,4631,116,118,2,2,1,2,reliable,No-age
191,1,local,131,104,0.8291798762232199,0.014456597937647154,1,1,4734,117,119,2,2,1,2,reliable,No-age
191,2,local,26,0,0.0,0.0,0,0,0,0,0,0,0,0,0,reliable,No-age
191,1,posterior,131,104,0.2930704809777789,0.0038172573835158303,1,1,4734,118,120,2,2,1,2,reliable,No-age
191,2,posterior,131,104,0.2930704809777789,0.0038172573835158303,1,1,4734,118,120,2,2,1,2,reliable,No-age
192,1,local,132,105,0.9223168752921139,0.013167825439840998,1,1,4838,119,121,2,2,1,2,reliable,No-age
192,2,local,26,0,0.0,0.0,0,0,0,0,0,0,0,0,0,reliable,No-age
192,1,posterior,130,105,0.3098761472523208,0.003641399345946551,1,1,4838,119,123,4,4,2,2,reliable,No-age
192,2,posterior,130,105,0.3098761472523208,0.003641399345946551,0,1,4839,119,123,4,4,2,2,reliable,No-age
193,1,local,131,106,0.9714628602490105,0.01178993572401148,1,1,4943,120,124,4,4,2,2,reliable,No-age
193,2,local,132,101,0.14076812438770786,0.0013961557729659047,0,1,4931,112,114,2,2,1,2,reliable,No-age
193,1,posterior,125,101,0.2523183621815603,0.002869541102065893,0,1,4931,112,114,2,2,1,2,reliable,No-age
193,2,posterior,125,101,0.25231836218156006,0.002869541102065893,0,1,4931,112,114,2,2,1,2,reliable,No-age
194,1,local,130,102,1.1135854526336069,0.012414089970463607,1,1,5032,113,115,2,2,1,2,reliable,No-age
194,2,local,25,0,0.0,0.0,0,0,0,0,0,0,0,0,0,reliable,No-age
194,1,posterior,129,101,0.33438801041544186,0.0035346746761894345,0,1,5032,112,114,2,2,1,2,reliable,No-age
194,2,posterior,129,101,0.33438801041544186,0.0035346746761894345,0,1,5032,112,114,2,2,1,2,reliable,No-age
195,1,local,127,106,0.8602151583362454,0.009383809862118685,2,1,5138,120,122,2,2,1,2,reliable,No-age
195,2,local,23,0,0.0,0.0,0,0,0,0,0,0,0,0,0,reliable,No-age
195,1,posterior,126,106,0.30087355463290244,0.0030698621200721393,2,1,5138,120,122,2,2,1,2,reliable,No-age
195,2,posterior,126,106,0.30087355463290244,0.0030698621200721393,2,1,5138,120,122,2,2,1,2,reliable,No-age
196,1,local,128,106,0.8731862326219763,0.009136765924411178,1,1,5241,119,121,2,2,1,2,reliable,No-age
196,2,local,21,0,0.0,0.0,0,0,0,0,0,0,0,0,0,reliable,No-age
196,1,posterior,132,106,0.30255916887407897,0.0030289297751770667,1,1,5241,119,121,2,2,1,2,reliable,No-age
196,2,posterior,132,106,0.30255916887407897,0.0030289297751770667,1,1,5241,119,121,2,2,1,2,reliable,No-age
197,1,local,128,107,0.9481028581630052,0.009614440624665141,1,1,5347,120,122,2,2,1,2,reliable,No-age
197,2,local,20,0,0.0,0.0,0,0,0,0,0,0,0,0,0,reliable,No-age
197,1,posterior,123,107,0.3162521065950436,0.003107602064247854,1,1,5347,120,122,2,2,1,2,reliable,No-age
197,2,posterior,123,107,0.3162521065950436,0.003107602064247854,1,1,5347,120,122,2,2,1,2,reliable,No-age
198,1,local,127,108,0.9237482740095473,0.009190921030940987,1,1,5454,121,123,2,2,1,2,reliable,No-age
198,2,local,18,0,0.0,0.0,0,0,0,0,0,0,0,0,0,reliable,No-age
198,1,posterior,126,108,0.31337260315716087,0.0030379485329684233,1,1,5454,121,123,2,2,1,2,reliable,No-age
198,2,posterior,126,108,0.31337260315716087,0.0030379485329684233,1,1,5454,121,123,2,2,1,2,reliable,No-age
199,1,local,132,108,0.9992548369648131,0.009851531046174108,0,1,5562,121,123,2,2,1,2,reliable,No-age
199,2,local,20,0,0.0,0.0,0,0,0,0,0,0,0,0,0,reliable,No-age
199,1,posterior,130,108,0.3270413337633925,0.003145940776292465,0,1,5562,121,123,2,2,1,2,reliable,No-age
199,2,posterior,130,108,0.3270413337633925,0.003145940776292465,0,1,5562,121,123,2,2,1,2,reliable,No-age
200,1,local,138,112,0.8720192305533611,0.00841844403062325,2,1,5672,125,127,2,2,1,2,reliable,No-age
200,2,local,19,0,0.0,0.0,0,0,0,0,0,0,0,0,0,reliable,No-age
200,1,posterior,136,111,0.30756416219616955,0.002906730282314462,1,1,5672,124,126,2,2,1,2,reliable,No-age
200,2,posterior,136,111,0.30756416219616955,0.002906730282314462,1,1,5672,124,126,2,2,1,2,reliable,No-age
201,1,local,141,112,1.0872913330282317,0.011292470195708325,1,1,5783,125,127,2,2,1,2,reliable,No-age
201,2,local,21,0,0.0,0.0,0,0,0,0,0,0,0,0,0,reliable,No-age
201,1,posterior,138,112,0.34742031737977797,0.0033698597671536342,1,1,5783,125,127,2,2,1,2,reliable,No-age
201,2,posterior,138,112,0.34742031737977797,0.0033698597671536342,1,1,5783,125,127,2,2,1,2,reliable,No-age
202,1,local,144,115,0.8964130419386545,0.008497592237071225,2,1,5896,128,130,2,2,1,2,reliable,No-age
202,2,local,21,0,0.0,0.0,0,0,0,0,0,0,0,0,0,reliable,No-age
202,1,posterior,140,115,0.31731148526962855,0.0029204389149711046,2,1,5896,128,130,2,2,1,2,reliable,No-age
202,2,posterior,140,115,0.31731148526962855,0.0029204389149711046,2,1,5896,128,130,2,2,1,2,reliable,No-age
203,1,local,139,114,0.9652827706890931,0.009127464264898612,1,1,6008,127,129,2,2,1,2,reliable,No-age
203,2,local,22,0,0.0,0.0,0,0,0,0,0,0,0,0,0,reliable,No-age
203,1,posterior,135,114,0.3285616013168568,0.003027378087956384,1,1,6008,127,129,2,2,1,2,reliable,No-age
203,2,posterior,135,114,0.3285616013168568,0.003027378087956384,1,1,6008,127,129,2,2,1,2,reliable,No-age
204,1,local,140,115,0.8834516507624163,0.008255813904928145,1,1,6122,128,130,2,2,1,2,reliable,No-age
204,2,local,23,0,0.0,0.0,0,0,0,0,0,0,0,0,0,reliable,No-age
204,1,posterior,139,115,0.31603756127390437,0.002878362660850116,1,1,6122,128,130,2,2,1,2,reliable,No-age
204,2,posterior,139,115,0.31603756127390437,0.002878362660850116,1,1,6122,128,130,2,2,1,2,reliable,No-age
205,1,local,143,116,0.9394747118593314,0.008671646828170594,1,1,6237,129,131,2,2,1,2,reliable,No-age
205,2,local,25,0,0.0,0.0,0,0,0,0,0,0,0,0,0,reliable,No-age
205,1,posterior,140,116,0.32765244924502007,0.002950367130020059,1,1,6237,129,131,2,2,1,2,reliable,No-age
205,2,posterior,140,116,0.32765244924502007,0.002950367130020059,1,1,6237,129,131,2,2,1,2,reliable,No-age
206,1,local,144,117,0.9358038167110659,0.008535347978863666,1,1,6353,130,132,2,2,1,2,reliable,No-age
206,2,local,26,0,0.0,0.0,0,0,0,0,0,0,0,0,0,reliable,No-age
206,1,posterior,141,117,0.32861278618965606,0.002926956238028776,1,1,6353,130,132,2,2,1,2,reliable,No-age
206,2,posterior,141,117,0.32861278618965606,0.002926956238028776,1,1,6353,130,132,2,2,1,2,reliable,No-age
207,1,local,145,118,0.9139000728756808,0.008242697553280906,1,1,6470,131,133,2,2,1,2,reliable,No-age
207,2,local,25,0,0.0,0.0,0,0,0,0,0,0,0,0,0,reliable,No-age
207,1,posterior,139,118,0.3262270419407507,0.0028760628800602174,1,1,6470,131,133,2,2,1,2,reliable,No-age
207,2,posterior,139,118,0.3262270419407507,0.0028760628800602174,1,1,6470,131,133,2,2,1,2,reliable,No-age
208,1,local,146,119,0.9684262558814402,0.008642034101768907,1,1,6588,132,134,2,2,1,2,reliable,No-age
208,2,local,22,0,0.0,0.0,0,0,0,0,0,0,0,0,0,reliable,No-age
208,1,posterior,143,119,0.33735707836403583,0.0029452962206734804,1,1,6588,132,134,2,2,1,2,reliable,No-age
208,2,posterior,143,119,0.33735707836403583,0.0029452962206734804,1,1,6588,132,134,2,2,1,2,reliable,No-age
209,1,local,147,120,0.9542158359579016,0.008428299611530386,1,1,6707,133,135,2,2,1,2,reliable,No-age
209,2,local,26,0,0.0,0.0,0,0,0,0,0,0,0,0,0,reliable,No-age
209,1,posterior,144,120,0.336326265841788,0.002908440722621434,1,1,6707,133,135,2,2,1,2,reliable,No-age
209,2,posterior,144,120,0.336326265841788,0.002908440722621434,1,1,6707,133,135,2,2,1,2,reliable,No-age
210,1,local,148,121,0.9126806460278964,0.007981580749721075,1,1,6827,134,136,2,2,1,2,reliable,No-age
210,2,local,27,0,0.0,0.0,0,0,0,0,0,0,0,0,0,reliable,No-age
210,1,posterior,144,120,0.32832262054300815,0.0028299000155690736,0,1,6827,133,135,2,2,1,2,reliable,No-age
210,2,posterior,144,120,0.32832262054300815,0.0028299000155690736,0,1,6827,133,135,2,2,1,2,reliable,No-age
211,1,local,148,121,0.9383019874057464,0.008138631719897451,1,1,6947,134,136,2,2,1,2,reliable,No-age
211,2,local,25,0,0.0,0.0,0,0,0,0,0,0,0,0,0,reliable,No-age
211,1,posterior,142,120,0.333375118044502,0.0028577523050940844,0,1,6947,133,135,2,2,1,2,reliable,No-age
211,2,posterior,142,120,0.333375118044502,0.0028577523050940844,0,1,6947,133,135,2,2,1,2,reliable,No-age
212,1,local,147,121,0.9813244014728364,0.008443628250140469,1,1,7067,134,136,2,2,1,2,reliable,No-age
212,2,local,21,0,0.0,0.0,0,0,0,0,0,0,0,0,0,reliable,No-age
212,1,posterior,143,121,0.3435744547563391,0.0029110990673857453,1,1,7067,134,136,2,2,1,2,reliable,No-age
212,2,posterior,143,121,0.3435744547563391,0.0029110990673857453,1,1,7067,134,136,2,2,1,2,reliable,No-age
213,1,local,148,121,1.0580259724653545,0.009038932873229887,0,1,7188,134,136,2,2,1,2,reliable,No-age
213,2,local,22,0,0.0,0.0,0,0,0,0,0,0,0,0,0,reliable,No-age
213,1,posterior,145,120,0.35541953419774003,0.003012570526631263,0,1,7187,133,135,2,2,1,2,reliable,No-age
213,2,posterior,145,120,0.35541953419774,0.003012570526631263,0,1,7187,133,135,2,2,1,2,reliable,No-age
214,1,local,151,125,0.9917627870379654,0.008363685476974933,2,1,7311,138,140,2,2,1,2,reliable,No-age
214,2,local,28,0,0.0,0.0,0,0,0,0,0,0,0,0,0,reliable,No-age
214,1,posterior,145,120,0.34194858271080786,0.002897208980536938,1,1,7302,133,135,2,2,1,2,reliable,No-age
214,2,posterior,145,120,0.34194858271080786,0.002897208980536938,1,1,7302,133,135,2,2,1,2,reliable,No-age
215,1,local,150,123,0.9738753853288623,0.008260443470639934,1,1,7425,137,139,2,2,1,2,reliable,No-age
215,2,local,27,0,0.0,0.0,0,0,0,0,0,0,0,0,0,reliable,No-age
215,1,posterior,139,115,0.33076933270559955,0.0028791739667746287,0,1,7387,128,130,2,2,1,2,reliable,No-age
215,2,posterior,139,115,0.33076933270559955,0.0028791739667746287,0,1,7387,128,130,2,2,1,2,reliable,No-age
216,1,local,141,117,0.9450725084810347,0.008179985633613256,1,1,7503,131,133,2,2,1,2,reliable,No-age
216,2,local,23,0,0.0,0.0,0,0,0,0,0,0,0,0,0,reliable,No-age
216,1,posterior,140,115,0.3292748258328204,0.002865042274664879,0,1,7502,128,130,2,2,1,2,reliable,No-age
216,2,posterior,140,115,0.3292748258328204,0.002865042274664879,0,1,7502,128,130,2,2,1,2,reliable,No-age
217,1,local,140,116,0.9624469899239496,0.008339436812283033,1,1,7617,129,131,2,2,1,2,reliable,No-age
217,2,local,26,0,0.0,0.0,0,0,0,0,0,0,0,0,0,reliable,No-age
217,1,posterior,142,116,0.3336285633614648,0.0028929829126024464,1,1,7617,130,132,2,2,1,2,reliable,No-age
217,2,posterior,142,116,0.3336285633614648,0.0028929829126024464,1,1,7617,130,132,2,2,1,2,reliable,No-age
218,1,local,141,116,0.9260509591559373,0.008021655987231126,1,1,7732,129,131,2,2,1,2,reliable,No-age
218,2,local,22,0,0.0,0.0,0,0,0,0,0,0,0,0,0,reliable,No-age
218,1,posterior,137,116,0.3281762202797873,0.0028370325475359655,1,1,7732,129,131,2,2,1,2,reliable,No-age
218,2,posterior,137,116,0.3281762202797873,0.0028370325475359655,1,1,7732,129,131,2,2,1,2,reliable,No-age
219,1,local,141,117,0.9286922649276504,0.0080308872169574,1,1,7848,130,132,2,2,1,2,reliable,No-age
219,2,local,20,0,0.0,0.0,0,0,0,0,0,0,0,0,0,reliable,No-age
219,1,posterior,135,116,0.32757857466651596,0.0028386730286066334,0,1,7848,129,131,2,2,1,2,reliable,No-age
219,2,posterior,135,116,0.32757857466651596,0.0028386730286066334,0,1,7848,129,131,2,2,1,2,reliable,No-age
220,1,local,141,117,0.9694129338283074,0.008385203137853799,1,1,7964,130,132,2,2,1,2,reliable,No-age
220,2,local,21,0,0.0,0.0,0,0,0,0,0,0,0,0,0,reliable,No-age
220,1,posterior,139,117,0.3366825843926683,0.002900954060321711,1,1,7964,130,132,2,2,1,2,reliable,No-age
220,2,posterior,139,117,0.3366825843926683,0.002900954060321711,1,1,7964,130,132,2,2,1,2,reliable,No-age
221,1,local,138,118,0.9663556132487343,0.008344877870817714,1,1,8081,131,133,2,2,1,2,reliable,No-age
221,2,local,21,0,0.0,0.0,0,0,0,0,0,0,0,0,0,reliable,No-age
221,1,posterior,138,118,0.33714100751537285,0.0028939317063871053,1,1,8081,131,133,2,2,1,2,reliable,No-age
221,2,posterior,138,118,0.33714100751537285,0.0028939317063871053,1,1,8081,131,133,2,2,1,2,reliable,No-age
222,1,local,140,119,0.9488818624380616,0.008179483767302837,1,1,8199,132,134,2,2,1,2,reliable,No-age
222,2,local,21,0,0.0,0.0,0,0,0,0,0,0,0,0,0,reliable,No-age
222,1,posterior,137,119,0.33504032592904637,0.0028649539129470022,1,1,8199,132,134,2,2,1,2,reliable,No-age
222,2,posterior,137,119,0.33504032592904637,0.0028649539129470022,1,1,8199,132,134,2,2,1,2,reliable,No-age
223,1,local,141,120,0.9388905801073668,0.008075183533903308,1,1,8318,133,135,2,2,1,2,reliable,No-age
223,2,local,19,0,0.0,0.0,0,0,0,0,0,0,0,0,0,reliable,No-age
223,1,posterior,139,120,0.33429439495826946,0.0028465320818396216,1,1,8318,133,135,2,2,1,2,reliable,No-age
223,2,posterior,139,120,0.33429439495826946,0.0028465320818396216,1,1,8318,133,135,2,2,1,2,reliable,No-age
224,1,local,143,121,0.8885697045151665,0.00761930044820935,1,1,8438,134,136,2,2,1,2,reliable,No-age
224,2,local,20,0,0.0,0.0,0,0,0,0,0,0,0,0,0,reliable,No-age
224,1,posterior,139,121,0.3262621889178465,0.0027646065636390683,1,1,8438,134,136,2,2,1,2,reliable,No-age
224,2,posterior,139,121,0.3262621889178465,0.0027646065636390683,1,1,8438,134,136,2,2,1,2,reliable,No-age
225,1,local,144,122,0.9303123151861609,0.007947554117611381,1,1,8559,135,137,2,2,1,2,reliable,No-age
225,2,local,20,0,0.0,0.0,0,0,0,0,0,0,0,0,0,reliable,No-age
225,1,posterior,143,122,0.33504741749209466,0.0028238301966401424,1,1,8559,135,137,2,2,1,2,reliable,No-age
225,2,posterior,143,122,0.33504741749209466,0.0028238301966401424,1,1,8559,135,137,2,2,1,2,reliable,No-age
226,1,local,147,123,0.9338723554285874,0.007940453803629418,1,1,8681,136,138,2,2,1,2,reliable,No-age
226,2,local,21,0,0.0,0.0,0,0,0,0,0,0,0,0,0,reliable,No-age
226,1,posterior,144,123,0.33696770933507675,0.0028225620042164738,1,1,8681,136,138,2,2,1,2,reliable,No-age
226,2,posterior,144,123,0.33696770933507675,0.0028225620042164738,1,1,8681,136,138,2,2,1,2,reliable,No-age
227,1,local,148,124,0.9789273567635218,0.008277153797056017,1,1,8804,137,139,2,2,1,2,reliable,No-age
227,2,local,21,0,0.0,0.0,0,0,0,0,0,0,0,0,0,reliable,No-age
227,1,posterior,147,124,0.3463880498873172,0.0028821005061667833,1,1,8804,137,139,2,2,1,2,reliable,No-age
227,2,posterior,147,124,0.3463880498873172,0.0028821005061667833,1,1,8804,137,139,2,2,1,2,reliable,No-age
228,1,local,150,125,0.9429948734543669,0.00792176882213619,1,1,8928,138,140,2,2,1,2,reliable,No-age
228,2,local,22,0,0.0,0.0,0,0,0,0,0,0,0,0,0,reliable,No-age
228,1,posterior,145,125,0.3413080558747576,0.0028192220033443805,1,1,8928,138,140,2,2,1,2,reliable,No-age
228,2,posterior,145,125,0.3413080558747576,0.0028192220033443805,1,1,8928,138,140,2,2,1,2,reliable,No-age
229,1,local,151,126,0.9514243694381301,0.007936483542513537,1,1,9053,139,141,2,2,1,2,reliable,No-age
229,2,local,20,0,0.0,0.0,0,0,0,0,0,0,0,0,0,reliable,No-age
229,1,posterior,150,126,0.3442033452400174,0.002821852630246337,1,1,9053,139,141,2,2,1,2,reliable,No-age
229,2,posterior,150,126,0.3442033452400174,0.002821852630246337,1,1,9053,139,141,2,2,1,2,reliable,No-age
230,1,local,154,127,0.9630251653171875,0.007973642971231047,1,1,9179,140,142,2,2,1,2,reliable,No-age
230,2,local,23,0,0.0,0.0,0,0,0,0,0,0,0,0,0,reliable,No-age
230,1,posterior,152,127,0.3476900984473927,0.0028284851776232242,1,1,9179,140,142,2,2,1,2,reliable,No-age
230,2,posterior,152,127,0.3476900984473927,0.0028284851776232242,1,1,9179,140,142,2,2,1,2,reliable,No-age
231,1,local,156,128,0.9152343988183422,0.007518865569201292,1,1,9306,141,143,2,2,1,2,reliable,No-age
231,2,local,22,0,0.0,0.0,0,0,0,0,0,0,0,0,0,reliable,No-age
231,1,posterior,154,128,0.34027227629952295,0.002746236719117308,1,1,9306,141,143,2,2,1,2,reliable,No-age
231,2,posterior,154,128,0.34027227629952295,0.002746236719117308,1,1,9306,141,143,2,2,1,2,reliable,No-age
232,1,local,157,129,0.9490903017473409,0.007735892234582308,1,1,9434,142,144,2,2,1,2,reliable,No-age
232,2,local,20,0,0.0,0.0,0,0,0,0,0,0,0,0,0,reliable,No-age
232,1,posterior,152,129,0.34789420651020375,0.002785782987067581,1,1,9434,142,144,2,2,1,2,reliable,No-age
232,2,posterior,152,129,0.34789420651020375,0.002785782987067581,1,1,9434,142,144,2,2,1,2,reliable,No-age
233,1,local,158,130,0.9825384825976542,0.007945608318806438,1,1,9563,143,145,2,2,1,2,reliable,No-age
233,2,local,20,0,0.0,0.0,0,0,0,0,0,0,0,0,0,reliable,No-age
233,1,posterior,160,130,0.35538564667540007,0.0028234827113880214,1,1,9563,143,145,2,2,1,2,reliable,No-age
233,2,posterior,160,130,0.35538564667540007,0.0028234827113880214,1,1,9563,143,145,2,2,1,2,reliable,No-age
234,1,local,162,131,0.9231407294396131,0.007405243897742957,1,1,9693,144,146,2,2,1,2,reliable,No-age
234,2,local,25,0,0.0,0.0,0,0,0,0,0,0,0,0,0,reliable,No-age
234,1,posterior,160,131,0.34577936018001276,0.0027253089891966166,1,1,9693,144,146,2,2,1,2,reliable,No-age
234,2,posterior,160,131,0.34577936018001276,0.0027253089891966166,1,1,9693,144,146,2,2,1,2,reliable,No-age
235,1,local,165,132,0.9607216593423248,0.0076458220529418116,1,1,9824,145,147,2,2,1,2,reliable,No-age
235,2,local,23,0,0.0,0.0,0,0,0,0,0,0,0,0,0,reliable,No-age
235,1,posterior,163,132,0.3541230300058485,0.0027694375585033187,1,1,9824,145,147,2,2,1,2,reliable,No-age
235,2,posterior,163,132,0.3541230300058485,0.0027694375585033187,1,1,9824,145,147,2,2,1,2,reliable,No-age
236,1,local,167,133,0.9866931146163811,0.007791062901291202,1,1,9956,146,148,2,2,1,2,reliable,No-age
236,2,local,25,0,0.0,0.0,0,0,0,0,0,0,0,0,0,reliable,No-age
236,1,posterior,164,133,0.360271416662451,0.0027957489160013926,1,1,9956,146,148,2,2,1,2,reliable,No-age
236,2,posterior,164,133,0.360271416662451,0.0027957489160013926,1,1,9956,146,148,2,2,1,2,reliable,No-age
237,1,local,167,134,0.9140949703661304,0.007160455122188504,1,1,10089,147,149,2,2,1,2,reliable,No-age
237,2,local,31,0,0.0,0.0,0,0,0,0,0,0,0,0,0,reliable,No-age
237,1,posterior,168,134,0.3480351789847544,0.0026796785778308322,1,1,10089,147,149,2,2,1,2,reliable,No-age
237,2,posterior,168,134,0.3480351789847544,0.0026796785778308322,1,1,10089,147,149,2,2,1,2,reliable,No-age
238,1,local,171,135,0.9863247850645224,0.0076667921489089385,1,1,10223,148,150,2,2,1,2,reliable,No-age
238,2,local,31,0,0.0,0.0,0,0,0,0,0,0,0,0,0,reliable,No-age
238,1,posterior,171,135,0.3629217896197117,0.0027732515035770343,1,1,10223,148,150,2,2,1,2,reliable,No-age
238,2,posterior,171,135,0.3629217896197117,0.0027732515035770343,1,1,10223,148,150,2,2,1,2,reliable,No-age
239,1,local,167,136,0.9728388330793364,0.007503793946930918,1,1,10358,149,151,2,2,1,2,reliable,No-age
239,2,local,35,0,0.0,0.0,0,0,0,0,0,0,0,0,0,reliable,No-age
239,1,posterior,169,136,0.361776383615736,0.0027434696937732534,1,1,10358,149,151,2,2,1,2,reliable,No-age
239,2,posterior,169,136,0.361776383615736,0.0027434696937732534,1,1,10358,149,151,2,2,1,2,reliable,No-age
240,1,local,165,137,0.9954562453020203,0.0076195675432848215,1,1,10494,150,152,2,2,1,2,reliable,No-age
240,2,local,27,0,0.0,0.0,0,0,0,0,0,0,0,0,0,reliable,No-age
240,1,posterior,159,137,0.36732872288599094,0.002764655257000172,1,1,10494,150,152,2,2,1,2,reliable,No-age
240,2,posterior,159,137,0.36732872288599094,0.002764655257000172,1,1,10494,150,152,2,2,1,2,reliable,No-age
1,1,local,0,0,0.0,0.0,0,0,0,0,0,0,0,0,0,intermittent,GCE
1,2,local,0,0,0.0,0.0,0,0,0,0,0,0,0,0,0,intermittent,GCE
1,1,posterior,0,0,0.0,0.0,0,0,0,0,0,0,0,0,0,intermittent,GCE
1,2,posterior,0,0,0.0,0.0,0,0,0,0,0,0,0,0,0,intermittent,GCE
2,1,local,9,1,0.09606124790532805,0.09606124790532805,1,1,0,1,1,0,0,0,1,intermittent,GCE
2,2,local,1,0,0.0,0.0,0,0,0,0,0,0,0,0,0,intermittent,GCE
2,1,posterior,9,1,0.010208584972325912,0.010208584972325912,1,1,0,1,1,0,0,0,1,intermittent,GCE
2,2,posterior,9,1,0.010208584972325912,0.010208584972325912,1,1,0,1,1,0,0,0,1,intermittent,GCE
3,1,local,19,1,0.07589822324160403,0.07589822324160403,1,1,0,1,1,0,0,0,1,intermittent,GCE
3,2,local,7,1,0.0010199270145905353,0.0010199270145905353,0,1,1,1,1,0,0,0,1,intermittent,GCE
3,1,posterior,19,1,0.00898572387081437,0.00898572387081437,1,1,0,1,1,0,0,0,1,intermittent,GCE
3,2,posterior,19,1,0.00898572387081437,0.00898572387081437,1,1,0,1,1,0,0,0,1,intermittent,GCE
4,1,local,25,2,0.27439728621226,0.17980567073499207,1,1,1,2,2,0,0,0,1,intermittent,GCE
4,2,local,14,0,0.0,0.0,0,0,0,0,0,0,0,0,0,intermittent,GCE
4,1,posterior,25,2,0.024720204818748828,0.014597358996544053,1,1,1,2,2,0,0,0,1,intermittent,GCE
4,2,posterior,25,2,0.024720204818748828,0.014597358996544053,1,1,1,2,2,0,0,0,1,intermittent,GCE
5,1,local,32,5,0.3913097121278153,0.1925527241522907,1,2,6,5,5,0,0,0,1,intermittent,GCE
5,2,local,21,2,0.0024754650120740215,0.0014641820539076347,0,1,3,2,2,0,0,0,1,intermittent,GCE
5,1,posterior,29,3,0.018355534784338462,0.007752239019189754,1,1,3,3,3,0,0,0,1,intermittent,GCE
5,2,posterior,29,3,0.018355534784338462,0.007752239019189754,1,1,3,3,3,0,0,0,1,intermittent,GCE
6,1,local,36,4,0.3119896742625242,0.1090901704996884,1,1,6,4,4,0,0,0,1,intermittent,GCE
6,2,local,17,0,0.0,0.0,0,0,0,0,0,0,0,0,0,intermittent,GCE
6,1,posterior,36,4,0.03619602126247084,0.010949933142733972,1,1,6,4,4,0,0,0,1,intermittent,GCE
6,2,posterior,36,4,0.03619602126247084,0.010949933142733972,1,1,6,4,4,0,0,0,1,intermittent,GCE
7,1,local,42,7,0.745065142186251,0.15125081270127827,1,2,18,7,7,0,0,0,1,intermittent,GCE
7,2,local,22,1,0.001094723935256282,0.001094723935256282,0,0,2,1,1,0,0,0,1,intermittent,GCE
7,1,posterior,40,7,0.05869712723354742,0.012612204144119796,1,2,18,7,7,0,0,0,1,intermittent,GCE
7,2,posterior,40,7,0.05869712723354742,0.012612204144119796,1,2,18,7,7,0,0,0,1,intermittent,GCE
8,1,local,49,13,1.1206942676797902,0.1766182347419349,1,4,42,14,14,0,0,0,1,intermittent,GCE
8,2,local,21,3,0.0033419265412343675,0.001262798879709966,0,1,11,3,3,0,0,0,1,intermittent,GCE
8,1,posterior,49,13,0.098766009406989,0.011090888350095082,1,4,42,14,14,0,0,0,1,intermittent,GCE
8,2,posterior,21,3,0.0033419265412343675,0.001262798879709966,0,1,11,3,3,0,0,0,1,intermittent,GCE
9,1,local,52,15,1.0356380733190762,0.12058380436163306,1,4,60,16,16,0,0,0,1,intermittent,GCE
9,2,local,18,0,0.0,0.0,0,0,0,0,0,0,0,0,0,intermittent,GCE
9,1,posterior,51,15,0.125953426608234,0.011579933637647189,1,4,60,16,16,0,0,0,1,intermittent,GCE
9,2,posterior,18,0,0.0,0.0,0,0,0,0,0,0,0,0,0,intermittent,GCE
10,1,local,57,20,1.3995660581284162,0.12153979062607292,1,5,93,21,21,0,0,0,1,intermittent,GCE
10,2,local,18,0,0.0,0.0,0,0,0,0,0,0,0,0,0,intermittent,GCE
10,1,posterior,55,20,0.1694343868748891,0.011631463502165313,1,5,93,21,21,0,0,0,1,intermittent,GCE
10,2,posterior,55,20,0.1694343868748891,0.011631463502165313,1,5,93,21,21,0,0,0,1,intermittent,GCE
11,1,local,60,23,1.2074181847579857,0.0878593463953028,1,5,119,24,24,0,0,0,1,intermittent,GCE
11,2,local,31,4,0.004455233818848299,0.0011635737390551732,0,3,33,5,5,0,0,0,1,intermittent,GCE
11,1,posterior,57,23,0.14404786187719465,0.008941816737324767,1,5,119,24,24,0,0,0,1,intermittent,GCE
11,2,posterior,57,23,0.14404786187719465,0.008941816737324767,1,5,119,24,24,0,0,0,1,intermittent,GCE
12,1,local,61,25,1.4467197403910645,0.10318614837457843,1,5,146,26,26,0,0,0,1,intermittent,GCE
12,2,local,27,0,0.0,0.0,0,0,0,0,0,0,0,0,0,intermittent,GCE
12,1,posterior,52,24,0.18598864756085576,0.010617953725528418,0,5,146,25,25,0,0,0,1,intermittent,GCE
12,2,posterior,52,24,0.18598864756085576,0.010617953725528418,0,5,146,25,25,0,0,0,1,intermittent,GCE
13,1,local,57,26,1.492854897439503,0.09452336597790212,1,5,172,27,27,0,0,0,1,intermittent,GCE
13,2,local,21,3,0.0030810567367575586,0.0010612171665246163,0,1,27,3,3,0,0,0,1,intermittent,GCE
13,1,posterior,54,26,0.18029317460203717,0.009263129678571022,1,5,172,27,27,0,0,0,1,intermittent,GCE
13,2,posterior,54,26,0.18029317460203717,0.009263129678571022,1,5,172,27,27,0,0,0,1,intermittent,GCE
14,1,local,56,30,1.5715870700722543,0.08229670253433627,1,5,207,31,31,0,0,0,1,intermittent,GCE
14,2,local,17,1,0.007984455284795638,0.007984455284795638,0,1,11,1,1,0,0,0,1,intermittent,GCE
14,1,posterior,52,30,0.23085976382430828,0.021318026005434927,1,5,207,31,31,0,0,0,1,intermittent,GCE
14,2,posterior,52,30,0.23085976382430828,0.021318026005434927,1,5,207,31,31,0,0,0,1,intermittent,GCE
15,1,local,56,23,1.1350959742103486,0.11303486682779863,1,4,172,24,24,0,0,0,1,intermittent,GCE
15,2,local,13,1,0.021104845745380577,0.021104845745380577,0,1,12,1,1,0,0,0,1,intermittent,GCE
15,1,posterior,53,23,0.19552399127971676,0.0456478870024603,1,4,172,24,24,0,0,0,1,intermittent,GCE
15,2,posterior,53,23,0.19552399127971676,0.0456478870024603,1,4,172,24,24,0,0,0,1,intermittent,GCE
16,1,local,59,22,1.0571322987466922,0.21560478990977794,1,3,172,23,23,0,0,0,1,intermittent,GCE
16,2,local,11,1,0.0451914081324357,0.0451914081324357,0,1,13,1,1,0,0,0,1,intermittent,GCE
16,1,posterior,57,22,0.22572600070700258,0.09324589594887797,1,3,172,23,23,0,0,0,1,intermittent,GCE
16,2,posterior,57,22,0.22572600070700258,0.09324589594887797,1,3,172,23,23,0,0,0,1,intermittent,GCE
17,1,local,63,13,0.7663318132900009,0.3746978529164232,1,2,111,14,14,0,0,0,1,intermittent,GCE
17,2,local,11,1,0.0923134369893892,0.0923134369893892,0,1,14,1,1,0,0,0,1,intermittent,GCE
17,1,posterior,63,13,0.25032768151791074,0.1820226245489881,1,2,111,14,14,0,0,0,1,intermittent,GCE
17,2,posterior,63,13,0.25032768151791074,0.1820226245489881,1,2,111,14,14,0,0,0,1,intermittent,GCE
18,1,local,69,12,0.8625228541341172,0.5853495342938926,1,2,116,13,13,0,0,0,1,intermittent,GCE
18,2,local,13,1,0.1802023983034982,0.1802023983034982,0,1,15,1,1,0,0,0,1,intermittent,GCE
18,1,posterior,69,12,0.8625228541341172,0.5853495342938926,1,2,116,13,13,0,0,0,1,intermittent,GCE
18,2,posterior,13,1,0.1802023983034982,0.1802023983034982,0,1,15,1,1,0,0,0,1,intermittent,GCE
19,1,local,75,4,0.8103775302130771,0.7458958535002612,1,1,45,4,4,0,0,0,1,intermittent,GCE
19,2,local,11,1,0.17840037432046324,0.17840037432046324,0,1,16,1,1,0,0,0,1,intermittent,GCE
19,1,posterior,73,4,0.38699006541228503,0.37402708604494705,1,1,45,4,4,0,0,0,1,intermittent,GCE
19,2,posterior,73,4,0.38699006541228503,0.37402708604494705,1,1,45,4,4,0,0,0,1,intermittent,GCE
20,1,local,78,2,0.8553199618534268,0.8471573032758295,1,1,17,2,2,0,0,0,1,intermittent,GCE
20,2,local,20,1,0.3702868151844976,0.3702868151844976,0,1,17,1,1,0,0,0,1,intermittent,GCE
20,1,posterior,75,2,0.628103394111276,0.6252414040869877,1,1,17,2,2,0,0,0,1,intermittent,GCE
20,2,posterior,75,2,0.628103394111276,0.6252414040869877,1,1,17,2,2,0,0,0,1,intermittent,GCE
21,1,local,82,1,0.946575858668769,0.946575858668769,0,1,18,1,1,0,0,0,1,intermittent,GCE
21,2,local,11,1,0.6189889900461178,0.6189889900461178,0,1,18,1,1,0,0,0,1,intermittent,GCE
21,1,posterior,80,1,0.8302667570556972,0.8302667570556972,0,1,18,1,1,0,0,0,1,intermittent,GCE
21,2,posterior,80,1,0.8302667570556972,0.8302667570556972,0,1,18,1,1,0,0,0,1,intermittent,GCE
22,1,local,85,1,0.9898807676817867,0.9898807676817867,0,1,19,1,1,0,0,0,1,intermittent,GCE
22,2,local,11,1,0.8219640894851402,0.8219640894851402,0,1,19,1,1,0,0,0,1,intermittent,GCE
22,1,posterior,81,1,0.9508975478614654,0.9508975478614654,0,1,19,1,1,0,0,0,1,intermittent,GCE
22,2,posterior,81,1,0.9508975478614654,0.9508975478614654,0,1,19,1,1,0,0,0,1,intermittent,GCE
23,1,local,86,1,0.9974736403888094,0.9974736403888094,0,1,20,1,1,0,0,0,1,intermittent,GCE
23,2,local,8,1,0.9413885723828508,0.9413885723828508,0,1,20,1,1,0,0,0,1,intermittent,GCE
23,1,posterior,85,1,0.9864854658237695,0.9864854658237695,0,1,20,1,1,0,0,0,1,intermittent,GCE
23,2,posterior,85,1,0.9864854658237695,0.9864854658237695,0,1,20,1,1,0,0,0,1,intermittent,GCE
24,1,local,79,1,0.9992463069684077,0.9992463069684077,0,1,21,1,1,0,0,0,1,intermittent,GCE
24,2,local,12,1,0.9766206111655318,0.9766206111655318,0,1,21,1,1,0,0,0,1,intermittent,GCE
24,1,posterior,76,1,0.9954019637318123,0.9954019637318123,0,1,21,1,1,0,0,0,1,intermittent,GCE
24,2,posterior,76,1,0.9954019637318123,0.9954019637318123,0,1,21,1,1,0,0,0,1,intermittent,GCE
25,1,local,78,1,0.999468680760014,0.999468680760014,0,1,22,1,1,0,0,0,1,intermittent,GCE
25,2,local,12,1,0.9854479440944942,0.9854479440944942,0,1,22,1,1,0,0,0,1,intermittent,GCE
25,1,posterior,75,1,0.996974170558824,0.996974170558824,0,1,22,1,1,0,0,0,1,intermittent,GCE
25,2,posterior,75,1,0.996974170558824,0.996974170558824,0,1,22,1,1,0,0,0,1,intermittent,GCE
26,1,local,78,1,0.9996365132914662,0.9996365132914662,0,1,23,1,1,0,0,0,1,intermittent,GCE
26,2,local,12,1,0.9870044288532357,0.9870044288532357,0,1,23,1,1,0,0,0,1,intermittent,GCE
26,1,posterior,74,1,0.997637290397469,0.997637290397469,0,1,23,1,1,0,0,0,1,intermittent,GCE
26,2,posterior,74,1,0.997637290397469,0.997637290397469,0,1,23,1,1,0,0,0,1,intermittent,GCE
27,1,local,81,1,0.9996581780894433,0.9996581780894433,0,1,24,1,1,0,0,0,1,intermittent,GCE
27,2,local,9,1,0.9876609174934943,0.9876609174934943,0,1,24,1,1,0,0,0,1,intermittent,GCE
27,1,posterior,80,1,0.9977710315405839,0.9977710315405839,0,1,24,1,1,0,0,0,1,intermittent,GCE
27,2,posterior,80,1,0.9977710315405839,0.9977710315405839,0,1,24,1,1,0,0,0,1,intermittent,GCE
28,1,local,82,1,0.9994596838626727,0.9994596838626727,0,1,25,1,1,0,0,0,1,intermittent,GCE
28,2,local,11,1,0.987793321225178,0.987793321225178,0,1,25,1,1,0,0,0,1,intermittent,GCE
28,1,posterior,79,1,0.9972213274114908,0.9972213274114908,0,1,25,1,1,0,0,0,1,intermittent,GCE
28,2,posterior,79,1,0.9972213274114908,0.9972213274114908,0,1,25,1,1,0,0,0,1,intermittent,GCE
29,1,local,83,1,0.9995757861358371,0.9995757861358371,0,1,26,1,1,0,0,0,1,intermittent,GCE
29,2,local,8,1,0.9872491141373759,0.9872491141373759,0,1,26,1,1,0,0,0,1,intermittent,GCE
29,1,posterior,82,1,0.9974813591215748,0.9974813591215748,0,1,26,1,1,0,0,0,1,intermittent,GCE
29,2,posterior,82,1,0.9974813591215748,0.9974813591215748,0,1,26,1,1,0,0,0,1,intermittent,GCE
30,1,local,86,1,0.9996016840148491,0.9996016840148491,0,1,27,1,1,0,0,0,1,intermittent,GCE
30,2,local,10,1,0.987506545530359,0.987506545530359,0,1,27,1,1,0,0,0,1,intermittent,GCE
30,1,posterior,83,1,0.9975834920146988,0.9975834920146988,0,1,27,1,1,0,0,0,1,intermittent,GCE
30,2,posterior,83,1,0.9975834920146988,0.9975834920146988,0,1,27,1,1,0,0,0,1,intermittent,GCE
31,1,local,90,1,0.9995801557070102,0.9995801557070102,0,1,28,1,1,0,0,0,1,intermittent,GCE
31,2,local,9,1,0.9876076570945518,0.9876076570945518,0,1,28,1,1,0,0,0,1,intermittent,GCE
31,1,posterior,89,1,0.9975306425066667,0.9975306425066667,0,1,28,1,1,0,0,0,1,intermittent,GCE
31,2,posterior,9,1,0.9876076570945518,0.9876076570945518,0,1,28,1,1,0,0,0,1,intermittent,GCE
32,1,local,94,1,0.9994797315075846,0.9994797315075846,0,1,29,1,1,0,0,0,1,intermittent,GCE
32,2,local,9,1,0.9777315805236062,0.9777315805236062,0,1,29,1,1,0,0,0,1,intermittent,GCE
32,1,posterior,93,1,0.9958968558021577,0.9958968558021577,0,1,29,1,1,0,0,0,1,intermittent,GCE
32,2,posterior,93,1,0.9958968558021577,0.9958968558021577,0,1,29,1,1,0,0,0,1,intermittent,GCE
33,1,local,98,1,0.9994877149481755,0.9994877149481755,0,1,30,1,1,0,0,0,1,intermittent,GCE
33,2,local,15,1,0.9859378872441361,0.9859378872441361,0,1,30,1,1,0,0,0,1,intermittent,GCE
33,1,posterior,95,1,0.9970634154181053,0.9970634154181053,0,1,30,1,1,0,0,0,1,intermittent,GCE
33,2,posterior,95,1,0.9970634154181053,0.9970634154181053,0,1,30,1,1,0,0,0,1,intermittent,GCE
34,1,local,102,1,0.999631041753748,0.999631041753748,0,1,31,1,1,0,0,0,1,intermittent,GCE
34,2,local,15,1,0.9870927812639242,0.9870927812639242,0,1,31,1,1,0,0,0,1,intermittent,GCE
34,1,posterior,101,1,0.997623101424609,0.997623101424609,0,1,31,1,1,0,0,0,1,intermittent,GCE
34,2,posterior,101,1,0.997623101424609,0.997623101424609,0,1,31,1,1,0,0,0,1,intermittent,GCE
35,1,local,106,1,0.9994309137364231,0.9994309137364231,0,1,32,1,1,0,0,0,1,intermittent,GCE
35,2,local,19,1,0.9876468704103629,0.9876468704103629,0,1,32,1,1,0,0,0,1,intermittent,GCE
35,1,posterior,103,1,0.9971307590537537,0.9971307590537537,0,1,32,1,1,0,0,0,1,intermittent,GCE
35,2,posterior,103,1,0.9971307590537537,0.9971307590537537,0,1,32,1,1,0,0,0,1,intermittent,GCE
36,1,local,106,1,0.9995401164262655,0.9995401164262655,0,1,33,1,1,0,0,0,1,intermittent,GCE
36,2,local,19,1,0.9871594514632162,0.9871594514632162,0,1,33,1,1,0,0,0,1,intermittent,GCE
36,1,posterior,103,1,0.9973675614665359,0.9973675614665359,0,1,33,1,1,0,0,0,1,intermittent,GCE
36,2,posterior,103,1,0.9973675614665359,0.9973675614665359,0,1,33,1,1,0,0,0,1,intermittent,GCE
37,1,local,107,1,0.9996804360782113,0.9996804360782113,0,1,34,1,1,0,0,0,1,intermittent,GCE
37,2,local,18,1,0.9873938858518706,0.9873938858518706,0,1,34,1,1,0,0,0,1,intermittent,GCE
37,1,posterior,103,1,0.9978235927932166,0.9978235927932166,0,1,34,1,1,0,0,0,1,intermittent,GCE
37,2,posterior,103,1,0.9978235927932166,0.9978235927932166,0,1,34,1,1,0,0,0,1,intermittent,GCE
38,1,local,110,1,0.9995612748343005,0.9995612748343005,0,1,35,1,1,0,0,0,1,intermittent,GCE
38,2,local,16,1,0.9878453568652845,0.9878453568652845,0,1,35,1,1,0,0,0,1,intermittent,GCE
38,1,posterior,108,1,0.997501483682924,0.997501483682924,0,1,35,1,1,0,0,0,1,intermittent,GCE
38,2,posterior,108,1,0.997501483682924,0.997501483682924,0,1,35,1,1,0,0,0,1,intermittent,GCE
39,1,local,111,1,0.9995605555952766,0.9995605555952766,0,1,36,1,1,0,0,0,1,intermittent,GCE
39,2,local,18,1,0.9875264688460947,0.9875264688460947,0,1,36,1,1,0,0,0,1,intermittent,GCE
39,1,posterior,105,1,0.997465820324166,0.997465820324166,0,1,36,1,1,0,0,0,1,intermittent,GCE
39,2,posterior,105,1,0.997465820324166,0.997465820324166,0,1,36,1,1,0,0,0,1,intermittent,GCE
40,1,local,113,1,0.9996363163930637,0.9996363163930637,0,1,37,1,1,0,0,0,1,intermittent,GCE
40,2,local,13,1,0.9874911621209244,0.9874911621209244,0,1,37,1,1,0,0,0,1,intermittent,GCE
40,1,posterior,111,1,0.9976890637581801,0.9976890637581801,0,1,37,1,1,0,0,0,1,intermittent,GCE
40,2,posterior,111,1,0.9976890637581801,0.9976890637581801,0,1,37,1,1,0,0,0,1,intermittent,GCE
41,1,local,115,1,0.9994792038513897,0.9994792038513897,0,1,38,1,1,0,0,0,1,intermittent,GCE
41,2,local,15,1,0.9877121731205983,0.9877121731205983,0,1,38,1,1,0,0,0,1,intermittent,GCE
41,1,posterior,111,1,0.9972649397303162,0.9972649397303162,0,1,38,1,1,0,0,0,1,intermittent,GCE
41,2,posterior,111,1,0.9972649397303162,0.9972649397303162,0,1,38,1,1,0,0,0,1,intermittent,GCE
42,1,local,117,1,0.9995072919366053,0.9995072919366053,0,1,39,1,1,0,0,0,1,intermittent,GCE
42,2,local,12,1,0.987292290333013,0.987292290333013,0,1,39,1,1,0,0,0,1,intermittent,GCE
42,1,posterior,114,1,0.9972921927269793,0.9972921927269793,0,1,39,1,1,0,0,0,1,intermittent,GCE
42,2,posterior,114,1,0.9972921927269793,0.9972921927269793,0,1,39,1,1,0,0,0,1,intermittent,GCE
43,1,local,120,1,0.9995914268455245,0.9995914268455245,0,1,40,1,1,0,0,0,1,intermittent,GCE
43,2,local,13,1,0.9873192707997095,0.9873192707997095,0,1,40,1,1,0,0,0,1,intermittent,GCE
43,1,posterior,117,1,0.9975346205915038,0.9975346205915038,0,1,40,1,1,0,0,0,1,intermittent,GCE
43,2,posterior,117,1,0.9975346205915038,0.9975346205915038,0,1,40,1,1,0,0,0,1,intermittent,GCE
44,1,local,122,1,0.999646991707058,0.999646991707058,0,1,41,1,1,0,0,0,1,intermittent,GCE
44,2,local,14,1,0.9875592743855888,0.9875592743855888,0,1,41,1,1,0,0,0,1,intermittent,GCE
44,1,posterior,117,1,0.9977289219806932,0.9977289219806932,0,1,41,1,1,0,0,0,1,intermittent,GCE
44,2,posterior,14,1,0.9875592743855888,0.9875592743855888,0,1,41,1,1,0,0,0,1,intermittent,GCE
45,1,local,125,1,0.9996740301310435,0.9996740301310435,0,1,42,1,1,0,0,0,1,intermittent,GCE
45,2,local,12,1,0.9776836816417329,0.9776836816417329,0,1,42,1,1,0,0,0,1,intermittent,GCE
45,1,posterior,121,1,0.9967347460139466,0.9967347460139466,0,1,42,1,1,0,0,0,1,intermittent,GCE
45,2,posterior,121,1,0.9967347460139466,0.9967347460139466,0,1,42,1,1,0,0,0,1,intermittent,GCE
46,1,local,128,1,0.9995314837282325,0.9995314837282325,0,1,43,1,1,0,0,0,1,intermittent,GCE
46,2,local,11,1,0.8817560599294958,0.8817560599294958,0,1,43,1,1,0,0,0,1,intermittent,GCE
46,1,posterior,126,1,0.9783362926080036,0.9783362926080036,0,1,43,1,1,0,0,0,1,intermittent,GCE
46,2,posterior,126,1,0.9783362926080036,0.9783362926080036,0,1,43,1,1,0,0,0,1,intermittent,GCE
47,1,local,131,1,0.9987985341288653,0.9987985341288653,0,1,44,1,1,0,0,0,1,intermittent,GCE
47,2,local,15,1,0.7548987445545984,0.7548987445545984,0,1,44,1,1,0,0,0,1,intermittent,GCE
47,1,posterior,127,1,0.9479825029833351,0.9479825029833351,0,1,44,1,1,0,0,0,1,intermittent,GCE
47,2,posterior,127,1,0.9479825029833351,0.9479825029833351,0,1,44,1,1,0,0,0,1,intermittent,GCE
48,1,local,134,2,1.000904329442585,0.997361706810682,1,1,45,2,2,0,0,0,1,intermittent,GCE
48,2,local,10,1,0.6041308261743512,0.6041308261743512,0,1,45,1,1,0,0,0,1,intermittent,GCE
48,1,posterior,132,2,0.8984871876741045,0.8966042678567503,1,1,45,2,2,0,0,0,1,intermittent,GCE
48,2,posterior,10,1,0.6041308261743512,0.6041308261743512,0,1,45,1,1,0,0,0,1,intermittent,GCE
49,1,local,137,1,0.996696091482577,0.996696091482577,0,1,46,1,1,0,0,0,1,intermittent,GCE
49,2,local,10,1,0.1295352705621212,0.1295352705621212,0,1,46,1,1,0,0,0,1,intermittent,GCE
49,1,posterior,135,1,0.6847073854619213,0.6847073854619213,0,1,46,1,1,0,0,0,1,intermittent,GCE
49,2,posterior,135,1,0.6847073854619213,0.6847073854619213,0,1,46,1,1,0,0,0,1,intermittent,GCE
50,1,local,140,2,0.9821029056071262,0.9779197869281563,1,1,47,2,2,0,0,0,1,intermittent,GCE
50,2,local,13,1,0.17384344699899199,0.17384344699899199,0,1,47,1,1,0,0,0,1,intermittent,GCE
50,1,posterior,136,2,0.5245598785961684,0.5225134906866796,1,1,47,2,2,0,0,0,1,intermittent,GCE
50,2,posterior,136,2,0.5245598785961684,0.5225134906866796,1,1,47,2,2,0,0,0,1,intermittent,GCE
51,1,local,143,2,0.9727165547695469,0.9679024930202601,1,1,48,2,2,0,0,0,1,intermittent,GCE
51,2,local,11,1,0.09679063905772384,0.09679063905772384,0,1,48,1,1,0,0,0,1,intermittent,GCE
51,1,posterior,142,2,0.39493399618676267,0.39273832979398643,1,1,48,2,2,0,0,0,1,intermittent,GCE
51,2,posterior,11,1,0.09679063905772384,0.09679063905772384,0,1,48,1,1,0,0,0,1,intermittent,GCE
52,1,local,146,3,0.9448688363066804,0.9372549042073371,1,1,50,3,3,0,0,0,1,intermittent,GCE
52,2,local,10,1,0.010486646476410193,0.010486646476410193,0,1,49,1,1,0,0,0,1,intermittent,GCE
52,1,posterior,144,3,0.11772009241013479,0.11391183951120333,1,1,50,3,3,0,0,0,1,intermittent,GCE
52,2,posterior,144,3,0.11772009241013479,0.11391183951120333,1,1,50,3,3,0,0,0,1,intermittent,GCE
53,1,local,135,15,0.7866073679377573,0.7134126408553801,2,1,92,15,15,0,0,0,1,intermittent,GCE
53,2,local,12,1,0.012551157475067017,0.012551157475067017,0,1,50,1,1,0,0,0,1,intermittent,GCE
53,1,posterior,135,15,0.7866073679377573,0.7134126408553801,2,1,92,15,15,0,0,0,1,intermittent,GCE
53,2,posterior,131,15,0.0912922278173162,0.05988149987702975,2,1,92,15,15,0,0,0,1,intermittent,GCE
54,1,local,138,14,0.9798549775868445,0.9455196374168419,1,1,99,14,14,0,0,0,1,intermittent,GCE
54,2,local,10,1,0.006262394913650169,0.006262394913650169,0,1,51,1,1,0,0,0,1,intermittent,GCE
54,1,posterior,137,14,0.12425959649145368,0.1034185721407149,1,1,99,14,14,0,0,0,1,intermittent,GCE
54,2,posterior,137,14,0.12425959649145368,0.1034185721407149,1,1,99,14,14,0,0,0,1,intermittent,GCE
55,1,local,141,21,0.7741875749196866,0.655614989571312,2,1,142,21,21,0,0,0,1,intermittent,GCE
55,2,local,15,1,0.011277626196484843,0.011277626196484843,0,1,52,1,1,0,0,0,1,intermittent,GCE
55,1,posterior,136,21,0.09856094981422306,0.051010245245868724,2,1,142,21,21,0,0,0,1,intermittent,GCE
55,2,posterior,136,21,0.09856094981422306,0.051010245245868724,2,1,142,21,21,0,0,0,1,intermittent,GCE
56,1,local,145,26,0.6005179285346682,0.33613955477061136,2,1,197,26,26,0,0,0,1,intermittent,GCE
56,2,local,11,1,0.005290466669362948,0.005290466669362948,0,1,53,1,1,0,0,0,1,intermittent,GCE
56,1,posterior,144,26,0.09874453860705548,0.018611439503987696,2,1,197,26,26,0,0,0,1,intermittent,GCE
56,2,posterior,144,26,0.09874453860705548,0.018611439503987696,2,1,197,26,26,0,0,0,1,intermittent,GCE
57,1,local,148,31,0.437679017469932,0.08580899256601111,1,1,266,31,31,0,0,0,1,intermittent,GCE
57,2,local,15,1,0.0018736020653558614,0.0018736020653558614,0,1,54,1,1,0,0,0,1,intermittent,GCE
57,1,posterior,148,31,0.437679017469932,0.08580899256601111,1,1,266,31,31,0,0,0,1,intermittent,GCE
57,2,posterior,144,31,0.10578604561774602,0.004867382774193787,1,1,266,31,31,0,0,0,1,intermittent,GCE
58,1,local,150,127,2.1118630522757234,0.10556258847739768,1,5,3854,128,128,0,0,0,1,intermittent,GCE
58,2,local,11,0,0.0,0.0,0,0,0,0,0,0,0,0,0,intermittent,GCE
58,1,posterior,150,127,2.1118630522757234,0.10556258847739768,1,5,3854,128,128,0,0,0,1,intermittent,GCE
58,2,posterior,148,127,0.5103680394800744,0.01075232374166267,1,5,3854,128,128,0,0,0,1,intermittent,GCE
59,1,local,152,128,2.1465769760387263,0.11165697283530249,1,5,3996,129,129,0,0,0,1,intermittent,GCE
59,2,local,17,1,0.0010747767561649834,0.0010747767561649834,0,1,56,1,1,0,0,0,1,intermittent,GCE
59,1,posterior,150,128,0.507681659271914,0.00440239869296477,1,5,3996,129,129,0,0,0,1,intermittent,GCE
59,2,posterior,150,128,0.507681659271914,0.00440239869296477,1,5,3996,129,129,0,0,0,1,intermittent,GCE
60,1,local,155,129,1.8361612087200776,0.015833505849741636,1,5,4122,130,130,0,0,0,1,intermittent,GCE
60,2,local,14,0,0.0,0.0,0,0,0,0,0,0,0,0,0,intermittent,GCE
60,1,posterior,156,129,0.48358273068562324,0.003996981757246207,1,5,4122,130,130,0,0,0,1,intermittent,GCE
60,2,posterior,156,129,0.48358273068562324,0.003996981757246207,1,5,4122,130,130,0,0,0,1,intermittent,GCE
61,1,local,153,126,1.7620110541800988,0.014852658007750916,1,5,4224,127,127,0,0,0,1,intermittent,GCE
61,2,local,19,0,0.0,0.0,0,0,0,0,0,0,0,0,0,intermittent,GCE
61,1,posterior,148,126,0.4700441089868719,0.003869767497923597,1,5,4224,127,127,0,0,0,1,intermittent,GCE
61,2,posterior,148,126,0.4700441089868719,0.003869767497923597,1,5,4224,127,127,0,0,0,1,intermittent,GCE
62,1,local,154,128,1.7073063291345552,0.014206230194910713,1,5,4345,129,129,0,0,0,1,intermittent,GCE
62,2,local,15,0,0.0,0.0,0,0,0,0,0,0,0,0,0,intermittent,GCE
62,1,posterior,156,128,0.46624511657420004,0.0037837051512104236,1,5,4345,129,129,0,0,0,1,intermittent,GCE
62,2,posterior,156,128,0.46624511657420004,0.0037837051512104236,1,5,4345,129,129,0,0,0,1,intermittent,GCE
63,1,local,158,125,1.7264324115707863,0.01452318937001566,1,5,4441,126,126,0,0,0,1,intermittent,GCE
63,2,local,19,0,0.0,0.0,0,0,0,0,0,0,0,0,0,intermittent,GCE
63,1,posterior,159,125,0.4638895071021342,0.0038261341711659093,1,5,4441,126,126,0,0,0,1,intermittent,GCE
63,2,posterior,159,125,0.4638895071021342,0.0038261341711659093,1,5,4441,126,126,0,0,0,1,intermittent,GCE
64,1,local,161,128,1.6681818769330763,0.013913837296097057,1,5,4571,129,129,0,0,0,1,intermittent,GCE
64,2,local,21,0,0.0,0.0,0,0,0,0,0,0,0,0,0,intermittent,GCE
64,1,posterior,168,128,0.46106425963733333,0.0037441579801307974,1,5,4571,129,129,0,0,0,1,intermittent,GCE
64,2,posterior,168,128,0.46106425963733333,0.0037441579801307974,1,5,4571,129,129,0,0,0,1,intermittent,GCE
65,1,local,168,127,1.6525084725733177,0.013913441987651062,1,5,4669,128,128,0,0,0,1,intermittent,GCE
65,2,local,26,0,0.0,0.0,0,0,0,0,0,0,0,0,0,intermittent,GCE
65,1,posterior,170,127,0.4572314845421581,0.003744104243263685,1,5,4669,128,128,0,0,0,1,intermittent,GCE
65,2,posterior,26,0,0.0,0.0,0,0,0,0,0,0,0,0,0,intermittent,GCE
66,1,local,173,128,1.6997937681010096,0.014288082694218534,1,5,4780,129,129,0,0,0,1,intermittent,GCE
66,2,local,26,0,0.0,0.0,0,0,0,0,0,0,0,0,0,intermittent,GCE
66,1,posterior,173,128,0.4652237322084901,0.003794705487768821,1,5,4780,129,129,0,0,0,1,intermittent,GCE
66,2,posterior,173,128,0.4652237322084901,0.003794705487768821,1,5,4780,129,129,0,0,0,1,intermittent,GCE
67,1,local,175,126,1.614423673190281,0.013651529079937308,1,4,4822,127,127,0,0,0,1,intermittent,GCE
67,2,local,20,0,0.0,0.0,0,0,0,0,0,0,0,0,0,intermittent,GCE
67,1,posterior,175,126,1.614423673190281,0.013651529079937308,1,4,4822,127,127,0,0,0,1,intermittent,GCE
67,2,posterior,179,126,0.44990978890792666,0.0037083371627137374,1,4,4822,127,127,0,0,0,1,intermittent,GCE
68,1,local,175,137,1.9380672197669553,0.015701045231444503,1,4,5027,138,138,0,0,0,1,intermittent,GCE
68,2,local,24,0,0.0,0.0,0,0,0,0,0,0,0,0,0,intermittent,GCE
68,1,posterior,175,137,1.9380672197669553,0.015701045231444503,1,4,5027,138,138,0,0,0,1,intermittent,GCE
68,2,posterior,181,137,0.5107565260617036,0.003980027505069647,1,4,5027,138,138,0,0,0,1,intermittent,GCE
69,1,local,181,138,1.9502907517993238,0.016052654874041145,1,4,5148,139,139,0,0,0,1,intermittent,GCE
69,2,local,26,0,0.0,0.0,0,0,0,0,0,0,0,0,0,intermittent,GCE
69,1,posterior,190,138,0.5106650738372784,0.004024882899428768,1,4,5148,139,139,0,0,0,1,intermittent,GCE
69,2,posterior,190,138,0.5106650738372784,0.004024882899428768,1,4,5148,139,139,0,0,0,1,intermittent,GCE
70,1,local,189,143,1.7723179907305187,0.013816371296923117,1,4,5336,144,144,0,0,0,1,intermittent,GCE
70,2,local,32,0,0.0,0.0,0,0,0,0,0,0,0,0,0,intermittent,GCE
70,1,posterior,193,143,0.4982613094721147,0.0037308864029061755,1,4,5336,144,144,0,0,0,1,intermittent,GCE
70,2,posterior,193,143,0.4982613094721147,0.0037308864029061755,1,4,5336,144,144,0,0,0,1,intermittent,GCE
71,1,local,190,149,1.8203692899522532,0.013405148982385831,1,4,5555,150,150,0,0,0,1,intermittent,GCE
71,2,local,33,0,0.0,0.0,0,0,0,0,0,0,0,0,0,intermittent,GCE
71,1,posterior,201,149,0.517708189992444,0.0036743874661561583,1,4,5555,150,150,0,0,0,1,intermittent,GCE
71,2,posterior,201,149,0.517708189992444,0.0036743874661561583,1,4,5555,150,150,0,0,0,1,intermittent,GCE
72,1,local,196,151,1.8664934453128093,0.013375788660786847,1,4,5704,152,152,0,0,0,1,intermittent,GCE
72,2,local,38,0,0.0,0.0,0,0,0,0,0,0,0,0,0,intermittent,GCE
72,1,posterior,202,151,0.5290863621596664,0.003670321753864787,1,4,5704,152,152,0,0,0,1,intermittent,GCE
72,2,posterior,202,151,0.5290863621596664,0.003670321753864787,1,4,5704,152,152,0,0,0,1,intermittent,GCE
73,1,local,200,150,1.6838877286251164,0.012254289867512872,1,4,5734,151,151,0,0,0,1,intermittent,GCE
73,2,local,39,0,0.0,0.0,0,0,0,0,0,0,0,0,0,intermittent,GCE
73,1,posterior,207,150,0.4999726928043125,0.0035116480341555586,1,4,5734,151,151,0,0,0,1,intermittent,GCE
73,2,posterior,207,150,0.4999726928043125,0.0035116480341555586,1,4,5734,151,151,0,0,0,1,intermittent,GCE
74,1,local,203,163,1.8533177142830741,0.012364108213163602,1,4,6096,164,164,0,0,0,1,intermittent,GCE
74,2,local,40,0,0.0,0.0,0,0,0,0,0,0,0,0,0,intermittent,GCE
74,1,posterior,215,163,0.5465146571678339,0.0035274880040029473,1,4,6096,164,164,0,0,0,1,intermittent,GCE
74,2,posterior,215,163,0.5465146571678339,0.0035274880040029473,1,4,6096,164,164,0,0,0,1,intermittent,GCE
75,1,local,211,165,1.7988465032516399,0.011849756320347972,1,4,6237,166,166,0,0,0,1,intermittent,GCE
75,2,local,45,0,0.0,0.0,0,0,0,0,0,0,0,0,0,intermittent,GCE
75,1,posterior,222,165,0.541764771791216,0.0034526964084204467,1,4,6237,166,166,0,0,0,1,intermittent,GCE
75,2,posterior,222,165,0.541764771791216,0.0034526964084204467,1,4,6237,166,166,0,0,0,1,intermittent,GCE
76,1,local,211,171,1.8015217749398502,0.011463347552247222,1,4,6465,172,172,0,0,0,1,intermittent,GCE
76,2,local,48,0,0.0,0.0,0,0,0,0,0,0,0,0,0,intermittent,GCE
76,1,posterior,224,171,0.5516841020671147,0.0033954665461733615,1,4,6465,172,172,0,0,0,1,intermittent,GCE
76,2,posterior,224,171,0.5516841020671147,0.0033954665461733615,1,4,6465,172,172,0,0,0,1,intermittent,GCE
77,1,local,218,175,1.7792828324973762,0.011093892755155101,1,4,6643,176,176,0,0,0,1,intermittent,GCE
77,2,local,32,0,0.0,0.0,0,0,0,0,0,0,0,0,0,intermittent,GCE
77,1,posterior,211,175,0.5544429817272746,0.003339864101761239,1,4,6643,176,176,0,0,0,1,intermittent,GCE
77,2,posterior,211,175,0.5544429817272746,0.003339864101761239,1,4,6643,176,176,0,0,0,1,intermittent,GCE
78,1,local,218,181,1.7828696935606152,0.010753582655219418,1,5,6930,182,182,0,0,0,1,intermittent,GCE
78,2,local,29,0,0.0,0.0,0,0,0,0,0,0,0,0,0,intermittent,GCE
78,1,posterior,211,181,0.5644394639761032,0.0032878451578607754,1,5,6930,182,182,0,0,0,1,intermittent,GCE
78,2,posterior,211,181,0.5644394639761032,0.0032878451578607754,1,5,6930,182,182,0,0,0,1,intermittent,GCE
79,1,local,218,184,1.784271745927502,0.01053355124595388,1,5,7114,185,185,0,0,0,1,intermittent,GCE
79,2,local,27,0,0.0,0.0,0,0,0,0,0,0,0,0,0,intermittent,GCE
79,1,posterior,209,184,0.5701155548052753,0.00325378401637693,1,5,7114,185,185,0,0,0,1,intermittent,GCE
79,2,posterior,209,184,0.5701155548052753,0.00325378401637693,1,5,7114,185,185,0,0,0,1,intermittent,GCE
80,1,local,216,187,1.6894164275877177,0.009794770950448464,1,5,7303,188,188,0,0,0,1,intermittent,GCE
80,2,local,18,0,0.0,0.0,0,0,0,0,0,0,0,0,0,intermittent,GCE
80,1,posterior,214,187,0.5591648635803329,0.0031368037809023884,1,5,7303,188,188,0,0,0,1,intermittent,GCE
80,2,posterior,214,187,0.5591648635803329,0.0031368037809023884,1,5,7303,188,188,0,0,0,1,intermittent,GCE
81,1,local,221,189,1.790753102850703,0.01019902056570075,1,5,7492,190,190,0,0,0,1,intermittent,GCE
81,2,local,20,0,0.0,0.0,0,0,0,0,0,0,0,0,0,intermittent,GCE
81,1,posterior,216,189,0.5795911324793789,0.0032013267333331334,1,5,7492,190,190,0,0,0,1,intermittent,GCE
81,2,posterior,216,189,0.5795911324793789,0.0032013267333331334,1,5,7492,190,190,0,0,0,1,intermittent,GCE
82,1,local,220,192,1.7805124590888526,0.009947634132648037,1,5,7685,193,193,0,0,0,1,intermittent,GCE
82,2,local,18,0,0.0,0.0,0,0,0,0,0,0,0,0,0,intermittent,GCE
82,1,posterior,217,192,0.5825876034762802,0.0031613526340471846,1,5,7685,193,193,0,0,0,1,intermittent,GCE
82,2,posterior,217,192,0.5825876034762802,0.0031613526340471846,1,5,7685,193,193,0,0,0,1,intermittent,GCE
83,1,local,222,196,1.8018906719045371,0.0098661822682637,1,5,7882,197,197,0,0,0,1,intermittent,GCE
83,2,local,17,0,0.0,0.0,0,0,0,0,0,0,0,0,0,intermittent,GCE
83,1,posterior,220,196,0.5920342570721985,0.0031482950900586647,1,5,7882,197,197,0,0,0,1,intermittent,GCE
83,2,posterior,220,196,0.5920342570721985,0.0031482950900586647,1,5,7882,197,197,0,0,0,1,intermittent,GCE
84,1,local,225,198,1.8037889624149894,0.009728737563601143,1,5,8080,199,199,0,0,0,1,intermittent,GCE
84,2,local,20,0,0.0,0.0,0,0,0,0,0,0,0,0,0,intermittent,GCE
84,1,posterior,220,198,0.5954878459326755,0.003126141411306007,1,5,8080,199,199,0,0,0,1,intermittent,GCE
84,2,posterior,20,0,0.0,0.0,0,0,0,0,0,0,0,0,0,intermittent,GCE
85,1,local,226,201,1.9214992420323775,0.010197484263449663,1,5,8282,202,202,0,0,0,1,intermittent,GCE
85,2,local,19,0,0.0,0.0,0,0,0,0,0,0,0,0,0,intermittent,GCE
85,1,posterior,221,201,0.6193338416684616,0.0032010839081458267,1,5,8282,202,202,0,0,0,1,intermittent,GCE
85,2,posterior,221,201,0.6193338416684616,0.0032010839081458267,1,5,8282,202,202,0,0,0,1,intermittent,GCE
86,1,local,229,204,1.8499497120115962,0.009662648018439376,1,5,8487,205,205,0,0,0,1,intermittent,GCE
86,2,local,15,0,0.0,0.0,0,0,0,0,0,0,0,0,0,intermittent,GCE
86,1,posterior,229,204,1.8499497120115962,0.009662648018439376,1,5,8487,205,205,0,0,0,1,intermittent,GCE
86,2,posterior,229,204,0.6121362670388549,0.0031154345224101436,1,5,8487,205,205,0,0,0,1,intermittent,GCE
87,1,local,232,207,2.0527688418322723,0.010806755062900067,1,5,8695,208,208,0,0,0,1,intermittent,GCE
87,2,local,20,0,0.0,0.0,0,0,0,0,0,0,0,0,0,intermittent,GCE
87,1,posterior,226,207,0.6463860814842591,0.003296025243508908,1,5,8695,208,208,0,0,0,1,intermittent,GCE
87,2,posterior,226,207,0.6463860814842591,0.003296025243508908,1,5,8695,208,208,0,0,0,1,intermittent,GCE
88,1,local,234,210,1.7402632030254621,0.008958075908063424,1,5,8906,211,211,0,0,0,1,intermittent,GCE
88,2,local,14,0,0.0,0.0,0,0,0,0,0,0,0,0,0,intermittent,GCE
88,1,posterior,234,210,0.6002933216717499,0.0029989844385702323,1,5,8906,211,211,0,0,0,1,intermittent,GCE
88,2,posterior,234,210,0.6002933216717499,0.0029989844385702323,1,5,8906,211,211,0,0,0,1,intermittent,GCE
89,1,local,234,212,0.8450586608945136,0.00440018796547441,2,5,9114,213,213,0,0,0,1,intermittent,GCE
89,2,local,21,0,0.0,0.0,0,0,0,0,0,0,0,0,0,intermittent,GCE
89,1,posterior,228,212,0.4210684339248193,0.0020989300033906768,2,5,9114,213,213,0,0,0,1,intermittent,GCE
89,2,posterior,228,212,0.4210684339248193,0.0020989300033906768,2,5,9114,213,213,0,0,0,1,intermittent,GCE
90,1,local,232,210,0.8558493536101476,0.004427024441553632,1,5,9320,211,211,0,0,0,1,intermittent,GCE
90,2,local,15,0,0.0,0.0,0,0,0,0,0,0,0,0,0,intermittent,GCE
90,1,posterior,232,210,0.4222945800585389,0.0021053357567690978,1,5,9320,211,211,0,0,0,1,intermittent,GCE
90,2,posterior,232,210,0.4222945800585389,0.0021053357567690978,1,5,9320,211,211,0,0,0,1,intermittent,GCE
91,1,local,232,210,0.9643949264011149,0.004885576915708232,1,5,9528,211,211,0,0,0,1,intermittent,GCE
91,2,local,21,0,0.0,0.0,0,0,0,0,0,0,0,0,0,intermittent,GCE
91,1,posterior,226,210,0.44869227517543725,0.002211958463906423,1,5,9528,211,211,0,0,0,1,intermittent,GCE
91,2,posterior,226,210,0.44869227517543725,0.002211958463906423,1,5,9528,211,211,0,0,0,1,intermittent,GCE
92,1,local,234,208,1.1336402829613494,0.005670988216934153,0,5,9735,209,209,0,0,0,1,intermittent,GCE
92,2,local,16,0,0.0,0.0,0,0,0,0,0,0,0,0,0,intermittent,GCE
92,1,posterior,232,208,0.4852489767141606,0.0023836644787664793,0,5,9735,209,209,0,0,0,1,intermittent,GCE
92,2,posterior,232,208,0.4852489767141606,0.0023836644787664793,0,5,9735,209,209,0,0,0,1,intermittent,GCE
93,1,local,237,207,1.2681262372409545,0.0062965864975147315,0,5,9938,208,208,0,0,0,1,intermittent,GCE
93,2,local,20,0,0.0,0.0,0,0,0,0,0,0,0,0,0,intermittent,GCE
93,1,posterior,233,207,0.5126853048463721,0.0025121701881494554,0,5,9938,208,208,0,0,0,1,intermittent,GCE
93,2,posterior,233,207,0.5126853048463721,0.0025121701881494554,0,5,9938,208,208,0,0,0,1,intermittent,GCE
94,1,local,236,214,0.9234590287794433,0.004524748628107533,2,5,10157,215,215,0,0,0,1,intermittent,GCE
94,2,local,18,0,0.0,0.0,0,0,0,0,0,0,0,0,0,intermittent,GCE
94,1,posterior,236,214,0.9234590287794433,0.004524748628107533,2,5,10157,215,215,0,0,0,1,intermittent,GCE
94,2,posterior,235,214,0.44359586760831593,0.0021285010523281567,2,5,10157,215,215,0,0,0,1,intermittent,GCE
95,1,local,240,207,1.4224704083576802,0.007017383839620167,0,5,10352,208,208,0,0,0,1,intermittent,GCE
95,2,local,21,0,0.0,0.0,0,0,0,0,0,0,0,0,0,intermittent,GCE
95,1,posterior,233,207,0.543126583786833,0.0026526532650653217,0,5,10352,208,208,0,0,0,1,intermittent,GCE
95,2,posterior,233,207,0.543126583786833,0.0026526532650653217,0,5,10352,208,208,0,0,0,1,intermittent,GCE
96,1,local,243,207,1.46744132539669,0.007321073847914352,1,5,10549,208,208,0,0,0,1,intermittent,GCE
96,2,local,16,0,0.0,0.0,0,0,0,0,0,0,0,0,0,intermittent,GCE
96,1,posterior,242,207,0.5518687468661838,0.0027097039338700533,1,5,10549,208,208,0,0,0,1,intermittent,GCE
96,2,posterior,242,207,0.5518687468661838,0.0027097039338700533,1,5,10549,208,208,0,0,0,1,intermittent,GCE
97,1,local,242,218,0.9261903065884227,0.004606409648072782,2,5,10800,219,219,0,0,0,1,intermittent,GCE
97,2,local,21,0,0.0,0.0,0,0,0,0,0,0,0,0,0,intermittent,GCE
97,1,posterior,242,218,0.9261903065884227,0.004606409648072782,2,5,10800,219,219,0,0,0,1,intermittent,GCE
97,2,posterior,21,0,0.0,0.0,0,0,0,0,0,0,0,0,0,intermittent,GCE
98,1,local,246,215,1.568715448371976,0.007693255866046158,0,5,11005,216,216,0,0,0,1,intermittent,GCE
98,2,local,21,0,0.0,0.0,0,0,0,0,0,0,0,0,0,intermittent,GCE
98,1,posterior,246,215,1.568715448371976,0.007693255866046158,0,5,11005,216,216,0,0,0,1,intermittent,GCE
98,2,posterior,21,0,0.0,0.0,0,0,0,0,0,0,0,0,0,intermittent,GCE
99,1,local,249,210,1.9232462592844914,0.009401235173893508,1,5,11187,211,211,0,0,0,1,intermittent,GCE
99,2,local,22,0,0.0,0.0,0,0,0,0,0,0,0,0,0,intermittent,GCE
99,1,posterior,249,210,1.9232462592844914,0.009401235173893508,1,5,11187,211,211,0,0,0,1,intermittent,GCE
99,2,posterior,22,0,0.0,0.0,0,0,0,0,0,0,0,0,0,intermittent,GCE
100,1,local,248,211,2.041578891893629,0.009970178724229702,1,5,11397,212,212,0,0,0,1,intermittent,GCE
100,2,local,19,0,0.0,0.0,0,0,0,0,0,0,0,0,0,intermittent,GCE
100,1,posterior,248,211,2.041578891893629,0.009970178724229702,1,5,11397,212,212,0,0,0,1,intermittent,GCE
100,2,posterior,19,0,0.0,0.0,0,0,0,0,0,0,0,0,0,intermittent,GCE
101,1,local,245,212,2.082370305109935,0.010220791984075139,1,5,11601,213,213,0,0,0,1,intermittent,GCE
101,2,local,18,0,0.0,0.0,0,0,0,0,0,0,0,0,0,intermittent,GCE
101,1,posterior,245,212,2.082370305109935,0.010220791984075139,1,5,11601,213,213,0,0,0,1,intermittent,GCE
101,2,posterior,18,0,0.0,0.0,0,0,0,0,0,0,0,0,0,intermittent,GCE
102,1,local,236,212,1.1445075703982333,0.0057015942377673335,1,5,11844,213,213,0,0,0,1,intermittent,GCE
102,2,local,19,0,0.0,0.0,0,0,0,0,0,0,0,0,0,intermittent,GCE
102,1,posterior,236,212,1.1445075703982333,0.0057015942377673335,1,5,11844,213,213,0,0,0,1,intermittent,GCE
102,2,posterior,19,0,0.0,0.0,0,0,0,0,0,0,0,0,0,intermittent,GCE
103,1,local,235,212,1.9080720445835746,0.009419223323740782,1,5,12041,213,213,0,0,0,1,intermittent,GCE
103,2,local,19,0,0.0,0.0,0,0,0,0,0,0,0,0,0,intermittent,GCE
103,1,posterior,235,212,1.9080720445835746,0.009419223323740782,1,5,12041,213,213,0,0,0,1,intermittent,GCE
103,2,posterior,19,0,0.0,0.0,0,0,0,0,0,0,0,0,0,intermittent,GCE
104,1,local,236,212,2.0087625395932074,0.009901767455789674,1,5,12251,213,213,0,0,0,1,intermittent,GCE
104,2,local,15,0,0.0,0.0,0,0,0,0,0,0,0,0,0,intermittent,GCE
104,1,posterior,236,212,2.0087625395932074,0.009901767455789674,1,5,12251,213,213,0,0,0,1,intermittent,GCE
104,2,posterior,15,0,0.0,0.0,0,0,0,0,0,0,0,0,0,intermittent,GCE
105,1,local,234,212,1.175789128809001,0.005880363902337878,1,5,12477,213,213,0,0,0,1,intermittent,GCE
105,2,local,15,0,0.0,0.0,0,0,0,0,0,0,0,0,0,intermittent,GCE
105,1,posterior,234,212,1.175789128809001,0.005880363902337878,1,5,12477,213,213,0,0,0,1,intermittent,GCE
105,2,posterior,15,0,0.0,0.0,0,0,0,0,0,0,0,0,0,intermittent,GCE
106,1,local,231,211,1.0484541850939286,0.005293737929968468,1,5,12675,212,212,0,0,0,1,intermittent,GCE
106,2,local,14,0,0.0,0.0,0,0,0,0,0,0,0,0,0,intermittent,GCE
106,1,posterior,231,211,1.0484541850939286,0.005293737929968468,1,5,12675,212,212,0,0,0,1,intermittent,GCE
106,2,posterior,14,0,0.0,0.0,0,0,0,0,0,0,0,0,0,intermittent,GCE
107,1,local,233,210,1.5715596025672178,0.007954151097648354,0,5,12885,211,211,0,0,0,1,intermittent,GCE
107,2,local,14,0,0.0,0.0,0,0,0,0,0,0,0,0,0,intermittent,GCE
107,1,posterior,233,210,1.5715596025672178,0.007954151097648354,0,5,12885,211,211,0,0,0,1,intermittent,GCE
107,2,posterior,14,0,0.0,0.0,0,0,0,0,0,0,0,0,0,intermittent,GCE
108,1,local,233,211,1.8617887913555142,0.009406269463404634,1,5,13095,212,212,0,0,0,1,intermittent,GCE
108,2,local,14,0,0.0,0.0,0,0,0,0,0,0,0,0,0,intermittent,GCE
108,1,posterior,233,211,1.8617887913555142,0.009406269463404634,1,5,13095,212,212,0,0,0,1,intermittent,GCE
108,2,posterior,14,0,0.0,0.0,0,0,0,0,0,0,0,0,0,intermittent,GCE
109,1,local,236,212,2.054160774278577,0.010383668739346376,1,5,13306,213,213,0,0,0,1,intermittent,GCE
109,2,local,13,0,0.0,0.0,0,0,0,0,0,0,0,0,0,intermittent,GCE
109,1,posterior,236,212,2.054160774278577,0.010383668739346376,1,5,13306,213,213,0,0,0,1,intermittent,GCE
109,2,posterior,13,0,0.0,0.0,0,0,0,0,0,0,0,0,0,intermittent,GCE
110,1,local,235,212,2.1050760544206275,0.010647711887007074,1,5,13516,213,213,0,0,0,1,intermittent,GCE
110,2,local,13,0,0.0,0.0,0,0,0,0,0,0,0,0,0,intermittent,GCE
110,1,posterior,235,212,2.1050760544206275,0.010647711887007074,1,5,13516,213,213,0,0,0,1,intermittent,GCE
110,2,posterior,13,0,0.0,0.0,0,0,0,0,0,0,0,0,0,intermittent,GCE
111,1,local,233,213,2.113057605312915,0.01068055961924794,1,5,13730,214,214,0,0,0,1,intermittent,GCE
111,2,local,15,0,0.0,0.0,0,0,0,0,0,0,0,0,0,intermittent,GCE
111,1,posterior,233,213,2.113057605312915,0.01068055961924794,1,5,13730,214,214,0,0,0,1,intermittent,GCE
111,2,posterior,15,0,0.0,0.0,0,0,0,0,0,0,0,0,0,intermittent,GCE
112,1,local,234,212,2.0561630513285865,0.010396784141766553,1,5,13936,213,213,0,0,0,1,intermittent,GCE
112,2,local,14,0,0.0,0.0,0,0,0,0,0,0,0,0,0,intermittent,GCE
112,1,posterior,234,212,2.0561630513285865,0.010396784141766553,1,5,13936,213,213,0,0,0,1,intermittent,GCE
112,2,posterior,14,0,0.0,0.0,0,0,0,0,0,0,0,0,0,intermittent,GCE
113,1,local,235,212,2.0788161369930545,0.010507461194413353,1,5,14146,213,213,0,0,0,1,intermittent,GCE
113,2,local,16,0,0.0,0.0,0,0,0,0,0,0,0,0,0,intermittent,GCE
113,1,posterior,235,212,2.0788161369930545,0.010507461194413353,1,5,14146,213,213,0,0,0,1,intermittent,GCE
113,2,posterior,16,0,0.0,0.0,0,0,0,0,0,0,0,0,0,intermittent,GCE
114,1,local,233,212,2.0827221256128188,0.010524934040625438,1,5,14356,213,213,0,0,0,1,intermittent,GCE
114,2,local,18,0,0.0,0.0,0,0,0,0,0,0,0,0,0,intermittent,GCE
114,1,posterior,233,212,2.0827221256128188,0.010524934040625438,1,5,14356,213,213,0,0,0,1,intermittent,GCE
114,2,posterior,18,0,0.0,0.0,0,0,0,0,0,0,0,0,0,intermittent,GCE
115,1,local,229,212,2.078685133387994,0.010503833921820735,1,5,14566,213,213,0,0,0,1,intermittent,GCE
115,2,local,20,0,0.0,0.0,0,0,0,0,0,0,0,0,0,intermittent,GCE
115,1,posterior,229,212,2.078685133387994,0.010503833921820735,1,5,14566,213,213,0,0,0,1,intermittent,GCE
115,2,posterior,20,0,0.0,0.0,0,0,0,0,0,0,0,0,0,intermittent,GCE
116,1,local,229,212,2.034279337897926,0.01027968134251343,1,5,14776,213,213,0,0,0,1,intermittent,GCE
116,2,local,20,0,0.0,0.0,0,0,0,0,0,0,0,0,0,intermittent,GCE
116,1,posterior,229,212,2.034279337897926,0.01027968134251343,1,5,14776,213,213,0,0,0,1,intermittent,GCE
116,2,posterior,20,0,0.0,0.0,0,0,0,0,0,0,0,0,0,intermittent,GCE
117,1,local,229,212,2.0732858299080066,0.010475492313019424,1,5,14986,213,213,0,0,0,1,intermittent,GCE
117,2,local,16,0,0.0,0.0,0,0,0,0,0,0,0,0,0,intermittent,GCE
117,1,posterior,229,212,2.0732858299080066,0.010475492313019424,1,5,14986,213,213,0,0,0,1,intermittent,GCE
117,2,posterior,16,0,0.0,0.0,0,0,0,0,0,0,0,0,0,intermittent,GCE
118,1,local,228,211,1.1316441504165624,0.005703409782040412,1,5,15195,212,212,0,0,0,1,intermittent,GCE
118,2,local,14,0,0.0,0.0,0,0,0,0,0,0,0,0,0,intermittent,GCE
118,1,posterior,228,211,1.1316441504165624,0.005703409782040412,1,5,15195,212,212,0,0,0,1,intermittent,GCE
118,2,posterior,14,0,0.0,0.0,0,0,0,0,0,0,0,0,0,intermittent,GCE
119,1,local,228,211,1.0147595506125322,0.005104715060555434,1,5,15405,212,212,0,0,0,1,intermittent,GCE
119,2,local,13,0,0.0,0.0,0,0,0,0,0,0,0,0,0,intermittent,GCE
119,1,posterior,228,211,1.0147595506125322,0.005104715060555434,1,5,15405,212,212,0,0,0,1,intermittent,GCE
119,2,posterior,13,0,0.0,0.0,0,0,0,0,0,0,0,0,0,intermittent,GCE
120,1,local,231,210,1.6413613719936955,0.008288321780223923,0,5,15615,211,211,0,0,0,1,intermittent,GCE
120,2,local,14,0,0.0,0.0,0,0,0,0,0,0,0,0,0,intermittent,GCE
120,1,posterior,231,210,1.6413613719936955,0.008288321780223923,0,5,15615,211,211,0,0,0,1,intermittent,GCE
120,2,posterior,14,0,0.0,0.0,0,0,0,0,0,0,0,0,0,intermittent,GCE
121,1,local,233,211,1.9077889238930976,0.009629483800436923,1,5,15825,212,212,0,0,0,1,intermittent,GCE
121,2,local,17,0,0.0,0.0,0,0,0,0,0,0,0,0,0,intermittent,GCE
121,1,posterior,233,211,1.9077889238930976,0.009629483800436923,1,5,15825,212,212,0,0,0,1,intermittent,GCE
121,2,posterior,17,0,0.0,0.0,0,0,0,0,0,0,0,0,0,intermittent,GCE
122,1,local,235,1,0.0019855163248004805,0.0019855163248004805,1,0,0,1,1,0,0,0,1,intermittent,GCE
122,2,local,17,0,0.0,0.0,0,0,0,0,0,0,0,0,0,intermittent,GCE
122,1,posterior,235,1,0.0019855163248004805,0.0019855163248004805,1,0,0,1,1,0,0,0,1,intermittent,GCE
122,2,posterior,17,0,0.0,0.0,0,0,0,0,0,0,0,0,0,intermittent,GCE
123,1,local,236,4,0.00960603680256659,0.005273789535024825,1,0,4,4,4,0,0,0,1,intermittent,GCE
123,2,local,19,0,0.0,0.0,0,0,0,0,0,0,0,0,0,intermittent,GCE
123,1,posterior,236,4,0.00960603680256659,0.005273789535024825,1,0,4,4,4,0,0,0,1,intermittent,GCE
123,2,posterior,19,0,0.0,0.0,0,0,0,0,0,0,0,0,0,intermittent,GCE
124,1,local,234,214,2.031153625060236,0.010239577618698646,1,5,16403,215,215,0,0,0,1,intermittent,GCE
124,2,local,18,0,0.0,0.0,0,0,0,0,0,0,0,0,0,intermittent,GCE
124,1,posterior,234,214,2.031153625060236,0.010239577618698646,1,5,16403,215,215,0,0,0,1,intermittent,GCE
124,2,posterior,18,0,0.0,0.0,0,0,0,0,0,0,0,0,0,intermittent,GCE
125,1,local,229,1,0.0017391321640770419,0.0017391321640770419,1,0,0,1,1,0,0,0,1,intermittent,GCE
125,2,local,17,0,0.0,0.0,0,0,0,0,0,0,0,0,0,intermittent,GCE
125,1,posterior,229,1,0.0017391321640770419,0.0017391321640770419,1,0,0,1,1,0,0,0,1,intermittent,GCE
125,2,posterior,17,0,0.0,0.0,0,0,0,0,0,0,0,0,0,intermittent,GCE
126,1,local,231,3,0.008561928018471405,0.005776186277049478,1,0,2,3,3,0,0,0,1,intermittent,GCE
126,2,local,14,0,0.0,0.0,0,0,0,0,0,0,0,0,0,intermittent,GCE
126,1,posterior,231,3,0.008561928018471405,0.005776186277049478,1,0,2,3,3,0,0,0,1,intermittent,GCE
126,2,posterior,14,0,0.0,0.0,0,0,0,0,0,0,0,0,0,intermittent,GCE
127,1,local,235,214,1.0160099039161918,0.00509516506403057,2,5,17087,215,215,0,0,0,1,intermittent,GCE
127,2,local,13,0,0.0,0.0,0,0,0,0,0,0,0,0,0,intermittent,GCE
127,1,posterior,235,214,1.0160099039161918,0.00509516506403057,2,5,17087,215,215,0,0,0,1,intermittent,GCE
127,2,posterior,13,0,0.0,0.0,0,0,0,0,0,0,0,0,0,intermittent,GCE
128,1,local,236,213,1.7518538939859676,0.00882234880847619,1,5,17298,214,214,0,0,0,1,intermittent,GCE
128,2,local,11,0,0.0,0.0,0,0,0,0,0,0,0,0,0,intermittent,GCE
128,1,posterior,236,213,1.7518538939859676,0.00882234880847619,1,5,17298,214,214,0,0,0,1,intermittent,GCE
128,2,posterior,11,0,0.0,0.0,0,0,0,0,0,0,0,0,0,intermittent,GCE
129,1,local,238,212,1.1078816883060032,0.005587939001050541,1,5,17506,213,213,0,0,0,1,intermittent,GCE
129,2,local,10,0,0.0,0.0,0,0,0,0,0,0,0,0,0,intermittent,GCE
129,1,posterior,238,212,1.1078816883060032,0.005587939001050541,1,5,17506,213,213,0,0,0,1,intermittent,GCE
129,2,posterior,10,0,0.0,0.0,0,0,0,0,0,0,0,0,0,intermittent,GCE
130,1,local,240,210,1.7233896496898728,0.008722886034650492,0,5,17715,211,211,0,0,0,1,intermittent,GCE
130,2,local,10,0,0.0,0.0,0,0,0,0,0,0,0,0,0,intermittent,GCE
130,1,posterior,240,210,1.7233896496898728,0.008722886034650492,0,5,17715,211,211,0,0,0,1,intermittent,GCE
130,2,posterior,10,0,0.0,0.0,0,0,0,0,0,0,0,0,0,intermittent,GCE
131,1,local,241,211,1.987964837144722,0.01004737055449501,1,5,17925,212,212,0,0,0,1,intermittent,GCE
131,2,local,8,0,0.0,0.0,0,0,0,0,0,0,0,0,0,intermittent,GCE
131,1,posterior,241,211,1.987964837144722,0.01004737055449501,1,5,17925,212,212,0,0,0,1,intermittent,GCE
131,2,posterior,8,0,0.0,0.0,0,0,0,0,0,0,0,0,0,intermittent,GCE
132,1,local,240,212,2.074311949009006,0.010480866338644689,1,5,18136,213,213,0,0,0,1,intermittent,GCE
132,2,local,8,0,0.0,0.0,0,0,0,0,0,0,0,0,0,intermittent,GCE
132,1,posterior,240,212,2.074311949009006,0.010480866338644689,1,5,18136,213,213,0,0,0,1,intermittent,GCE
132,2,posterior,8,0,0.0,0.0,0,0,0,0,0,0,0,0,0,intermittent,GCE
133,1,local,239,212,2.069875980394908,0.010462138227072901,1,5,18346,213,213,0,0,0,1,intermittent,GCE
133,2,local,7,0,0.0,0.0,0,0,0,0,0,0,0,0,0,intermittent,GCE
133,1,posterior,239,212,2.069875980394908,0.010462138227072901,1,5,18346,213,213,0,0,0,1,intermittent,GCE
133,2,posterior,7,0,0.0,0.0,0,0,0,0,0,0,0,0,0,intermittent,GCE
134,1,local,240,212,2.0593236640030783,0.010411168510991813,1,5,18556,213,213,0,0,0,1,intermittent,GCE
134,2,local,7,0,0.0,0.0,0,0,0,0,0,0,0,0,0,intermittent,GCE
134,1,posterior,240,212,2.0593236640030783,0.010411168510991813,1,5,18556,213,213,0,0,0,1,intermittent,GCE
134,2,posterior,7,0,0.0,0.0,0,0,0,0,0,0,0,0,0,intermittent,GCE
135,1,local,239,211,1.1407887184785879,0.005771729219623905,1,5,18765,212,212,0,0,0,1,intermittent,GCE
135,2,local,8,0,0.0,0.0,0,0,0,0,0,0,0,0,0,intermittent,GCE
135,1,posterior,239,211,1.1407887184785879,0.005771729219623905,1,5,18765,212,212,0,0,0,1,intermittent,GCE
135,2,posterior,8,0,0.0,0.0,0,0,0,0,0,0,0,0,0,intermittent,GCE
136,1,local,243,212,1.7504563706410132,0.008839532482063544,1,5,18976,213,213,0,0,0,1,intermittent,GCE
136,2,local,7,0,0.0,0.0,0,0,0,0,0,0,0,0,0,intermittent,GCE
136,1,posterior,243,212,1.7504563706410132,0.008839532482063544,1,5,18976,213,213,0,0,0,1,intermittent,GCE
136,2,posterior,7,0,0.0,0.0,0,0,0,0,0,0,0,0,0,intermittent,GCE
137,1,local,239,212,1.1016805259056075,0.005570210348082303,1,5,19186,213,213,0,0,0,1,intermittent,GCE
137,2,local,6,0,0.0,0.0,0,0,0,0,0,0,0,0,0,intermittent,GCE
137,1,posterior,239,212,1.1016805259056075,0.005570210348082303,1,5,19186,213,213,0,0,0,1,intermittent,GCE
137,2,posterior,6,0,0.0,0.0,0,0,0,0,0,0,0,0,0,intermittent,GCE
138,1,local,239,210,1.7107770319763869,0.008674409106386264,0,5,19395,211,211,0,0,0,1,intermittent,GCE
138,2,local,9,0,0.0,0.0,0,0,0,0,0,0,0,0,0,intermittent,GCE
138,1,posterior,239,210,1.7107770319763869,0.008674409106386264,0,5,19395,211,211,0,0,0,1,intermittent,GCE
138,2,posterior,9,0,0.0,0.0,0,0,0,0,0,0,0,0,0,intermittent,GCE
139,1,local,238,212,1.1030023103882631,0.005579251434080596,1,5,19606,213,213,0,0,0,1,intermittent,GCE
139,2,local,12,0,0.0,0.0,0,0,0,0,0,0,0,0,0,intermittent,GCE
139,1,posterior,238,212,1.1030023103882631,0.005579251434080596,1,5,19606,213,213,0,0,0,1,intermittent,GCE
139,2,posterior,12,0,0.0,0.0,0,0,0,0,0,0,0,0,0,intermittent,GCE
140,1,local,237,210,1.6544596914940066,0.008392713093134845,0,5,19815,211,211,0,0,0,1,intermittent,GCE
140,2,local,13,0,0.0,0.0,0,0,0,0,0,0,0,0,0,intermittent,GCE
140,1,posterior,237,210,1.6544596914940066,0.008392713093134845,0,5,19815,211,211,0,0,0,1,intermittent,GCE
140,2,posterior,13,0,0.0,0.0,0,0,0,0,0,0,0,0,0,intermittent,GCE
141,1,local,240,211,1.98886244645937,0.010069673518164428,1,5,20025,212,212,0,0,0,1,intermittent,GCE
141,2,local,11,0,0.0,0.0,0,0,0,0,0,0,0,0,0,intermittent,GCE
141,1,posterior,240,211,1.98886244645937,0.010069673518164428,1,5,20025,212,212,0,0,0,1,intermittent,GCE
141,2,posterior,11,0,0.0,0.0,0,0,0,0,0,0,0,0,0,intermittent,GCE
142,1,local,236,212,1.1389529790589985,0.005766293886052783,1,5,20237,213,213,0,0,0,1,intermittent,GCE
142,2,local,11,0,0.0,0.0,0,0,0,0,0,0,0,0,0,intermittent,GCE
142,1,posterior,236,212,1.1389529790589985,0.005766293886052783,1,5,20237,213,213,0,0,0,1,intermittent,GCE
142,2,posterior,11,0,0.0,0.0,0,0,0,0,0,0,0,0,0,intermittent,GCE
143,1,local,235,211,1.0673704227876328,0.005411243324114607,1,5,20445,212,212,0,0,0,1,intermittent,GCE
143,2,local,12,0,0.0,0.0,0,0,0,0,0,0,0,0,0,intermittent,GCE
143,1,posterior,235,211,1.0673704227876328,0.005411243324114607,1,5,20445,212,212,0,0,0,1,intermittent,GCE
143,2,posterior,12,0,0.0,0.0,0,0,0,0,0,0,0,0,0,intermittent,GCE
144,1,local,237,210,1.460942434625865,0.007421922378921839,0,5,20655,211,211,0,0,0,1,intermittent,GCE
144,2,local,14,0,0.0,0.0,0,0,0,0,0,0,0,0,0,intermittent,GCE
144,1,posterior,237,210,1.460942434625865,0.007421922378921839,0,5,20655,211,211,0,0,0,1,intermittent,GCE
144,2,posterior,14,0,0.0,0.0,0,0,0,0,0,0,0,0,0,intermittent,GCE
145,1,local,238,211,1.8384297506135954,0.009317343254664613,1,5,20865,212,212,0,0,0,1,intermittent,GCE
145,2,local,11,0,0.0,0.0,0,0,0,0,0,0,0,0,0,intermittent,GCE
145,1,posterior,237,211,0.6226441709260473,0.0030589017179293286,1,5,20865,212,212,0,0,0,1,intermittent,GCE
145,2,posterior,11,0,0.0,0.0,0,0,0,0,0,0,0,0,0,intermittent,GCE
146,1,local,243,212,1.7206506052641284,0.008436037619927679,1,5,21076,213,213,0,0,0,1,intermittent,GCE
146,2,local,13,0,0.0,0.0,0,0,0,0,0,0,0,0,0,intermittent,GCE
146,1,posterior,238,212,0.6042873482197526,0.002909782970352479,1,5,21076,213,213,0,0,0,1,intermittent,GCE
146,2,posterior,13,0,0.0,0.0,0,0,0,0,0,0,0,0,0,intermittent,GCE
147,1,local,246,217,0.95989423571591,0.004786448696217514,2,5,21294,218,218,0,0,0,1,intermittent,GCE
147,2,local,12,0,0.0,0.0,0,0,0,0,0,0,0,0,0,intermittent,GCE
147,1,posterior,246,217,0.95989423571591,0.004786448696217514,2,5,21294,218,218,0,0,0,1,intermittent,GCE
147,2,posterior,242,216,0.4544203534709881,0.002189343757824659,2,5,21291,217,217,0,0,0,1,intermittent,GCE
148,1,local,252,215,1.5858052411527856,0.007638898941412747,0,5,21508,216,216,0,0,0,1,intermittent,GCE
148,2,local,243,0,0.0,0.0,0,0,0,0,0,0,0,0,0,intermittent,GCE
148,1,posterior,246,211,0.7942476690211026,0.003827158357096575,0,5,21499,212,212,0,0,0,1,intermittent,GCE
148,2,posterior,246,211,0.7942476690211026,0.003827158357096575,0,5,21499,212,212,0,0,0,1,intermittent,GCE
149,1,local,251,212,1.7139164407496255,0.008235715462487287,1,5,21710,213,213,0,0,0,1,intermittent,GCE
149,2,local,242,0,0.0,0.0,0,0,0,0,0,0,0,0,0,intermittent,GCE
149,1,posterior,248,2,0.003854852807912392,0.002374062656289364,1,0,5,2,2,0,0,0,1,intermittent,GCE
149,2,posterior,248,2,0.003854852807912392,0.002374062656289364,1,0,5,2,2,0,0,0,1,intermittent,GCE
150,1,local,252,8,0.04334602118737416,0.011071332221265828,2,0,15,10,10,0,0,0,1,intermittent,GCE
150,2,local,20,0,0.0,0.0,0,0,0,0,0,0,0,0,0,intermittent,GCE
150,1,posterior,244,7,0.01521264272838345,0.0033364398060450927,1,0,15,9,9,0,0,0,1,intermittent,GCE
150,2,posterior,244,7,0.01521264272838345,0.0033364398060450927,1,0,15,9,9,0,0,0,1,intermittent,GCE
151,1,local,257,226,1.7540030002498253,0.008098455034156205,2,5,22182,229,229,0,0,0,1,intermittent,GCE
151,2,local,16,0,0.0,0.0,0,0,0,0,0,0,0,0,0,intermittent,GCE
151,1,posterior,256,226,0.6281678064738501,0.0028506524365540893,2,5,22182,229,229,0,0,0,1,intermittent,GCE
151,2,posterior,256,226,0.6281678064738501,0.0028506524365540893,2,5,22182,229,229,0,0,0,1,intermittent,GCE
152,1,local,263,228,1.6288456178630861,0.007460099996760267,1,5,22409,231,231,0,0,0,1,intermittent,GCE
152,2,local,30,0,0.0,0.0,0,0,0,0,0,0,0,0,0,intermittent,GCE
152,1,posterior,257,228,0.6079418641913876,0.0027354323717731516,1,5,22409,231,231,0,0,0,1,intermittent,GCE
152,2,posterior,257,228,0.6079418641913876,0.0027354323717731516,1,5,22409,231,231,0,0,0,1,intermittent,GCE
153,1,local,270,230,1.742054708225366,0.008125458618648924,1,5,22638,233,233,0,0,0,1,intermittent,GCE
153,2,local,29,0,0.0,0.0,0,0,0,0,0,0,0,0,0,intermittent,GCE
153,1,posterior,265,230,0.6316787330694399,0.0028554263041196946,1,5,22638,233,233,0,0,0,1,intermittent,GCE
153,2,posterior,265,230,0.6316787330694399,0.0028554263041196946,1,5,22638,233,233,0,0,0,1,intermittent,GCE
154,1,local,275,235,1.034032430933859,0.008031562532899163,2,5,22872,238,238,0,0,0,1,intermittent,GCE
154,2,local,262,0,0.0,0.0,0,0,0,0,0,0,0,0,0,intermittent,GCE
154,1,posterior,255,224,0.35093810090984484,0.0028387930026148003,2,5,22837,226,226,0,0,0,1,intermittent,GCE
154,2,posterior,255,224,0.35093810090984484,0.0028387930026148003,2,5,22837,226,226,0,0,0,1,intermittent,GCE
155,1,local,265,226,0.8265763915071795,0.013352930873166795,1,5,23063,228,228,0,0,0,1,intermittent,GCE
155,2,local,25,0,0.0,0.0,0,0,0,0,0,0,0,0,0,intermittent,GCE
155,1,posterior,260,226,0.4307892292918955,0.003667153501782058,1,5,23063,228,228,0,0,0,1,intermittent,GCE
155,2,posterior,260,226,0.4307892292918955,0.003667153501782058,1,5,23063,228,228,0,0,0,1,intermittent,GCE
156,1,local,268,227,1.3024525467980201,0.00968213081292687,1,5,23289,229,229,0,0,0,1,intermittent,GCE
156,2,local,30,0,0.0,0.0,0,0,0,0,0,0,0,0,0,intermittent,GCE
156,1,posterior,261,227,0.5432361867441748,0.003118594556103183,1,5,23289,229,229,0,0,0,1,intermittent,GCE
156,2,posterior,261,227,0.5432361867441748,0.003118594556103183,1,5,23289,229,229,0,0,0,1,intermittent,GCE
157,1,local,272,229,0.9763589064267377,0.006985407800641964,2,5,23516,231,231,0,0,0,1,intermittent,GCE
157,2,local,29,0,0.0,0.0,0,0,0,0,0,0,0,0,0,intermittent,GCE
157,1,posterior,269,229,0.4715638017295447,0.00264657622008229,2,5,23516,231,231,0,0,0,1,intermittent,GCE
157,2,posterior,269,229,0.4715638017295447,0.00264657622008229,2,5,23516,231,231,0,0,0,1,intermittent,GCE
158,1,local,275,224,1.256932865031962,0.006622253945772384,0,5,23734,226,226,0,0,0,1,intermittent,GCE
158,2,local,36,0,0.0,0.0,0,0,0,0,0,0,0,0,0,intermittent,GCE
158,1,posterior,267,224,0.5307217331874292,0.002576573420107589,0,5,23734,226,226,0,0,0,1,intermittent,GCE
158,2,posterior,267,224,0.5307217331874292,0.002576573420107589,0,5,23734,226,226,0,0,0,1,intermittent,GCE
159,1,local,271,230,1.022905130246007,0.005526336228567882,2,5,23971,232,232,0,0,0,1,intermittent,GCE
159,2,local,26,0,0.0,0.0,0,0,0,0,0,0,0,0,0,intermittent,GCE
159,1,posterior,270,230,0.48376318645768507,0.0023529688586838363,2,5,23971,232,232,0,0,0,1,intermittent,GCE
159,2,posterior,270,230,0.48376318645768507,0.0023529688586838363,2,5,23971,232,232,0,0,0,1,intermittent,GCE
160,1,local,270,228,0.986796201576013,0.005021152508377485,1,5,24194,230,230,0,0,0,1,intermittent,GCE
160,2,local,21,0,0.0,0.0,0,0,0,0,0,0,0,0,0,intermittent,GCE
160,1,posterior,262,228,0.4734001132008893,0.00224252363413258,1,5,24194,230,230,0,0,0,1,intermittent,GCE
160,2,posterior,262,228,0.4734001132008893,0.00224252363413258,1,5,24194,230,230,0,0,0,1,intermittent,GCE
161,1,local,273,227,1.1341698017809514,0.005602394396187352,0,5,24421,229,229,0,0,0,1,intermittent,GCE
161,2,local,20,0,0.0,0.0,0,0,0,0,0,0,0,0,0,intermittent,GCE
161,1,posterior,271,227,0.5072745117043506,0.0023691574691443906,0,5,24421,229,229,0,0,0,1,intermittent,GCE
161,2,posterior,20,0,0.0,0.0,0,0,0,0,0,0,0,0,0,intermittent,GCE
162,1,local,273,225,1.2697608435649896,0.006544758045471606,0,5,24638,227,227,0,0,0,1,intermittent,GCE
162,2,local,14,0,0.0,0.0,0,0,0,0,0,0,0,0,0,intermittent,GCE
162,1,posterior,271,225,0.5349888286217267,0.0025613921567021946,0,5,24638,227,227,0,0,0,1,intermittent,GCE
162,2,posterior,271,225,0.5349888286217267,0.0025613921567021946,0,5,24638,227,227,0,0,0,1,intermittent,GCE
163,1,local,270,232,0.9669837662076235,0.00443123768768831,2,5,24877,234,234,0,0,0,1,intermittent,GCE
163,2,local,25,0,0.0,0.0,0,0,0,0,0,0,0,0,0,intermittent,GCE
163,1,posterior,262,232,0.4728703950500269,0.00210633969162019,2,5,24877,234,234,0,0,0,1,intermittent,GCE
163,2,posterior,262,232,0.4728703950500269,0.00210633969162019,2,5,24877,234,234,0,0,0,1,intermittent,GCE
164,1,local,273,228,1.194885723914821,0.005466330592326085,0,5,25100,230,230,0,0,0,1,intermittent,GCE
164,2,local,16,0,0.0,0.0,0,0,0,0,0,0,0,0,0,intermittent,GCE
164,1,posterior,271,228,0.5221351966907191,0.002340119122533568,0,5,25100,230,230,0,0,0,1,intermittent,GCE
164,2,posterior,271,228,0.5221351966907191,0.002340119122533568,0,5,25100,230,230,0,0,0,1,intermittent,GCE
165,1,local,277,225,1.4606632765539664,0.008297760202759144,1,5,25302,227,227,0,0,0,1,intermittent,GCE
165,2,local,23,0,0.0,0.0,0,0,0,0,0,0,0,0,0,intermittent,GCE
165,1,posterior,270,225,0.5739270477880095,0.0028857053934540204,1,5,25302,227,227,0,0,0,1,intermittent,GCE
165,2,posterior,270,225,0.5739270477880095,0.0028857053934540204,1,5,25302,227,227,0,0,0,1,intermittent,GCE
166,1,local,278,237,0.9707272184498311,0.004389273790395875,2,5,25576,239,239,0,0,0,1,intermittent,GCE
166,2,local,18,0,0.0,0.0,0,0,0,0,0,0,0,0,0,intermittent,GCE
166,1,posterior,276,237,0.47807300946351444,0.0020963193005004506,2,5,25576,239,239,0,0,0,1,intermittent,GCE
166,2,posterior,276,237,0.47807300946351444,0.0020963193005004506,2,5,25576,239,239,0,0,0,1,intermittent,GCE
167,1,local,276,233,0.9821812097310231,0.0044322569955812935,1,5,25800,235,235,0,0,0,1,intermittent,GCE
167,2,local,25,0,0.0,0.0,0,0,0,0,0,0,0,0,0,intermittent,GCE
167,1,posterior,270,233,0.4773627829444529,0.0021065825018693842,1,5,25800,235,235,0,0,0,1,intermittent,GCE
167,2,posterior,270,233,0.4773627829444529,0.0021065825018693842,1,5,25800,235,235,0,0,0,1,intermittent,GCE
168,1,local,273,231,0.9680743885774825,0.004314801622847057,1,5,26027,233,233,0,0,0,1,intermittent,GCE
168,2,local,19,0,0.0,0.0,0,0,0,0,0,0,0,0,0,intermittent,GCE
168,1,posterior,271,231,0.4726502861108665,0.0020784187991312987,1,5,26027,233,233,0,0,0,1,intermittent,GCE
168,2,posterior,271,231,0.4726502861108665,0.0020784187991312987,1,5,26027,233,233,0,0,0,1,intermittent,GCE
169,1,local,273,231,1.0078342264635896,0.004452613609893824,1,5,26257,233,233,0,0,0,1,intermittent,GCE
169,2,local,22,0,0.0,0.0,0,0,0,0,0,0,0,0,0,intermittent,GCE
169,1,posterior,270,231,0.4824615764516774,0.0021114258889385748,1,5,26257,233,233,0,0,0,1,intermittent,GCE
169,2,posterior,270,231,0.4824615764516774,0.0021114258889385748,1,5,26257,233,233,0,0,0,1,intermittent,GCE
170,1,local,274,231,0.9825154176018975,0.004317722737234969,1,5,26487,233,233,0,0,0,1,intermittent,GCE
170,2,local,18,0,0.0,0.0,0,0,0,0,0,0,0,0,0,intermittent,GCE
170,1,posterior,275,231,0.47646091524903766,0.002079123804336859,1,5,26487,233,233,0,0,0,1,intermittent,GCE
170,2,posterior,275,231,0.47646091524903766,0.002079123804336859,1,5,26487,233,233,0,0,0,1,intermittent,GCE
171,1,local,273,231,0.9899683361556425,0.004338797410001718,1,5,26717,233,233,0,0,0,1,intermittent,GCE
171,2,local,23,0,0.0,0.0,0,0,0,0,0,0,0,0,0,intermittent,GCE
171,1,posterior,274,231,0.4783391418150189,0.0020842031466144248,1,5,26717,233,233,0,0,0,1,intermittent,GCE
171,2,posterior,274,231,0.4783391418150189,0.0020842031466144248,1,5,26717,233,233,0,0,0,1,intermittent,GCE
172,1,local,277,230,1.0860552541050812,0.004787267809021068,0,5,26947,232,232,0,0,0,1,intermittent,GCE
172,2,local,16,0,0.0,0.0,0,0,0,0,0,0,0,0,0,intermittent,GCE
172,1,posterior,274,230,0.5000373898695314,0.002189531571724916,0,5,26947,232,232,0,0,0,1,intermittent,GCE
172,2,posterior,274,230,0.5000373898695314,0.002189531571724916,0,5,26947,232,232,0,0,0,1,intermittent,GCE
173,1,local,280,230,1.207089476359631,0.005330929483524697,0,5,27177,232,232,0,0,0,1,intermittent,GCE
173,2,local,23,0,0.0,0.0,0,0,0,0,0,0,0,0,0,intermittent,GCE
173,1,posterior,280,230,1.207089476359631,0.005330929483524697,0,5,27177,232,232,0,0,0,1,intermittent,GCE
173,2,posterior,274,230,0.5272689962580471,0.0023108654554345443,0,5,27177,232,232,0,0,0,1,intermittent,GCE
174,1,local,280,235,1.09519977591932,0.004729291930595965,1,5,27413,237,237,0,0,0,1,intermittent,GCE
174,2,local,23,0,0.0,0.0,0,0,0,0,0,0,0,0,0,intermittent,GCE
174,1,posterior,270,231,0.5013489377145455,0.0021761987934275943,0,5,27408,233,233,0,0,0,1,intermittent,GCE
174,2,posterior,270,231,0.5013489377145455,0.0021761987934275943,0,5,27408,233,233,0,0,0,1,intermittent,GCE
175,1,local,274,231,0.9733488148443795,0.004286409106862149,1,5,27637,233,233,0,0,0,1,intermittent,GCE
175,2,local,22,0,0.0,0.0,0,0,0,0,0,0,0,0,0,intermittent,GCE
175,1,posterior,264,230,0.4723494822416009,0.002071553959722495,1,5,27610,232,232,0,0,0,1,intermittent,GCE
175,2,posterior,264,230,0.4723494822416009,0.002071553959722495,1,5,27610,232,232,0,0,0,1,intermittent,GCE
176,1,local,271,230,0.9417419859930286,0.004164139494789846,1,5,27839,231,231,0,0,0,1,intermittent,GCE
176,2,local,17,0,0.0,0.0,0,0,0,0,0,0,0,0,0,intermittent,GCE
176,1,posterior,269,229,0.4638471129080334,0.002041730381695389,0,5,27839,230,230,0,0,0,1,intermittent,GCE
176,2,posterior,269,229,0.4638471129080334,0.002041730381695389,0,5,27839,230,230,0,0,0,1,intermittent,GCE
177,1,local,275,230,0.9620954357752487,0.004228685511495448,1,5,28068,231,231,0,0,0,1,intermittent,GCE
177,2,local,21,0,0.0,0.0,0,0,0,0,0,0,0,0,0,intermittent,GCE
177,1,posterior,267,228,0.46681349769485325,0.002057527510612308,0,5,28038,229,229,0,0,0,1,intermittent,GCE
177,2,posterior,267,228,0.46681349769485325,0.002057527510612308,0,5,28038,229,229,0,0,0,1,intermittent,GCE
178,1,local,272,229,0.9742325637621816,0.004280785595283683,1,5,28266,230,230,0,0,0,1,intermittent,GCE
178,2,local,19,0,0.0,0.0,0,0,0,0,0,0,0,0,0,intermittent,GCE
178,1,posterior,267,227,0.4687322598810103,0.002070191616730466,0,5,28235,228,228,0,0,0,1,intermittent,GCE
178,2,posterior,267,227,0.4687322598810103,0.002070191616730466,0,5,28235,228,228,0,0,0,1,intermittent,GCE
179,1,local,248,228,0.9139757353403599,0.004023122860555087,1,5,28462,229,229,0,0,0,1,intermittent,GCE
179,2,local,20,0,0.0,0.0,0,0,0,0,0,0,0,0,0,intermittent,GCE
179,1,posterior,240,225,0.4509496449891515,0.0020067896956240407,0,5,28397,226,226,0,0,0,1,intermittent,GCE
179,2,posterior,240,225,0.4509496449891515,0.0020067896956240407,0,5,28397,226,226,0,0,0,1,intermittent,GCE
180,1,local,246,226,0.9758216905065641,0.004327939703807082,1,5,28622,227,227,0,0,0,1,intermittent,GCE
180,2,local,15,0,0.0,0.0,0,0,0,0,0,0,0,0,0,intermittent,GCE
180,1,posterior,242,226,0.46921868523210647,0.0020815877917716346,1,5,28622,228,228,0,0,0,1,intermittent,GCE
180,2,posterior,242,226,0.4692186852321064,0.0020815877917716346,1,5,28622,228,228,0,0,0,1,intermittent,GCE
181,1,local,249,226,1.0013682350467992,0.0044398303294983,1,5,28847,227,227,0,0,0,1,intermittent,GCE
181,2,local,18,0,0.0,0.0,0,0,0,0,0,0,0,0,0,intermittent,GCE
181,1,posterior,249,226,0.4754113987428792,0.0021083856868558963,1,5,28847,228,228,0,0,0,1,intermittent,GCE
181,2,posterior,249,226,0.4754113987428792,0.0021083856868558963,1,5,28847,228,228,0,0,0,1,intermittent,GCE
182,1,local,250,226,0.9840451117827143,0.004364909447471968,1,5,29072,227,227,0,0,0,1,intermittent,GCE
182,2,local,22,0,0.0,0.0,0,0,0,0,0,0,0,0,0,intermittent,GCE
182,1,posterior,246,226,0.4718504614370374,0.0020904796476381307,1,5,29072,227,227,0,0,0,1,intermittent,GCE
182,2,posterior,22,0,0.0,0.0,0,0,0,0,0,0,0,0,0,intermittent,GCE
183,1,local,254,225,1.113132362730938,0.004981759093658716,0,5,29297,226,226,0,0,0,1,intermittent,GCE
183,2,local,20,0,0.0,0.0,0,0,0,0,0,0,0,0,0,intermittent,GCE
183,1,posterior,248,225,0.5008308350428949,0.002233685030365513,0,5,29297,226,226,0,0,0,1,intermittent,GCE
183,2,posterior,248,225,0.5008308350428949,0.002233685030365513,0,5,29297,226,226,0,0,0,1,intermittent,GCE
184,1,local,256,227,0.9699351060345297,0.004284995062289693,2,5,29522,228,228,0,0,0,1,intermittent,GCE
184,2,local,22,0,0.0,0.0,0,0,0,0,0,0,0,0,0,intermittent,GCE
184,1,posterior,255,227,0.4694289843741667,0.0020712114789374013,2,5,29522,228,228,0,0,0,1,intermittent,GCE
184,2,posterior,255,227,0.4694289843741667,0.0020712114789374013,2,5,29522,228,228,0,0,0,1,intermittent,GCE
185,1,local,251,226,0.9603000703746416,0.004254001552780801,1,5,29747,227,227,0,0,0,1,intermittent,GCE
185,2,local,24,0,0.0,0.0,0,0,0,0,0,0,0,0,0,intermittent,GCE
185,1,posterior,241,226,0.46610938369395805,0.002063690749553368,1,5,29747,227,227,0,0,0,1,intermittent,GCE
185,2,posterior,241,226,0.46610938369395805,0.002063690749553368,1,5,29747,227,227,0,0,0,1,intermittent,GCE
186,1,local,246,226,0.9917846916780431,0.004393787964286721,1,5,29972,227,227,0,0,0,1,intermittent,GCE
186,2,local,17,0,0.0,0.0,0,0,0,0,0,0,0,0,0,intermittent,GCE
186,1,posterior,242,225,0.4718936250760931,0.002097399493837466,0,5,29972,226,226,0,0,0,1,intermittent,GCE
186,2,posterior,242,225,0.4718936250760931,0.002097399493837466,0,5,29972,226,226,0,0,0,1,intermittent,GCE
187,1,local,246,226,0.9898888309855459,0.004385509084024817,1,5,30197,227,227,0,0,0,1,intermittent,GCE
187,2,local,245,225,0.6430631998120299,0.0029006444745641813,0,5,30197,226,226,0,0,0,1,intermittent,GCE
187,1,posterior,246,226,0.9898888309855459,0.004385509084024817,1,5,30197,227,227,0,0,0,1,intermittent,GCE
187,2,posterior,241,225,0.4720692865391936,0.0021131949818538843,0,5,30197,226,226,0,0,0,1,intermittent,GCE
188,1,local,246,226,1.0771914240967515,0.004778397291156009,1,5,30422,227,227,0,0,0,1,intermittent,GCE
188,2,local,244,225,1.4431437069480069,0.006478239298134729,0,5,30422,226,226,0,0,0,1,intermittent,GCE
188,1,posterior,242,225,0.7481800722235801,0.0033259386765229788,0,5,30422,226,226,0,0,0,1,intermittent,GCE
188,2,posterior,242,225,0.7481800722235801,0.0033259386765229788,0,5,30422,226,226,0,0,0,1,intermittent,GCE
189,1,local,249,227,1.0173034552586122,0.004502977059502505,1,5,30648,230,230,0,0,0,1,intermittent,GCE
189,2,local,246,0,0.0,0.0,0,0,0,0,0,0,0,0,0,intermittent,GCE
189,1,posterior,243,225,0.39039774569505364,0.0017364406933148857,0,5,30647,226,226,0,0,0,1,intermittent,GCE
189,2,posterior,243,225,0.39039774569505364,0.0017364406933148857,0,5,30647,226,226,0,0,0,1,intermittent,GCE
190,1,local,249,226,0.8910337097235832,0.004630231816194322,1,5,30872,227,227,0,0,0,1,intermittent,GCE
190,2,local,245,0,0.0,0.0,0,0,0,0,0,0,0,0,0,intermittent,GCE
190,1,posterior,247,225,0.29612032534641947,0.0013178494799972725,0,5,30872,226,226,0,0,0,1,intermittent,GCE
190,2,posterior,247,225,0.29612032534641947,0.0013178494799972725,0,5,30872,226,226,0,0,0,1,intermittent,GCE
191,1,local,253,227,0.8443367387600559,0.007196528463611882,1,5,31098,232,232,0,0,0,1,intermittent,GCE
191,2,local,249,0,0.0,0.0,0,0,0,0,0,0,0,0,0,intermittent,GCE
191,1,posterior,249,0,0.0,0.0,0,0,0,0,0,0,0,0,0,intermittent,GCE
191,2,posterior,249,0,0.0,0.0,0,0,0,0,0,0,0,0,0,intermittent,GCE
192,1,local,255,230,0.6784203678658189,0.01337554654145421,2,5,31326,242,247,5,2,1,2,intermittent,GCE
192,2,local,250,0,0.0,0.0,0,0,0,0,0,0,0,0,0,intermittent,GCE
192,1,posterior,250,1,0.003670288208122038,0.003670288208122038,1,0,0,1,1,0,0,0,1,intermittent,GCE
192,2,posterior,250,1,0.003670288208122038,0.003670288208122038,1,0,0,1,1,0,0,0,1,intermittent,GCE
193,1,local,253,232,0.7898407535037703,0.016803109903566163,2,5,31556,245,250,5,2,1,2,intermittent,GCE
193,2,local,255,0,0.0,0.0,0,0,0,0,0,0,0,0,0,intermittent,GCE
193,1,posterior,253,2,0.00683574419718551,0.004059671222004502,1,0,1,3,3,0,0,0,1,intermittent,GCE
193,2,posterior,253,2,0.006835744197185549,0.004059671222004502,1,0,1,3,3,0,0,0,1,intermittent,GCE
194,1,local,258,8,0.07439583909568503,0.015426710250629687,1,0,16,22,27,5,2,1,2,intermittent,GCE
194,2,local,23,0,0.0,0.0,0,0,0,0,0,0,0,0,0,intermittent,GCE
194,1,posterior,257,7,0.019937164161336354,0.003842237623781232,0,0,16,21,26,5,2,1,2,intermittent,GCE
194,2,posterior,257,7,0.019937164161336354,0.003842237623781232,0,0,16,21,26,5,2,1,2,intermittent,GCE
195,1,local,253,234,0.8213967383372334,0.009031719468065533,2,5,32020,249,254,5,2,1,2,intermittent,GCE
195,2,local,25,0,0.0,0.0,0,0,0,0,0,0,0,0,0,intermittent,GCE
195,1,posterior,249,232,0.4331895108862589,0.0030113609084379675,0,5,32020,247,252,5,2,1,2,intermittent,GCE
195,2,posterior,249,232,0.4331895108862589,0.0030113609084379675,0,5,32020,247,252,5,2,1,2,intermittent,GCE
196,1,local,253,233,0.909949152626676,0.006999969320997529,1,5,32252,248,253,5,2,1,2,intermittent,GCE
196,2,local,19,0,0.0,0.0,0,0,0,0,0,0,0,0,0,intermittent,GCE
196,1,posterior,257,233,0.4603829030855641,0.0026493453302706966,1,5,32252,248,253,5,2,1,2,intermittent,GCE
196,2,posterior,257,233,0.4603829030855641,0.0026493453302706966,1,5,32252,248,253,5,2,1,2,intermittent,GCE
197,1,local,255,234,0.9884529460632442,0.004912997632415939,1,5,32485,249,254,5,2,1,2,intermittent,GCE
197,2,local,20,1,0.002126772822278532,0.002126772822278532,0,0,6,4,4,0,0,0,1,intermittent,GCE
197,1,posterior,247,234,0.4812129499105173,0.002375806476274513,1,5,32485,249,254,5,2,1,2,intermittent,GCE
197,2,posterior,247,234,0.4812129499105173,0.002375806476274513,1,5,32485,249,254,5,2,1,2,intermittent,GCE
198,1,local,253,233,0.9705757743422905,0.004215840474802012,1,5,32716,248,253,5,2,1,2,intermittent,GCE
198,2,local,15,1,0.002352048411511768,0.002352048411511768,0,0,7,4,4,0,0,0,1,intermittent,GCE
198,1,posterior,252,233,0.47602437367739414,0.0022505909021516527,1,5,32716,248,253,5,2,1,2,intermittent,GCE
198,2,posterior,252,233,0.47602437367739414,0.0022505909021516527,1,5,32716,248,253,5,2,1,2,intermittent,GCE
199,1,local,259,232,1.0305423377812999,0.004486026919327458,0,5,32948,247,252,5,2,1,2,intermittent,GCE
199,2,local,22,1,0.0022280849931301363,0.0022280849931301363,0,0,8,4,4,0,0,0,1,intermittent,GCE
199,1,posterior,254,232,0.4895139723381339,0.0021388133811675765,0,5,32948,247,252,5,2,1,2,intermittent,GCE
199,2,posterior,22,1,0.0022280849931301363,0.0022280849931301363,0,0,8,4,4,0,0,0,1,intermittent,GCE
200,1,local,261,235,0.932969965683741,0.004027526146192852,2,5,33181,250,255,5,2,1,2,intermittent,GCE
200,2,local,24,0,0.0,0.0,0,0,0,0,0,0,0,0,0,intermittent,GCE
200,1,posterior,261,235,0.932969965683741,0.004027526146192852,2,5,33181,250,255,5,2,1,2,intermittent,GCE
200,2,posterior,256,234,0.46659756828858256,0.002007889830511905,1,5,33181,249,254,5,2,1,2,intermittent,GCE
201,1,local,268,232,1.2187688925544085,0.0053020326216323705,0,5,33412,247,252,5,2,1,2,intermittent,GCE
201,2,local,22,1,0.0016661043718336598,0.0016661043718336598,0,0,10,4,4,0,0,0,1,intermittent,GCE
201,1,posterior,264,232,0.5320316118280751,0.0023045748558175017,0,5,33412,247,252,5,2,1,2,intermittent,GCE
201,2,posterior,264,232,0.5320316118280751,0.0023045748558175017,0,5,33412,247,252,5,2,1,2,intermittent,GCE
202,1,local,267,235,0.955413955904637,0.004122054279825925,2,5,33645,250,255,5,2,1,2,intermittent,GCE
202,2,local,25,0,0.0,0.0,0,0,0,0,0,0,0,0,0,intermittent,GCE
202,1,posterior,264,235,0.473646759079288,0.002031364899252124,2,5,33645,250,255,5,2,1,2,intermittent,GCE
202,2,posterior,264,235,0.473646759079288,0.002031364899252124,2,5,33645,250,255,5,2,1,2,intermittent,GCE
203,1,local,262,233,1.0005893111902497,0.004323237534314894,1,5,33876,248,253,5,2,1,2,intermittent,GCE
203,2,local,23,0,0.0,0.0,0,0,0,0,0,0,0,0,0,intermittent,GCE
203,1,posterior,256,233,0.48301462635929476,0.002080454145681834,1,5,33876,248,253,5,2,1,2,intermittent,GCE
203,2,posterior,23,0,0.0,0.0,0,0,0,0,0,0,0,0,0,intermittent,GCE
204,1,local,261,233,0.9403346967105378,0.004054140257934648,1,5,34108,248,253,5,2,1,2,intermittent,GCE
204,2,local,23,0,0.0,0.0,0,0,0,0,0,0,0,0,0,intermittent,GCE
204,1,posterior,257,232,0.4665100598026361,0.002014526548842357,0,5,34108,247,252,5,2,1,2,intermittent,GCE
204,2,posterior,257,232,0.4665100598026361,0.002014526548842357,0,5,34108,247,252,5,2,1,2,intermittent,GCE
205,1,local,261,233,0.9828471338780307,0.004230840552656897,1,5,34340,248,253,5,2,1,2,intermittent,GCE
205,2,local,27,0,0.0,0.0,0,0,0,0,0,0,0,0,0,intermittent,GCE
205,1,posterior,256,233,0.4787827167426713,0.002058052870472033,1,5,34340,248,253,5,2,1,2,intermittent,GCE
205,2,posterior,256,233,0.4787827167426713,0.002058052870472033,1,5,34340,248,253,5,2,1,2,intermittent,GCE
206,1,local,262,233,0.9786509051860279,0.004209215093349315,1,5,34572,248,253,5,2,1,2,intermittent,GCE
206,2,local,21,0,0.0,0.0,0,0,0,0,0,0,0,0,0,intermittent,GCE
206,1,posterior,262,233,0.9786509051860279,0.004209215093349315,1,5,34572,248,253,5,2,1,2,intermittent,GCE
206,2,posterior,258,233,0.47776267547263307,0.0020527749472427177,1,5,34572,248,253,5,2,1,2,intermittent,GCE
207,1,local,262,233,1.0534643482574164,0.004536707690842712,1,5,34804,248,253,5,2,1,2,intermittent,GCE
207,2,local,28,0,0.0,0.0,0,0,0,0,0,0,0,0,0,intermittent,GCE
207,1,posterior,255,233,0.49564070268908006,0.0021313188299637103,1,5,34804,248,253,5,2,1,2,intermittent,GCE
207,2,posterior,255,233,0.49564070268908006,0.0021313188299637103,1,5,34804,248,253,5,2,1,2,intermittent,GCE
208,1,local,263,233,1.0054564313607355,0.004322849462895284,1,5,35036,248,253,5,2,1,2,intermittent,GCE
208,2,local,20,0,0.0,0.0,0,0,0,0,0,0,0,0,0,intermittent,GCE
208,1,posterior,259,233,0.48427490151781627,0.002080360558249579,1,5,35036,248,253,5,2,1,2,intermittent,GCE
208,2,posterior,259,233,0.48427490151781627,0.002080360558249579,1,5,35036,248,253,5,2,1,2,intermittent,GCE
209,1,local,262,233,0.9909269900240788,0.0042590830796505885,1,5,35268,248,253,5,2,1,2,intermittent,GCE
209,2,local,26,0,0.0,0.0,0,0,0,0,0,0,0,0,0,intermittent,GCE
209,1,posterior,255,233,0.48075806223869055,0.002064925664215571,1,5,35268,248,253,5,2,1,2,intermittent,GCE
209,2,posterior,255,233,0.48075806223869055,0.002064925664215571,1,5,35268,248,253,5,2,1,2,intermittent,GCE
210,1,local,261,233,0.9593349188109578,0.004123806924418529,1,5,35500,248,253,5,2,1,2,intermittent,GCE
210,2,local,24,0,0.0,0.0,0,0,0,0,0,0,0,0,0,intermittent,GCE
210,1,posterior,258,232,0.47125568044568084,0.0020317976154023,0,5,35500,247,252,5,2,1,2,intermittent,GCE
210,2,posterior,258,232,0.47125568044568084,0.0020317976154023,0,5,35500,247,252,5,2,1,2,intermittent,GCE
211,1,local,260,233,0.979397439298371,0.004210122947876818,1,5,35732,248,253,5,2,1,2,intermittent,GCE
211,2,local,27,0,0.0,0.0,0,0,0,0,0,0,0,0,0,intermittent,GCE
211,1,posterior,253,232,0.47616532891709096,0.0020529967887178632,0,5,35732,247,252,5,2,1,2,intermittent,GCE
211,2,posterior,253,232,0.47616532891709096,0.0020529967887178632,0,5,35732,247,252,5,2,1,2,intermittent,GCE
212,1,local,260,233,1.0106360975401383,0.004342973255401917,1,5,35964,248,253,5,2,1,2,intermittent,GCE
212,2,local,20,0,0.0,0.0,0,0,0,0,0,0,0,0,0,intermittent,GCE
212,1,posterior,257,233,0.48552641650724865,0.002085208141552699,1,5,35964,248,253,5,2,1,2,intermittent,GCE
212,2,posterior,257,233,0.48552641650724865,0.002085208141552699,1,5,35964,248,253,5,2,1,2,intermittent,GCE
213,1,local,262,232,1.121034018623506,0.004845844629636939,0,5,36196,247,252,5,2,1,2,intermittent,GCE
213,2,local,28,3,0.003030028029149006,0.0010158739196859158,0,0,67,14,19,5,2,1,2,intermittent,GCE
213,1,posterior,256,232,0.5089595213396101,0.002199847846001156,0,5,36196,247,252,5,2,1,2,intermittent,GCE
213,2,posterior,256,232,0.5089595213396101,0.002199847846001156,0,5,36196,247,252,5,2,1,2,intermittent,GCE
214,1,local,264,235,1.0172732951738972,0.004375699066383604,2,5,36429,250,255,5,2,1,2,intermittent,GCE
214,2,local,251,226,0.2307117326794342,0.001020969064638278,0,5,36294,228,228,0,0,0,1,intermittent,GCE
214,1,posterior,259,233,0.3221245679622898,0.002093067694016343,1,5,36428,248,253,5,2,1,2,intermittent,GCE
214,2,posterior,259,233,0.3221245679622898,0.002093067694016343,1,5,36428,248,253,5,2,1,2,intermittent,GCE
215,1,local,267,236,0.9520421317142659,0.0075984454694815766,1,5,36664,252,257,5,2,1,2,intermittent,GCE
215,2,local,257,0,0.0,0.0,0,0,0,0,0,0,0,0,0,intermittent,GCE
215,1,posterior,261,229,0.29238820847344893,0.0027608019578782912,0,5,36587,233,233,0,0,0,1,intermittent,GCE
215,2,posterior,261,229,0.29238820847344893,0.0027608019578782912,0,5,36587,233,233,0,0,0,1,intermittent,GCE
216,1,local,261,238,0.8734273714791276,0.013821097327135726,1,5,36904,256,261,5,2,1,2,intermittent,GCE
216,2,local,27,0,0.0,0.0,0,0,0,0,0,0,0,0,0,intermittent,GCE
216,1,posterior,261,236,0.4482197633472362,0.003731530969141748,0,5,36900,254,259,5,2,1,2,intermittent,GCE
216,2,posterior,261,236,0.4482197633472362,0.003731530969141748,0,5,36900,254,259,5,2,1,2,intermittent,GCE
217,1,local,258,236,0.9801203546612236,0.009832980935828042,1,5,37133,253,258,5,2,1,2,intermittent,GCE
217,2,local,26,0,0.0,0.0,0,0,0,0,0,0,0,0,0,intermittent,GCE
217,1,posterior,256,235,0.47744158929454633,0.003142957493954066,0,5,37133,252,257,5,2,1,2,intermittent,GCE
217,2,posterior,26,0,0.0,0.0,0,0,0,0,0,0,0,0,0,intermittent,GCE
218,1,local,257,236,0.9659997951886727,0.00675492333597659,1,5,37368,253,258,5,2,1,2,intermittent,GCE
218,2,local,26,0,0.0,0.0,0,0,0,0,0,0,0,0,0,intermittent,GCE
218,1,posterior,257,235,0.4748390378650593,0.0026023613084830153,0,5,37368,252,257,5,2,1,2,intermittent,GCE
218,2,posterior,257,235,0.4748390378650593,0.0026023613084830153,0,5,37368,252,257,5,2,1,2,intermittent,GCE
219,1,local,257,236,0.9719349024477769,0.005403610480014947,1,5,37603,253,258,5,2,1,2,intermittent,GCE
219,2,local,23,1,0.0010168102163686894,0.0010168102163686894,0,0,5,2,2,0,0,0,1,intermittent,GCE
219,1,posterior,258,235,0.4773596010098412,0.002326613382153284,1,5,37598,251,256,5,2,1,2,intermittent,GCE
219,2,posterior,258,235,0.4773596010098412,0.002326613382153284,1,5,37598,251,256,5,2,1,2,intermittent,GCE
220,1,local,255,235,1.0020491359527284,0.004909146961286744,1,5,37832,251,256,5,2,1,2,intermittent,GCE
220,2,local,26,0,0.0,0.0,0,0,0,0,0,0,0,0,0,intermittent,GCE
220,1,posterior,255,235,0.48516270049754157,0.0022173021303352734,1,5,37832,251,256,5,2,1,2,intermittent,GCE
220,2,posterior,255,235,0.48516270049754157,0.0022173021303352734,1,5,37832,251,256,5,2,1,2,intermittent,GCE
221,1,local,260,235,0.9998603265614158,0.004588939199765426,1,5,38066,251,256,5,2,1,2,intermittent,GCE
221,2,local,23,0,0.0,0.0,0,0,0,0,0,0,0,0,0,intermittent,GCE
221,1,posterior,261,235,0.48475751008007967,0.0021435826402936868,1,5,38066,251,256,5,2,1,2,intermittent,GCE
221,2,posterior,261,235,0.48475751008007967,0.0021435826402936868,1,5,38066,251,256,5,2,1,2,intermittent,GCE
222,1,local,255,235,0.9866805001123439,0.004382978196433113,1,5,38300,251,256,5,2,1,2,intermittent,GCE
222,2,local,26,0,0.0,0.0,0,0,0,0,0,0,0,0,0,intermittent,GCE
222,1,posterior,255,235,0.9866805001123439,0.004382978196433113,1,5,38300,251,256,5,2,1,2,intermittent,GCE
222,2,posterior,253,234,0.47986888597425964,0.0020948119128881347,0,5,38300,250,255,5,2,1,2,intermittent,GCE
223,1,local,255,235,1.0629591913794858,0.0047520726284677305,1,5,38534,251,256,5,2,1,2,intermittent,GCE
223,2,local,21,0,0.0,0.0,0,0,0,0,0,0,0,0,0,intermittent,GCE
223,1,posterior,258,235,0.49982126229060875,0.0021814472937153845,1,5,38534,251,256,5,2,1,2,intermittent,GCE
223,2,posterior,258,235,0.49982126229060875,0.0021814472937153845,1,5,38534,251,256,5,2,1,2,intermittent,GCE
224,1,local,255,235,0.9458674282291599,0.004152271482383075,1,5,38768,251,256,5,2,1,2,intermittent,GCE
224,2,local,25,0,0.0,0.0,0,0,0,0,0,0,0,0,0,intermittent,GCE
224,1,posterior,255,235,0.9458674282291599,0.004152271482383075,1,5,38768,251,256,5,2,1,2,intermittent,GCE
224,2,posterior,256,235,0.47161310997163763,0.002038812599321764,1,5,38768,251,256,5,2,1,2,intermittent,GCE
225,1,local,256,235,1.0553279445606294,0.004648791570291085,1,5,39002,251,256,5,2,1,2,intermittent,GCE
225,2,local,22,0,0.0,0.0,0,0,0,0,0,0,0,0,0,intermittent,GCE
225,1,posterior,261,235,0.49812185723133606,0.002157551120071354,1,5,39002,251,256,5,2,1,2,intermittent,GCE
225,2,posterior,261,235,0.49812185723133606,0.002157551120071354,1,5,39002,251,256,5,2,1,2,intermittent,GCE
226,1,local,258,235,0.9788778558274841,0.004252737794140052,1,5,39236,251,256,5,2,1,2,intermittent,GCE
226,2,local,26,0,0.0,0.0,0,0,0,0,0,0,0,0,0,intermittent,GCE
226,1,posterior,257,235,0.47983409605309996,0.002063383516916155,1,5,39236,251,256,5,2,1,2,intermittent,GCE
226,2,posterior,257,235,0.47983409605309996,0.002063383516916155,1,5,39236,251,256,5,2,1,2,intermittent,GCE
227,1,local,258,235,1.0078610741405916,0.004340102601022249,1,5,39470,251,256,5,2,1,2,intermittent,GCE
227,2,local,21,0,0.0,0.0,0,0,0,0,0,0,0,0,0,intermittent,GCE
227,1,posterior,258,235,1.0078610741405916,0.004340102601022249,1,5,39470,251,256,5,2,1,2,intermittent,GCE
227,2,posterior,263,235,0.4869227039924713,0.002084517316607647,1,5,39470,251,256,5,2,1,2,intermittent,GCE
228,1,local,259,235,1.0660094344631457,0.004600179652293165,1,5,39704,251,256,5,2,1,2,intermittent,GCE
228,2,local,28,0,0.0,0.0,0,0,0,0,0,0,0,0,0,intermittent,GCE
228,1,posterior,260,235,0.500712475858228,0.0021462128122893965,1,5,39704,251,256,5,2,1,2,intermittent,GCE
228,2,posterior,260,235,0.500712475858228,0.0021462128122893965,1,5,39704,251,256,5,2,1,2,intermittent,GCE
229,1,local,260,235,0.9908537138901697,0.004247469881916703,1,5,39938,251,256,5,2,1,2,intermittent,GCE
229,2,local,17,0,0.0,0.0,0,0,0,0,0,0,0,0,0,intermittent,GCE
229,1,posterior,257,235,0.48279132014617593,0.002062102345886928,1,5,39938,251,256,5,2,1,2,intermittent,GCE
229,2,posterior,257,235,0.48279132014617593,0.002062102345886928,1,5,39938,251,256,5,2,1,2,intermittent,GCE
230,1,local,260,235,0.9952879092636135,0.004253517615961316,1,5,40172,251,256,5,2,1,2,intermittent,GCE
230,2,local,22,0,0.0,0.0,0,0,0,0,0,0,0,0,0,intermittent,GCE
230,1,posterior,255,235,0.483876920841689,0.00206357310491389,1,5,40172,251,256,5,2,1,2,intermittent,GCE
230,2,posterior,255,235,0.483876920841689,0.00206357310491389,1,5,40172,251,256,5,2,1,2,intermittent,GCE
231,1,local,262,235,0.958688809592962,0.004090571026463697,1,5,40406,251,256,5,2,1,2,intermittent,GCE
231,2,local,15,0,0.0,0.0,0,0,0,0,0,0,0,0,0,intermittent,GCE
231,1,posterior,259,235,0.47487927520626816,0.0020235763000877416,1,5,40406,251,256,5,2,1,2,intermittent,GCE
231,2,posterior,259,235,0.47487927520626816,0.0020235763000877416,1,5,40406,251,256,5,2,1,2,intermittent,GCE
232,1,local,261,235,0.9844780040345732,0.00419719704186695,1,5,40640,251,256,5,2,1,2,intermittent,GCE
232,2,local,19,0,0.0,0.0,0,0,0,0,0,0,0,0,0,intermittent,GCE
232,1,posterior,256,235,0.48123824664085374,0.0020498360024207435,1,5,40640,251,256,5,2,1,2,intermittent,GCE
232,2,posterior,256,235,0.48123824664085374,0.0020498360024207435,1,5,40640,251,256,5,2,1,2,intermittent,GCE
233,1,local,263,235,1.0090720970159033,0.0043003861060515874,1,5,40874,251,256,5,2,1,2,intermittent,GCE
233,2,local,18,0,0.0,0.0,0,0,0,0,0,0,0,0,0,intermittent,GCE
233,1,posterior,260,235,0.4872234197782779,0.00207493617339209,1,5,40874,251,256,5,2,1,2,intermittent,GCE
233,2,posterior,260,235,0.4872234197782779,0.00207493617339209,1,5,40874,251,256,5,2,1,2,intermittent,GCE
234,1,local,263,235,0.9637879774363016,0.004106681268212329,1,5,41108,251,256,5,2,1,2,intermittent,GCE
234,2,local,23,0,0.0,0.0,0,0,0,0,0,0,0,0,0,intermittent,GCE
234,1,posterior,258,235,0.47614235888406653,0.002027565489910978,1,5,41108,251,256,5,2,1,2,intermittent,GCE
234,2,posterior,258,235,0.47614235888406653,0.002027565489910978,1,5,41108,251,256,5,2,1,2,intermittent,GCE
235,1,local,265,235,0.99246122402061,0.004227990727392067,1,5,41342,251,256,5,2,1,2,intermittent,GCE
235,2,local,18,0,0.0,0.0,0,0,0,0,0,0,0,0,0,intermittent,GCE
235,1,posterior,263,235,0.48318918622641327,0.0020573581065884885,1,5,41342,251,256,5,2,1,2,intermittent,GCE
235,2,posterior,263,235,0.48318918622641327,0.0020573581065884885,1,5,41342,251,256,5,2,1,2,intermittent,GCE
236,1,local,266,235,1.011661350213745,0.004310031734554634,1,5,41576,251,256,5,2,1,2,intermittent,GCE
236,2,local,25,0,0.0,0.0,0,0,0,0,0,0,0,0,0,intermittent,GCE
236,1,posterior,262,235,0.4878490535239344,0.002077267087320868,1,5,41576,251,256,5,2,1,2,intermittent,GCE
236,2,posterior,262,235,0.4878490535239344,0.002077267087320868,1,5,41576,251,256,5,2,1,2,intermittent,GCE
237,1,local,267,235,0.9552382919111542,0.004069236991145104,1,5,41810,251,256,5,2,1,2,intermittent,GCE
237,2,local,26,0,0.0,0.0,0,0,0,0,0,0,0,0,0,intermittent,GCE
237,1,posterior,267,235,0.47402158592190996,0.002018281594830687,1,5,41810,251,256,5,2,1,2,intermittent,GCE
237,2,posterior,267,235,0.47402158592190996,0.002018281594830687,1,5,41810,251,256,5,2,1,2,intermittent,GCE
238,1,local,268,235,1.0106783909800534,0.004305300464388466,1,5,42044,251,256,5,2,1,2,intermittent,GCE
238,2,local,30,0,0.0,0.0,0,0,0,0,0,0,0,0,0,intermittent,GCE
238,1,posterior,260,235,0.4876131722623951,0.0020761240758399983,1,5,42044,251,256,5,2,1,2,intermittent,GCE
238,2,posterior,260,235,0.4876131722623951,0.0020761240758399983,1,5,42044,251,256,5,2,1,2,intermittent,GCE
239,1,local,258,235,1.0000937169530202,0.004260445248562415,1,5,42278,251,256,5,2,1,2,intermittent,GCE
239,2,local,26,0,0.0,0.0,0,0,0,0,0,0,0,0,0,intermittent,GCE
239,1,posterior,264,235,0.4850453218995897,0.0020652565749027718,1,5,42278,251,256,5,2,1,2,intermittent,GCE
239,2,posterior,264,235,0.4850453218995897,0.0020652565749027718,1,5,42278,251,256,5,2,1,2,intermittent,GCE
240,1,local,255,235,1.0171192548223196,0.004333067619136477,1,5,42512,251,256,5,2,1,2,intermittent,GCE
240,2,local,19,0,0.0,0.0,0,0,0,0,0,0,0,0,0,intermittent,GCE
240,1,posterior,248,235,0.48916566928693306,0.0020828233853714593,1,5,42512,251,256,5,2,1,2,intermittent,GCE
240,2,posterior,248,235,0.48916566928693306,0.0020828233853714593,1,5,42512,251,256,5,2,1,2,intermittent,GCE
1,1,local,0,0,0.0,0.0,0,0,0,0,0,0,0,0,0,intermittent,Guarded Scalar
1,2,local,0,0,0.0,0.0,0,0,0,0,0,0,0,0,0,intermittent,Guarded Scalar
1,1,posterior,0,0,0.0,0.0,0,0,0,0,0,0,0,0,0,intermittent,Guarded Scalar
1,2,posterior,0,0,0.0,0.0,0,0,0,0,0,0,0,0,0,intermittent,Guarded Scalar
2,1,local,9,1,0.09606124790532805,0.09606124790532805,1,1,0,1,1,0,0,0,1,intermittent,Guarded Scalar
2,2,local,1,0,0.0,0.0,0,0,0,0,0,0,0,0,0,intermittent,Guarded Scalar
2,1,posterior,9,1,0.010208584972325912,0.010208584972325912,1,1,0,1,1,0,0,0,1,intermittent,Guarded Scalar
2,2,posterior,9,1,0.010208584972325912,0.010208584972325912,1,1,0,1,1,0,0,0,1,intermittent,Guarded Scalar
3,1,local,19,1,0.07589822324160403,0.07589822324160403,1,1,0,1,1,0,0,0,1,intermittent,Guarded Scalar
3,2,local,7,1,0.0010199270145905353,0.0010199270145905353,0,1,1,1,1,0,0,0,1,intermittent,Guarded Scalar
3,1,posterior,19,1,0.00898572387081437,0.00898572387081437,1,1,0,1,1,0,0,0,1,intermittent,Guarded Scalar
3,2,posterior,19,1,0.00898572387081437,0.00898572387081437,1,1,0,1,1,0,0,0,1,intermittent,Guarded Scalar
4,1,local,25,2,0.27527948531828117,0.1803248179381557,1,1,1,2,2,0,0,0,1,intermittent,Guarded Scalar
4,2,local,14,0,0.0,0.0,0,0,0,0,0,0,0,0,0,intermittent,Guarded Scalar
4,1,posterior,25,2,0.024766740041717708,0.014622670052657853,1,1,1,2,2,0,0,0,1,intermittent,Guarded Scalar
4,2,posterior,25,2,0.024766740041717708,0.014622670052657853,1,1,1,2,2,0,0,0,1,intermittent,Guarded Scalar
5,1,local,32,4,0.3917525181118281,0.19307094488668072,1,2,5,4,4,0,0,0,1,intermittent,Guarded Scalar
5,2,local,20,2,0.0024801769970580825,0.0014667543832800668,0,1,3,2,2,0,0,0,1,intermittent,Guarded Scalar
5,1,posterior,29,3,0.018528384130090413,0.007819780189703175,1,1,3,3,3,0,0,0,1,intermittent,Guarded Scalar
5,2,posterior,29,3,0.01852838413009038,0.007819780189703175,1,1,3,3,3,0,0,0,1,intermittent,Guarded Scalar
6,1,local,37,4,0.3172167538155765,0.1103545662417932,1,1,6,4,4,0,0,0,1,intermittent,Guarded Scalar
6,2,local,20,0,0.0,0.0,0,0,0,0,0,0,0,0,0,intermittent,Guarded Scalar
6,1,posterior,37,4,0.03653109707199625,0.011020247122158131,1,1,6,4,4,0,0,0,1,intermittent,Guarded Scalar
6,2,posterior,37,4,0.03653109707199625,0.011020247122158131,1,1,6,4,4,0,0,0,1,intermittent,Guarded Scalar
7,1,local,43,5,0.5538972857395271,0.1469192433032653,1,1,10,5,5,0,0,0,1,intermittent,Guarded Scalar
7,2,local,24,1,0.0011018233124765607,0.0011018233124765607,0,0,2,1,1,0,0,0,1,intermittent,Guarded Scalar
7,1,posterior,41,5,0.04648802053311989,0.012959743037440949,1,1,10,5,5,0,0,0,1,intermittent,Guarded Scalar
7,2,posterior,41,5,0.04648802053311992,0.012959743037440949,1,1,10,5,5,0,0,0,1,intermittent,Guarded Scalar
8,1,local,50,6,0.6182557795582975,0.18620443995845598,1,1,15,6,6,0,0,0,1,intermittent,Guarded Scalar
8,2,local,24,3,0.0034593605138518034,0.0012980027687762507,0,1,11,3,3,0,0,0,1,intermittent,Guarded Scalar
8,1,posterior,50,6,0.03793809598962164,0.009165588632658284,1,1,15,6,6,0,0,0,1,intermittent,Guarded Scalar
8,2,posterior,24,3,0.0034593605138518034,0.0012980027687762507,0,1,11,3,3,0,0,0,1,intermittent,Guarded Scalar
9,1,local,56,7,0.43662493932226054,0.08821338876572794,1,1,21,7,7,0,0,0,1,intermittent,Guarded Scalar
9,2,local,19,0,0.0,0.0,0,0,0,0,0,0,0,0,0,intermittent,Guarded Scalar
9,1,posterior,55,7,0.05605962193261039,0.009745068972134265,1,1,21,7,7,0,0,0,1,intermittent,Guarded Scalar
9,2,posterior,19,0,0.0,0.0,0,0,0,0,0,0,0,0,0,intermittent,Guarded Scalar
10,1,local,62,9,0.7116109142842743,0.12292539449696567,1,1,32,9,9,0,0,0,1,intermittent,Guarded Scalar
10,2,local,19,0,0.0,0.0,0,0,0,0,0,0,0,0,0,intermittent,Guarded Scalar
10,1,posterior,60,9,0.08159670599101482,0.011705931587547201,1,1,32,9,9,0,0,0,1,intermittent,Guarded Scalar
10,2,posterior,60,9,0.08159670599101482,0.011705931587547201,1,1,32,9,9,0,0,0,1,intermittent,Guarded Scalar
11,1,local,65,12,0.7641798738558234,0.10740992186714628,1,2,57,12,12,0,0,0,1,intermittent,Guarded Scalar
11,2,local,34,4,0.004268637428760904,0.001171101801441803,0,1,25,4,4,0,0,0,1,intermittent,Guarded Scalar
11,1,posterior,61,12,0.06172150441926067,0.007998495843990747,1,2,57,12,12,0,0,0,1,intermittent,Guarded Scalar
11,2,posterior,61,12,0.06172150441926062,0.007998495843990747,1,2,57,12,12,0,0,0,1,intermittent,Guarded Scalar
12,1,local,64,15,0.8487881611882298,0.10445622757758403,1,3,84,16,16,0,0,0,1,intermittent,Guarded Scalar
12,2,local,26,0,0.0,0.0,0,0,0,0,0,0,0,0,0,intermittent,Guarded Scalar
12,1,posterior,56,15,0.11367931061001484,0.010689895513471973,1,3,84,16,16,0,0,0,1,intermittent,Guarded Scalar
12,2,posterior,56,15,0.11367931061001484,0.010689895513471973,1,3,84,16,16,0,0,0,1,intermittent,Guarded Scalar
13,1,local,61,26,1.4933089758730784,0.10003770380765317,1,5,169,27,27,0,0,0,1,intermittent,Guarded Scalar
13,2,local,22,1,0.0010684765713230029,0.0010684765713230029,0,0,7,1,1,0,0,0,1,intermittent,Guarded Scalar
13,1,posterior,58,26,0.1928573143666067,0.00949252091972743,1,5,169,27,27,0,0,0,1,intermittent,Guarded Scalar
13,2,posterior,58,26,0.1928573143666067,0.00949252091972743,1,5,169,27,27,0,0,0,1,intermittent,Guarded Scalar
14,1,local,60,31,1.6485495973430933,0.08098509570901569,1,5,213,32,32,0,0,0,1,intermittent,Guarded Scalar
14,2,local,20,0,0.0,0.0,0,0,0,0,0,0,0,0,0,intermittent,Guarded Scalar
14,1,posterior,56,31,0.22654825830318207,0.009304620527856673,1,5,213,32,32,0,0,0,1,intermittent,Guarded Scalar
14,2,posterior,56,31,0.22654825830318207,0.009304620527856673,1,5,213,32,32,0,0,0,1,intermittent,Guarded Scalar
15,1,local,60,33,1.5758624417647589,0.07056554778262683,1,5,246,34,34,0,0,0,1,intermittent,Guarded Scalar
15,2,local,11,0,0.0,0.0,0,0,0,0,0,0,0,0,0,intermittent,Guarded Scalar
15,1,posterior,57,33,0.22833152832330575,0.008642404110010295,1,5,246,34,34,0,0,0,1,intermittent,Guarded Scalar
15,2,posterior,57,33,0.22833152832330575,0.008642404110010295,1,5,246,34,34,0,0,0,1,intermittent,Guarded Scalar
16,1,local,63,33,1.4935083556654039,0.0655856326347079,1,5,268,34,34,0,0,0,1,intermittent,Guarded Scalar
16,2,local,11,0,0.0,0.0,0,0,0,0,0,0,0,0,0,intermittent,Guarded Scalar
16,1,posterior,61,33,0.22191789026339728,0.008312405834642152,1,5,268,34,34,0,0,0,1,intermittent,Guarded Scalar
16,2,posterior,61,33,0.22191789026339728,0.008312405834642152,1,5,268,34,34,0,0,0,1,intermittent,Guarded Scalar
17,1,local,70,33,1.3994043178306965,0.061492089064441174,1,5,284,34,34,0,0,0,1,intermittent,Guarded Scalar
17,2,local,9,0,0.0,0.0,0,0,0,0,0,0,0,0,0,intermittent,Guarded Scalar
17,1,posterior,70,33,0.21455272979208553,0.008033502173792537,1,5,284,34,34,0,0,0,1,intermittent,Guarded Scalar
17,2,posterior,70,33,0.21455272979208553,0.008033502173792537,1,5,284,34,34,0,0,0,1,intermittent,Guarded Scalar
18,1,local,76,42,1.5557150629185075,0.05286821225258787,1,5,363,43,43,0,0,0,1,intermittent,Guarded Scalar
18,2,local,12,0,0.0,0.0,0,0,0,0,0,0,0,0,0,intermittent,Guarded Scalar
18,1,posterior,76,42,1.5557150629185075,0.05286821225258787,1,5,363,43,43,0,0,0,1,intermittent,Guarded Scalar
18,2,posterior,12,0,0.0,0.0,0,0,0,0,0,0,0,0,0,intermittent,Guarded Scalar
19,1,local,82,33,1.4078769677103051,0.07519692014592988,1,5,300,34,34,0,0,0,1,intermittent,Guarded Scalar
19,2,local,11,0,0.0,0.0,0,0,0,0,0,0,0,0,0,intermittent,Guarded Scalar
19,1,posterior,79,33,0.20865474376175433,0.008941123723430065,1,5,300,34,34,0,0,0,1,intermittent,Guarded Scalar
19,2,posterior,79,33,0.20865474376175433,0.008941123723430065,1,5,300,34,34,0,0,0,1,intermittent,Guarded Scalar
20,1,local,84,40,1.3905740712995438,0.054954047125196206,1,5,377,41,41,0,0,0,1,intermittent,Guarded Scalar
20,2,local,18,1,0.006619392578523245,0.006619392578523245,0,0,12,1,1,0,0,0,1,intermittent,Guarded Scalar
20,1,posterior,80,40,0.2395982496871919,0.015568580767475595,1,5,377,41,41,0,0,0,1,intermittent,Guarded Scalar
20,2,posterior,80,40,0.2395982496871919,0.015568580767475595,1,5,377,41,41,0,0,0,1,intermittent,Guarded Scalar
21,1,local,88,37,1.1112246360012583,0.07527331742506695,1,4,354,38,38,0,0,0,1,intermittent,Guarded Scalar
21,2,local,9,1,0.01541289495980084,0.01541289495980084,0,0,13,1,1,0,0,0,1,intermittent,Guarded Scalar
21,1,posterior,87,37,0.22103211023483385,0.032376081217180955,1,4,354,38,38,0,0,0,1,intermittent,Guarded Scalar
21,2,posterior,87,37,0.22103211023483385,0.032376081217180955,1,4,354,38,38,0,0,0,1,intermittent,Guarded Scalar
22,1,local,92,36,1.1494381005376537,0.15304981181716032,1,4,374,37,37,0,0,0,1,intermittent,Guarded Scalar
22,2,local,12,1,0.032052320405009146,0.032052320405009146,0,0,14,1,1,0,0,0,1,intermittent,Guarded Scalar
22,1,posterior,88,36,0.25057410170646954,0.06721318086581743,1,4,374,37,37,0,0,0,1,intermittent,Guarded Scalar
22,2,posterior,88,36,0.25057410170647043,0.06721318086581832,1,4,374,37,37,0,0,0,1,intermittent,Guarded Scalar
23,1,local,88,26,0.8838572113032939,0.2688467714394327,1,3,279,27,27,0,0,0,1,intermittent,Guarded Scalar
23,2,local,9,1,0.06654104905716013,0.06654104905716013,0,0,15,1,1,0,0,0,1,intermittent,Guarded Scalar
23,1,posterior,88,26,0.2532429853361727,0.13111357720876052,1,3,279,27,27,0,0,0,1,intermittent,Guarded Scalar
23,2,posterior,88,26,0.2532429853361727,0.13111357720876052,1,3,279,27,27,0,0,0,1,intermittent,Guarded Scalar
24,1,local,80,21,0.8304364213906694,0.4462511804284258,1,2,225,22,22,0,0,0,1,intermittent,Guarded Scalar
24,2,local,14,1,0.1298024414366729,0.1298024414366729,0,0,16,1,1,0,0,0,1,intermittent,Guarded Scalar
24,1,posterior,77,21,0.33074898990464835,0.24463595266755828,1,2,225,22,22,0,0,0,1,intermittent,Guarded Scalar
24,2,posterior,77,21,0.3307489899046458,0.24463595266755567,1,2,225,22,22,0,0,0,1,intermittent,Guarded Scalar
25,1,local,81,12,0.8311577679146123,0.6413327840444176,1,1,169,12,12,0,0,0,1,intermittent,Guarded Scalar
25,2,local,12,1,0.24218959314088012,0.24218959314088012,0,0,17,1,1,0,0,0,1,intermittent,Guarded Scalar
25,1,posterior,79,12,0.46005792636581644,0.41479924033333415,1,1,169,12,12,0,0,0,1,intermittent,Guarded Scalar
25,2,posterior,79,12,0.46005792636581644,0.41479924033333415,1,1,169,12,12,0,0,0,1,intermittent,Guarded Scalar
26,1,local,82,4,0.8615804873731899,0.8236539563338248,1,1,62,4,4,0,0,0,1,intermittent,Guarded Scalar
26,2,local,14,1,0.06513994424955258,0.06513994424955258,0,0,18,1,1,0,0,0,1,intermittent,Guarded Scalar
26,1,posterior,78,4,0.18282301345229846,0.17221413814654785,1,1,62,4,4,0,0,0,1,intermittent,Guarded Scalar
26,2,posterior,78,4,0.18282301345229743,0.17221413814654682,1,1,62,4,4,0,0,0,1,intermittent,Guarded Scalar
27,1,local,85,7,0.6877359742680309,0.6179990896585881,1,1,75,7,7,0,0,0,1,intermittent,Guarded Scalar
27,2,local,8,1,0.020139453799310415,0.020139453799310415,0,0,19,1,1,0,0,0,1,intermittent,Guarded Scalar
27,1,posterior,85,7,0.08219326503188762,0.06213804864858298,1,1,75,7,7,0,0,0,1,intermittent,Guarded Scalar
27,2,posterior,85,7,0.08219326503188804,0.0621380486485834,1,1,75,7,7,0,0,0,1,intermittent,Guarded Scalar
28,1,local,87,25,0.6237782554952763,0.2907528711209372,1,1,195,25,25,0,0,0,1,intermittent,Guarded Scalar
28,2,local,12,1,0.006512215644110653,0.006512215644110653,0,0,20,1,1,0,0,0,1,intermittent,Guarded Scalar
28,1,posterior,84,25,0.10641469505849312,0.0186446881359315,1,1,195,25,25,0,0,0,1,intermittent,Guarded Scalar
28,2,posterior,84,25,0.10641469505849312,0.0186446881359315,1,1,195,25,25,0,0,0,1,intermittent,Guarded Scalar
29,1,local,89,45,0.9555087828209398,0.096671775983853,1,2,456,46,46,0,0,0,1,intermittent,Guarded Scalar
29,2,local,8,1,0.0018770057275571354,0.0018770057275571354,0,0,21,1,1,0,0,0,1,intermittent,Guarded Scalar
29,1,posterior,89,45,0.196582940875949,0.005303514857191775,1,2,456,46,46,0,0,0,1,intermittent,Guarded Scalar
29,2,posterior,89,45,0.19658294087594896,0.005303514857191775,1,2,456,46,46,0,0,0,1,intermittent,Guarded Scalar
30,1,local,93,78,1.7148961289152047,0.027060680630250498,1,5,1101,79,79,0,0,0,1,intermittent,Guarded Scalar
30,2,local,10,0,0.0,0.0,0,0,0,0,0,0,0,0,0,intermittent,Guarded Scalar
30,1,posterior,90,78,0.36295603820864103,0.005248778159092606,1,5,1101,79,79,0,0,0,1,intermittent,Guarded Scalar
30,2,posterior,90,78,0.36295603820864103,0.005248778159092606,1,5,1101,79,79,0,0,0,1,intermittent,Guarded Scalar
31,1,local,98,81,1.7080176581688442,0.02562385414971754,1,5,1182,82,82,0,0,0,1,intermittent,Guarded Scalar
31,2,local,8,0,0.0,0.0,0,0,0,0,0,0,0,0,0,intermittent,Guarded Scalar
31,1,posterior,98,81,0.3689267830023388,0.0051045049049823375,1,5,1182,82,82,0,0,0,1,intermittent,Guarded Scalar
31,2,posterior,8,0,0.0,0.0,0,0,0,0,0,0,0,0,0,intermittent,Guarded Scalar
32,1,local,103,82,1.6953054633396298,0.02443055719537828,1,5,1263,83,83,0,0,0,1,intermittent,Guarded Scalar
32,2,local,8,0,0.0,0.0,0,0,0,0,0,0,0,0,0,intermittent,Guarded Scalar
32,1,posterior,102,82,0.37084881221180727,0.00498179525034972,1,5,1263,83,83,0,0,0,1,intermittent,Guarded Scalar
32,2,posterior,102,82,0.37084881221180727,0.00498179525034972,1,5,1263,83,83,0,0,0,1,intermittent,Guarded Scalar
33,1,local,108,85,1.7661120571718267,0.024360632423447357,1,5,1350,86,86,0,0,0,1,intermittent,Guarded Scalar
33,2,local,14,0,0.0,0.0,0,0,0,0,0,0,0,0,0,intermittent,Guarded Scalar
33,1,posterior,105,85,0.38551083208743037,0.0049745188377113385,1,5,1350,86,86,0,0,0,1,intermittent,Guarded Scalar
33,2,posterior,105,85,0.38551083208743037,0.0049745188377113385,1,5,1350,86,86,0,0,0,1,intermittent,Guarded Scalar
34,1,local,113,88,1.7544706086702064,0.02310415323534996,1,5,1440,89,89,0,0,0,1,intermittent,Guarded Scalar
34,2,local,14,0,0.0,0.0,0,0,0,0,0,0,0,0,0,intermittent,Guarded Scalar
34,1,posterior,113,88,0.39097230580425507,0.004842059979966683,1,5,1440,89,89,0,0,0,1,intermittent,Guarded Scalar
34,2,posterior,113,88,0.39097230580425507,0.004842059979966683,1,5,1440,89,89,0,0,0,1,intermittent,Guarded Scalar
35,1,local,118,91,1.6812409920797682,0.021316187055045153,1,5,1533,92,92,0,0,0,1,intermittent,Guarded Scalar
35,2,local,19,0,0.0,0.0,0,0,0,0,0,0,0,0,0,intermittent,Guarded Scalar
35,1,posterior,115,91,0.38908837258713386,0.00464758870354361,1,5,1533,92,92,0,0,0,1,intermittent,Guarded Scalar
35,2,posterior,115,91,0.38908837258713386,0.00464758870354361,1,5,1533,92,92,0,0,0,1,intermittent,Guarded Scalar
36,1,local,119,94,1.7177539127922294,0.020968621052955657,1,5,1629,95,95,0,0,0,1,intermittent,Guarded Scalar
36,2,local,18,0,0.0,0.0,0,0,0,0,0,0,0,0,0,intermittent,Guarded Scalar
36,1,posterior,117,94,0.3997892308411275,0.00460890373625127,1,5,1629,95,95,0,0,0,1,intermittent,Guarded Scalar
36,2,posterior,117,94,0.3997892308411275,0.00460890373625127,1,5,1629,95,95,0,0,0,1,intermittent,Guarded Scalar
37,1,local,121,97,1.8306193810505542,0.02152285740743916,1,5,1728,98,98,0,0,0,1,intermittent,Guarded Scalar
37,2,local,17,0,0.0,0.0,0,0,0,0,0,0,0,0,0,intermittent,Guarded Scalar
37,1,posterior,119,97,0.4194699675333757,0.004670450518797756,1,5,1728,98,98,0,0,0,1,intermittent,Guarded Scalar
37,2,posterior,119,97,0.4194699675333757,0.004670450518797756,1,5,1728,98,98,0,0,0,1,intermittent,Guarded Scalar
38,1,local,125,100,1.7352916836176704,0.019699151746997337,1,5,1830,101,101,0,0,0,1,intermittent,Guarded Scalar
38,2,local,17,0,0.0,0.0,0,0,0,0,0,0,0,0,0,intermittent,Guarded Scalar
38,1,posterior,123,100,0.4145390099143894,0.004464963147490117,1,5,1830,101,101,0,0,0,1,intermittent,Guarded Scalar
38,2,posterior,123,100,0.4145390099143894,0.004464963147490117,1,5,1830,101,101,0,0,0,1,intermittent,Guarded Scalar
39,1,local,127,103,1.7588427064764889,0.019304143349637554,1,5,1935,104,104,0,0,0,1,intermittent,Guarded Scalar
39,2,local,16,0,0.0,0.0,0,0,0,0,0,0,0,0,0,intermittent,Guarded Scalar
39,1,posterior,122,103,0.4236298347570515,0.0044192831556391894,1,5,1935,104,104,0,0,0,1,intermittent,Guarded Scalar
39,2,posterior,122,103,0.4236298347570515,0.0044192831556391894,1,5,1935,104,104,0,0,0,1,intermittent,Guarded Scalar
40,1,local,130,106,1.8283767450846502,0.019435461612182296,1,5,2043,107,107,0,0,0,1,intermittent,Guarded Scalar
40,2,local,12,0,0.0,0.0,0,0,0,0,0,0,0,0,0,intermittent,Guarded Scalar
40,1,posterior,129,106,0.4383136606343492,0.004434518027475692,1,5,2043,107,107,0,0,0,1,intermittent,Guarded Scalar
40,2,posterior,129,106,0.4383136606343492,0.004434518027475692,1,5,2043,107,107,0,0,0,1,intermittent,Guarded Scalar
41,1,local,133,109,1.6983220461966189,0.017502524700703192,1,5,2154,110,110,0,0,0,1,intermittent,Guarded Scalar
41,2,local,15,0,0.0,0.0,0,0,0,0,0,0,0,0,0,intermittent,Guarded Scalar
41,1,posterior,129,109,0.42818914229725447,0.004205056164410518,1,5,2154,110,110,0,0,0,1,intermittent,Guarded Scalar
41,2,posterior,129,109,0.42818914229725447,0.004205056164410518,1,5,2154,110,110,0,0,0,1,intermittent,Guarded Scalar
42,1,local,136,112,1.755248990915661,0.017538400426580298,1,5,2268,113,113,0,0,0,1,intermittent,Guarded Scalar
42,2,local,11,0,0.0,0.0,0,0,0,0,0,0,0,0,0,intermittent,Guarded Scalar
42,1,posterior,134,112,0.4413803851812392,0.004209422005126749,1,5,2268,113,113,0,0,0,1,intermittent,Guarded Scalar
42,2,posterior,134,112,0.4413803851812392,0.004209422005126749,1,5,2268,113,113,0,0,0,1,intermittent,Guarded Scalar
43,1,local,140,115,1.8371938340031515,0.017826357457560917,1,5,2385,116,116,0,0,0,1,intermittent,Guarded Scalar
43,2,local,13,0,0.0,0.0,0,0,0,0,0,0,0,0,0,intermittent,Guarded Scalar
43,1,posterior,137,115,0.45771829212595727,0.004244311202867535,1,5,2385,116,116,0,0,0,1,intermittent,Guarded Scalar
43,2,posterior,137,115,0.45771829212595727,0.004244311202867535,1,5,2385,116,116,0,0,0,1,intermittent,Guarded Scalar
44,1,local,143,119,1.8355281535949892,0.017253150426584415,1,5,2506,120,120,0,0,0,1,intermittent,Guarded Scalar
44,2,local,13,0,0.0,0.0,0,0,0,0,0,0,0,0,0,intermittent,Guarded Scalar
44,1,posterior,139,119,0.4651472898163523,0.004174590052672876,1,5,2506,120,120,0,0,0,1,intermittent,Guarded Scalar
44,2,posterior,13,0,0.0,0.0,0,0,0,0,0,0,0,0,0,intermittent,Guarded Scalar
45,1,local,147,121,1.8185283072169804,0.016680109000893048,1,5,2628,122,122,0,0,0,1,intermittent,Guarded Scalar
45,2,local,11,0,0.0,0.0,0,0,0,0,0,0,0,0,0,intermittent,Guarded Scalar
45,1,posterior,143,121,0.46712103912129305,0.004103773405798761,1,5,2628,122,122,0,0,0,1,intermittent,Guarded Scalar
45,2,posterior,143,121,0.46712103912129305,0.004103773405798761,1,5,2628,122,122,0,0,0,1,intermittent,Guarded Scalar
46,1,local,151,124,1.8230358503373432,0.016273741646808795,1,5,2754,125,125,0,0,0,1,intermittent,Guarded Scalar
46,2,local,10,0,0.0,0.0,0,0,0,0,0,0,0,0,0,intermittent,Guarded Scalar
46,1,posterior,149,124,0.4734838498370754,0.004052846237745958,1,5,2754,125,125,0,0,0,1,intermittent,Guarded Scalar
46,2,posterior,149,124,0.4734838498370754,0.004052846237745958,1,5,2754,125,125,0,0,0,1,intermittent,Guarded Scalar
47,1,local,155,127,1.8759149721494301,0.016315590675476718,1,5,2883,128,128,0,0,0,1,intermittent,Guarded Scalar
47,2,local,14,0,0.0,0.0,0,0,0,0,0,0,0,0,0,intermittent,Guarded Scalar
47,1,posterior,152,127,0.48615515212689314,0.004058118812510501,1,5,2883,128,128,0,0,0,1,intermittent,Guarded Scalar
47,2,posterior,152,127,0.48615515212689314,0.004058118812510501,1,5,2883,128,128,0,0,0,1,intermittent,Guarded Scalar
48,1,local,159,130,1.7846959276917613,0.015117866266220954,1,5,3015,131,131,0,0,0,1,intermittent,Guarded Scalar
48,2,local,10,0,0.0,0.0,0,0,0,0,0,0,0,0,0,intermittent,Guarded Scalar
48,1,posterior,157,130,0.47965638193251425,0.0039045530773329736,1,5,3015,131,131,0,0,0,1,intermittent,Guarded Scalar
48,2,posterior,10,0,0.0,0.0,0,0,0,0,0,0,0,0,0,intermittent,Guarded Scalar
49,1,local,163,133,1.8953353878531447,0.015661355335562052,1,5,3150,134,134,0,0,0,1,intermittent,Guarded Scalar
49,2,local,10,0,0.0,0.0,0,0,0,0,0,0,0,0,0,intermittent,Guarded Scalar
49,1,posterior,161,133,0.5001343868621657,0.003974934052122224,1,5,3150,134,134,0,0,0,1,intermittent,Guarded Scalar
49,2,posterior,161,133,0.5001343868621657,0.003974934052122224,1,5,3150,134,134,0,0,0,1,intermittent,Guarded Scalar
50,1,local,167,136,1.8098481844951069,0.014592943151557946,1,5,3288,137,137,0,0,0,1,intermittent,Guarded Scalar
50,2,local,12,0,0.0,0.0,0,0,0,0,0,0,0,0,0,intermittent,Guarded Scalar
50,1,posterior,163,136,0.4941203615337911,0.003835411504454396,1,5,3288,137,137,0,0,0,1,intermittent,Guarded Scalar
50,2,posterior,163,136,0.4941203615337911,0.003835411504454396,1,5,3288,137,137,0,0,0,1,intermittent,Guarded Scalar
51,1,local,171,139,1.8728898725465404,0.01474457711809236,1,5,3429,140,140,0,0,0,1,intermittent,Guarded Scalar
51,2,local,10,0,0.0,0.0,0,0,0,0,0,0,0,0,0,intermittent,Guarded Scalar
51,1,posterior,170,139,0.5082670645798025,0.0038555056026887582,1,5,3429,140,140,0,0,0,1,intermittent,Guarded Scalar
51,2,posterior,10,0,0.0,0.0,0,0,0,0,0,0,0,0,0,intermittent,Guarded Scalar
52,1,local,175,142,1.8486674765543232,0.014220180526453166,1,5,3573,143,143,0,0,0,1,intermittent,Guarded Scalar
52,2,local,9,0,0.0,0.0,0,0,0,0,0,0,0,0,0,intermittent,Guarded Scalar
52,1,posterior,173,142,0.5103711956188077,0.003785582123047482,1,5,3573,143,143,0,0,0,1,intermittent,Guarded Scalar
52,2,posterior,173,142,0.5103711956188077,0.003785582123047482,1,5,3573,143,143,0,0,0,1,intermittent,Guarded Scalar
53,1,local,164,145,1.843042451082075,0.01385608062176951,1,5,3720,146,146,0,0,0,1,intermittent,Guarded Scalar
53,2,local,11,0,0.0,0.0,0,0,0,0,0,0,0,0,0,intermittent,Guarded Scalar
53,1,posterior,164,145,1.843042451082075,0.01385608062176951,1,5,3720,146,146,0,0,0,1,intermittent,Guarded Scalar
53,2,posterior,160,145,0.514968291785735,0.003736298909707942,1,5,3720,146,146,0,0,0,1,intermittent,Guarded Scalar
54,1,local,167,148,2.12247188976778,0.016128859299370923,1,5,3870,149,149,0,0,0,1,intermittent,Guarded Scalar
54,2,local,9,0,0.0,0.0,0,0,0,0,0,0,0,0,0,intermittent,Guarded Scalar
54,1,posterior,166,148,0.554624819539382,0.004034542067265646,1,5,3870,149,149,0,0,0,1,intermittent,Guarded Scalar
54,2,posterior,166,148,0.554624819539382,0.004034542067265646,1,5,3870,149,149,0,0,0,1,intermittent,Guarded Scalar
55,1,local,170,150,1.9287607510804436,0.014220320314339925,1,5,4020,151,151,0,0,0,1,intermittent,Guarded Scalar
55,2,local,14,0,0.0,0.0,0,0,0,0,0,0,0,0,0,intermittent,Guarded Scalar
55,1,posterior,166,150,0.5341056345171653,0.0037856009265592222,1,5,4020,151,151,0,0,0,1,intermittent,Guarded Scalar
55,2,posterior,166,150,0.5341056345171653,0.0037856009265592222,1,5,4020,151,151,0,0,0,1,intermittent,Guarded Scalar
56,1,local,174,152,1.9004182346156215,0.013638860593166557,1,5,4172,153,153,0,0,0,1,intermittent,Guarded Scalar
56,2,local,11,0,0.0,0.0,0,0,0,0,0,0,0,0,0,intermittent,Guarded Scalar
56,1,posterior,171,152,0.5350277002469628,0.003706598776991479,1,5,4172,153,153,0,0,0,1,intermittent,Guarded Scalar
56,2,posterior,171,152,0.5350277002469628,0.003706598776991479,1,5,4172,153,153,0,0,0,1,intermittent,Guarded Scalar
57,1,local,177,155,1.8405037834633167,0.012857912562515613,1,5,4327,156,156,0,0,0,1,intermittent,Guarded Scalar
57,2,local,12,0,0.0,0.0,0,0,0,0,0,0,0,0,0,intermittent,Guarded Scalar
57,1,posterior,177,155,1.8405037834633167,0.012857912562515613,1,5,4327,156,156,0,0,0,1,intermittent,Guarded Scalar
57,2,posterior,175,155,0.5323249202368618,0.0035978851528160292,1,5,4327,156,156,0,0,0,1,intermittent,Guarded Scalar
58,1,local,179,157,2.1344313657818716,0.015071048338814282,1,5,4485,158,158,0,0,0,1,intermittent,Guarded Scalar
58,2,local,12,0,0.0,0.0,0,0,0,0,0,0,0,0,0,intermittent,Guarded Scalar
58,1,posterior,179,157,2.1344313657818716,0.015071048338814282,1,5,4485,158,158,0,0,0,1,intermittent,Guarded Scalar
58,2,posterior,176,157,0.5738741046584583,0.0038984337522554166,1,5,4485,158,158,0,0,0,1,intermittent,Guarded Scalar
59,1,local,181,158,2.152736975484047,0.015297728713942655,1,5,4640,159,159,0,0,0,1,intermittent,Guarded Scalar
59,2,local,15,0,0.0,0.0,0,0,0,0,0,0,0,0,0,intermittent,Guarded Scalar
59,1,posterior,180,158,0.5758240234284188,0.003927977626234367,1,5,4640,159,159,0,0,0,1,intermittent,Guarded Scalar
59,2,posterior,180,158,0.5758240234284188,0.003927977626234367,1,5,4640,159,159,0,0,0,1,intermittent,Guarded Scalar
60,1,local,184,160,1.879877584722723,0.012927763909816559,1,5,4800,161,161,0,0,0,1,intermittent,Guarded Scalar
60,2,local,15,0,0.0,0.0,0,0,0,0,0,0,0,0,0,intermittent,Guarded Scalar
60,1,posterior,184,160,0.5437897955082996,0.0036077367512709567,1,5,4800,161,161,0,0,0,1,intermittent,Guarded Scalar
60,2,posterior,184,160,0.5437897955082996,0.0036077367512709567,1,5,4800,161,161,0,0,0,1,intermittent,Guarded Scalar
61,1,local,182,162,1.843001982813899,0.01232202515383268,1,5,4962,163,163,0,0,0,1,intermittent,Guarded Scalar
61,2,local,18,0,0.0,0.0,0,0,0,0,0,0,0,0,0,intermittent,Guarded Scalar
61,1,posterior,179,162,0.5436036353309052,0.003521426124576359,1,5,4962,163,163,0,0,0,1,intermittent,Guarded Scalar
61,2,posterior,179,162,0.5436036353309052,0.003521426124576359,1,5,4962,163,163,0,0,0,1,intermittent,Guarded Scalar
62,1,local,183,164,1.81281906980717,0.011833032086648628,1,5,5126,165,165,0,0,0,1,intermittent,Guarded Scalar
62,2,local,17,0,0.0,0.0,0,0,0,0,0,0,0,0,0,intermittent,Guarded Scalar
62,1,posterior,184,164,0.5435290865196092,0.0034502383680195705,1,5,5126,165,165,0,0,0,1,intermittent,Guarded Scalar
62,2,posterior,184,164,0.5435290865196092,0.0034502383680195705,1,5,5126,165,165,0,0,0,1,intermittent,Guarded Scalar
63,1,local,187,167,1.8849040891012496,0.012051424189728654,1,5,5295,168,168,0,0,0,1,intermittent,Guarded Scalar
63,2,local,17,0,0.0,0.0,0,0,0,0,0,0,0,0,0,intermittent,Guarded Scalar
63,1,posterior,189,167,0.5593811012264541,0.0034822049705877786,1,5,5295,168,168,0,0,0,1,intermittent,Guarded Scalar
63,2,posterior,189,167,0.5593811012264541,0.0034822049705877786,1,5,5295,168,168,0,0,0,1,intermittent,Guarded Scalar
64,1,local,190,169,1.8309595439256008,0.01151150072721109,1,5,5464,170,170,0,0,0,1,intermittent,Guarded Scalar
64,2,local,22,0,0.0,0.0,0,0,0,0,0,0,0,0,0,intermittent,Guarded Scalar
64,1,posterior,196,169,0.5549237769818659,0.003402648959292684,1,5,5464,170,170,0,0,0,1,intermittent,Guarded Scalar
64,2,posterior,196,169,0.5549237769818659,0.003402648959292684,1,5,5464,170,170,0,0,0,1,intermittent,Guarded Scalar
65,1,local,197,171,1.85631273443831,0.011493772872529034,1,5,5635,172,172,0,0,0,1,intermittent,Guarded Scalar
65,2,local,25,0,0.0,0.0,0,0,0,0,0,0,0,0,0,intermittent,Guarded Scalar
65,1,posterior,200,171,0.5623144947829679,0.0034000064160233153,1,5,5635,172,172,0,0,0,1,intermittent,Guarded Scalar
65,2,posterior,25,0,0.0,0.0,0,0,0,0,0,0,0,0,0,intermittent,Guarded Scalar
66,1,local,202,174,1.932604513736079,0.011782153350184121,1,5,5811,175,175,0,0,0,1,intermittent,Guarded Scalar
66,2,local,25,0,0.0,0.0,0,0,0,0,0,0,0,0,0,intermittent,Guarded Scalar
66,1,posterior,204,174,0.578516074317976,0.0034427500873298075,1,5,5811,175,175,0,0,0,1,intermittent,Guarded Scalar
66,2,posterior,204,174,0.578516074317976,0.0034427500873298075,1,5,5811,175,175,0,0,0,1,intermittent,Guarded Scalar
67,1,local,204,177,1.8932404487991366,0.011366419380687576,1,5,5990,178,178,0,0,0,1,intermittent,Guarded Scalar
67,2,local,22,0,0.0,0.0,0,0,0,0,0,0,0,0,0,intermittent,Guarded Scalar
67,1,posterior,204,177,1.8932404487991366,0.011366419380687576,1,5,5990,178,178,0,0,0,1,intermittent,Guarded Scalar
67,2,posterior,206,177,0.577222666698257,0.0033809643615095356,1,5,5990,178,178,0,0,0,1,intermittent,Guarded Scalar
68,1,local,204,179,2.1414033458441595,0.012956756391655971,1,5,6169,180,180,0,0,0,1,intermittent,Guarded Scalar
68,2,local,22,0,0.0,0.0,0,0,0,0,0,0,0,0,0,intermittent,Guarded Scalar
68,1,posterior,204,179,2.1414033458441595,0.012956756391655971,1,5,6169,180,180,0,0,0,1,intermittent,Guarded Scalar
68,2,posterior,212,179,0.614940455589585,0.0036118181848643267,1,5,6169,180,180,0,0,0,1,intermittent,Guarded Scalar
69,1,local,210,181,2.1711642300535825,0.013208047895712586,1,5,6350,182,182,0,0,0,1,intermittent,Guarded Scalar
69,2,local,28,0,0.0,0.0,0,0,0,0,0,0,0,0,0,intermittent,Guarded Scalar
69,1,posterior,217,181,0.6194485010666367,0.0036470104040774013,1,5,6350,182,182,0,0,0,1,intermittent,Guarded Scalar
69,2,posterior,217,181,0.6194485010666367,0.0036470104040774013,1,5,6350,182,182,0,0,0,1,intermittent,Guarded Scalar
70,1,local,218,183,1.9393334498151635,0.011506243710768667,1,5,6533,184,184,0,0,0,1,intermittent,Guarded Scalar
70,2,local,30,0,0.0,0.0,0,0,0,0,0,0,0,0,0,intermittent,Guarded Scalar
70,1,posterior,223,183,0.5909937462345136,0.003401865546156787,1,5,6533,184,184,0,0,0,1,intermittent,Guarded Scalar
70,2,posterior,223,183,0.5909937462345136,0.003401865546156787,1,5,6533,184,184,0,0,0,1,intermittent,Guarded Scalar
71,1,local,219,185,1.9308208061042897,0.011196077790714761,1,5,6718,186,186,0,0,0,1,intermittent,Guarded Scalar
71,2,local,34,0,0.0,0.0,0,0,0,0,0,0,0,0,0,intermittent,Guarded Scalar
71,1,posterior,229,185,0.5947889906123841,0.0033553317551760476,1,5,6718,186,186,0,0,0,1,intermittent,Guarded Scalar
71,2,posterior,229,185,0.5947889906123841,0.0033553317551760476,1,5,6718,186,186,0,0,0,1,intermittent,Guarded Scalar
72,1,local,225,187,1.973281263414764,0.011209870900639981,1,5,6905,188,188,0,0,0,1,intermittent,Guarded Scalar
72,2,local,37,0,0.0,0.0,0,0,0,0,0,0,0,0,0,intermittent,Guarded Scalar
72,1,posterior,232,187,0.6057658862536394,0.0033574143360132723,1,5,6905,188,188,0,0,0,1,intermittent,Guarded Scalar
72,2,posterior,232,187,0.6057658862536394,0.0033574143360132723,1,5,6905,188,188,0,0,0,1,intermittent,Guarded Scalar
73,1,local,229,191,1.8523016270808663,0.010330629945966988,1,5,7099,192,192,0,0,0,1,intermittent,Guarded Scalar
73,2,local,40,0,0.0,0.0,0,0,0,0,0,0,0,0,0,intermittent,Guarded Scalar
73,1,posterior,236,191,0.5923668014874611,0.0032220628711309607,1,5,7099,192,192,0,0,0,1,intermittent,Guarded Scalar
73,2,posterior,236,191,0.5923668014874611,0.0032220628711309607,1,5,7099,192,192,0,0,0,1,intermittent,Guarded Scalar
74,1,local,232,195,1.9083725579862894,0.010461979699800616,1,5,7297,196,196,0,0,0,1,intermittent,Guarded Scalar
74,2,local,40,0,0.0,0.0,0,0,0,0,0,0,0,0,0,intermittent,Guarded Scalar
74,1,posterior,245,195,0.607006965252416,0.0032426300655262106,1,5,7297,196,196,0,0,0,1,intermittent,Guarded Scalar
74,2,posterior,245,195,0.607006965252416,0.0032426300655262106,1,5,7297,196,196,0,0,0,1,intermittent,Guarded Scalar
75,1,local,240,198,1.867073813421763,0.010078553781166205,1,5,7496,199,199,0,0,0,1,intermittent,Guarded Scalar
75,2,local,46,0,0.0,0.0,0,0,0,0,0,0,0,0,0,intermittent,Guarded Scalar
75,1,posterior,250,198,0.6050588581974499,0.0031822314892250183,1,5,7496,199,199,0,0,0,1,intermittent,Guarded Scalar
75,2,posterior,250,198,0.6050588581974499,0.0031822314892250183,1,5,7496,199,199,0,0,0,1,intermittent,Guarded Scalar
76,1,local,240,202,1.8467982721914484,0.009806358028720671,1,5,7701,203,203,0,0,0,1,intermittent,Guarded Scalar
76,2,local,46,0,0.0,0.0,0,0,0,0,0,0,0,0,0,intermittent,Guarded Scalar
76,1,posterior,255,202,0.6074969279885711,0.0031386711147680137,1,5,7701,203,203,0,0,0,1,intermittent,Guarded Scalar
76,2,posterior,255,202,0.6074969279885711,0.0031386711147680137,1,5,7701,203,203,0,0,0,1,intermittent,Guarded Scalar
77,1,local,248,206,1.8237801067627242,0.009524816884320221,1,5,7910,207,207,0,0,0,1,intermittent,Guarded Scalar
77,2,local,32,0,0.0,0.0,0,0,0,0,0,0,0,0,0,intermittent,Guarded Scalar
77,1,posterior,240,206,0.609435289072343,0.0030929893477651465,1,5,7910,207,207,0,0,0,1,intermittent,Guarded Scalar
77,2,posterior,240,206,0.609435289072343,0.0030929893477651465,1,5,7910,207,207,0,0,0,1,intermittent,Guarded Scalar
78,1,local,247,210,1.8061485153426133,0.009270807707409316,1,5,8123,211,211,0,0,0,1,intermittent,Guarded Scalar
78,2,local,28,0,0.0,0.0,0,0,0,0,0,0,0,0,0,intermittent,Guarded Scalar
78,1,posterior,242,210,0.6122822277924603,0.0030512051955851284,1,5,8123,211,211,0,0,0,1,intermittent,Guarded Scalar
78,2,posterior,242,210,0.6122822277924603,0.0030512051955851284,1,5,8123,211,211,0,0,0,1,intermittent,Guarded Scalar
79,1,local,247,214,1.8093378610399653,0.009113437837896518,1,5,8339,215,215,0,0,0,1,intermittent,Guarded Scalar
79,2,local,29,0,0.0,0.0,0,0,0,0,0,0,0,0,0,intermittent,Guarded Scalar
79,1,posterior,237,214,0.6189794294107688,0.0030250367593248604,1,5,8339,215,215,0,0,0,1,intermittent,Guarded Scalar
79,2,posterior,237,214,0.6189794294107688,0.0030250367593248604,1,5,8339,215,215,0,0,0,1,intermittent,Guarded Scalar
80,1,local,245,216,1.7182388668921962,0.008525951328562585,1,5,8555,217,217,0,0,0,1,intermittent,Guarded Scalar
80,2,local,17,0,0.0,0.0,0,0,0,0,0,0,0,0,0,intermittent,Guarded Scalar
80,1,posterior,244,216,0.6064574465754301,0.002925335529176143,1,5,8555,217,217,0,0,0,1,intermittent,Guarded Scalar
80,2,posterior,244,216,0.6064574465754301,0.002925335529176143,1,5,8555,217,217,0,0,0,1,intermittent,Guarded Scalar
81,1,local,250,218,1.814051281470898,0.008861079715349135,1,5,8773,219,219,0,0,0,1,intermittent,Guarded Scalar
81,2,local,19,0,0.0,0.0,0,0,0,0,0,0,0,0,0,intermittent,Guarded Scalar
81,1,posterior,246,218,0.6267763255844311,0.0029826070979292484,1,5,8773,219,219,0,0,0,1,intermittent,Guarded Scalar
81,2,posterior,246,218,0.6267763255844311,0.0029826070979292484,1,5,8773,219,219,0,0,0,1,intermittent,Guarded Scalar
82,1,local,253,221,1.8037725499168147,0.00867042768453939,1,5,8995,222,222,0,0,0,1,intermittent,Guarded Scalar
82,2,local,17,0,0.0,0.0,0,0,0,0,0,0,0,0,0,intermittent,Guarded Scalar
82,1,posterior,250,221,0.6293524057862531,0.002950158530375976,1,5,8995,222,222,0,0,0,1,intermittent,Guarded Scalar
82,2,posterior,250,221,0.6293524057862531,0.002950158530375976,1,5,8995,222,222,0,0,0,1,intermittent,Guarded Scalar
83,1,local,258,224,1.8196600914192607,0.008610859724984472,1,5,9220,225,225,0,0,0,1,intermittent,Guarded Scalar
83,2,local,17,0,0.0,0.0,0,0,0,0,0,0,0,0,0,intermittent,Guarded Scalar
83,1,posterior,257,224,0.6364297605418198,0.0029399486867699737,1,5,9220,225,225,0,0,0,1,intermittent,Guarded Scalar
83,2,posterior,257,224,0.6364297605418198,0.0029399486867699737,1,5,9220,225,225,0,0,0,1,intermittent,Guarded Scalar
84,1,local,257,227,1.8253060718431335,0.008512988204468837,1,5,9448,228,228,0,0,0,1,intermittent,Guarded Scalar
84,2,local,21,0,0.0,0.0,0,0,0,0,0,0,0,0,0,intermittent,Guarded Scalar
84,1,posterior,252,227,0.641604618701233,0.002923098247129428,1,5,9448,228,228,0,0,0,1,intermittent,Guarded Scalar
84,2,posterior,21,0,0.0,0.0,0,0,0,0,0,0,0,0,0,intermittent,Guarded Scalar
85,1,local,255,230,1.9357491255163164,0.008903117166941033,1,5,9679,231,231,0,0,0,1,intermittent,Guarded Scalar
85,2,local,20,0,0.0,0.0,0,0,0,0,0,0,0,0,0,intermittent,Guarded Scalar
85,1,posterior,250,230,0.6651350972406781,0.00298971564003467,1,5,9679,231,231,0,0,0,1,intermittent,Guarded Scalar
85,2,posterior,250,230,0.6651350972406781,0.00298971564003467,1,5,9679,231,231,0,0,0,1,intermittent,Guarded Scalar
86,1,local,258,233,1.8680690122998393,0.008474366344881959,1,5,9913,234,234,0,0,0,1,intermittent,Guarded Scalar
86,2,local,15,0,0.0,0.0,0,0,0,0,0,0,0,0,0,intermittent,Guarded Scalar
86,1,posterior,258,233,1.8680690122998393,0.008474366344881959,1,5,9913,234,234,0,0,0,1,intermittent,Guarded Scalar
86,2,posterior,258,233,0.657580441130217,0.0029164226545122557,1,5,9913,234,234,0,0,0,1,intermittent,Guarded Scalar
87,1,local,261,236,2.0561022709436463,0.009392429366633382,1,5,10150,237,237,0,0,0,1,intermittent,Guarded Scalar
87,2,local,20,0,0.0,0.0,0,0,0,0,0,0,0,0,0,intermittent,Guarded Scalar
87,1,posterior,255,236,0.6913388534541195,0.0030712806999662434,1,5,10150,237,237,0,0,0,1,intermittent,Guarded Scalar
87,2,posterior,255,236,0.6913388534541195,0.0030712806999662434,1,5,10150,237,237,0,0,0,1,intermittent,Guarded Scalar
88,1,local,263,239,1.7627886632764909,0.007895776399790102,1,5,10390,240,240,0,0,0,1,intermittent,Guarded Scalar
88,2,local,14,0,0.0,0.0,0,0,0,0,0,0,0,0,0,intermittent,Guarded Scalar
88,1,posterior,263,239,0.6450043054069649,0.002814569335770105,1,5,10390,240,240,0,0,0,1,intermittent,Guarded Scalar
88,2,posterior,263,239,0.6450043054069649,0.002814569335770105,1,5,10390,240,240,0,0,0,1,intermittent,Guarded Scalar
89,1,local,261,239,0.8594099440977382,0.004048047040151448,2,5,10621,240,240,0,0,0,1,intermittent,Guarded Scalar
89,2,local,21,0,0.0,0.0,0,0,0,0,0,0,0,0,0,intermittent,Guarded Scalar
89,1,posterior,254,239,0.4515398842693268,0.0020130090045991263,2,5,10621,240,240,0,0,0,1,intermittent,Guarded Scalar
89,2,posterior,254,239,0.4515398842693268,0.0020130090045991263,2,5,10621,240,240,0,0,0,1,intermittent,Guarded Scalar
90,1,local,260,238,0.8699028355130927,0.003943478909414486,1,5,10857,239,239,0,0,0,1,intermittent,Guarded Scalar
90,2,local,14,0,0.0,0.0,0,0,0,0,0,0,0,0,0,intermittent,Guarded Scalar
90,1,posterior,260,238,0.45357066286375225,0.001986787031985512,1,5,10857,239,239,0,0,0,1,intermittent,Guarded Scalar
90,2,posterior,260,238,0.45357066286375225,0.001986787031985512,1,5,10857,239,239,0,0,0,1,intermittent,Guarded Scalar
91,1,local,259,237,0.9715316098145547,0.004319890673484866,1,5,11090,238,238,0,0,0,1,intermittent,Guarded Scalar
91,2,local,21,0,0.0,0.0,0,0,0,0,0,0,0,0,0,intermittent,Guarded Scalar
91,1,posterior,252,237,0.4789264929213144,0.002079646878681522,1,5,11090,238,238,0,0,0,1,intermittent,Guarded Scalar
91,2,posterior,252,237,0.4789264929213144,0.002079646878681522,1,5,11090,238,238,0,0,0,1,intermittent,Guarded Scalar
92,1,local,261,235,1.1486005159074197,0.005049967065969483,0,5,11324,236,236,0,0,0,1,intermittent,Guarded Scalar
92,2,local,15,0,0.0,0.0,0,0,0,0,0,0,0,0,0,intermittent,Guarded Scalar
92,1,posterior,260,235,0.519372982017544,0.002248966982541339,0,5,11324,236,236,0,0,0,1,intermittent,Guarded Scalar
92,2,posterior,260,235,0.519372982017544,0.002248966982541339,0,5,11324,236,236,0,0,0,1,intermittent,Guarded Scalar
93,1,local,264,235,1.3045750538319099,0.005690213429337295,0,5,11559,236,236,0,0,0,1,intermittent,Guarded Scalar
93,2,local,21,0,0.0,0.0,0,0,0,0,0,0,0,0,0,intermittent,Guarded Scalar
93,1,posterior,260,235,0.5540287911738039,0.002387714878595429,0,5,11559,236,236,0,0,0,1,intermittent,Guarded Scalar
93,2,posterior,260,235,0.5540287911738039,0.002387714878595429,0,5,11559,236,236,0,0,0,1,intermittent,Guarded Scalar
94,1,local,263,241,0.9337941392842627,0.004027077164077431,2,5,11800,242,242,0,0,0,1,intermittent,Guarded Scalar
94,2,local,18,0,0.0,0.0,0,0,0,0,0,0,0,0,0,intermittent,Guarded Scalar
94,1,posterior,263,241,0.9337941392842627,0.004027077164077431,2,5,11800,242,242,0,0,0,1,intermittent,Guarded Scalar
94,2,posterior,263,241,0.4737379656568546,0.002007777682304439,2,5,11800,242,242,0,0,0,1,intermittent,Guarded Scalar
95,1,local,267,235,1.4411598665649261,0.006245245597379718,0,5,12029,236,236,0,0,0,1,intermittent,Guarded Scalar
95,2,local,22,0,0.0,0.0,0,0,0,0,0,0,0,0,0,intermittent,Guarded Scalar
95,1,posterior,259,235,0.5824139294209705,0.0025018686081537773,0,5,12029,236,236,0,0,0,1,intermittent,Guarded Scalar
95,2,posterior,259,235,0.5824139294209705,0.0025018686081537773,0,5,12029,236,236,0,0,0,1,intermittent,Guarded Scalar
96,1,local,269,235,1.5082464070327477,0.007036171986728371,1,5,12254,236,236,0,0,0,1,intermittent,Guarded Scalar
96,2,local,16,0,0.0,0.0,0,0,0,0,0,0,0,0,0,intermittent,Guarded Scalar
96,1,posterior,268,235,0.5960151632494364,0.0026562175975608955,1,5,12254,236,236,0,0,0,1,intermittent,Guarded Scalar
96,2,posterior,268,235,0.5960151632494364,0.0026562175975608955,1,5,12254,236,236,0,0,0,1,intermittent,Guarded Scalar
97,1,local,268,244,0.935599430321317,0.00411024627378647,2,5,12521,245,245,0,0,0,1,intermittent,Guarded Scalar
97,2,local,22,0,0.0,0.0,0,0,0,0,0,0,0,0,0,intermittent,Guarded Scalar
97,1,posterior,268,244,0.935599430321317,0.00411024627378647,2,5,12521,245,245,0,0,0,1,intermittent,Guarded Scalar
97,2,posterior,22,0,0.0,0.0,0,0,0,0,0,0,0,0,0,intermittent,Guarded Scalar
98,1,local,271,242,1.584604636333073,0.006845544399529866,0,5,12762,243,243,0,0,0,1,intermittent,Guarded Scalar
98,2,local,21,0,0.0,0.0,0,0,0,0,0,0,0,0,0,intermittent,Guarded Scalar
98,1,posterior,271,242,1.584604636333073,0.006845544399529866,0,5,12762,243,243,0,0,0,1,intermittent,Guarded Scalar
98,2,posterior,21,0,0.0,0.0,0,0,0,0,0,0,0,0,0,intermittent,Guarded Scalar
99,1,local,274,238,1.9382585882480599,0.008330834529898214,1,5,12976,239,239,0,0,0,1,intermittent,Guarded Scalar
99,2,local,22,0,0.0,0.0,0,0,0,0,0,0,0,0,0,intermittent,Guarded Scalar
99,1,posterior,274,238,1.9382585882480599,0.008330834529898214,1,5,12976,239,239,0,0,0,1,intermittent,Guarded Scalar
99,2,posterior,22,0,0.0,0.0,0,0,0,0,0,0,0,0,0,intermittent,Guarded Scalar
100,1,local,274,239,2.0526736452375873,0.008818485004984968,1,5,13214,240,240,0,0,0,1,intermittent,Guarded Scalar
100,2,local,19,0,0.0,0.0,0,0,0,0,0,0,0,0,0,intermittent,Guarded Scalar
100,1,posterior,274,239,2.0526736452375873,0.008818485004984968,1,5,13214,240,240,0,0,0,1,intermittent,Guarded Scalar
100,2,posterior,19,0,0.0,0.0,0,0,0,0,0,0,0,0,0,intermittent,Guarded Scalar
101,1,local,267,238,2.0841979815858576,0.0090288777077796,1,5,13423,239,239,0,0,0,1,intermittent,Guarded Scalar
101,2,local,18,0,0.0,0.0,0,0,0,0,0,0,0,0,0,intermittent,Guarded Scalar
101,1,posterior,267,238,2.0841979815858576,0.0090288777077796,1,5,13423,239,239,0,0,0,1,intermittent,Guarded Scalar
101,2,posterior,18,0,0.0,0.0,0,0,0,0,0,0,0,0,0,intermittent,Guarded Scalar
102,1,local,262,238,1.1452985479434883,0.005034809451177958,1,5,13694,239,239,0,0,0,1,intermittent,Guarded Scalar
102,2,local,19,0,0.0,0.0,0,0,0,0,0,0,0,0,0,intermittent,Guarded Scalar
102,1,posterior,262,238,1.1452985479434883,0.005034809451177958,1,5,13694,239,239,0,0,0,1,intermittent,Guarded Scalar
102,2,posterior,19,0,0.0,0.0,0,0,0,0,0,0,0,0,0,intermittent,Guarded Scalar
103,1,local,262,239,1.9115291085823634,0.008310535272153818,1,5,13932,240,240,0,0,0,1,intermittent,Guarded Scalar
103,2,local,19,0,0.0,0.0,0,0,0,0,0,0,0,0,0,intermittent,Guarded Scalar
103,1,posterior,262,239,1.9115291085823634,0.008310535272153818,1,5,13932,240,240,0,0,0,1,intermittent,Guarded Scalar
103,2,posterior,19,0,0.0,0.0,0,0,0,0,0,0,0,0,0,intermittent,Guarded Scalar
104,1,local,262,239,2.012506690075917,0.008735219802345274,1,5,14169,240,240,0,0,0,1,intermittent,Guarded Scalar
104,2,local,15,0,0.0,0.0,0,0,0,0,0,0,0,0,0,intermittent,Guarded Scalar
104,1,posterior,262,239,2.012506690075917,0.008735219802345274,1,5,14169,240,240,0,0,0,1,intermittent,Guarded Scalar
104,2,posterior,15,0,0.0,0.0,0,0,0,0,0,0,0,0,0,intermittent,Guarded Scalar
105,1,local,260,238,1.1756769269779574,0.005187869235842339,1,5,14405,239,239,0,0,0,1,intermittent,Guarded Scalar
105,2,local,15,0,0.0,0.0,0,0,0,0,0,0,0,0,0,intermittent,Guarded Scalar
105,1,posterior,260,238,1.1756769269779574,0.005187869235842339,1,5,14405,239,239,0,0,0,1,intermittent,Guarded Scalar
105,2,posterior,15,0,0.0,0.0,0,0,0,0,0,0,0,0,0,intermittent,Guarded Scalar
106,1,local,258,238,1.0494013823376258,0.004669742367418321,1,5,14642,239,239,0,0,0,1,intermittent,Guarded Scalar
106,2,local,14,0,0.0,0.0,0,0,0,0,0,0,0,0,0,intermittent,Guarded Scalar
106,1,posterior,258,238,1.0494013823376258,0.004669742367418321,1,5,14642,239,239,0,0,0,1,intermittent,Guarded Scalar
106,2,posterior,14,0,0.0,0.0,0,0,0,0,0,0,0,0,0,intermittent,Guarded Scalar
107,1,local,260,237,1.570975657754022,0.007006563955159616,0,5,14879,238,238,0,0,0,1,intermittent,Guarded Scalar
107,2,local,14,0,0.0,0.0,0,0,0,0,0,0,0,0,0,intermittent,Guarded Scalar
107,1,posterior,260,237,1.570975657754022,0.007006563955159616,0,5,14879,238,238,0,0,0,1,intermittent,Guarded Scalar
107,2,posterior,14,0,0.0,0.0,0,0,0,0,0,0,0,0,0,intermittent,Guarded Scalar
108,1,local,260,238,1.861116202729764,0.00828621677806318,1,5,15116,239,239,0,0,0,1,intermittent,Guarded Scalar
108,2,local,14,0,0.0,0.0,0,0,0,0,0,0,0,0,0,intermittent,Guarded Scalar
108,1,posterior,260,238,1.861116202729764,0.00828621677806318,1,5,15116,239,239,0,0,0,1,intermittent,Guarded Scalar
108,2,posterior,14,0,0.0,0.0,0,0,0,0,0,0,0,0,0,intermittent,Guarded Scalar
109,1,local,263,239,2.0539273936542606,0.009149740675646981,1,5,15354,240,240,0,0,0,1,intermittent,Guarded Scalar
109,2,local,14,0,0.0,0.0,0,0,0,0,0,0,0,0,0,intermittent,Guarded Scalar
109,1,posterior,263,239,2.0539273936542606,0.009149740675646981,1,5,15354,240,240,0,0,0,1,intermittent,Guarded Scalar
109,2,posterior,14,0,0.0,0.0,0,0,0,0,0,0,0,0,0,intermittent,Guarded Scalar
110,1,local,262,239,2.1049658431338485,0.009382727511546483,1,5,15591,240,240,0,0,0,1,intermittent,Guarded Scalar
110,2,local,13,0,0.0,0.0,0,0,0,0,0,0,0,0,0,intermittent,Guarded Scalar
110,1,posterior,262,239,2.1049658431338485,0.009382727511546483,1,5,15591,240,240,0,0,0,1,intermittent,Guarded Scalar
110,2,posterior,13,0,0.0,0.0,0,0,0,0,0,0,0,0,0,intermittent,Guarded Scalar
111,1,local,260,240,2.1129792199628357,0.009411138552486435,1,5,15832,241,241,0,0,0,1,intermittent,Guarded Scalar
111,2,local,15,0,0.0,0.0,0,0,0,0,0,0,0,0,0,intermittent,Guarded Scalar
111,1,posterior,260,240,2.1129792199628357,0.009411138552486435,1,5,15832,241,241,0,0,0,1,intermittent,Guarded Scalar
111,2,posterior,15,0,0.0,0.0,0,0,0,0,0,0,0,0,0,intermittent,Guarded Scalar
112,1,local,261,239,2.0560557308822403,0.00916065897837006,1,5,16065,240,240,0,0,0,1,intermittent,Guarded Scalar
112,2,local,14,0,0.0,0.0,0,0,0,0,0,0,0,0,0,intermittent,Guarded Scalar
112,1,posterior,261,239,2.0560557308822403,0.00916065897837006,1,5,16065,240,240,0,0,0,1,intermittent,Guarded Scalar
112,2,posterior,14,0,0.0,0.0,0,0,0,0,0,0,0,0,0,intermittent,Guarded Scalar
113,1,local,261,239,2.0787377386477273,0.00925820037365278,1,5,16302,240,240,0,0,0,1,intermittent,Guarded Scalar
113,2,local,15,0,0.0,0.0,0,0,0,0,0,0,0,0,0,intermittent,Guarded Scalar
113,1,posterior,261,239,2.0787377386477273,0.00925820037365278,1,5,16302,240,240,0,0,0,1,intermittent,Guarded Scalar
113,2,posterior,15,0,0.0,0.0,0,0,0,0,0,0,0,0,0,intermittent,Guarded Scalar
114,1,local,260,239,2.0826467680234897,0.009273538327028848,1,5,16539,240,240,0,0,0,1,intermittent,Guarded Scalar
114,2,local,18,0,0.0,0.0,0,0,0,0,0,0,0,0,0,intermittent,Guarded Scalar
114,1,posterior,260,239,2.0826467680234897,0.009273538327028848,1,5,16539,240,240,0,0,0,1,intermittent,Guarded Scalar
114,2,posterior,18,0,0.0,0.0,0,0,0,0,0,0,0,0,0,intermittent,Guarded Scalar
115,1,local,256,239,2.078611048315765,0.009254844291067882,1,5,16776,240,240,0,0,0,1,intermittent,Guarded Scalar
115,2,local,21,0,0.0,0.0,0,0,0,0,0,0,0,0,0,intermittent,Guarded Scalar
115,1,posterior,256,239,2.078611048315765,0.009254844291067882,1,5,16776,240,240,0,0,0,1,intermittent,Guarded Scalar
115,2,posterior,21,0,0.0,0.0,0,0,0,0,0,0,0,0,0,intermittent,Guarded Scalar
116,1,local,256,239,2.03418144895275,0.009057073207617188,1,5,17013,240,240,0,0,0,1,intermittent,Guarded Scalar
116,2,local,22,0,0.0,0.0,0,0,0,0,0,0,0,0,0,intermittent,Guarded Scalar
116,1,posterior,256,239,2.03418144895275,0.009057073207617188,1,5,17013,240,240,0,0,0,1,intermittent,Guarded Scalar
116,2,posterior,22,0,0.0,0.0,0,0,0,0,0,0,0,0,0,intermittent,Guarded Scalar
117,1,local,256,239,2.0732150259920314,0.009229578046612664,1,5,17250,240,240,0,0,0,1,intermittent,Guarded Scalar
117,2,local,18,0,0.0,0.0,0,0,0,0,0,0,0,0,0,intermittent,Guarded Scalar
117,1,posterior,256,239,2.0732150259920314,0.009229578046612664,1,5,17250,240,240,0,0,0,1,intermittent,Guarded Scalar
117,2,posterior,18,0,0.0,0.0,0,0,0,0,0,0,0,0,0,intermittent,Guarded Scalar
118,1,local,255,238,1.1314554200745615,0.005024165221872218,1,5,17486,239,239,0,0,0,1,intermittent,Guarded Scalar
118,2,local,15,0,0.0,0.0,0,0,0,0,0,0,0,0,0,intermittent,Guarded Scalar
118,1,posterior,255,238,1.1314554200745615,0.005024165221872218,1,5,17486,239,239,0,0,0,1,intermittent,Guarded Scalar
118,2,posterior,15,0,0.0,0.0,0,0,0,0,0,0,0,0,0,intermittent,Guarded Scalar
119,1,local,255,238,1.0146785082613023,0.004497023325923499,1,5,17723,239,239,0,0,0,1,intermittent,Guarded Scalar
119,2,local,13,0,0.0,0.0,0,0,0,0,0,0,0,0,0,intermittent,Guarded Scalar
119,1,posterior,255,238,1.0146785082613023,0.004497023325923499,1,5,17723,239,239,0,0,0,1,intermittent,Guarded Scalar
119,2,posterior,13,0,0.0,0.0,0,0,0,0,0,0,0,0,0,intermittent,Guarded Scalar
120,1,local,257,237,1.64128355349069,0.0073019343254320974,0,5,17960,238,238,0,0,0,1,intermittent,Guarded Scalar
120,2,local,13,0,0.0,0.0,0,0,0,0,0,0,0,0,0,intermittent,Guarded Scalar
120,1,posterior,257,237,1.64128355349069,0.0073019343254320974,0,5,17960,238,238,0,0,0,1,intermittent,Guarded Scalar
120,2,posterior,13,0,0.0,0.0,0,0,0,0,0,0,0,0,0,intermittent,Guarded Scalar
121,1,local,259,238,1.9076879900017616,0.008483390893514147,1,5,18197,239,239,0,0,0,1,intermittent,Guarded Scalar
121,2,local,16,0,0.0,0.0,0,0,0,0,0,0,0,0,0,intermittent,Guarded Scalar
121,1,posterior,259,238,1.9076879900017616,0.008483390893514147,1,5,18197,239,239,0,0,0,1,intermittent,Guarded Scalar
121,2,posterior,16,0,0.0,0.0,0,0,0,0,0,0,0,0,0,intermittent,Guarded Scalar
122,1,local,262,1,0.0019864423579759876,0.0019864423579759876,1,0,0,1,1,0,0,0,1,intermittent,Guarded Scalar
122,2,local,17,0,0.0,0.0,0,0,0,0,0,0,0,0,0,intermittent,Guarded Scalar
122,1,posterior,262,1,0.0019864423579759876,0.0019864423579759876,1,0,0,1,1,0,0,0,1,intermittent,Guarded Scalar
122,2,posterior,17,0,0.0,0.0,0,0,0,0,0,0,0,0,0,intermittent,Guarded Scalar
123,1,local,263,4,0.0096115664851204,0.005274738797679234,1,0,4,4,4,0,0,0,1,intermittent,Guarded Scalar
123,2,local,19,0,0.0,0.0,0,0,0,0,0,0,0,0,0,intermittent,Guarded Scalar
123,1,posterior,263,4,0.0096115664851204,0.005274738797679234,1,0,4,4,4,0,0,0,1,intermittent,Guarded Scalar
123,2,posterior,19,0,0.0,0.0,0,0,0,0,0,0,0,0,0,intermittent,Guarded Scalar
124,1,local,260,241,2.031831181953393,0.009020015532689298,1,5,18856,242,242,0,0,0,1,intermittent,Guarded Scalar
124,2,local,17,0,0.0,0.0,0,0,0,0,0,0,0,0,0,intermittent,Guarded Scalar
124,1,posterior,260,241,2.031831181953393,0.009020015532689298,1,5,18856,242,242,0,0,0,1,intermittent,Guarded Scalar
124,2,posterior,17,0,0.0,0.0,0,0,0,0,0,0,0,0,0,intermittent,Guarded Scalar
125,1,local,255,1,0.0017397794145376686,0.0017397794145376686,1,0,0,1,1,0,0,0,1,intermittent,Guarded Scalar
125,2,local,16,0,0.0,0.0,0,0,0,0,0,0,0,0,0,intermittent,Guarded Scalar
125,1,posterior,255,1,0.0017397794145376686,0.0017397794145376686,1,0,0,1,1,0,0,0,1,intermittent,Guarded Scalar
125,2,posterior,16,0,0.0,0.0,0,0,0,0,0,0,0,0,0,intermittent,Guarded Scalar
126,1,local,258,3,0.008565533837454467,0.005777535920576101,1,0,2,3,3,0,0,0,1,intermittent,Guarded Scalar
126,2,local,14,0,0.0,0.0,0,0,0,0,0,0,0,0,0,intermittent,Guarded Scalar
126,1,posterior,258,3,0.008565533837454467,0.005777535920576101,1,0,2,3,3,0,0,0,1,intermittent,Guarded Scalar
126,2,posterior,14,0,0.0,0.0,0,0,0,0,0,0,0,0,0,intermittent,Guarded Scalar
127,1,local,261,240,1.0148210444017336,0.004486924133658497,2,5,19586,241,241,0,0,0,1,intermittent,Guarded Scalar
127,2,local,13,0,0.0,0.0,0,0,0,0,0,0,0,0,0,intermittent,Guarded Scalar
127,1,posterior,261,240,1.0148210444017336,0.004486924133658497,2,5,19586,241,241,0,0,0,1,intermittent,Guarded Scalar
127,2,posterior,13,0,0.0,0.0,0,0,0,0,0,0,0,0,0,intermittent,Guarded Scalar
128,1,local,262,239,1.7514166181884483,0.007776640834416233,1,5,19823,240,240,0,0,0,1,intermittent,Guarded Scalar
128,2,local,11,0,0.0,0.0,0,0,0,0,0,0,0,0,0,intermittent,Guarded Scalar
128,1,posterior,262,239,1.7514166181884483,0.007776640834416233,1,5,19823,240,240,0,0,0,1,intermittent,Guarded Scalar
128,2,posterior,11,0,0.0,0.0,0,0,0,0,0,0,0,0,0,intermittent,Guarded Scalar
129,1,local,264,238,1.1077080409210391,0.004925459709619695,1,5,20057,239,239,0,0,0,1,intermittent,Guarded Scalar
129,2,local,10,0,0.0,0.0,0,0,0,0,0,0,0,0,0,intermittent,Guarded Scalar
129,1,posterior,264,238,1.1077080409210391,0.004925459709619695,1,5,20057,239,239,0,0,0,1,intermittent,Guarded Scalar
129,2,posterior,10,0,0.0,0.0,0,0,0,0,0,0,0,0,0,intermittent,Guarded Scalar
130,1,local,266,236,1.7232810016804148,0.00768977845454402,0,5,20292,237,237,0,0,0,1,intermittent,Guarded Scalar
130,2,local,10,0,0.0,0.0,0,0,0,0,0,0,0,0,0,intermittent,Guarded Scalar
130,1,posterior,266,236,1.7232810016804148,0.00768977845454402,0,5,20292,237,237,0,0,0,1,intermittent,Guarded Scalar
130,2,posterior,10,0,0.0,0.0,0,0,0,0,0,0,0,0,0,intermittent,Guarded Scalar
131,1,local,267,237,1.9878925105158822,0.008857651267712542,1,5,20528,238,238,0,0,0,1,intermittent,Guarded Scalar
131,2,local,8,0,0.0,0.0,0,0,0,0,0,0,0,0,0,intermittent,Guarded Scalar
131,1,posterior,267,237,1.9878925105158822,0.008857651267712542,1,5,20528,238,238,0,0,0,1,intermittent,Guarded Scalar
131,2,posterior,8,0,0.0,0.0,0,0,0,0,0,0,0,0,0,intermittent,Guarded Scalar
132,1,local,266,238,2.074250308924361,0.009239631847740584,1,5,20765,239,239,0,0,0,1,intermittent,Guarded Scalar
132,2,local,8,0,0.0,0.0,0,0,0,0,0,0,0,0,0,intermittent,Guarded Scalar
132,1,posterior,266,238,2.074250308924361,0.009239631847740584,1,5,20765,239,239,0,0,0,1,intermittent,Guarded Scalar
132,2,posterior,8,0,0.0,0.0,0,0,0,0,0,0,0,0,0,intermittent,Guarded Scalar
133,1,local,265,238,2.0697997630587066,0.009222708221981759,1,5,21001,239,239,0,0,0,1,intermittent,Guarded Scalar
133,2,local,7,0,0.0,0.0,0,0,0,0,0,0,0,0,0,intermittent,Guarded Scalar
133,1,posterior,265,238,2.0697997630587066,0.009222708221981759,1,5,21001,239,239,0,0,0,1,intermittent,Guarded Scalar
133,2,posterior,7,0,0.0,0.0,0,0,0,0,0,0,0,0,0,intermittent,Guarded Scalar
134,1,local,266,238,2.05924041913464,0.009177384753539132,1,5,21237,239,239,0,0,0,1,intermittent,Guarded Scalar
134,2,local,7,0,0.0,0.0,0,0,0,0,0,0,0,0,0,intermittent,Guarded Scalar
134,1,posterior,266,238,2.05924041913464,0.009177384753539132,1,5,21237,239,239,0,0,0,1,intermittent,Guarded Scalar
134,2,posterior,7,0,0.0,0.0,0,0,0,0,0,0,0,0,0,intermittent,Guarded Scalar
135,1,local,265,237,1.1406102561211857,0.005086635938587806,1,5,21472,238,238,0,0,0,1,intermittent,Guarded Scalar
135,2,local,8,0,0.0,0.0,0,0,0,0,0,0,0,0,0,intermittent,Guarded Scalar
135,1,posterior,265,237,1.1406102561211857,0.005086635938587806,1,5,21472,238,238,0,0,0,1,intermittent,Guarded Scalar
135,2,posterior,8,0,0.0,0.0,0,0,0,0,0,0,0,0,0,intermittent,Guarded Scalar
136,1,local,269,238,1.750377839883337,0.007791196488062471,1,5,21709,239,239,0,0,0,1,intermittent,Guarded Scalar
136,2,local,7,0,0.0,0.0,0,0,0,0,0,0,0,0,0,intermittent,Guarded Scalar
136,1,posterior,269,238,1.750377839883337,0.007791196488062471,1,5,21709,239,239,0,0,0,1,intermittent,Guarded Scalar
136,2,posterior,7,0,0.0,0.0,0,0,0,0,0,0,0,0,0,intermittent,Guarded Scalar
137,1,local,265,238,1.1015527116419623,0.004908829019951076,1,5,21945,239,239,0,0,0,1,intermittent,Guarded Scalar
137,2,local,6,0,0.0,0.0,0,0,0,0,0,0,0,0,0,intermittent,Guarded Scalar
137,1,posterior,265,238,1.1015527116419623,0.004908829019951076,1,5,21945,239,239,0,0,0,1,intermittent,Guarded Scalar
137,2,posterior,6,0,0.0,0.0,0,0,0,0,0,0,0,0,0,intermittent,Guarded Scalar
138,1,local,265,236,1.7107123227017647,0.007645076547621502,0,5,22180,237,237,0,0,0,1,intermittent,Guarded Scalar
138,2,local,9,0,0.0,0.0,0,0,0,0,0,0,0,0,0,intermittent,Guarded Scalar
138,1,posterior,265,236,1.7107123227017647,0.007645076547621502,0,5,22180,237,237,0,0,0,1,intermittent,Guarded Scalar
138,2,posterior,9,0,0.0,0.0,0,0,0,0,0,0,0,0,0,intermittent,Guarded Scalar
139,1,local,264,238,1.1028855896196388,0.004916441871791358,1,5,22417,239,239,0,0,0,1,intermittent,Guarded Scalar
139,2,local,12,0,0.0,0.0,0,0,0,0,0,0,0,0,0,intermittent,Guarded Scalar
139,1,posterior,264,238,1.1028855896196388,0.004916441871791358,1,5,22417,239,239,0,0,0,1,intermittent,Guarded Scalar
139,2,posterior,12,0,0.0,0.0,0,0,0,0,0,0,0,0,0,intermittent,Guarded Scalar
140,1,local,263,236,1.6543821236037861,0.007396125277811129,0,5,22652,237,237,0,0,0,1,intermittent,Guarded Scalar
140,2,local,13,0,0.0,0.0,0,0,0,0,0,0,0,0,0,intermittent,Guarded Scalar
140,1,posterior,263,236,1.6543821236037861,0.007396125277811129,0,5,22652,237,237,0,0,0,1,intermittent,Guarded Scalar
140,2,posterior,13,0,0.0,0.0,0,0,0,0,0,0,0,0,0,intermittent,Guarded Scalar
141,1,local,266,237,1.9888185376181877,0.008874030928789009,1,5,22888,238,238,0,0,0,1,intermittent,Guarded Scalar
141,2,local,11,0,0.0,0.0,0,0,0,0,0,0,0,0,0,intermittent,Guarded Scalar
141,1,posterior,266,237,1.9888185376181877,0.008874030928789009,1,5,22888,238,238,0,0,0,1,intermittent,Guarded Scalar
141,2,posterior,11,0,0.0,0.0,0,0,0,0,0,0,0,0,0,intermittent,Guarded Scalar
142,1,local,262,238,1.1387993602517366,0.005080552832079459,1,5,23126,239,239,0,0,0,1,intermittent,Guarded Scalar
142,2,local,11,0,0.0,0.0,0,0,0,0,0,0,0,0,0,intermittent,Guarded Scalar
142,1,posterior,262,238,1.1387993602517366,0.005080552832079459,1,5,23126,239,239,0,0,0,1,intermittent,Guarded Scalar
142,2,posterior,11,0,0.0,0.0,0,0,0,0,0,0,0,0,0,intermittent,Guarded Scalar
143,1,local,261,237,1.0673227298388832,0.004767875137575371,1,5,23360,238,238,0,0,0,1,intermittent,Guarded Scalar
143,2,local,12,0,0.0,0.0,0,0,0,0,0,0,0,0,0,intermittent,Guarded Scalar
143,1,posterior,261,237,1.0673227298388832,0.004767875137575371,1,5,23360,238,238,0,0,0,1,intermittent,Guarded Scalar
143,2,posterior,12,0,0.0,0.0,0,0,0,0,0,0,0,0,0,intermittent,Guarded Scalar
144,1,local,263,236,1.4609059240751983,0.006539539206858782,0,5,23596,237,237,0,0,0,1,intermittent,Guarded Scalar
144,2,local,14,0,0.0,0.0,0,0,0,0,0,0,0,0,0,intermittent,Guarded Scalar
144,1,posterior,263,236,1.4609059240751983,0.006539539206858782,0,5,23596,237,237,0,0,0,1,intermittent,Guarded Scalar
144,2,posterior,14,0,0.0,0.0,0,0,0,0,0,0,0,0,0,intermittent,Guarded Scalar
145,1,local,264,237,1.8383842178613454,0.008209531472357864,1,5,23832,238,238,0,0,0,1,intermittent,Guarded Scalar
145,2,local,11,0,0.0,0.0,0,0,0,0,0,0,0,0,0,intermittent,Guarded Scalar
145,1,posterior,263,237,0.6605820914699111,0.0028702396214781833,1,5,23832,238,238,0,0,0,1,intermittent,Guarded Scalar
145,2,posterior,11,0,0.0,0.0,0,0,0,0,0,0,0,0,0,intermittent,Guarded Scalar
146,1,local,269,238,1.7394616310553879,0.007543360748387358,1,5,24069,239,239,0,0,0,1,intermittent,Guarded Scalar
146,2,local,13,0,0.0,0.0,0,0,0,0,0,0,0,0,0,intermittent,Guarded Scalar
146,1,posterior,264,238,0.643941755673034,0.0027507280235773463,1,5,24069,239,239,0,0,0,1,intermittent,Guarded Scalar
146,2,posterior,13,0,0.0,0.0,0,0,0,0,0,0,0,0,0,intermittent,Guarded Scalar
147,1,local,272,243,0.9695287989948009,0.004616610624092998,2,5,24313,244,244,0,0,0,1,intermittent,Guarded Scalar
147,2,local,12,0,0.0,0.0,0,0,0,0,0,0,0,0,0,intermittent,Guarded Scalar
147,1,posterior,272,243,0.9695287989948009,0.004616610624092998,2,5,24313,244,244,0,0,0,1,intermittent,Guarded Scalar
147,2,posterior,268,242,0.483556008845612,0.002150051802593611,2,5,24310,243,243,0,0,0,1,intermittent,Guarded Scalar
148,1,local,278,242,1.6015255433946765,0.006818101595301019,1,5,24553,243,243,0,0,0,1,intermittent,Guarded Scalar
148,2,local,269,0,0.0,0.0,0,0,0,0,0,0,0,0,0,intermittent,Guarded Scalar
148,1,posterior,272,237,0.8147188444536295,0.00348383820366029,0,5,24544,238,238,0,0,0,1,intermittent,Guarded Scalar
148,2,posterior,272,237,0.8147188444536307,0.00348383820366029,0,5,24544,238,238,0,0,0,1,intermittent,Guarded Scalar
149,1,local,277,238,1.7256280122947878,0.00735880679092662,1,5,24781,239,239,0,0,0,1,intermittent,Guarded Scalar
149,2,local,268,0,0.0,0.0,0,0,0,0,0,0,0,0,0,intermittent,Guarded Scalar
149,1,posterior,274,2,0.003793695558699209,0.0023605637246158205,1,0,5,2,2,0,0,0,1,intermittent,Guarded Scalar
149,2,posterior,274,2,0.003793695558699209,0.0023605637246158205,1,0,5,2,2,0,0,0,1,intermittent,Guarded Scalar
150,1,local,278,9,0.04394744519079821,0.009369225208864298,2,0,18,11,11,0,0,0,1,intermittent,Guarded Scalar
150,2,local,21,0,0.0,0.0,0,0,0,0,0,0,0,0,0,intermittent,Guarded Scalar
150,1,posterior,270,8,0.016431856346970017,0.003067460356881686,1,0,18,10,10,0,0,0,1,intermittent,Guarded Scalar
150,2,posterior,270,8,0.016431856346970017,0.003067460356881686,1,0,18,10,10,0,0,0,1,intermittent,Guarded Scalar
151,1,local,283,252,1.7717202228927416,0.007295530472832901,2,5,25305,255,255,0,0,0,1,intermittent,Guarded Scalar
151,2,local,16,0,0.0,0.0,0,0,0,0,0,0,0,0,0,intermittent,Guarded Scalar
151,1,posterior,282,252,0.6667395502724257,0.0027049507881541663,2,5,25305,255,255,0,0,0,1,intermittent,Guarded Scalar
151,2,posterior,282,252,0.6667395502724257,0.0027049507881541663,2,5,25305,255,255,0,0,0,1,intermittent,Guarded Scalar
152,1,local,289,254,1.652691174332847,0.006760586134047101,1,5,25558,257,257,0,0,0,1,intermittent,Guarded Scalar
152,2,local,30,0,0.0,0.0,0,0,0,0,0,0,0,0,0,intermittent,Guarded Scalar
152,1,posterior,283,254,0.6464553523638977,0.002603456450779147,1,5,25558,257,257,0,0,0,1,intermittent,Guarded Scalar
152,2,posterior,283,254,0.6464553523638977,0.002603456450779147,1,5,25558,257,257,0,0,0,1,intermittent,Guarded Scalar
153,1,local,296,256,1.7617225282283129,0.007352531227112061,1,5,25813,259,259,0,0,0,1,intermittent,Guarded Scalar
153,2,local,28,0,0.0,0.0,0,0,0,0,0,0,0,0,0,intermittent,Guarded Scalar
153,1,posterior,293,256,0.6702466364306712,0.002715546375593992,1,5,25813,259,259,0,0,0,1,intermittent,Guarded Scalar
153,2,posterior,293,256,0.6702466364306712,0.002715546375593992,1,5,25813,259,259,0,0,0,1,intermittent,Guarded Scalar
154,1,local,300,259,1.037735378482852,0.007197025121335404,2,5,26070,262,262,0,0,0,1,intermittent,Guarded Scalar
154,2,local,285,0,0.0,0.0,0,0,0,0,0,0,0,0,0,intermittent,Guarded Scalar
154,1,posterior,281,250,0.35581627591189857,0.0026865436986745228,1,5,26045,252,252,0,0,0,1,intermittent,Guarded Scalar
154,2,posterior,281,250,0.35581627591189846,0.0026865436986745228,1,5,26045,252,252,0,0,0,1,intermittent,Guarded Scalar
155,1,local,291,251,0.8339414895927401,0.01214544580320589,1,5,26295,253,253,0,0,0,1,intermittent,Guarded Scalar
155,2,local,24,0,0.0,0.0,0,0,0,0,0,0,0,0,0,intermittent,Guarded Scalar
155,1,posterior,286,251,0.4560473198514349,0.0034958805208191593,1,5,26295,253,253,0,0,0,1,intermittent,Guarded Scalar
155,2,posterior,286,251,0.4560473198514349,0.0034958805208191593,1,5,26295,253,253,0,0,0,1,intermittent,Guarded Scalar
156,1,local,293,251,1.3041556776168872,0.008729664884255042,0,5,26546,253,253,0,0,0,1,intermittent,Guarded Scalar
156,2,local,30,0,0.0,0.0,0,0,0,0,0,0,0,0,0,intermittent,Guarded Scalar
156,1,posterior,286,251,0.5721294182659236,0.00296027766370683,0,5,26546,253,253,0,0,0,1,intermittent,Guarded Scalar
156,2,posterior,286,251,0.5721294182659236,0.00296027766370683,0,5,26546,253,253,0,0,0,1,intermittent,Guarded Scalar
157,1,local,297,254,0.983901459263151,0.006267441353759532,2,5,26798,256,256,0,0,0,1,intermittent,Guarded Scalar
157,2,local,29,0,0.0,0.0,0,0,0,0,0,0,0,0,0,intermittent,Guarded Scalar
157,1,posterior,294,254,0.4992003684649865,0.002506327303231571,2,5,26798,256,256,0,0,0,1,intermittent,Guarded Scalar
157,2,posterior,294,254,0.4992003684649865,0.002506327303231571,2,5,26798,256,256,0,0,0,1,intermittent,Guarded Scalar
158,1,local,299,249,1.2756209916910386,0.005977101278261803,0,5,27041,251,251,0,0,0,1,intermittent,Guarded Scalar
158,2,local,35,0,0.0,0.0,0,0,0,0,0,0,0,0,0,intermittent,Guarded Scalar
158,1,posterior,291,249,0.5638914559968661,0.0024473731173494133,0,5,27041,251,251,0,0,0,1,intermittent,Guarded Scalar
158,2,posterior,291,249,0.5638914559968661,0.0024473731173494133,0,5,27041,251,251,0,0,0,1,intermittent,Guarded Scalar
159,1,local,294,253,1.0261130550538171,0.004959003819692802,2,5,27296,255,255,0,0,0,1,intermittent,Guarded Scalar
159,2,local,24,0,0.0,0.0,0,0,0,0,0,0,0,0,0,intermittent,Guarded Scalar
159,1,posterior,294,253,0.5092115050232762,0.002228563725346701,2,5,27296,255,255,0,0,0,1,intermittent,Guarded Scalar
159,2,posterior,294,253,0.5092115050232762,0.002228563725346701,2,5,27296,255,255,0,0,0,1,intermittent,Guarded Scalar
160,1,local,293,251,0.992313594756599,0.00452332471497097,1,5,27545,253,253,0,0,0,1,intermittent,Guarded Scalar
160,2,local,22,0,0.0,0.0,0,0,0,0,0,0,0,0,0,intermittent,Guarded Scalar
160,1,posterior,285,251,0.4989634109914406,0.002128165306275017,1,5,27545,253,253,0,0,0,1,intermittent,Guarded Scalar
160,2,posterior,285,251,0.4989634109914406,0.002128165306275017,1,5,27545,253,253,0,0,0,1,intermittent,Guarded Scalar
161,1,local,296,250,1.1449887998794237,0.005077965903580841,0,5,27795,252,252,0,0,0,1,intermittent,Guarded Scalar
161,2,local,18,0,0.0,0.0,0,0,0,0,0,0,0,0,0,intermittent,Guarded Scalar
161,1,posterior,294,250,0.5352665324168389,0.0022552105265306877,0,5,27795,252,252,0,0,0,1,intermittent,Guarded Scalar
161,2,posterior,18,0,0.0,0.0,0,0,0,0,0,0,0,0,0,intermittent,Guarded Scalar
162,1,local,299,249,1.2953573142482122,0.0058417818185131235,0,5,28037,251,251,0,0,0,1,intermittent,Guarded Scalar
162,2,local,14,0,0.0,0.0,0,0,0,0,0,0,0,0,0,intermittent,Guarded Scalar
162,1,posterior,297,249,0.5683907296795174,0.0024194138227551496,0,5,28037,251,251,0,0,0,1,intermittent,Guarded Scalar
162,2,posterior,297,249,0.5683907296795174,0.0024194138227551496,0,5,28037,251,251,0,0,0,1,intermittent,Guarded Scalar
163,1,local,294,256,0.9743575828189033,0.004018651249839237,2,5,28301,258,258,0,0,0,1,intermittent,Guarded Scalar
163,2,local,24,0,0.0,0.0,0,0,0,0,0,0,0,0,0,intermittent,Guarded Scalar
163,1,posterior,286,256,0.49888105412450345,0.0020056718788005155,2,5,28301,258,258,0,0,0,1,intermittent,Guarded Scalar
163,2,posterior,286,256,0.49888105412450345,0.0020056718788005155,2,5,28301,258,258,0,0,0,1,intermittent,Guarded Scalar
164,1,local,297,252,1.2189042416850837,0.005041056663228193,0,5,28548,254,254,0,0,0,1,intermittent,Guarded Scalar
164,2,local,14,0,0.0,0.0,0,0,0,0,0,0,0,0,0,intermittent,Guarded Scalar
164,1,posterior,295,252,0.5544092361303471,0.002246976435543685,0,5,28548,254,254,0,0,0,1,intermittent,Guarded Scalar
164,2,posterior,295,252,0.5544092361303471,0.002246976435543685,0,5,28548,254,254,0,0,0,1,intermittent,Guarded Scalar
165,1,local,301,250,1.5051830084333169,0.007966091087053704,1,5,28784,252,252,0,0,0,1,intermittent,Guarded Scalar
165,2,local,22,0,0.0,0.0,0,0,0,0,0,0,0,0,0,intermittent,Guarded Scalar
165,1,posterior,294,250,0.6140439080828966,0.002827138480062836,1,5,28784,252,252,0,0,0,1,intermittent,Guarded Scalar
165,2,posterior,294,250,0.6140439080828966,0.002827138480062836,1,5,28784,252,252,0,0,0,1,intermittent,Guarded Scalar
166,1,local,301,260,0.9765843624955589,0.00397779846507117,2,5,29069,262,262,0,0,0,1,intermittent,Guarded Scalar
166,2,local,15,0,0.0,0.0,0,0,0,0,0,0,0,0,0,intermittent,Guarded Scalar
166,1,posterior,299,260,0.5027319557919739,0.0019954307657933557,2,5,29069,262,262,0,0,0,1,intermittent,Guarded Scalar
166,2,posterior,299,260,0.5027319557919739,0.0019954307657933557,2,5,29069,262,262,0,0,0,1,intermittent,Guarded Scalar
167,1,local,299,256,0.9873529585927038,0.004016752449159307,1,5,29318,258,258,0,0,0,1,intermittent,Guarded Scalar
167,2,local,22,0,0.0,0.0,0,0,0,0,0,0,0,0,0,intermittent,Guarded Scalar
167,1,posterior,293,256,0.5020823554609987,0.002005197028504941,1,5,29318,258,258,0,0,0,1,intermittent,Guarded Scalar
167,2,posterior,293,256,0.5020823554609987,0.002005197028504941,1,5,29318,258,258,0,0,0,1,intermittent,Guarded Scalar
168,1,local,297,255,0.9749365406713525,0.00392041813456559,1,5,29571,257,257,0,0,0,1,intermittent,Guarded Scalar
168,2,local,18,0,0.0,0.0,0,0,0,0,0,0,0,0,0,intermittent,Guarded Scalar
168,1,posterior,295,255,0.4983756512034484,0.0019809579614531877,1,5,29571,257,257,0,0,0,1,intermittent,Guarded Scalar
168,2,posterior,295,255,0.4983756512034484,0.0019809579614531877,1,5,29571,257,257,0,0,0,1,intermittent,Guarded Scalar
169,1,local,297,255,1.0123346311263566,0.004040841548630984,1,5,29825,257,257,0,0,0,1,intermittent,Guarded Scalar
169,2,local,22,0,0.0,0.0,0,0,0,0,0,0,0,0,0,intermittent,Guarded Scalar
169,1,posterior,294,255,0.5080211630024942,0.002011212980790783,1,5,29825,257,257,0,0,0,1,intermittent,Guarded Scalar
169,2,posterior,294,255,0.5080211630024942,0.002011212980790783,1,5,29825,257,257,0,0,0,1,intermittent,Guarded Scalar
170,1,local,298,255,0.9881256727966015,0.00392680382548212,1,5,30079,257,257,0,0,0,1,intermittent,Guarded Scalar
170,2,local,18,0,0.0,0.0,0,0,0,0,0,0,0,0,0,intermittent,Guarded Scalar
170,1,posterior,299,255,0.5020020290630276,0.0019825737711220578,1,5,30079,257,257,0,0,0,1,intermittent,Guarded Scalar
170,2,posterior,299,255,0.5020020290630276,0.0019825737711220578,1,5,30079,257,257,0,0,0,1,intermittent,Guarded Scalar
171,1,local,297,255,0.9952574561074387,0.003946542541917048,1,5,30333,257,257,0,0,0,1,intermittent,Guarded Scalar
171,2,local,23,0,0.0,0.0,0,0,0,0,0,0,0,0,0,intermittent,Guarded Scalar
171,1,posterior,298,255,0.5038815981356105,0.001987560152354429,1,5,30333,257,257,0,0,0,1,intermittent,Guarded Scalar
171,2,posterior,298,255,0.5038815981356105,0.001987560152354429,1,5,30333,257,257,0,0,0,1,intermittent,Guarded Scalar
172,1,local,301,254,1.0966941924155977,0.004374693570494551,0,5,30587,256,256,0,0,0,1,intermittent,Guarded Scalar
172,2,local,16,0,0.0,0.0,0,0,0,0,0,0,0,0,0,intermittent,Guarded Scalar
172,1,posterior,298,254,0.5279950061327675,0.0020928266449739843,0,5,30587,256,256,0,0,0,1,intermittent,Guarded Scalar
172,2,posterior,298,254,0.5279950061327675,0.0020928266449739843,0,5,30587,256,256,0,0,0,1,intermittent,Guarded Scalar
173,1,local,304,254,1.2272897848748647,0.004908347334464259,0,5,30841,256,256,0,0,0,1,intermittent,Guarded Scalar
173,2,local,23,0,0.0,0.0,0,0,0,0,0,0,0,0,0,intermittent,Guarded Scalar
173,1,posterior,304,254,1.2272897848748647,0.004908347334464259,0,5,30841,256,256,0,0,0,1,intermittent,Guarded Scalar
173,2,posterior,299,254,0.5586516696507166,0.002217121051815021,0,5,30841,256,256,0,0,0,1,intermittent,Guarded Scalar
174,1,local,304,259,1.0976732805118765,0.004292413620917868,1,5,31101,261,261,0,0,0,1,intermittent,Guarded Scalar
174,2,local,22,0,0.0,0.0,0,0,0,0,0,0,0,0,0,intermittent,Guarded Scalar
174,1,posterior,295,256,0.5289789694999533,0.0020730076262393837,0,5,31097,258,258,0,0,0,1,intermittent,Guarded Scalar
174,2,posterior,295,256,0.5289789694999533,0.0020730076262393837,0,5,31097,258,258,0,0,0,1,intermittent,Guarded Scalar
175,1,local,298,255,0.9785816733187188,0.0038968443507804776,1,5,31349,257,257,0,0,0,1,intermittent,Guarded Scalar
175,2,local,23,0,0.0,0.0,0,0,0,0,0,0,0,0,0,intermittent,Guarded Scalar
175,1,posterior,287,252,0.4940511773667561,0.0019749816092054324,0,5,31294,253,253,0,0,0,1,intermittent,Guarded Scalar
175,2,posterior,287,252,0.4940511773667561,0.0019749816092054324,0,5,31294,253,253,0,0,0,1,intermittent,Guarded Scalar
176,1,local,294,253,0.9485257819690787,0.003807922705939238,1,5,31546,254,254,0,0,0,1,intermittent,Guarded Scalar
176,2,local,17,0,0.0,0.0,0,0,0,0,0,0,0,0,0,intermittent,Guarded Scalar
176,1,posterior,291,252,0.4883146581795127,0.001952275414800214,0,5,31546,253,253,0,0,0,1,intermittent,Guarded Scalar
176,2,posterior,291,252,0.4883146581795127,0.001952275414800214,0,5,31546,253,253,0,0,0,1,intermittent,Guarded Scalar
177,1,local,298,253,0.9687586927736409,0.0038675235456597594,1,5,31798,254,254,0,0,0,1,intermittent,Guarded Scalar
177,2,local,20,0,0.0,0.0,0,0,0,0,0,0,0,0,0,intermittent,Guarded Scalar
177,1,posterior,290,252,0.49352097863201777,0.0019675232051809713,0,5,31798,253,253,0,0,0,1,intermittent,Guarded Scalar
177,2,posterior,290,252,0.49352097863201777,0.0019675232051809713,0,5,31798,253,253,0,0,0,1,intermittent,Guarded Scalar
178,1,local,296,253,0.9810445655016561,0.003899197372280182,1,5,32050,254,254,0,0,0,1,intermittent,Guarded Scalar
178,2,local,17,0,0.0,0.0,0,0,0,0,0,0,0,0,0,intermittent,Guarded Scalar
178,1,posterior,292,253,0.4984256831668493,0.0019755789442201677,1,5,32050,254,254,0,0,0,1,intermittent,Guarded Scalar
178,2,posterior,292,253,0.4984256831668493,0.0019755789442201677,1,5,32050,254,254,0,0,0,1,intermittent,Guarded Scalar
179,1,local,273,253,0.9232241181055816,0.003659994818518421,1,5,32302,254,254,0,0,0,1,intermittent,Guarded Scalar
179,2,local,18,0,0.0,0.0,0,0,0,0,0,0,0,0,0,intermittent,Guarded Scalar
179,1,posterior,266,252,0.4817356185929944,0.0019139108723452672,0,5,32302,253,253,0,0,0,1,intermittent,Guarded Scalar
179,2,posterior,266,252,0.4817356185929944,0.0019139108723452672,0,5,32302,253,253,0,0,0,1,intermittent,Guarded Scalar
180,1,local,273,253,0.9834890012839853,0.003894340267267717,1,5,32554,254,254,0,0,0,1,intermittent,Guarded Scalar
180,2,local,15,0,0.0,0.0,0,0,0,0,0,0,0,0,0,intermittent,Guarded Scalar
180,1,posterior,268,252,0.49721821941178973,0.0019743457292059965,0,5,32554,253,253,0,0,0,1,intermittent,Guarded Scalar
180,2,posterior,268,252,0.49721821941178973,0.0019743457292059965,0,5,32554,253,253,0,0,0,1,intermittent,Guarded Scalar
181,1,local,276,253,1.0071148117152675,0.003987408372199694,1,5,32806,254,254,0,0,0,1,intermittent,Guarded Scalar
181,2,local,18,0,0.0,0.0,0,0,0,0,0,0,0,0,0,intermittent,Guarded Scalar
181,1,posterior,275,253,0.5041672943463494,0.0019978444843047186,1,5,32806,255,255,0,0,0,1,intermittent,Guarded Scalar
181,2,posterior,275,253,0.5041672943463494,0.0019978444843047186,1,5,32806,255,255,0,0,0,1,intermittent,Guarded Scalar
182,1,local,276,253,0.9904504008704247,0.003922387266657383,1,5,33058,254,254,0,0,0,1,intermittent,Guarded Scalar
182,2,local,21,0,0.0,0.0,0,0,0,0,0,0,0,0,0,intermittent,Guarded Scalar
182,1,posterior,273,253,0.5002555442554449,0.001981456361893775,1,5,33058,255,255,0,0,0,1,intermittent,Guarded Scalar
182,2,posterior,21,0,0.0,0.0,0,0,0,0,0,0,0,0,0,intermittent,Guarded Scalar
183,1,local,282,252,1.1235445538431414,0.004490967925290317,0,5,33310,253,253,0,0,0,1,intermittent,Guarded Scalar
183,2,local,19,0,0.0,0.0,0,0,0,0,0,0,0,0,0,intermittent,Guarded Scalar
183,1,posterior,277,252,0.5324323160297781,0.00212052170213946,0,5,33310,253,253,0,0,0,1,intermittent,Guarded Scalar
183,2,posterior,277,252,0.5324323160297781,0.00212052170213946,0,5,33310,253,253,0,0,0,1,intermittent,Guarded Scalar
184,1,local,285,255,0.9780948822404338,0.003852896890917806,2,5,33563,256,256,0,0,0,1,intermittent,Guarded Scalar
184,2,local,22,0,0.0,0.0,0,0,0,0,0,0,0,0,0,intermittent,Guarded Scalar
184,1,posterior,284,255,0.4994537893161695,0.001963792099716798,2,5,33563,256,256,0,0,0,1,intermittent,Guarded Scalar
184,2,posterior,284,255,0.4994537893161695,0.001963792099716798,2,5,33563,256,256,0,0,0,1,intermittent,Guarded Scalar
185,1,local,278,253,0.9669913197174953,0.003825258620002591,1,5,33814,254,254,0,0,0,1,intermittent,Guarded Scalar
185,2,local,24,0,0.0,0.0,0,0,0,0,0,0,0,0,0,intermittent,Guarded Scalar
185,1,posterior,268,253,0.49483783677320986,0.0019567226307377703,1,5,33814,254,254,0,0,0,1,intermittent,Guarded Scalar
185,2,posterior,268,253,0.49483783677320986,0.0019567226307377703,1,5,33814,254,254,0,0,0,1,intermittent,Guarded Scalar
186,1,local,274,253,0.997607529560355,0.00394666339081852,1,5,34066,254,254,0,0,0,1,intermittent,Guarded Scalar
186,2,local,18,0,0.0,0.0,0,0,0,0,0,0,0,0,0,intermittent,Guarded Scalar
186,1,posterior,269,253,0.5019257811253806,0.001987590642971473,1,5,34066,255,255,0,0,0,1,intermittent,Guarded Scalar
186,2,posterior,269,253,0.5019257811253806,0.001987590642971473,0,5,34067,255,255,0,0,0,1,intermittent,Guarded Scalar
187,1,local,273,253,0.9959448133374096,0.003940147241903484,1,5,34318,254,254,0,0,0,1,intermittent,Guarded Scalar
187,2,local,272,252,0.5747350227802229,0.0023152045382444186,0,5,34318,253,253,0,0,0,1,intermittent,Guarded Scalar
187,1,posterior,273,253,0.9959448133374096,0.003940147241903484,1,5,34318,254,254,0,0,0,1,intermittent,Guarded Scalar
187,2,posterior,268,252,0.44333161668861215,0.0017715500035229681,0,5,34318,253,253,0,0,0,1,intermittent,Guarded Scalar
188,1,local,273,253,1.0779369706166826,0.004269468498811421,1,5,34570,254,254,0,0,0,1,intermittent,Guarded Scalar
188,2,local,271,252,0.9595605144122863,0.0038364926057079794,0,5,34570,253,253,0,0,0,1,intermittent,Guarded Scalar
188,1,posterior,269,252,0.8023618540789591,0.0031875950349703514,0,5,34570,253,253,0,0,0,1,intermittent,Guarded Scalar
188,2,posterior,269,252,0.8023618540789582,0.003187595034970442,0,5,34570,253,253,0,0,0,1,intermittent,Guarded Scalar
189,1,local,276,254,1.029062601301797,0.0040707510633392115,1,5,34823,257,257,0,0,0,1,intermittent,Guarded Scalar
189,2,local,21,0,0.0,0.0,0,0,0,0,0,0,0,0,0,intermittent,Guarded Scalar
189,1,posterior,269,251,0.506606843280739,0.0020186578121126975,0,5,34794,252,252,0,0,0,1,intermittent,Guarded Scalar
189,2,posterior,269,251,0.506606843280739,0.0020186578121126975,0,5,34794,252,252,0,0,0,1,intermittent,Guarded Scalar
190,1,local,275,252,0.964801839037193,0.003831294667011226,1,5,35045,253,253,0,0,0,1,intermittent,Guarded Scalar
190,2,local,20,0,0.0,0.0,0,0,0,0,0,0,0,0,0,intermittent,Guarded Scalar
190,1,posterior,270,250,0.4895667575667153,0.001958268721587086,0,5,35016,251,251,0,0,0,1,intermittent,Guarded Scalar
190,2,posterior,270,250,0.4895667575667153,0.001958268721587086,0,5,35016,251,251,0,0,0,1,intermittent,Guarded Scalar
191,1,local,277,251,0.9856714648012997,0.003929997592006802,1,5,35266,252,252,0,0,0,1,intermittent,Guarded Scalar
191,2,local,22,0,0.0,0.0,0,0,0,0,0,0,0,0,0,intermittent,Guarded Scalar
191,1,posterior,273,250,0.4958448940226932,0.001983381420020106,0,5,35266,251,251,0,0,0,1,intermittent,Guarded Scalar
191,2,posterior,273,250,0.4958448940226932,0.001983381420020106,0,5,35266,251,251,0,0,0,1,intermittent,Guarded Scalar
192,1,local,277,251,0.9896532311534949,0.00394595941218389,1,5,35516,252,252,0,0,0,1,intermittent,Guarded Scalar
192,2,local,24,0,0.0,0.0,0,0,0,0,0,0,0,0,0,intermittent,Guarded Scalar
192,1,posterior,270,250,0.4968527678389788,0.0019874130200939794,0,5,35516,251,251,0,0,0,1,intermittent,Guarded Scalar
192,2,posterior,270,250,0.4968527678389788,0.0019874130200939794,0,5,35516,251,251,0,0,0,1,intermittent,Guarded Scalar
193,1,local,273,251,1.0129449654606897,0.004038768711677423,1,5,35766,252,252,0,0,0,1,intermittent,Guarded Scalar
193,2,local,25,0,0.0,0.0,0,0,0,0,0,0,0,0,0,intermittent,Guarded Scalar
193,1,posterior,272,250,0.5026735795832271,0.002010696016227429,0,5,35766,251,251,0,0,0,1,intermittent,Guarded Scalar
193,2,posterior,272,250,0.5026735795832271,0.002010696016227429,0,5,35766,251,251,0,0,0,1,intermittent,Guarded Scalar
194,1,local,277,250,1.1108147526839014,0.004443337439554811,0,5,36016,251,251,0,0,0,1,intermittent,Guarded Scalar
194,2,local,22,0,0.0,0.0,0,0,0,0,0,0,0,0,0,intermittent,Guarded Scalar
194,1,posterior,278,250,0.5273003857327071,0.002109220201553323,0,5,36016,251,251,0,0,0,1,intermittent,Guarded Scalar
194,2,posterior,278,250,0.5273003857327071,0.002109220201553323,0,5,36016,251,251,0,0,0,1,intermittent,Guarded Scalar
195,1,local,272,253,0.9496877465963242,0.003772337333964495,2,5,36268,255,255,0,0,0,1,intermittent,Guarded Scalar
195,2,local,24,0,0.0,0.0,0,0,0,0,0,0,0,0,0,intermittent,Guarded Scalar
195,1,posterior,269,252,0.4885530507525829,0.001943115039931156,1,5,36268,254,254,0,0,0,1,intermittent,Guarded Scalar
195,2,posterior,269,252,0.4885530507525829,0.001943115039931156,1,5,36268,254,254,0,0,0,1,intermittent,Guarded Scalar
196,1,local,271,251,0.9496575467202597,0.003786415691020098,1,5,36516,252,252,0,0,0,1,intermittent,Guarded Scalar
196,2,local,19,0,0.0,0.0,0,0,0,0,0,0,0,0,0,intermittent,Guarded Scalar
196,1,posterior,275,251,0.48843647696711007,0.001946744191121624,1,5,36516,252,252,0,0,0,1,intermittent,Guarded Scalar
196,2,posterior,275,251,0.48843647696711007,0.001946744191121624,1,5,36516,252,252,0,0,0,1,intermittent,Guarded Scalar
197,1,local,272,251,0.9961430483574202,0.0039721100612900165,1,5,36766,252,252,0,0,0,1,intermittent,Guarded Scalar
197,2,local,19,0,0.0,0.0,0,0,0,0,0,0,0,0,0,intermittent,Guarded Scalar
197,1,posterior,264,251,0.5002679771633046,0.0019940006476082176,1,5,36766,252,252,0,0,0,1,intermittent,Guarded Scalar
197,2,posterior,264,251,0.5002679771633046,0.0019940006476082176,1,5,36766,252,252,0,0,0,1,intermittent,Guarded Scalar
198,1,local,271,251,0.9785421381709779,0.003902058996711075,1,5,37016,252,252,0,0,0,1,intermittent,Guarded Scalar
198,2,local,14,0,0.0,0.0,0,0,0,0,0,0,0,0,0,intermittent,Guarded Scalar
198,1,posterior,270,251,0.4958182397345848,0.001976305151580804,1,5,37016,252,252,0,0,0,1,intermittent,Guarded Scalar
198,2,posterior,270,251,0.4958182397345848,0.001976305151580804,1,5,37016,252,252,0,0,0,1,intermittent,Guarded Scalar
199,1,local,277,250,1.1069072346516518,0.004427635572500005,0,5,37266,251,251,0,0,0,1,intermittent,Guarded Scalar
199,2,local,21,0,0.0,0.0,0,0,0,0,0,0,0,0,0,intermittent,Guarded Scalar
199,1,posterior,272,250,0.5263699564424007,0.0021054814067653057,0,5,37266,251,251,0,0,0,1,intermittent,Guarded Scalar
199,2,posterior,21,0,0.0,0.0,0,0,0,0,0,0,0,0,0,intermittent,Guarded Scalar
200,1,local,279,253,0.9418489191177873,0.0037394323440425497,2,5,37517,254,254,0,0,0,1,intermittent,Guarded Scalar
200,2,local,23,0,0.0,0.0,0,0,0,0,0,0,0,0,0,intermittent,Guarded Scalar
200,1,posterior,279,253,0.9418489191177873,0.0037394323440425497,2,5,37517,254,254,0,0,0,1,intermittent,Guarded Scalar
200,2,posterior,273,252,0.4865934447040366,0.001934606411450098,1,5,37517,253,253,0,0,0,1,intermittent,Guarded Scalar
201,1,local,286,250,1.3755801590939336,0.005502321086727619,0,5,37766,251,251,0,0,0,1,intermittent,Guarded Scalar
201,2,local,20,0,0.0,0.0,0,0,0,0,0,0,0,0,0,intermittent,Guarded Scalar
201,1,posterior,283,250,0.5869586055987,0.0023478345187819293,0,5,37766,251,251,0,0,0,1,intermittent,Guarded Scalar
201,2,posterior,283,250,0.5869586055987,0.0023478345187819293,0,5,37766,251,251,0,0,0,1,intermittent,Guarded Scalar
202,1,local,285,253,0.959378429299186,0.0038096368359379668,2,5,38017,254,254,0,0,0,1,intermittent,Guarded Scalar
202,2,local,26,0,0.0,0.0,0,0,0,0,0,0,0,0,0,intermittent,Guarded Scalar
202,1,posterior,281,253,0.4926730220896831,0.0019527155908906906,2,5,38017,254,254,0,0,0,1,intermittent,Guarded Scalar
202,2,posterior,281,253,0.4926730220896831,0.0019527155908906906,2,5,38017,254,254,0,0,0,1,intermittent,Guarded Scalar
203,1,local,280,251,1.0028506756155973,0.003998081317914314,1,5,38266,252,252,0,0,0,1,intermittent,Guarded Scalar
203,2,local,22,0,0.0,0.0,0,0,0,0,0,0,0,0,0,intermittent,Guarded Scalar
203,1,posterior,275,251,0.5019571701234455,0.002000521826722707,1,5,38266,252,252,0,0,0,1,intermittent,Guarded Scalar
203,2,posterior,22,0,0.0,0.0,0,0,0,0,0,0,0,0,0,intermittent,Guarded Scalar
204,1,local,279,251,0.9448802510220464,0.0037674451975442677,1,5,38516,252,252,0,0,0,1,intermittent,Guarded Scalar
204,2,local,22,0,0.0,0.0,0,0,0,0,0,0,0,0,0,intermittent,Guarded Scalar
204,1,posterior,276,251,0.48720192256648165,0.0019418523605914991,1,5,38516,252,252,0,0,0,1,intermittent,Guarded Scalar
204,2,posterior,276,251,0.48720192256648165,0.0019418523605914991,1,5,38516,252,252,0,0,0,1,intermittent,Guarded Scalar
205,1,local,279,251,0.9864361313335952,0.0039331686653489815,1,5,38766,252,252,0,0,0,1,intermittent,Guarded Scalar
205,2,local,27,0,0.0,0.0,0,0,0,0,0,0,0,0,0,intermittent,Guarded Scalar
205,1,posterior,274,251,0.4978198864049062,0.0019841830081306446,1,5,38766,252,252,0,0,0,1,intermittent,Guarded Scalar
205,2,posterior,274,251,0.4978198864049062,0.0019841830081306446,1,5,38766,252,252,0,0,0,1,intermittent,Guarded Scalar
206,1,local,280,251,0.9830111583944758,0.003919715715354592,1,5,39016,252,252,0,0,0,1,intermittent,Guarded Scalar
206,2,local,21,0,0.0,0.0,0,0,0,0,0,0,0,0,0,intermittent,Guarded Scalar
206,1,posterior,280,251,0.9830111583944758,0.003919715715354592,1,5,39016,252,252,0,0,0,1,intermittent,Guarded Scalar
206,2,posterior,276,251,0.4969514377821265,0.001980780144425325,1,5,39016,252,252,0,0,0,1,intermittent,Guarded Scalar
207,1,local,280,251,1.0541022276389158,0.004208043575777053,1,5,39266,252,252,0,0,0,1,intermittent,Guarded Scalar
207,2,local,28,0,0.0,0.0,0,0,0,0,0,0,0,0,0,intermittent,Guarded Scalar
207,1,posterior,273,251,0.5145694731828871,0.002052488642550207,1,5,39266,252,252,0,0,0,1,intermittent,Guarded Scalar
207,2,posterior,273,251,0.5145694731828871,0.002052488642550207,1,5,39266,252,252,0,0,0,1,intermittent,Guarded Scalar
208,1,local,281,251,1.0088788110828082,0.004023161113430938,1,5,39516,252,252,0,0,0,1,intermittent,Guarded Scalar
208,2,local,20,0,0.0,0.0,0,0,0,0,0,0,0,0,0,intermittent,Guarded Scalar
208,1,posterior,277,251,0.5034579429916473,0.0020067992554496073,1,5,39516,252,252,0,0,0,1,intermittent,Guarded Scalar
208,2,posterior,277,251,0.5034579429916473,0.0020067992554496073,1,5,39516,252,252,0,0,0,1,intermittent,Guarded Scalar
209,1,local,280,251,0.9948696688425723,0.003967095381725078,1,5,39766,252,252,0,0,0,1,intermittent,Guarded Scalar
209,2,local,26,0,0.0,0.0,0,0,0,0,0,0,0,0,0,intermittent,Guarded Scalar
209,1,posterior,273,251,0.49994489888897353,0.0019927390672739268,1,5,39766,252,252,0,0,0,1,intermittent,Guarded Scalar
209,2,posterior,273,251,0.49994489888897353,0.0019927390672739268,1,5,39766,252,252,0,0,0,1,intermittent,Guarded Scalar
210,1,local,279,251,0.9642535050122408,0.003844840078245984,1,5,40016,252,252,0,0,0,1,intermittent,Guarded Scalar
210,2,local,24,0,0.0,0.0,0,0,0,0,0,0,0,0,0,intermittent,Guarded Scalar
210,1,posterior,276,250,0.49043270997588023,0.0019617338896831815,0,5,40016,251,251,0,0,0,1,intermittent,Guarded Scalar
210,2,posterior,276,250,0.49043270997588023,0.0019617338896831815,0,5,40016,251,251,0,0,0,1,intermittent,Guarded Scalar
211,1,local,278,251,0.9837305772668467,0.003922352739216935,1,5,40266,252,252,0,0,0,1,intermittent,Guarded Scalar
211,2,local,28,0,0.0,0.0,0,0,0,0,0,0,0,0,0,intermittent,Guarded Scalar
211,1,posterior,271,250,0.49536138510683064,0.001981447623837997,0,5,40266,251,251,0,0,0,1,intermittent,Guarded Scalar
211,2,posterior,271,250,0.49536138510683064,0.001981447623837997,0,5,40266,251,251,0,0,0,1,intermittent,Guarded Scalar
212,1,local,278,251,1.0139246175614858,0.004043026931464558,1,5,40516,252,252,0,0,0,1,intermittent,Guarded Scalar
212,2,local,21,0,0.0,0.0,0,0,0,0,0,0,0,0,0,intermittent,Guarded Scalar
212,1,posterior,274,251,0.5047199055300224,0.0020117578718432216,1,5,40516,252,252,0,0,0,1,intermittent,Guarded Scalar
212,2,posterior,274,251,0.5047199055300224,0.0020117578718432216,1,5,40516,252,252,0,0,0,1,intermittent,Guarded Scalar
213,1,local,280,250,1.1259901035240034,0.004503968497726825,0,5,40766,251,251,0,0,0,1,intermittent,Guarded Scalar
213,2,local,26,0,0.0,0.0,0,0,0,0,0,0,0,0,0,intermittent,Guarded Scalar
213,1,posterior,275,250,0.5308985421614099,0.002123596078896655,0,5,40766,251,251,0,0,0,1,intermittent,Guarded Scalar
213,2,posterior,275,250,0.5308985421614099,0.002123596078896655,0,5,40766,251,251,0,0,0,1,intermittent,Guarded Scalar
214,1,local,281,253,1.0212664172240642,0.004055639030457191,2,5,41017,254,254,0,0,0,1,intermittent,Guarded Scalar
214,2,local,24,0,0.0,0.0,0,0,0,0,0,0,0,0,0,intermittent,Guarded Scalar
214,1,posterior,275,250,0.5037248973128058,0.0020148996517526142,0,5,41016,251,251,0,0,0,1,intermittent,Guarded Scalar
214,2,posterior,275,250,0.5037248973128058,0.0020148996517526142,0,5,41016,251,251,0,0,0,1,intermittent,Guarded Scalar
215,1,local,280,251,1.006908764978295,0.004014733607423821,1,5,41266,252,252,0,0,0,1,intermittent,Guarded Scalar
215,2,local,26,0,0.0,0.0,0,0,0,0,0,0,0,0,0,intermittent,Guarded Scalar
215,1,posterior,272,247,0.49515893216344814,0.0020046920363290905,0,5,41099,248,248,0,0,0,1,intermittent,Guarded Scalar
215,2,posterior,272,247,0.49515893216344814,0.0020046920363290905,0,5,41099,248,248,0,0,0,1,intermittent,Guarded Scalar
216,1,local,270,248,0.9879124446761084,0.003986769526616224,1,5,41346,249,249,0,0,0,1,intermittent,Guarded Scalar
216,2,local,26,0,0.0,0.0,0,0,0,0,0,0,0,0,0,intermittent,Guarded Scalar
216,1,posterior,270,247,0.49342797599426896,0.001997684115175451,0,5,41346,248,248,0,0,0,1,intermittent,Guarded Scalar
216,2,posterior,270,247,0.49342797599426896,0.001997684115175451,0,5,41346,248,248,0,0,0,1,intermittent,Guarded Scalar
217,1,local,271,248,1.0007296126367462,0.004038700221645856,1,5,41593,249,249,0,0,0,1,intermittent,Guarded Scalar
217,2,local,24,0,0.0,0.0,0,0,0,0,0,0,0,0,0,intermittent,Guarded Scalar
217,1,posterior,271,247,0.4966376961612672,0.002010678932600293,0,5,41593,248,248,0,0,0,1,intermittent,Guarded Scalar
217,2,posterior,24,0,0.0,0.0,0,0,0,0,0,0,0,0,0,intermittent,Guarded Scalar
218,1,local,271,248,0.9748415197784829,0.003934282346997796,1,5,41840,249,249,0,0,0,1,intermittent,Guarded Scalar
218,2,local,24,0,0.0,0.0,0,0,0,0,0,0,0,0,0,intermittent,Guarded Scalar
218,1,posterior,273,247,0.4901627191081829,0.001984464449977013,0,5,41840,248,248,0,0,0,1,intermittent,Guarded Scalar
218,2,posterior,273,247,0.4901627191081829,0.001984464449977013,0,5,41840,248,248,0,0,0,1,intermittent,Guarded Scalar
219,1,local,271,248,0.9765207152795518,0.0039409573501856315,1,5,42087,249,249,0,0,0,1,intermittent,Guarded Scalar
219,2,local,24,0,0.0,0.0,0,0,0,0,0,0,0,0,0,intermittent,Guarded Scalar
219,1,posterior,271,248,0.4923415698064378,0.001986150482496447,1,5,42087,249,249,0,0,0,1,intermittent,Guarded Scalar
219,2,posterior,271,248,0.4923415698064378,0.001986150482496447,1,5,42087,249,249,0,0,0,1,intermittent,Guarded Scalar
220,1,local,270,248,1.0049905146394496,0.004056013235831294,1,5,42334,249,249,0,0,0,1,intermittent,Guarded Scalar
220,2,local,25,0,0.0,0.0,0,0,0,0,0,0,0,0,0,intermittent,Guarded Scalar
220,1,posterior,270,248,0.49948005797003386,0.002014992795390614,1,5,42334,249,249,0,0,0,1,intermittent,Guarded Scalar
220,2,posterior,270,248,0.49948005797003386,0.002014992795390614,1,5,42334,249,249,0,0,0,1,intermittent,Guarded Scalar
221,1,local,273,248,1.0027515099875386,0.004047100525535218,1,5,42581,249,249,0,0,0,1,intermittent,Guarded Scalar
221,2,local,25,0,0.0,0.0,0,0,0,0,0,0,0,0,0,intermittent,Guarded Scalar
221,1,posterior,272,248,0.49892118693317256,0.002012773169103897,1,5,42581,249,249,0,0,0,1,intermittent,Guarded Scalar
221,2,posterior,272,248,0.49892118693317256,0.002012773169103897,1,5,42581,249,249,0,0,0,1,intermittent,Guarded Scalar
222,1,local,268,248,0.989951746635319,0.003995382423742867,1,5,42828,249,249,0,0,0,1,intermittent,Guarded Scalar
222,2,local,24,0,0.0,0.0,0,0,0,0,0,0,0,0,0,intermittent,Guarded Scalar
222,1,posterior,268,248,0.989951746635319,0.003995382423742867,1,5,42828,249,249,0,0,0,1,intermittent,Guarded Scalar
222,2,posterior,268,247,0.49396174842291063,0.0019998451357347664,0,5,42828,248,248,0,0,0,1,intermittent,Guarded Scalar
223,1,local,268,248,1.0635781788078473,0.004297459313977452,1,5,43075,249,249,0,0,0,1,intermittent,Guarded Scalar
223,2,local,23,0,0.0,0.0,0,0,0,0,0,0,0,0,0,intermittent,Guarded Scalar
223,1,posterior,269,248,0.5137856723867189,0.0020742283873044207,1,5,43075,249,249,0,0,0,1,intermittent,Guarded Scalar
223,2,posterior,269,248,0.5137856723867189,0.0020742283873044207,1,5,43075,249,249,0,0,0,1,intermittent,Guarded Scalar
224,1,local,268,248,0.950323327717271,0.0038353846536623745,1,5,43322,249,249,0,0,0,1,intermittent,Guarded Scalar
224,2,local,23,0,0.0,0.0,0,0,0,0,0,0,0,0,0,intermittent,Guarded Scalar
224,1,posterior,268,248,0.950323327717271,0.0038353846536623745,1,5,43322,249,249,0,0,0,1,intermittent,Guarded Scalar
224,2,posterior,271,248,0.4856786532369075,0.001959315655955975,1,5,43322,249,249,0,0,0,1,intermittent,Guarded Scalar
225,1,local,269,248,1.0560251875761342,0.004266692380175989,1,5,43569,249,249,0,0,0,1,intermittent,Guarded Scalar
225,2,local,24,0,0.0,0.0,0,0,0,0,0,0,0,0,0,intermittent,Guarded Scalar
225,1,posterior,272,248,0.5119602459319674,0.002066773514669763,1,5,43569,249,249,0,0,0,1,intermittent,Guarded Scalar
225,2,posterior,272,248,0.5119602459319674,0.002066773514669763,1,5,43569,249,249,0,0,0,1,intermittent,Guarded Scalar
226,1,local,271,248,0.9822281909795212,0.0039642627297911915,1,5,43816,249,249,0,0,0,1,intermittent,Guarded Scalar
226,2,local,24,0,0.0,0.0,0,0,0,0,0,0,0,0,0,intermittent,Guarded Scalar
226,1,posterior,272,248,0.493778874004916,0.0019920260862756104,1,5,43816,249,249,0,0,0,1,intermittent,Guarded Scalar
226,2,posterior,272,248,0.493778874004916,0.0019920260862756104,1,5,43816,249,249,0,0,0,1,intermittent,Guarded Scalar
227,1,local,271,248,1.0103732647387507,0.004077713367288543,1,5,44063,249,249,0,0,0,1,intermittent,Guarded Scalar
227,2,local,23,0,0.0,0.0,0,0,0,0,0,0,0,0,0,intermittent,Guarded Scalar
227,1,posterior,271,248,1.0103732647387507,0.004077713367288543,1,5,44063,249,249,0,0,0,1,intermittent,Guarded Scalar
227,2,posterior,274,248,0.5008188277706073,0.0020203869157617888,1,5,44063,249,249,0,0,0,1,intermittent,Guarded Scalar
228,1,local,272,248,1.0663689946837291,0.004308844228331727,1,5,44310,249,249,0,0,0,1,intermittent,Guarded Scalar
228,2,local,26,0,0.0,0.0,0,0,0,0,0,0,0,0,0,intermittent,Guarded Scalar
228,1,posterior,275,248,0.514458036149448,0.0020769802602031056,1,5,44310,249,249,0,0,0,1,intermittent,Guarded Scalar
228,2,posterior,275,248,0.514458036149448,0.0020769802602031056,1,5,44310,249,249,0,0,0,1,intermittent,Guarded Scalar
229,1,local,273,248,0.9937162067243682,0.004010744792265056,1,5,44557,249,249,0,0,0,1,intermittent,Guarded Scalar
229,2,local,19,0,0.0,0.0,0,0,0,0,0,0,0,0,0,intermittent,Guarded Scalar
229,1,posterior,268,248,0.496662814379457,0.0020036939054861756,1,5,44557,249,249,0,0,0,1,intermittent,Guarded Scalar
229,2,posterior,268,248,0.496662814379457,0.0020036939054861756,1,5,44557,249,249,0,0,0,1,intermittent,Guarded Scalar
230,1,local,273,248,0.9980785973195834,0.004028119807888339,1,5,44804,249,249,0,0,0,1,intermittent,Guarded Scalar
230,2,local,20,0,0.0,0.0,0,0,0,0,0,0,0,0,0,intermittent,Guarded Scalar
230,1,posterior,270,248,0.4977559681384308,0.0020080381077345506,1,5,44804,249,249,0,0,0,1,intermittent,Guarded Scalar
230,2,posterior,270,248,0.4977559681384308,0.0020080381077345506,1,5,44804,249,249,0,0,0,1,intermittent,Guarded Scalar
231,1,local,275,248,0.962328957110596,0.0038837547031926275,1,5,45051,249,249,0,0,0,1,intermittent,Guarded Scalar
231,2,local,17,0,0.0,0.0,0,0,0,0,0,0,0,0,0,intermittent,Guarded Scalar
231,1,posterior,270,248,0.4887433743295226,0.0019716554165787156,1,5,45051,249,249,0,0,0,1,intermittent,Guarded Scalar
231,2,posterior,270,248,0.4887433743295226,0.0019716554165787156,1,5,45051,249,249,0,0,0,1,intermittent,Guarded Scalar
232,1,local,274,248,0.987528761144555,0.00398540449559432,1,5,45298,249,249,0,0,0,1,intermittent,Guarded Scalar
232,2,local,17,0,0.0,0.0,0,0,0,0,0,0,0,0,0,intermittent,Guarded Scalar
232,1,posterior,271,248,0.49511412297769053,0.0019973414093114902,1,5,45298,249,249,0,0,0,1,intermittent,Guarded Scalar
232,2,posterior,271,248,0.49511412297769053,0.0019973414093114902,1,5,45298,249,249,0,0,0,1,intermittent,Guarded Scalar
233,1,local,276,248,1.0115087445231212,0.004082399407217645,1,5,45545,249,249,0,0,0,1,intermittent,Guarded Scalar
233,2,local,20,0,0.0,0.0,0,0,0,0,0,0,0,0,0,intermittent,Guarded Scalar
233,1,posterior,271,248,0.5010998962348564,0.0020215498800241326,1,5,45545,249,249,0,0,0,1,intermittent,Guarded Scalar
233,2,posterior,271,248,0.5010998962348564,0.0020215498800241326,1,5,45545,249,249,0,0,0,1,intermittent,Guarded Scalar
234,1,local,276,248,0.9673072149359413,0.003903943717570058,1,5,45792,249,249,0,0,0,1,intermittent,Guarded Scalar
234,2,local,22,0,0.0,0.0,0,0,0,0,0,0,0,0,0,intermittent,Guarded Scalar
234,1,posterior,273,248,0.4900075399069611,0.0019767833014030984,1,5,45792,249,249,0,0,0,1,intermittent,Guarded Scalar
234,2,posterior,273,248,0.4900075399069611,0.0019767833014030984,1,5,45792,249,249,0,0,0,1,intermittent,Guarded Scalar
235,1,local,278,248,0.9953069225789174,0.004016859248918771,1,5,46039,249,249,0,0,0,1,intermittent,Guarded Scalar
235,2,local,19,0,0.0,0.0,0,0,0,0,0,0,0,0,0,intermittent,Guarded Scalar
235,1,posterior,274,248,0.4970635570762852,0.0020052237398432825,1,5,46039,249,249,0,0,0,1,intermittent,Guarded Scalar
235,2,posterior,274,248,0.4970635570762852,0.0020052237398432825,1,5,46039,249,249,0,0,0,1,intermittent,Guarded Scalar
236,1,local,279,248,1.0140386331126034,0.004092659081103121,1,5,46286,249,249,0,0,0,1,intermittent,Guarded Scalar
236,2,local,22,0,0.0,0.0,0,0,0,0,0,0,0,0,0,intermittent,Guarded Scalar
236,1,posterior,277,248,0.5017270405745032,0.0020240937794014156,1,5,46286,249,249,0,0,0,1,intermittent,Guarded Scalar
236,2,posterior,277,248,0.5017270405745032,0.0020240937794014156,1,5,46286,249,249,0,0,0,1,intermittent,Guarded Scalar
237,1,local,280,248,0.9589394987608406,0.0038701500223261203,1,5,46533,249,249,0,0,0,1,intermittent,Guarded Scalar
237,2,local,28,0,0.0,0.0,0,0,0,0,0,0,0,0,0,intermittent,Guarded Scalar
237,1,posterior,278,248,0.4878796448837356,0.0019681924497803698,1,5,46533,249,249,0,0,0,1,intermittent,Guarded Scalar
237,2,posterior,278,248,0.4878796448837356,0.0019681924497803698,1,5,46533,249,249,0,0,0,1,intermittent,Guarded Scalar
238,1,local,281,248,1.0130703029545094,0.004088575048307552,1,5,46780,249,249,0,0,0,1,intermittent,Guarded Scalar
238,2,local,29,0,0.0,0.0,0,0,0,0,0,0,0,0,0,intermittent,Guarded Scalar
238,1,posterior,275,248,0.5014883803044907,0.0020230815174830524,1,5,46780,249,249,0,0,0,1,intermittent,Guarded Scalar
238,2,posterior,275,248,0.5014883803044907,0.0020230815174830524,1,5,46780,249,249,0,0,0,1,intermittent,Guarded Scalar
239,1,local,272,248,1.00275696056141,0.004047165489899275,1,5,47027,249,249,0,0,0,1,intermittent,Guarded Scalar
239,2,local,28,0,0.0,0.0,0,0,0,0,0,0,0,0,0,intermittent,Guarded Scalar
239,1,posterior,275,248,0.4989221773134279,0.0020127893566303603,1,5,47027,249,249,0,0,0,1,intermittent,Guarded Scalar
239,2,posterior,275,248,0.4989221773134279,0.0020127893566303603,1,5,47027,249,249,0,0,0,1,intermittent,Guarded Scalar
240,1,local,268,248,1.0193597912767591,0.004114189564738474,1,5,47274,249,249,0,0,0,1,intermittent,Guarded Scalar
240,2,local,17,0,0.0,0.0,0,0,0,0,0,0,0,0,0,intermittent,Guarded Scalar
240,1,posterior,263,248,0.5030440008778629,0.0020294220299394545,1,5,47274,249,249,0,0,0,1,intermittent,Guarded Scalar
240,2,posterior,263,248,0.5030440008778629,0.0020294220299394545,1,5,47274,249,249,0,0,0,1,intermittent,Guarded Scalar
1,1,local,0,0,0.0,0.0,0,0,0,0,0,0,0,0,0,intermittent,No-age
1,2,local,0,0,0.0,0.0,0,0,0,0,0,0,0,0,0,intermittent,No-age
1,1,posterior,0,0,0.0,0.0,0,0,0,0,0,0,0,0,0,intermittent,No-age
1,2,posterior,0,0,0.0,0.0,0,0,0,0,0,0,0,0,0,intermittent,No-age
2,1,local,9,1,0.09606124790532805,0.09606124790532805,1,1,0,1,1,0,0,0,1,intermittent,No-age
2,2,local,1,0,0.0,0.0,0,0,0,0,0,0,0,0,0,intermittent,No-age
2,1,posterior,9,1,0.010208584972325912,0.010208584972325912,1,1,0,1,1,0,0,0,1,intermittent,No-age
2,2,posterior,9,1,0.010208584972325912,0.010208584972325912,1,1,0,1,1,0,0,0,1,intermittent,No-age
3,1,local,19,1,0.0750137650077969,0.0750137650077969,1,1,0,1,1,0,0,0,1,intermittent,No-age
3,2,local,7,1,0.0010199270145905353,0.0010199270145905353,0,1,1,1,1,0,0,0,1,intermittent,No-age
3,1,posterior,19,1,0.008929449267710481,0.008929449267710481,1,1,0,1,1,0,0,0,1,intermittent,No-age
3,2,posterior,19,1,0.008929449267710481,0.008929449267710481,1,1,0,1,1,0,0,0,1,intermittent,No-age
4,1,local,26,2,0.2638512000178818,0.1730254846326495,1,1,1,2,2,0,0,0,1,intermittent,No-age
4,2,local,15,0,0.0,0.0,0,0,0,0,0,0,0,0,0,intermittent,No-age
4,1,posterior,26,2,0.024166420891000438,0.014265473729460632,1,1,1,2,2,0,0,0,1,intermittent,No-age
4,2,posterior,26,2,0.024166420891000438,0.014265473729460632,1,1,1,2,2,0,0,0,1,intermittent,No-age
5,1,local,32,4,0.376868183760831,0.18582918596037745,1,2,5,4,4,0,0,0,1,intermittent,No-age
5,2,local,22,1,0.0014304638632100576,0.0014304638632100576,0,1,2,1,1,0,0,0,1,intermittent,No-age
5,1,posterior,31,3,0.03533647441204868,0.015426921213259812,1,1,3,3,3,0,0,0,1,intermittent,No-age
5,2,posterior,31,3,0.0353364744120489,0.015426921213260029,1,1,3,3,3,0,0,0,1,intermittent,No-age
6,1,local,38,5,0.4622626591328398,0.1658000479757587,1,2,9,5,5,0,0,0,1,intermittent,No-age
6,2,local,26,2,0.0027717052544306738,0.0015485506274682478,0,1,5,2,2,0,0,0,1,intermittent,No-age
6,1,posterior,37,5,0.045805295412451014,0.014757660023223767,1,2,9,5,5,0,0,0,1,intermittent,No-age
6,2,posterior,37,5,0.0458052954124509,0.014757660023223661,1,2,9,5,5,0,0,0,1,intermittent,No-age
7,1,local,44,6,0.5711618544004982,0.16463688815296174,1,2,14,6,6,0,0,0,1,intermittent,No-age
7,2,local,24,2,0.002748190543718745,0.001480475222150301,0,1,7,2,2,0,0,0,1,intermittent,No-age
7,1,posterior,44,6,0.05784016240178613,0.014388657662010652,1,2,14,6,6,0,0,0,1,intermittent,No-age
7,2,posterior,44,6,0.05784016240178602,0.01438865766201055,1,2,14,6,6,0,0,0,1,intermittent,No-age
8,1,local,51,9,0.7942289710118529,0.14569414385095517,1,2,25,9,9,0,0,0,1,intermittent,No-age
8,2,local,24,3,0.003808480233737795,0.0014429764913599648,0,1,12,3,3,0,0,0,1,intermittent,No-age
8,1,posterior,50,9,0.0852704249986433,0.01355581273438733,1,2,25,9,9,0,0,0,1,intermittent,No-age
8,2,posterior,24,3,0.003808480233737795,0.0014429764913599648,0,1,12,3,3,0,0,0,1,intermittent,No-age
9,1,local,57,14,0.9858025211948618,0.1149088736551369,1,4,54,14,14,0,0,0,1,intermittent,No-age
9,2,local,21,0,0.0,0.0,0,0,0,0,0,0,0,0,0,intermittent,No-age
9,1,posterior,55,14,0.11949853596962733,0.011271381545569257,1,4,54,14,14,0,0,0,1,intermittent,No-age
9,2,posterior,21,0,0.0,0.0,0,0,0,0,0,0,0,0,0,intermittent,No-age
10,1,local,63,20,1.3917926547805446,0.11660017641453298,1,6,96,21,21,0,0,0,1,intermittent,No-age
10,2,local,20,0,0.0,0.0,0,0,0,0,0,0,0,0,0,intermittent,No-age
10,1,posterior,60,20,0.16956885673904962,0.011363829295967619,1,6,96,21,21,0,0,0,1,intermittent,No-age
10,2,posterior,60,20,0.16956885673904962,0.011363829295967619,1,6,96,21,21,0,0,0,1,intermittent,No-age
11,1,local,67,23,1.199365634367601,0.08735187971614886,1,6,123,24,24,0,0,0,1,intermittent,No-age
11,2,local,30,3,0.00317460368127765,0.001136526627779061,0,1,21,3,3,0,0,0,1,intermittent,No-age
11,1,posterior,67,23,0.1662450388360467,0.009941996201504674,1,6,123,24,24,0,0,0,1,intermittent,No-age
11,2,posterior,67,23,0.1662450388360467,0.009941996201504674,1,6,123,24,24,0,0,0,1,intermittent,No-age
12,1,local,69,25,1.4837512066450211,0.092568485852534,1,6,151,26,26,0,0,0,1,intermittent,No-age
12,2,local,32,0,0.0,0.0,0,0,0,0,0,0,0,0,0,intermittent,No-age
12,1,posterior,63,25,0.19408085595914806,0.010004037942621762,1,6,151,26,26,0,0,0,1,intermittent,No-age
12,2,posterior,63,25,0.19408085595914806,0.010004037942621762,1,6,151,26,26,0,0,0,1,intermittent,No-age
13,1,local,65,28,1.5166058570713017,0.08427076392072709,1,5,178,29,29,0,0,0,1,intermittent,No-age
13,2,local,24,0,0.0,0.0,0,0,0,0,0,0,0,0,0,intermittent,No-age
13,1,posterior,65,28,0.20643302075962236,0.009506568485088138,1,5,178,29,29,0,0,0,1,intermittent,No-age
13,2,posterior,65,28,0.20643302075962236,0.009506568485088138,1,5,178,29,29,0,0,0,1,intermittent,No-age
14,1,local,64,31,1.6078493095247541,0.07866573775242235,1,5,213,32,32,0,0,0,1,intermittent,No-age
14,2,local,22,0,0.0,0.0,0,0,0,0,0,0,0,0,0,intermittent,No-age
14,1,posterior,62,31,0.2235944264852306,0.009160198786860757,1,5,213,32,32,0,0,0,1,intermittent,No-age
14,2,posterior,62,31,0.2235944264852306,0.009160198786860757,1,5,213,32,32,0,0,0,1,intermittent,No-age
15,1,local,61,28,1.2682600143524272,0.06759922209669092,1,5,209,29,29,0,0,0,1,intermittent,No-age
15,2,local,17,1,0.007658106514787624,0.007658106514787624,0,1,12,1,1,0,0,0,1,intermittent,No-age
15,1,posterior,59,28,0.1995181444592143,0.018680733897664913,1,5,209,29,29,0,0,0,1,intermittent,No-age
15,2,posterior,59,28,0.1995181444592141,0.018680733897664652,1,5,209,29,29,0,0,0,1,intermittent,No-age
16,1,local,64,27,1.133149973943922,0.10481346656680185,1,4,205,28,28,0,0,0,1,intermittent,No-age
16,2,local,13,1,0.018493926558688006,0.018493926558688006,0,1,13,1,1,0,0,0,1,intermittent,No-age
16,1,posterior,63,27,0.20416649614674642,0.041448911157993304,1,4,205,28,28,0,0,0,1,intermittent,No-age
16,2,posterior,63,27,0.20416649614674642,0.041448911157993304,1,4,205,28,28,0,0,0,1,intermittent,No-age
17,1,local,70,26,1.1351098758524651,0.2003899284031627,1,4,222,27,27,0,0,0,1,intermittent,No-age
17,2,local,13,1,0.04103442204641337,0.04103442204641337,0,1,14,1,1,0,0,0,1,intermittent,No-age
17,1,posterior,68,26,0.23858056202621433,0.08630155666674279,1,4,222,27,27,0,0,0,1,intermittent,No-age
17,2,posterior,68,26,0.23858056202621547,0.08630155666674391,1,4,222,27,27,0,0,0,1,intermittent,No-age
18,1,local,76,26,1.1191237851838778,0.3562284003734688,1,4,241,27,27,0,0,0,1,intermittent,No-age
18,2,local,11,1,0.08543854110007647,0.08543854110007647,0,1,15,1,1,0,0,0,1,intermittent,No-age
18,1,posterior,76,26,1.1191237851838778,0.3562284003734688,1,4,241,27,27,0,0,0,1,intermittent,No-age
18,2,posterior,11,1,0.08543854110007647,0.08543854110007647,0,1,15,1,1,0,0,0,1,intermittent,No-age
19,1,local,81,11,0.8064229014813427,0.46692136682868335,1,2,118,12,12,0,0,0,1,intermittent,No-age
19,2,local,11,1,0.08458415568907571,0.08458415568907571,0,1,16,1,1,0,0,0,1,intermittent,No-age
19,1,posterior,78,11,0.23615707613870093,0.17949076203542685,1,2,118,12,12,0,0,0,1,intermittent,No-age
19,2,posterior,78,11,0.23615707613870093,0.17949076203542685,1,2,118,12,12,0,0,0,1,intermittent,No-age
20,1,local,84,11,0.8419509835870045,0.5952327612907583,1,2,127,12,12,0,0,0,1,intermittent,No-age
20,2,local,17,1,0.17769585441507257,0.17769585441507257,0,1,17,1,1,0,0,0,1,intermittent,No-age
20,1,posterior,84,11,0.38762777644018936,0.3390259998324148,1,2,127,12,12,0,0,0,1,intermittent,No-age
20,2,posterior,84,11,0.38762777644018936,0.3390259998324148,1,2,127,12,12,0,0,0,1,intermittent,No-age
21,1,local,89,4,0.8339110988959682,0.7848878341641761,1,1,51,4,4,0,0,0,1,intermittent,No-age
21,2,local,16,1,0.3356357398340907,0.3356357398340907,0,1,18,1,1,0,0,0,1,intermittent,No-age
21,1,posterior,89,4,0.5672013976666668,0.555212397262993,1,1,51,4,4,0,0,0,1,intermittent,No-age
21,2,posterior,89,4,0.5672013976666668,0.555212397262993,1,1,51,4,4,0,0,0,1,intermittent,No-age
22,1,local,94,1,0.9306190698092129,0.9306190698092129,0,1,19,1,1,0,0,0,1,intermittent,No-age
22,2,local,15,1,0.549660273290363,0.549660273290363,0,1,19,1,1,0,0,0,1,intermittent,No-age
22,1,posterior,93,1,0.7877804851648975,0.7877804851648975,0,1,19,1,1,0,0,0,1,intermittent,No-age
22,2,posterior,93,1,0.7877804851648988,0.7877804851648988,0,1,19,1,1,0,0,0,1,intermittent,No-age
23,1,local,87,1,0.9814410348479486,0.9814410348479486,0,1,20,1,1,0,0,0,1,intermittent,No-age
23,2,local,13,1,0.7799026803132498,0.7799026803132498,0,1,20,1,1,0,0,0,1,intermittent,No-age
23,1,posterior,86,1,0.9262740766721365,0.9262740766721365,0,1,20,1,1,0,0,0,1,intermittent,No-age
23,2,posterior,86,1,0.9262740766721359,0.9262740766721359,0,1,20,1,1,0,0,0,1,intermittent,No-age
24,1,local,80,1,0.9962299497401202,0.9962299497401202,0,1,21,1,1,0,0,0,1,intermittent,No-age
24,2,local,14,1,0.9170113359054145,0.9170113359054145,0,1,21,1,1,0,0,0,1,intermittent,No-age
24,1,posterior,78,1,0.9802245512281033,0.9802245512281033,0,1,21,1,1,0,0,0,1,intermittent,No-age
24,2,posterior,78,1,0.9802245512281033,0.9802245512281033,0,1,21,1,1,0,0,0,1,intermittent,No-age
25,1,local,80,1,0.9987968154373547,0.9987968154373547,0,1,22,1,1,0,0,0,1,intermittent,No-age
25,2,local,14,1,0.9704223057158222,0.9704223057158222,0,1,22,1,1,0,0,0,1,intermittent,No-age
25,1,posterior,79,1,0.9934672094628438,0.9934672094628438,0,1,22,1,1,0,0,0,1,intermittent,No-age
25,2,posterior,79,1,0.9934672094628438,0.9934672094628438,0,1,22,1,1,0,0,0,1,intermittent,No-age
26,1,local,79,1,0.9995232439786165,0.9995232439786165,0,1,23,1,1,0,0,0,1,intermittent,No-age
26,2,local,15,1,0.9835325373682154,0.9835325373682154,0,1,23,1,1,0,0,0,1,intermittent,No-age
26,1,posterior,76,1,0.9969472651682707,0.9969472651682707,0,1,23,1,1,0,0,0,1,intermittent,No-age
26,2,posterior,76,1,0.9969472651682707,0.9969472651682707,0,1,23,1,1,0,0,0,1,intermittent,No-age
27,1,local,81,1,0.9996416297858315,0.9996416297858315,0,1,24,1,1,0,0,0,1,intermittent,No-age
27,2,local,11,1,0.986977792516588,0.986977792516588,0,1,24,1,1,0,0,0,1,intermittent,No-age
27,1,posterior,79,1,0.9976533536534062,0.9976533536534062,0,1,24,1,1,0,0,0,1,intermittent,No-age
27,2,posterior,79,1,0.9976533536534062,0.9976533536534062,0,1,24,1,1,0,0,0,1,intermittent,No-age
28,1,local,82,1,0.9994609048372877,0.9994609048372877,0,1,25,1,1,0,0,0,1,intermittent,No-age
28,2,local,11,1,0.9876768201168722,0.9876768201168722,0,1,25,1,1,0,0,0,1,intermittent,No-age
28,1,posterior,82,1,0.9972100459167685,0.9972100459167685,0,1,25,1,1,0,0,0,1,intermittent,No-age
28,2,posterior,82,1,0.9972100459167685,0.9972100459167685,0,1,25,1,1,0,0,0,1,intermittent,No-age
29,1,local,83,1,0.9995835846195906,0.9995835846195906,0,1,26,1,1,0,0,0,1,intermittent,No-age
29,2,local,11,1,0.9872379454576008,0.9872379454576008,0,1,26,1,1,0,0,0,1,intermittent,No-age
29,1,posterior,82,1,0.9975023982173155,0.9975023982173155,0,1,26,1,1,0,0,0,1,intermittent,No-age
29,2,posterior,82,1,0.9975023982173155,0.9975023982173155,0,1,26,1,1,0,0,0,1,intermittent,No-age
30,1,local,86,1,0.9996109833997567,0.9996109833997567,0,1,27,1,1,0,0,0,1,intermittent,No-age
30,2,local,10,1,0.9875273742351423,0.9875273742351423,0,1,27,1,1,0,0,0,1,intermittent,No-age
30,1,posterior,86,1,0.9976128517740999,0.9976128517740999,0,1,27,1,1,0,0,0,1,intermittent,No-age
30,2,posterior,86,1,0.9976128517740999,0.9976128517740999,0,1,27,1,1,0,0,0,1,intermittent,No-age
31,1,local,90,1,0.9995890175233483,0.9995890175233483,0,1,28,1,1,0,0,0,1,intermittent,No-age
31,2,local,12,1,0.9876367232563589,0.9876367232563589,0,1,28,1,1,0,0,0,1,intermittent,No-age
31,1,posterior,88,1,0.9975587569022504,0.9975587569022504,0,1,28,1,1,0,0,0,1,intermittent,No-age
31,2,posterior,12,1,0.9876367232563589,0.9876367232563589,0,1,28,1,1,0,0,0,1,intermittent,No-age
32,1,local,94,1,0.9994877305631843,0.9994877305631843,0,1,29,1,1,0,0,0,1,intermittent,No-age
32,2,local,12,1,0.9777603560237953,0.9777603560237953,0,1,29,1,1,0,0,0,1,intermittent,No-age
32,1,posterior,91,1,0.9959273108776786,0.9959273108776786,0,1,29,1,1,0,0,0,1,intermittent,No-age
32,2,posterior,91,1,0.9959273108776786,0.9959273108776786,0,1,29,1,1,0,0,0,1,intermittent,No-age
33,1,local,98,1,0.9994954777836406,0.9994954777836406,0,1,30,1,1,0,0,0,1,intermittent,No-age
33,2,local,12,1,0.9859680377689019,0.9859680377689019,0,1,30,1,1,0,0,0,1,intermittent,No-age
33,1,posterior,98,1,0.9970878949480906,0.9970878949480906,0,1,30,1,1,0,0,0,1,intermittent,No-age
33,2,posterior,98,1,0.9970878949480906,0.9970878949480906,0,1,30,1,1,0,0,0,1,intermittent,No-age
34,1,local,102,1,0.99963625104846,0.99963625104846,0,1,31,1,1,0,0,0,1,intermittent,No-age
34,2,local,18,1,0.9871170159986097,0.9871170159986097,0,1,31,1,1,0,0,0,1,intermittent,No-age
34,1,posterior,102,1,0.9976419095341341,0.9976419095341341,0,1,31,1,1,0,0,0,1,intermittent,No-age
34,2,posterior,102,1,0.9976419095341341,0.9976419095341341,0,1,31,1,1,0,0,0,1,intermittent,No-age
35,1,local,105,1,0.9994346186644568,0.9994346186644568,0,1,32,1,1,0,0,0,1,intermittent,No-age
35,2,local,20,1,0.9876654904387928,0.9876654904387928,0,1,32,1,1,0,0,0,1,intermittent,No-age
35,1,posterior,105,1,0.9971419633441185,0.9971419633441185,0,1,32,1,1,0,0,0,1,intermittent,No-age
35,2,posterior,105,1,0.9971419633441183,0.9971419633441183,0,1,32,1,1,0,0,0,1,intermittent,No-age
36,1,local,105,1,0.9995422634582017,0.9995422634582017,0,1,33,1,1,0,0,0,1,intermittent,No-age
36,2,local,21,1,0.9871705437106771,0.9871705437106771,0,1,33,1,1,0,0,0,1,intermittent,No-age
36,1,posterior,101,1,0.9973747618071126,0.9973747618071126,0,1,33,1,1,0,0,0,1,intermittent,No-age
36,2,posterior,101,1,0.9973747618071124,0.9973747618071124,0,1,33,1,1,0,0,0,1,intermittent,No-age
37,1,local,107,1,0.9996823397023388,0.9996823397023388,0,1,34,1,1,0,0,0,1,intermittent,No-age
37,2,local,17,1,0.9874010141890412,0.9874010141890412,0,1,34,1,1,0,0,0,1,intermittent,No-age
37,1,posterior,106,1,0.9978307082562297,0.9978307082562297,0,1,34,1,1,0,0,0,1,intermittent,No-age
37,2,posterior,106,1,0.9978307082562297,0.9978307082562297,0,1,34,1,1,0,0,0,1,intermittent,No-age
38,1,local,110,1,0.9995617045881408,0.9995617045881408,0,1,35,1,1,0,0,0,1,intermittent,No-age
38,2,local,18,1,0.9878524011736673,0.9878524011736673,0,1,35,1,1,0,0,0,1,intermittent,No-age
38,1,posterior,109,1,0.9975034578356601,0.9975034578356601,0,1,35,1,1,0,0,0,1,intermittent,No-age
38,2,posterior,109,1,0.9975034578356601,0.9975034578356601,0,1,35,1,1,0,0,0,1,intermittent,No-age
39,1,local,111,1,0.9995604382001532,0.9995604382001532,0,1,36,1,1,0,0,0,1,intermittent,No-age
39,2,local,19,1,0.9875284232573035,0.9875284232573035,0,1,36,1,1,0,0,0,1,intermittent,No-age
39,1,posterior,108,1,0.9974657086717046,0.9974657086717046,0,1,36,1,1,0,0,0,1,intermittent,No-age
39,2,posterior,108,1,0.9974657086717046,0.9974657086717046,0,1,36,1,1,0,0,0,1,intermittent,No-age
40,1,local,113,1,0.9996358975974388,0.9996358975974388,0,1,37,1,1,0,0,0,1,intermittent,No-age
40,2,local,16,1,0.9874910515849875,0.9874910515849875,0,1,37,1,1,0,0,0,1,intermittent,No-age
40,1,posterior,110,1,0.997687764197223,0.997687764197223,0,1,37,1,1,0,0,0,1,intermittent,No-age
40,2,posterior,110,1,0.997687764197223,0.997687764197223,0,1,37,1,1,0,0,0,1,intermittent,No-age
41,1,local,115,1,0.9994786985862262,0.9994786985862262,0,1,38,1,1,0,0,0,1,intermittent,No-age
41,2,local,14,1,0.9877108865552509,0.9877108865552509,0,1,38,1,1,0,0,0,1,intermittent,No-age
41,1,posterior,114,1,0.9972635025783019,0.9972635025783019,0,1,38,1,1,0,0,0,1,intermittent,No-age
41,2,posterior,114,1,0.9972635025783019,0.9972635025783019,0,1,38,1,1,0,0,0,1,intermittent,No-age
42,1,local,118,1,0.9995067563902225,0.9995067563902225,0,1,39,1,1,0,0,0,1,intermittent,No-age
42,2,local,15,1,0.9872908675525188,0.9872908675525188,0,1,39,1,1,0,0,0,1,intermittent,No-age
42,1,posterior,118,1,0.9972906042948646,0.9972906042948646,0,1,39,1,1,0,0,0,1,intermittent,No-age
42,2,posterior,118,1,0.9972906042948646,0.9972906042948646,0,1,39,1,1,0,0,0,1,intermittent,No-age
43,1,local,120,1,0.9995909662100533,0.9995909662100533,0,1,40,1,1,0,0,0,1,intermittent,No-age
43,2,local,17,1,0.9873176982519161,0.9873176982519161,0,1,40,1,1,0,0,0,1,intermittent,No-age
43,1,posterior,115,1,0.9975331010885946,0.9975331010885946,0,1,40,1,1,0,0,0,1,intermittent,No-age
43,2,posterior,115,1,0.9975331010885946,0.9975331010885946,0,1,40,1,1,0,0,0,1,intermittent,No-age
44,1,local,123,1,0.9996474750943087,0.9996474750943087,0,1,41,1,1,0,0,0,1,intermittent,No-age
44,2,local,14,1,0.9875577700777086,0.9875577700777086,0,1,41,1,1,0,0,0,1,intermittent,No-age
44,1,posterior,120,1,0.99773033323157,0.99773033323157,0,1,41,1,1,0,0,0,1,intermittent,No-age
44,2,posterior,14,1,0.9875577700777086,0.9875577700777086,0,1,41,1,1,0,0,0,1,intermittent,No-age
45,1,local,126,1,0.9996737626262212,0.9996737626262212,0,1,42,1,1,0,0,0,1,intermittent,No-age
45,2,local,11,1,0.9776821923769315,0.9776821923769315,0,1,42,1,1,0,0,0,1,intermittent,No-age
45,1,posterior,124,1,0.9967333294818622,0.9967333294818622,0,1,42,1,1,0,0,0,1,intermittent,No-age
45,2,posterior,124,1,0.9967333294818624,0.9967333294818624,0,1,42,1,1,0,0,0,1,intermittent,No-age
46,1,local,128,1,0.9995311997166768,0.9995311997166768,0,1,43,1,1,0,0,0,1,intermittent,No-age
46,2,local,15,1,0.8817448623531224,0.8817448623531224,0,1,43,1,1,0,0,0,1,intermittent,No-age
46,1,posterior,124,1,0.9914380717564516,0.9914380717564516,0,1,43,1,1,0,0,0,1,intermittent,No-age
46,2,posterior,124,1,0.9914380717564516,0.9914380717564516,0,1,43,1,1,0,0,0,1,intermittent,No-age
47,1,local,131,1,0.9993028103385061,0.9993028103385061,0,1,44,1,1,0,0,0,1,intermittent,No-age
47,2,local,14,1,0.8415800533140279,0.8415800533140279,0,1,44,1,1,0,0,0,1,intermittent,No-age
47,1,posterior,131,1,0.9877470264696848,0.9877470264696848,0,1,44,1,1,0,0,0,1,intermittent,No-age
47,2,posterior,131,1,0.987747026469685,0.987747026469685,0,1,44,1,1,0,0,0,1,intermittent,No-age
48,1,local,134,1,0.9990879520650103,0.9990879520650103,0,1,45,1,1,0,0,0,1,intermittent,No-age
48,2,local,17,1,0.8154526040184509,0.8154526040184509,0,1,45,1,1,0,0,0,1,intermittent,No-age
48,1,posterior,134,1,0.9847159348017516,0.9847159348017516,0,1,45,1,1,0,0,0,1,intermittent,No-age
48,2,posterior,17,1,0.8154526040184509,0.8154526040184509,0,1,45,1,1,0,0,0,1,intermittent,No-age
49,1,local,137,1,0.999329451500249,0.999329451500249,0,1,46,1,1,0,0,0,1,intermittent,No-age
49,2,local,14,1,0.29524667035205043,0.29524667035205043,0,1,46,1,1,0,0,0,1,intermittent,No-age
49,1,posterior,135,1,0.9540711264081951,0.9540711264081951,0,1,46,1,1,0,0,0,1,intermittent,No-age
49,2,posterior,135,1,0.9540711264081951,0.9540711264081951,0,1,46,1,1,0,0,0,1,intermittent,No-age
50,1,local,140,1,0.9972426382845422,0.9972426382845422,0,1,47,1,1,0,0,0,1,intermittent,No-age
50,2,local,12,1,0.6300119188221733,0.6300119188221733,0,1,47,1,1,0,0,0,1,intermittent,No-age
50,1,posterior,138,1,0.9580113959259068,0.9580113959259068,0,1,47,1,1,0,0,0,1,intermittent,No-age
50,2,posterior,138,1,0.9580113959259068,0.9580113959259068,0,1,47,1,1,0,0,0,1,intermittent,No-age
51,1,local,143,1,0.9981646003929908,0.9981646003929908,0,1,48,1,1,0,0,0,1,intermittent,No-age
51,2,local,13,1,0.6477831585271017,0.6477831585271017,0,1,48,1,1,0,0,0,1,intermittent,No-age
51,1,posterior,142,1,0.9668638029152097,0.9668638029152097,0,1,48,1,1,0,0,0,1,intermittent,No-age
51,2,posterior,13,1,0.6477831585271017,0.6477831585271017,0,1,48,1,1,0,0,0,1,intermittent,No-age
52,1,local,146,1,0.998292738870843,0.998292738870843,0,1,49,1,1,0,0,0,1,intermittent,No-age
52,2,local,11,1,0.1516714988172775,0.1516714988172775,0,1,49,1,1,0,0,0,1,intermittent,No-age
52,1,posterior,144,1,0.89436002805854,0.89436002805854,0,1,49,1,1,0,0,0,1,intermittent,No-age
52,2,posterior,144,1,0.8943600280585406,0.8943600280585406,0,1,49,1,1,0,0,0,1,intermittent,No-age
53,1,local,134,2,0.9983539256991211,0.9946631234853103,1,1,50,2,2,0,0,0,1,intermittent,No-age
53,2,local,12,1,0.43589685691097063,0.43589685691097063,0,1,50,1,1,0,0,0,1,intermittent,No-age
53,1,posterior,134,2,0.9983539256991211,0.9946631234853103,1,1,50,2,2,0,0,0,1,intermittent,No-age
53,2,posterior,134,2,0.9186507549008724,0.9167287916869303,1,1,50,2,2,0,0,0,1,intermittent,No-age
54,1,local,132,2,1.0012350851025436,0.9992622639394925,1,1,51,2,2,0,0,0,1,intermittent,No-age
54,2,local,14,1,0.4954083105481177,0.4954083105481177,0,1,51,1,1,0,0,0,1,intermittent,No-age
54,1,posterior,132,2,0.9715382953907669,0.9701336087431766,1,1,51,2,2,0,0,0,1,intermittent,No-age
54,2,posterior,132,2,0.9715382953907669,0.9701336087431766,1,1,51,2,2,0,0,0,1,intermittent,No-age
55,1,local,131,1,0.9987889715405336,0.9987889715405336,0,1,52,1,1,0,0,0,1,intermittent,No-age
55,2,local,16,1,0.7082261720072934,0.7082261720072934,0,1,52,1,1,0,0,0,1,intermittent,No-age
55,1,posterior,129,1,0.9766210107570498,0.9766210107570498,0,1,52,1,1,0,0,0,1,intermittent,No-age
55,2,posterior,129,1,0.9766210107570502,0.9766210107570502,0,1,52,1,1,0,0,0,1,intermittent,No-age
56,1,local,134,1,0.9990885054594111,0.9990885054594111,0,1,53,1,1,0,0,0,1,intermittent,No-age
56,2,local,14,1,0.7447044142436235,0.7447044142436235,0,1,53,1,1,0,0,0,1,intermittent,No-age
56,1,posterior,134,1,0.9813420214948382,0.9813420214948382,0,1,53,1,1,0,0,0,1,intermittent,No-age
56,2,posterior,134,1,0.9813420214948384,0.9813420214948384,0,1,53,1,1,0,0,0,1,intermittent,No-age
57,1,local,135,1,0.999018378821109,0.999018378821109,0,1,54,1,1,0,0,0,1,intermittent,No-age
57,2,local,16,1,0.773360663130067,0.773360663130067,0,1,54,1,1,0,0,0,1,intermittent,No-age
57,1,posterior,135,1,0.999018378821109,0.999018378821109,0,1,54,1,1,0,0,0,1,intermittent,No-age
57,2,posterior,132,1,0.982060920443168,0.982060920443168,0,1,54,1,1,0,0,0,1,intermittent,No-age
58,1,local,135,2,1.0014838581521803,0.9995038341336088,1,1,55,2,2,0,0,0,1,intermittent,No-age
58,2,local,11,1,0.7778935625633842,0.7778935625633842,0,1,55,1,1,0,0,0,1,intermittent,No-age
58,1,posterior,135,2,1.0014838581521803,0.9995038341336088,1,1,55,2,2,0,0,0,1,intermittent,No-age
58,2,posterior,134,2,0.9883294540484371,0.9869222039855658,1,1,55,2,2,0,0,0,1,intermittent,No-age
59,1,local,134,2,1.0012231435693808,0.999372251758301,1,1,56,2,2,0,0,0,1,intermittent,No-age
59,2,local,17,1,0.8098087233819976,0.8098087233819976,0,1,56,1,1,0,0,0,1,intermittent,No-age
59,1,posterior,135,2,0.9880769250306838,0.9867163616624859,1,1,56,2,2,0,0,0,1,intermittent,No-age
59,2,posterior,135,2,0.9880769250306836,0.9867163616624857,1,1,56,2,2,0,0,0,1,intermittent,No-age
60,1,local,135,1,0.9994122869987861,0.9994122869987861,0,1,57,1,1,0,0,0,1,intermittent,No-age
60,2,local,20,1,0.808410943244376,0.808410943244376,0,1,57,1,1,0,0,0,1,intermittent,No-age
60,1,posterior,137,1,0.9875811274428399,0.9875811274428399,0,1,57,1,1,0,0,0,1,intermittent,No-age
60,2,posterior,137,1,0.9875811274428399,0.9875811274428399,0,1,57,1,1,0,0,0,1,intermittent,No-age
61,1,local,134,1,0.9990896108565508,0.9990896108565508,0,1,58,1,1,0,0,0,1,intermittent,No-age
61,2,local,22,1,0.8143118825188423,0.8143118825188423,0,1,58,1,1,0,0,0,1,intermittent,No-age
61,1,posterior,136,1,0.9848014804773686,0.9848014804773686,0,1,58,1,1,0,0,0,1,intermittent,No-age
61,2,posterior,136,1,0.9848014804773684,0.9848014804773684,0,1,58,1,1,0,0,0,1,intermittent,No-age
62,1,local,134,1,0.9991230679841162,0.9991230679841162,0,1,59,1,1,0,0,0,1,intermittent,No-age
62,2,local,21,1,0.7956083736878906,0.7956083736878906,0,1,59,1,1,0,0,0,1,intermittent,No-age
62,1,posterior,135,1,0.9840954800289407,0.9840954800289407,0,1,59,1,1,0,0,0,1,intermittent,No-age
62,2,posterior,135,1,0.9840954800289407,0.9840954800289407,0,1,59,1,1,0,0,0,1,intermittent,No-age
63,1,local,135,1,0.9992340341454599,0.9992340341454599,0,1,60,1,1,0,0,0,1,intermittent,No-age
63,2,local,21,1,0.7909776654530535,0.7909776654530535,0,1,60,1,1,0,0,0,1,intermittent,No-age
63,1,posterior,135,1,0.9848888689910393,0.9848888689910393,0,1,60,1,1,0,0,0,1,intermittent,No-age
63,2,posterior,135,1,0.9848888689910393,0.9848888689910393,0,1,60,1,1,0,0,0,1,intermittent,No-age
64,1,local,137,2,1.0023723669568956,0.9989352370246138,1,1,61,2,2,0,0,0,1,intermittent,No-age
64,2,local,19,1,0.7961848699582252,0.7961848699582252,0,1,61,1,1,0,0,0,1,intermittent,No-age
64,1,posterior,142,2,0.9843776647359511,0.9825230373114235,1,1,61,2,2,0,0,0,1,intermittent,No-age
64,2,posterior,142,2,0.9843776647359511,0.9825230373114235,1,1,61,2,2,0,0,0,1,intermittent,No-age
65,1,local,139,1,0.9987405542955714,0.9987405542955714,0,1,62,1,1,0,0,0,1,intermittent,No-age
65,2,local,26,1,0.7808319781841738,0.7808319781841738,0,1,62,1,1,0,0,0,1,intermittent,No-age
65,1,posterior,144,1,0.9801468579195652,0.9801468579195652,0,1,62,1,1,0,0,0,1,intermittent,No-age
65,2,posterior,26,1,0.7808319781841738,0.7808319781841738,0,1,62,1,1,0,0,0,1,intermittent,No-age
66,1,local,143,1,0.9988779325061325,0.9988779325061325,0,1,63,1,1,0,0,0,1,intermittent,No-age
66,2,local,26,1,0.2540511838345097,0.2540511838345097,0,1,63,1,1,0,0,0,1,intermittent,No-age
66,1,posterior,148,1,0.935702470169028,0.935702470169028,0,1,63,1,1,0,0,0,1,intermittent,No-age
66,2,posterior,148,1,0.9357024701690276,0.9357024701690276,0,1,63,1,1,0,0,0,1,intermittent,No-age
67,1,local,145,2,0.9991843495134386,0.9955278489355774,1,1,64,2,2,0,0,0,1,intermittent,No-age
67,2,local,25,1,0.5570692550478274,0.5570692550478274,0,1,64,1,1,0,0,0,1,intermittent,No-age
67,1,posterior,145,2,0.9991843495134386,0.9955278489355774,1,1,64,2,2,0,0,0,1,intermittent,No-age
67,2,posterior,145,2,0.9409577222904024,0.9390447268529027,1,1,64,2,2,0,0,0,1,intermittent,No-age
68,1,local,141,2,1.0010828388223898,0.9991167113915554,1,1,65,2,2,0,0,0,1,intermittent,No-age
68,2,local,19,1,0.5692534091150983,0.5692534091150983,0,1,65,1,1,0,0,0,1,intermittent,No-age
68,1,posterior,141,2,1.0010828388223898,0.9991167113915554,1,1,65,2,2,0,0,0,1,intermittent,No-age
68,2,posterior,150,2,0.9732131837921074,0.9718108835538549,1,1,65,2,2,0,0,0,1,intermittent,No-age
69,1,local,141,2,1.0011384293160637,0.9992529408384329,1,1,66,2,2,0,0,0,1,intermittent,No-age
69,2,local,28,1,0.7173559964402658,0.7173559964402658,0,1,66,1,1,0,0,0,1,intermittent,No-age
69,1,posterior,151,2,0.9826547367938258,0.9812815101608412,1,1,66,2,2,0,0,0,1,intermittent,No-age
69,2,posterior,151,2,0.9826547367938258,0.9812815101608412,1,1,66,2,2,0,0,0,1,intermittent,No-age
70,1,local,145,1,0.9987996364803817,0.9987996364803817,0,1,67,1,1,0,0,0,1,intermittent,No-age
70,2,local,31,1,0.7729812271193554,0.7729812271193554,0,1,67,1,1,0,0,0,1,intermittent,No-age
70,1,posterior,153,1,0.9804043912724045,0.9804043912724045,0,1,67,1,1,0,0,0,1,intermittent,No-age
70,2,posterior,153,1,0.9804043912724045,0.9804043912724045,0,1,67,1,1,0,0,0,1,intermittent,No-age
71,1,local,151,1,0.9987639841670756,0.9987639841670756,0,1,68,1,1,0,0,0,1,intermittent,No-age
71,2,local,34,1,0.7675175919671596,0.7675175919671596,0,1,68,1,1,0,0,0,1,intermittent,No-age
71,1,posterior,157,1,0.9796801312935527,0.9796801312935527,0,1,68,1,1,0,0,0,1,intermittent,No-age
71,2,posterior,157,1,0.9796801312935527,0.9796801312935527,0,1,68,1,1,0,0,0,1,intermittent,No-age
72,1,local,154,1,0.9990085829040293,0.9990085829040293,0,1,69,1,1,0,0,0,1,intermittent,No-age
72,2,local,35,1,0.7630567695651639,0.7630567695651639,0,1,69,1,1,0,0,0,1,intermittent,No-age
72,1,posterior,160,1,0.9814569984169788,0.9814569984169788,0,1,69,1,1,0,0,0,1,intermittent,No-age
72,2,posterior,160,1,0.9814569984169788,0.9814569984169788,0,1,69,1,1,0,0,0,1,intermittent,No-age
73,1,local,157,1,0.9978568450295602,0.9978568450295602,0,1,70,1,1,0,0,0,1,intermittent,No-age
73,2,local,37,1,0.7740825234213217,0.7740825234213217,0,1,70,1,1,0,0,0,1,intermittent,No-age
73,1,posterior,165,1,0.9738401925643942,0.9738401925643942,0,1,70,1,1,0,0,0,1,intermittent,No-age
73,2,posterior,165,1,0.9738401925643942,0.9738401925643942,0,1,70,1,1,0,0,0,1,intermittent,No-age
74,1,local,157,2,1.0016793329622997,0.9981175736743763,1,1,71,2,2,0,0,0,1,intermittent,No-age
74,2,local,41,1,0.728677752117244,0.728677752117244,0,1,71,1,1,0,0,0,1,intermittent,No-age
74,1,posterior,169,2,0.9741245678641564,0.9722365607804543,1,1,71,2,2,0,0,0,1,intermittent,No-age
74,2,posterior,169,2,0.9741245678641564,0.9722365607804543,1,1,71,2,2,0,0,0,1,intermittent,No-age
75,1,local,156,1,0.9975816201790779,0.9975816201790779,0,1,72,1,1,0,0,0,1,intermittent,No-age
75,2,local,45,1,0.7197055269312561,0.7197055269312561,0,1,72,1,1,0,0,0,1,intermittent,No-age
75,1,posterior,165,1,0.9679882380938026,0.9679882380938026,0,1,72,1,1,0,0,0,1,intermittent,No-age
75,2,posterior,165,1,0.9679882380938026,0.9679882380938026,0,1,72,1,1,0,0,0,1,intermittent,No-age
76,1,local,155,2,1.0010909502938676,0.9976260852310871,1,1,73,2,2,0,0,0,1,intermittent,No-age
76,2,local,43,1,0.6968376055314257,0.6968376055314257,0,1,73,1,1,0,0,0,1,intermittent,No-age
76,1,posterior,169,2,0.9683500546975845,0.9664879476041295,1,1,73,2,2,0,0,0,1,intermittent,No-age
76,2,posterior,169,2,0.9683500546975845,0.9664879476041295,1,1,73,2,2,0,0,0,1,intermittent,No-age
77,1,local,157,2,1.0006348598564039,0.9971424171436363,1,1,74,2,2,0,0,0,1,intermittent,No-age
77,2,local,30,1,0.6890597105321533,0.6890597105321533,0,1,74,1,1,0,0,0,1,intermittent,No-age
77,1,posterior,153,2,0.9646144874582592,0.9627449725911011,1,1,74,2,2,0,0,0,1,intermittent,No-age
77,2,posterior,153,2,0.964614487458259,0.9627449725911009,1,1,74,2,2,0,0,0,1,intermittent,No-age
78,1,local,156,2,1.0005163118489202,0.9971563347861183,1,1,75,2,2,0,0,0,1,intermittent,No-age
78,2,local,27,1,0.6702926882082196,0.6702926882082196,0,1,75,1,1,0,0,0,1,intermittent,No-age
78,1,posterior,153,2,0.9630320860471219,0.9611984245309546,1,1,75,2,2,0,0,0,1,intermittent,No-age
78,2,posterior,153,2,0.9630320860471218,0.9611984245309545,1,1,75,2,2,0,0,0,1,intermittent,No-age
79,1,local,155,2,1.000968946711225,0.9975733690165333,1,1,76,2,2,0,0,0,1,intermittent,No-age
79,2,local,28,1,0.6627929470174855,0.6627929470174855,0,1,76,1,1,0,0,0,1,intermittent,No-age
79,1,posterior,151,2,0.9652904163073739,0.9634470511055295,1,1,76,2,2,0,0,0,1,intermittent,No-age
79,2,posterior,151,2,0.9652904163073739,0.9634470511055295,1,1,76,2,2,0,0,0,1,intermittent,No-age
80,1,local,157,2,0.9990895732816992,0.9956927033419731,1,1,77,2,2,0,0,0,1,intermittent,No-age
80,2,local,20,1,0.673745490650971,0.673745490650971,0,1,77,1,1,0,0,0,1,intermittent,No-age
80,1,posterior,156,2,0.955025847400409,0.9531821309234106,1,1,77,2,2,0,0,0,1,intermittent,No-age
80,2,posterior,156,2,0.955025847400409,0.9531821309234106,1,1,77,2,2,0,0,0,1,intermittent,No-age
81,1,local,156,1,0.9963050436077494,0.9963050436077494,0,1,78,1,1,0,0,0,1,intermittent,No-age
81,2,local,20,1,0.6261168790804722,0.6261168790804722,0,1,78,1,1,0,0,0,1,intermittent,No-age
81,1,posterior,155,1,0.9517375820177227,0.9517375820177227,0,1,78,1,1,0,0,0,1,intermittent,No-age
81,2,posterior,155,1,0.951737582017723,0.951737582017723,0,1,78,1,1,0,0,0,1,intermittent,No-age
82,1,local,157,2,0.9994377931970911,0.9959986508765587,1,1,79,2,2,0,0,0,1,intermittent,No-age
82,2,local,18,1,0.619874315171253,0.619874315171253,0,1,79,1,1,0,0,0,1,intermittent,No-age
82,1,posterior,155,2,0.9511106143728472,0.9492554432368842,1,1,79,2,2,0,0,0,1,intermittent,No-age
82,2,posterior,155,2,0.9511106143728472,0.9492554432368842,1,1,79,2,2,0,0,0,1,intermittent,No-age
83,1,local,159,2,1.0007697147827888,0.9974331314120789,1,1,80,2,2,0,0,0,1,intermittent,No-age
83,2,local,17,1,0.6093911996893697,0.6093911996893697,0,1,80,1,1,0,0,0,1,intermittent,No-age
83,1,posterior,159,2,0.9597842728834196,0.9579570156321149,1,1,80,2,2,0,0,0,1,intermittent,No-age
83,2,posterior,159,2,0.9597842728834196,0.9579570156321149,1,1,80,2,2,0,0,0,1,intermittent,No-age
84,1,local,163,2,1.0004557188156948,0.9970001758983845,1,1,81,2,2,0,0,0,1,intermittent,No-age
84,2,local,21,1,0.6475320967431307,0.6475320967431307,0,1,81,1,1,0,0,0,1,intermittent,No-age
84,1,posterior,162,2,0.96008458560169,0.9582249891953374,1,1,81,2,2,0,0,0,1,intermittent,No-age
84,2,posterior,21,1,0.6475320967431307,0.6475320967431307,0,1,81,1,1,0,0,0,1,intermittent,No-age
85,1,local,163,2,1.0021501299014766,0.9986353362370167,1,1,82,2,2,0,0,0,1,intermittent,No-age
85,2,local,17,1,0.1515325469574035,0.1515325469574035,0,1,82,1,1,0,0,0,1,intermittent,No-age
85,1,posterior,160,2,0.9067830133339758,0.9049075159505199,1,1,82,2,2,0,0,0,1,intermittent,No-age
85,2,posterior,160,2,0.9067830133339753,0.9049075159505193,1,1,82,2,2,0,0,0,1,intermittent,No-age
86,1,local,165,2,0.9980180241351814,0.9945257082905573,1,1,83,2,2,0,0,0,1,intermittent,No-age
86,2,local,14,1,0.4624324827493842,0.4624324827493842,0,1,83,1,1,0,0,0,1,intermittent,No-age
86,1,posterior,165,2,0.9980180241351814,0.9945257082905573,1,1,83,2,2,0,0,0,1,intermittent,No-age
86,2,posterior,165,2,0.9217660786352447,0.9198965977801409,1,1,83,2,2,0,0,0,1,intermittent,No-age
87,1,local,163,2,1.0008207777792524,0.9988550944497058,1,1,84,2,2,0,0,0,1,intermittent,No-age
87,2,local,19,1,0.5048993017077303,0.5048993017077303,0,1,84,1,1,0,0,0,1,intermittent,No-age
87,1,posterior,162,2,0.965189817771296,0.9637876760045231,1,1,84,2,2,0,0,0,1,intermittent,No-age
87,2,posterior,162,2,0.965189817771296,0.9637876760045231,1,1,84,2,2,0,0,0,1,intermittent,No-age
88,1,local,162,2,1.0002227149630154,0.9970667864974234,1,1,85,2,2,0,0,0,1,intermittent,No-age
88,2,local,22,1,0.6754316914130895,0.6754316914130895,0,1,85,1,1,0,0,0,1,intermittent,No-age
88,1,posterior,162,2,0.9631403548350682,0.9613633247717458,1,1,85,2,2,0,0,0,1,intermittent,No-age
88,2,posterior,162,2,0.9631403548350682,0.9613633247717458,1,1,85,2,2,0,0,0,1,intermittent,No-age
89,1,local,38,2,0.9960693374119293,0.9948161217336235,1,1,86,2,2,0,0,0,1,intermittent,No-age
89,2,local,19,1,0.6635857411341968,0.6635857411341968,0,1,86,1,1,0,0,0,1,intermittent,No-age
89,1,posterior,33,2,0.9486786384720892,0.9475591593136388,1,1,86,2,2,0,0,0,1,intermittent,No-age
89,2,posterior,33,2,0.9486786384720892,0.9475591593136388,1,1,86,2,2,0,0,0,1,intermittent,No-age
90,1,local,38,2,0.9951153432472778,0.9938398946215797,1,1,87,2,2,0,0,0,1,intermittent,No-age
90,2,local,14,1,0.6023983550942419,0.6023983550942419,0,1,87,1,1,0,0,0,1,intermittent,No-age
90,1,posterior,38,2,0.9366094189241899,0.9354800518480053,1,1,87,2,2,0,0,0,1,intermittent,No-age
90,2,posterior,38,2,0.9366094189241899,0.9354800518480053,1,1,87,2,2,0,0,0,1,intermittent,No-age
91,1,local,39,2,0.9980035330657141,0.9967078084055676,1,1,88,2,2,0,0,0,1,intermittent,No-age
91,2,local,19,1,0.5562739002039327,0.5562739002039327,0,1,88,1,1,0,0,0,1,intermittent,No-age
91,1,posterior,37,2,0.9486031917097328,0.9474648817907318,1,1,88,2,2,0,0,0,1,intermittent,No-age
91,2,posterior,37,2,0.9486031917097328,0.9474648817907318,1,1,88,2,2,0,0,0,1,intermittent,No-age
92,1,local,41,1,0.9983978334305763,0.9983978334305763,0,1,89,1,1,0,0,0,1,intermittent,No-age
92,2,local,17,1,0.6020136803703717,0.6020136803703717,0,1,89,1,1,0,0,0,1,intermittent,No-age
92,1,posterior,40,1,0.9663728675551051,0.9663728675551051,0,1,89,1,1,0,0,0,1,intermittent,No-age
92,2,posterior,40,1,0.9663728675551054,0.9663728675551054,0,1,89,1,1,0,0,0,1,intermittent,No-age
93,1,local,44,1,0.9984244926757933,0.9984244926757933,0,1,90,1,1,0,0,0,1,intermittent,No-age
93,2,local,18,1,0.6884692850402316,0.6884692850402316,0,1,90,1,1,0,0,0,1,intermittent,No-age
93,1,posterior,38,1,0.9723071565405362,0.9723071565405362,0,1,90,1,1,0,0,0,1,intermittent,No-age
93,2,posterior,38,1,0.9723071565405362,0.9723071565405362,0,1,90,1,1,0,0,0,1,intermittent,No-age
94,1,local,40,2,0.9982158774803521,0.9969653929589302,1,1,91,2,2,0,0,0,1,intermittent,No-age
94,2,local,13,1,0.7200964699955688,0.7200964699955688,0,1,91,1,1,0,0,0,1,intermittent,No-age
94,1,posterior,40,2,0.9982158774803521,0.9969653929589302,1,1,91,2,2,0,0,0,1,intermittent,No-age
94,2,posterior,40,2,0.9650120368749756,0.9638937783954465,1,1,91,2,2,0,0,0,1,intermittent,No-age
95,1,local,44,1,0.9997527007099734,0.9997527007099734,0,1,92,1,1,0,0,0,1,intermittent,No-age
95,2,local,19,1,0.6759584126651575,0.6759584126651575,0,1,92,1,1,0,0,0,1,intermittent,No-age
95,1,posterior,39,1,0.9880013676225111,0.9880013676225111,0,1,92,1,1,0,0,0,1,intermittent,No-age
95,2,posterior,39,1,0.9880013676225109,0.9880013676225109,0,1,92,1,1,0,0,0,1,intermittent,No-age
96,1,local,47,1,0.9992555624091122,0.9992555624091122,0,1,93,1,1,0,0,0,1,intermittent,No-age
96,2,local,15,1,0.8172069244684743,0.8172069244684743,0,1,93,1,1,0,0,0,1,intermittent,No-age
96,1,posterior,46,1,0.9864573511842413,0.9864573511842413,0,1,93,1,1,0,0,0,1,intermittent,No-age
96,2,posterior,46,1,0.9864573511842415,0.9864573511842415,0,1,93,1,1,0,0,0,1,intermittent,No-age
97,1,local,43,2,0.9996913932338398,0.9984700584850413,1,1,94,2,2,0,0,0,1,intermittent,No-age
97,2,local,19,1,0.8066581398713579,0.8066581398713579,0,1,94,1,1,0,0,0,1,intermittent,No-age
97,1,posterior,43,2,0.9996913932338398,0.9984700584850413,1,1,94,2,2,0,0,0,1,intermittent,No-age
97,2,posterior,19,1,0.8066581398713579,0.8066581398713579,0,1,94,1,1,0,0,0,1,intermittent,No-age
98,1,local,47,1,0.9995031656546739,0.9995031656546739,0,1,95,1,1,0,0,0,1,intermittent,No-age
98,2,local,19,1,0.2839259004331738,0.2839259004331738,0,1,95,1,1,0,0,0,1,intermittent,No-age
98,1,posterior,47,1,0.9995031656546739,0.9995031656546739,0,1,95,1,1,0,0,0,1,intermittent,No-age
98,2,posterior,19,1,0.2839259004331738,0.2839259004331738,0,1,95,1,1,0,0,0,1,intermittent,No-age
99,1,local,50,1,0.9997031416858212,0.9997031416858212,0,1,96,1,1,0,0,0,1,intermittent,No-age
99,2,local,19,1,0.037627624471847886,0.037627624471847886,0,1,96,1,1,0,0,0,1,intermittent,No-age
99,1,posterior,50,1,0.9997031416858212,0.9997031416858212,0,1,96,1,1,0,0,0,1,intermittent,No-age
99,2,posterior,19,1,0.037627624471847886,0.037627624471847886,0,1,96,1,1,0,0,0,1,intermittent,No-age
100,1,local,51,1,0.9997030430429495,0.9997030430429495,0,1,97,1,1,0,0,0,1,intermittent,No-age
100,2,local,17,1,0.003854356811719411,0.003854356811719411,0,1,97,1,1,0,0,0,1,intermittent,No-age
100,1,posterior,51,1,0.9997030430429495,0.9997030430429495,0,1,97,1,1,0,0,0,1,intermittent,No-age
100,2,posterior,17,1,0.003854356811719411,0.003854356811719411,0,1,97,1,1,0,0,0,1,intermittent,No-age
101,1,local,54,1,0.9994329697981731,0.9994329697981731,0,1,98,1,1,0,0,0,1,intermittent,No-age
101,2,local,14,0,0.0,0.0,0,0,0,0,0,0,0,0,0,intermittent,No-age
101,1,posterior,54,1,0.9994329697981731,0.9994329697981731,0,1,98,1,1,0,0,0,1,intermittent,No-age
101,2,posterior,14,0,0.0,0.0,0,0,0,0,0,0,0,0,0,intermittent,No-age
102,1,local,52,2,0.9998314369997944,0.9986663188143555,1,1,99,2,2,0,0,0,1,intermittent,No-age
102,2,local,15,0,0.0,0.0,0,0,0,0,0,0,0,0,0,intermittent,No-age
102,1,posterior,52,2,0.9998314369997944,0.9986663188143555,1,1,99,2,2,0,0,0,1,intermittent,No-age
102,2,posterior,15,0,0.0,0.0,0,0,0,0,0,0,0,0,0,intermittent,No-age
103,1,local,51,1,0.9997854315859774,0.9997854315859774,0,1,100,1,1,0,0,0,1,intermittent,No-age
103,2,local,15,0,0.0,0.0,0,0,0,0,0,0,0,0,0,intermittent,No-age
103,1,posterior,51,1,0.9997854315859774,0.9997854315859774,0,1,100,1,1,0,0,0,1,intermittent,No-age
103,2,posterior,15,0,0.0,0.0,0,0,0,0,0,0,0,0,0,intermittent,No-age
104,1,local,53,1,0.9990580905558751,0.9990580905558751,0,1,101,1,1,0,0,0,1,intermittent,No-age
104,2,local,11,0,0.0,0.0,0,0,0,0,0,0,0,0,0,intermittent,No-age
104,1,posterior,53,1,0.9990580905558751,0.9990580905558751,0,1,101,1,1,0,0,0,1,intermittent,No-age
104,2,posterior,11,0,0.0,0.0,0,0,0,0,0,0,0,0,0,intermittent,No-age
105,1,local,48,2,1.000350076566024,0.9991845862402081,1,1,102,2,2,0,0,0,1,intermittent,No-age
105,2,local,11,0,0.0,0.0,0,0,0,0,0,0,0,0,0,intermittent,No-age
105,1,posterior,48,2,1.000350076566024,0.9991845862402081,1,1,102,2,2,0,0,0,1,intermittent,No-age
105,2,posterior,11,0,0.0,0.0,0,0,0,0,0,0,0,0,0,intermittent,No-age
106,1,local,40,2,1.0004061718946766,0.9992416828604811,1,1,103,2,2,0,0,0,1,intermittent,No-age
106,2,local,10,0,0.0,0.0,0,0,0,0,0,0,0,0,0,intermittent,No-age
106,1,posterior,40,2,1.0004061718946766,0.9992416828604811,1,1,103,2,2,0,0,0,1,intermittent,No-age
106,2,posterior,10,0,0.0,0.0,0,0,0,0,0,0,0,0,0,intermittent,No-age
107,1,local,42,1,0.9996943704478466,0.9996943704478466,0,1,104,1,1,0,0,0,1,intermittent,No-age
107,2,local,10,0,0.0,0.0,0,0,0,0,0,0,0,0,0,intermittent,No-age
107,1,posterior,42,1,0.9996943704478466,0.9996943704478466,0,1,104,1,1,0,0,0,1,intermittent,No-age
107,2,posterior,10,0,0.0,0.0,0,0,0,0,0,0,0,0,0,intermittent,No-age
108,1,local,43,1,0.9992669003441491,0.9992669003441491,0,1,105,1,1,0,0,0,1,intermittent,No-age
108,2,local,10,0,0.0,0.0,0,0,0,0,0,0,0,0,0,intermittent,No-age
108,1,posterior,43,1,0.9992669003441491,0.9992669003441491,0,1,105,1,1,0,0,0,1,intermittent,No-age
108,2,posterior,10,0,0.0,0.0,0,0,0,0,0,0,0,0,0,intermittent,No-age
109,1,local,45,2,1.0022967992871603,0.9993522692732973,1,1,106,2,2,0,0,0,1,intermittent,No-age
109,2,local,9,0,0.0,0.0,0,0,0,0,0,0,0,0,0,intermittent,No-age
109,1,posterior,45,2,1.0022967992871603,0.9993522692732973,1,1,106,2,2,0,0,0,1,intermittent,No-age
109,2,posterior,9,0,0.0,0.0,0,0,0,0,0,0,0,0,0,intermittent,No-age
110,1,local,25,2,1.0010465911357604,0.9993437185550907,1,1,107,2,2,0,0,0,1,intermittent,No-age
110,2,local,9,0,0.0,0.0,0,0,0,0,0,0,0,0,0,intermittent,No-age
110,1,posterior,25,2,1.0010465911357604,0.9993437185550907,1,1,107,2,2,0,0,0,1,intermittent,No-age
110,2,posterior,9,0,0.0,0.0,0,0,0,0,0,0,0,0,0,intermittent,No-age
111,1,local,21,2,1.0009434845847935,0.9994509893226573,1,1,108,2,2,0,0,0,1,intermittent,No-age
111,2,local,11,0,0.0,0.0,0,0,0,0,0,0,0,0,0,intermittent,No-age
111,1,posterior,21,2,1.0009434845847935,0.9994509893226573,1,1,108,2,2,0,0,0,1,intermittent,No-age
111,2,posterior,11,0,0.0,0.0,0,0,0,0,0,0,0,0,0,intermittent,No-age
112,1,local,21,2,1.0006302305690564,0.9992462558493808,1,1,109,2,2,0,0,0,1,intermittent,No-age
112,2,local,12,0,0.0,0.0,0,0,0,0,0,0,0,0,0,intermittent,No-age
112,1,posterior,21,2,1.0006302305690564,0.9992462558493808,1,1,109,2,2,0,0,0,1,intermittent,No-age
112,2,posterior,12,0,0.0,0.0,0,0,0,0,0,0,0,0,0,intermittent,No-age
113,1,local,23,2,1.0008985003942028,0.9995975844649715,1,1,110,2,2,0,0,0,1,intermittent,No-age
113,2,local,14,0,0.0,0.0,0,0,0,0,0,0,0,0,0,intermittent,No-age
113,1,posterior,23,2,1.0008985003942028,0.9995975844649715,1,1,110,2,2,0,0,0,1,intermittent,No-age
113,2,posterior,14,0,0.0,0.0,0,0,0,0,0,0,0,0,0,intermittent,No-age
114,1,local,22,2,1.000954646376393,0.999693790867702,1,1,111,2,2,0,0,0,1,intermittent,No-age
114,2,local,17,0,0.0,0.0,0,0,0,0,0,0,0,0,0,intermittent,No-age
114,1,posterior,22,2,1.000954646376393,0.999693790867702,1,1,111,2,2,0,0,0,1,intermittent,No-age
114,2,posterior,17,0,0.0,0.0,0,0,0,0,0,0,0,0,0,intermittent,No-age
115,1,local,18,2,1.0006335147406473,0.9993813438124363,1,1,112,2,2,0,0,0,1,intermittent,No-age
115,2,local,19,0,0.0,0.0,0,0,0,0,0,0,0,0,0,intermittent,No-age
115,1,posterior,18,2,1.0006335147406473,0.9993813438124363,1,1,112,2,2,0,0,0,1,intermittent,No-age
115,2,posterior,19,0,0.0,0.0,0,0,0,0,0,0,0,0,0,intermittent,No-age
116,1,local,17,2,1.0001882032587868,0.9989379056112708,1,1,113,2,2,0,0,0,1,intermittent,No-age
116,2,local,20,0,0.0,0.0,0,0,0,0,0,0,0,0,0,intermittent,No-age
116,1,posterior,17,2,1.0001882032587868,0.9989379056112708,1,1,113,2,2,0,0,0,1,intermittent,No-age
116,2,posterior,20,0,0.0,0.0,0,0,0,0,0,0,0,0,0,intermittent,No-age
117,1,local,17,2,1.0007656374288505,0.9995149343040487,1,1,114,2,2,0,0,0,1,intermittent,No-age
117,2,local,16,0,0.0,0.0,0,0,0,0,0,0,0,0,0,intermittent,No-age
117,1,posterior,17,2,1.0007656374288505,0.9995149343040487,1,1,114,2,2,0,0,0,1,intermittent,No-age
117,2,posterior,16,0,0.0,0.0,0,0,0,0,0,0,0,0,0,intermittent,No-age
118,1,local,18,2,0.9978808069419798,0.9967209921991212,1,1,115,2,2,0,0,0,1,intermittent,No-age
118,2,local,13,0,0.0,0.0,0,0,0,0,0,0,0,0,0,intermittent,No-age
118,1,posterior,18,2,0.9978808069419798,0.9967209921991212,1,1,115,2,2,0,0,0,1,intermittent,No-age
118,2,posterior,13,0,0.0,0.0,0,0,0,0,0,0,0,0,0,intermittent,No-age
119,1,local,18,2,0.9967875028802369,0.9956243429736604,1,1,116,2,2,0,0,0,1,intermittent,No-age
119,2,local,11,0,0.0,0.0,0,0,0,0,0,0,0,0,0,intermittent,No-age
119,1,posterior,18,2,0.9967875028802369,0.9956243429736604,1,1,116,2,2,0,0,0,1,intermittent,No-age
119,2,posterior,11,0,0.0,0.0,0,0,0,0,0,0,0,0,0,intermittent,No-age
120,1,local,19,2,1.0021700985785331,0.9994008263651885,1,1,117,2,2,0,0,0,1,intermittent,No-age
120,2,local,12,0,0.0,0.0,0,0,0,0,0,0,0,0,0,intermittent,No-age
120,1,posterior,19,2,1.0021700985785331,0.9994008263651885,1,1,117,2,2,0,0,0,1,intermittent,No-age
120,2,posterior,12,0,0.0,0.0,0,0,0,0,0,0,0,0,0,intermittent,No-age
121,1,local,19,2,1.0006006688234585,0.9992539664301655,1,1,118,2,2,0,0,0,1,intermittent,No-age
121,2,local,15,0,0.0,0.0,0,0,0,0,0,0,0,0,0,intermittent,No-age
121,1,posterior,19,2,1.0006006688234585,0.9992539664301655,1,1,118,2,2,0,0,0,1,intermittent,No-age
121,2,posterior,15,0,0.0,0.0,0,0,0,0,0,0,0,0,0,intermittent,No-age
122,1,local,21,2,0.9064088265980692,0.9052709617764142,1,1,119,2,2,0,0,0,1,intermittent,No-age
122,2,local,16,0,0.0,0.0,0,0,0,0,0,0,0,0,0,intermittent,No-age
122,1,posterior,21,2,0.9064088265980692,0.9052709617764142,1,1,119,2,2,0,0,0,1,intermittent,No-age
122,2,posterior,16,0,0.0,0.0,0,0,0,0,0,0,0,0,0,intermittent,No-age
123,1,local,21,1,0.9893579253133089,0.9893579253133089,0,1,120,1,1,0,0,0,1,intermittent,No-age
123,2,local,18,0,0.0,0.0,0,0,0,0,0,0,0,0,0,intermittent,No-age
123,1,posterior,21,1,0.9893579253133089,0.9893579253133089,0,1,120,1,1,0,0,0,1,intermittent,No-age
123,2,posterior,18,0,0.0,0.0,0,0,0,0,0,0,0,0,0,intermittent,No-age
124,1,local,20,2,1.000274890301055,0.9989955313775503,1,1,121,2,2,0,0,0,1,intermittent,No-age
124,2,local,17,0,0.0,0.0,0,0,0,0,0,0,0,0,0,intermittent,No-age
124,1,posterior,20,2,1.000274890301055,0.9989955313775503,1,1,121,2,2,0,0,0,1,intermittent,No-age
124,2,posterior,17,0,0.0,0.0,0,0,0,0,0,0,0,0,0,intermittent,No-age
125,1,local,20,2,0.9042486291323129,0.903121539595455,1,1,122,2,2,0,0,0,1,intermittent,No-age
125,2,local,16,0,0.0,0.0,0,0,0,0,0,0,0,0,0,intermittent,No-age
125,1,posterior,20,2,0.9042486291323129,0.903121539595455,1,1,122,2,2,0,0,0,1,intermittent,No-age
125,2,posterior,16,0,0.0,0.0,0,0,0,0,0,0,0,0,0,intermittent,No-age
126,1,local,21,1,0.9888915571515553,0.9888915571515553,0,1,123,1,1,0,0,0,1,intermittent,No-age
126,2,local,14,0,0.0,0.0,0,0,0,0,0,0,0,0,0,intermittent,No-age
126,1,posterior,21,1,0.9888915571515553,0.9888915571515553,0,1,123,1,1,0,0,0,1,intermittent,No-age
126,2,posterior,14,0,0.0,0.0,0,0,0,0,0,0,0,0,0,intermittent,No-age
127,1,local,25,2,0.9933342609247636,0.9921505074964183,1,1,124,2,2,0,0,0,1,intermittent,No-age
127,2,local,13,0,0.0,0.0,0,0,0,0,0,0,0,0,0,intermittent,No-age
127,1,posterior,25,2,0.9933342609247636,0.9921505074964183,1,1,124,2,2,0,0,0,1,intermittent,No-age
127,2,posterior,13,0,0.0,0.0,0,0,0,0,0,0,0,0,0,intermittent,No-age
128,1,local,25,2,0.9995178213818108,0.998110449975826,1,1,125,2,2,0,0,0,1,intermittent,No-age
128,2,local,11,0,0.0,0.0,0,0,0,0,0,0,0,0,0,intermittent,No-age
128,1,posterior,25,2,0.9995178213818108,0.998110449975826,1,1,125,2,2,0,0,0,1,intermittent,No-age
128,2,posterior,11,0,0.0,0.0,0,0,0,0,0,0,0,0,0,intermittent,No-age
129,1,local,29,2,0.9965609736213511,0.9953988879652371,1,1,126,2,2,0,0,0,1,intermittent,No-age
129,2,local,10,0,0.0,0.0,0,0,0,0,0,0,0,0,0,intermittent,No-age
129,1,posterior,29,2,0.9965609736213511,0.9953988879652371,1,1,126,2,2,0,0,0,1,intermittent,No-age
129,2,posterior,10,0,0.0,0.0,0,0,0,0,0,0,0,0,0,intermittent,No-age
130,1,local,29,2,1.0006001994083373,0.9990665738795786,1,1,127,2,2,0,0,0,1,intermittent,No-age
130,2,local,10,0,0.0,0.0,0,0,0,0,0,0,0,0,0,intermittent,No-age
130,1,posterior,29,2,1.0006001994083373,0.9990665738795786,1,1,127,2,2,0,0,0,1,intermittent,No-age
130,2,posterior,10,0,0.0,0.0,0,0,0,0,0,0,0,0,0,intermittent,No-age
131,1,local,28,2,1.000896216445947,0.9996142357059163,1,1,128,2,2,0,0,0,1,intermittent,No-age
131,2,local,8,0,0.0,0.0,0,0,0,0,0,0,0,0,0,intermittent,No-age
131,1,posterior,28,2,1.000896216445947,0.9996142357059163,1,1,128,2,2,0,0,0,1,intermittent,No-age
131,2,posterior,8,0,0.0,0.0,0,0,0,0,0,0,0,0,0,intermittent,No-age
132,1,local,28,2,1.0008536760639999,0.9995970976851921,1,1,129,2,2,0,0,0,1,intermittent,No-age
132,2,local,8,0,0.0,0.0,0,0,0,0,0,0,0,0,0,intermittent,No-age
132,1,posterior,28,2,1.0008536760639999,0.9995970976851921,1,1,129,2,2,0,0,0,1,intermittent,No-age
132,2,posterior,8,0,0.0,0.0,0,0,0,0,0,0,0,0,0,intermittent,No-age
133,1,local,28,2,1.000837689706128,0.9995876332499221,1,1,130,2,2,0,0,0,1,intermittent,No-age
133,2,local,7,0,0.0,0.0,0,0,0,0,0,0,0,0,0,intermittent,No-age
133,1,posterior,28,2,1.000837689706128,0.9995876332499221,1,1,130,2,2,0,0,0,1,intermittent,No-age
133,2,posterior,7,0,0.0,0.0,0,0,0,0,0,0,0,0,0,intermittent,No-age
134,1,local,30,2,1.0003931899412324,0.9991431329696566,1,1,131,2,2,0,0,0,1,intermittent,No-age
134,2,local,7,0,0.0,0.0,0,0,0,0,0,0,0,0,0,intermittent,No-age
134,1,posterior,30,2,1.0003931899412324,0.9991431329696566,1,1,131,2,2,0,0,0,1,intermittent,No-age
134,2,posterior,7,0,0.0,0.0,0,0,0,0,0,0,0,0,0,intermittent,No-age
135,1,local,31,2,0.9978955875640745,0.996735233248645,1,1,132,2,2,0,0,0,1,intermittent,No-age
135,2,local,8,0,0.0,0.0,0,0,0,0,0,0,0,0,0,intermittent,No-age
135,1,posterior,31,2,0.9978955875640745,0.996735233248645,1,1,132,2,2,0,0,0,1,intermittent,No-age
135,2,posterior,8,0,0.0,0.0,0,0,0,0,0,0,0,0,0,intermittent,No-age
136,1,local,33,2,1.0001016263714808,0.9987113779755097,1,1,133,2,2,0,0,0,1,intermittent,No-age
136,2,local,7,0,0.0,0.0,0,0,0,0,0,0,0,0,0,intermittent,No-age
136,1,posterior,33,2,1.0001016263714808,0.9987113779755097,1,1,133,2,2,0,0,0,1,intermittent,No-age
136,2,posterior,7,0,0.0,0.0,0,0,0,0,0,0,0,0,0,intermittent,No-age
137,1,local,30,2,0.9969836509332767,0.9958231533405835,1,1,134,2,2,0,0,0,1,intermittent,No-age
137,2,local,6,0,0.0,0.0,0,0,0,0,0,0,0,0,0,intermittent,No-age
137,1,posterior,30,2,0.9969836509332767,0.9958231533405835,1,1,134,2,2,0,0,0,1,intermittent,No-age
137,2,posterior,6,0,0.0,0.0,0,0,0,0,0,0,0,0,0,intermittent,No-age
138,1,local,28,2,1.0009905988287142,0.999460963425677,1,1,135,2,2,0,0,0,1,intermittent,No-age
138,2,local,9,0,0.0,0.0,0,0,0,0,0,0,0,0,0,intermittent,No-age
138,1,posterior,28,2,1.0009905988287142,0.999460963425677,1,1,135,2,2,0,0,0,1,intermittent,No-age
138,2,posterior,9,0,0.0,0.0,0,0,0,0,0,0,0,0,0,intermittent,No-age
139,1,local,29,2,0.9970866361759991,0.995927423336381,1,1,136,2,2,0,0,0,1,intermittent,No-age
139,2,local,12,0,0.0,0.0,0,0,0,0,0,0,0,0,0,intermittent,No-age
139,1,posterior,29,2,0.9970866361759991,0.995927423336381,1,1,136,2,2,0,0,0,1,intermittent,No-age
139,2,posterior,12,0,0.0,0.0,0,0,0,0,0,0,0,0,0,intermittent,No-age
140,1,local,26,2,1.000554539882709,0.9988936189723142,1,1,137,2,2,0,0,0,1,intermittent,No-age
140,2,local,13,0,0.0,0.0,0,0,0,0,0,0,0,0,0,intermittent,No-age
140,1,posterior,26,2,1.000554539882709,0.9988936189723142,1,1,137,2,2,0,0,0,1,intermittent,No-age
140,2,posterior,13,0,0.0,0.0,0,0,0,0,0,0,0,0,0,intermittent,No-age
141,1,local,27,2,1.0009742961655794,0.9996798375064697,1,1,138,2,2,0,0,0,1,intermittent,No-age
141,2,local,11,0,0.0,0.0,0,0,0,0,0,0,0,0,0,intermittent,No-age
141,1,posterior,27,2,1.0009742961655794,0.9996798375064697,1,1,138,2,2,0,0,0,1,intermittent,No-age
141,2,posterior,11,0,0.0,0.0,0,0,0,0,0,0,0,0,0,intermittent,No-age
142,1,local,27,2,0.9977284150976031,0.9965687862518997,1,1,139,2,2,0,0,0,1,intermittent,No-age
142,2,local,11,0,0.0,0.0,0,0,0,0,0,0,0,0,0,intermittent,No-age
142,1,posterior,27,2,0.9977284150976031,0.9965687862518997,1,1,139,2,2,0,0,0,1,intermittent,No-age
142,2,posterior,11,0,0.0,0.0,0,0,0,0,0,0,0,0,0,intermittent,No-age
143,1,local,27,2,0.9971541651748271,0.9959898057390222,1,1,140,2,2,0,0,0,1,intermittent,No-age
143,2,local,12,0,0.0,0.0,0,0,0,0,0,0,0,0,0,intermittent,No-age
143,1,posterior,27,2,0.9971541651748271,0.9959898057390222,1,1,140,2,2,0,0,0,1,intermittent,No-age
143,2,posterior,12,0,0.0,0.0,0,0,0,0,0,0,0,0,0,intermittent,No-age
144,1,local,27,2,1.0021381036281376,0.9992273097180022,1,1,141,2,2,0,0,0,1,intermittent,No-age
144,2,local,14,0,0.0,0.0,0,0,0,0,0,0,0,0,0,intermittent,No-age
144,1,posterior,27,2,1.0021381036281376,0.9992273097180022,1,1,141,2,2,0,0,0,1,intermittent,No-age
144,2,posterior,14,0,0.0,0.0,0,0,0,0,0,0,0,0,0,intermittent,No-age
145,1,local,27,2,1.0011637232870527,0.999683286888038,1,1,142,2,2,0,0,0,1,intermittent,No-age
145,2,local,11,0,0.0,0.0,0,0,0,0,0,0,0,0,0,intermittent,No-age
145,1,posterior,27,2,0.641183855426944,0.6399670949628044,1,1,142,2,2,0,0,0,1,intermittent,No-age
145,2,posterior,11,0,0.0,0.0,0,0,0,0,0,0,0,0,0,intermittent,No-age
146,1,local,30,1,0.9864274697349833,0.9864274697349833,0,1,143,1,1,0,0,0,1,intermittent,No-age
146,2,local,13,0,0.0,0.0,0,0,0,0,0,0,0,0,0,intermittent,No-age
146,1,posterior,25,1,0.21242720363826223,0.21242720363826223,0,1,143,1,1,0,0,0,1,intermittent,No-age
146,2,posterior,13,0,0.0,0.0,0,0,0,0,0,0,0,0,0,intermittent,No-age
147,1,local,34,5,0.8913369020844746,0.8790398966226176,2,1,146,5,5,0,0,0,1,intermittent,No-age
147,2,local,12,0,0.0,0.0,0,0,0,0,0,0,0,0,0,intermittent,No-age
147,1,posterior,34,5,0.8913369020844746,0.8790398966226176,2,1,146,5,5,0,0,0,1,intermittent,No-age
147,2,posterior,31,5,0.08535982083976015,0.07858768354921779,2,1,146,5,5,0,0,0,1,intermittent,No-age
148,1,local,40,1,0.9947369454448707,0.9947369454448707,0,1,145,1,1,0,0,0,1,intermittent,No-age
148,2,local,32,1,0.05767985955999151,0.05767985955999151,0,1,145,1,1,0,0,0,1,intermittent,No-age
148,1,posterior,38,1,0.682233360576263,0.682233360576263,0,1,145,1,1,0,0,0,1,intermittent,No-age
148,2,posterior,38,1,0.6822333605762662,0.6822333605762662,0,1,145,1,1,0,0,0,1,intermittent,No-age
149,1,local,40,1,0.9692864608843658,0.9692864608843658,0,1,146,1,1,0,0,0,1,intermittent,No-age
149,2,local,36,0,0.0,0.0,0,0,0,0,0,0,0,0,0,intermittent,No-age
149,1,posterior,38,1,0.8073588338525147,0.8073588338525147,0,1,146,1,1,0,0,0,1,intermittent,No-age
149,2,posterior,38,1,0.8073588338525147,0.8073588338525147,0,1,146,1,1,0,0,0,1,intermittent,No-age
150,1,local,42,2,0.995783644161605,0.9907142707073104,1,1,147,2,2,0,0,0,1,intermittent,No-age
150,2,local,29,1,0.2848046987818461,0.2848046987818461,0,1,147,1,1,0,0,0,1,intermittent,No-age
150,1,posterior,38,1,0.8541771931877247,0.8541771931877247,0,1,147,1,1,0,0,0,1,intermittent,No-age
150,2,posterior,38,1,0.8541771931877264,0.8541771931877264,0,1,147,1,1,0,0,0,1,intermittent,No-age
151,1,local,47,2,0.9963482228192339,0.991250838963201,1,1,148,2,2,0,0,0,1,intermittent,No-age
151,2,local,25,1,0.3539287958979479,0.3539287958979479,0,1,148,1,1,0,0,0,1,intermittent,No-age
151,1,posterior,42,2,0.8804176493621342,0.8781581187629179,1,1,148,2,2,0,0,0,1,intermittent,No-age
151,2,posterior,42,2,0.8804176493621326,0.8781581187629164,1,1,148,2,2,0,0,0,1,intermittent,No-age
152,1,local,52,2,0.9925493919096418,0.987396947167558,1,1,149,2,2,0,0,0,1,intermittent,No-age
152,2,local,29,1,0.3996010651310724,0.3996010651310724,0,1,149,1,1,0,0,0,1,intermittent,No-age
152,1,posterior,49,2,0.873341829765802,0.871070093381088,1,1,149,2,2,0,0,0,1,intermittent,No-age
152,2,posterior,49,2,0.873341829765802,0.871070093381088,1,1,149,2,2,0,0,0,1,intermittent,No-age
153,1,local,55,1,0.9935457997533046,0.9935457997533046,0,1,150,1,1,0,0,0,1,intermittent,No-age
153,2,local,32,1,0.38519416382971344,0.38519416382971344,0,1,150,1,1,0,0,0,1,intermittent,No-age
153,1,posterior,51,1,0.9012856024752359,0.9012856024752359,0,1,150,1,1,0,0,0,1,intermittent,No-age
153,2,posterior,51,1,0.9012856024752347,0.9012856024752347,0,1,150,1,1,0,0,0,1,intermittent,No-age
154,1,local,40,2,0.9981465810392438,0.9967607072295304,1,1,151,2,2,0,0,0,1,intermittent,No-age
154,2,local,50,0,0.0,0.0,0,0,0,0,0,0,0,0,0,intermittent,No-age
154,1,posterior,49,1,0.953724095279388,0.953724095279388,0,1,151,1,1,0,0,0,1,intermittent,No-age
154,2,posterior,49,1,0.9537240952793872,0.9537240952793872,0,1,151,1,1,0,0,0,1,intermittent,No-age
155,1,local,40,2,0.9977741022700181,0.9964844113978575,1,1,152,2,2,0,0,0,1,intermittent,No-age
155,2,local,30,1,0.6284865513354375,0.6284865513354375,0,1,152,1,1,0,0,0,1,intermittent,No-age
155,1,posterior,34,1,0.9520977435904444,0.9520977435904444,0,1,152,1,1,0,0,0,1,intermittent,No-age
155,2,posterior,34,1,0.9520977435904439,0.9520977435904439,0,1,152,1,1,0,0,0,1,intermittent,No-age
156,1,local,43,1,0.9976683993889605,0.9976683993889605,0,1,153,1,1,0,0,0,1,intermittent,No-age
156,2,local,26,1,0.6214208256598148,0.6214208256598148,0,1,153,1,1,0,0,0,1,intermittent,No-age
156,1,posterior,39,1,0.9616026818580259,0.9616026818580259,0,1,153,1,1,0,0,0,1,intermittent,No-age
156,2,posterior,39,1,0.9616026818580259,0.9616026818580259,0,1,153,1,1,0,0,0,1,intermittent,No-age
157,1,local,46,2,0.9988906342735572,0.9976242195960968,1,1,154,2,2,0,0,0,1,intermittent,No-age
157,2,local,29,1,0.6647394040549638,0.6647394040549638,0,1,154,1,1,0,0,0,1,intermittent,No-age
157,1,posterior,45,2,0.9647398771403496,0.9636145173760173,1,1,154,2,2,0,0,0,1,intermittent,No-age
157,2,posterior,45,2,0.9647398771403496,0.9636145173760173,1,1,154,2,2,0,0,0,1,intermittent,No-age
158,1,local,52,1,0.9983368249792035,0.9983368249792035,0,1,155,1,1,0,0,0,1,intermittent,No-age
158,2,local,31,1,0.6745735971218995,0.6745735971218995,0,1,155,1,1,0,0,0,1,intermittent,No-age
158,1,posterior,50,1,0.970756011360626,0.970756011360626,0,1,155,1,1,0,0,0,1,intermittent,No-age
158,2,posterior,50,1,0.970756011360626,0.970756011360626,0,1,155,1,1,0,0,0,1,intermittent,No-age
159,1,local,52,2,1.0004149222971734,0.999162165276324,1,1,156,2,2,0,0,0,1,intermittent,No-age
159,2,local,30,1,0.7115904872429961,0.7115904872429961,0,1,156,1,1,0,0,0,1,intermittent,No-age
159,1,posterior,52,2,0.981426542677004,0.98030726842069,1,1,156,2,2,0,0,0,1,intermittent,No-age
159,2,posterior,52,2,0.981426542677004,0.98030726842069,1,1,156,2,2,0,0,0,1,intermittent,No-age
160,1,local,53,2,1.0001397284528872,0.99890547861529,1,1,157,2,2,0,0,0,1,intermittent,No-age
160,2,local,25,1,0.7669167568249929,0.7669167568249929,0,1,157,1,1,0,0,0,1,intermittent,No-age
160,1,posterior,51,1,0.9806054230957297,0.9806054230957297,0,1,157,1,1,0,0,0,1,intermittent,No-age
160,2,posterior,51,1,0.9806054230957297,0.9806054230957297,0,1,157,1,1,0,0,0,1,intermittent,No-age
161,1,local,56,1,0.9994812608006995,0.9994812608006995,0,1,158,1,1,0,0,0,1,intermittent,No-age
161,2,local,26,1,0.7687638597712944,0.7687638597712944,0,1,158,1,1,0,0,0,1,intermittent,No-age
161,1,posterior,52,1,0.9867230161906652,0.9867230161906652,0,1,158,1,1,0,0,0,1,intermittent,No-age
161,2,posterior,26,1,0.7687638597712944,0.7687638597712944,0,1,158,1,1,0,0,0,1,intermittent,No-age
162,1,local,46,1,0.9993782304175655,0.9993782304175655,0,1,159,1,1,0,0,0,1,intermittent,No-age
162,2,local,21,1,0.2415874160142562,0.2415874160142562,0,1,159,1,1,0,0,0,1,intermittent,No-age
162,1,posterior,40,1,0.9501191685617913,0.9501191685617913,0,1,159,1,1,0,0,0,1,intermittent,No-age
162,2,posterior,40,1,0.9501191685617916,0.9501191685617916,0,1,159,1,1,0,0,0,1,intermittent,No-age
163,1,local,42,2,0.9976972277290511,0.9963997184873429,1,1,160,2,2,0,0,0,1,intermittent,No-age
163,2,local,17,1,0.6130047934820605,0.6130047934820605,0,1,160,1,1,0,0,0,1,intermittent,No-age
163,1,posterior,40,2,0.9513604685899104,0.9502213749283495,1,1,160,2,2,0,0,0,1,intermittent,No-age
163,2,posterior,40,2,0.9513604685899102,0.9502213749283492,1,1,160,2,2,0,0,0,1,intermittent,No-age
164,1,local,45,1,0.9970684092718745,0.9970684092718745,0,1,161,1,1,0,0,0,1,intermittent,No-age
164,2,local,23,1,0.6134347971474247,0.6134347971474247,0,1,161,1,1,0,0,0,1,intermittent,No-age
164,1,posterior,43,1,0.9558685514529366,0.9558685514529366,0,1,161,1,1,0,0,0,1,intermittent,No-age
164,2,posterior,43,1,0.955868551452937,0.955868551452937,0,1,161,1,1,0,0,0,1,intermittent,No-age
165,1,local,49,1,0.9987345369491607,0.9987345369491607,0,1,162,1,1,0,0,0,1,intermittent,No-age
165,2,local,22,1,0.6380142367834404,0.6380142367834404,0,1,162,1,1,0,0,0,1,intermittent,No-age
165,1,posterior,47,1,0.9718579724265707,0.9718579724265707,0,1,162,1,1,0,0,0,1,intermittent,No-age
165,2,posterior,47,1,0.9718579724265707,0.9718579724265707,0,1,162,1,1,0,0,0,1,intermittent,No-age
166,1,local,45,2,0.9993102184127447,0.9980612622665447,1,1,163,2,2,0,0,0,1,intermittent,No-age
166,2,local,23,1,0.717615250121216,0.717615250121216,0,1,163,1,1,0,0,0,1,intermittent,No-age
166,1,posterior,42,2,0.9719481700232049,0.9708305952253306,1,1,163,2,2,0,0,0,1,intermittent,No-age
166,2,posterior,42,2,0.9719481700232047,0.9708305952253303,1,1,163,2,2,0,0,0,1,intermittent,No-age
167,1,local,46,2,0.999848219020219,0.9986013540880051,1,1,164,2,2,0,0,0,1,intermittent,No-age
167,2,local,24,1,0.7119955019529792,0.7119955019529792,0,1,164,1,1,0,0,0,1,intermittent,No-age
167,1,posterior,39,1,0.9748728490518275,0.9748728490518275,0,1,164,1,1,0,0,0,1,intermittent,No-age
167,2,posterior,39,1,0.9748728490518275,0.9748728490518275,0,1,164,1,1,0,0,0,1,intermittent,No-age
168,1,local,46,2,0.999508132857613,0.9982681408120677,1,1,165,2,2,0,0,0,1,intermittent,No-age
168,2,local,22,1,0.7345586958936491,0.7345586958936491,0,1,165,1,1,0,0,0,1,intermittent,No-age
168,1,posterior,47,2,0.9747739954734004,0.9736604389856807,1,1,165,2,2,0,0,0,1,intermittent,No-age
168,2,posterior,47,2,0.9747739954734002,0.9736604389856804,1,1,165,2,2,0,0,0,1,intermittent,No-age
169,1,local,49,2,1.000324290989894,0.9990829927715164,1,1,166,2,2,0,0,0,1,intermittent,No-age
169,2,local,27,1,0.7276624095785937,0.7276624095785937,0,1,166,1,1,0,0,0,1,intermittent,No-age
169,1,posterior,49,1,0.9803699955020901,0.9803699955020901,0,1,166,1,1,0,0,0,1,intermittent,No-age
169,2,posterior,49,1,0.9803699955020901,0.9803699955020901,0,1,166,1,1,0,0,0,1,intermittent,No-age
170,1,local,49,2,0.9999596917831844,0.9987291746303113,1,1,167,2,2,0,0,0,1,intermittent,No-age
170,2,local,26,1,0.7673047139621471,0.7673047139621471,0,1,167,1,1,0,0,0,1,intermittent,No-age
170,1,posterior,50,2,0.9803457126598463,0.9792364192513315,1,1,167,2,2,0,0,0,1,intermittent,No-age
170,2,posterior,50,2,0.9803457126598463,0.9792364192513315,1,1,167,2,2,0,0,0,1,intermittent,No-age
171,1,local,49,2,1.0000877215232646,0.9988560017679667,1,1,168,2,2,0,0,0,1,intermittent,No-age
171,2,local,25,1,0.7603461885866097,0.7603461885866097,0,1,168,1,1,0,0,0,1,intermittent,No-age
171,1,posterior,53,2,0.9810106754111398,0.9799008400046885,1,1,168,2,2,0,0,0,1,intermittent,No-age
171,2,posterior,53,2,0.9810106754111398,0.9799008400046885,1,1,168,2,2,0,0,0,1,intermittent,No-age
172,1,local,48,1,0.9987543070340327,0.9987543070340327,0,1,169,1,1,0,0,0,1,intermittent,No-age
172,2,local,20,1,0.9259795672504455,0.9259795672504455,0,1,169,1,1,0,0,0,1,intermittent,No-age
172,1,posterior,45,1,0.9860462796773862,0.9860462796773862,0,1,169,1,1,0,0,0,1,intermittent,No-age
172,2,posterior,45,1,0.9860462796773862,0.9860462796773862,0,1,169,1,1,0,0,0,1,intermittent,No-age
173,1,local,52,1,0.9990478045549158,0.9990478045549158,0,1,170,1,1,0,0,0,1,intermittent,No-age
173,2,local,20,0,0.0,0.0,0,0,0,0,0,0,0,0,0,intermittent,No-age
173,1,posterior,52,1,0.9990478045549158,0.9990478045549158,0,1,170,1,1,0,0,0,1,intermittent,No-age
173,2,posterior,50,1,0.9915075803673468,0.9915075803673468,0,1,170,1,1,0,0,0,1,intermittent,No-age
174,1,local,52,2,1.00077741006264,0.9995865574679882,1,1,171,2,2,0,0,0,1,intermittent,No-age
174,2,local,25,1,0.8420872530858279,0.8420872530858279,0,1,171,1,1,0,0,0,1,intermittent,No-age
174,1,posterior,46,1,0.9881491233120956,0.9881491233120956,0,1,171,1,1,0,0,0,1,intermittent,No-age
174,2,posterior,46,1,0.9881491233120958,0.9881491233120958,0,1,171,1,1,0,0,0,1,intermittent,No-age
175,1,local,47,2,1.0001675622002932,0.9989287916100833,1,1,172,2,2,0,0,0,1,intermittent,No-age
175,2,local,22,0,0.0,0.0,0,0,0,0,0,0,0,0,0,intermittent,No-age
175,1,posterior,41,1,0.9887428511630524,0.9887428511630524,0,1,172,1,1,0,0,0,1,intermittent,No-age
175,2,posterior,41,1,0.9887428511630526,0.9887428511630526,0,1,172,1,1,0,0,0,1,intermittent,No-age
176,1,local,47,2,0.9995772361512567,0.9983227179830736,1,1,173,2,2,0,0,0,1,intermittent,No-age
176,2,local,20,0,0.0,0.0,0,0,0,0,0,0,0,0,0,intermittent,No-age
176,1,posterior,45,1,0.9888151623073286,0.9888151623073286,0,1,173,1,1,0,0,0,1,intermittent,No-age
176,2,posterior,45,1,0.9888151623073286,0.9888151623073286,0,1,173,1,1,0,0,0,1,intermittent,No-age
177,1,local,50,2,0.9995246657926993,0.998209993244301,1,1,174,2,2,0,0,0,1,intermittent,No-age
177,2,local,23,0,0.0,0.0,0,0,0,0,0,0,0,0,0,intermittent,No-age
177,1,posterior,45,1,0.9899727174662509,0.9899727174662509,0,1,174,1,1,0,0,0,1,intermittent,No-age
177,2,posterior,45,1,0.9899727174662507,0.9899727174662507,0,1,174,1,1,0,0,0,1,intermittent,No-age
178,1,local,48,2,0.9993644377737073,0.9979544473640344,1,1,175,2,2,0,0,0,1,intermittent,No-age
178,2,local,22,0,0.0,0.0,0,0,0,0,0,0,0,0,0,intermittent,No-age
178,1,posterior,43,1,0.9912022624316301,0.9912022624316301,0,1,175,1,1,0,0,0,1,intermittent,No-age
178,2,posterior,43,1,0.9912022624316301,0.9912022624316301,0,1,175,1,1,0,0,0,1,intermittent,No-age
179,1,local,23,2,0.9967515862734165,0.9952540627984902,1,1,176,2,2,0,0,0,1,intermittent,No-age
179,2,local,19,0,0.0,0.0,0,0,0,0,0,0,0,0,0,intermittent,No-age
179,1,posterior,20,1,0.0012005145645068904,0.0012005145645068904,1,0,0,2,2,0,0,0,1,intermittent,No-age
179,2,posterior,20,1,0.0012005145645068926,0.0012005145645068926,1,0,0,2,2,0,0,0,1,intermittent,No-age
180,1,local,24,2,0.9985531964856291,0.996941243906279,1,1,177,2,2,0,0,0,1,intermittent,No-age
180,2,local,20,0,0.0,0.0,0,0,0,0,0,0,0,0,0,intermittent,No-age
180,1,posterior,21,1,0.0012516447427151432,0.0012516447427151432,1,0,0,2,2,0,0,0,1,intermittent,No-age
180,2,posterior,21,1,0.0012516447427151432,0.0012516447427151432,1,0,0,2,2,0,0,0,1,intermittent,No-age
181,1,local,26,2,0.9995291533554012,0.997843095369985,1,1,178,2,2,0,0,0,1,intermittent,No-age
181,2,local,22,0,0.0,0.0,0,0,0,0,0,0,0,0,0,intermittent,No-age
181,1,posterior,26,1,0.0012985408767335132,0.0012985408767335132,1,0,0,1,1,0,0,0,1,intermittent,No-age
181,2,posterior,26,1,0.0012985408767335132,0.0012985408767335132,1,0,0,1,1,0,0,0,1,intermittent,No-age
182,1,local,27,2,0.9993522030729138,0.9977330861700973,1,1,179,2,2,0,0,0,1,intermittent,No-age
182,2,local,26,0,0.0,0.0,0,0,0,0,0,0,0,0,0,intermittent,No-age
182,1,posterior,25,2,0.9779667580464351,0.9768754898956683,1,1,179,3,3,0,0,0,1,intermittent,No-age
182,2,posterior,26,0,0.0,0.0,0,0,0,0,0,0,0,0,0,intermittent,No-age
183,1,local,32,3,1.014231424979406,0.9985942003633531,1,1,181,4,4,0,0,0,1,intermittent,No-age
183,2,local,24,0,0.0,0.0,0,0,0,0,0,0,0,0,0,intermittent,No-age
183,1,posterior,25,3,0.9445259737707209,0.9394715024766218,1,1,181,4,4,0,0,0,1,intermittent,No-age
183,2,posterior,25,3,0.9445259737707219,0.9394715024766228,1,1,181,4,4,0,0,0,1,intermittent,No-age
184,1,local,35,2,0.9948789781309437,0.9934289918810025,1,1,181,2,2,0,0,0,1,intermittent,No-age
184,2,local,23,1,0.5708412812751471,0.5708412812751471,0,1,181,1,1,0,0,0,1,intermittent,No-age
184,1,posterior,34,2,0.9226180114264121,0.9214138325530943,1,1,181,2,2,0,0,0,1,intermittent,No-age
184,2,posterior,34,2,0.9226180114264131,0.9214138325530953,1,1,181,2,2,0,0,0,1,intermittent,No-age
185,1,local,28,2,0.9955845798137608,0.9942296255733588,1,1,182,2,2,0,0,0,1,intermittent,No-age
185,2,local,28,1,0.5095510512610713,0.5095510512610713,0,1,182,1,1,0,0,0,1,intermittent,No-age
185,1,posterior,23,1,0.9233888256508522,0.9233888256508522,0,1,182,1,1,0,0,0,1,intermittent,No-age
185,2,posterior,23,1,0.9233888256508535,0.9233888256508535,0,1,182,1,1,0,0,0,1,intermittent,No-age
186,1,local,24,2,0.9980987053646463,0.996777679540866,1,1,183,2,2,0,0,0,1,intermittent,No-age
186,2,local,23,1,0.7863431144470199,0.7863431144470199,0,1,183,1,1,0,0,0,1,intermittent,No-age
186,1,posterior,22,2,0.9599604447575354,0.9588110730474735,1,1,183,2,2,0,0,0,1,intermittent,No-age
186,2,posterior,22,2,0.959960444757535,0.958811073047473,1,1,183,2,2,0,0,0,1,intermittent,No-age
187,1,local,24,2,0.9993290433147276,0.998067626282329,1,1,184,2,2,0,0,0,1,intermittent,No-age
187,2,local,23,0,0.0,0.0,0,0,0,0,0,0,0,0,0,intermittent,No-age
187,1,posterior,24,2,0.9993290433147276,0.998067626282329,1,1,184,2,2,0,0,0,1,intermittent,No-age
187,2,posterior,18,1,0.9898004544174321,0.9898004544174321,0,1,184,1,1,0,0,0,1,intermittent,No-age
188,1,local,23,2,1.0008985996843471,0.9997214182707718,1,1,185,2,2,0,0,0,1,intermittent,No-age
188,2,local,21,1,0.9978665702605009,0.9978665702605009,0,1,185,1,1,0,0,0,1,intermittent,No-age
188,1,posterior,19,1,0.9988259338737026,0.9988259338737026,0,1,185,1,1,0,0,0,1,intermittent,No-age
188,2,posterior,19,1,0.9988259338737026,0.9988259338737026,0,1,185,1,1,0,0,0,1,intermittent,No-age
189,1,local,24,2,1.0007039801899347,0.9995093497190577,1,1,186,2,2,0,0,0,1,intermittent,No-age
189,2,local,22,1,0.9467447023797512,0.9467447023797512,0,1,186,1,1,0,0,0,1,intermittent,No-age
189,1,posterior,18,1,0.9933673105959361,0.9933673105959361,0,1,186,1,1,0,0,0,1,intermittent,No-age
189,2,posterior,18,1,0.9933673105959361,0.9933673105959361,0,1,186,1,1,0,0,0,1,intermittent,No-age
190,1,local,26,2,1.0003138161246676,0.9990986016910108,1,1,187,2,2,0,0,0,1,intermittent,No-age
190,2,local,19,1,0.9305005475218543,0.9305005475218543,0,1,187,1,1,0,0,0,1,intermittent,No-age
190,1,posterior,24,1,0.9892381776753002,0.9892381776753002,0,1,187,1,1,0,0,0,1,intermittent,No-age
190,2,posterior,24,1,0.9892381776753002,0.9892381776753002,0,1,187,1,1,0,0,0,1,intermittent,No-age
191,1,local,27,2,1.0003579164530771,0.9991342205972688,1,1,188,2,2,0,0,0,1,intermittent,No-age
191,2,local,25,1,0.9264760659719168,0.9264760659719168,0,1,188,1,1,0,0,0,1,intermittent,No-age
191,1,posterior,26,1,0.9883727740097098,0.9883727740097098,0,1,188,1,1,0,0,0,1,intermittent,No-age
191,2,posterior,26,1,0.9883727740097098,0.9883727740097098,0,1,188,1,1,0,0,0,1,intermittent,No-age
192,1,local,29,2,1.0003267084218985,0.9990977087089826,1,1,189,2,2,0,0,0,1,intermittent,No-age
192,2,local,25,0,0.0,0.0,0,0,0,0,0,0,0,0,0,intermittent,No-age
192,1,posterior,28,2,0.9918862954155359,0.9907776862758293,1,1,189,2,2,0,0,0,1,intermittent,No-age
192,2,posterior,28,2,0.9918862954155359,0.9907776862758293,1,1,189,2,2,0,0,0,1,intermittent,No-age
193,1,local,28,2,1.0006944722819635,0.9994477207475958,1,1,190,2,2,0,0,0,1,intermittent,No-age
193,2,local,28,0,0.0,0.0,0,0,0,0,0,0,0,0,0,intermittent,No-age
193,1,posterior,28,1,0.9953728470237877,0.9953728470237877,0,1,190,1,1,0,0,0,1,intermittent,No-age
193,2,posterior,28,1,0.9953728470237877,0.9953728470237877,0,1,190,1,1,0,0,0,1,intermittent,No-age
194,1,local,32,2,1.0119937722499353,0.9993989995227023,1,1,191,2,2,0,0,0,1,intermittent,No-age
194,2,local,26,1,0.8711057160023512,0.8711057160023512,0,1,191,1,1,0,0,0,1,intermittent,No-age
194,1,posterior,30,2,0.9935297957685583,0.9899692577210143,1,1,191,2,2,0,0,0,1,intermittent,No-age
194,2,posterior,30,2,0.993529795768558,0.9899692577210141,1,1,191,2,2,0,0,0,1,intermittent,No-age
195,1,local,24,2,0.99926886916174,0.9979896257402753,1,1,192,2,2,0,0,0,1,intermittent,No-age
195,2,local,24,1,0.8310083458301046,0.8310083458301046,0,1,192,1,1,0,0,0,1,intermittent,No-age
195,1,posterior,23,2,0.9783748454757601,0.9772437993175399,1,1,192,2,2,0,0,0,1,intermittent,No-age
195,2,posterior,23,2,0.9783748454757604,0.9772437993175401,1,1,192,2,2,0,0,0,1,intermittent,No-age
196,1,local,24,2,0.9988811585235976,0.9976248166986074,1,1,193,2,2,0,0,0,1,intermittent,No-age
196,2,local,22,1,0.748377925222814,0.748377925222814,0,1,193,1,1,0,0,0,1,intermittent,No-age
196,1,posterior,28,2,0.9708705200703047,0.9697496453228848,1,1,193,2,2,0,0,0,1,intermittent,No-age
196,2,posterior,28,2,0.9708705200703047,0.9697496453228848,1,1,193,2,2,0,0,0,1,intermittent,No-age
197,1,local,23,2,0.9998155310930261,0.9985652791761893,1,1,194,2,2,0,0,0,1,intermittent,No-age
197,2,local,21,1,0.7061643970187634,0.7061643970187634,0,1,194,1,1,0,0,0,1,intermittent,No-age
197,1,posterior,18,1,0.9741531994093551,0.9741531994093551,0,1,194,1,1,0,0,0,1,intermittent,No-age
197,2,posterior,18,1,0.9741531994093551,0.9741531994093551,0,1,194,1,1,0,0,0,1,intermittent,No-age
198,1,local,21,2,0.9994795367182553,0.9982374980697177,1,1,195,2,2,0,0,0,1,intermittent,No-age
198,2,local,19,1,0.7304516584070776,0.7304516584070776,0,1,195,1,1,0,0,0,1,intermittent,No-age
198,1,posterior,20,2,0.9742842017433215,0.9731697265568725,1,1,195,2,2,0,0,0,1,intermittent,No-age
198,2,posterior,20,2,0.974284201743322,0.973169726556873,1,1,195,2,2,0,0,0,1,intermittent,No-age
199,1,local,26,1,0.9983106307065281,0.9983106307065281,0,1,196,1,1,0,0,0,1,intermittent,No-age
199,2,local,21,1,0.7249030669778973,0.7249030669778973,0,1,196,1,1,0,0,0,1,intermittent,No-age
199,1,posterior,25,1,0.9736326230699822,0.9736326230699822,0,1,196,1,1,0,0,0,1,intermittent,No-age
199,2,posterior,21,1,0.7249030669778973,0.7249030669778973,0,1,196,1,1,0,0,0,1,intermittent,No-age
200,1,local,29,2,0.9983648679100108,0.9971196285471008,1,1,197,2,2,0,0,0,1,intermittent,No-age
200,2,local,23,1,0.2026633716206395,0.2026633716206395,0,1,197,1,1,0,0,0,1,intermittent,No-age
200,1,posterior,29,2,0.9983648679100108,0.9971196285471008,1,1,197,2,2,0,0,0,1,intermittent,No-age
200,2,posterior,23,2,0.8880010550118328,0.8868851445719972,1,1,197,2,2,0,0,0,1,intermittent,No-age
201,1,local,33,1,0.9997559395120978,0.9997559395120978,0,1,198,1,1,0,0,0,1,intermittent,No-age
201,2,local,19,1,0.41853082254821783,0.41853082254821783,0,1,198,1,1,0,0,0,1,intermittent,No-age
201,1,posterior,28,1,0.9794096044615849,0.9794096044615849,0,1,198,1,1,0,0,0,1,intermittent,No-age
201,2,posterior,28,1,0.9794096044615849,0.9794096044615849,0,1,198,1,1,0,0,0,1,intermittent,No-age
202,1,local,32,2,0.9992699585207971,0.998038054433227,1,1,199,2,2,0,0,0,1,intermittent,No-age
202,2,local,23,1,0.76140215271322,0.76140215271322,0,1,199,1,1,0,0,0,1,intermittent,No-age
202,1,posterior,29,2,0.975116869896665,0.9740069514373098,1,1,199,2,2,0,0,0,1,intermittent,No-age
202,2,posterior,29,2,0.975116869896665,0.9740069514373098,1,1,199,2,2,0,0,0,1,intermittent,No-age
203,1,local,30,2,1.00025750506485,0.999009404088377,1,1,200,2,2,0,0,0,1,intermittent,No-age
203,2,local,26,1,0.7296218942373817,0.7296218942373817,0,1,200,1,1,0,0,0,1,intermittent,No-age
203,1,posterior,28,1,0.9797246572575523,0.9797246572575523,0,1,200,1,1,0,0,0,1,intermittent,No-age
203,2,posterior,26,1,0.7296218942373817,0.7296218942373817,0,1,200,1,1,0,0,0,1,intermittent,No-age
204,1,local,28,2,0.999055834252631,0.9978224437594773,1,1,201,2,2,0,0,0,1,intermittent,No-age
204,2,local,22,1,0.2064336803091421,0.2064336803091421,0,1,201,1,1,0,0,0,1,intermittent,No-age
204,1,posterior,24,2,0.9020042240898325,0.9008936361409325,1,1,201,2,2,0,0,0,1,intermittent,No-age
204,2,posterior,24,2,0.9020042240898325,0.9008936361409325,1,1,201,2,2,0,0,0,1,intermittent,No-age
205,1,local,29,2,0.9962127228565599,0.9948396816555249,1,1,202,2,2,0,0,0,1,intermittent,No-age
205,2,local,24,1,0.4520363188612927,0.4520363188612927,0,1,202,1,1,0,0,0,1,intermittent,No-age
205,1,posterior,26,2,0.9214555499601863,0.9202837642457762,1,1,202,2,2,0,0,0,1,intermittent,No-age
205,2,posterior,26,2,0.9214555499601863,0.9202837642457762,1,1,202,2,2,0,0,0,1,intermittent,No-age
206,1,local,29,2,0.9969083402360586,0.9955808726935894,1,1,203,2,2,0,0,0,1,intermittent,No-age
206,2,local,27,1,0.5060796915032173,0.5060796915032173,0,1,203,1,1,0,0,0,1,intermittent,No-age
206,1,posterior,29,2,0.9969083402360586,0.9955808726935894,1,1,203,2,2,0,0,0,1,intermittent,No-age
206,2,posterior,26,1,0.9333503545829435,0.9333503545829435,0,1,203,1,1,0,0,0,1,intermittent,No-age
207,1,local,29,2,1.0004837280155292,0.999302697371866,1,1,204,2,2,0,0,0,1,intermittent,No-age
207,2,local,28,1,0.5487530133929158,0.5487530133929158,0,1,204,1,1,0,0,0,1,intermittent,No-age
207,1,posterior,26,1,0.9739476626578015,0.9739476626578015,0,1,204,1,1,0,0,0,1,intermittent,No-age
207,2,posterior,26,1,0.9739476626578015,0.9739476626578015,0,1,204,1,1,0,0,0,1,intermittent,No-age
208,1,local,30,2,1.0002135117731552,0.9989841601904806,1,1,205,2,2,0,0,0,1,intermittent,No-age
208,2,local,26,1,0.7292859746264224,0.7292859746264224,0,1,205,1,1,0,0,0,1,intermittent,No-age
208,1,posterior,25,2,0.9807283735333601,0.9796196056852472,1,1,205,2,2,0,0,0,1,intermittent,No-age
208,2,posterior,25,2,0.9807283735333598,0.979619605685247,1,1,205,2,2,0,0,0,1,intermittent,No-age
209,1,local,30,2,1.0001073532939233,0.9988807895707169,1,1,206,2,2,0,0,0,1,intermittent,No-age
209,2,local,24,1,0.7626860386468113,0.7626860386468113,0,1,206,1,1,0,0,0,1,intermittent,No-age
209,1,posterior,27,1,0.9803232692084196,0.9803232692084196,0,1,206,1,1,0,0,0,1,intermittent,No-age
209,2,posterior,27,1,0.9803232692084192,0.9803232692084192,0,1,206,1,1,0,0,0,1,intermittent,No-age
210,1,local,31,2,0.9995023282745169,0.9982703775938255,1,1,207,2,2,0,0,0,1,intermittent,No-age
210,2,local,27,1,0.7670156879052694,0.7670156879052694,0,1,207,1,1,0,0,0,1,intermittent,No-age
210,1,posterior,28,1,0.9758828149699939,0.9758828149699939,0,1,207,1,1,0,0,0,1,intermittent,No-age
210,2,posterior,28,1,0.9758828149699936,0.9758828149699936,0,1,207,1,1,0,0,0,1,intermittent,No-age
211,1,local,30,2,0.999756281889022,0.9984880391425061,1,1,208,2,2,0,0,0,1,intermittent,No-age
211,2,local,26,1,0.7403906393189837,0.7403906393189837,0,1,208,1,1,0,0,0,1,intermittent,No-age
211,1,posterior,26,1,0.9757433977512954,0.9757433977512954,0,1,208,1,1,0,0,0,1,intermittent,No-age
211,2,posterior,26,1,0.9757433977512954,0.9757433977512954,0,1,208,1,1,0,0,0,1,intermittent,No-age
212,1,local,30,2,1.0004117618055008,0.9991582718454347,1,1,209,2,2,0,0,0,1,intermittent,No-age
212,2,local,24,1,0.7395808081638716,0.7395808081638716,0,1,209,1,1,0,0,0,1,intermittent,No-age
212,1,posterior,24,1,0.9817416860047671,0.9817416860047671,0,1,209,1,1,0,0,0,1,intermittent,No-age
212,2,posterior,24,1,0.9817416860047671,0.9817416860047671,0,1,209,1,1,0,0,0,1,intermittent,No-age
213,1,local,30,1,0.9991746676399952,0.9991746676399952,0,1,210,1,1,0,0,0,1,intermittent,No-age
213,2,local,19,1,0.9501716494878463,0.9501716494878463,0,1,210,1,1,0,0,0,1,intermittent,No-age
213,1,posterior,28,1,0.9897822907686094,0.9897822907686094,0,1,210,1,1,0,0,0,1,intermittent,No-age
213,2,posterior,28,1,0.9897822907686094,0.9897822907686094,0,1,210,1,1,0,0,0,1,intermittent,No-age
214,1,local,31,2,1.0007318251050272,0.9994973581793078,1,1,211,2,2,0,0,0,1,intermittent,No-age
214,2,local,26,0,0.0,0.0,0,0,0,0,0,0,0,0,0,intermittent,No-age
214,1,posterior,23,1,0.9944734143404586,0.9944734143404586,0,1,211,1,1,0,0,0,1,intermittent,No-age
214,2,posterior,23,1,0.9944734143404586,0.9944734143404586,0,1,211,1,1,0,0,0,1,intermittent,No-age
215,1,local,30,2,1.0006518500873363,0.9993569114724352,1,1,212,2,2,0,0,0,1,intermittent,No-age
215,2,local,22,0,0.0,0.0,0,0,0,0,0,0,0,0,0,intermittent,No-age
215,1,posterior,28,1,0.9969518492174169,0.9969518492174169,0,1,212,1,1,0,0,0,1,intermittent,No-age
215,2,posterior,28,1,0.9969518492174169,0.9969518492174169,0,1,212,1,1,0,0,0,1,intermittent,No-age
216,1,local,25,2,1.0001061987782376,0.9986641301120004,1,1,213,2,2,0,0,0,1,intermittent,No-age
216,2,local,29,1,0.8837608428310118,0.8837608428310118,0,1,213,1,1,0,0,0,1,intermittent,No-age
216,1,posterior,24,2,0.9850254362063166,0.9839120950168098,1,1,213,3,3,0,0,0,1,intermittent,No-age
216,2,posterior,24,2,0.9850254362063163,0.9839120950168095,1,1,213,3,3,0,0,0,1,intermittent,No-age
217,1,local,24,2,0.9999260245829763,0.9985826404389625,1,1,214,2,2,0,0,0,1,intermittent,No-age
217,2,local,25,1,0.7897825582430943,0.7897825582430943,0,1,214,1,1,0,0,0,1,intermittent,No-age
217,1,posterior,23,1,0.9777202797833467,0.9777202797833467,0,1,214,1,1,0,0,0,1,intermittent,No-age
217,2,posterior,25,1,0.7897825582430943,0.7897825582430943,0,1,214,1,1,0,0,0,1,intermittent,No-age
218,1,local,25,2,0.999207700323003,0.9979280879762594,1,1,215,2,2,0,0,0,1,intermittent,No-age
218,2,local,20,1,0.2638794674218858,0.2638794674218858,0,1,215,1,1,0,0,0,1,intermittent,No-age
218,1,posterior,19,1,0.9050661076440113,0.9050661076440113,0,1,215,1,1,0,0,0,1,intermittent,No-age
218,2,posterior,19,1,0.9050661076440125,0.9050661076440125,0,1,215,1,1,0,0,0,1,intermittent,No-age
219,1,local,24,2,0.9949189153496198,0.9935218637907943,1,1,216,2,2,0,0,0,1,intermittent,No-age
219,2,local,19,1,0.4628511320863439,0.4628511320863439,0,1,216,1,1,0,0,0,1,intermittent,No-age
219,1,posterior,21,1,0.911859218136826,0.911859218136826,0,1,216,1,1,0,0,0,1,intermittent,No-age
219,2,posterior,21,1,0.9118592181368274,0.9118592181368274,0,1,216,1,1,0,0,0,1,intermittent,No-age
220,1,local,24,2,0.9981147663335561,0.9967706007909488,1,1,217,2,2,0,0,0,1,intermittent,No-age
220,2,local,24,1,0.48137582402864737,0.48137582402864737,0,1,217,1,1,0,0,0,1,intermittent,No-age
220,1,posterior,20,1,0.9395649620310864,0.9395649620310864,0,1,217,1,1,0,0,0,1,intermittent,No-age
220,2,posterior,20,1,0.9395649620310864,0.9395649620310864,0,1,217,1,1,0,0,0,1,intermittent,No-age
221,1,local,22,2,0.9989361519699914,0.9976449464533006,1,1,218,2,2,0,0,0,1,intermittent,No-age
221,2,local,21,1,0.5711899990260669,0.5711899990260669,0,1,218,1,1,0,0,0,1,intermittent,No-age
221,1,posterior,17,1,0.9564488550401399,0.9564488550401399,0,1,218,1,1,0,0,0,1,intermittent,No-age
221,2,posterior,17,1,0.9564488550401404,0.9564488550401404,0,1,218,1,1,0,0,0,1,intermittent,No-age
222,1,local,22,2,0.9990348852719515,0.9977701105094896,1,1,219,2,2,0,0,0,1,intermittent,No-age
222,2,local,20,1,0.6406348387223878,0.6406348387223878,0,1,219,1,1,0,0,0,1,intermittent,No-age
222,1,posterior,22,2,0.9990348852719515,0.9977701105094896,1,1,219,2,2,0,0,0,1,intermittent,No-age
222,2,posterior,19,1,0.9631664259620504,0.9631664259620504,0,1,219,1,1,0,0,0,1,intermittent,No-age
223,1,local,22,2,1.0007072732592046,0.9995253922273339,1,1,220,2,2,0,0,0,1,intermittent,No-age
223,2,local,21,1,0.6723617297481865,0.6723617297481865,0,1,220,1,1,0,0,0,1,intermittent,No-age
223,1,posterior,18,1,0.9833212629931396,0.9833212629931396,0,1,220,1,1,0,0,0,1,intermittent,No-age
223,2,posterior,18,1,0.9833212629931396,0.9833212629931396,0,1,220,1,1,0,0,0,1,intermittent,No-age
224,1,local,23,2,0.999381892209008,0.9981497029248041,1,1,221,2,2,0,0,0,1,intermittent,No-age
224,2,local,20,1,0.7859535919447537,0.7859535919447537,0,1,221,1,1,0,0,0,1,intermittent,No-age
224,1,posterior,23,2,0.999381892209008,0.9981497029248041,1,1,221,2,2,0,0,0,1,intermittent,No-age
224,2,posterior,20,1,0.9764717996423513,0.9764717996423513,0,1,221,1,1,0,0,0,1,intermittent,No-age
225,1,local,23,2,1.0006986704037053,0.9995203119078064,1,1,222,2,2,0,0,0,1,intermittent,No-age
225,2,local,22,1,0.7438289524085356,0.7438289524085356,0,1,222,1,1,0,0,0,1,intermittent,No-age
225,1,posterior,20,1,0.985932666461305,0.985932666461305,0,1,222,1,1,0,0,0,1,intermittent,No-age
225,2,posterior,20,1,0.985932666461305,0.985932666461305,0,1,222,1,1,0,0,0,1,intermittent,No-age
226,1,local,24,2,1.0001218544528634,0.9989035904689483,1,1,223,2,2,0,0,0,1,intermittent,No-age
226,2,local,21,1,0.8031278379011801,0.8031278379011801,0,1,223,1,1,0,0,0,1,intermittent,No-age
226,1,posterior,22,1,0.9827273063263819,0.9827273063263819,0,1,223,1,1,0,0,0,1,intermittent,No-age
226,2,posterior,22,1,0.9827273063263818,0.9827273063263818,0,1,223,1,1,0,0,0,1,intermittent,No-age
227,1,local,25,2,1.000533601825641,0.9993070331208923,1,1,224,2,2,0,0,0,1,intermittent,No-age
227,2,local,22,1,0.7821370426963332,0.7821370426963332,0,1,224,1,1,0,0,0,1,intermittent,No-age
227,1,posterior,25,2,1.000533601825641,0.9993070331208923,1,1,224,2,2,0,0,0,1,intermittent,No-age
227,2,posterior,26,1,0.985258340234603,0.985258340234603,0,1,224,1,1,0,0,0,1,intermittent,No-age
228,1,local,26,2,1.000766800887549,0.999590702449505,1,1,225,2,2,0,0,0,1,intermittent,No-age
228,2,local,22,1,0.7986303709366169,0.7986303709366169,0,1,225,1,1,0,0,0,1,intermittent,No-age
228,1,posterior,25,2,0.9899080295642273,0.988823544967277,1,1,225,2,2,0,0,0,1,intermittent,No-age
228,2,posterior,25,2,0.9899080295642273,0.988823544967277,1,1,225,2,2,0,0,0,1,intermittent,No-age
229,1,local,28,2,1.0004065735996641,0.9991975352258733,1,1,226,2,2,0,0,0,1,intermittent,No-age
229,2,local,21,1,0.8229236262240591,0.8229236262240591,0,1,226,1,1,0,0,0,1,intermittent,No-age
229,1,posterior,25,1,0.9861245719691895,0.9861245719691895,0,1,226,1,1,0,0,0,1,intermittent,No-age
229,2,posterior,25,1,0.9861245719691892,0.9861245719691892,0,1,226,1,1,0,0,0,1,intermittent,No-age
230,1,local,29,2,1.0004157683341082,0.9991978336660307,1,1,227,2,2,0,0,0,1,intermittent,No-age
230,2,local,21,1,0.8044159051476512,0.8044159051476512,0,1,227,1,1,0,0,0,1,intermittent,No-age
230,1,posterior,27,2,0.9863039948069843,0.9852003881039872,1,1,227,2,2,0,0,0,1,intermittent,No-age
230,2,posterior,27,2,0.986303994806984,0.985200388103987,1,1,227,2,2,0,0,0,1,intermittent,No-age
231,1,local,29,2,0.9997476040173263,0.9985263814445361,1,1,228,2,2,0,0,0,1,intermittent,No-age
231,2,local,21,1,0.7982459190047884,0.7982459190047884,0,1,228,1,1,0,0,0,1,intermittent,No-age
231,1,posterior,27,2,0.9807276854766259,0.9796225899718052,1,1,228,2,2,0,0,0,1,intermittent,No-age
231,2,posterior,27,2,0.9807276854766259,0.9796225899718052,1,1,228,2,2,0,0,0,1,intermittent,No-age
232,1,local,28,2,0.9999943463370934,0.9987639535423214,1,1,229,2,2,0,0,0,1,intermittent,No-age
232,2,local,23,1,0.7627043057035363,0.7627043057035363,0,1,229,1,1,0,0,0,1,intermittent,No-age
232,1,posterior,28,2,0.9803806418892841,0.9792714045425015,1,1,229,2,2,0,0,0,1,intermittent,No-age
232,2,posterior,28,2,0.9803806418892841,0.9792714045425015,1,1,229,2,2,0,0,0,1,intermittent,No-age
233,1,local,29,2,1.0004450675312797,0.9992130663492116,1,1,230,2,2,0,0,0,1,intermittent,No-age
233,2,local,23,1,0.76055929873023,0.76055929873023,0,1,230,1,1,0,0,0,1,intermittent,No-age
233,1,posterior,24,2,0.984396788955901,0.9832868267520617,1,1,230,2,2,0,0,0,1,intermittent,No-age
233,2,posterior,24,2,0.9843967889559012,0.9832868267520619,1,1,230,2,2,0,0,0,1,intermittent,No-age
234,1,local,29,2,0.9997005315789871,0.9984746993381979,1,1,231,2,2,0,0,0,1,intermittent,No-age
234,2,local,19,1,0.7857314268016472,0.7857314268016472,0,1,231,1,1,0,0,0,1,intermittent,No-age
234,1,posterior,26,2,0.9795679082181701,0.9784607287672441,1,1,231,2,2,0,0,0,1,intermittent,No-age
234,2,posterior,26,2,0.9795679082181699,0.9784607287672439,1,1,231,2,2,0,0,0,1,intermittent,No-age
235,1,local,29,2,1.0001012205432325,0.9988692418568285,1,1,232,2,2,0,0,0,1,intermittent,No-age
235,2,local,21,1,0.7556477551114581,0.7556477551114581,0,1,232,1,1,0,0,0,1,intermittent,No-age
235,1,posterior,27,2,0.9808785438560867,0.9797685917871817,1,1,232,2,2,0,0,0,1,intermittent,No-age
235,2,posterior,27,2,0.9808785438560865,0.9797685917871815,1,1,232,2,2,0,0,0,1,intermittent,No-age
236,1,local,25,2,1.0005014738440547,0.9992701103917112,1,1,233,2,2,0,0,0,1,intermittent,No-age
236,2,local,22,1,0.7635991807717054,0.7635991807717054,0,1,233,1,1,0,0,0,1,intermittent,No-age
236,1,posterior,24,2,0.9851367271597392,0.9840270523070389,1,1,233,2,2,0,0,0,1,intermittent,No-age
236,2,posterior,24,2,0.985136727159739,0.9840270523070387,1,1,233,2,2,0,0,0,1,intermittent,No-age
237,1,local,24,2,0.9995831517069856,0.998358418489241,1,1,234,2,2,0,0,0,1,intermittent,No-age
237,2,local,23,1,0.7905313561562725,0.7905313561562725,0,1,234,1,1,0,0,0,1,intermittent,No-age
237,1,posterior,22,2,0.9790931663591681,0.9779864834006398,1,1,234,2,2,0,0,0,1,intermittent,No-age
237,2,posterior,22,2,0.9790931663591681,0.9779864834006398,1,1,234,2,2,0,0,0,1,intermittent,No-age
238,1,local,25,2,1.0004753295291309,0.9992415103598639,1,1,235,2,2,0,0,0,1,intermittent,No-age
238,2,local,22,1,0.7528000782801668,0.7528000782801668,0,1,235,1,1,0,0,0,1,intermittent,No-age
238,1,posterior,20,1,0.983240625567088,0.983240625567088,0,1,235,1,1,0,0,0,1,intermittent,No-age
238,2,posterior,20,1,0.983240625567088,0.983240625567088,0,1,235,1,1,0,0,0,1,intermittent,No-age
239,1,local,25,2,1.0003726367998969,0.9991463567823989,1,1,236,2,2,0,0,0,1,intermittent,No-age
239,2,local,20,1,0.7854335330132848,0.7854335330132848,0,1,236,1,1,0,0,0,1,intermittent,No-age
239,1,posterior,24,2,0.9848862700129489,0.9837788883390572,1,1,236,2,2,0,0,0,1,intermittent,No-age
239,2,posterior,24,2,0.9848862700129489,0.9837788883390572,1,1,236,2,2,0,0,0,1,intermittent,No-age
240,1,local,23,2,1.0006847022413885,0.9994587940010051,1,1,237,2,2,0,0,0,1,intermittent,No-age
240,2,local,24,1,0.7889164432610957,0.7889164432610957,0,1,237,1,1,0,0,0,1,intermittent,No-age
240,1,posterior,19,1,0.9871714995698542,0.9871714995698542,0,1,237,1,1,0,0,0,1,intermittent,No-age
240,2,posterior,19,1,0.9871714995698542,0.9871714995698542,0,1,237,1,1,0,0,0,1,intermittent,No-age
